ts,sport,event_id,commence_time,home,away,market,player,point,side,book,price,ev_pct,fair_prob,fair_source,n_books,hours_to_kick,bettable,gate_note
2026-09-18T18:04:00Z,football_nfl,32637,2026-09-20T17:00:00Z,CHI Bears,MIN Vikings,player_pass_completions,Caleb Williams,19.5,Under,bovada,100,3.42,0.5171,pinnacle,5,46.9,False,ev +3.4 fair 0.517 pinnacle 5b
2026-09-18T18:04:00Z,football_nfl,32637,2026-09-20T17:00:00Z,CHI Bears,MIN Vikings,player_pass_completions,Caleb Williams,19.5,Under,draftkings,100,3.42,0.5171,pinnacle,5,46.9,False,ev +3.4 fair 0.517 pinnacle 5b
2026-09-18T18:04:00Z,football_nfl,32637,2026-09-20T17:00:00Z,CHI Bears,MIN Vikings,player_receptions,Justin Jefferson,6.5,Over,kalshi,133,5.83,0.4542,pinnacle,8,46.9,False,ev +5.8 fair 0.454 pinnacle 8b
2026-09-18T18:04:00Z,football_nfl,32637,2026-09-20T17:00:00Z,CHI Bears,MIN Vikings,player_receptions,T.J. Hockenson,3.5,Over,kalshi,108,4.0,0.5,pinnacle,10,46.9,False,ev +4.0 fair 0.500 pinnacle 10b
2026-09-18T18:04:00Z,football_nfl,32640,2026-09-20T17:00:00Z,HOU Texans,CIN Bengals,player_reception_yds,Dalton Schultz,41.5,Under,bovada,115,7.5,0.5,pinnacle,4,46.9,False,ev +7.5 fair 0.500 pinnacle 4b
2026-09-18T18:04:00Z,football_nfl,32640,2026-09-20T17:00:00Z,HOU Texans,CIN Bengals,player_receptions,Chase Brown,3.5,Under,bovada,105,5.41,0.5142,pinnacle,10,46.9,False,ev +5.4 fair 0.514 pinnacle 10b
2026-09-18T18:04:00Z,football_nfl,32640,2026-09-20T17:00:00Z,HOU Texans,CIN Bengals,player_receptions,Chase Brown,3.5,Under,draftkings,103,4.38,0.5142,pinnacle,10,46.9,False,ev +4.4 fair 0.514 pinnacle 10b
2026-09-18T18:04:00Z,football_nfl,32640,2026-09-20T17:00:00Z,HOU Texans,CIN Bengals,player_receptions,David Montgomery,1.5,Under,kalshi,156,4.44,0.408,pinnacle,8,46.9,False,ev +4.4 fair 0.408 pinnacle 8b
2026-09-18T18:04:00Z,football_nfl,32640,2026-09-20T17:00:00Z,HOU Texans,CIN Bengals,player_receptions,Xavier Hutchinson,2.5,Under,kalshi,122,3.84,0.4677,pinnacle,8,46.9,False,ev +3.8 fair 0.468 pinnacle 8b
2026-09-18T18:04:00Z,football_nfl,32640,2026-09-20T17:00:00Z,HOU Texans,CIN Bengals,player_rush_attempts,Chase Brown,14.5,Over,underdog,100,8.38,0.5419,pinnacle,3,46.9,False,ev +8.4 fair 0.542 pinnacle 3b
2026-09-18T18:04:00Z,football_nfl,32636,2026-09-20T17:00:00Z,NY Jets,GB Packers,player_receptions,Chris Brooks,1.5,Over,kalshi,144,7.11,0.439,pinnacle,8,46.9,False,ev +7.1 fair 0.439 pinnacle 8b
2026-09-18T18:04:00Z,football_nfl,32636,2026-09-20T17:00:00Z,NY Jets,GB Packers,player_receptions,Chris Brooks,1.5,Over,bovada,135,3.16,0.439,pinnacle,8,46.9,False,ev +3.2 fair 0.439 pinnacle 8b
2026-09-18T18:04:00Z,football_nfl,32636,2026-09-20T17:00:00Z,NY Jets,GB Packers,player_receptions,Chris Brooks,1.5,Over,draftkings,135,3.16,0.439,pinnacle,8,46.9,False,ev +3.2 fair 0.439 pinnacle 8b
2026-09-18T18:04:00Z,football_nfl,32642,2026-09-20T20:05:00Z,LA Chargers,LV Raiders,player_receptions,Omarion Hampton,2.5,Over,kalshi,170,4.2,0.3859,pinnacle,8,50.0,False,ev +4.2 fair 0.386 pinnacle 8b
2026-09-18T18:04:00Z,football_nfl,32645,2026-09-20T20:25:00Z,ARI Cardinals,SEA Seahawks,player_receptions,AJ Barner,2.5,Under,underdog,-105,3.12,0.5282,pinnacle,8,50.4,False,ev +3.1 fair 0.528 pinnacle 8b
2026-09-18T18:04:00Z,football_nfl,32644,2026-09-20T20:25:00Z,DAL Cowboys,WAS Commanders,player_pass_attempts,Jayden Daniels,29.5,Over,underdog,-102,4.6,0.5282,pinnacle,5,50.4,False,ev +4.6 fair 0.528 pinnacle 5b
2026-09-18T18:04:00Z,football_nfl,32644,2026-09-20T20:25:00Z,DAL Cowboys,WAS Commanders,player_pass_completions,Jayden Daniels,19.5,Over,underdog,-112,5.85,0.5592,pinnacle,7,50.4,False,ev +5.8 fair 0.559 pinnacle 7b
2026-09-18T18:04:00Z,football_nfl,32644,2026-09-20T20:25:00Z,DAL Cowboys,WAS Commanders,player_pass_completions,Jayden Daniels,19.5,Over,draftkings,-114,4.97,0.5592,pinnacle,7,50.4,False,ev +5.0 fair 0.559 pinnacle 7b
2026-09-18T18:04:00Z,football_nfl,32644,2026-09-20T20:25:00Z,DAL Cowboys,WAS Commanders,player_pass_completions,Jayden Daniels,19.5,Over,hardrock,-115,4.55,0.5592,pinnacle,7,50.4,True,ev +4.5 fair 0.559 pinnacle 7b
2026-09-18T18:04:00Z,football_nfl,32644,2026-09-20T20:25:00Z,DAL Cowboys,WAS Commanders,player_pass_completions,Jayden Daniels,19.5,Over,bovada,-115,4.55,0.5592,pinnacle,7,50.4,False,ev +4.5 fair 0.559 pinnacle 7b
2026-09-18T18:04:00Z,football_nfl,32644,2026-09-20T20:25:00Z,DAL Cowboys,WAS Commanders,player_receptions,Rachaad White,2.5,Under,hardrock,-150,5.59,0.6335,kalshi,5,50.4,True,ev +5.6 fair 0.633 kalshi 5b
2026-09-18T18:04:00Z,football_nfl,32643,2026-09-20T20:25:00Z,SF 49ers,MIA Dolphins,player_receptions,De'Von Achane,4.5,Over,kalshi,144,5.07,0.4306,pinnacle,6,50.4,False,ev +5.1 fair 0.431 pinnacle 6b
2026-09-18T18:04:00Z,football_nfl,32646,2026-09-21T00:20:00Z,KC Chiefs,IND Colts,player_receptions,Tyquan Thornton,1.5,Over,kalshi,170,3.45,0.3831,pinnacle,9,54.3,False,ev +3.5 fair 0.383 pinnacle 9b
2026-09-18T18:30:22Z,football_nfl,32637,2026-09-20T17:00:00Z,CHI Bears,MIN Vikings,player_pass_completions,Caleb Williams,19.5,Under,bovada,100,3.42,0.5171,pinnacle,5,46.5,False,ev +3.4 fair 0.517 pinnacle 5b
2026-09-18T18:30:22Z,football_nfl,32637,2026-09-20T17:00:00Z,CHI Bears,MIN Vikings,player_pass_completions,Caleb Williams,19.5,Under,draftkings,100,3.42,0.5171,pinnacle,5,46.5,False,ev +3.4 fair 0.517 pinnacle 5b
2026-09-18T18:30:22Z,football_nfl,32637,2026-09-20T17:00:00Z,CHI Bears,MIN Vikings,player_receptions,Justin Jefferson,6.5,Over,kalshi,133,5.83,0.4542,pinnacle,8,46.5,False,ev +5.8 fair 0.454 pinnacle 8b
2026-09-18T18:30:22Z,football_nfl,32637,2026-09-20T17:00:00Z,CHI Bears,MIN Vikings,player_receptions,T.J. Hockenson,3.5,Over,kalshi,108,4.0,0.5,pinnacle,10,46.5,False,ev +4.0 fair 0.500 pinnacle 10b
2026-09-18T18:30:22Z,football_nfl,32640,2026-09-20T17:00:00Z,HOU Texans,CIN Bengals,player_reception_yds,Dalton Schultz,41.5,Under,bovada,115,7.5,0.5,pinnacle,4,46.5,False,ev +7.5 fair 0.500 pinnacle 4b
2026-09-18T18:30:22Z,football_nfl,32640,2026-09-20T17:00:00Z,HOU Texans,CIN Bengals,player_reception_yds,Ja'Marr Chase,75.5,Over,fanatics,-110,5.92,0.5548,pinnacle,7,46.5,False,ev +5.9 fair 0.555 pinnacle 7b
2026-09-18T18:30:22Z,football_nfl,32640,2026-09-20T17:00:00Z,HOU Texans,CIN Bengals,player_reception_yds,Ja'Marr Chase,75.5,Over,underdog,-112,5.02,0.5548,pinnacle,7,46.5,False,ev +5.0 fair 0.555 pinnacle 7b
2026-09-18T18:30:22Z,football_nfl,32640,2026-09-20T17:00:00Z,HOU Texans,CIN Bengals,player_reception_yds,Ja'Marr Chase,75.5,Over,draftkings,-113,4.58,0.5548,pinnacle,7,46.5,False,ev +4.6 fair 0.555 pinnacle 7b
2026-09-18T18:30:22Z,football_nfl,32640,2026-09-20T17:00:00Z,HOU Texans,CIN Bengals,player_reception_yds,Ja'Marr Chase,75.5,Over,fanduel,-114,4.15,0.5548,pinnacle,7,46.5,False,ev +4.2 fair 0.555 pinnacle 7b
2026-09-18T18:30:22Z,football_nfl,32640,2026-09-20T17:00:00Z,HOU Texans,CIN Bengals,player_reception_yds,Ja'Marr Chase,75.5,Over,bovada,-115,3.73,0.5548,pinnacle,7,46.5,False,ev +3.7 fair 0.555 pinnacle 7b
2026-09-18T18:30:22Z,football_nfl,32640,2026-09-20T17:00:00Z,HOU Texans,CIN Bengals,player_receptions,Chase Brown,3.5,Under,bovada,105,5.41,0.5142,pinnacle,10,46.5,False,ev +5.4 fair 0.514 pinnacle 10b
2026-09-18T18:30:22Z,football_nfl,32640,2026-09-20T17:00:00Z,HOU Texans,CIN Bengals,player_receptions,Chase Brown,3.5,Under,draftkings,103,4.38,0.5142,pinnacle,10,46.5,False,ev +4.4 fair 0.514 pinnacle 10b
2026-09-18T18:30:22Z,football_nfl,32640,2026-09-20T17:00:00Z,HOU Texans,CIN Bengals,player_receptions,David Montgomery,1.5,Under,kalshi,156,3.91,0.4059,pinnacle,8,46.5,False,ev +3.9 fair 0.406 pinnacle 8b
2026-09-18T18:30:22Z,football_nfl,32640,2026-09-20T17:00:00Z,HOU Texans,CIN Bengals,player_receptions,Xavier Hutchinson,2.5,Under,kalshi,122,3.84,0.4677,pinnacle,8,46.5,False,ev +3.8 fair 0.468 pinnacle 8b
2026-09-18T18:30:22Z,football_nfl,32640,2026-09-20T17:00:00Z,HOU Texans,CIN Bengals,player_rush_attempts,Chase Brown,14.5,Over,underdog,100,8.38,0.5419,pinnacle,3,46.5,False,ev +8.4 fair 0.542 pinnacle 3b
2026-09-18T18:30:22Z,football_nfl,32639,2026-09-20T17:00:00Z,BAL Ravens,NO Saints,player_reception_yds,Mark Andrews,48.5,Under,underdog,-112,5.85,0.5592,pinnacle,4,46.5,False,ev +5.8 fair 0.559 pinnacle 4b
2026-09-18T18:30:22Z,football_nfl,32639,2026-09-20T17:00:00Z,BAL Ravens,NO Saints,player_reception_yds,Mark Andrews,48.5,Under,fanduel,-114,4.97,0.5592,pinnacle,4,46.5,False,ev +5.0 fair 0.559 pinnacle 4b
2026-09-18T18:30:22Z,football_nfl,32639,2026-09-20T17:00:00Z,BAL Ravens,NO Saints,player_reception_yds,Rashod Bateman,35.5,Under,fanduel,-114,7.97,0.5752,pinnacle,3,46.5,False,ev +8.0 fair 0.575 pinnacle 3b
2026-09-18T18:30:22Z,football_nfl,32639,2026-09-20T17:00:00Z,BAL Ravens,NO Saints,player_receptions,Alvin Kamara,2.5,Over,kalshi,156,4.57,0.4085,pinnacle,8,46.5,False,ev +4.6 fair 0.408 pinnacle 8b
2026-09-18T18:30:22Z,football_nfl,32639,2026-09-20T17:00:00Z,BAL Ravens,NO Saints,player_receptions,Mark Andrews,4.5,Under,fanduel,-148,3.9,0.62,pinnacle,4,46.5,False,ev +3.9 fair 0.620 pinnacle 4b
2026-09-18T18:30:22Z,football_nfl,32639,2026-09-20T17:00:00Z,BAL Ravens,NO Saints,player_receptions,Mark Andrews,4.5,Under,hardrock,-150,3.34,0.62,pinnacle,4,46.5,True,ev +3.3 fair 0.620 pinnacle 4b
2026-09-18T18:30:22Z,football_nfl,32636,2026-09-20T17:00:00Z,NY Jets,GB Packers,player_receptions,Chris Brooks,1.5,Over,kalshi,138,4.48,0.439,pinnacle,7,46.5,False,ev +4.5 fair 0.439 pinnacle 7b
2026-09-18T18:30:22Z,football_nfl,32636,2026-09-20T17:00:00Z,NY Jets,GB Packers,player_receptions,Chris Brooks,1.5,Over,bovada,135,3.16,0.439,pinnacle,7,46.5,False,ev +3.2 fair 0.439 pinnacle 7b
2026-09-18T18:30:22Z,football_nfl,32636,2026-09-20T17:00:00Z,NY Jets,GB Packers,player_receptions,Chris Brooks,1.5,Over,draftkings,135,3.16,0.439,pinnacle,7,46.5,False,ev +3.2 fair 0.439 pinnacle 7b
2026-09-18T18:30:22Z,football_nfl,32642,2026-09-20T20:05:00Z,LA Chargers,LV Raiders,player_receptions,Omarion Hampton,2.5,Over,kalshi,170,4.2,0.3859,pinnacle,8,49.6,False,ev +4.2 fair 0.386 pinnacle 8b
2026-09-18T18:30:22Z,football_nfl,32645,2026-09-20T20:25:00Z,ARI Cardinals,SEA Seahawks,player_receptions,AJ Barner,2.5,Under,underdog,-105,3.12,0.5282,pinnacle,8,49.9,False,ev +3.1 fair 0.528 pinnacle 8b
2026-09-18T18:30:22Z,football_nfl,32644,2026-09-20T20:25:00Z,DAL Cowboys,WAS Commanders,player_pass_attempts,Jayden Daniels,29.5,Over,underdog,-102,4.6,0.5282,pinnacle,5,49.9,False,ev +4.6 fair 0.528 pinnacle 5b
2026-09-18T18:30:22Z,football_nfl,32644,2026-09-20T20:25:00Z,DAL Cowboys,WAS Commanders,player_pass_completions,Jayden Daniels,19.5,Over,underdog,-112,5.85,0.5592,pinnacle,6,49.9,False,ev +5.8 fair 0.559 pinnacle 6b
2026-09-18T18:30:22Z,football_nfl,32644,2026-09-20T20:25:00Z,DAL Cowboys,WAS Commanders,player_pass_completions,Jayden Daniels,19.5,Over,draftkings,-114,4.97,0.5592,pinnacle,6,49.9,False,ev +5.0 fair 0.559 pinnacle 6b
2026-09-18T18:30:22Z,football_nfl,32644,2026-09-20T20:25:00Z,DAL Cowboys,WAS Commanders,player_pass_completions,Jayden Daniels,19.5,Over,hardrock,-115,4.55,0.5592,pinnacle,6,49.9,True,ev +4.5 fair 0.559 pinnacle 6b
2026-09-18T18:30:22Z,football_nfl,32644,2026-09-20T20:25:00Z,DAL Cowboys,WAS Commanders,player_pass_completions,Jayden Daniels,19.5,Over,bovada,-115,4.55,0.5592,pinnacle,6,49.9,False,ev +4.5 fair 0.559 pinnacle 6b
2026-09-18T18:30:22Z,football_nfl,32644,2026-09-20T20:25:00Z,DAL Cowboys,WAS Commanders,player_receptions,Rachaad White,2.5,Under,hardrock,-150,5.59,0.6335,kalshi,6,49.9,True,ev +5.6 fair 0.633 kalshi 6b
2026-09-18T18:30:22Z,football_nfl,32643,2026-09-20T20:25:00Z,SF 49ers,MIA Dolphins,player_receptions,De'Von Achane,4.5,Over,kalshi,144,5.07,0.4306,pinnacle,6,49.9,False,ev +5.1 fair 0.431 pinnacle 6b
2026-09-18T18:30:22Z,football_nfl,32646,2026-09-21T00:20:00Z,KC Chiefs,IND Colts,player_receptions,Tyquan Thornton,1.5,Over,kalshi,170,3.45,0.3831,pinnacle,9,53.8,False,ev +3.5 fair 0.383 pinnacle 9b
2026-09-18T18:51:16Z,football_nfl,32637,2026-09-20T17:00:00Z,CHI Bears,MIN Vikings,player_pass_completions,Caleb Williams,19.5,Under,bovada,100,3.42,0.5171,pinnacle,5,46.1,False,ev +3.4 fair 0.517 pinnacle 5b
2026-09-18T18:51:16Z,football_nfl,32637,2026-09-20T17:00:00Z,CHI Bears,MIN Vikings,player_pass_completions,Caleb Williams,19.5,Under,draftkings,100,3.42,0.5171,pinnacle,5,46.1,False,ev +3.4 fair 0.517 pinnacle 5b
2026-09-18T18:51:16Z,football_nfl,32637,2026-09-20T17:00:00Z,CHI Bears,MIN Vikings,player_receptions,Justin Jefferson,6.5,Over,kalshi,133,5.83,0.4542,pinnacle,9,46.1,False,ev +5.8 fair 0.454 pinnacle 9b
2026-09-18T18:51:16Z,football_nfl,32637,2026-09-20T17:00:00Z,CHI Bears,MIN Vikings,player_receptions,T.J. Hockenson,3.5,Over,kalshi,108,4.0,0.5,pinnacle,10,46.1,False,ev +4.0 fair 0.500 pinnacle 10b
2026-09-18T18:51:16Z,football_nfl,32640,2026-09-20T17:00:00Z,HOU Texans,CIN Bengals,player_reception_yds,Dalton Schultz,41.5,Under,bovada,115,7.5,0.5,pinnacle,4,46.1,False,ev +7.5 fair 0.500 pinnacle 4b
2026-09-18T18:51:16Z,football_nfl,32640,2026-09-20T17:00:00Z,HOU Texans,CIN Bengals,player_receptions,David Montgomery,1.5,Under,kalshi,156,3.91,0.4059,pinnacle,8,46.1,False,ev +3.9 fair 0.406 pinnacle 8b
2026-09-18T18:51:16Z,football_nfl,32640,2026-09-20T17:00:00Z,HOU Texans,CIN Bengals,player_receptions,Xavier Hutchinson,2.5,Under,kalshi,122,3.84,0.4677,pinnacle,8,46.1,False,ev +3.8 fair 0.468 pinnacle 8b
2026-09-18T18:51:16Z,football_nfl,32640,2026-09-20T17:00:00Z,HOU Texans,CIN Bengals,player_rush_attempts,Chase Brown,14.5,Over,underdog,100,8.38,0.5419,pinnacle,3,46.1,False,ev +8.4 fair 0.542 pinnacle 3b
2026-09-18T18:51:16Z,football_nfl,32639,2026-09-20T17:00:00Z,BAL Ravens,NO Saints,player_reception_yds,Rashod Bateman,35.5,Under,underdog,-112,8.87,0.5752,pinnacle,4,46.1,False,ev +8.9 fair 0.575 pinnacle 4b
2026-09-18T18:51:16Z,football_nfl,32639,2026-09-20T17:00:00Z,BAL Ravens,NO Saints,player_reception_yds,Rashod Bateman,35.5,Under,fanduel,-114,7.97,0.5752,pinnacle,4,46.1,False,ev +8.0 fair 0.575 pinnacle 4b
2026-09-18T18:51:16Z,football_nfl,32639,2026-09-20T17:00:00Z,BAL Ravens,NO Saints,player_receptions,Alvin Kamara,2.5,Over,kalshi,156,4.57,0.4085,pinnacle,8,46.1,False,ev +4.6 fair 0.408 pinnacle 8b
2026-09-18T18:51:16Z,football_nfl,32636,2026-09-20T17:00:00Z,NY Jets,GB Packers,player_receptions,Chris Brooks,1.5,Over,kalshi,138,4.48,0.439,pinnacle,8,46.1,False,ev +4.5 fair 0.439 pinnacle 8b
2026-09-18T18:51:16Z,football_nfl,32636,2026-09-20T17:00:00Z,NY Jets,GB Packers,player_receptions,Chris Brooks,1.5,Over,bovada,135,3.16,0.439,pinnacle,8,46.1,False,ev +3.2 fair 0.439 pinnacle 8b
2026-09-18T18:51:16Z,football_nfl,32636,2026-09-20T17:00:00Z,NY Jets,GB Packers,player_receptions,Chris Brooks,1.5,Over,draftkings,135,3.16,0.439,pinnacle,8,46.1,False,ev +3.2 fair 0.439 pinnacle 8b
2026-09-18T18:51:16Z,football_nfl,32642,2026-09-20T20:05:00Z,LA Chargers,LV Raiders,player_receptions,Omarion Hampton,2.5,Over,kalshi,170,4.2,0.3859,pinnacle,8,49.2,False,ev +4.2 fair 0.386 pinnacle 8b
2026-09-18T18:51:16Z,football_nfl,32645,2026-09-20T20:25:00Z,ARI Cardinals,SEA Seahawks,player_receptions,AJ Barner,2.5,Under,underdog,-105,3.12,0.5282,pinnacle,8,49.6,False,ev +3.1 fair 0.528 pinnacle 8b
2026-09-18T18:51:16Z,football_nfl,32644,2026-09-20T20:25:00Z,DAL Cowboys,WAS Commanders,player_pass_attempts,Jayden Daniels,29.5,Over,underdog,-102,4.6,0.5282,pinnacle,5,49.6,False,ev +4.6 fair 0.528 pinnacle 5b
2026-09-18T18:51:16Z,football_nfl,32644,2026-09-20T20:25:00Z,DAL Cowboys,WAS Commanders,player_pass_completions,Jayden Daniels,19.5,Over,underdog,-112,5.85,0.5592,pinnacle,6,49.6,False,ev +5.8 fair 0.559 pinnacle 6b
2026-09-18T18:51:16Z,football_nfl,32644,2026-09-20T20:25:00Z,DAL Cowboys,WAS Commanders,player_pass_completions,Jayden Daniels,19.5,Over,draftkings,-114,4.97,0.5592,pinnacle,6,49.6,False,ev +5.0 fair 0.559 pinnacle 6b
2026-09-18T18:51:16Z,football_nfl,32644,2026-09-20T20:25:00Z,DAL Cowboys,WAS Commanders,player_pass_completions,Jayden Daniels,19.5,Over,bovada,-115,4.55,0.5592,pinnacle,6,49.6,False,ev +4.5 fair 0.559 pinnacle 6b
2026-09-18T18:51:16Z,football_nfl,32644,2026-09-20T20:25:00Z,DAL Cowboys,WAS Commanders,player_receptions,Rachaad White,2.5,Under,hardrock,-150,5.59,0.6335,kalshi,6,49.6,True,ev +5.6 fair 0.633 kalshi 6b
2026-09-18T18:51:16Z,football_nfl,32643,2026-09-20T20:25:00Z,SF 49ers,MIA Dolphins,player_receptions,Mike Evans,3.5,Under,kalshi,122,4.94,0.4727,pinnacle,9,49.6,False,ev +4.9 fair 0.473 pinnacle 9b
2026-09-18T18:51:16Z,football_nfl,32646,2026-09-21T00:20:00Z,KC Chiefs,IND Colts,player_receptions,Tyquan Thornton,1.5,Over,kalshi,170,3.45,0.3831,pinnacle,9,53.5,False,ev +3.5 fair 0.383 pinnacle 9b
2026-09-18T19:03:28Z,football_nfl,32635,2026-09-20T17:00:00Z,TB Buccaneers,CLE Browns,player_receptions,Chris Godwin Jr.,3.5,Under,kalshi,127,3.1,0.4542,pinnacle,3,45.9,False,ev +3.1 fair 0.454 pinnacle 3b
2026-09-18T19:03:28Z,football_nfl,32637,2026-09-20T17:00:00Z,CHI Bears,MIN Vikings,player_pass_completions,Caleb Williams,19.5,Under,bovada,100,3.42,0.5171,pinnacle,5,45.9,False,ev +3.4 fair 0.517 pinnacle 5b
2026-09-18T19:03:28Z,football_nfl,32637,2026-09-20T17:00:00Z,CHI Bears,MIN Vikings,player_pass_completions,Caleb Williams,19.5,Under,draftkings,100,3.42,0.5171,pinnacle,5,45.9,False,ev +3.4 fair 0.517 pinnacle 5b
2026-09-18T19:03:28Z,football_nfl,32637,2026-09-20T17:00:00Z,CHI Bears,MIN Vikings,player_receptions,Jordan Addison,2.5,Under,hardrock,155,6.48,0.4176,pinnacle,6,45.9,True,ev +6.5 fair 0.418 pinnacle 6b
2026-09-18T19:03:28Z,football_nfl,32637,2026-09-20T17:00:00Z,CHI Bears,MIN Vikings,player_receptions,Jordan Addison,2.5,Under,kalshi,150,4.4,0.4176,pinnacle,6,45.9,False,ev +4.4 fair 0.418 pinnacle 6b
2026-09-18T19:03:28Z,football_nfl,32637,2026-09-20T17:00:00Z,CHI Bears,MIN Vikings,player_receptions,Justin Jefferson,6.5,Over,kalshi,133,5.83,0.4542,pinnacle,9,45.9,False,ev +5.8 fair 0.454 pinnacle 9b
2026-09-18T19:03:28Z,football_nfl,32637,2026-09-20T17:00:00Z,CHI Bears,MIN Vikings,player_receptions,T.J. Hockenson,3.5,Over,kalshi,108,4.0,0.5,pinnacle,8,45.9,False,ev +4.0 fair 0.500 pinnacle 8b
2026-09-18T19:03:28Z,football_nfl,32640,2026-09-20T17:00:00Z,HOU Texans,CIN Bengals,player_reception_yds,Dalton Schultz,41.5,Under,bovada,115,7.5,0.5,pinnacle,4,45.9,False,ev +7.5 fair 0.500 pinnacle 4b
2026-09-18T19:03:28Z,football_nfl,32640,2026-09-20T17:00:00Z,HOU Texans,CIN Bengals,player_receptions,David Montgomery,1.5,Under,kalshi,156,3.91,0.4059,pinnacle,8,45.9,False,ev +3.9 fair 0.406 pinnacle 8b
2026-09-18T19:03:28Z,football_nfl,32640,2026-09-20T17:00:00Z,HOU Texans,CIN Bengals,player_receptions,Xavier Hutchinson,2.5,Under,kalshi,122,3.84,0.4677,pinnacle,8,45.9,False,ev +3.8 fair 0.468 pinnacle 8b
2026-09-18T19:03:28Z,football_nfl,32640,2026-09-20T17:00:00Z,HOU Texans,CIN Bengals,player_rush_attempts,Chase Brown,14.5,Over,underdog,100,8.38,0.5419,pinnacle,3,45.9,False,ev +8.4 fair 0.542 pinnacle 3b
2026-09-18T19:03:28Z,football_nfl,32639,2026-09-20T17:00:00Z,BAL Ravens,NO Saints,player_reception_yds,Rashod Bateman,35.5,Under,underdog,-112,8.87,0.5752,pinnacle,4,45.9,False,ev +8.9 fair 0.575 pinnacle 4b
2026-09-18T19:03:28Z,football_nfl,32639,2026-09-20T17:00:00Z,BAL Ravens,NO Saints,player_reception_yds,Rashod Bateman,35.5,Under,fanduel,-114,7.97,0.5752,pinnacle,4,45.9,False,ev +8.0 fair 0.575 pinnacle 4b
2026-09-18T19:03:28Z,football_nfl,32639,2026-09-20T17:00:00Z,BAL Ravens,NO Saints,player_receptions,Alvin Kamara,2.5,Over,kalshi,156,4.57,0.4085,pinnacle,8,45.9,False,ev +4.6 fair 0.408 pinnacle 8b
2026-09-18T19:03:28Z,football_nfl,32636,2026-09-20T17:00:00Z,NY Jets,GB Packers,player_receptions,Chris Brooks,1.5,Over,kalshi,138,4.48,0.439,pinnacle,8,45.9,False,ev +4.5 fair 0.439 pinnacle 8b
2026-09-18T19:03:28Z,football_nfl,32636,2026-09-20T17:00:00Z,NY Jets,GB Packers,player_receptions,Chris Brooks,1.5,Over,bovada,135,3.16,0.439,pinnacle,8,45.9,False,ev +3.2 fair 0.439 pinnacle 8b
2026-09-18T19:03:28Z,football_nfl,32636,2026-09-20T17:00:00Z,NY Jets,GB Packers,player_receptions,Chris Brooks,1.5,Over,draftkings,135,3.16,0.439,pinnacle,8,45.9,False,ev +3.2 fair 0.439 pinnacle 8b
2026-09-18T19:03:28Z,football_nfl,32642,2026-09-20T20:05:00Z,LA Chargers,LV Raiders,player_receptions,Omarion Hampton,2.5,Over,kalshi,170,4.2,0.3859,pinnacle,8,49.0,False,ev +4.2 fair 0.386 pinnacle 8b
2026-09-18T19:03:28Z,football_nfl,32645,2026-09-20T20:25:00Z,ARI Cardinals,SEA Seahawks,player_receptions,AJ Barner,2.5,Under,underdog,-105,3.12,0.5282,pinnacle,8,49.4,False,ev +3.1 fair 0.528 pinnacle 8b
2026-09-18T19:03:28Z,football_nfl,32644,2026-09-20T20:25:00Z,DAL Cowboys,WAS Commanders,player_pass_attempts,Jayden Daniels,29.5,Over,underdog,-102,4.6,0.5282,pinnacle,5,49.4,False,ev +4.6 fair 0.528 pinnacle 5b
2026-09-18T19:03:28Z,football_nfl,32644,2026-09-20T20:25:00Z,DAL Cowboys,WAS Commanders,player_pass_completions,Jayden Daniels,19.5,Over,underdog,-112,5.85,0.5592,pinnacle,6,49.4,False,ev +5.8 fair 0.559 pinnacle 6b
2026-09-18T19:03:28Z,football_nfl,32644,2026-09-20T20:25:00Z,DAL Cowboys,WAS Commanders,player_pass_completions,Jayden Daniels,19.5,Over,draftkings,-114,4.97,0.5592,pinnacle,6,49.4,False,ev +5.0 fair 0.559 pinnacle 6b
2026-09-18T19:03:28Z,football_nfl,32644,2026-09-20T20:25:00Z,DAL Cowboys,WAS Commanders,player_pass_completions,Jayden Daniels,19.5,Over,bovada,-115,4.55,0.5592,pinnacle,6,49.4,False,ev +4.5 fair 0.559 pinnacle 6b
2026-09-18T19:03:28Z,football_nfl,32644,2026-09-20T20:25:00Z,DAL Cowboys,WAS Commanders,player_receptions,Rachaad White,2.5,Under,hardrock,-150,5.59,0.6335,kalshi,6,49.4,True,ev +5.6 fair 0.633 kalshi 6b
2026-09-18T19:03:28Z,football_nfl,32643,2026-09-20T20:25:00Z,SF 49ers,MIA Dolphins,player_receptions,Mike Evans,3.5,Under,kalshi,122,4.94,0.4727,pinnacle,9,49.4,False,ev +4.9 fair 0.473 pinnacle 9b
2026-09-18T19:03:28Z,football_nfl,32646,2026-09-21T00:20:00Z,KC Chiefs,IND Colts,player_receptions,Tyquan Thornton,1.5,Over,kalshi,170,3.45,0.3831,pinnacle,9,53.3,False,ev +3.5 fair 0.383 pinnacle 9b
2026-09-18T20:18:21Z,football_nfl,32635,2026-09-20T17:00:00Z,TB Buccaneers,CLE Browns,player_receptions,Chris Godwin Jr.,3.5,Under,kalshi,127,3.1,0.4542,pinnacle,3,44.7,False,ev +3.1 fair 0.454 pinnacle 3b
2026-09-18T20:18:21Z,football_nfl,32637,2026-09-20T17:00:00Z,CHI Bears,MIN Vikings,player_pass_completions,Caleb Williams,19.5,Under,bovada,100,7.43,0.5371,pinnacle,5,44.7,False,ev +7.4 fair 0.537 pinnacle 5b
2026-09-18T20:18:21Z,football_nfl,32637,2026-09-20T17:00:00Z,CHI Bears,MIN Vikings,player_pass_completions,Caleb Williams,19.5,Under,draftkings,100,7.43,0.5371,pinnacle,5,44.7,False,ev +7.4 fair 0.537 pinnacle 5b
2026-09-18T20:18:21Z,football_nfl,32637,2026-09-20T17:00:00Z,CHI Bears,MIN Vikings,player_pass_completions,Caleb Williams,19.5,Under,hardrock,-105,4.87,0.5371,pinnacle,5,44.7,True,ev +4.9 fair 0.537 pinnacle 5b
2026-09-18T20:18:21Z,football_nfl,32637,2026-09-20T17:00:00Z,CHI Bears,MIN Vikings,player_pass_completions,Carson Wentz,19.5,Under,underdog,-112,3.31,0.5458,pinnacle,7,44.7,False,ev +3.3 fair 0.546 pinnacle 7b
2026-09-18T20:18:21Z,football_nfl,32637,2026-09-20T17:00:00Z,CHI Bears,MIN Vikings,player_receptions,Jordan Addison,2.5,Under,hardrock,155,6.48,0.4176,pinnacle,5,44.7,True,ev +6.5 fair 0.418 pinnacle 5b
2026-09-18T20:18:21Z,football_nfl,32637,2026-09-20T17:00:00Z,CHI Bears,MIN Vikings,player_receptions,T.J. Hockenson,3.5,Over,kalshi,108,4.0,0.5,pinnacle,9,44.7,False,ev +4.0 fair 0.500 pinnacle 9b
2026-09-18T20:18:21Z,football_nfl,32638,2026-09-20T17:00:00Z,NE Patriots,PIT Steelers,player_receptions,Roman Wilson,2.5,Under,kalshi,122,4.75,0.4718,pinnacle,7,44.7,False,ev +4.8 fair 0.472 pinnacle 7b
2026-09-18T20:18:21Z,football_nfl,32640,2026-09-20T17:00:00Z,HOU Texans,CIN Bengals,player_pass_attempts,Joe Burrow,35.5,Under,draftkings,-104,4.0,0.5302,pinnacle,4,44.7,False,ev +4.0 fair 0.530 pinnacle 4b
2026-09-18T20:18:21Z,football_nfl,32640,2026-09-20T17:00:00Z,HOU Texans,CIN Bengals,player_pass_attempts,Joe Burrow,35.5,Under,underdog,-106,3.04,0.5302,pinnacle,4,44.7,False,ev +3.0 fair 0.530 pinnacle 4b
2026-09-18T20:18:21Z,football_nfl,32640,2026-09-20T17:00:00Z,HOU Texans,CIN Bengals,player_receptions,David Montgomery,1.5,Under,kalshi,156,3.91,0.4059,pinnacle,8,44.7,False,ev +3.9 fair 0.406 pinnacle 8b
2026-09-18T20:18:21Z,football_nfl,32640,2026-09-20T17:00:00Z,HOU Texans,CIN Bengals,player_receptions,Xavier Hutchinson,2.5,Under,kalshi,127,4.16,0.4589,pinnacle,8,44.7,False,ev +4.2 fair 0.459 pinnacle 8b
2026-09-18T20:18:21Z,football_nfl,32639,2026-09-20T17:00:00Z,BAL Ravens,NO Saints,player_pass_tds,Tyler Shough,1.5,Over,kalshi,203,3.35,0.3411,pinnacle,9,44.7,False,ev +3.4 fair 0.341 pinnacle 9b
2026-09-18T20:18:21Z,football_nfl,32639,2026-09-20T17:00:00Z,BAL Ravens,NO Saints,player_reception_yds,Mark Andrews,48.5,Under,underdog,-112,5.85,0.5592,pinnacle,5,44.7,False,ev +5.8 fair 0.559 pinnacle 5b
2026-09-18T20:18:21Z,football_nfl,32639,2026-09-20T17:00:00Z,BAL Ravens,NO Saints,player_reception_yds,Mark Andrews,48.5,Under,fanduel,-114,4.97,0.5592,pinnacle,5,44.7,False,ev +5.0 fair 0.559 pinnacle 5b
2026-09-18T20:18:21Z,football_nfl,32639,2026-09-20T17:00:00Z,BAL Ravens,NO Saints,player_reception_yds,Rashod Bateman,35.5,Under,underdog,-112,8.87,0.5752,pinnacle,5,44.7,False,ev +8.9 fair 0.575 pinnacle 5b
2026-09-18T20:18:21Z,football_nfl,32639,2026-09-20T17:00:00Z,BAL Ravens,NO Saints,player_reception_yds,Rashod Bateman,35.5,Under,fanduel,-114,7.97,0.5752,pinnacle,5,44.7,False,ev +8.0 fair 0.575 pinnacle 5b
2026-09-18T20:18:21Z,football_nfl,32639,2026-09-20T17:00:00Z,BAL Ravens,NO Saints,player_receptions,Alvin Kamara,2.5,Over,kalshi,163,7.43,0.4085,pinnacle,8,44.7,False,ev +7.4 fair 0.408 pinnacle 8b
2026-09-18T20:18:21Z,football_nfl,32636,2026-09-20T17:00:00Z,NY Jets,GB Packers,player_receptions,Chris Brooks,1.5,Over,kalshi,138,4.48,0.439,pinnacle,7,44.7,False,ev +4.5 fair 0.439 pinnacle 7b
2026-09-18T20:18:21Z,football_nfl,32636,2026-09-20T17:00:00Z,NY Jets,GB Packers,player_receptions,Chris Brooks,1.5,Over,bovada,135,3.16,0.439,pinnacle,7,44.7,False,ev +3.2 fair 0.439 pinnacle 7b
2026-09-18T20:18:21Z,football_nfl,32636,2026-09-20T17:00:00Z,NY Jets,GB Packers,player_receptions,Chris Brooks,1.5,Over,draftkings,135,3.16,0.439,pinnacle,7,44.7,False,ev +3.2 fair 0.439 pinnacle 7b
2026-09-18T20:18:21Z,football_nfl,32636,2026-09-20T17:00:00Z,NY Jets,GB Packers,player_receptions,Garrett Wilson,5.5,Under,fanduel,112,4.51,0.493,pinnacle,9,44.7,False,ev +4.5 fair 0.493 pinnacle 9b
2026-09-18T20:18:21Z,football_nfl,32636,2026-09-20T17:00:00Z,NY Jets,GB Packers,player_receptions,Garrett Wilson,5.5,Under,hardrock,110,3.52,0.493,pinnacle,9,44.7,True,ev +3.5 fair 0.493 pinnacle 9b
2026-09-18T20:18:21Z,football_nfl,32641,2026-09-20T20:05:00Z,DEN Broncos,JAX Jaguars,player_rush_yds,J.K. Dobbins,59.5,Over,kalshi,108,3.58,0.498,pinnacle,5,47.8,False,ev +3.6 fair 0.498 pinnacle 5b
2026-09-18T20:18:21Z,football_nfl,32642,2026-09-20T20:05:00Z,LA Chargers,LV Raiders,player_pass_tds,Kirk Cousins,1.5,Over,kalshi,223,4.87,0.3247,pinnacle,7,47.8,False,ev +4.9 fair 0.325 pinnacle 7b
2026-09-18T20:18:21Z,football_nfl,32645,2026-09-20T20:25:00Z,ARI Cardinals,SEA Seahawks,player_receptions,AJ Barner,2.5,Under,underdog,-105,3.12,0.5282,pinnacle,9,48.1,False,ev +3.1 fair 0.528 pinnacle 9b
2026-09-18T20:18:21Z,football_nfl,32644,2026-09-20T20:25:00Z,DAL Cowboys,WAS Commanders,player_pass_attempts,Jayden Daniels,29.5,Over,underdog,-102,4.6,0.5282,pinnacle,5,48.1,False,ev +4.6 fair 0.528 pinnacle 5b
2026-09-18T20:18:21Z,football_nfl,32644,2026-09-20T20:25:00Z,DAL Cowboys,WAS Commanders,player_pass_completions,Jayden Daniels,19.5,Over,underdog,-112,5.5,0.5574,pinnacle,6,48.1,False,ev +5.5 fair 0.557 pinnacle 6b
2026-09-18T20:18:21Z,football_nfl,32644,2026-09-20T20:25:00Z,DAL Cowboys,WAS Commanders,player_pass_completions,Jayden Daniels,19.5,Over,draftkings,-114,4.63,0.5574,pinnacle,6,48.1,False,ev +4.6 fair 0.557 pinnacle 6b
2026-09-18T20:18:21Z,football_nfl,32644,2026-09-20T20:25:00Z,DAL Cowboys,WAS Commanders,player_pass_completions,Jayden Daniels,19.5,Over,bovada,-115,4.2,0.5574,pinnacle,6,48.1,False,ev +4.2 fair 0.557 pinnacle 6b
2026-09-18T20:18:21Z,football_nfl,32643,2026-09-20T20:25:00Z,SF 49ers,MIA Dolphins,player_receptions,De'Von Achane,4.5,Over,kalshi,144,5.07,0.4306,pinnacle,6,48.1,False,ev +5.1 fair 0.431 pinnacle 6b
2026-09-18T20:18:21Z,football_nfl,32643,2026-09-20T20:25:00Z,SF 49ers,MIA Dolphins,player_receptions,Demarcus Robinson,1.5,Under,kalshi,138,5.07,0.4415,pinnacle,8,48.1,False,ev +5.1 fair 0.442 pinnacle 8b
2026-09-18T20:18:21Z,football_nfl,32643,2026-09-20T20:25:00Z,SF 49ers,MIA Dolphins,player_receptions,Mike Evans,3.5,Under,kalshi,127,7.3,0.4727,pinnacle,9,48.1,False,ev +7.3 fair 0.473 pinnacle 9b
2026-09-18T20:18:21Z,football_nfl,32646,2026-09-21T00:20:00Z,KC Chiefs,IND Colts,player_receptions,Rashee Rice,4.5,Over,kalshi,-113,4.58,0.5548,pinnacle,9,52.0,False,ev +4.6 fair 0.555 pinnacle 9b
2026-09-18T20:18:21Z,football_nfl,32646,2026-09-21T00:20:00Z,KC Chiefs,IND Colts,player_receptions,Tyquan Thornton,1.5,Over,kalshi,170,3.45,0.3831,pinnacle,9,52.0,False,ev +3.5 fair 0.383 pinnacle 9b
2026-09-19T01:55:58Z,football_nfl,32634,2026-09-20T17:00:00Z,TEN Titans,PHI Eagles,player_receptions,Carnell Tate,3.5,Over,kalshi,-104,3.03,0.5253,pinnacle,9,39.1,False,ev +3.0 fair 0.525 pinnacle 9b
2026-09-19T01:55:58Z,football_nfl,32633,2026-09-20T17:00:00Z,ATL Falcons,CAR Panthers,player_rush_attempts,Chuba Hubbard,13.5,Over,draftkings,-112,3.82,0.5485,pinnacle,4,39.1,False,ev +3.8 fair 0.548 pinnacle 4b
2026-09-19T01:55:58Z,football_nfl,32633,2026-09-20T17:00:00Z,ATL Falcons,CAR Panthers,player_rush_yds,Cooper Rush,0.5,Over,fanduel,136,3.17,0.4372,pinnacle,4,39.1,False,ev +3.2 fair 0.437 pinnacle 4b
2026-09-19T01:55:58Z,football_nfl,32635,2026-09-20T17:00:00Z,TB Buccaneers,CLE Browns,player_receptions,Emeka Egbuka,3.5,Under,kalshi,138,3.62,0.4354,pinnacle,6,39.1,False,ev +3.6 fair 0.435 pinnacle 6b
2026-09-19T01:55:58Z,football_nfl,32635,2026-09-20T17:00:00Z,TB Buccaneers,CLE Browns,player_receptions,Harold Fannin Jr.,4.5,Over,kalshi,150,5.37,0.4215,pinnacle,8,39.1,False,ev +5.4 fair 0.421 pinnacle 8b
2026-09-19T01:55:58Z,football_nfl,32637,2026-09-20T17:00:00Z,CHI Bears,MIN Vikings,player_pass_completions,Caleb Williams,19.5,Under,draftkings,100,4.64,0.5232,pinnacle,5,39.1,False,ev +4.6 fair 0.523 pinnacle 5b
2026-09-19T01:55:58Z,football_nfl,32637,2026-09-20T17:00:00Z,CHI Bears,MIN Vikings,player_pass_completions,Caleb Williams,19.5,Under,bovada,100,4.64,0.5232,pinnacle,5,39.1,False,ev +4.6 fair 0.523 pinnacle 5b
2026-09-19T01:55:58Z,football_nfl,32637,2026-09-20T17:00:00Z,CHI Bears,MIN Vikings,player_pass_completions,Carson Wentz,19.5,Under,underdog,-112,3.31,0.5458,pinnacle,7,39.1,False,ev +3.3 fair 0.546 pinnacle 7b
2026-09-19T01:55:58Z,football_nfl,32637,2026-09-20T17:00:00Z,CHI Bears,MIN Vikings,player_receptions,Jordan Addison,3.5,Over,kalshi,138,8.1,0.4542,pinnacle,8,39.1,False,ev +8.1 fair 0.454 pinnacle 8b
2026-09-19T01:55:58Z,football_nfl,32637,2026-09-20T17:00:00Z,CHI Bears,MIN Vikings,player_receptions,Kalif Raymond,2.5,Under,kalshi,-144,3.98,0.6137,pinnacle,9,39.1,False,ev +4.0 fair 0.614 pinnacle 9b
2026-09-19T01:55:58Z,football_nfl,32637,2026-09-20T17:00:00Z,CHI Bears,MIN Vikings,player_receptions,Kalif Raymond,2.5,Under,bovada,-145,3.69,0.6137,pinnacle,9,39.1,False,ev +3.7 fair 0.614 pinnacle 9b
2026-09-19T01:55:58Z,football_nfl,32637,2026-09-20T17:00:00Z,CHI Bears,MIN Vikings,player_receptions,T.J. Hockenson,3.5,Over,kalshi,108,4.0,0.5,pinnacle,9,39.1,False,ev +4.0 fair 0.500 pinnacle 9b
2026-09-19T01:55:58Z,football_nfl,32638,2026-09-20T17:00:00Z,NE Patriots,PIT Steelers,player_receptions,DeMario Douglas,3.5,Over,kalshi,127,3.1,0.4542,pinnacle,4,39.1,False,ev +3.1 fair 0.454 pinnacle 4b
2026-09-19T01:55:58Z,football_nfl,32638,2026-09-20T17:00:00Z,NE Patriots,PIT Steelers,player_receptions,Jaylen Warren,2.5,Under,kalshi,156,4.04,0.4064,pinnacle,6,39.1,False,ev +4.0 fair 0.406 pinnacle 6b
2026-09-19T01:55:58Z,football_nfl,32640,2026-09-20T17:00:00Z,HOU Texans,CIN Bengals,player_receptions,Dalton Schultz,4.5,Under,kalshi,122,5.39,0.4747,pinnacle,7,39.1,False,ev +5.4 fair 0.475 pinnacle 7b
2026-09-19T01:55:58Z,football_nfl,32640,2026-09-20T17:00:00Z,HOU Texans,CIN Bengals,player_receptions,David Montgomery,1.5,Under,kalshi,156,3.91,0.4059,pinnacle,9,39.1,False,ev +3.9 fair 0.406 pinnacle 9b
2026-09-19T01:55:58Z,football_nfl,32640,2026-09-20T17:00:00Z,HOU Texans,CIN Bengals,player_receptions,Mike Gesicki,2.5,Under,fanduel,-122,3.61,0.5694,pinnacle,9,39.1,False,ev +3.6 fair 0.569 pinnacle 9b
2026-09-19T01:55:58Z,football_nfl,32640,2026-09-20T17:00:00Z,HOU Texans,CIN Bengals,player_receptions,Xavier Hutchinson,2.5,Under,kalshi,127,4.16,0.4589,pinnacle,9,39.1,False,ev +4.2 fair 0.459 pinnacle 9b
2026-09-19T01:55:58Z,football_nfl,32639,2026-09-20T17:00:00Z,BAL Ravens,NO Saints,player_pass_tds,Tyler Shough,1.5,Over,kalshi,203,3.35,0.3411,pinnacle,9,39.1,False,ev +3.4 fair 0.341 pinnacle 9b
2026-09-19T01:55:58Z,football_nfl,32639,2026-09-20T17:00:00Z,BAL Ravens,NO Saints,player_receptions,Alvin Kamara,2.5,Over,kalshi,156,4.04,0.4064,pinnacle,9,39.1,False,ev +4.0 fair 0.406 pinnacle 9b
2026-09-19T01:55:58Z,football_nfl,32639,2026-09-20T17:00:00Z,BAL Ravens,NO Saints,player_receptions,Chris Olave,5.5,Under,bovada,110,3.3,0.4919,pinnacle,10,39.1,False,ev +3.3 fair 0.492 pinnacle 10b
2026-09-19T01:55:58Z,football_nfl,32639,2026-09-20T17:00:00Z,BAL Ravens,NO Saints,player_rush_yds,Alvin Kamara,16.5,Under,draftkings,-108,5.49,0.5477,pinnacle,4,39.1,False,ev +5.5 fair 0.548 pinnacle 4b
2026-09-19T01:55:58Z,football_nfl,32639,2026-09-20T17:00:00Z,BAL Ravens,NO Saints,player_rush_yds,Alvin Kamara,16.5,Under,bovada,-110,4.57,0.5477,pinnacle,4,39.1,False,ev +4.6 fair 0.548 pinnacle 4b
2026-09-19T01:55:58Z,football_nfl,32636,2026-09-20T17:00:00Z,NY Jets,GB Packers,player_receptions,Chris Brooks,1.5,Over,kalshi,138,4.05,0.4372,pinnacle,7,39.1,False,ev +4.0 fair 0.437 pinnacle 7b
2026-09-19T01:55:58Z,football_nfl,32645,2026-09-20T20:25:00Z,ARI Cardinals,SEA Seahawks,player_receptions,AJ Barner,2.5,Under,underdog,-105,3.12,0.5282,pinnacle,9,42.5,False,ev +3.1 fair 0.528 pinnacle 9b
2026-09-19T01:55:58Z,football_nfl,32645,2026-09-20T20:25:00Z,ARI Cardinals,SEA Seahawks,player_receptions,Trey McBride,6.5,Over,kalshi,108,4.0,0.5,pinnacle,9,42.5,False,ev +4.0 fair 0.500 pinnacle 9b
2026-09-19T01:55:58Z,football_nfl,32644,2026-09-20T20:25:00Z,DAL Cowboys,WAS Commanders,player_pass_attempts,Jayden Daniels,29.5,Over,underdog,-102,4.6,0.5282,pinnacle,5,42.5,False,ev +4.6 fair 0.528 pinnacle 5b
2026-09-19T01:55:58Z,football_nfl,32644,2026-09-20T20:25:00Z,DAL Cowboys,WAS Commanders,player_receptions,Stefon Diggs,4.5,Over,kalshi,-100,3.24,0.5162,pinnacle,9,42.5,False,ev +3.2 fair 0.516 pinnacle 9b
2026-09-19T01:55:58Z,football_nfl,32643,2026-09-20T20:25:00Z,SF 49ers,MIA Dolphins,player_field_goals_made,Eddy Pineiro,1.5,Under,hardrock,120,7.77,0.4899,pinnacle,4,42.5,True,ev +7.8 fair 0.490 pinnacle 4b
2026-09-19T01:55:58Z,football_nfl,32643,2026-09-20T20:25:00Z,SF 49ers,MIA Dolphins,player_pass_tds,Brock Purdy,1.5,Under,kalshi,170,5.7,0.3915,pinnacle,9,42.5,False,ev +5.7 fair 0.392 pinnacle 9b
2026-09-19T01:55:58Z,football_nfl,32643,2026-09-20T20:25:00Z,SF 49ers,MIA Dolphins,player_receptions,Demarcus Robinson,1.5,Under,kalshi,138,4.48,0.439,pinnacle,8,42.5,False,ev +4.5 fair 0.439 pinnacle 8b
2026-09-19T01:55:58Z,football_nfl,32643,2026-09-20T20:25:00Z,SF 49ers,MIA Dolphins,player_receptions,Greg Dulcich,2.5,Under,kalshi,-133,3.07,0.5884,pinnacle,9,42.5,False,ev +3.1 fair 0.588 pinnacle 9b
2026-09-19T01:55:58Z,football_nfl,32646,2026-09-21T00:20:00Z,KC Chiefs,IND Colts,player_receptions,Rashee Rice,4.5,Over,kalshi,-113,4.58,0.5548,pinnacle,9,46.4,False,ev +4.6 fair 0.555 pinnacle 9b
2026-09-19T09:50:22Z,football_nfl,32633,2026-09-20T17:00:00Z,ATL Falcons,CAR Panthers,player_receptions,Darren Waller,2.5,Over,kalshi,156,4.84,0.4095,pinnacle,8,31.2,False,ev +4.8 fair 0.409 pinnacle 8b
2026-09-19T09:50:22Z,football_nfl,32633,2026-09-20T17:00:00Z,ATL Falcons,CAR Panthers,player_rush_attempts,Chuba Hubbard,13.5,Over,draftkings,-112,3.82,0.5485,pinnacle,4,31.2,False,ev +3.8 fair 0.548 pinnacle 4b
2026-09-19T09:50:22Z,football_nfl,32633,2026-09-20T17:00:00Z,ATL Falcons,CAR Panthers,player_rush_yds,Cooper Rush,0.5,Over,fanduel,136,3.17,0.4372,pinnacle,5,31.2,False,ev +3.2 fair 0.437 pinnacle 5b
2026-09-19T09:50:22Z,football_nfl,32635,2026-09-20T17:00:00Z,TB Buccaneers,CLE Browns,player_receptions,Chris Godwin Jr.,3.5,Under,kalshi,127,3.1,0.4542,pinnacle,3,31.2,False,ev +3.1 fair 0.454 pinnacle 3b
2026-09-19T09:50:22Z,football_nfl,32635,2026-09-20T17:00:00Z,TB Buccaneers,CLE Browns,player_receptions,Emeka Egbuka,3.5,Under,kalshi,138,3.62,0.4354,pinnacle,8,31.2,False,ev +3.6 fair 0.435 pinnacle 8b
2026-09-19T09:50:22Z,football_nfl,32635,2026-09-20T17:00:00Z,TB Buccaneers,CLE Browns,player_receptions,Harold Fannin Jr.,4.5,Over,kalshi,150,5.37,0.4215,pinnacle,8,31.2,False,ev +5.4 fair 0.421 pinnacle 8b
2026-09-19T09:50:22Z,football_nfl,32635,2026-09-20T17:00:00Z,TB Buccaneers,CLE Browns,player_receptions,Jalen McMillan,2.5,Under,hardrock,-150,5.18,0.6311,kalshi,5,31.2,True,ev +5.2 fair 0.631 kalshi 5b
2026-09-19T09:50:22Z,football_nfl,32637,2026-09-20T17:00:00Z,CHI Bears,MIN Vikings,player_pass_completions,Caleb Williams,19.5,Under,bovada,100,4.64,0.5232,pinnacle,5,31.2,False,ev +4.6 fair 0.523 pinnacle 5b
2026-09-19T09:50:22Z,football_nfl,32637,2026-09-20T17:00:00Z,CHI Bears,MIN Vikings,player_pass_completions,Caleb Williams,19.5,Under,draftkings,100,4.64,0.5232,pinnacle,5,31.2,False,ev +4.6 fair 0.523 pinnacle 5b
2026-09-19T09:50:22Z,football_nfl,32637,2026-09-20T17:00:00Z,CHI Bears,MIN Vikings,player_receptions,T.J. Hockenson,3.5,Over,kalshi,108,4.0,0.5,pinnacle,9,31.2,False,ev +4.0 fair 0.500 pinnacle 9b
2026-09-19T09:50:22Z,football_nfl,32638,2026-09-20T17:00:00Z,NE Patriots,PIT Steelers,player_receptions,DeMario Douglas,3.5,Over,kalshi,127,3.1,0.4542,pinnacle,4,31.2,False,ev +3.1 fair 0.454 pinnacle 4b
2026-09-19T09:50:22Z,football_nfl,32638,2026-09-20T17:00:00Z,NE Patriots,PIT Steelers,player_receptions,Jaylen Warren,2.5,Under,kalshi,156,4.04,0.4064,pinnacle,6,31.2,False,ev +4.0 fair 0.406 pinnacle 6b
2026-09-19T09:50:22Z,football_nfl,32638,2026-09-20T17:00:00Z,NE Patriots,PIT Steelers,player_receptions,Roman Wilson,2.5,Under,kalshi,122,4.75,0.4718,pinnacle,7,31.2,False,ev +4.8 fair 0.472 pinnacle 7b
2026-09-19T09:50:22Z,football_nfl,32640,2026-09-20T17:00:00Z,HOU Texans,CIN Bengals,player_pass_yds,Joe Burrow,249.5,Under,kalshi,104,4.06,0.5101,pinnacle,8,31.2,False,ev +4.1 fair 0.510 pinnacle 8b
2026-09-19T09:50:22Z,football_nfl,32640,2026-09-20T17:00:00Z,HOU Texans,CIN Bengals,player_reception_yds,Dalton Schultz,41.5,Under,bovada,120,8.22,0.4919,pinnacle,4,31.2,False,ev +8.2 fair 0.492 pinnacle 4b
2026-09-19T09:50:22Z,football_nfl,32640,2026-09-20T17:00:00Z,HOU Texans,CIN Bengals,player_receptions,David Montgomery,1.5,Under,kalshi,156,3.91,0.4059,pinnacle,9,31.2,False,ev +3.9 fair 0.406 pinnacle 9b
2026-09-19T09:50:22Z,football_nfl,32639,2026-09-20T17:00:00Z,BAL Ravens,NO Saints,player_pass_interceptions,Tyler Shough,0.5,Under,draftkings,-106,7.46,0.553,pinnacle,7,31.2,False,ev +7.5 fair 0.553 pinnacle 7b
2026-09-19T09:50:22Z,football_nfl,32639,2026-09-20T17:00:00Z,BAL Ravens,NO Saints,player_pass_interceptions,Tyler Shough,0.5,Under,hardrock,-110,5.57,0.553,pinnacle,7,31.2,True,ev +5.6 fair 0.553 pinnacle 7b
2026-09-19T09:50:22Z,football_nfl,32639,2026-09-20T17:00:00Z,BAL Ravens,NO Saints,player_pass_interceptions,Tyler Shough,0.5,Under,bovada,-110,5.57,0.553,pinnacle,7,31.2,False,ev +5.6 fair 0.553 pinnacle 7b
2026-09-19T09:50:22Z,football_nfl,32639,2026-09-20T17:00:00Z,BAL Ravens,NO Saints,player_receptions,Derrick Henry,1.5,Under,hardrock,-170,5.43,0.6638,kalshi,5,31.2,True,ev +5.4 fair 0.664 kalshi 5b
2026-09-19T09:50:22Z,football_nfl,32639,2026-09-20T17:00:00Z,BAL Ravens,NO Saints,player_receptions,LaJohntay Wester,2.5,Over,kalshi,163,7.71,0.4095,pinnacle,8,31.2,False,ev +7.7 fair 0.409 pinnacle 8b
2026-09-19T09:50:22Z,football_nfl,32639,2026-09-20T17:00:00Z,BAL Ravens,NO Saints,player_receptions,Travis Etienne Jr.,1.5,Under,kalshi,144,3.66,0.4248,pinnacle,6,31.2,False,ev +3.7 fair 0.425 pinnacle 6b
2026-09-19T09:50:22Z,football_nfl,32639,2026-09-20T17:00:00Z,BAL Ravens,NO Saints,player_rush_yds,Alvin Kamara,16.5,Under,draftkings,-112,3.82,0.5485,pinnacle,4,31.2,False,ev +3.8 fair 0.548 pinnacle 4b
2026-09-19T09:50:22Z,football_nfl,32636,2026-09-20T17:00:00Z,NY Jets,GB Packers,player_receptions,Chris Brooks,1.5,Over,kalshi,138,4.05,0.4372,pinnacle,8,31.2,False,ev +4.0 fair 0.437 pinnacle 8b
2026-09-19T09:50:22Z,football_nfl,32636,2026-09-20T17:00:00Z,NY Jets,GB Packers,player_receptions,Garrett Wilson,5.5,Under,bovada,115,4.45,0.4858,pinnacle,9,31.2,False,ev +4.5 fair 0.486 pinnacle 9b
2026-09-19T09:50:22Z,football_nfl,32636,2026-09-20T17:00:00Z,NY Jets,GB Packers,player_receptions,Garrett Wilson,5.5,Under,draftkings,114,3.96,0.4858,pinnacle,9,31.2,False,ev +4.0 fair 0.486 pinnacle 9b
2026-09-19T09:50:22Z,football_nfl,32641,2026-09-20T20:05:00Z,DEN Broncos,JAX Jaguars,player_reception_yds,Pat Bryant,30.5,Under,fanatics,-110,3.83,0.5438,pinnacle,7,34.2,False,ev +3.8 fair 0.544 pinnacle 7b
2026-09-19T09:50:22Z,football_nfl,32644,2026-09-20T20:25:00Z,DAL Cowboys,WAS Commanders,player_pass_attempts,Jayden Daniels,29.5,Over,underdog,-102,4.6,0.5282,pinnacle,5,34.6,False,ev +4.6 fair 0.528 pinnacle 5b
2026-09-19T09:50:22Z,football_nfl,32644,2026-09-20T20:25:00Z,DAL Cowboys,WAS Commanders,player_receptions,Rachaad White,2.5,Under,hardrock,-165,3.41,0.6439,kalshi,6,34.6,True,ev +3.4 fair 0.644 kalshi 6b
2026-09-19T09:50:22Z,football_nfl,32643,2026-09-20T20:25:00Z,SF 49ers,MIA Dolphins,player_field_goals_made,Eddy Pineiro,1.5,Under,hardrock,120,7.77,0.4899,pinnacle,4,34.6,True,ev +7.8 fair 0.490 pinnacle 4b
2026-09-19T09:50:22Z,football_nfl,32643,2026-09-20T20:25:00Z,SF 49ers,MIA Dolphins,player_pass_tds,Brock Purdy,1.5,Under,kalshi,170,5.7,0.3915,pinnacle,9,34.6,False,ev +5.7 fair 0.392 pinnacle 9b
2026-09-19T09:50:22Z,football_nfl,32643,2026-09-20T20:25:00Z,SF 49ers,MIA Dolphins,player_receptions,Caleb Douglas,2.5,Over,kalshi,-144,3.18,0.609,pinnacle,9,34.6,False,ev +3.2 fair 0.609 pinnacle 9b
2026-09-19T09:50:22Z,football_nfl,32643,2026-09-20T20:25:00Z,SF 49ers,MIA Dolphins,player_receptions,Demarcus Robinson,1.5,Under,kalshi,138,4.48,0.439,pinnacle,8,34.6,False,ev +4.5 fair 0.439 pinnacle 8b
2026-09-19T09:50:22Z,football_nfl,32643,2026-09-20T20:25:00Z,SF 49ers,MIA Dolphins,player_receptions,Greg Dulcich,2.5,Under,kalshi,-127,4.49,0.5846,pinnacle,9,34.6,False,ev +4.5 fair 0.585 pinnacle 9b
2026-09-19T09:50:22Z,football_nfl,32643,2026-09-20T20:25:00Z,SF 49ers,MIA Dolphins,player_rush_attempts,Brock Purdy,4.5,Under,hardrock,-140,4.88,0.6118,pinnacle,3,34.6,True,ev +4.9 fair 0.612 pinnacle 3b
2026-09-19T09:50:22Z,football_nfl,32646,2026-09-21T00:20:00Z,KC Chiefs,IND Colts,player_receptions,Xavier Worthy,3.5,Over,kalshi,127,3.1,0.4542,pinnacle,9,38.5,False,ev +3.1 fair 0.454 pinnacle 9b
2026-09-19T09:50:22Z,football_nfl,32646,2026-09-21T00:20:00Z,KC Chiefs,IND Colts,player_rush_yds,Jonathan Taylor,86.5,Under,fanduel,-114,3.45,0.5511,pinnacle,3,38.5,False,ev +3.5 fair 0.551 pinnacle 3b
2026-09-19T09:50:22Z,football_nfl,32647,2026-09-22T00:15:00Z,LA Rams,NY Giants,player_receptions,Isaiah Likely,4.5,Over,kalshi,108,3.58,0.498,pinnacle,9,62.4,False,ev +3.6 fair 0.498 pinnacle 9b
2026-09-19T14:55:50Z,football_nfl,32633,2026-09-20T17:00:00Z,ATL Falcons,CAR Panthers,player_receptions,Chuba Hubbard,2.5,Over,kalshi,163,5.02,0.3993,pinnacle,8,26.1,False,ev +5.0 fair 0.399 pinnacle 8b
2026-09-19T14:55:50Z,football_nfl,32633,2026-09-20T17:00:00Z,ATL Falcons,CAR Panthers,player_receptions,Darren Waller,2.5,Over,kalshi,170,10.58,0.4095,pinnacle,8,26.1,False,ev +10.6 fair 0.409 pinnacle 8b
2026-09-19T14:55:50Z,football_nfl,32633,2026-09-20T17:00:00Z,ATL Falcons,CAR Panthers,player_rush_attempts,Chuba Hubbard,13.5,Over,draftkings,-112,3.82,0.5485,pinnacle,4,26.1,False,ev +3.8 fair 0.548 pinnacle 4b
2026-09-19T14:55:50Z,football_nfl,32633,2026-09-20T17:00:00Z,ATL Falcons,CAR Panthers,player_rush_yds,Cooper Rush,0.5,Over,fanduel,136,3.45,0.4383,pinnacle,5,26.1,False,ev +3.5 fair 0.438 pinnacle 5b
2026-09-19T14:55:50Z,football_nfl,32635,2026-09-20T17:00:00Z,TB Buccaneers,CLE Browns,player_receptions,Chris Godwin,3.5,Over,fanduel,-125,5.03,0.5835,bovada,6,26.1,False,ev +5.0 fair 0.584 bovada 6b
2026-09-19T14:55:50Z,football_nfl,32635,2026-09-20T17:00:00Z,TB Buccaneers,CLE Browns,player_receptions,Emeka Egbuka,3.5,Under,kalshi,138,3.89,0.4365,pinnacle,6,26.1,False,ev +3.9 fair 0.436 pinnacle 6b
2026-09-19T14:55:50Z,football_nfl,32637,2026-09-20T17:00:00Z,CHI Bears,MIN Vikings,player_pass_completions,Caleb Williams,19.5,Under,draftkings,100,4.64,0.5232,pinnacle,4,26.1,False,ev +4.6 fair 0.523 pinnacle 4b
2026-09-19T14:55:50Z,football_nfl,32637,2026-09-20T17:00:00Z,CHI Bears,MIN Vikings,player_reception_yds,Rome Odunze,39.5,Over,kalshi,108,3.58,0.498,pinnacle,7,26.1,False,ev +3.6 fair 0.498 pinnacle 7b
2026-09-19T14:55:50Z,football_nfl,32638,2026-09-20T17:00:00Z,NE Patriots,PIT Steelers,player_receptions,DeMario Douglas,3.5,Over,kalshi,127,3.1,0.4542,pinnacle,4,26.1,False,ev +3.1 fair 0.454 pinnacle 4b
2026-09-19T14:55:50Z,football_nfl,32638,2026-09-20T17:00:00Z,NE Patriots,PIT Steelers,player_receptions,Jaylen Warren,2.5,Under,kalshi,156,4.04,0.4064,pinnacle,6,26.1,False,ev +4.0 fair 0.406 pinnacle 6b
2026-09-19T14:55:50Z,football_nfl,32640,2026-09-20T17:00:00Z,HOU Texans,CIN Bengals,player_reception_yds,Dalton Schultz,41.5,Under,bovada,120,7.12,0.4869,pinnacle,4,26.1,False,ev +7.1 fair 0.487 pinnacle 4b
2026-09-19T14:55:50Z,football_nfl,32640,2026-09-20T17:00:00Z,HOU Texans,CIN Bengals,player_receptions,David Montgomery,1.5,Under,kalshi,156,3.91,0.4059,pinnacle,11,26.1,False,ev +3.9 fair 0.406 pinnacle 11b
2026-09-19T14:55:50Z,football_nfl,32640,2026-09-20T17:00:00Z,HOU Texans,CIN Bengals,player_receptions,Xavier Hutchinson,2.5,Under,kalshi,127,4.16,0.4589,pinnacle,11,26.1,False,ev +4.2 fair 0.459 pinnacle 11b
2026-09-19T14:55:50Z,football_nfl,32640,2026-09-20T17:00:00Z,HOU Texans,CIN Bengals,player_rush_attempts,Joe Burrow,2.5,Over,underdog,-103,6.8,0.5419,pinnacle,4,26.1,False,ev +6.8 fair 0.542 pinnacle 4b
2026-09-19T14:55:50Z,football_nfl,32639,2026-09-20T17:00:00Z,BAL Ravens,NO Saints,player_pass_interceptions,Tyler Shough,0.5,Under,draftkings,100,8.77,0.5438,pinnacle,6,26.1,False,ev +8.8 fair 0.544 pinnacle 6b
2026-09-19T14:55:50Z,football_nfl,32639,2026-09-20T17:00:00Z,BAL Ravens,NO Saints,player_pass_interceptions,Tyler Shough,0.5,Under,bovada,100,8.77,0.5438,pinnacle,6,26.1,False,ev +8.8 fair 0.544 pinnacle 6b
2026-09-19T14:55:50Z,football_nfl,32639,2026-09-20T17:00:00Z,BAL Ravens,NO Saints,player_pass_interceptions,Tyler Shough,0.5,Under,hardrock,-105,6.18,0.5438,pinnacle,6,26.1,True,ev +6.2 fair 0.544 pinnacle 6b
2026-09-19T14:55:50Z,football_nfl,32639,2026-09-20T17:00:00Z,BAL Ravens,NO Saints,player_pass_tds,Tyler Shough,1.5,Over,kalshi,203,3.35,0.3411,pinnacle,9,26.1,False,ev +3.4 fair 0.341 pinnacle 9b
2026-09-19T14:55:50Z,football_nfl,32639,2026-09-20T17:00:00Z,BAL Ravens,NO Saints,player_receptions,Alvin Kamara,2.5,Over,kalshi,163,3.73,0.3944,pinnacle,7,26.1,False,ev +3.7 fair 0.394 pinnacle 7b
2026-09-19T14:55:50Z,football_nfl,32639,2026-09-20T17:00:00Z,BAL Ravens,NO Saints,player_receptions,Derrick Henry,1.5,Under,hardrock,-170,5.43,0.6638,kalshi,6,26.1,True,ev +5.4 fair 0.664 kalshi 6b
2026-09-19T14:55:50Z,football_nfl,32639,2026-09-20T17:00:00Z,BAL Ravens,NO Saints,player_receptions,LaJohntay Wester,2.5,Over,kalshi,156,4.17,0.4069,pinnacle,8,26.1,False,ev +4.2 fair 0.407 pinnacle 8b
2026-09-19T14:55:50Z,football_nfl,32639,2026-09-20T17:00:00Z,BAL Ravens,NO Saints,player_receptions,Rashod Bateman,2.5,Under,kalshi,127,3.1,0.4542,pinnacle,9,26.1,False,ev +3.1 fair 0.454 pinnacle 9b
2026-09-19T14:55:50Z,football_nfl,32636,2026-09-20T17:00:00Z,NY Jets,GB Packers,player_pass_yds,Jordan Love,254.5,Under,fanduel,-114,3.45,0.5511,pinnacle,3,26.1,False,ev +3.5 fair 0.551 pinnacle 3b
2026-09-19T14:55:50Z,football_nfl,32636,2026-09-20T17:00:00Z,NY Jets,GB Packers,player_receptions,MarShawn Lloyd,1.5,Over,kalshi,163,6.89,0.4064,pinnacle,8,26.1,False,ev +6.9 fair 0.406 pinnacle 8b
2026-09-19T14:55:50Z,football_nfl,32636,2026-09-20T17:00:00Z,NY Jets,GB Packers,player_rush_yds,Chris Brooks,24.5,Over,kalshi,108,4.0,0.5,pinnacle,9,26.1,False,ev +4.0 fair 0.500 pinnacle 9b
2026-09-19T14:55:50Z,football_nfl,32645,2026-09-20T20:25:00Z,ARI Cardinals,SEA Seahawks,player_receptions,AJ Barner,2.5,Under,underdog,-105,3.12,0.5282,pinnacle,9,29.5,False,ev +3.1 fair 0.528 pinnacle 9b
2026-09-19T14:55:50Z,football_nfl,32645,2026-09-20T20:25:00Z,ARI Cardinals,SEA Seahawks,player_receptions,Cooper Kupp,2.5,Over,kalshi,150,4.26,0.417,pinnacle,9,29.5,False,ev +4.3 fair 0.417 pinnacle 9b
2026-09-19T14:55:50Z,football_nfl,32645,2026-09-20T20:25:00Z,ARI Cardinals,SEA Seahawks,player_receptions,Trey McBride,6.5,Over,kalshi,108,4.0,0.5,pinnacle,9,29.5,False,ev +4.0 fair 0.500 pinnacle 9b
2026-09-19T14:55:50Z,football_nfl,32644,2026-09-20T20:25:00Z,DAL Cowboys,WAS Commanders,player_pass_attempts,Jayden Daniels,29.5,Over,underdog,-102,4.6,0.5282,pinnacle,5,29.5,False,ev +4.6 fair 0.528 pinnacle 5b
2026-09-19T14:55:50Z,football_nfl,32643,2026-09-20T20:25:00Z,SF 49ers,MIA Dolphins,player_field_goals_made,Eddy Pineiro,1.5,Under,hardrock,120,7.77,0.4899,pinnacle,4,29.5,True,ev +7.8 fair 0.490 pinnacle 4b
2026-09-19T14:55:50Z,football_nfl,32643,2026-09-20T20:25:00Z,SF 49ers,MIA Dolphins,player_pass_tds,Brock Purdy,1.5,Under,kalshi,170,5.7,0.3915,pinnacle,9,29.5,False,ev +5.7 fair 0.392 pinnacle 9b
2026-09-19T14:55:50Z,football_nfl,32643,2026-09-20T20:25:00Z,SF 49ers,MIA Dolphins,player_receptions,Caleb Douglas,2.5,Over,kalshi,-144,3.18,0.609,pinnacle,9,29.5,False,ev +3.2 fair 0.609 pinnacle 9b
2026-09-19T14:55:50Z,football_nfl,32643,2026-09-20T20:25:00Z,SF 49ers,MIA Dolphins,player_receptions,Greg Dulcich,2.5,Under,kalshi,-127,4.49,0.5846,pinnacle,9,29.5,False,ev +4.5 fair 0.585 pinnacle 9b
2026-09-19T14:55:50Z,football_nfl,32643,2026-09-20T20:25:00Z,SF 49ers,MIA Dolphins,player_rush_attempts,Brock Purdy,4.5,Under,hardrock,-140,4.88,0.6118,pinnacle,3,29.5,True,ev +4.9 fair 0.612 pinnacle 3b
2026-09-19T14:55:50Z,football_nfl,32646,2026-09-21T00:20:00Z,KC Chiefs,IND Colts,player_rush_yds,Jonathan Taylor,86.5,Under,fanduel,-114,3.45,0.5511,pinnacle,3,33.4,False,ev +3.5 fair 0.551 pinnacle 3b
2026-09-19T19:41:45Z,football_nfl,32633,2026-09-20T17:00:00Z,ATL Falcons,CAR Panthers,player_receptions,Chuba Hubbard,2.5,Over,kalshi,156,3.11,0.4028,pinnacle,8,21.3,False,ev +3.1 fair 0.403 pinnacle 8b
2026-09-19T19:41:45Z,football_nfl,32633,2026-09-20T17:00:00Z,ATL Falcons,CAR Panthers,player_receptions,Darren Waller,2.5,Over,kalshi,170,3.1,0.3818,pinnacle,8,21.3,False,ev +3.1 fair 0.382 pinnacle 8b
2026-09-19T19:41:45Z,football_nfl,32633,2026-09-20T17:00:00Z,ATL Falcons,CAR Panthers,player_rush_yds,Cooper Rush,0.5,Over,fanduel,136,7.34,0.4548,pinnacle,5,21.3,False,ev +7.3 fair 0.455 pinnacle 5b
2026-09-19T19:41:45Z,football_nfl,32633,2026-09-20T17:00:00Z,ATL Falcons,CAR Panthers,player_rush_yds,Cooper Rush,0.5,Over,draftkings,131,5.06,0.4548,pinnacle,5,21.3,False,ev +5.1 fair 0.455 pinnacle 5b
2026-09-19T19:41:45Z,football_nfl,32633,2026-09-20T17:00:00Z,ATL Falcons,CAR Panthers,player_rush_yds,Cooper Rush,0.5,Over,bovada,130,4.61,0.4548,pinnacle,5,21.3,False,ev +4.6 fair 0.455 pinnacle 5b
2026-09-19T19:41:45Z,football_nfl,32635,2026-09-20T17:00:00Z,TB Buccaneers,CLE Browns,player_receptions,Bucky Irving,2.5,Over,fanduel,116,7.09,0.4958,pinnacle,9,21.3,False,ev +7.1 fair 0.496 pinnacle 9b
2026-09-19T19:41:45Z,football_nfl,32635,2026-09-20T17:00:00Z,TB Buccaneers,CLE Browns,player_receptions,Bucky Irving,2.5,Over,kalshi,113,5.6,0.4958,pinnacle,9,21.3,False,ev +5.6 fair 0.496 pinnacle 9b
2026-09-19T19:41:45Z,football_nfl,32635,2026-09-20T17:00:00Z,TB Buccaneers,CLE Browns,player_receptions,Bucky Irving,2.5,Over,hardrock,110,4.12,0.4958,pinnacle,9,21.3,True,ev +4.1 fair 0.496 pinnacle 9b
2026-09-19T19:41:45Z,football_nfl,32635,2026-09-20T17:00:00Z,TB Buccaneers,CLE Browns,player_receptions,Chris Godwin,3.5,Over,fanduel,-125,3.53,0.5752,bovada,6,21.3,False,ev +3.5 fair 0.575 bovada 6b
2026-09-19T19:41:45Z,football_nfl,32635,2026-09-20T17:00:00Z,TB Buccaneers,CLE Browns,player_receptions,Emeka Egbuka,3.5,Under,kalshi,138,3.86,0.4364,pinnacle,6,21.3,False,ev +3.9 fair 0.436 pinnacle 6b
2026-09-19T19:41:45Z,football_nfl,32637,2026-09-20T17:00:00Z,CHI Bears,MIN Vikings,player_receptions,Colston Loveland,4.5,Under,kalshi,-100,5.86,0.5293,pinnacle,10,21.3,False,ev +5.9 fair 0.529 pinnacle 10b
2026-09-19T19:41:45Z,football_nfl,32637,2026-09-20T17:00:00Z,CHI Bears,MIN Vikings,player_receptions,Colston Loveland,4.5,Under,underdog,-102,4.82,0.5293,pinnacle,10,21.3,False,ev +4.8 fair 0.529 pinnacle 10b
2026-09-19T19:41:45Z,football_nfl,32637,2026-09-20T17:00:00Z,CHI Bears,MIN Vikings,player_receptions,Josh Oliver,1.5,Under,kalshi,-104,5.61,0.5384,pinnacle,9,21.3,False,ev +5.6 fair 0.538 pinnacle 9b
2026-09-19T19:41:45Z,football_nfl,32637,2026-09-20T17:00:00Z,CHI Bears,MIN Vikings,player_receptions,Kalif Raymond,2.5,Under,draftkings,-143,3.44,0.6087,pinnacle,9,21.3,False,ev +3.4 fair 0.609 pinnacle 9b
2026-09-19T19:41:45Z,football_nfl,32638,2026-09-20T17:00:00Z,NE Patriots,PIT Steelers,player_pass_tds,Aaron Rodgers,1.5,Over,kalshi,257,16.41,0.3261,pinnacle,6,21.3,False,ev +16.4 fair 0.326 pinnacle 6b
2026-09-19T19:41:45Z,football_nfl,32638,2026-09-20T17:00:00Z,NE Patriots,PIT Steelers,player_reception_yds,Rico Dowdle,14.5,Over,kalshi,108,4.0,0.5,pinnacle,6,21.3,False,ev +4.0 fair 0.500 pinnacle 6b
2026-09-19T19:41:45Z,football_nfl,32638,2026-09-20T17:00:00Z,NE Patriots,PIT Steelers,player_receptions,DK Metcalf,4.5,Under,kalshi,-108,4.08,0.5404,pinnacle,9,21.3,False,ev +4.1 fair 0.540 pinnacle 9b
2026-09-19T19:41:45Z,football_nfl,32638,2026-09-20T17:00:00Z,NE Patriots,PIT Steelers,player_receptions,DeMario Douglas,3.5,Under,kalshi,-133,3.71,0.592,pinnacle,4,21.3,False,ev +3.7 fair 0.592 pinnacle 4b
2026-09-19T19:41:45Z,football_nfl,32638,2026-09-20T17:00:00Z,NE Patriots,PIT Steelers,player_receptions,Germie Bernard,1.5,Over,kalshi,113,7.85,0.5063,pinnacle,8,21.3,False,ev +7.8 fair 0.506 pinnacle 8b
2026-09-19T19:41:45Z,football_nfl,32638,2026-09-20T17:00:00Z,NE Patriots,PIT Steelers,player_receptions,Germie Bernard,1.5,Over,fanduel,106,4.3,0.5063,pinnacle,8,21.3,False,ev +4.3 fair 0.506 pinnacle 8b
2026-09-19T19:41:45Z,football_nfl,32638,2026-09-20T17:00:00Z,NE Patriots,PIT Steelers,player_receptions,Jaylen Warren,2.5,Under,kalshi,156,3.64,0.4048,pinnacle,7,21.3,False,ev +3.6 fair 0.405 pinnacle 7b
2026-09-19T19:41:45Z,football_nfl,32638,2026-09-20T17:00:00Z,NE Patriots,PIT Steelers,player_receptions,Pat Freiermuth,3.5,Over,kalshi,127,8.49,0.4779,pinnacle,9,21.3,False,ev +8.5 fair 0.478 pinnacle 9b
2026-09-19T19:41:45Z,football_nfl,32638,2026-09-20T17:00:00Z,NE Patriots,PIT Steelers,player_receptions,Pat Freiermuth,3.5,Over,fanduel,122,6.1,0.4779,pinnacle,9,21.3,False,ev +6.1 fair 0.478 pinnacle 9b
2026-09-19T19:41:45Z,football_nfl,32638,2026-09-20T17:00:00Z,NE Patriots,PIT Steelers,player_receptions,Pat Freiermuth,3.5,Over,draftkings,117,3.71,0.4779,pinnacle,9,21.3,False,ev +3.7 fair 0.478 pinnacle 9b
2026-09-19T19:41:45Z,football_nfl,32638,2026-09-20T17:00:00Z,NE Patriots,PIT Steelers,player_receptions,Rhamondre Stevenson,2.5,Over,kalshi,-117,3.51,0.5581,pinnacle,9,21.3,False,ev +3.5 fair 0.558 pinnacle 9b
2026-09-19T19:41:45Z,football_nfl,32638,2026-09-20T17:00:00Z,NE Patriots,PIT Steelers,player_receptions,Rico Dowdle,2.5,Over,kalshi,104,4.15,0.5105,pinnacle,10,21.3,False,ev +4.2 fair 0.510 pinnacle 10b
2026-09-19T19:41:45Z,football_nfl,32638,2026-09-20T17:00:00Z,NE Patriots,PIT Steelers,player_receptions,Roman Wilson,2.5,Under,bovada,120,3.55,0.4707,pinnacle,8,21.3,False,ev +3.5 fair 0.471 pinnacle 8b
2026-09-19T19:41:45Z,football_nfl,32638,2026-09-20T17:00:00Z,NE Patriots,PIT Steelers,player_receptions,Roman Wilson,2.5,Under,draftkings,119,3.08,0.4707,pinnacle,8,21.3,False,ev +3.1 fair 0.471 pinnacle 8b
2026-09-19T19:41:45Z,football_nfl,32638,2026-09-20T17:00:00Z,NE Patriots,PIT Steelers,player_receptions,Romeo Doubs,3.5,Over,kalshi,122,4.69,0.4716,pinnacle,9,21.3,False,ev +4.7 fair 0.472 pinnacle 9b
2026-09-19T19:41:45Z,football_nfl,32638,2026-09-20T17:00:00Z,NE Patriots,PIT Steelers,player_receptions,TreVeyon Henderson,1.5,Over,kalshi,113,6.05,0.4979,pinnacle,9,21.3,False,ev +6.0 fair 0.498 pinnacle 9b
2026-09-19T19:41:45Z,football_nfl,32638,2026-09-20T17:00:00Z,NE Patriots,PIT Steelers,player_receptions,TreVeyon Henderson,1.5,Over,fanduel,112,5.55,0.4979,pinnacle,9,21.3,False,ev +5.5 fair 0.498 pinnacle 9b
2026-09-19T19:41:45Z,football_nfl,32638,2026-09-20T17:00:00Z,NE Patriots,PIT Steelers,player_rush_attempts,Drake Maye,5.5,Over,draftkings,108,3.12,0.4958,pinnacle,4,21.3,False,ev +3.1 fair 0.496 pinnacle 4b
2026-09-19T19:41:45Z,football_nfl,32640,2026-09-20T17:00:00Z,HOU Texans,CIN Bengals,player_receptions,David Montgomery,1.5,Under,kalshi,156,3.9,0.4059,pinnacle,11,21.3,False,ev +3.9 fair 0.406 pinnacle 11b
2026-09-19T19:41:45Z,football_nfl,32640,2026-09-20T17:00:00Z,HOU Texans,CIN Bengals,player_receptions,Tee Higgins,3.5,Under,kalshi,144,3.59,0.4245,pinnacle,10,21.3,False,ev +3.6 fair 0.424 pinnacle 10b
2026-09-19T19:41:45Z,football_nfl,32640,2026-09-20T17:00:00Z,HOU Texans,CIN Bengals,player_rush_attempts,Joe Burrow,2.5,Over,underdog,-102,7.42,0.5424,pinnacle,4,21.3,False,ev +7.4 fair 0.542 pinnacle 4b
2026-09-19T19:41:45Z,football_nfl,32639,2026-09-20T17:00:00Z,BAL Ravens,NO Saints,player_pass_tds,Tyler Shough,1.5,Over,kalshi,212,6.56,0.3415,pinnacle,7,21.3,False,ev +6.6 fair 0.342 pinnacle 7b
2026-09-19T19:41:45Z,football_nfl,32639,2026-09-20T17:00:00Z,BAL Ravens,NO Saints,player_reception_yds,Devaughn Vele,41.5,Over,underdog,-112,4.8,0.5536,pinnacle,4,21.3,False,ev +4.8 fair 0.554 pinnacle 4b
2026-09-19T19:41:45Z,football_nfl,32639,2026-09-20T17:00:00Z,BAL Ravens,NO Saints,player_reception_yds,Devaughn Vele,41.5,Over,fanduel,-113,4.36,0.5536,pinnacle,4,21.3,False,ev +4.4 fair 0.554 pinnacle 4b
2026-09-19T19:41:45Z,football_nfl,32639,2026-09-20T17:00:00Z,BAL Ravens,NO Saints,player_reception_yds,Juwan Johnson,38.5,Over,underdog,-112,4.3,0.551,pinnacle,5,21.3,False,ev +4.3 fair 0.551 pinnacle 5b
2026-09-19T19:41:45Z,football_nfl,32639,2026-09-20T17:00:00Z,BAL Ravens,NO Saints,player_reception_yds,Juwan Johnson,38.5,Over,fanduel,-113,3.86,0.551,pinnacle,5,21.3,False,ev +3.9 fair 0.551 pinnacle 5b
2026-09-19T19:41:45Z,football_nfl,32639,2026-09-20T17:00:00Z,BAL Ravens,NO Saints,player_reception_yds,Noah Fant,14.5,Over,kalshi,108,4.0,0.5,pinnacle,5,21.3,False,ev +4.0 fair 0.500 pinnacle 5b
2026-09-19T19:41:45Z,football_nfl,32639,2026-09-20T17:00:00Z,BAL Ravens,NO Saints,player_receptions,Alvin Kamara,2.5,Over,kalshi,163,3.68,0.3942,pinnacle,9,21.3,False,ev +3.7 fair 0.394 pinnacle 9b
2026-09-19T19:41:45Z,football_nfl,32639,2026-09-20T17:00:00Z,BAL Ravens,NO Saints,player_receptions,Devaughn Vele,3.5,Over,draftkings,-124,7.04,0.5926,pinnacle,9,21.3,False,ev +7.0 fair 0.593 pinnacle 9b
2026-09-19T19:41:45Z,football_nfl,32639,2026-09-20T17:00:00Z,BAL Ravens,NO Saints,player_receptions,Devaughn Vele,3.5,Over,kalshi,-133,3.81,0.5926,pinnacle,9,21.3,False,ev +3.8 fair 0.593 pinnacle 9b
2026-09-19T19:41:45Z,football_nfl,32639,2026-09-20T17:00:00Z,BAL Ravens,NO Saints,player_receptions,Devaughn Vele,3.5,Over,bovada,-135,3.15,0.5926,pinnacle,9,21.3,False,ev +3.1 fair 0.593 pinnacle 9b
2026-09-19T19:41:45Z,football_nfl,32639,2026-09-20T17:00:00Z,BAL Ravens,NO Saints,player_receptions,Juwan Johnson,3.5,Over,kalshi,-122,7.83,0.5926,pinnacle,9,21.3,False,ev +7.8 fair 0.593 pinnacle 9b
2026-09-19T19:41:45Z,football_nfl,32639,2026-09-20T17:00:00Z,BAL Ravens,NO Saints,player_receptions,Juwan Johnson,3.5,Over,bovada,-130,4.84,0.5926,pinnacle,9,21.3,False,ev +4.8 fair 0.593 pinnacle 9b
2026-09-19T19:41:45Z,football_nfl,32639,2026-09-20T17:00:00Z,BAL Ravens,NO Saints,player_receptions,LaJohntay Wester,2.5,Over,kalshi,156,4.04,0.4064,pinnacle,8,21.3,False,ev +4.0 fair 0.406 pinnacle 8b
2026-09-19T19:41:45Z,football_nfl,32636,2026-09-20T17:00:00Z,NY Jets,GB Packers,player_receptions,Jonnu Smith,1.5,Over,bovada,125,3.23,0.4588,pinnacle,9,21.3,False,ev +3.2 fair 0.459 pinnacle 9b
2026-09-19T19:41:45Z,football_nfl,32636,2026-09-20T17:00:00Z,NY Jets,GB Packers,player_receptions,Kenyon Sadiq,2.5,Under,kalshi,-117,4.66,0.5643,pinnacle,10,21.3,False,ev +4.7 fair 0.564 pinnacle 10b
2026-09-19T19:41:45Z,football_nfl,32636,2026-09-20T17:00:00Z,NY Jets,GB Packers,player_receptions,Kenyon Sadiq,2.5,Under,underdog,-118,4.25,0.5643,pinnacle,10,21.3,False,ev +4.2 fair 0.564 pinnacle 10b
2026-09-19T19:41:45Z,football_nfl,32636,2026-09-20T17:00:00Z,NY Jets,GB Packers,player_receptions,MarShawn Lloyd,1.5,Over,kalshi,163,6.88,0.4064,pinnacle,8,21.3,False,ev +6.9 fair 0.406 pinnacle 8b
2026-09-19T19:41:45Z,football_nfl,32636,2026-09-20T17:00:00Z,NY Jets,GB Packers,player_receptions,Tucker Kraft,3.5,Over,kalshi,-117,3.03,0.5555,pinnacle,9,21.3,False,ev +3.0 fair 0.555 pinnacle 9b
2026-09-19T19:41:45Z,football_nfl,32644,2026-09-20T20:25:00Z,DAL Cowboys,WAS Commanders,player_pass_attempts,Jayden Daniels,29.5,Over,underdog,-102,4.65,0.5284,pinnacle,5,24.7,False,ev +4.7 fair 0.528 pinnacle 5b
2026-09-19T19:41:45Z,football_nfl,32643,2026-09-20T20:25:00Z,SF 49ers,MIA Dolphins,player_field_goals_made,Eddy Pineiro,1.5,Under,hardrock,120,7.68,0.4895,pinnacle,4,24.7,True,ev +7.7 fair 0.489 pinnacle 4b
2026-09-19T19:41:45Z,football_nfl,32643,2026-09-20T20:25:00Z,SF 49ers,MIA Dolphins,player_pass_tds,Brock Purdy,1.5,Under,kalshi,170,5.65,0.3913,pinnacle,9,24.7,False,ev +5.7 fair 0.391 pinnacle 9b
2026-09-19T19:41:45Z,football_nfl,32643,2026-09-20T20:25:00Z,SF 49ers,MIA Dolphins,player_receptions,Greg Dulcich,2.5,Over,fanduel,134,8.97,0.4657,pinnacle,9,24.7,False,ev +9.0 fair 0.466 pinnacle 9b
2026-09-19T19:41:45Z,football_nfl,32643,2026-09-20T20:25:00Z,SF 49ers,MIA Dolphins,player_receptions,Greg Dulcich,2.5,Over,kalshi,122,3.38,0.4657,pinnacle,9,24.7,False,ev +3.4 fair 0.466 pinnacle 9b
2026-09-19T19:41:45Z,football_nfl,32643,2026-09-20T20:25:00Z,SF 49ers,MIA Dolphins,player_receptions,Malik Washington,3.5,Over,bovada,110,6.77,0.5084,pinnacle,9,24.7,False,ev +6.8 fair 0.508 pinnacle 9b
2026-09-19T19:41:45Z,football_nfl,32643,2026-09-20T20:25:00Z,SF 49ers,MIA Dolphins,player_receptions,Malik Washington,3.5,Over,draftkings,109,6.26,0.5084,pinnacle,9,24.7,False,ev +6.3 fair 0.508 pinnacle 9b
2026-09-19T19:41:45Z,football_nfl,32643,2026-09-20T20:25:00Z,SF 49ers,MIA Dolphins,player_receptions,Malik Washington,3.5,Over,kalshi,108,5.75,0.5084,pinnacle,9,24.7,False,ev +5.8 fair 0.508 pinnacle 9b
2026-09-19T19:41:45Z,football_nfl,32646,2026-09-21T00:20:00Z,KC Chiefs,IND Colts,player_receptions,Rashee Rice,4.5,Over,kalshi,-117,3.03,0.5555,pinnacle,11,28.6,False,ev +3.0 fair 0.555 pinnacle 11b
2026-09-19T19:41:45Z,football_nfl,32646,2026-09-21T00:20:00Z,KC Chiefs,IND Colts,player_receptions,Xavier Worthy,3.5,Over,kalshi,127,3.25,0.4548,pinnacle,11,28.6,False,ev +3.2 fair 0.455 pinnacle 11b
2026-09-19T19:41:45Z,football_nfl,32647,2026-09-22T00:15:00Z,LA Rams,NY Giants,player_pass_attempts,Matthew Stafford,32.5,Over,bovada,100,4.24,0.5212,pinnacle,4,52.6,False,ev +4.2 fair 0.521 pinnacle 4b
2026-09-19T19:41:45Z,football_nfl,32647,2026-09-22T00:15:00Z,LA Rams,NY Giants,player_receptions,Davante Adams,3.5,Under,fanduel,162,7.02,0.4085,pinnacle,5,52.6,False,ev +7.0 fair 0.408 pinnacle 5b
2026-09-19T19:41:45Z,football_nfl,32647,2026-09-22T00:15:00Z,LA Rams,NY Giants,player_rush_attempts,Kyren Williams,14.5,Under,draftkings,-126,3.06,0.5746,pinnacle,3,52.6,False,ev +3.1 fair 0.575 pinnacle 3b
2026-09-20T01:58:36Z,football_nfl,32634,2026-09-20T17:00:00Z,TEN Titans,PHI Eagles,player_receptions,Carnell Tate,3.5,Over,kalshi,-104,3.24,0.5263,pinnacle,9,15.0,False,ev +3.2 fair 0.526 pinnacle 9b
2026-09-20T01:58:36Z,football_nfl,32634,2026-09-20T17:00:00Z,TEN Titans,PHI Eagles,player_receptions,Dallas Goedert,3.5,Under,kalshi,117,4.17,0.4801,pinnacle,9,15.0,False,ev +4.2 fair 0.480 pinnacle 9b
2026-09-20T01:58:36Z,football_nfl,32634,2026-09-20T17:00:00Z,TEN Titans,PHI Eagles,player_receptions,Tony Pollard,1.5,Over,kalshi,113,3.15,0.4843,pinnacle,10,15.0,False,ev +3.1 fair 0.484 pinnacle 10b
2026-09-20T01:58:36Z,football_nfl,32633,2026-09-20T17:00:00Z,ATL Falcons,CAR Panthers,player_receptions,Chuba Hubbard,2.5,Over,kalshi,156,3.11,0.4028,pinnacle,8,15.0,False,ev +3.1 fair 0.403 pinnacle 8b
2026-09-20T01:58:36Z,football_nfl,32633,2026-09-20T17:00:00Z,ATL Falcons,CAR Panthers,player_receptions,Darren Waller,2.5,Over,kalshi,170,3.1,0.3818,pinnacle,8,15.0,False,ev +3.1 fair 0.382 pinnacle 8b
2026-09-20T01:58:36Z,football_nfl,32633,2026-09-20T17:00:00Z,ATL Falcons,CAR Panthers,player_rush_yds,Cooper Rush,0.5,Over,fanduel,136,5.96,0.449,pinnacle,5,15.0,False,ev +6.0 fair 0.449 pinnacle 5b
2026-09-20T01:58:36Z,football_nfl,32633,2026-09-20T17:00:00Z,ATL Falcons,CAR Panthers,player_rush_yds,Cooper Rush,0.5,Over,draftkings,131,3.72,0.449,pinnacle,5,15.0,False,ev +3.7 fair 0.449 pinnacle 5b
2026-09-20T01:58:36Z,football_nfl,32633,2026-09-20T17:00:00Z,ATL Falcons,CAR Panthers,player_rush_yds,Cooper Rush,0.5,Over,bovada,130,3.27,0.449,pinnacle,5,15.0,False,ev +3.3 fair 0.449 pinnacle 5b
2026-09-20T01:58:36Z,football_nfl,32635,2026-09-20T17:00:00Z,TB Buccaneers,CLE Browns,player_reception_yds,Harold Fannin Jr.,35.5,Under,draftkings,-110,3.55,0.5424,pinnacle,4,15.0,False,ev +3.5 fair 0.542 pinnacle 4b
2026-09-20T01:58:36Z,football_nfl,32635,2026-09-20T17:00:00Z,TB Buccaneers,CLE Browns,player_receptions,Bucky Irving,2.5,Over,fanduel,116,3.23,0.4779,pinnacle,9,15.0,False,ev +3.2 fair 0.478 pinnacle 9b
2026-09-20T01:58:36Z,football_nfl,32635,2026-09-20T17:00:00Z,TB Buccaneers,CLE Browns,player_receptions,Harold Fannin Jr.,4.5,Under,draftkings,-158,3.38,0.6331,pinnacle,7,15.0,False,ev +3.4 fair 0.633 pinnacle 7b
2026-09-20T01:58:36Z,football_nfl,32635,2026-09-20T17:00:00Z,TB Buccaneers,CLE Browns,player_receptions,Jerry Jeudy,2.5,Under,bovada,110,5.44,0.5021,pinnacle,10,15.0,False,ev +5.4 fair 0.502 pinnacle 10b
2026-09-20T01:58:36Z,football_nfl,32637,2026-09-20T17:00:00Z,CHI Bears,MIN Vikings,player_receptions,D'Andre Swift,1.5,Over,kalshi,-113,4.22,0.5529,pinnacle,9,15.0,False,ev +4.2 fair 0.553 pinnacle 9b
2026-09-20T01:58:36Z,football_nfl,32637,2026-09-20T17:00:00Z,CHI Bears,MIN Vikings,player_receptions,Kyle Monangai,1.5,Over,kalshi,156,3.11,0.4028,pinnacle,9,15.0,False,ev +3.1 fair 0.403 pinnacle 9b
2026-09-20T01:58:36Z,football_nfl,32638,2026-09-20T17:00:00Z,NE Patriots,PIT Steelers,player_pass_tds,Aaron Rodgers,1.5,Over,kalshi,245,11.12,0.3221,pinnacle,8,15.0,False,ev +11.1 fair 0.322 pinnacle 8b
2026-09-20T01:58:36Z,football_nfl,32638,2026-09-20T17:00:00Z,NE Patriots,PIT Steelers,player_reception_yds,Germie Bernard,15.5,Over,fanatics,-105,3.34,0.5293,pinnacle,7,15.0,False,ev +3.3 fair 0.529 pinnacle 7b
2026-09-20T01:58:36Z,football_nfl,32638,2026-09-20T17:00:00Z,NE Patriots,PIT Steelers,player_receptions,Germie Bernard,1.5,Over,kalshi,113,7.85,0.5063,pinnacle,8,15.0,False,ev +7.8 fair 0.506 pinnacle 8b
2026-09-20T01:58:36Z,football_nfl,32638,2026-09-20T17:00:00Z,NE Patriots,PIT Steelers,player_receptions,Germie Bernard,1.5,Over,fanduel,106,4.3,0.5063,pinnacle,8,15.0,False,ev +4.3 fair 0.506 pinnacle 8b
2026-09-20T01:58:36Z,football_nfl,32638,2026-09-20T17:00:00Z,NE Patriots,PIT Steelers,player_receptions,Jaylen Warren,2.5,Under,kalshi,156,3.64,0.4048,pinnacle,6,15.0,False,ev +3.6 fair 0.405 pinnacle 6b
2026-09-20T01:58:36Z,football_nfl,32638,2026-09-20T17:00:00Z,NE Patriots,PIT Steelers,player_receptions,Pat Freiermuth,3.5,Under,kalshi,-122,4.4,0.5737,pinnacle,9,15.0,False,ev +4.4 fair 0.574 pinnacle 9b
2026-09-20T01:58:36Z,football_nfl,32638,2026-09-20T17:00:00Z,NE Patriots,PIT Steelers,player_receptions,Romeo Doubs,3.5,Over,kalshi,122,4.69,0.4716,pinnacle,9,15.0,False,ev +4.7 fair 0.472 pinnacle 9b
2026-09-20T01:58:36Z,football_nfl,32638,2026-09-20T17:00:00Z,NE Patriots,PIT Steelers,player_receptions,TreVeyon Henderson,1.5,Over,kalshi,113,6.05,0.4979,pinnacle,9,15.0,False,ev +6.0 fair 0.498 pinnacle 9b
2026-09-20T01:58:36Z,football_nfl,32638,2026-09-20T17:00:00Z,NE Patriots,PIT Steelers,player_receptions,TreVeyon Henderson,1.5,Over,fanduel,112,5.55,0.4979,pinnacle,9,15.0,False,ev +5.5 fair 0.498 pinnacle 9b
2026-09-20T01:58:36Z,football_nfl,32638,2026-09-20T17:00:00Z,NE Patriots,PIT Steelers,player_rush_attempts,Drake Maye,5.5,Over,draftkings,113,5.6,0.4958,pinnacle,4,15.0,False,ev +5.6 fair 0.496 pinnacle 4b
2026-09-20T01:58:36Z,football_nfl,32640,2026-09-20T17:00:00Z,HOU Texans,CIN Bengals,player_receptions,Kayshon Boutte,2.5,Under,kalshi,138,7.6,0.4521,pinnacle,7,15.0,False,ev +7.6 fair 0.452 pinnacle 7b
2026-09-20T01:58:36Z,football_nfl,32640,2026-09-20T17:00:00Z,HOU Texans,CIN Bengals,player_receptions,Kayshon Boutte,2.5,Under,fanduel,132,4.89,0.4521,pinnacle,7,15.0,False,ev +4.9 fair 0.452 pinnacle 7b
2026-09-20T01:58:36Z,football_nfl,32640,2026-09-20T17:00:00Z,HOU Texans,CIN Bengals,player_receptions,Kayshon Boutte,2.5,Under,hardrock,130,3.99,0.4521,pinnacle,7,15.0,True,ev +4.0 fair 0.452 pinnacle 7b
2026-09-20T01:58:36Z,football_nfl,32640,2026-09-20T17:00:00Z,HOU Texans,CIN Bengals,player_receptions,Tee Higgins,3.5,Under,kalshi,144,3.59,0.4245,pinnacle,8,15.0,False,ev +3.6 fair 0.424 pinnacle 8b
2026-09-20T01:58:36Z,football_nfl,32639,2026-09-20T17:00:00Z,BAL Ravens,NO Saints,player_pass_interceptions,Tyler Shough,0.5,Under,bovada,100,3.99,0.5199,pinnacle,6,15.0,False,ev +4.0 fair 0.520 pinnacle 6b
2026-09-20T01:58:36Z,football_nfl,32639,2026-09-20T17:00:00Z,BAL Ravens,NO Saints,player_pass_interceptions,Tyler Shough,0.5,Under,draftkings,-101,3.47,0.5199,pinnacle,6,15.0,False,ev +3.5 fair 0.520 pinnacle 6b
2026-09-20T01:58:36Z,football_nfl,32639,2026-09-20T17:00:00Z,BAL Ravens,NO Saints,player_pass_tds,Tyler Shough,1.5,Over,kalshi,212,6.56,0.3415,pinnacle,7,15.0,False,ev +6.6 fair 0.342 pinnacle 7b
2026-09-20T01:58:36Z,football_nfl,32639,2026-09-20T17:00:00Z,BAL Ravens,NO Saints,player_reception_yds,Noah Fant,14.5,Over,kalshi,108,3.56,0.4979,pinnacle,7,15.0,False,ev +3.6 fair 0.498 pinnacle 7b
2026-09-20T01:58:36Z,football_nfl,32639,2026-09-20T17:00:00Z,BAL Ravens,NO Saints,player_receptions,Alvin Kamara,2.5,Over,kalshi,170,6.04,0.3927,pinnacle,7,15.0,False,ev +6.0 fair 0.393 pinnacle 7b
2026-09-20T01:58:36Z,football_nfl,32639,2026-09-20T17:00:00Z,BAL Ravens,NO Saints,player_receptions,Juwan Johnson,3.5,Over,kalshi,-122,3.33,0.5678,pinnacle,8,15.0,False,ev +3.3 fair 0.568 pinnacle 8b
2026-09-20T01:58:36Z,football_nfl,32639,2026-09-20T17:00:00Z,BAL Ravens,NO Saints,player_receptions,LaJohntay Wester,2.5,Over,kalshi,163,3.68,0.3942,pinnacle,9,15.0,False,ev +3.7 fair 0.394 pinnacle 9b
2026-09-20T01:58:36Z,football_nfl,32639,2026-09-20T17:00:00Z,BAL Ravens,NO Saints,player_receptions,Travis Etienne Jr.,1.5,Under,draftkings,149,5.71,0.4245,pinnacle,6,15.0,False,ev +5.7 fair 0.424 pinnacle 6b
2026-09-20T01:58:36Z,football_nfl,32636,2026-09-20T17:00:00Z,NY Jets,GB Packers,player_receptions,Kenyon Sadiq,2.5,Under,kalshi,-117,4.19,0.5618,pinnacle,10,15.0,False,ev +4.2 fair 0.562 pinnacle 10b
2026-09-20T01:58:36Z,football_nfl,32636,2026-09-20T17:00:00Z,NY Jets,GB Packers,player_receptions,Kenyon Sadiq,2.5,Under,underdog,-118,3.79,0.5618,pinnacle,10,15.0,False,ev +3.8 fair 0.562 pinnacle 10b
2026-09-20T01:58:36Z,football_nfl,32636,2026-09-20T17:00:00Z,NY Jets,GB Packers,player_receptions,MarShawn Lloyd,1.5,Over,kalshi,163,6.74,0.4059,pinnacle,8,15.0,False,ev +6.7 fair 0.406 pinnacle 8b
2026-09-20T01:58:36Z,football_nfl,32636,2026-09-20T17:00:00Z,NY Jets,GB Packers,player_receptions,Tucker Kraft,3.5,Over,kalshi,-117,3.03,0.5555,pinnacle,9,15.0,False,ev +3.0 fair 0.555 pinnacle 9b
2026-09-20T01:58:36Z,football_nfl,32641,2026-09-20T20:05:00Z,DEN Broncos,JAX Jaguars,player_pass_tds,Bo Nix,1.5,Under,draftkings,-119,3.72,0.5636,pinnacle,9,18.1,False,ev +3.7 fair 0.564 pinnacle 9b
2026-09-20T01:58:36Z,football_nfl,32641,2026-09-20T20:05:00Z,DEN Broncos,JAX Jaguars,player_pass_tds,Bo Nix,1.5,Under,bovada,-120,3.33,0.5636,pinnacle,9,18.1,False,ev +3.3 fair 0.564 pinnacle 9b
2026-09-20T01:58:36Z,football_nfl,32641,2026-09-20T20:05:00Z,DEN Broncos,JAX Jaguars,player_rush_attempts,J.K. Dobbins,13.5,Over,draftkings,101,6.81,0.5314,pinnacle,5,18.1,False,ev +6.8 fair 0.531 pinnacle 5b
2026-09-20T01:58:36Z,football_nfl,32641,2026-09-20T20:05:00Z,DEN Broncos,JAX Jaguars,player_rush_attempts,J.K. Dobbins,13.5,Over,underdog,-102,5.24,0.5314,pinnacle,5,18.1,False,ev +5.2 fair 0.531 pinnacle 5b
2026-09-20T01:58:36Z,football_nfl,32642,2026-09-20T20:05:00Z,LA Chargers,LV Raiders,player_pass_tds,Kirk Cousins,1.5,Over,kalshi,223,4.76,0.3243,pinnacle,7,18.1,False,ev +4.8 fair 0.324 pinnacle 7b
2026-09-20T01:58:36Z,football_nfl,32642,2026-09-20T20:05:00Z,LA Chargers,LV Raiders,player_receptions,Omarion Hampton,1.5,Under,hardrock,155,5.02,0.4119,kalshi,4,18.1,True,ev +5.0 fair 0.412 kalshi 4b
2026-09-20T01:58:36Z,football_nfl,32645,2026-09-20T20:25:00Z,ARI Cardinals,SEA Seahawks,player_receptions,AJ Barner,2.5,Under,underdog,-105,3.17,0.5284,pinnacle,9,18.4,False,ev +3.2 fair 0.528 pinnacle 9b
2026-09-20T01:58:36Z,football_nfl,32644,2026-09-20T20:25:00Z,DAL Cowboys,WAS Commanders,player_pass_attempts,Jayden Daniels,29.5,Over,underdog,-102,4.65,0.5284,pinnacle,5,18.4,False,ev +4.7 fair 0.528 pinnacle 5b
2026-09-20T01:58:36Z,football_nfl,32644,2026-09-20T20:25:00Z,DAL Cowboys,WAS Commanders,player_pass_attempts,Jayden Daniels,29.5,Over,draftkings,-104,3.66,0.5284,pinnacle,5,18.4,False,ev +3.7 fair 0.528 pinnacle 5b
2026-09-20T01:58:36Z,football_nfl,32644,2026-09-20T20:25:00Z,DAL Cowboys,WAS Commanders,player_pass_attempts,Jayden Daniels,29.5,Over,bovada,-105,3.17,0.5284,pinnacle,5,18.4,False,ev +3.2 fair 0.528 pinnacle 5b
2026-09-20T01:58:36Z,football_nfl,32644,2026-09-20T20:25:00Z,DAL Cowboys,WAS Commanders,player_receptions,Rachaad White,2.5,Under,hardrock,-160,3.54,0.6371,kalshi,7,18.4,True,ev +3.5 fair 0.637 kalshi 7b
2026-09-20T01:58:36Z,football_nfl,32644,2026-09-20T20:25:00Z,DAL Cowboys,WAS Commanders,player_rush_attempts,Javonte Williams,17.5,Under,draftkings,-101,3.9,0.5221,pinnacle,5,18.4,False,ev +3.9 fair 0.522 pinnacle 5b
2026-09-20T01:58:36Z,football_nfl,32643,2026-09-20T20:25:00Z,SF 49ers,MIA Dolphins,player_field_goals_made,Eddy Pineiro,1.5,Under,hardrock,120,7.68,0.4895,pinnacle,4,18.4,True,ev +7.7 fair 0.489 pinnacle 4b
2026-09-20T01:58:36Z,football_nfl,32643,2026-09-20T20:25:00Z,SF 49ers,MIA Dolphins,player_receptions,Chris Bell,1.5,Over,kalshi,-117,3.38,0.5574,pinnacle,9,18.4,False,ev +3.4 fair 0.557 pinnacle 9b
2026-09-20T01:58:36Z,football_nfl,32643,2026-09-20T20:25:00Z,SF 49ers,MIA Dolphins,player_receptions,Greg Dulcich,2.5,Under,kalshi,-127,4.76,0.5861,pinnacle,9,18.4,False,ev +4.8 fair 0.586 pinnacle 9b
2026-09-20T01:58:36Z,football_nfl,32643,2026-09-20T20:25:00Z,SF 49ers,MIA Dolphins,player_receptions,Malik Washington,3.5,Over,bovada,110,6.54,0.5073,pinnacle,9,18.4,False,ev +6.5 fair 0.507 pinnacle 9b
2026-09-20T01:58:36Z,football_nfl,32643,2026-09-20T20:25:00Z,SF 49ers,MIA Dolphins,player_receptions,Malik Washington,3.5,Over,draftkings,109,6.03,0.5073,pinnacle,9,18.4,False,ev +6.0 fair 0.507 pinnacle 9b
2026-09-20T01:58:36Z,football_nfl,32643,2026-09-20T20:25:00Z,SF 49ers,MIA Dolphins,player_receptions,Malik Washington,3.5,Over,kalshi,108,5.52,0.5073,pinnacle,9,18.4,False,ev +5.5 fair 0.507 pinnacle 9b
2026-09-20T01:58:36Z,football_nfl,32647,2026-09-22T00:15:00Z,LA Rams,NY Giants,player_pass_attempts,Jaxson Dart,30.5,Under,bovada,100,4.64,0.5232,pinnacle,4,46.3,False,ev +4.6 fair 0.523 pinnacle 4b
2026-09-20T01:58:36Z,football_nfl,32647,2026-09-22T00:15:00Z,LA Rams,NY Giants,player_pass_attempts,Jaxson Dart,30.5,Under,draftkings,-101,4.13,0.5232,pinnacle,4,46.3,False,ev +4.1 fair 0.523 pinnacle 4b
2026-09-20T01:58:36Z,football_nfl,32647,2026-09-22T00:15:00Z,LA Rams,NY Giants,player_receptions,Davante Adams,3.5,Under,fanduel,162,7.02,0.4085,pinnacle,5,46.3,False,ev +7.0 fair 0.408 pinnacle 5b
2026-09-20T01:58:36Z,football_nfl,32647,2026-09-22T00:15:00Z,LA Rams,NY Giants,player_receptions,Davante Adams,3.5,Under,kalshi,156,4.57,0.4085,pinnacle,5,46.3,False,ev +4.6 fair 0.408 pinnacle 5b
2026-09-20T10:11:49Z,football_nfl,32634,2026-09-20T17:00:00Z,TEN Titans,PHI Eagles,player_receptions,Carnell Tate,3.5,Over,kalshi,-104,3.24,0.5263,pinnacle,10,6.8,False,ev +3.2 fair 0.526 pinnacle 10b
2026-09-20T10:11:49Z,football_nfl,32634,2026-09-20T17:00:00Z,TEN Titans,PHI Eagles,player_receptions,Tony Pollard,1.5,Over,kalshi,113,3.15,0.4843,pinnacle,11,6.8,False,ev +3.1 fair 0.484 pinnacle 11b
2026-09-20T10:11:49Z,football_nfl,32633,2026-09-20T17:00:00Z,ATL Falcons,CAR Panthers,player_receptions,Chuba Hubbard,2.5,Over,kalshi,156,3.11,0.4028,pinnacle,8,6.8,False,ev +3.1 fair 0.403 pinnacle 8b
2026-09-20T10:11:49Z,football_nfl,32633,2026-09-20T17:00:00Z,ATL Falcons,CAR Panthers,player_receptions,Darren Waller,2.5,Over,kalshi,170,3.1,0.3818,pinnacle,9,6.8,False,ev +3.1 fair 0.382 pinnacle 9b
2026-09-20T10:11:49Z,football_nfl,32633,2026-09-20T17:00:00Z,ATL Falcons,CAR Panthers,player_receptions,Jalen Coker,4.5,Over,kalshi,117,3.25,0.4758,pinnacle,10,6.8,False,ev +3.2 fair 0.476 pinnacle 10b
2026-09-20T10:11:49Z,football_nfl,32633,2026-09-20T17:00:00Z,ATL Falcons,CAR Panthers,player_receptions,Olamide Zaccheaus,1.5,Over,kalshi,133,5.97,0.4548,pinnacle,8,6.8,False,ev +6.0 fair 0.455 pinnacle 8b
2026-09-20T10:11:49Z,football_nfl,32633,2026-09-20T17:00:00Z,ATL Falcons,CAR Panthers,player_rush_attempts,Chuba Hubbard,13.5,Over,underdog,-105,4.72,0.5364,pinnacle,5,6.8,False,ev +4.7 fair 0.536 pinnacle 5b
2026-09-20T10:11:49Z,football_nfl,32633,2026-09-20T17:00:00Z,ATL Falcons,CAR Panthers,player_rush_attempts,Chuba Hubbard,13.5,Over,draftkings,-106,4.24,0.5364,pinnacle,5,6.8,False,ev +4.2 fair 0.536 pinnacle 5b
2026-09-20T10:11:49Z,football_nfl,32633,2026-09-20T17:00:00Z,ATL Falcons,CAR Panthers,player_rush_yds,Cooper Rush,0.5,Over,fanduel,136,5.96,0.449,pinnacle,5,6.8,False,ev +6.0 fair 0.449 pinnacle 5b
2026-09-20T10:11:49Z,football_nfl,32633,2026-09-20T17:00:00Z,ATL Falcons,CAR Panthers,player_rush_yds,Cooper Rush,0.5,Over,draftkings,131,3.72,0.449,pinnacle,5,6.8,False,ev +3.7 fair 0.449 pinnacle 5b
2026-09-20T10:11:49Z,football_nfl,32633,2026-09-20T17:00:00Z,ATL Falcons,CAR Panthers,player_rush_yds,Cooper Rush,0.5,Over,bovada,130,3.27,0.449,pinnacle,5,6.8,False,ev +3.3 fair 0.449 pinnacle 5b
2026-09-20T10:11:49Z,football_nfl,32635,2026-09-20T17:00:00Z,TB Buccaneers,CLE Browns,player_rush_yds,Quinshon Judkins,49.5,Over,kalshi,108,3.12,0.4958,pinnacle,6,6.8,False,ev +3.1 fair 0.496 pinnacle 6b
2026-09-20T10:11:49Z,football_nfl,32637,2026-09-20T17:00:00Z,CHI Bears,MIN Vikings,player_pass_completions,Caleb Williams,19.5,Under,underdog,-103,6.9,0.5424,pinnacle,6,6.8,False,ev +6.9 fair 0.542 pinnacle 6b
2026-09-20T10:11:49Z,football_nfl,32637,2026-09-20T17:00:00Z,CHI Bears,MIN Vikings,player_pass_completions,Caleb Williams,19.5,Under,draftkings,-108,4.47,0.5424,pinnacle,6,6.8,False,ev +4.5 fair 0.542 pinnacle 6b
2026-09-20T10:11:49Z,football_nfl,32637,2026-09-20T17:00:00Z,CHI Bears,MIN Vikings,player_pass_completions,Caleb Williams,19.5,Under,hardrock,-110,3.55,0.5424,pinnacle,6,6.8,True,ev +3.5 fair 0.542 pinnacle 6b
2026-09-20T10:11:49Z,football_nfl,32637,2026-09-20T17:00:00Z,CHI Bears,MIN Vikings,player_pass_completions,Caleb Williams,19.5,Under,bovada,-110,3.55,0.5424,pinnacle,6,6.8,False,ev +3.5 fair 0.542 pinnacle 6b
2026-09-20T10:11:49Z,football_nfl,32637,2026-09-20T17:00:00Z,CHI Bears,MIN Vikings,player_reception_yds,Jordan Addison,39.5,Under,kalshi,104,3.29,0.5063,pinnacle,8,6.8,False,ev +3.3 fair 0.506 pinnacle 8b
2026-09-20T10:11:49Z,football_nfl,32637,2026-09-20T17:00:00Z,CHI Bears,MIN Vikings,player_reception_yds,Justin Jefferson,79.5,Under,kalshi,104,3.92,0.5094,pinnacle,6,6.8,False,ev +3.9 fair 0.509 pinnacle 6b
2026-09-20T10:11:49Z,football_nfl,32637,2026-09-20T17:00:00Z,CHI Bears,MIN Vikings,player_reception_yds,Rome Odunze,39.5,Over,kalshi,104,4.35,0.5115,pinnacle,9,6.8,False,ev +4.3 fair 0.511 pinnacle 9b
2026-09-20T10:11:49Z,football_nfl,32637,2026-09-20T17:00:00Z,CHI Bears,MIN Vikings,player_receptions,Cole Kmet,1.5,Over,kalshi,104,3.29,0.5063,pinnacle,11,6.8,False,ev +3.3 fair 0.506 pinnacle 11b
2026-09-20T10:11:49Z,football_nfl,32637,2026-09-20T17:00:00Z,CHI Bears,MIN Vikings,player_receptions,D'Andre Swift,1.5,Over,kalshi,-108,6.49,0.5529,pinnacle,10,6.8,False,ev +6.5 fair 0.553 pinnacle 10b
2026-09-20T10:11:49Z,football_nfl,32637,2026-09-20T17:00:00Z,CHI Bears,MIN Vikings,player_receptions,Jordan Addison,3.5,Over,kalshi,127,3.25,0.4548,pinnacle,10,6.8,False,ev +3.2 fair 0.455 pinnacle 10b
2026-09-20T10:11:49Z,football_nfl,32637,2026-09-20T17:00:00Z,CHI Bears,MIN Vikings,player_receptions,Justin Jefferson,6.5,Under,draftkings,-108,4.85,0.5444,pinnacle,11,6.8,False,ev +4.8 fair 0.544 pinnacle 11b
2026-09-20T10:11:49Z,football_nfl,32637,2026-09-20T17:00:00Z,CHI Bears,MIN Vikings,player_receptions,Justin Jefferson,6.5,Under,bovada,-110,3.93,0.5444,pinnacle,11,6.8,False,ev +3.9 fair 0.544 pinnacle 11b
2026-09-20T10:11:49Z,football_nfl,32637,2026-09-20T17:00:00Z,CHI Bears,MIN Vikings,player_receptions,Kyle Monangai,1.5,Over,kalshi,156,3.11,0.4028,pinnacle,10,6.8,False,ev +3.1 fair 0.403 pinnacle 10b
2026-09-20T10:11:49Z,football_nfl,32638,2026-09-20T17:00:00Z,NE Patriots,PIT Steelers,player_pass_tds,Aaron Rodgers,1.5,Over,kalshi,223,4.03,0.3221,pinnacle,7,6.8,False,ev +4.0 fair 0.322 pinnacle 7b
2026-09-20T10:11:49Z,football_nfl,32638,2026-09-20T17:00:00Z,NE Patriots,PIT Steelers,player_receptions,DK Metcalf,4.5,Over,kalshi,108,4.88,0.5042,pinnacle,8,6.8,False,ev +4.9 fair 0.504 pinnacle 8b
2026-09-20T10:11:49Z,football_nfl,32638,2026-09-20T17:00:00Z,NE Patriots,PIT Steelers,player_receptions,Darnell Washington,1.5,Over,kalshi,-122,3.77,0.5703,pinnacle,10,6.8,False,ev +3.8 fair 0.570 pinnacle 10b
2026-09-20T10:11:49Z,football_nfl,32638,2026-09-20T17:00:00Z,NE Patriots,PIT Steelers,player_receptions,Germie Bernard,1.5,Over,kalshi,108,4.88,0.5042,pinnacle,9,6.8,False,ev +4.9 fair 0.504 pinnacle 9b
2026-09-20T10:11:49Z,football_nfl,32638,2026-09-20T17:00:00Z,NE Patriots,PIT Steelers,player_receptions,Germie Bernard,1.5,Over,fanduel,106,3.87,0.5042,pinnacle,9,6.8,False,ev +3.9 fair 0.504 pinnacle 9b
2026-09-20T10:11:49Z,football_nfl,32638,2026-09-20T17:00:00Z,NE Patriots,PIT Steelers,player_receptions,Jaylen Warren,2.5,Under,kalshi,156,3.64,0.4048,pinnacle,5,6.8,False,ev +3.6 fair 0.405 pinnacle 5b
2026-09-20T10:11:49Z,football_nfl,32638,2026-09-20T17:00:00Z,NE Patriots,PIT Steelers,player_receptions,Romeo Doubs,3.5,Over,kalshi,122,4.69,0.4716,pinnacle,10,6.8,False,ev +4.7 fair 0.472 pinnacle 10b
2026-09-20T10:11:49Z,football_nfl,32638,2026-09-20T17:00:00Z,NE Patriots,PIT Steelers,player_receptions,TreVeyon Henderson,1.5,Over,kalshi,113,6.05,0.4979,pinnacle,10,6.8,False,ev +6.0 fair 0.498 pinnacle 10b
2026-09-20T10:11:49Z,football_nfl,32638,2026-09-20T17:00:00Z,NE Patriots,PIT Steelers,player_receptions,TreVeyon Henderson,1.5,Over,fanduel,108,3.56,0.4979,pinnacle,10,6.8,False,ev +3.6 fair 0.498 pinnacle 10b
2026-09-20T10:11:49Z,football_nfl,32640,2026-09-20T17:00:00Z,HOU Texans,CIN Bengals,player_reception_yds,Dalton Schultz,42.5,Under,draftkings,-113,4.45,0.5541,bovada,3,6.8,False,ev +4.5 fair 0.554 bovada 3b
2026-09-20T10:11:49Z,football_nfl,32640,2026-09-20T17:00:00Z,HOU Texans,CIN Bengals,player_receptions,Kayshon Boutte,2.5,Under,kalshi,138,6.86,0.449,pinnacle,8,6.8,False,ev +6.9 fair 0.449 pinnacle 8b
2026-09-20T10:11:49Z,football_nfl,32640,2026-09-20T17:00:00Z,HOU Texans,CIN Bengals,player_receptions,Kayshon Boutte,2.5,Under,fanduel,132,4.17,0.449,pinnacle,8,6.8,False,ev +4.2 fair 0.449 pinnacle 8b
2026-09-20T10:11:49Z,football_nfl,32640,2026-09-20T17:00:00Z,HOU Texans,CIN Bengals,player_receptions,Kayshon Boutte,2.5,Under,hardrock,130,3.27,0.449,pinnacle,8,6.8,True,ev +3.3 fair 0.449 pinnacle 8b
2026-09-20T10:11:49Z,football_nfl,32640,2026-09-20T17:00:00Z,HOU Texans,CIN Bengals,player_receptions,Tee Higgins,3.5,Under,kalshi,144,3.59,0.4245,pinnacle,11,6.8,False,ev +3.6 fair 0.424 pinnacle 11b
2026-09-20T10:11:49Z,football_nfl,32639,2026-09-20T17:00:00Z,BAL Ravens,NO Saints,player_pass_interceptions,Tyler Shough,0.5,Under,bovada,105,5.96,0.5169,pinnacle,7,6.8,False,ev +6.0 fair 0.517 pinnacle 7b
2026-09-20T10:11:49Z,football_nfl,32639,2026-09-20T17:00:00Z,BAL Ravens,NO Saints,player_pass_interceptions,Tyler Shough,0.5,Under,draftkings,104,5.45,0.5169,pinnacle,7,6.8,False,ev +5.5 fair 0.517 pinnacle 7b
2026-09-20T10:11:49Z,football_nfl,32639,2026-09-20T17:00:00Z,BAL Ravens,NO Saints,player_pass_interceptions,Tyler Shough,0.5,Under,hardrock,100,3.38,0.5169,pinnacle,7,6.8,True,ev +3.4 fair 0.517 pinnacle 7b
2026-09-20T10:11:49Z,football_nfl,32639,2026-09-20T17:00:00Z,BAL Ravens,NO Saints,player_receptions,Alvin Kamara,1.5,Under,draftkings,150,6.34,0.4253,kalshi,4,6.8,False,ev +6.3 fair 0.425 kalshi 4b
2026-09-20T10:11:49Z,football_nfl,32639,2026-09-20T17:00:00Z,BAL Ravens,NO Saints,player_receptions,Alvin Kamara,1.5,Under,hardrock,150,6.34,0.4253,kalshi,4,6.8,True,ev +6.3 fair 0.425 kalshi 4b
2026-09-20T10:11:49Z,football_nfl,32639,2026-09-20T17:00:00Z,BAL Ravens,NO Saints,player_receptions,Alvin Kamara,1.5,Under,bovada,150,6.34,0.4253,kalshi,4,6.8,False,ev +6.3 fair 0.425 kalshi 4b
2026-09-20T10:11:49Z,football_nfl,32639,2026-09-20T17:00:00Z,BAL Ravens,NO Saints,player_receptions,Derrick Henry,1.5,Under,hardrock,-180,4.75,0.6734,kalshi,7,6.8,True,ev +4.8 fair 0.673 kalshi 7b
2026-09-20T10:11:49Z,football_nfl,32639,2026-09-20T17:00:00Z,BAL Ravens,NO Saints,player_receptions,Juwan Johnson,3.5,Over,kalshi,-122,3.33,0.5678,pinnacle,10,6.8,False,ev +3.3 fair 0.568 pinnacle 10b
2026-09-20T10:11:49Z,football_nfl,32639,2026-09-20T17:00:00Z,BAL Ravens,NO Saints,player_receptions,LaJohntay Wester,2.5,Over,kalshi,170,6.44,0.3942,pinnacle,10,6.8,False,ev +6.4 fair 0.394 pinnacle 10b
2026-09-20T10:11:49Z,football_nfl,32639,2026-09-20T17:00:00Z,BAL Ravens,NO Saints,player_receptions,Noah Fant,1.5,Over,kalshi,-144,3.14,0.6087,pinnacle,8,6.8,False,ev +3.1 fair 0.609 pinnacle 8b
2026-09-20T10:11:49Z,football_nfl,32639,2026-09-20T17:00:00Z,BAL Ravens,NO Saints,player_receptions,Travis Etienne Jr.,1.5,Under,draftkings,144,3.59,0.4245,pinnacle,7,6.8,False,ev +3.6 fair 0.424 pinnacle 7b
2026-09-20T10:11:49Z,football_nfl,32639,2026-09-20T17:00:00Z,BAL Ravens,NO Saints,player_receptions,Travis Etienne Jr.,1.5,Under,kalshi,144,3.59,0.4245,pinnacle,7,6.8,False,ev +3.6 fair 0.424 pinnacle 7b
2026-09-20T10:11:49Z,football_nfl,32636,2026-09-20T17:00:00Z,NY Jets,GB Packers,player_receptions,Christian Watson,4.5,Over,kalshi,163,4.2,0.3962,pinnacle,7,6.8,False,ev +4.2 fair 0.396 pinnacle 7b
2026-09-20T10:11:49Z,football_nfl,32636,2026-09-20T17:00:00Z,NY Jets,GB Packers,player_receptions,Kenyon Sadiq,2.5,Under,underdog,-118,3.45,0.5599,pinnacle,11,6.8,False,ev +3.5 fair 0.560 pinnacle 11b
2026-09-20T10:11:49Z,football_nfl,32636,2026-09-20T17:00:00Z,NY Jets,GB Packers,player_receptions,MarShawn Lloyd,1.5,Over,kalshi,163,6.74,0.4059,pinnacle,9,6.8,False,ev +6.7 fair 0.406 pinnacle 9b
2026-09-20T10:11:49Z,football_nfl,32641,2026-09-20T20:05:00Z,DEN Broncos,JAX Jaguars,player_reception_yds,Courtland Sutton,39.5,Over,kalshi,108,4.44,0.5021,pinnacle,6,9.9,False,ev +4.4 fair 0.502 pinnacle 6b
2026-09-20T10:11:49Z,football_nfl,32642,2026-09-20T20:05:00Z,LA Chargers,LV Raiders,player_receptions,Jalen Nailor,2.5,Over,kalshi,-117,3.51,0.5581,pinnacle,8,9.9,False,ev +3.5 fair 0.558 pinnacle 8b
2026-09-20T10:11:49Z,football_nfl,32642,2026-09-20T20:05:00Z,LA Chargers,LV Raiders,player_receptions,Omarion Hampton,2.5,Over,kalshi,170,4.23,0.386,pinnacle,8,9.9,False,ev +4.2 fair 0.386 pinnacle 8b
2026-09-20T10:11:49Z,football_nfl,32645,2026-09-20T20:25:00Z,ARI Cardinals,SEA Seahawks,player_pass_tds,Jacoby Brissett,1.5,Over,kalshi,212,3.68,0.3323,pinnacle,9,10.2,False,ev +3.7 fair 0.332 pinnacle 9b
2026-09-20T10:11:49Z,football_nfl,32645,2026-09-20T20:25:00Z,ARI Cardinals,SEA Seahawks,player_receptions,AJ Barner,2.5,Under,underdog,-105,3.17,0.5284,pinnacle,9,10.2,False,ev +3.2 fair 0.528 pinnacle 9b
2026-09-20T10:11:49Z,football_nfl,32644,2026-09-20T20:25:00Z,DAL Cowboys,WAS Commanders,player_receptions,Javonte Williams,2.5,Over,kalshi,113,4.25,0.4895,pinnacle,12,10.2,False,ev +4.2 fair 0.489 pinnacle 12b
2026-09-20T10:11:49Z,football_nfl,32644,2026-09-20T20:25:00Z,DAL Cowboys,WAS Commanders,player_rush_attempts,Javonte Williams,17.5,Under,hardrock,100,4.41,0.5221,pinnacle,5,10.2,True,ev +4.4 fair 0.522 pinnacle 5b
2026-09-20T10:11:49Z,football_nfl,32644,2026-09-20T20:25:00Z,DAL Cowboys,WAS Commanders,player_rush_attempts,Javonte Williams,17.5,Under,draftkings,-101,3.9,0.5221,pinnacle,5,10.2,False,ev +3.9 fair 0.522 pinnacle 5b
2026-09-20T10:11:49Z,football_nfl,32643,2026-09-20T20:25:00Z,SF 49ers,MIA Dolphins,player_field_goals_made,Eddy Pineiro,1.5,Under,hardrock,120,7.22,0.4873,pinnacle,4,10.2,True,ev +7.2 fair 0.487 pinnacle 4b
2026-09-20T10:11:49Z,football_nfl,32643,2026-09-20T20:25:00Z,SF 49ers,MIA Dolphins,player_receptions,Chris Bell,1.5,Over,kalshi,-117,3.38,0.5574,pinnacle,9,10.2,False,ev +3.4 fair 0.557 pinnacle 9b
2026-09-20T10:11:49Z,football_nfl,32643,2026-09-20T20:25:00Z,SF 49ers,MIA Dolphins,player_receptions,De'Von Achane,4.5,Over,kalshi,144,4.16,0.4269,pinnacle,6,10.2,False,ev +4.2 fair 0.427 pinnacle 6b
2026-09-20T10:11:49Z,football_nfl,32643,2026-09-20T20:25:00Z,SF 49ers,MIA Dolphins,player_receptions,Malik Washington,3.5,Over,bovada,110,3.23,0.4916,pinnacle,9,10.2,False,ev +3.2 fair 0.492 pinnacle 9b
2026-09-20T10:11:49Z,football_nfl,32646,2026-09-21T00:20:00Z,KC Chiefs,IND Colts,player_receptions,Alec Pierce,2.5,Over,kalshi,-133,3.44,0.5904,pinnacle,10,14.1,False,ev +3.4 fair 0.590 pinnacle 10b
2026-09-20T10:11:49Z,football_nfl,32647,2026-09-22T00:15:00Z,LA Rams,NY Giants,player_receptions,Davante Adams,3.5,Under,fanduel,162,5.12,0.4012,pinnacle,5,38.1,False,ev +5.1 fair 0.401 pinnacle 5b
2026-09-20T14:59:11Z,football_nfl,32634,2026-09-20T17:00:00Z,TEN Titans,PHI Eagles,player_receptions,Carnell Tate,3.5,Over,kalshi,-104,3.37,0.527,pinnacle,10,2.0,False,ev +3.4 fair 0.527 pinnacle 10b
2026-09-20T14:59:11Z,football_nfl,32634,2026-09-20T17:00:00Z,TEN Titans,PHI Eagles,player_receptions,Saquon Barkley,2.5,Under,hardrock,-170,3.81,0.6536,kalshi,4,2.0,True,ev +3.8 fair 0.654 kalshi 4b
2026-09-20T14:59:11Z,football_nfl,32633,2026-09-20T17:00:00Z,ATL Falcons,CAR Panthers,player_receptions,Chuba Hubbard,2.5,Over,kalshi,156,3.13,0.4028,pinnacle,9,2.0,False,ev +3.1 fair 0.403 pinnacle 9b
2026-09-20T14:59:11Z,football_nfl,32633,2026-09-20T17:00:00Z,ATL Falcons,CAR Panthers,player_rush_attempts,Chuba Hubbard,13.5,Over,underdog,-105,4.3,0.5342,pinnacle,5,2.0,False,ev +4.3 fair 0.534 pinnacle 5b
2026-09-20T14:59:11Z,football_nfl,32633,2026-09-20T17:00:00Z,ATL Falcons,CAR Panthers,player_rush_yds,Cooper Rush,0.5,Over,draftkings,131,3.53,0.4482,pinnacle,5,2.0,False,ev +3.5 fair 0.448 pinnacle 5b
2026-09-20T14:59:11Z,football_nfl,32633,2026-09-20T17:00:00Z,ATL Falcons,CAR Panthers,player_rush_yds,Cooper Rush,0.5,Over,bovada,130,3.08,0.4482,pinnacle,5,2.0,False,ev +3.1 fair 0.448 pinnacle 5b
2026-09-20T14:59:11Z,football_nfl,32635,2026-09-20T17:00:00Z,TB Buccaneers,CLE Browns,player_receptions,Emeka Egbuka,3.5,Under,kalshi,144,5.39,0.4319,pinnacle,8,2.0,False,ev +5.4 fair 0.432 pinnacle 8b
2026-09-20T14:59:11Z,football_nfl,32635,2026-09-20T17:00:00Z,TB Buccaneers,CLE Browns,player_receptions,Jalen McMillan,2.5,Over,kalshi,233,9.31,0.3282,pinnacle,4,2.0,False,ev +9.3 fair 0.328 pinnacle 4b
2026-09-20T14:59:11Z,football_nfl,32635,2026-09-20T17:00:00Z,TB Buccaneers,CLE Browns,player_rush_yds,Baker Mayfield,15.5,Over,fanduel,-113,3.14,0.5472,pinnacle,5,2.0,False,ev +3.1 fair 0.547 pinnacle 5b
2026-09-20T14:59:11Z,football_nfl,32635,2026-09-20T17:00:00Z,TB Buccaneers,CLE Browns,player_rush_yds,Quinshon Judkins,49.5,Over,kalshi,108,3.1,0.4957,pinnacle,6,2.0,False,ev +3.1 fair 0.496 pinnacle 6b
2026-09-20T14:59:11Z,football_nfl,32637,2026-09-20T17:00:00Z,CHI Bears,MIN Vikings,player_pass_completions,Caleb Williams,19.5,Under,underdog,-103,7.06,0.5432,pinnacle,6,2.0,False,ev +7.1 fair 0.543 pinnacle 6b
2026-09-20T14:59:11Z,football_nfl,32637,2026-09-20T17:00:00Z,CHI Bears,MIN Vikings,player_reception_yds,Colston Loveland,48.5,Over,fanduel,-113,4.45,0.5541,bovada,3,2.0,False,ev +4.5 fair 0.554 bovada 3b
2026-09-20T14:59:11Z,football_nfl,32637,2026-09-20T17:00:00Z,CHI Bears,MIN Vikings,player_reception_yds,Jordan Addison,39.5,Under,kalshi,104,3.77,0.5087,pinnacle,7,2.0,False,ev +3.8 fair 0.509 pinnacle 7b
2026-09-20T14:59:11Z,football_nfl,32637,2026-09-20T17:00:00Z,CHI Bears,MIN Vikings,player_reception_yds,Rome Odunze,39.5,Over,kalshi,104,4.65,0.513,pinnacle,8,2.0,False,ev +4.7 fair 0.513 pinnacle 8b
2026-09-20T14:59:11Z,football_nfl,32637,2026-09-20T17:00:00Z,CHI Bears,MIN Vikings,player_receptions,Cole Kmet,1.5,Over,kalshi,108,5.8,0.5087,pinnacle,11,2.0,False,ev +5.8 fair 0.509 pinnacle 11b
2026-09-20T14:59:11Z,football_nfl,32637,2026-09-20T17:00:00Z,CHI Bears,MIN Vikings,player_receptions,Colston Loveland,4.5,Over,kalshi,117,4.52,0.4817,pinnacle,10,2.0,False,ev +4.5 fair 0.482 pinnacle 10b
2026-09-20T14:59:11Z,football_nfl,32637,2026-09-20T17:00:00Z,CHI Bears,MIN Vikings,player_receptions,D'Andre Swift,1.5,Over,kalshi,-108,4.62,0.5432,pinnacle,11,2.0,False,ev +4.6 fair 0.543 pinnacle 11b
2026-09-20T14:59:11Z,football_nfl,32637,2026-09-20T17:00:00Z,CHI Bears,MIN Vikings,player_receptions,Kyle Monangai,1.5,Over,kalshi,156,3.67,0.405,pinnacle,10,2.0,False,ev +3.7 fair 0.405 pinnacle 10b
2026-09-20T14:59:11Z,football_nfl,32637,2026-09-20T17:00:00Z,CHI Bears,MIN Vikings,player_rush_yds,Caleb Williams,27.5,Under,draftkings,-116,3.11,0.5537,pinnacle,4,2.0,False,ev +3.1 fair 0.554 pinnacle 4b
2026-09-20T14:59:11Z,football_nfl,32638,2026-09-20T17:00:00Z,NE Patriots,PIT Steelers,player_pass_tds,Aaron Rodgers,1.5,Over,kalshi,223,4.13,0.3224,pinnacle,8,2.0,False,ev +4.1 fair 0.322 pinnacle 8b
2026-09-20T14:59:11Z,football_nfl,32638,2026-09-20T17:00:00Z,NE Patriots,PIT Steelers,player_receptions,DK Metcalf,4.5,Over,kalshi,108,7.81,0.5183,pinnacle,9,2.0,False,ev +7.8 fair 0.518 pinnacle 9b
2026-09-20T14:59:11Z,football_nfl,32638,2026-09-20T17:00:00Z,NE Patriots,PIT Steelers,player_receptions,Germie Bernard,1.5,Over,kalshi,108,4.0,0.5,pinnacle,9,2.0,False,ev +4.0 fair 0.500 pinnacle 9b
2026-09-20T14:59:11Z,football_nfl,32638,2026-09-20T17:00:00Z,NE Patriots,PIT Steelers,player_receptions,Germie Bernard,1.5,Over,fanduel,106,3.0,0.5,pinnacle,9,2.0,False,ev +3.0 fair 0.500 pinnacle 9b
2026-09-20T14:59:11Z,football_nfl,32638,2026-09-20T17:00:00Z,NE Patriots,PIT Steelers,player_receptions,Romeo Doubs,3.5,Over,kalshi,122,4.81,0.4721,pinnacle,10,2.0,False,ev +4.8 fair 0.472 pinnacle 10b
2026-09-20T14:59:11Z,football_nfl,32638,2026-09-20T17:00:00Z,NE Patriots,PIT Steelers,player_receptions,TreVeyon Henderson,1.5,Over,kalshi,113,5.58,0.4957,pinnacle,10,2.0,False,ev +5.6 fair 0.496 pinnacle 10b
2026-09-20T14:59:11Z,football_nfl,32638,2026-09-20T17:00:00Z,NE Patriots,PIT Steelers,player_receptions,TreVeyon Henderson,1.5,Over,fanduel,108,3.1,0.4957,pinnacle,10,2.0,False,ev +3.1 fair 0.496 pinnacle 10b
2026-09-20T14:59:11Z,football_nfl,32638,2026-09-20T17:00:00Z,NE Patriots,PIT Steelers,player_rush_attempts,Drake Maye,5.5,Over,draftkings,110,3.64,0.4935,pinnacle,4,2.0,False,ev +3.6 fair 0.493 pinnacle 4b
2026-09-20T14:59:11Z,football_nfl,32638,2026-09-20T17:00:00Z,NE Patriots,PIT Steelers,player_rush_attempts,Drake Maye,5.5,Over,hardrock,110,3.64,0.4935,pinnacle,4,2.0,True,ev +3.6 fair 0.493 pinnacle 4b
2026-09-20T14:59:11Z,football_nfl,32640,2026-09-20T17:00:00Z,HOU Texans,CIN Bengals,player_reception_yds,Dalton Schultz,43.5,Under,draftkings,-111,5.34,0.5541,bovada,3,2.0,False,ev +5.3 fair 0.554 bovada 3b
2026-09-20T14:59:11Z,football_nfl,32640,2026-09-20T17:00:00Z,HOU Texans,CIN Bengals,player_reception_yds,Xavier Hutchinson,31.5,Over,underdog,-112,3.45,0.5465,pinnacle,5,2.0,False,ev +3.5 fair 0.546 pinnacle 5b
2026-09-20T14:59:11Z,football_nfl,32640,2026-09-20T17:00:00Z,HOU Texans,CIN Bengals,player_reception_yds,Xavier Hutchinson,31.5,Over,fanduel,-113,3.02,0.5465,pinnacle,5,2.0,False,ev +3.0 fair 0.546 pinnacle 5b
2026-09-20T14:59:11Z,football_nfl,32640,2026-09-20T17:00:00Z,HOU Texans,CIN Bengals,player_receptions,Chase Brown,3.5,Over,kalshi,104,3.77,0.5087,pinnacle,13,2.0,False,ev +3.8 fair 0.509 pinnacle 13b
2026-09-20T14:59:11Z,football_nfl,32640,2026-09-20T17:00:00Z,HOU Texans,CIN Bengals,player_receptions,Drew Sample,1.5,Over,kalshi,150,4.21,0.4168,pinnacle,7,2.0,False,ev +4.2 fair 0.417 pinnacle 7b
2026-09-20T14:59:11Z,football_nfl,32640,2026-09-20T17:00:00Z,HOU Texans,CIN Bengals,player_receptions,Samaje Perine,1.5,Over,kalshi,163,9.63,0.4168,pinnacle,9,2.0,False,ev +9.6 fair 0.417 pinnacle 9b
2026-09-20T14:59:11Z,football_nfl,32640,2026-09-20T17:00:00Z,HOU Texans,CIN Bengals,player_receptions,Tee Higgins,3.5,Under,kalshi,144,3.52,0.4242,pinnacle,11,2.0,False,ev +3.5 fair 0.424 pinnacle 11b
2026-09-20T14:59:11Z,football_nfl,32639,2026-09-20T17:00:00Z,BAL Ravens,NO Saints,player_reception_yds,Devaughn Vele,39.5,Under,bovada,115,4.41,0.4856,kalshi,5,2.0,False,ev +4.4 fair 0.486 kalshi 5b
2026-09-20T14:59:11Z,football_nfl,32639,2026-09-20T17:00:00Z,BAL Ravens,NO Saints,player_receptions,Juwan Johnson,3.5,Over,kalshi,-122,3.37,0.5681,pinnacle,10,2.0,False,ev +3.4 fair 0.568 pinnacle 10b
2026-09-20T14:59:11Z,football_nfl,32639,2026-09-20T17:00:00Z,BAL Ravens,NO Saints,player_receptions,LaJohntay Wester,2.5,Over,kalshi,178,6.24,0.3822,pinnacle,10,2.0,False,ev +6.2 fair 0.382 pinnacle 10b
2026-09-20T14:59:11Z,football_nfl,32639,2026-09-20T17:00:00Z,BAL Ravens,NO Saints,player_receptions,Travis Etienne Jr.,1.5,Under,draftkings,147,4.79,0.4242,pinnacle,8,2.0,False,ev +4.8 fair 0.424 pinnacle 8b
2026-09-20T14:59:11Z,football_nfl,32639,2026-09-20T17:00:00Z,BAL Ravens,NO Saints,player_receptions,Travis Etienne Jr.,1.5,Under,kalshi,144,3.52,0.4242,pinnacle,8,2.0,False,ev +3.5 fair 0.424 pinnacle 8b
2026-09-20T14:59:11Z,football_nfl,32636,2026-09-20T17:00:00Z,NY Jets,GB Packers,player_receptions,Chris Brooks,1.5,Over,kalshi,138,3.82,0.4362,pinnacle,7,2.0,False,ev +3.8 fair 0.436 pinnacle 7b
2026-09-20T14:59:11Z,football_nfl,32636,2026-09-20T17:00:00Z,NY Jets,GB Packers,player_receptions,Isaiah Williams,1.5,Over,kalshi,108,7.16,0.5152,pinnacle,8,2.0,False,ev +7.2 fair 0.515 pinnacle 8b
2026-09-20T14:59:11Z,football_nfl,32636,2026-09-20T17:00:00Z,NY Jets,GB Packers,player_receptions,Isaiah Williams,1.5,Over,bovada,105,5.61,0.5152,pinnacle,8,2.0,False,ev +5.6 fair 0.515 pinnacle 8b
2026-09-20T14:59:11Z,football_nfl,32636,2026-09-20T17:00:00Z,NY Jets,GB Packers,player_receptions,Isaiah Williams,1.5,Over,draftkings,104,5.1,0.5152,pinnacle,8,2.0,False,ev +5.1 fair 0.515 pinnacle 8b
2026-09-20T14:59:11Z,football_nfl,32636,2026-09-20T17:00:00Z,NY Jets,GB Packers,player_receptions,Kenyon Sadiq,2.5,Under,underdog,-118,3.48,0.5601,pinnacle,11,2.0,False,ev +3.5 fair 0.560 pinnacle 11b
2026-09-20T14:59:11Z,football_nfl,32636,2026-09-20T17:00:00Z,NY Jets,GB Packers,player_receptions,MarShawn Lloyd,1.5,Over,kalshi,163,6.77,0.406,pinnacle,9,2.0,False,ev +6.8 fair 0.406 pinnacle 9b
2026-09-20T14:59:11Z,football_nfl,32641,2026-09-20T20:05:00Z,DEN Broncos,JAX Jaguars,player_reception_yds,Parker Washington,59.5,Under,kalshi,108,4.0,0.5,pinnacle,9,5.1,False,ev +4.0 fair 0.500 pinnacle 9b
2026-09-20T14:59:11Z,football_nfl,32641,2026-09-20T20:05:00Z,DEN Broncos,JAX Jaguars,player_rush_attempts,J.K. Dobbins,13.5,Over,underdog,-102,3.51,0.5227,pinnacle,5,5.1,False,ev +3.5 fair 0.523 pinnacle 5b
2026-09-20T14:59:11Z,football_nfl,32642,2026-09-20T20:05:00Z,LA Chargers,LV Raiders,player_receptions,Tre' Harris,3.5,Over,kalshi,156,4.07,0.4065,pinnacle,3,5.1,False,ev +4.1 fair 0.406 pinnacle 3b
2026-09-20T14:59:11Z,football_nfl,32645,2026-09-20T20:25:00Z,ARI Cardinals,SEA Seahawks,player_pass_completions,Jacoby Brissett,21.5,Over,draftkings,-103,3.01,0.5227,pinnacle,7,5.4,False,ev +3.0 fair 0.523 pinnacle 7b
2026-09-20T14:59:11Z,football_nfl,32645,2026-09-20T20:25:00Z,ARI Cardinals,SEA Seahawks,player_pass_tds,Jacoby Brissett,1.5,Over,kalshi,212,3.72,0.3324,pinnacle,10,5.4,False,ev +3.7 fair 0.332 pinnacle 10b
2026-09-20T14:59:11Z,football_nfl,32645,2026-09-20T20:25:00Z,ARI Cardinals,SEA Seahawks,player_receptions,Kendrick Bourne,2.5,Over,kalshi,-113,4.02,0.5518,pinnacle,9,5.4,False,ev +4.0 fair 0.552 pinnacle 9b
2026-09-20T14:59:11Z,football_nfl,32643,2026-09-20T20:25:00Z,SF 49ers,MIA Dolphins,player_receptions,Chris Bell,1.5,Over,kalshi,-117,3.4,0.5575,pinnacle,10,5.4,False,ev +3.4 fair 0.557 pinnacle 10b
2026-09-20T14:59:11Z,football_nfl,32643,2026-09-20T20:25:00Z,SF 49ers,MIA Dolphins,player_receptions,Christian McCaffrey,4.5,Over,kalshi,-108,3.68,0.5383,pinnacle,10,5.4,False,ev +3.7 fair 0.538 pinnacle 10b
2026-09-20T14:59:11Z,football_nfl,32643,2026-09-20T20:25:00Z,SF 49ers,MIA Dolphins,player_receptions,De'Von Achane,4.5,Over,kalshi,144,4.1,0.4266,pinnacle,7,5.4,False,ev +4.1 fair 0.427 pinnacle 7b
2026-09-20T14:59:11Z,football_nfl,32643,2026-09-20T20:25:00Z,SF 49ers,MIA Dolphins,player_receptions,Malik Washington,3.5,Over,bovada,110,3.18,0.4913,pinnacle,10,5.4,False,ev +3.2 fair 0.491 pinnacle 10b
2026-09-20T14:59:11Z,football_nfl,32646,2026-09-21T00:20:00Z,KC Chiefs,IND Colts,player_receptions,Alec Pierce,2.5,Over,kalshi,-133,3.41,0.5903,pinnacle,11,9.3,False,ev +3.4 fair 0.590 pinnacle 11b
2026-09-20T14:59:11Z,football_nfl,32647,2026-09-22T00:15:00Z,LA Rams,NY Giants,player_reception_yds,Odell Beckham Jr.,6.5,Over,fanduel,112,3.85,0.4899,bovada,4,33.3,False,ev +3.9 fair 0.490 bovada 4b
2026-09-20T14:59:11Z,football_nfl,32647,2026-09-22T00:15:00Z,LA Rams,NY Giants,player_receptions,Davante Adams,3.5,Over,kalshi,-163,4.81,0.6496,pinnacle,5,33.3,False,ev +4.8 fair 0.650 pinnacle 5b
2026-09-20T19:53:56Z,football_nfl,32641,2026-09-20T20:05:00Z,DEN Broncos,JAX Jaguars,player_receptions,Pat Bryant,3.5,Under,bovada,-135,3.13,0.5924,pinnacle,10,0.2,False,ev +3.1 fair 0.592 pinnacle 10b
2026-09-20T19:53:56Z,football_nfl,32641,2026-09-20T20:05:00Z,DEN Broncos,JAX Jaguars,player_rush_attempts,J.K. Dobbins,13.5,Over,underdog,-102,5.38,0.5321,pinnacle,5,0.2,False,ev +5.4 fair 0.532 pinnacle 5b
2026-09-20T19:53:56Z,football_nfl,32642,2026-09-20T20:05:00Z,LA Chargers,LV Raiders,player_receptions,David Njoku,2.5,Under,draftkings,111,4.59,0.4957,pinnacle,10,0.2,False,ev +4.6 fair 0.496 pinnacle 10b
2026-09-20T19:53:56Z,football_nfl,32642,2026-09-20T20:05:00Z,LA Chargers,LV Raiders,player_receptions,David Njoku,2.5,Under,bovada,110,4.09,0.4957,pinnacle,10,0.2,False,ev +4.1 fair 0.496 pinnacle 10b
2026-09-20T19:53:56Z,football_nfl,32642,2026-09-20T20:05:00Z,LA Chargers,LV Raiders,player_receptions,Ladd McConkey,3.5,Under,hardrock,125,4.15,0.4629,pinnacle,6,0.2,True,ev +4.2 fair 0.463 pinnacle 6b
2026-09-20T19:53:56Z,football_nfl,32642,2026-09-20T20:05:00Z,LA Chargers,LV Raiders,player_receptions,Omarion Hampton,1.5,Under,hardrock,160,5.52,0.4058,kalshi,4,0.2,True,ev +5.5 fair 0.406 kalshi 4b
2026-09-20T19:53:56Z,football_nfl,32642,2026-09-20T20:05:00Z,LA Chargers,LV Raiders,player_rush_yds,Ashton Jeanty,62.5,Over,underdog,-112,4.45,0.5518,pinnacle,3,0.2,False,ev +4.5 fair 0.552 pinnacle 3b
2026-09-20T19:53:56Z,football_nfl,32645,2026-09-20T20:25:00Z,ARI Cardinals,SEA Seahawks,player_reception_yds,Trey McBride,60.5,Under,bovada,110,3.64,0.4935,pinnacle,7,0.5,False,ev +3.6 fair 0.493 pinnacle 7b
2026-09-20T19:53:56Z,football_nfl,32645,2026-09-20T20:25:00Z,ARI Cardinals,SEA Seahawks,player_receptions,Marvin Harrison Jr.,3.5,Under,bovada,-135,3.43,0.5942,kalshi,8,0.5,False,ev +3.4 fair 0.594 kalshi 8b
2026-09-20T19:53:56Z,football_nfl,32645,2026-09-20T20:25:00Z,ARI Cardinals,SEA Seahawks,player_receptions,Rashid Shaheed,2.5,Over,kalshi,186,6.21,0.3714,pinnacle,7,0.5,False,ev +6.2 fair 0.371 pinnacle 7b
2026-09-20T19:53:56Z,football_nfl,32644,2026-09-20T20:25:00Z,DAL Cowboys,WAS Commanders,player_receptions,Terry McLaurin,4.5,Under,bovada,-130,3.35,0.5841,kalshi,7,0.5,False,ev +3.4 fair 0.584 kalshi 7b
2026-09-20T19:53:56Z,football_nfl,32643,2026-09-20T20:25:00Z,SF 49ers,MIA Dolphins,player_receptions,Chris Bell,1.5,Over,kalshi,-117,3.4,0.5575,pinnacle,10,0.5,False,ev +3.4 fair 0.557 pinnacle 10b
2026-09-20T19:53:56Z,football_nfl,32643,2026-09-20T20:25:00Z,SF 49ers,MIA Dolphins,player_receptions,De'Von Achane,4.5,Over,kalshi,144,4.1,0.4266,pinnacle,8,0.5,False,ev +4.1 fair 0.427 pinnacle 8b
2026-09-20T19:53:56Z,football_nfl,32643,2026-09-20T20:25:00Z,SF 49ers,MIA Dolphins,player_rush_attempts,De'Von Achane,14.5,Under,draftkings,-117,5.24,0.5674,pinnacle,5,0.5,False,ev +5.2 fair 0.567 pinnacle 5b
2026-09-20T19:53:56Z,football_nfl,32643,2026-09-20T20:25:00Z,SF 49ers,MIA Dolphins,player_rush_attempts,De'Von Achane,14.5,Under,underdog,-120,4.02,0.5674,pinnacle,5,0.5,False,ev +4.0 fair 0.567 pinnacle 5b
2026-09-20T19:53:56Z,football_nfl,32646,2026-09-21T00:20:00Z,KC Chiefs,IND Colts,player_receptions,Alec Pierce,2.5,Over,kalshi,-133,3.41,0.5903,pinnacle,11,4.4,False,ev +3.4 fair 0.590 pinnacle 11b
2026-09-20T19:53:56Z,football_nfl,32646,2026-09-21T00:20:00Z,KC Chiefs,IND Colts,player_receptions,Rashee Rice,4.5,Under,bovada,110,4.09,0.4957,pinnacle,12,4.4,False,ev +4.1 fair 0.496 pinnacle 12b
2026-09-20T19:53:56Z,football_nfl,32646,2026-09-21T00:20:00Z,KC Chiefs,IND Colts,player_receptions,Rashee Rice,4.5,Under,draftkings,108,3.1,0.4957,pinnacle,12,4.4,False,ev +3.1 fair 0.496 pinnacle 12b
2026-09-20T19:53:56Z,football_nfl,32647,2026-09-22T00:15:00Z,LA Rams,NY Giants,player_receptions,Davante Adams,3.5,Under,hardrock,260,26.27,0.3508,pinnacle,3,28.4,True,ev +26.3 fair 0.351 pinnacle 3b
2026-09-20T19:53:56Z,football_nfl,32647,2026-09-22T00:15:00Z,LA Rams,NY Giants,player_receptions,Davante Adams,3.5,Under,kalshi,233,16.8,0.3508,pinnacle,3,28.4,False,ev +16.8 fair 0.351 pinnacle 3b
2026-09-21T01:59:48Z,football_nfl,32647,2026-09-22T00:15:00Z,LA Rams,NY Giants,player_pass_tds,Matthew Stafford,1.5,Over,kalshi,-163,3.48,0.6414,pinnacle,9,22.3,False,ev +3.5 fair 0.641 pinnacle 9b
2026-09-21T01:59:48Z,football_nfl,32647,2026-09-22T00:15:00Z,LA Rams,NY Giants,player_receptions,Terrance Ferguson,2.5,Over,kalshi,127,3.1,0.4542,pinnacle,7,22.3,False,ev +3.1 fair 0.454 pinnacle 7b
2026-09-21T01:59:48Z,football_nfl,32647,2026-09-22T00:15:00Z,LA Rams,NY Giants,player_receptions,Tyler Higbee,1.5,Over,kalshi,-104,3.6,0.5282,pinnacle,7,22.3,False,ev +3.6 fair 0.528 pinnacle 7b
2026-09-21T11:15:41Z,football_nfl,32647,2026-09-22T00:15:00Z,LA Rams,NY Giants,player_pass_tds,Matthew Stafford,1.5,Over,kalshi,-163,3.09,0.6389,pinnacle,10,13.0,False,ev +3.1 fair 0.639 pinnacle 10b
2026-09-21T11:15:41Z,football_nfl,32647,2026-09-22T00:15:00Z,LA Rams,NY Giants,player_reception_yds,Tyler Higbee,14.5,Over,kalshi,104,4.89,0.5142,pinnacle,6,13.0,False,ev +4.9 fair 0.514 pinnacle 6b
2026-09-21T11:15:41Z,football_nfl,32647,2026-09-22T00:15:00Z,LA Rams,NY Giants,player_receptions,Cam Skattebo,1.5,Over,kalshi,-122,3.21,0.5672,pinnacle,8,13.0,False,ev +3.2 fair 0.567 pinnacle 8b
2026-09-21T11:15:41Z,football_nfl,32647,2026-09-22T00:15:00Z,LA Rams,NY Giants,player_receptions,Isaiah Likely,4.5,Over,kalshi,122,6.57,0.4801,pinnacle,10,13.0,False,ev +6.6 fair 0.480 pinnacle 10b
2026-09-21T11:15:41Z,football_nfl,32647,2026-09-22T00:15:00Z,LA Rams,NY Giants,player_receptions,Kyren Williams,2.5,Over,kalshi,133,3.4,0.4438,pinnacle,10,13.0,False,ev +3.4 fair 0.444 pinnacle 10b
2026-09-21T11:15:41Z,football_nfl,32647,2026-09-22T00:15:00Z,LA Rams,NY Giants,player_receptions,Malachi Fields,2.5,Over,kalshi,138,3.7,0.4357,pinnacle,10,13.0,False,ev +3.7 fair 0.436 pinnacle 10b
2026-09-21T11:15:41Z,football_nfl,32648,2026-09-25T00:15:00Z,GB Packers,ATL Falcons,player_receptions,Kyle Pitts,3.5,Over,underdog,-114,4.02,0.5541,bovada,4,85.0,False,ev +4.0 fair 0.554 bovada 4b
2026-09-21T17:17:25Z,football_nfl,32647,2026-09-22T00:15:00Z,LA Rams,NY Giants,player_receptions,Darnell Mooney,1.5,Over,bovada,150,13.7,0.4548,pinnacle,9,7.0,False,ev +13.7 fair 0.455 pinnacle 9b
2026-09-21T17:17:25Z,football_nfl,32647,2026-09-22T00:15:00Z,LA Rams,NY Giants,player_receptions,Terrance Ferguson,2.5,Under,draftkings,-114,3.95,0.5537,pinnacle,12,7.0,False,ev +4.0 fair 0.554 pinnacle 12b
2026-09-21T17:17:25Z,football_nfl,32648,2026-09-25T00:15:00Z,GB Packers,ATL Falcons,player_receptions,Kyle Pitts,3.5,Over,underdog,-114,4.02,0.5541,bovada,4,79.0,False,ev +4.0 fair 0.554 bovada 4b
2026-09-21T17:22:52Z,football_nfl,32647,2026-09-22T00:15:00Z,LA Rams,NY Giants,player_receptions,Terrance Ferguson,2.5,Under,draftkings,-114,3.95,0.5537,pinnacle,12,6.9,False,ev +4.0 fair 0.554 pinnacle 12b
2026-09-21T17:22:52Z,football_nfl,32647,2026-09-22T00:15:00Z,LA Rams,NY Giants,player_receptions,Terrance Ferguson,2.5,Under,bovada,-115,3.53,0.5537,pinnacle,12,6.9,False,ev +3.5 fair 0.554 pinnacle 12b
2026-09-21T17:22:52Z,football_nfl,32648,2026-09-25T00:15:00Z,GB Packers,ATL Falcons,player_receptions,Kyle Pitts,3.5,Over,underdog,-114,4.02,0.5541,bovada,4,78.9,False,ev +4.0 fair 0.554 bovada 4b
2026-09-21T17:35:35Z,football_nfl,32647,2026-09-22T00:15:00Z,LA Rams,NY Giants,player_receptions,Terrance Ferguson,2.5,Under,draftkings,-114,3.23,0.5499,pinnacle,12,6.7,False,ev +3.2 fair 0.550 pinnacle 12b
2026-09-21T17:35:35Z,football_nfl,32648,2026-09-25T00:15:00Z,GB Packers,ATL Falcons,player_receptions,Kyle Pitts,3.5,Over,underdog,-114,4.02,0.5541,bovada,5,78.7,False,ev +4.0 fair 0.554 bovada 5b
2026-09-21T17:51:28Z,football_nfl,32647,2026-09-22T00:15:00Z,LA Rams,NY Giants,player_receptions,Terrance Ferguson,2.5,Under,draftkings,-114,3.23,0.5499,pinnacle,12,6.4,False,ev +3.2 fair 0.550 pinnacle 12b
2026-09-21T17:51:28Z,football_nfl,32648,2026-09-25T00:15:00Z,GB Packers,ATL Falcons,player_receptions,Kyle Pitts,3.5,Over,underdog,-114,4.02,0.5541,bovada,5,78.4,False,ev +4.0 fair 0.554 bovada 5b
2026-09-21T17:57:22Z,football_nfl,32647,2026-09-22T00:15:00Z,LA Rams,NY Giants,player_receptions,Terrance Ferguson,2.5,Under,draftkings,-114,3.23,0.5499,pinnacle,12,6.3,False,ev +3.2 fair 0.550 pinnacle 12b
2026-09-21T17:57:22Z,football_nfl,32648,2026-09-25T00:15:00Z,GB Packers,ATL Falcons,player_receptions,Kyle Pitts,3.5,Over,underdog,-114,4.02,0.5541,bovada,5,78.3,False,ev +4.0 fair 0.554 bovada 5b
2026-09-21T21:17:59Z,football_nfl,32647,2026-09-22T00:15:00Z,LA Rams,NY Giants,player_receptions,Devin Singletary,1.5,Over,kalshi,127,3.24,0.4548,pinnacle,8,3.0,False,ev +3.2 fair 0.455 pinnacle 8b
2026-09-21T21:17:59Z,football_nfl,32647,2026-09-22T00:15:00Z,LA Rams,NY Giants,player_rush_yds,Blake Corum,49.5,Over,kalshi,113,6.5,0.5,pinnacle,4,3.0,False,ev +6.5 fair 0.500 pinnacle 4b
2026-09-22T15:50:39Z,football_nfl,32648,2026-09-25T00:15:00Z,GB Packers,ATL Falcons,player_receptions,MarShawn Lloyd,1.5,Over,kalshi,194,4.95,0.357,pinnacle,7,56.4,False,ev +5.0 fair 0.357 pinnacle 7b
2026-09-22T20:34:36Z,football_nfl,32648,2026-09-25T00:15:00Z,GB Packers,ATL Falcons,player_receptions,MarShawn Lloyd,1.5,Over,kalshi,194,9.52,0.3725,pinnacle,7,51.7,False,ev +9.5 fair 0.372 pinnacle 7b
2026-09-23T02:05:21Z,football_nfl,32648,2026-09-25T00:15:00Z,GB Packers,ATL Falcons,player_receptions,MarShawn Lloyd,1.5,Over,kalshi,194,8.17,0.3679,pinnacle,8,46.2,False,ev +8.2 fair 0.368 pinnacle 8b
2026-09-23T10:22:25Z,football_nfl,32648,2026-09-25T00:15:00Z,GB Packers,ATL Falcons,player_receptions,Jahan Dotson,1.5,Over,kalshi,-127,3.41,0.5785,pinnacle,9,37.9,False,ev +3.4 fair 0.579 pinnacle 9b
2026-09-23T10:22:25Z,football_nfl,32648,2026-09-25T00:15:00Z,GB Packers,ATL Falcons,player_receptions,MarShawn Lloyd,1.5,Over,kalshi,186,5.22,0.3679,pinnacle,8,37.9,False,ev +5.2 fair 0.368 pinnacle 8b
2026-09-23T15:40:11Z,football_nfl,32648,2026-09-25T00:15:00Z,GB Packers,ATL Falcons,player_receptions,Jahan Dotson,1.5,Over,kalshi,-127,3.47,0.5789,pinnacle,11,32.6,False,ev +3.5 fair 0.579 pinnacle 11b
2026-09-23T15:40:11Z,football_nfl,32648,2026-09-25T00:15:00Z,GB Packers,ATL Falcons,player_receptions,Jonnu Smith,1.5,Over,kalshi,163,6.88,0.4064,pinnacle,7,32.6,False,ev +6.9 fair 0.406 pinnacle 7b
2026-09-23T15:40:11Z,football_nfl,32648,2026-09-25T00:15:00Z,GB Packers,ATL Falcons,player_receptions,Skyy Moore,1.5,Over,kalshi,156,4.04,0.4064,pinnacle,8,32.6,False,ev +4.0 fair 0.406 pinnacle 8b
2026-09-23T15:40:11Z,football_nfl,32648,2026-09-25T00:15:00Z,GB Packers,ATL Falcons,player_rush_yds,MarShawn Lloyd,29.5,Over,kalshi,113,6.5,0.5,pinnacle,3,32.6,False,ev +6.5 fair 0.500 pinnacle 3b
2026-09-23T15:40:11Z,football_nfl,32656,2026-09-27T17:00:00Z,DET Lions,NY Jets,player_receptions,Adonai Mitchell,3.5,Over,draftkings,-111,3.01,0.5419,pinnacle,7,97.3,False,ev +3.0 fair 0.542 pinnacle 7b
2026-09-23T20:45:42Z,football_nfl,32648,2026-09-25T00:15:00Z,GB Packers,ATL Falcons,player_field_goals_made,Nick Folk,1.5,Under,hardrock,-110,3.17,0.5404,pinnacle,3,27.5,True,ev +3.2 fair 0.540 pinnacle 3b
2026-09-23T20:45:42Z,football_nfl,32648,2026-09-25T00:15:00Z,GB Packers,ATL Falcons,player_field_goals_made,Trey Smack,1.5,Under,hardrock,120,4.48,0.4749,pinnacle,3,27.5,True,ev +4.5 fair 0.475 pinnacle 3b
2026-09-23T20:45:42Z,football_nfl,32648,2026-09-25T00:15:00Z,GB Packers,ATL Falcons,player_pass_tds,Jordan Love,1.5,Over,kalshi,-104,3.41,0.5272,pinnacle,10,27.5,False,ev +3.4 fair 0.527 pinnacle 10b
2026-09-23T20:45:42Z,football_nfl,32648,2026-09-25T00:15:00Z,GB Packers,ATL Falcons,player_reception_yds,Christian Watson,69.5,Over,kalshi,108,4.0,0.5,pinnacle,5,27.5,False,ev +4.0 fair 0.500 pinnacle 5b
2026-09-23T20:45:42Z,football_nfl,32648,2026-09-25T00:15:00Z,GB Packers,ATL Falcons,player_receptions,Jahan Dotson,1.5,Over,kalshi,-127,3.27,0.5778,pinnacle,9,27.5,False,ev +3.3 fair 0.578 pinnacle 9b
2026-09-23T20:45:42Z,football_nfl,32651,2026-09-27T17:00:00Z,JAX Jaguars,NE Patriots,player_reception_yds,Jakobi Meyers,34.5,Over,kalshi,108,4.0,0.5,pinnacle,6,92.2,False,ev +4.0 fair 0.500 pinnacle 6b
2026-09-23T20:45:42Z,football_nfl,23215,2026-09-27T20:25:00Z,Dallas Cowboys,Baltimore Ravens,player_reception_yds,George Pickens,59.5,Under,kalshi,108,4.42,0.502,pinnacle,6,95.7,False,ev +4.4 fair 0.502 pinnacle 6b
2026-09-24T01:53:27Z,football_nfl,32648,2026-09-25T00:15:00Z,GB Packers,ATL Falcons,player_field_goals_made,Nick Folk,1.5,Under,hardrock,-110,3.17,0.5404,pinnacle,3,22.4,True,ev +3.2 fair 0.540 pinnacle 3b
2026-09-24T01:53:27Z,football_nfl,32648,2026-09-25T00:15:00Z,GB Packers,ATL Falcons,player_field_goals_made,Trey Smack,1.5,Under,hardrock,120,4.48,0.4749,pinnacle,3,22.4,True,ev +4.5 fair 0.475 pinnacle 3b
2026-09-24T01:53:27Z,football_nfl,32648,2026-09-25T00:15:00Z,GB Packers,ATL Falcons,player_pass_tds,Jordan Love,1.5,Over,kalshi,-104,3.41,0.5272,pinnacle,12,22.4,False,ev +3.4 fair 0.527 pinnacle 12b
2026-09-24T01:53:27Z,football_nfl,32648,2026-09-25T00:15:00Z,GB Packers,ATL Falcons,player_reception_yds,Christian Watson,69.5,Over,kalshi,108,4.0,0.5,pinnacle,7,22.4,False,ev +4.0 fair 0.500 pinnacle 7b
2026-09-24T01:53:27Z,football_nfl,32648,2026-09-25T00:15:00Z,GB Packers,ATL Falcons,player_receptions,Chris Brooks,1.5,Over,kalshi,144,5.01,0.4304,pinnacle,7,22.4,False,ev +5.0 fair 0.430 pinnacle 7b
2026-09-24T01:53:27Z,football_nfl,32648,2026-09-25T00:15:00Z,GB Packers,ATL Falcons,player_receptions,Christian Watson,4.5,Under,kalshi,133,4.89,0.4502,pinnacle,11,22.4,False,ev +4.9 fair 0.450 pinnacle 11b
2026-09-24T01:53:27Z,football_nfl,32648,2026-09-25T00:15:00Z,GB Packers,ATL Falcons,player_receptions,Jonnu Smith,1.5,Over,kalshi,170,3.97,0.3851,pinnacle,9,22.4,False,ev +4.0 fair 0.385 pinnacle 9b
2026-09-24T01:53:27Z,football_nfl,32648,2026-09-25T00:15:00Z,GB Packers,ATL Falcons,player_receptions,Tucker Kraft,3.5,Over,kalshi,-127,4.17,0.5828,pinnacle,11,22.4,False,ev +4.2 fair 0.583 pinnacle 11b
2026-09-24T01:53:27Z,football_nfl,23215,2026-09-27T20:25:00Z,Dallas Cowboys,Baltimore Ravens,player_reception_yds,George Pickens,59.5,Under,kalshi,108,4.42,0.502,pinnacle,6,90.5,False,ev +4.4 fair 0.502 pinnacle 6b
2026-09-24T01:53:27Z,football_nfl,32662,2026-09-29T00:15:00Z,CHI Bears,PHI Eagles,player_reception_yds,Dontayvion Wicks,39.5,Under,hardrock,-105,4.06,0.533,kalshi,4,118.4,True,ev +4.1 fair 0.533 kalshi 4b
2026-09-24T10:38:05Z,football_nfl,32648,2026-09-25T00:15:00Z,GB Packers,ATL Falcons,player_field_goals_made,Nick Folk,1.5,Under,underdog,-106,5.02,0.5404,pinnacle,5,13.6,False,ev +5.0 fair 0.540 pinnacle 5b
2026-09-24T10:38:05Z,football_nfl,32648,2026-09-25T00:15:00Z,GB Packers,ATL Falcons,player_field_goals_made,Nick Folk,1.5,Under,draftkings,-107,4.55,0.5404,pinnacle,5,13.6,False,ev +4.5 fair 0.540 pinnacle 5b
2026-09-24T10:38:05Z,football_nfl,32648,2026-09-25T00:15:00Z,GB Packers,ATL Falcons,player_field_goals_made,Nick Folk,1.5,Under,hardrock,-110,3.17,0.5404,pinnacle,5,13.6,True,ev +3.2 fair 0.540 pinnacle 5b
2026-09-24T10:38:05Z,football_nfl,32648,2026-09-25T00:15:00Z,GB Packers,ATL Falcons,player_receptions,Chris Brooks,1.5,Over,kalshi,150,7.6,0.4304,pinnacle,8,13.6,False,ev +7.6 fair 0.430 pinnacle 8b
2026-09-24T10:38:05Z,football_nfl,32648,2026-09-25T00:15:00Z,GB Packers,ATL Falcons,player_receptions,Christian Watson,4.5,Under,kalshi,133,4.62,0.449,pinnacle,9,13.6,False,ev +4.6 fair 0.449 pinnacle 9b
2026-09-24T10:38:05Z,football_nfl,32648,2026-09-25T00:15:00Z,GB Packers,ATL Falcons,player_receptions,Jonnu Smith,1.5,Over,kalshi,170,3.97,0.3851,pinnacle,9,13.6,False,ev +4.0 fair 0.385 pinnacle 9b
2026-09-24T10:38:05Z,football_nfl,32648,2026-09-25T00:15:00Z,GB Packers,ATL Falcons,player_receptions,Tucker Kraft,3.5,Under,kalshi,133,3.4,0.4438,pinnacle,9,13.6,False,ev +3.4 fair 0.444 pinnacle 9b
2026-09-24T10:38:05Z,football_nfl,32648,2026-09-25T00:15:00Z,GB Packers,ATL Falcons,player_receptions,Tucker Kraft,4.5,Under,draftkings,-162,3.04,0.6371,kalshi,5,13.6,False,ev +3.0 fair 0.637 kalshi 5b
2026-09-24T10:38:05Z,football_nfl,32655,2026-09-27T17:00:00Z,BUF Bills,LA Chargers,player_pass_tds,Josh Allen,1.5,Under,kalshi,133,3.72,0.4452,pinnacle,8,78.4,False,ev +3.7 fair 0.445 pinnacle 8b
2026-09-24T10:38:05Z,football_nfl,32654,2026-09-27T17:00:00Z,IND Colts,HOU Texans,player_receptions,Dalton Schultz,5.5,Under,bovada,-120,6.47,0.5808,pinnacle,7,78.4,False,ev +6.5 fair 0.581 pinnacle 7b
2026-09-24T10:38:05Z,football_nfl,32654,2026-09-27T17:00:00Z,IND Colts,HOU Texans,player_receptions,Dalton Schultz,5.5,Under,draftkings,-120,6.47,0.5808,pinnacle,7,78.4,False,ev +6.5 fair 0.581 pinnacle 7b
2026-09-24T10:38:05Z,football_nfl,32659,2026-09-27T20:05:00Z,SF 49ers,ARI Cardinals,player_pass_completions,Jacoby Brissett,21.5,Over,underdog,-103,4.09,0.5282,pinnacle,6,81.4,False,ev +4.1 fair 0.528 pinnacle 6b
2026-09-24T10:38:05Z,football_nfl,23215,2026-09-27T20:25:00Z,Dallas Cowboys,Baltimore Ravens,player_reception_yds,George Pickens,59.5,Under,kalshi,108,4.42,0.502,pinnacle,7,81.8,False,ev +4.4 fair 0.502 pinnacle 7b
2026-09-24T10:38:05Z,football_nfl,32661,2026-09-28T00:20:00Z,DEN Broncos,LA Rams,player_reception_yds,Courtland Sutton,39.5,Under,draftkings,-114,3.31,0.5504,kalshi,5,85.7,False,ev +3.3 fair 0.550 kalshi 5b
2026-09-24T16:01:08Z,football_nfl,32648,2026-09-25T00:15:00Z,GB Packers,ATL Falcons,player_field_goals_made,Trey Smack,1.5,Under,hardrock,120,4.06,0.473,pinnacle,4,8.2,True,ev +4.1 fair 0.473 pinnacle 4b
2026-09-24T16:01:08Z,football_nfl,32648,2026-09-25T00:15:00Z,GB Packers,ATL Falcons,player_receptions,Bijan Robinson,4.5,Over,kalshi,-100,3.23,0.5162,pinnacle,12,8.2,False,ev +3.2 fair 0.516 pinnacle 12b
2026-09-24T16:01:08Z,football_nfl,32648,2026-09-25T00:15:00Z,GB Packers,ATL Falcons,player_receptions,Chris Brooks,1.5,Over,kalshi,163,5.54,0.4013,pinnacle,9,8.2,False,ev +5.5 fair 0.401 pinnacle 9b
2026-09-24T16:01:08Z,football_nfl,32648,2026-09-25T00:15:00Z,GB Packers,ATL Falcons,player_receptions,Drake London,5.5,Over,kalshi,113,3.27,0.4848,pinnacle,12,8.2,False,ev +3.3 fair 0.485 pinnacle 12b
2026-09-24T16:01:08Z,football_nfl,32648,2026-09-25T00:15:00Z,GB Packers,ATL Falcons,player_receptions,Tucker Kraft,3.5,Under,kalshi,133,5.97,0.4548,pinnacle,11,8.2,False,ev +6.0 fair 0.455 pinnacle 11b
2026-09-24T16:01:08Z,football_nfl,32648,2026-09-25T00:15:00Z,GB Packers,ATL Falcons,player_receptions,Tucker Kraft,3.5,Under,bovada,130,4.61,0.4548,pinnacle,11,8.2,False,ev +4.6 fair 0.455 pinnacle 11b
2026-09-24T16:01:08Z,football_nfl,32655,2026-09-27T17:00:00Z,BUF Bills,LA Chargers,player_pass_tds,Josh Allen,1.5,Under,kalshi,133,3.72,0.4452,pinnacle,8,73.0,False,ev +3.7 fair 0.445 pinnacle 8b
2026-09-24T16:01:08Z,football_nfl,32655,2026-09-27T17:00:00Z,BUF Bills,LA Chargers,player_rush_attempts,Justin Herbert,4.5,Over,hardrock,-105,3.12,0.5282,pinnacle,3,73.0,True,ev +3.1 fair 0.528 pinnacle 3b
2026-09-24T16:01:08Z,football_nfl,32656,2026-09-27T17:00:00Z,DET Lions,NY Jets,player_receptions,Amon-Ra St. Brown,7.5,Under,draftkings,-136,3.01,0.5936,pinnacle,6,73.0,False,ev +3.0 fair 0.594 pinnacle 6b
2026-09-24T16:01:08Z,football_nfl,32654,2026-09-27T17:00:00Z,IND Colts,HOU Texans,player_receptions,Josh Downs,5.5,Over,hardrock,145,4.08,0.4248,bovada,3,73.0,True,ev +4.1 fair 0.425 bovada 3b
2026-09-24T16:01:08Z,football_nfl,32653,2026-09-27T17:00:00Z,NY Giants,TEN Titans,player_receptions,Carnell Tate,3.5,Over,bovada,130,4.47,0.4542,pinnacle,7,73.0,False,ev +4.5 fair 0.454 pinnacle 7b
2026-09-24T16:01:08Z,football_nfl,32653,2026-09-27T17:00:00Z,NY Giants,TEN Titans,player_receptions,Carnell Tate,3.5,Over,draftkings,129,4.01,0.4542,pinnacle,7,73.0,False,ev +4.0 fair 0.454 pinnacle 7b
2026-09-24T16:01:08Z,football_nfl,32653,2026-09-27T17:00:00Z,NY Giants,TEN Titans,player_receptions,Darnell Mooney,1.5,Over,draftkings,130,7.58,0.4677,pinnacle,7,73.0,False,ev +7.6 fair 0.468 pinnacle 7b
2026-09-24T16:01:08Z,football_nfl,32653,2026-09-27T17:00:00Z,NY Giants,TEN Titans,player_receptions,Darnell Mooney,1.5,Over,bovada,130,7.58,0.4677,pinnacle,7,73.0,False,ev +7.6 fair 0.468 pinnacle 7b
2026-09-24T16:01:08Z,football_nfl,32657,2026-09-27T17:00:00Z,CLE Browns,CAR Panthers,player_receptions,Tetairoa McMillan,4.5,Over,underdog,-102,3.39,0.5221,pinnacle,8,73.0,False,ev +3.4 fair 0.522 pinnacle 8b
2026-09-24T16:01:08Z,football_nfl,32657,2026-09-27T17:00:00Z,CLE Browns,CAR Panthers,player_rush_attempts,Chuba Hubbard,17.5,Over,draftkings,-103,3.93,0.5273,pinnacle,5,73.0,False,ev +3.9 fair 0.527 pinnacle 5b
2026-09-24T16:01:08Z,football_nfl,32659,2026-09-27T20:05:00Z,SF 49ers,ARI Cardinals,player_pass_completions,Jacoby Brissett,21.5,Over,underdog,-103,4.09,0.5282,pinnacle,6,76.1,False,ev +4.1 fair 0.528 pinnacle 6b
2026-09-24T20:51:37Z,football_nfl,32648,2026-09-25T00:15:00Z,GB Packers,ATL Falcons,player_pass_tds,Jordan Love,1.5,Under,hardrock,110,3.18,0.4913,pinnacle,13,3.4,True,ev +3.2 fair 0.491 pinnacle 13b
2026-09-24T20:51:37Z,football_nfl,32648,2026-09-25T00:15:00Z,GB Packers,ATL Falcons,player_receptions,Austin Hooper,0.5,Under,fanduel,-106,3.88,0.5345,kalshi,6,3.4,False,ev +3.9 fair 0.534 kalshi 6b
2026-09-24T20:51:37Z,football_nfl,32648,2026-09-25T00:15:00Z,GB Packers,ATL Falcons,player_receptions,Bijan Robinson,4.5,Over,kalshi,-113,3.29,0.5479,pinnacle,13,3.4,False,ev +3.3 fair 0.548 pinnacle 13b
2026-09-24T20:51:37Z,football_nfl,32648,2026-09-25T00:15:00Z,GB Packers,ATL Falcons,player_receptions,Christian Watson,4.5,Over,kalshi,-117,4.23,0.562,pinnacle,12,3.4,False,ev +4.2 fair 0.562 pinnacle 12b
2026-09-24T20:51:37Z,football_nfl,32648,2026-09-25T00:15:00Z,GB Packers,ATL Falcons,player_receptions,Drake London,5.5,Over,kalshi,113,3.73,0.487,pinnacle,12,3.4,False,ev +3.7 fair 0.487 pinnacle 12b
2026-09-24T20:51:37Z,football_nfl,32648,2026-09-25T00:15:00Z,GB Packers,ATL Falcons,player_receptions,Jonnu Smith,1.5,Over,kalshi,178,4.47,0.3758,pinnacle,10,3.4,False,ev +4.5 fair 0.376 pinnacle 10b
2026-09-24T20:51:37Z,football_nfl,32648,2026-09-25T00:15:00Z,GB Packers,ATL Falcons,player_receptions,Skyy Moore,1.5,Over,kalshi,144,9.35,0.4482,pinnacle,10,3.4,False,ev +9.3 fair 0.448 pinnacle 10b
2026-09-24T20:51:37Z,football_nfl,32648,2026-09-25T00:15:00Z,GB Packers,ATL Falcons,player_receptions,Skyy Moore,1.5,Over,draftkings,135,5.32,0.4482,pinnacle,10,3.4,False,ev +5.3 fair 0.448 pinnacle 10b
2026-09-24T20:51:37Z,football_nfl,32648,2026-09-25T00:15:00Z,GB Packers,ATL Falcons,player_receptions,Skyy Moore,1.5,Over,bovada,130,3.08,0.4482,pinnacle,10,3.4,False,ev +3.1 fair 0.448 pinnacle 10b
2026-09-24T20:51:37Z,football_nfl,32648,2026-09-25T00:15:00Z,GB Packers,ATL Falcons,player_receptions,Tucker Kraft,4.5,Under,draftkings,-166,3.17,0.6439,kalshi,4,3.4,False,ev +3.2 fair 0.644 kalshi 4b
2026-09-24T20:51:37Z,football_nfl,32655,2026-09-27T17:00:00Z,BUF Bills,LA Chargers,player_pass_tds,Josh Allen,1.5,Under,kalshi,133,3.72,0.4452,pinnacle,8,68.1,False,ev +3.7 fair 0.445 pinnacle 8b
2026-09-24T20:51:37Z,football_nfl,32651,2026-09-27T17:00:00Z,JAX Jaguars,NE Patriots,player_receptions,Parker Washington,4.5,Under,kalshi,150,5.22,0.4209,pinnacle,9,68.1,False,ev +5.2 fair 0.421 pinnacle 9b
2026-09-24T20:51:37Z,football_nfl,32656,2026-09-27T17:00:00Z,DET Lions,NY Jets,player_receptions,Breece Hall,3.5,Over,kalshi,144,3.66,0.4248,pinnacle,8,68.1,False,ev +3.7 fair 0.425 pinnacle 8b
2026-09-24T20:51:37Z,football_nfl,32656,2026-09-27T17:00:00Z,DET Lions,NY Jets,player_receptions,Garrett Wilson,5.5,Under,bovada,-105,5.02,0.5379,pinnacle,10,68.1,False,ev +5.0 fair 0.538 pinnacle 10b
2026-09-24T20:51:37Z,football_nfl,32656,2026-09-27T17:00:00Z,DET Lions,NY Jets,player_receptions,Garrett Wilson,5.5,Under,draftkings,-105,5.02,0.5379,pinnacle,10,68.1,False,ev +5.0 fair 0.538 pinnacle 10b
2026-09-24T20:51:37Z,football_nfl,32656,2026-09-27T17:00:00Z,DET Lions,NY Jets,player_receptions,Garrett Wilson,5.5,Under,kalshi,-108,3.6,0.5379,pinnacle,10,68.1,False,ev +3.6 fair 0.538 pinnacle 10b
2026-09-24T20:51:37Z,football_nfl,32654,2026-09-27T17:00:00Z,IND Colts,HOU Texans,player_receptions,Jaylin Noel,2.5,Over,bovada,125,6.16,0.4718,pinnacle,8,68.1,False,ev +6.2 fair 0.472 pinnacle 8b
2026-09-24T20:51:37Z,football_nfl,32654,2026-09-27T17:00:00Z,IND Colts,HOU Texans,player_receptions,Jaylin Noel,2.5,Over,kalshi,122,4.75,0.4718,pinnacle,8,68.1,False,ev +4.8 fair 0.472 pinnacle 8b
2026-09-24T20:51:37Z,football_nfl,32654,2026-09-27T17:00:00Z,IND Colts,HOU Texans,player_receptions,Tyler Warren,4.5,Over,kalshi,-113,3.38,0.5485,pinnacle,8,68.1,False,ev +3.4 fair 0.548 pinnacle 8b
2026-09-24T20:51:37Z,football_nfl,32650,2026-09-27T17:00:00Z,MIA Dolphins,KC Chiefs,player_pass_completions,Malik Willis,16.5,Under,draftkings,101,3.35,0.5142,pinnacle,6,68.1,False,ev +3.4 fair 0.514 pinnacle 6b
2026-09-24T20:51:37Z,football_nfl,32650,2026-09-27T17:00:00Z,MIA Dolphins,KC Chiefs,player_receptions,Travis Kelce,4.5,Over,kalshi,117,3.02,0.4747,pinnacle,8,68.1,False,ev +3.0 fair 0.475 pinnacle 8b
2026-09-24T20:51:37Z,football_nfl,32653,2026-09-27T17:00:00Z,NY Giants,TEN Titans,player_receptions,Darnell Mooney,1.5,Over,kalshi,122,3.84,0.4677,pinnacle,8,68.1,False,ev +3.8 fair 0.468 pinnacle 8b
2026-09-24T20:51:37Z,football_nfl,32653,2026-09-27T17:00:00Z,NY Giants,TEN Titans,player_receptions,Malachi Fields,2.5,Over,kalshi,156,4.04,0.4064,pinnacle,6,68.1,False,ev +4.0 fair 0.406 pinnacle 6b
2026-09-24T20:51:37Z,football_nfl,32653,2026-09-27T17:00:00Z,NY Giants,TEN Titans,player_receptions,Malik Nabers,4.5,Under,underdog,-104,3.03,0.5253,pinnacle,8,68.1,False,ev +3.0 fair 0.525 pinnacle 8b
2026-09-24T20:51:37Z,football_nfl,32652,2026-09-27T17:00:00Z,WAS Commanders,SEA Seahawks,player_rush_yds,Jacory Croskey-Merritt,39.5,Over,kalshi,104,4.89,0.5142,pinnacle,8,68.1,False,ev +4.9 fair 0.514 pinnacle 8b
2026-09-24T20:51:37Z,football_nfl,32657,2026-09-27T17:00:00Z,CLE Browns,CAR Panthers,player_reception_yds,Chuba Hubbard,15.5,Over,fanduel,108,3.58,0.498,pinnacle,7,68.1,False,ev +3.6 fair 0.498 pinnacle 7b
2026-09-24T20:51:37Z,football_nfl,32657,2026-09-27T17:00:00Z,CLE Browns,CAR Panthers,player_receptions,Tetairoa McMillan,4.5,Over,underdog,-102,5.0,0.5302,pinnacle,9,68.1,False,ev +5.0 fair 0.530 pinnacle 9b
2026-09-24T20:51:37Z,football_nfl,32659,2026-09-27T20:05:00Z,SF 49ers,ARI Cardinals,player_pass_completions,Jacoby Brissett,21.5,Over,underdog,-103,4.09,0.5282,pinnacle,6,71.2,False,ev +4.1 fair 0.528 pinnacle 6b
2026-09-24T20:51:37Z,football_nfl,32658,2026-09-27T20:05:00Z,TB Buccaneers,MIN Vikings,player_receptions,Emeka Egbuka,3.5,Under,draftkings,130,6.7,0.4639,kalshi,5,71.2,False,ev +6.7 fair 0.464 kalshi 5b
2026-09-24T20:51:37Z,football_nfl,32658,2026-09-27T20:05:00Z,TB Buccaneers,MIN Vikings,player_receptions,Emeka Egbuka,3.5,Under,bovada,130,6.7,0.4639,kalshi,5,71.2,False,ev +6.7 fair 0.464 kalshi 5b
2026-09-24T20:51:37Z,football_nfl,32658,2026-09-27T20:05:00Z,TB Buccaneers,MIN Vikings,player_receptions,Emeka Egbuka,3.5,Under,hardrock,130,6.7,0.4639,kalshi,5,71.2,True,ev +6.7 fair 0.464 kalshi 5b
2026-09-24T20:51:37Z,football_nfl,23215,2026-09-27T20:25:00Z,Dallas Cowboys,Baltimore Ravens,player_receptions,Javonte Williams,2.5,Under,draftkings,120,3.36,0.4698,pinnacle,8,71.6,False,ev +3.4 fair 0.470 pinnacle 8b
2026-09-24T20:51:37Z,football_nfl,23215,2026-09-27T20:25:00Z,Dallas Cowboys,Baltimore Ravens,player_receptions,Javonte Williams,2.5,Under,hardrock,120,3.36,0.4698,pinnacle,8,71.6,True,ev +3.4 fair 0.470 pinnacle 8b
2026-09-24T20:51:37Z,football_nfl,23215,2026-09-27T20:25:00Z,Dallas Cowboys,Baltimore Ravens,player_receptions,Javonte Williams,2.5,Under,bovada,120,3.36,0.4698,pinnacle,8,71.6,False,ev +3.4 fair 0.470 pinnacle 8b
2026-09-25T02:09:58Z,football_nfl,32655,2026-09-27T17:00:00Z,BUF Bills,LA Chargers,player_pass_tds,Josh Allen,1.5,Under,kalshi,133,3.72,0.4452,pinnacle,9,62.8,False,ev +3.7 fair 0.445 pinnacle 9b
2026-09-25T02:09:58Z,football_nfl,32655,2026-09-27T17:00:00Z,BUF Bills,LA Chargers,player_reception_yds,Khalil Shakir,24.5,Under,hardrock,230,15.76,0.3508,kalshi,4,62.8,True,ev +15.8 fair 0.351 kalshi 4b
2026-09-25T02:09:58Z,football_nfl,32651,2026-09-27T17:00:00Z,JAX Jaguars,NE Patriots,player_receptions,Brian Thomas Jr.,2.5,Under,hardrock,135,4.12,0.4431,kalshi,6,62.8,True,ev +4.1 fair 0.443 kalshi 6b
2026-09-25T02:09:58Z,football_nfl,32656,2026-09-27T17:00:00Z,DET Lions,NY Jets,player_receptions,Breece Hall,3.5,Over,kalshi,144,3.66,0.4248,pinnacle,9,62.8,False,ev +3.7 fair 0.425 pinnacle 9b
2026-09-25T02:09:58Z,football_nfl,32656,2026-09-27T17:00:00Z,DET Lions,NY Jets,player_receptions,Garrett Wilson,5.5,Under,kalshi,-108,3.45,0.5371,pinnacle,11,62.8,False,ev +3.5 fair 0.537 pinnacle 11b
2026-09-25T02:09:58Z,football_nfl,32654,2026-09-27T17:00:00Z,IND Colts,HOU Texans,player_receptions,Dalton Schultz,5.5,Under,draftkings,-125,3.83,0.5769,pinnacle,9,62.8,False,ev +3.8 fair 0.577 pinnacle 9b
2026-09-25T02:09:58Z,football_nfl,32654,2026-09-27T17:00:00Z,IND Colts,HOU Texans,player_receptions,Jaylin Noel,2.5,Over,draftkings,123,5.22,0.4718,pinnacle,10,62.8,False,ev +5.2 fair 0.472 pinnacle 10b
2026-09-25T02:09:58Z,football_nfl,32654,2026-09-27T17:00:00Z,IND Colts,HOU Texans,player_receptions,Jaylin Noel,2.5,Over,bovada,120,3.81,0.4718,pinnacle,10,62.8,False,ev +3.8 fair 0.472 pinnacle 10b
2026-09-25T02:09:58Z,football_nfl,32654,2026-09-27T17:00:00Z,IND Colts,HOU Texans,player_receptions,Jonathan Taylor,2.5,Under,kalshi,144,3.66,0.4248,pinnacle,6,62.8,False,ev +3.7 fair 0.425 pinnacle 6b
2026-09-25T02:09:58Z,football_nfl,32654,2026-09-27T17:00:00Z,IND Colts,HOU Texans,player_receptions,Tyler Warren,4.5,Over,kalshi,-113,3.38,0.5485,pinnacle,10,62.8,False,ev +3.4 fair 0.548 pinnacle 10b
2026-09-25T02:09:58Z,football_nfl,32650,2026-09-27T17:00:00Z,MIA Dolphins,KC Chiefs,player_pass_completions,Malik Willis,16.5,Under,draftkings,101,3.13,0.5131,pinnacle,7,62.8,False,ev +3.1 fair 0.513 pinnacle 7b
2026-09-25T02:09:58Z,football_nfl,32653,2026-09-27T17:00:00Z,NY Giants,TEN Titans,player_receptions,Gunnar Helm,2.5,Over,kalshi,-104,3.6,0.5282,pinnacle,10,62.8,False,ev +3.6 fair 0.528 pinnacle 10b
2026-09-25T02:09:58Z,football_nfl,32653,2026-09-27T17:00:00Z,NY Giants,TEN Titans,player_receptions,Malachi Fields,2.5,Over,kalshi,163,6.89,0.4064,pinnacle,7,62.8,False,ev +6.9 fair 0.406 pinnacle 7b
2026-09-25T02:09:58Z,football_nfl,32657,2026-09-27T17:00:00Z,CLE Browns,CAR Panthers,player_reception_yds,Chuba Hubbard,15.5,Over,fanduel,108,3.58,0.498,pinnacle,6,62.8,False,ev +3.6 fair 0.498 pinnacle 6b
2026-09-25T02:09:58Z,football_nfl,32657,2026-09-27T17:00:00Z,CLE Browns,CAR Panthers,player_receptions,Tetairoa McMillan,4.5,Over,underdog,-102,5.57,0.5331,pinnacle,10,62.8,False,ev +5.6 fair 0.533 pinnacle 10b
2026-09-25T02:09:58Z,football_nfl,32659,2026-09-27T20:05:00Z,SF 49ers,ARI Cardinals,player_pass_completions,Jacoby Brissett,21.5,Over,underdog,-103,4.09,0.5282,pinnacle,7,65.9,False,ev +4.1 fair 0.528 pinnacle 7b
2026-09-25T02:09:58Z,football_nfl,23215,2026-09-27T20:25:00Z,Dallas Cowboys,Baltimore Ravens,player_receptions,Javonte Williams,2.5,Under,draftkings,126,6.17,0.4698,pinnacle,10,66.3,False,ev +6.2 fair 0.470 pinnacle 10b
2026-09-25T02:09:58Z,football_nfl,23215,2026-09-27T20:25:00Z,Dallas Cowboys,Baltimore Ravens,player_receptions,Javonte Williams,2.5,Under,bovada,125,5.7,0.4698,pinnacle,10,66.3,False,ev +5.7 fair 0.470 pinnacle 10b
2026-09-25T02:09:58Z,football_nfl,23215,2026-09-27T20:25:00Z,Dallas Cowboys,Baltimore Ravens,player_receptions,Javonte Williams,2.5,Under,kalshi,122,4.29,0.4698,pinnacle,10,66.3,False,ev +4.3 fair 0.470 pinnacle 10b
2026-09-25T02:09:58Z,football_nfl,32662,2026-09-29T00:15:00Z,CHI Bears,PHI Eagles,player_rush_yds,Jalen Hurts,24.5,Over,kalshi,108,4.0,0.5,pinnacle,10,94.1,False,ev +4.0 fair 0.500 pinnacle 10b
2026-09-25T10:41:48Z,football_nfl,32655,2026-09-27T17:00:00Z,BUF Bills,LA Chargers,player_pass_tds,Josh Allen,1.5,Under,kalshi,133,3.72,0.4452,pinnacle,10,54.3,False,ev +3.7 fair 0.445 pinnacle 10b
2026-09-25T10:41:48Z,football_nfl,32654,2026-09-27T17:00:00Z,IND Colts,HOU Texans,player_receptions,Dalton Schultz,5.5,Under,draftkings,-125,3.83,0.5769,pinnacle,9,54.3,False,ev +3.8 fair 0.577 pinnacle 9b
2026-09-25T10:41:48Z,football_nfl,32654,2026-09-27T17:00:00Z,IND Colts,HOU Texans,player_receptions,Jaylin Noel,2.5,Over,draftkings,123,5.22,0.4718,pinnacle,10,54.3,False,ev +5.2 fair 0.472 pinnacle 10b
2026-09-25T10:41:48Z,football_nfl,32654,2026-09-27T17:00:00Z,IND Colts,HOU Texans,player_receptions,Jaylin Noel,2.5,Over,kalshi,122,4.75,0.4718,pinnacle,10,54.3,False,ev +4.8 fair 0.472 pinnacle 10b
2026-09-25T10:41:48Z,football_nfl,32654,2026-09-27T17:00:00Z,IND Colts,HOU Texans,player_receptions,Jaylin Noel,2.5,Over,bovada,120,3.81,0.4718,pinnacle,10,54.3,False,ev +3.8 fair 0.472 pinnacle 10b
2026-09-25T10:41:48Z,football_nfl,32654,2026-09-27T17:00:00Z,IND Colts,HOU Texans,player_receptions,Jonathan Taylor,2.5,Under,kalshi,144,3.66,0.4248,pinnacle,7,54.3,False,ev +3.7 fair 0.425 pinnacle 7b
2026-09-25T10:41:48Z,football_nfl,32654,2026-09-27T17:00:00Z,IND Colts,HOU Texans,player_receptions,Tyler Warren,4.5,Over,kalshi,-113,3.38,0.5485,pinnacle,10,54.3,False,ev +3.4 fair 0.548 pinnacle 10b
2026-09-25T10:41:48Z,football_nfl,32650,2026-09-27T17:00:00Z,MIA Dolphins,KC Chiefs,player_pass_completions,Malik Willis,16.5,Under,draftkings,101,3.13,0.5131,pinnacle,8,54.3,False,ev +3.1 fair 0.513 pinnacle 8b
2026-09-25T10:41:48Z,football_nfl,32650,2026-09-27T17:00:00Z,MIA Dolphins,KC Chiefs,player_receptions,Travis Kelce,4.5,Over,kalshi,117,3.02,0.4747,pinnacle,10,54.3,False,ev +3.0 fair 0.475 pinnacle 10b
2026-09-25T10:41:48Z,football_nfl,32653,2026-09-27T17:00:00Z,NY Giants,TEN Titans,player_receptions,Darnell Mooney,1.5,Under,bovada,-105,3.52,0.5302,pinnacle,9,54.3,False,ev +3.5 fair 0.530 pinnacle 9b
2026-09-25T10:41:48Z,football_nfl,32653,2026-09-27T17:00:00Z,NY Giants,TEN Titans,player_receptions,Gunnar Helm,2.5,Over,kalshi,-104,3.6,0.5282,pinnacle,10,54.3,False,ev +3.6 fair 0.528 pinnacle 10b
2026-09-25T10:41:48Z,football_nfl,32653,2026-09-27T17:00:00Z,NY Giants,TEN Titans,player_receptions,Malachi Fields,2.5,Over,kalshi,156,4.04,0.4064,pinnacle,9,54.3,False,ev +4.0 fair 0.406 pinnacle 9b
2026-09-25T10:41:48Z,football_nfl,32653,2026-09-27T17:00:00Z,NY Giants,TEN Titans,player_receptions,Tony Pollard,1.5,Over,fanduel,144,3.66,0.4248,bovada,6,54.3,False,ev +3.7 fair 0.425 bovada 6b
2026-09-25T10:41:48Z,football_nfl,32657,2026-09-27T17:00:00Z,CLE Browns,CAR Panthers,player_reception_yds,Chuba Hubbard,15.5,Over,fanduel,108,3.58,0.498,pinnacle,5,54.3,False,ev +3.6 fair 0.498 pinnacle 5b
2026-09-25T10:41:48Z,football_nfl,32657,2026-09-27T17:00:00Z,CLE Browns,CAR Panthers,player_receptions,Darren Waller,2.5,Over,kalshi,133,3.72,0.4452,pinnacle,9,54.3,False,ev +3.7 fair 0.445 pinnacle 9b
2026-09-25T10:41:48Z,football_nfl,32659,2026-09-27T20:05:00Z,SF 49ers,ARI Cardinals,player_pass_completions,Jacoby Brissett,21.5,Over,underdog,-103,4.09,0.5282,pinnacle,7,57.4,False,ev +4.1 fair 0.528 pinnacle 7b
2026-09-25T10:41:48Z,football_nfl,32658,2026-09-27T20:05:00Z,TB Buccaneers,MIN Vikings,player_receptions,Emeka Egbuka,4.5,Over,kalshi,144,4.5,0.4283,pinnacle,7,57.4,False,ev +4.5 fair 0.428 pinnacle 7b
2026-09-25T10:41:48Z,football_nfl,23215,2026-09-27T20:25:00Z,Dallas Cowboys,Baltimore Ravens,player_receptions,Javonte Williams,2.5,Under,kalshi,122,4.29,0.4698,pinnacle,10,57.7,False,ev +4.3 fair 0.470 pinnacle 10b
2026-09-25T10:41:48Z,football_nfl,23215,2026-09-27T20:25:00Z,Dallas Cowboys,Baltimore Ravens,player_receptions,Javonte Williams,2.5,Under,bovada,120,3.36,0.4698,pinnacle,10,57.7,False,ev +3.4 fair 0.470 pinnacle 10b
2026-09-25T10:41:48Z,football_nfl,23215,2026-09-27T20:25:00Z,Dallas Cowboys,Baltimore Ravens,player_rush_attempts,Derrick Henry,18.5,Under,draftkings,-109,3.14,0.5379,pinnacle,7,57.7,False,ev +3.1 fair 0.538 pinnacle 7b
2026-09-25T10:41:48Z,football_nfl,32660,2026-09-27T20:25:00Z,NO Saints,LV Raiders,player_rush_longest,Tyler Shough,8.5,Over,underdog,-102,3.04,0.5203,bovada,4,57.7,False,ev +3.0 fair 0.520 bovada 4b
2026-09-25T10:41:48Z,football_nfl,32662,2026-09-29T00:15:00Z,CHI Bears,PHI Eagles,player_reception_yds,Colston Loveland,39.5,Under,underdog,-108,22.86,0.6379,kalshi,4,85.6,False,ev +22.9 fair 0.638 kalshi 4b
2026-09-25T10:41:48Z,football_nfl,32662,2026-09-29T00:15:00Z,CHI Bears,PHI Eagles,player_receptions,Rome Odunze,2.5,Under,underdog,-106,5.1,0.5408,bovada,7,85.6,False,ev +5.1 fair 0.541 bovada 7b
2026-09-25T16:01:30Z,football_nfl,32655,2026-09-27T17:00:00Z,BUF Bills,LA Chargers,player_pass_tds,Josh Allen,1.5,Under,kalshi,133,3.72,0.4452,pinnacle,12,49.0,False,ev +3.7 fair 0.445 pinnacle 12b
2026-09-25T16:01:30Z,football_nfl,32656,2026-09-27T17:00:00Z,DET Lions,NY Jets,player_receptions,Adonai Mitchell,3.5,Under,kalshi,104,4.06,0.5101,pinnacle,9,49.0,False,ev +4.1 fair 0.510 pinnacle 9b
2026-09-25T16:01:30Z,football_nfl,32656,2026-09-27T17:00:00Z,DET Lions,NY Jets,player_receptions,Breece Hall,3.5,Over,kalshi,144,3.66,0.4248,pinnacle,9,49.0,False,ev +3.7 fair 0.425 pinnacle 9b
2026-09-25T16:01:30Z,football_nfl,32656,2026-09-27T17:00:00Z,DET Lions,NY Jets,player_receptions,Sam LaPorta,4.5,Over,kalshi,108,4.42,0.502,pinnacle,11,49.0,False,ev +4.4 fair 0.502 pinnacle 11b
2026-09-25T16:01:30Z,football_nfl,32654,2026-09-27T17:00:00Z,IND Colts,HOU Texans,player_receptions,Dalton Schultz,5.5,Under,draftkings,-125,3.83,0.5769,pinnacle,9,49.0,False,ev +3.8 fair 0.577 pinnacle 9b
2026-09-25T16:01:30Z,football_nfl,32654,2026-09-27T17:00:00Z,IND Colts,HOU Texans,player_receptions,Jaylin Noel,2.5,Over,draftkings,123,5.22,0.4718,pinnacle,10,49.0,False,ev +5.2 fair 0.472 pinnacle 10b
2026-09-25T16:01:30Z,football_nfl,32654,2026-09-27T17:00:00Z,IND Colts,HOU Texans,player_receptions,Jaylin Noel,2.5,Over,kalshi,122,4.75,0.4718,pinnacle,10,49.0,False,ev +4.8 fair 0.472 pinnacle 10b
2026-09-25T16:01:30Z,football_nfl,32654,2026-09-27T17:00:00Z,IND Colts,HOU Texans,player_receptions,Jaylin Noel,2.5,Over,bovada,120,3.81,0.4718,pinnacle,10,49.0,False,ev +3.8 fair 0.472 pinnacle 10b
2026-09-25T16:01:30Z,football_nfl,32654,2026-09-27T17:00:00Z,IND Colts,HOU Texans,player_receptions,Jonathan Taylor,2.5,Under,kalshi,144,3.66,0.4248,pinnacle,7,49.0,False,ev +3.7 fair 0.425 pinnacle 7b
2026-09-25T16:01:30Z,football_nfl,32654,2026-09-27T17:00:00Z,IND Colts,HOU Texans,player_receptions,Tyler Warren,4.5,Over,kalshi,-113,3.38,0.5485,pinnacle,10,49.0,False,ev +3.4 fair 0.548 pinnacle 10b
2026-09-25T16:01:30Z,football_nfl,32650,2026-09-27T17:00:00Z,MIA Dolphins,KC Chiefs,player_receptions,De'Von Achane,2.5,Under,hardrock,220,3.63,0.3239,kalshi,4,49.0,True,ev +3.6 fair 0.324 kalshi 4b
2026-09-25T16:01:30Z,football_nfl,32653,2026-09-27T17:00:00Z,NY Giants,TEN Titans,player_receptions,Darnell Mooney,1.5,Under,bovada,-105,3.52,0.5302,pinnacle,9,49.0,False,ev +3.5 fair 0.530 pinnacle 9b
2026-09-25T16:01:30Z,football_nfl,32653,2026-09-27T17:00:00Z,NY Giants,TEN Titans,player_receptions,Gunnar Helm,2.5,Over,kalshi,-104,3.6,0.5282,pinnacle,10,49.0,False,ev +3.6 fair 0.528 pinnacle 10b
2026-09-25T16:01:30Z,football_nfl,32653,2026-09-27T17:00:00Z,NY Giants,TEN Titans,player_receptions,Malachi Fields,2.5,Over,kalshi,163,6.89,0.4064,pinnacle,9,49.0,False,ev +6.9 fair 0.406 pinnacle 9b
2026-09-25T16:01:30Z,football_nfl,32657,2026-09-27T17:00:00Z,CLE Browns,CAR Panthers,player_reception_yds,Chuba Hubbard,15.5,Over,fanduel,108,3.16,0.496,pinnacle,5,49.0,False,ev +3.2 fair 0.496 pinnacle 5b
2026-09-25T16:01:30Z,football_nfl,32657,2026-09-27T17:00:00Z,CLE Browns,CAR Panthers,player_rush_attempts,Chuba Hubbard,17.5,Under,draftkings,102,3.04,0.5101,pinnacle,6,49.0,False,ev +3.0 fair 0.510 pinnacle 6b
2026-09-25T16:01:30Z,football_nfl,32659,2026-09-27T20:05:00Z,SF 49ers,ARI Cardinals,player_pass_completions,Jacoby Brissett,21.5,Over,underdog,-103,4.09,0.5282,pinnacle,7,52.1,False,ev +4.1 fair 0.528 pinnacle 7b
2026-09-25T16:01:30Z,football_nfl,32658,2026-09-27T20:05:00Z,TB Buccaneers,MIN Vikings,player_receptions,Emeka Egbuka,4.5,Over,kalshi,144,4.5,0.4283,pinnacle,7,52.1,False,ev +4.5 fair 0.428 pinnacle 7b
2026-09-25T16:01:30Z,football_nfl,23215,2026-09-27T20:25:00Z,Dallas Cowboys,Baltimore Ravens,player_pass_tds,Lamar Jackson,1.5,Under,kalshi,127,3.1,0.4542,pinnacle,12,52.4,False,ev +3.1 fair 0.454 pinnacle 12b
2026-09-25T16:01:30Z,football_nfl,23215,2026-09-27T20:25:00Z,Dallas Cowboys,Baltimore Ravens,player_receptions,Javonte Williams,2.5,Under,kalshi,122,4.29,0.4698,pinnacle,12,52.4,False,ev +4.3 fair 0.470 pinnacle 12b
2026-09-25T16:01:30Z,football_nfl,23215,2026-09-27T20:25:00Z,Dallas Cowboys,Baltimore Ravens,player_receptions,Javonte Williams,2.5,Under,bovada,120,3.36,0.4698,pinnacle,12,52.4,False,ev +3.4 fair 0.470 pinnacle 12b
2026-09-25T16:01:30Z,football_nfl,23215,2026-09-27T20:25:00Z,Dallas Cowboys,Baltimore Ravens,player_rush_yds,Lamar Jackson,38.5,Over,fanduel,-114,3.67,0.5523,pinnacle,5,52.4,False,ev +3.7 fair 0.552 pinnacle 5b
2026-09-25T16:01:30Z,football_nfl,32660,2026-09-27T20:25:00Z,NO Saints,LV Raiders,player_rush_longest,Tyler Shough,8.5,Over,underdog,-102,3.04,0.5203,bovada,4,52.4,False,ev +3.0 fair 0.520 bovada 4b
2026-09-25T16:01:30Z,football_nfl,32662,2026-09-29T00:15:00Z,CHI Bears,PHI Eagles,player_reception_yds,Colston Loveland,39.5,Under,underdog,-108,19.49,0.6205,kalshi,4,80.2,False,ev +19.5 fair 0.621 kalshi 4b
2026-09-25T20:48:47Z,football_nfl,32655,2026-09-27T17:00:00Z,BUF Bills,LA Chargers,player_pass_tds,Josh Allen,1.5,Under,kalshi,133,3.72,0.4452,pinnacle,12,44.2,False,ev +3.7 fair 0.445 pinnacle 12b
2026-09-25T20:48:47Z,football_nfl,32655,2026-09-27T17:00:00Z,BUF Bills,LA Chargers,player_receptions,Ladd McConkey,4.5,Over,kalshi,-113,5.28,0.5585,pinnacle,12,44.2,False,ev +5.3 fair 0.558 pinnacle 12b
2026-09-25T20:48:47Z,football_nfl,32655,2026-09-27T17:00:00Z,BUF Bills,LA Chargers,player_receptions,Quentin Johnston,3.5,Over,kalshi,170,4.69,0.3878,pinnacle,10,44.2,False,ev +4.7 fair 0.388 pinnacle 10b
2026-09-25T20:48:47Z,football_nfl,32656,2026-09-27T17:00:00Z,DET Lions,NY Jets,player_reception_yds,Isaiah Williams,24.5,Over,kalshi,104,5.49,0.5171,pinnacle,7,44.2,False,ev +5.5 fair 0.517 pinnacle 7b
2026-09-25T20:48:47Z,football_nfl,32656,2026-09-27T17:00:00Z,DET Lions,NY Jets,player_receptions,Breece Hall,3.5,Over,kalshi,144,3.66,0.4248,pinnacle,9,44.2,False,ev +3.7 fair 0.425 pinnacle 9b
2026-09-25T20:48:47Z,football_nfl,32656,2026-09-27T17:00:00Z,DET Lions,NY Jets,player_receptions,Garrett Wilson,5.5,Over,underdog,-105,4.32,0.5343,pinnacle,10,44.2,False,ev +4.3 fair 0.534 pinnacle 10b
2026-09-25T20:48:47Z,football_nfl,32656,2026-09-27T17:00:00Z,DET Lions,NY Jets,player_receptions,Jahmyr Gibbs,4.5,Over,kalshi,122,4.29,0.4698,pinnacle,10,44.2,False,ev +4.3 fair 0.470 pinnacle 10b
2026-09-25T20:48:47Z,football_nfl,32656,2026-09-27T17:00:00Z,DET Lions,NY Jets,player_rush_yds,Breece Hall,39.5,Under,hardrock,225,7.31,0.3302,kalshi,4,44.2,True,ev +7.3 fair 0.330 kalshi 4b
2026-09-25T20:48:47Z,football_nfl,32654,2026-09-27T17:00:00Z,IND Colts,HOU Texans,player_receptions,Dalton Schultz,5.5,Under,draftkings,-121,4.43,0.5717,pinnacle,9,44.2,False,ev +4.4 fair 0.572 pinnacle 9b
2026-09-25T20:48:47Z,football_nfl,32654,2026-09-27T17:00:00Z,IND Colts,HOU Texans,player_receptions,Jaylin Noel,2.5,Over,draftkings,123,3.67,0.4649,pinnacle,10,44.2,False,ev +3.7 fair 0.465 pinnacle 10b
2026-09-25T20:48:47Z,football_nfl,32654,2026-09-27T17:00:00Z,IND Colts,HOU Texans,player_receptions,Jaylin Noel,2.5,Over,kalshi,122,3.21,0.4649,pinnacle,10,44.2,False,ev +3.2 fair 0.465 pinnacle 10b
2026-09-25T20:48:47Z,football_nfl,32650,2026-09-27T17:00:00Z,MIA Dolphins,KC Chiefs,player_receptions,Chris Bell,1.5,Over,draftkings,-109,3.9,0.5419,pinnacle,9,44.2,False,ev +3.9 fair 0.542 pinnacle 9b
2026-09-25T20:48:47Z,football_nfl,32650,2026-09-27T17:00:00Z,MIA Dolphins,KC Chiefs,player_receptions,Chris Bell,1.5,Over,bovada,-110,3.45,0.5419,pinnacle,9,44.2,False,ev +3.5 fair 0.542 pinnacle 9b
2026-09-25T20:48:47Z,football_nfl,32650,2026-09-27T17:00:00Z,MIA Dolphins,KC Chiefs,player_receptions,Emmett Johnson,1.5,Over,kalshi,113,6.5,0.5,pinnacle,10,44.2,False,ev +6.5 fair 0.500 pinnacle 10b
2026-09-25T20:48:47Z,football_nfl,32653,2026-09-27T17:00:00Z,NY Giants,TEN Titans,player_receptions,Darnell Mooney,1.5,Under,bovada,-105,3.52,0.5302,pinnacle,9,44.2,False,ev +3.5 fair 0.530 pinnacle 9b
2026-09-25T20:48:47Z,football_nfl,32653,2026-09-27T17:00:00Z,NY Giants,TEN Titans,player_receptions,Gunnar Helm,2.5,Over,kalshi,-104,3.6,0.5282,pinnacle,10,44.2,False,ev +3.6 fair 0.528 pinnacle 10b
2026-09-25T20:48:47Z,football_nfl,32653,2026-09-27T17:00:00Z,NY Giants,TEN Titans,player_receptions,Malachi Fields,2.5,Over,kalshi,163,6.89,0.4064,pinnacle,7,44.2,False,ev +6.9 fair 0.406 pinnacle 7b
2026-09-25T20:48:47Z,football_nfl,32653,2026-09-27T17:00:00Z,NY Giants,TEN Titans,player_receptions,Tony Pollard,1.5,Over,kalshi,150,3.85,0.4154,pinnacle,8,44.2,False,ev +3.9 fair 0.415 pinnacle 8b
2026-09-25T20:48:47Z,football_nfl,32652,2026-09-27T17:00:00Z,WAS Commanders,SEA Seahawks,player_receptions,Cooper Kupp,2.5,Over,kalshi,150,4.26,0.417,pinnacle,9,44.2,False,ev +4.3 fair 0.417 pinnacle 9b
2026-09-25T20:48:47Z,football_nfl,32657,2026-09-27T17:00:00Z,CLE Browns,CAR Panthers,player_receptions,Tetairoa McMillan,4.5,Under,bovada,110,5.0,0.5,pinnacle,10,44.2,False,ev +5.0 fair 0.500 pinnacle 10b
2026-09-25T20:48:47Z,football_nfl,32659,2026-09-27T20:05:00Z,SF 49ers,ARI Cardinals,player_pass_completions,Jacoby Brissett,21.5,Over,underdog,-103,4.09,0.5282,pinnacle,7,47.3,False,ev +4.1 fair 0.528 pinnacle 7b
2026-09-25T20:48:47Z,football_nfl,32659,2026-09-27T20:05:00Z,SF 49ers,ARI Cardinals,player_receptions,George Kittle,3.5,Over,kalshi,-144,3.43,0.6104,pinnacle,6,47.3,False,ev +3.4 fair 0.610 pinnacle 6b
2026-09-25T20:48:47Z,football_nfl,32658,2026-09-27T20:05:00Z,TB Buccaneers,MIN Vikings,player_receptions,Cade Otton,3.5,Over,kalshi,163,5.02,0.3993,pinnacle,10,47.3,False,ev +5.0 fair 0.399 pinnacle 10b
2026-09-25T20:48:47Z,football_nfl,32658,2026-09-27T20:05:00Z,TB Buccaneers,MIN Vikings,player_receptions,Emeka Egbuka,4.5,Over,kalshi,144,4.5,0.4283,pinnacle,7,47.3,False,ev +4.5 fair 0.428 pinnacle 7b
2026-09-25T20:48:47Z,football_nfl,32658,2026-09-27T20:05:00Z,TB Buccaneers,MIN Vikings,player_receptions,Justin Jefferson,5.5,Under,bovada,120,3.18,0.469,pinnacle,10,47.3,False,ev +3.2 fair 0.469 pinnacle 10b
2026-09-25T20:48:47Z,football_nfl,32658,2026-09-27T20:05:00Z,TB Buccaneers,MIN Vikings,player_receptions,Kenneth Gainwell,1.5,Under,bovada,145,4.08,0.4248,pinnacle,8,47.3,False,ev +4.1 fair 0.425 pinnacle 8b
2026-09-25T20:48:47Z,football_nfl,32658,2026-09-27T20:05:00Z,TB Buccaneers,MIN Vikings,player_receptions,Kenneth Gainwell,1.5,Under,draftkings,145,4.08,0.4248,pinnacle,8,47.3,False,ev +4.1 fair 0.425 pinnacle 8b
2026-09-25T20:48:47Z,football_nfl,32658,2026-09-27T20:05:00Z,TB Buccaneers,MIN Vikings,player_receptions,T.J. Hockenson,3.5,Under,bovada,105,4.57,0.5101,pinnacle,11,47.3,False,ev +4.6 fair 0.510 pinnacle 11b
2026-09-25T20:48:47Z,football_nfl,32658,2026-09-27T20:05:00Z,TB Buccaneers,MIN Vikings,player_receptions,T.J. Hockenson,3.5,Under,draftkings,103,3.55,0.5101,pinnacle,11,47.3,False,ev +3.5 fair 0.510 pinnacle 11b
2026-09-25T20:48:47Z,football_nfl,23215,2026-09-27T20:25:00Z,Dallas Cowboys,Baltimore Ravens,player_receptions,CeeDee Lamb,6.5,Over,kalshi,104,4.06,0.5101,pinnacle,13,47.6,False,ev +4.1 fair 0.510 pinnacle 13b
2026-09-25T20:48:47Z,football_nfl,23215,2026-09-27T20:25:00Z,Dallas Cowboys,Baltimore Ravens,player_receptions,Javonte Williams,2.5,Under,kalshi,122,4.29,0.4698,pinnacle,12,47.6,False,ev +4.3 fair 0.470 pinnacle 12b
2026-09-25T20:48:47Z,football_nfl,23215,2026-09-27T20:25:00Z,Dallas Cowboys,Baltimore Ravens,player_receptions,Javonte Williams,2.5,Under,bovada,120,3.36,0.4698,pinnacle,12,47.6,False,ev +3.4 fair 0.470 pinnacle 12b
2026-09-25T20:48:47Z,football_nfl,23215,2026-09-27T20:25:00Z,Dallas Cowboys,Baltimore Ravens,player_receptions,LaJohntay Wester,1.5,Over,kalshi,-122,4.04,0.5717,pinnacle,5,47.6,False,ev +4.0 fair 0.572 pinnacle 5b
2026-09-25T20:48:47Z,football_nfl,23215,2026-09-27T20:25:00Z,Dallas Cowboys,Baltimore Ravens,player_receptions,Ryan Flournoy,3.5,Over,kalshi,138,3.89,0.4365,pinnacle,9,47.6,False,ev +3.9 fair 0.436 pinnacle 9b
2026-09-25T20:48:47Z,football_nfl,23215,2026-09-27T20:25:00Z,Dallas Cowboys,Baltimore Ravens,player_receptions,Ryan Flournoy,3.5,Over,draftkings,136,3.02,0.4365,pinnacle,9,47.6,False,ev +3.0 fair 0.436 pinnacle 9b
2026-09-25T20:48:47Z,football_nfl,23215,2026-09-27T20:25:00Z,Dallas Cowboys,Baltimore Ravens,player_rush_attempts,Derrick Henry,18.5,Under,draftkings,-108,3.45,0.5371,pinnacle,7,47.6,False,ev +3.5 fair 0.537 pinnacle 7b
2026-09-25T20:48:47Z,football_nfl,32660,2026-09-27T20:25:00Z,NO Saints,LV Raiders,player_receptions,Ashton Jeanty,2.5,Under,hardrock,250,19.86,0.3425,kalshi,4,47.6,True,ev +19.9 fair 0.343 kalshi 4b
2026-09-25T20:48:47Z,football_nfl,32660,2026-09-27T20:25:00Z,NO Saints,LV Raiders,player_receptions,Tre Tucker,3.5,Under,fanduel,-102,5.41,0.5323,pinnacle,10,47.6,False,ev +5.4 fair 0.532 pinnacle 10b
2026-09-25T20:48:47Z,football_nfl,32660,2026-09-27T20:25:00Z,NO Saints,LV Raiders,player_rush_yds,Ashton Jeanty,49.5,Under,hardrock,220,13.3,0.3541,kalshi,4,47.6,True,ev +13.3 fair 0.354 kalshi 4b
2026-09-25T20:48:47Z,football_nfl,32661,2026-09-28T00:20:00Z,DEN Broncos,LA Rams,player_receptions,Kyren Williams,1.5,Under,hardrock,175,3.79,0.3774,kalshi,4,51.5,True,ev +3.8 fair 0.377 kalshi 4b
2026-09-26T02:15:28Z,football_nfl,32655,2026-09-27T17:00:00Z,BUF Bills,LA Chargers,player_pass_tds,Josh Allen,1.5,Under,kalshi,133,3.72,0.4452,pinnacle,12,38.7,False,ev +3.7 fair 0.445 pinnacle 12b
2026-09-26T02:15:28Z,football_nfl,32655,2026-09-27T17:00:00Z,BUF Bills,LA Chargers,player_reception_yds,Khalil Shakir,24.5,Under,hardrock,250,5.75,0.3022,kalshi,4,38.7,True,ev +5.8 fair 0.302 kalshi 4b
2026-09-26T02:15:28Z,football_nfl,32655,2026-09-27T17:00:00Z,BUF Bills,LA Chargers,player_receptions,Khalil Shakir,3.5,Under,kalshi,138,3.05,0.433,pinnacle,9,38.7,False,ev +3.0 fair 0.433 pinnacle 9b
2026-09-26T02:15:28Z,football_nfl,32649,2026-09-27T17:00:00Z,PIT Steelers,CIN Bengals,player_receptions,Ja'Marr Chase,6.5,Under,draftkings,106,4.25,0.5061,pinnacle,11,38.7,False,ev +4.2 fair 0.506 pinnacle 11b
2026-09-26T02:15:28Z,football_nfl,32649,2026-09-27T17:00:00Z,PIT Steelers,CIN Bengals,player_receptions,Ja'Marr Chase,6.5,Under,bovada,105,3.74,0.5061,pinnacle,11,38.7,False,ev +3.7 fair 0.506 pinnacle 11b
2026-09-26T02:15:28Z,football_nfl,32649,2026-09-27T17:00:00Z,PIT Steelers,CIN Bengals,player_receptions,Ja'Marr Chase,6.5,Under,kalshi,104,3.24,0.5061,pinnacle,11,38.7,False,ev +3.2 fair 0.506 pinnacle 11b
2026-09-26T02:15:28Z,football_nfl,32649,2026-09-27T17:00:00Z,PIT Steelers,CIN Bengals,player_receptions,Samaje Perine,1.5,Over,kalshi,108,4.0,0.5,pinnacle,11,38.7,False,ev +4.0 fair 0.500 pinnacle 11b
2026-09-26T02:15:28Z,football_nfl,32651,2026-09-27T17:00:00Z,JAX Jaguars,NE Patriots,player_reception_yds,Bhayshul Tuten,9.5,Under,kalshi,104,4.89,0.5142,pinnacle,8,38.7,False,ev +4.9 fair 0.514 pinnacle 8b
2026-09-26T02:15:28Z,football_nfl,32656,2026-09-27T17:00:00Z,DET Lions,NY Jets,player_receptions,Adonai Mitchell,3.5,Under,draftkings,106,5.09,0.5101,pinnacle,10,38.7,False,ev +5.1 fair 0.510 pinnacle 10b
2026-09-26T02:15:28Z,football_nfl,32656,2026-09-27T17:00:00Z,DET Lions,NY Jets,player_receptions,Adonai Mitchell,3.5,Under,bovada,105,4.57,0.5101,pinnacle,10,38.7,False,ev +4.6 fair 0.510 pinnacle 10b
2026-09-26T02:15:28Z,football_nfl,32656,2026-09-27T17:00:00Z,DET Lions,NY Jets,player_receptions,Breece Hall,3.5,Over,kalshi,144,3.66,0.4248,pinnacle,9,38.7,False,ev +3.7 fair 0.425 pinnacle 9b
2026-09-26T02:15:28Z,football_nfl,32656,2026-09-27T17:00:00Z,DET Lions,NY Jets,player_receptions,Jahmyr Gibbs,4.5,Over,kalshi,122,4.29,0.4698,pinnacle,10,38.7,False,ev +4.3 fair 0.470 pinnacle 10b
2026-09-26T02:15:28Z,football_nfl,32654,2026-09-27T17:00:00Z,IND Colts,HOU Texans,player_field_goals_made,Ka'imi Fairbairn,1.5,Under,hardrock,130,3.42,0.4496,pinnacle,5,38.7,True,ev +3.4 fair 0.450 pinnacle 5b
2026-09-26T02:15:28Z,football_nfl,32654,2026-09-27T17:00:00Z,IND Colts,HOU Texans,player_receptions,Dalton Schultz,5.5,Under,draftkings,-121,4.43,0.5717,pinnacle,9,38.7,False,ev +4.4 fair 0.572 pinnacle 9b
2026-09-26T02:15:28Z,football_nfl,32654,2026-09-27T17:00:00Z,IND Colts,HOU Texans,player_receptions,Jaylin Noel,2.5,Over,kalshi,133,8.32,0.4649,pinnacle,10,38.7,False,ev +8.3 fair 0.465 pinnacle 10b
2026-09-26T02:15:28Z,football_nfl,32654,2026-09-27T17:00:00Z,IND Colts,HOU Texans,player_receptions,Jaylin Noel,2.5,Over,draftkings,123,3.67,0.4649,pinnacle,10,38.7,False,ev +3.7 fair 0.465 pinnacle 10b
2026-09-26T02:15:28Z,football_nfl,32654,2026-09-27T17:00:00Z,IND Colts,HOU Texans,player_receptions,Xavier Hutchinson,3.5,Over,draftkings,121,3.19,0.4669,pinnacle,10,38.7,False,ev +3.2 fair 0.467 pinnacle 10b
2026-09-26T02:15:28Z,football_nfl,32650,2026-09-27T17:00:00Z,MIA Dolphins,KC Chiefs,player_receptions,Emmett Johnson,1.5,Over,kalshi,108,4.0,0.5,pinnacle,9,38.7,False,ev +4.0 fair 0.500 pinnacle 9b
2026-09-26T02:15:28Z,football_nfl,32653,2026-09-27T17:00:00Z,NY Giants,TEN Titans,player_receptions,Darnell Mooney,1.5,Under,bovada,-105,3.52,0.5302,pinnacle,10,38.7,False,ev +3.5 fair 0.530 pinnacle 10b
2026-09-26T02:15:28Z,football_nfl,32653,2026-09-27T17:00:00Z,NY Giants,TEN Titans,player_receptions,Gunnar Helm,2.5,Over,kalshi,-104,3.6,0.5282,pinnacle,11,38.7,False,ev +3.6 fair 0.528 pinnacle 11b
2026-09-26T02:15:28Z,football_nfl,32653,2026-09-27T17:00:00Z,NY Giants,TEN Titans,player_receptions,Malachi Fields,2.5,Over,kalshi,163,6.89,0.4064,pinnacle,8,38.7,False,ev +6.9 fair 0.406 pinnacle 8b
2026-09-26T02:15:28Z,football_nfl,32653,2026-09-27T17:00:00Z,NY Giants,TEN Titans,player_receptions,Tony Pollard,1.5,Over,kalshi,150,3.85,0.4154,pinnacle,8,38.7,False,ev +3.9 fair 0.415 pinnacle 8b
2026-09-26T02:15:28Z,football_nfl,32652,2026-09-27T17:00:00Z,WAS Commanders,SEA Seahawks,player_receptions,Cooper Kupp,2.5,Over,kalshi,156,6.76,0.417,pinnacle,9,38.7,False,ev +6.8 fair 0.417 pinnacle 9b
2026-09-26T02:15:28Z,football_nfl,32652,2026-09-27T17:00:00Z,WAS Commanders,SEA Seahawks,player_receptions,Terry McLaurin,3.5,Over,kalshi,122,3.84,0.4677,pinnacle,10,38.7,False,ev +3.8 fair 0.468 pinnacle 10b
2026-09-26T02:15:28Z,football_nfl,32657,2026-09-27T17:00:00Z,CLE Browns,CAR Panthers,player_receptions,Denzel Boston,3.5,Under,bovada,105,5.41,0.5142,pinnacle,11,38.7,False,ev +5.4 fair 0.514 pinnacle 11b
2026-09-26T02:15:28Z,football_nfl,32657,2026-09-27T17:00:00Z,CLE Browns,CAR Panthers,player_receptions,Tetairoa McMillan,4.5,Under,bovada,110,4.58,0.498,pinnacle,10,38.7,False,ev +4.6 fair 0.498 pinnacle 10b
2026-09-26T02:15:28Z,football_nfl,32657,2026-09-27T17:00:00Z,CLE Browns,CAR Panthers,player_receptions,Tetairoa McMillan,4.5,Under,kalshi,108,3.58,0.498,pinnacle,10,38.7,False,ev +3.6 fair 0.498 pinnacle 10b
2026-09-26T02:15:28Z,football_nfl,32659,2026-09-27T20:05:00Z,SF 49ers,ARI Cardinals,player_receptions,George Kittle,3.5,Over,kalshi,-144,3.43,0.6104,pinnacle,6,41.8,False,ev +3.4 fair 0.610 pinnacle 6b
2026-09-26T02:15:28Z,football_nfl,32658,2026-09-27T20:05:00Z,TB Buccaneers,MIN Vikings,player_receptions,Cade Otton,3.5,Over,kalshi,163,5.02,0.3993,pinnacle,10,41.8,False,ev +5.0 fair 0.399 pinnacle 10b
2026-09-26T02:15:28Z,football_nfl,32658,2026-09-27T20:05:00Z,TB Buccaneers,MIN Vikings,player_receptions,Emeka Egbuka,4.5,Over,kalshi,144,4.5,0.4283,pinnacle,9,41.8,False,ev +4.5 fair 0.428 pinnacle 9b
2026-09-26T02:15:28Z,football_nfl,32658,2026-09-27T20:05:00Z,TB Buccaneers,MIN Vikings,player_receptions,Kenneth Gainwell,1.5,Under,bovada,145,4.08,0.4248,pinnacle,8,41.8,False,ev +4.1 fair 0.425 pinnacle 8b
2026-09-26T02:15:28Z,football_nfl,32658,2026-09-27T20:05:00Z,TB Buccaneers,MIN Vikings,player_receptions,Kenneth Gainwell,1.5,Under,draftkings,145,4.08,0.4248,pinnacle,8,41.8,False,ev +4.1 fair 0.425 pinnacle 8b
2026-09-26T02:15:28Z,football_nfl,32658,2026-09-27T20:05:00Z,TB Buccaneers,MIN Vikings,player_receptions,T.J. Hockenson,3.5,Over,kalshi,113,4.34,0.4899,pinnacle,11,41.8,False,ev +4.3 fair 0.490 pinnacle 11b
2026-09-26T02:15:28Z,football_nfl,23215,2026-09-27T20:25:00Z,Dallas Cowboys,Baltimore Ravens,player_pass_tds,Lamar Jackson,1.5,Under,kalshi,127,3.1,0.4542,pinnacle,10,42.2,False,ev +3.1 fair 0.454 pinnacle 10b
2026-09-26T02:15:28Z,football_nfl,23215,2026-09-27T20:25:00Z,Dallas Cowboys,Baltimore Ravens,player_reception_yds,Javonte Williams,16.5,Under,draftkings,-108,3.45,0.5371,pinnacle,8,42.2,False,ev +3.5 fair 0.537 pinnacle 8b
2026-09-26T02:15:28Z,football_nfl,23215,2026-09-27T20:25:00Z,Dallas Cowboys,Baltimore Ravens,player_receptions,Javonte Williams,2.5,Under,bovada,125,5.7,0.4698,pinnacle,10,42.2,False,ev +5.7 fair 0.470 pinnacle 10b
2026-09-26T02:15:28Z,football_nfl,23215,2026-09-27T20:25:00Z,Dallas Cowboys,Baltimore Ravens,player_receptions,Javonte Williams,2.5,Under,draftkings,125,5.7,0.4698,pinnacle,10,42.2,False,ev +5.7 fair 0.470 pinnacle 10b
2026-09-26T02:15:28Z,football_nfl,23215,2026-09-27T20:25:00Z,Dallas Cowboys,Baltimore Ravens,player_receptions,Javonte Williams,2.5,Under,kalshi,122,4.29,0.4698,pinnacle,10,42.2,False,ev +4.3 fair 0.470 pinnacle 10b
2026-09-26T02:15:28Z,football_nfl,23215,2026-09-27T20:25:00Z,Dallas Cowboys,Baltimore Ravens,player_receptions,LaJohntay Wester,1.5,Over,kalshi,-122,4.04,0.5717,pinnacle,5,42.2,False,ev +4.0 fair 0.572 pinnacle 5b
2026-09-26T02:15:28Z,football_nfl,23215,2026-09-27T20:25:00Z,Dallas Cowboys,Baltimore Ravens,player_receptions,Ryan Flournoy,3.5,Over,kalshi,138,3.32,0.4341,pinnacle,9,42.2,False,ev +3.3 fair 0.434 pinnacle 9b
2026-09-26T02:15:28Z,football_nfl,32660,2026-09-27T20:25:00Z,NO Saints,LV Raiders,player_receptions,Tre Tucker,3.5,Under,fanduel,-102,4.6,0.5282,pinnacle,11,42.2,False,ev +4.6 fair 0.528 pinnacle 11b
2026-09-26T02:15:28Z,football_nfl,32662,2026-09-29T00:15:00Z,CHI Bears,PHI Eagles,player_pass_interceptions,Jalen Hurts,0.5,Over,draftkings,134,3.51,0.4424,pinnacle,5,70.0,False,ev +3.5 fair 0.442 pinnacle 5b
2026-09-26T02:15:28Z,football_nfl,32662,2026-09-29T00:15:00Z,CHI Bears,PHI Eagles,player_receptions,Colston Loveland,3.5,Over,kalshi,138,5.35,0.4426,pinnacle,9,70.0,False,ev +5.3 fair 0.443 pinnacle 9b
2026-09-26T02:15:28Z,football_nfl,32662,2026-09-29T00:15:00Z,CHI Bears,PHI Eagles,player_receptions,Makai Lemon,1.5,Under,hardrock,250,10.02,0.3143,kalshi,4,70.0,True,ev +10.0 fair 0.314 kalshi 4b
2026-09-26T02:15:28Z,football_nfl,32662,2026-09-29T00:15:00Z,CHI Bears,PHI Eagles,player_rush_attempts,Jalen Hurts,6.5,Over,draftkings,101,3.35,0.5142,pinnacle,5,70.0,False,ev +3.4 fair 0.514 pinnacle 5b
2026-09-26T10:24:54Z,football_nfl,32655,2026-09-27T17:00:00Z,Buffalo Bills,Los Angeles Chargers,player_pass_tds,Josh Allen,1.5,Under,kalshi,133,3.56,0.4445,pinnacle,12,30.6,False,ev +3.6 fair 0.445 pinnacle 12b
2026-09-26T10:24:54Z,football_nfl,32655,2026-09-27T17:00:00Z,Buffalo Bills,Los Angeles Chargers,player_reception_yds,Khalil Shakir,24.5,Under,hardrock,240,4.84,0.3084,kalshi,4,30.6,True,ev +4.8 fair 0.308 kalshi 4b
2026-09-26T10:24:54Z,football_nfl,32655,2026-09-27T17:00:00Z,Buffalo Bills,Los Angeles Chargers,player_receptions,Khalil Shakir,3.5,Under,kalshi,138,3.01,0.4328,pinnacle,9,30.6,False,ev +3.0 fair 0.433 pinnacle 9b
2026-09-26T10:24:54Z,football_nfl,32649,2026-09-27T17:00:00Z,Pittsburgh Steelers,Cincinnati Bengals,player_receptions,Samaje Perine,1.5,Over,kalshi,108,4.0,0.5,pinnacle,11,30.6,False,ev +4.0 fair 0.500 pinnacle 11b
2026-09-26T10:24:54Z,football_nfl,32656,2026-09-27T17:00:00Z,Detroit Lions,New York Jets,player_receptions,Breece Hall,3.5,Over,kalshi,144,3.59,0.4245,pinnacle,9,30.6,False,ev +3.6 fair 0.424 pinnacle 9b
2026-09-26T10:24:54Z,football_nfl,32656,2026-09-27T17:00:00Z,Detroit Lions,New York Jets,player_receptions,Jahmyr Gibbs,4.5,Over,kalshi,122,4.49,0.4707,pinnacle,10,30.6,False,ev +4.5 fair 0.471 pinnacle 10b
2026-09-26T10:24:54Z,football_nfl,32654,2026-09-27T17:00:00Z,Indianapolis Colts,Houston Texans,player_receptions,Dalton Schultz,5.5,Under,draftkings,-120,4.55,0.5703,pinnacle,9,30.6,False,ev +4.5 fair 0.570 pinnacle 9b
2026-09-26T10:24:54Z,football_nfl,32654,2026-09-27T17:00:00Z,Indianapolis Colts,Houston Texans,player_receptions,Dalton Schultz,5.5,Under,kalshi,-122,3.77,0.5703,pinnacle,9,30.6,False,ev +3.8 fair 0.570 pinnacle 9b
2026-09-26T10:24:54Z,football_nfl,32654,2026-09-27T17:00:00Z,Indianapolis Colts,Houston Texans,player_receptions,Jared Wayne,1.5,Under,kalshi,-122,3.65,0.5696,pinnacle,10,30.6,False,ev +3.6 fair 0.570 pinnacle 10b
2026-09-26T10:24:54Z,football_nfl,32654,2026-09-27T17:00:00Z,Indianapolis Colts,Houston Texans,player_receptions,Jaylin Noel,2.5,Over,kalshi,133,8.22,0.4645,pinnacle,10,30.6,False,ev +8.2 fair 0.465 pinnacle 10b
2026-09-26T10:24:54Z,football_nfl,32654,2026-09-27T17:00:00Z,Indianapolis Colts,Houston Texans,player_receptions,Jaylin Noel,2.5,Over,draftkings,123,3.57,0.4645,pinnacle,10,30.6,False,ev +3.6 fair 0.465 pinnacle 10b
2026-09-26T10:24:54Z,football_nfl,32650,2026-09-27T17:00:00Z,Miami Dolphins,Kansas City Chiefs,player_receptions,Emmett Johnson,1.5,Over,bovada,110,5.0,0.5,pinnacle,9,30.6,False,ev +5.0 fair 0.500 pinnacle 9b
2026-09-26T10:24:54Z,football_nfl,32650,2026-09-27T17:00:00Z,Miami Dolphins,Kansas City Chiefs,player_receptions,Emmett Johnson,1.5,Over,kalshi,108,4.0,0.5,pinnacle,9,30.6,False,ev +4.0 fair 0.500 pinnacle 9b
2026-09-26T10:24:54Z,football_nfl,32650,2026-09-27T17:00:00Z,Miami Dolphins,Kansas City Chiefs,player_receptions,Emmett Johnson,1.5,Over,draftkings,108,4.0,0.5,pinnacle,9,30.6,False,ev +4.0 fair 0.500 pinnacle 9b
2026-09-26T10:24:54Z,football_nfl,32650,2026-09-27T17:00:00Z,Miami Dolphins,Kansas City Chiefs,player_receptions,Travis Kelce,4.5,Over,kalshi,117,3.06,0.4749,pinnacle,10,30.6,False,ev +3.1 fair 0.475 pinnacle 10b
2026-09-26T10:24:54Z,football_nfl,32653,2026-09-27T17:00:00Z,New York Giants,Tennessee Titans,player_receptions,Gunnar Helm,2.5,Over,kalshi,-104,3.41,0.5272,pinnacle,11,30.6,False,ev +3.4 fair 0.527 pinnacle 11b
2026-09-26T10:24:54Z,football_nfl,32653,2026-09-27T17:00:00Z,New York Giants,Tennessee Titans,player_receptions,Malachi Fields,2.5,Over,kalshi,163,6.88,0.4064,pinnacle,8,30.6,False,ev +6.9 fair 0.406 pinnacle 8b
2026-09-26T10:24:54Z,football_nfl,32653,2026-09-27T17:00:00Z,New York Giants,Tennessee Titans,player_receptions,Tony Pollard,1.5,Over,kalshi,150,3.74,0.415,pinnacle,8,30.6,False,ev +3.7 fair 0.415 pinnacle 8b
2026-09-26T10:24:54Z,football_nfl,32652,2026-09-27T17:00:00Z,Washington Commanders,Seattle Seahawks,player_receptions,AJ Barner,2.5,Under,fanduel,-104,4.64,0.5335,pinnacle,9,30.6,False,ev +4.6 fair 0.533 pinnacle 9b
2026-09-26T10:24:54Z,football_nfl,32652,2026-09-27T17:00:00Z,Washington Commanders,Seattle Seahawks,player_receptions,Terry McLaurin,3.5,Over,kalshi,122,3.84,0.4677,pinnacle,10,30.6,False,ev +3.8 fair 0.468 pinnacle 10b
2026-09-26T10:24:54Z,football_nfl,32657,2026-09-27T17:00:00Z,Cleveland Browns,Carolina Panthers,player_receptions,Tetairoa McMillan,4.5,Under,bovada,110,4.56,0.4979,pinnacle,10,30.6,False,ev +4.6 fair 0.498 pinnacle 10b
2026-09-26T10:24:54Z,football_nfl,32659,2026-09-27T20:05:00Z,San Francisco 49ers,Arizona Cardinals,player_receptions,George Kittle,3.5,Over,kalshi,-144,3.47,0.6106,pinnacle,6,33.7,False,ev +3.5 fair 0.611 pinnacle 6b
2026-09-26T10:24:54Z,football_nfl,32658,2026-09-27T20:05:00Z,Tampa Bay Buccaneers,Minnesota Vikings,player_receptions,Bucky Irving,2.5,Over,kalshi,-117,4.86,0.5654,pinnacle,10,33.7,False,ev +4.9 fair 0.565 pinnacle 10b
2026-09-26T10:24:54Z,football_nfl,32658,2026-09-27T20:05:00Z,Tampa Bay Buccaneers,Minnesota Vikings,player_receptions,Cade Otton,3.5,Over,kalshi,163,9.72,0.4172,pinnacle,8,33.7,False,ev +9.7 fair 0.417 pinnacle 8b
2026-09-26T10:24:54Z,football_nfl,32658,2026-09-27T20:05:00Z,Tampa Bay Buccaneers,Minnesota Vikings,player_receptions,Emeka Egbuka,4.5,Over,kalshi,144,4.43,0.428,pinnacle,10,33.7,False,ev +4.4 fair 0.428 pinnacle 10b
2026-09-26T10:24:54Z,football_nfl,32658,2026-09-27T20:05:00Z,Tampa Bay Buccaneers,Minnesota Vikings,player_receptions,Jalen McMillan,1.5,Over,kalshi,144,3.17,0.4228,pinnacle,9,33.7,False,ev +3.2 fair 0.423 pinnacle 9b
2026-09-26T10:24:54Z,football_nfl,32658,2026-09-27T20:05:00Z,Tampa Bay Buccaneers,Minnesota Vikings,player_receptions,Josh Oliver,1.5,Under,kalshi,-144,3.14,0.6087,pinnacle,10,33.7,False,ev +3.1 fair 0.609 pinnacle 10b
2026-09-26T10:24:54Z,football_nfl,32658,2026-09-27T20:05:00Z,Tampa Bay Buccaneers,Minnesota Vikings,player_receptions,Kenneth Gainwell,1.5,Under,bovada,145,4.01,0.4245,pinnacle,8,33.7,False,ev +4.0 fair 0.424 pinnacle 8b
2026-09-26T10:24:54Z,football_nfl,32658,2026-09-27T20:05:00Z,Tampa Bay Buccaneers,Minnesota Vikings,player_receptions,Kenneth Gainwell,1.5,Under,draftkings,145,4.01,0.4245,pinnacle,8,33.7,False,ev +4.0 fair 0.424 pinnacle 8b
2026-09-26T10:24:54Z,football_nfl,32658,2026-09-27T20:05:00Z,Tampa Bay Buccaneers,Minnesota Vikings,player_receptions,T.J. Hockenson,3.5,Over,kalshi,113,4.25,0.4895,pinnacle,11,33.7,False,ev +4.2 fair 0.489 pinnacle 11b
2026-09-26T10:24:54Z,football_nfl,23215,2026-09-27T20:25:00Z,Dallas Cowboys,Baltimore Ravens,player_reception_yds,Javonte Williams,16.5,Under,draftkings,-108,3.3,0.5364,pinnacle,8,34.0,False,ev +3.3 fair 0.536 pinnacle 8b
2026-09-26T10:24:54Z,football_nfl,23215,2026-09-27T20:25:00Z,Dallas Cowboys,Baltimore Ravens,player_reception_yds,Mark Andrews,24.5,Under,hardrock,225,5.25,0.3239,kalshi,4,34.0,True,ev +5.2 fair 0.324 kalshi 4b
2026-09-26T10:24:54Z,football_nfl,23215,2026-09-27T20:25:00Z,Dallas Cowboys,Baltimore Ravens,player_receptions,Javonte Williams,2.5,Under,bovada,125,5.91,0.4707,pinnacle,12,34.0,False,ev +5.9 fair 0.471 pinnacle 12b
2026-09-26T10:24:54Z,football_nfl,23215,2026-09-27T20:25:00Z,Dallas Cowboys,Baltimore Ravens,player_receptions,Javonte Williams,2.5,Under,draftkings,125,5.91,0.4707,pinnacle,12,34.0,False,ev +5.9 fair 0.471 pinnacle 12b
2026-09-26T10:24:54Z,football_nfl,23215,2026-09-27T20:25:00Z,Dallas Cowboys,Baltimore Ravens,player_receptions,Javonte Williams,2.5,Under,kalshi,122,4.49,0.4707,pinnacle,12,34.0,False,ev +4.5 fair 0.471 pinnacle 12b
2026-09-26T10:24:54Z,football_nfl,23215,2026-09-27T20:25:00Z,Dallas Cowboys,Baltimore Ravens,player_receptions,Ryan Flournoy,3.5,Over,kalshi,138,3.28,0.4339,pinnacle,10,34.0,False,ev +3.3 fair 0.434 pinnacle 10b
2026-09-26T10:24:54Z,football_nfl,32660,2026-09-27T20:25:00Z,New Orleans Saints,Las Vegas Raiders,player_receptions,Travis Etienne Jr.,1.5,Over,kalshi,-122,3.33,0.5678,pinnacle,7,34.0,False,ev +3.3 fair 0.568 pinnacle 7b
2026-09-26T10:24:54Z,football_nfl,32660,2026-09-27T20:25:00Z,New Orleans Saints,Las Vegas Raiders,player_receptions,Tre Tucker,3.5,Under,fanduel,-102,4.65,0.5284,pinnacle,11,34.0,False,ev +4.7 fair 0.528 pinnacle 11b
2026-09-26T10:24:54Z,football_nfl,32661,2026-09-28T00:20:00Z,Denver Broncos,Los Angeles Rams,player_receptions,Kyren Williams,2.5,Over,bovada,150,4.3,0.4172,pinnacle,11,37.9,False,ev +4.3 fair 0.417 pinnacle 11b
2026-09-26T10:24:54Z,football_nfl,32661,2026-09-28T00:20:00Z,Denver Broncos,Los Angeles Rams,player_receptions,Kyren Williams,2.5,Over,draftkings,149,3.88,0.4172,pinnacle,11,37.9,False,ev +3.9 fair 0.417 pinnacle 11b
2026-09-26T10:24:54Z,football_nfl,32662,2026-09-29T00:15:00Z,Chicago Bears,Philadelphia Eagles,player_pass_interceptions,Jalen Hurts,0.5,Over,draftkings,134,3.51,0.4424,pinnacle,7,61.8,False,ev +3.5 fair 0.442 pinnacle 7b
2026-09-26T10:24:54Z,football_nfl,32662,2026-09-29T00:15:00Z,Chicago Bears,Philadelphia Eagles,player_receptions,Colston Loveland,3.5,Over,kalshi,138,5.35,0.4426,pinnacle,10,61.8,False,ev +5.3 fair 0.443 pinnacle 10b
2026-09-26T10:24:54Z,football_nfl,32662,2026-09-29T00:15:00Z,Chicago Bears,Philadelphia Eagles,player_receptions,Makai Lemon,1.5,Under,hardrock,240,3.76,0.3052,kalshi,4,61.8,True,ev +3.8 fair 0.305 kalshi 4b
2026-09-26T15:13:44Z,football_nfl,32655,2026-09-27T17:00:00Z,Buffalo Bills,Los Angeles Chargers,player_anytime_td,Omarion Hampton,0.5,Over,underdog,-103,4.9,0.5323,pinnacle,3,25.8,False,ev +4.9 fair 0.532 pinnacle 3b
2026-09-26T15:13:44Z,football_nfl,32655,2026-09-27T17:00:00Z,Buffalo Bills,Los Angeles Chargers,player_pass_tds,Josh Allen,1.5,Under,kalshi,133,3.56,0.4445,pinnacle,12,25.8,False,ev +3.6 fair 0.445 pinnacle 12b
2026-09-26T15:13:44Z,football_nfl,32655,2026-09-27T17:00:00Z,Buffalo Bills,Los Angeles Chargers,player_reception_yds,Khalil Shakir,24.5,Under,hardrock,240,3.76,0.3052,kalshi,4,25.8,True,ev +3.8 fair 0.305 kalshi 4b
2026-09-26T15:13:44Z,football_nfl,32655,2026-09-27T17:00:00Z,Buffalo Bills,Los Angeles Chargers,player_receptions,Khalil Shakir,3.5,Under,kalshi,138,3.01,0.4328,pinnacle,9,25.8,False,ev +3.0 fair 0.433 pinnacle 9b
2026-09-26T15:13:44Z,football_nfl,32649,2026-09-27T17:00:00Z,Pittsburgh Steelers,Cincinnati Bengals,player_receptions,Samaje Perine,1.5,Over,kalshi,108,4.0,0.5,pinnacle,11,25.8,False,ev +4.0 fair 0.500 pinnacle 11b
2026-09-26T15:13:44Z,football_nfl,32656,2026-09-27T17:00:00Z,Detroit Lions,New York Jets,player_receptions,Breece Hall,3.5,Over,kalshi,144,3.59,0.4245,pinnacle,9,25.8,False,ev +3.6 fair 0.424 pinnacle 9b
2026-09-26T15:13:44Z,football_nfl,32656,2026-09-27T17:00:00Z,Detroit Lions,New York Jets,player_receptions,Jahmyr Gibbs,4.5,Over,kalshi,122,4.49,0.4707,pinnacle,10,25.8,False,ev +4.5 fair 0.471 pinnacle 10b
2026-09-26T15:13:44Z,football_nfl,32656,2026-09-27T17:00:00Z,Detroit Lions,New York Jets,player_receptions,Sam LaPorta,4.5,Over,kalshi,108,4.44,0.5021,pinnacle,11,25.8,False,ev +4.4 fair 0.502 pinnacle 11b
2026-09-26T15:13:44Z,football_nfl,32654,2026-09-27T17:00:00Z,Indianapolis Colts,Houston Texans,player_receptions,Jaylin Noel,2.5,Over,kalshi,133,8.22,0.4645,pinnacle,10,25.8,False,ev +8.2 fair 0.465 pinnacle 10b
2026-09-26T15:13:44Z,football_nfl,32654,2026-09-27T17:00:00Z,Indianapolis Colts,Houston Texans,player_receptions,Jaylin Noel,2.5,Over,draftkings,123,3.57,0.4645,pinnacle,10,25.8,False,ev +3.6 fair 0.465 pinnacle 10b
2026-09-26T15:13:44Z,football_nfl,32654,2026-09-27T17:00:00Z,Indianapolis Colts,Houston Texans,player_receptions,Woody Marks,1.5,Under,draftkings,136,3.42,0.4382,pinnacle,10,25.8,False,ev +3.4 fair 0.438 pinnacle 10b
2026-09-26T15:13:44Z,football_nfl,32650,2026-09-27T17:00:00Z,Miami Dolphins,Kansas City Chiefs,player_receptions,Emmett Johnson,1.5,Over,bovada,110,5.0,0.5,pinnacle,9,25.8,False,ev +5.0 fair 0.500 pinnacle 9b
2026-09-26T15:13:44Z,football_nfl,32650,2026-09-27T17:00:00Z,Miami Dolphins,Kansas City Chiefs,player_receptions,Emmett Johnson,1.5,Over,draftkings,108,4.0,0.5,pinnacle,9,25.8,False,ev +4.0 fair 0.500 pinnacle 9b
2026-09-26T15:13:44Z,football_nfl,32650,2026-09-27T17:00:00Z,Miami Dolphins,Kansas City Chiefs,player_receptions,Emmett Johnson,1.5,Over,kalshi,108,4.0,0.5,pinnacle,9,25.8,False,ev +4.0 fair 0.500 pinnacle 9b
2026-09-26T15:13:44Z,football_nfl,32653,2026-09-27T17:00:00Z,New York Giants,Tennessee Titans,player_pass_yds,Cam Ward,187.5,Under,underdog,-112,4.3,0.551,pinnacle,5,25.8,False,ev +4.3 fair 0.551 pinnacle 5b
2026-09-26T15:13:44Z,football_nfl,32653,2026-09-27T17:00:00Z,New York Giants,Tennessee Titans,player_pass_yds,Cam Ward,187.5,Under,fanduel,-114,3.43,0.551,pinnacle,5,25.8,False,ev +3.4 fair 0.551 pinnacle 5b
2026-09-26T15:13:44Z,football_nfl,32653,2026-09-27T17:00:00Z,New York Giants,Tennessee Titans,player_receptions,Gunnar Helm,2.5,Over,kalshi,-104,3.41,0.5272,pinnacle,11,25.8,False,ev +3.4 fair 0.527 pinnacle 11b
2026-09-26T15:13:44Z,football_nfl,32653,2026-09-27T17:00:00Z,New York Giants,Tennessee Titans,player_receptions,Malachi Fields,2.5,Over,kalshi,156,4.04,0.4064,pinnacle,8,25.8,False,ev +4.0 fair 0.406 pinnacle 8b
2026-09-26T15:13:44Z,football_nfl,32653,2026-09-27T17:00:00Z,New York Giants,Tennessee Titans,player_receptions,Tony Pollard,1.5,Over,kalshi,150,3.48,0.4139,pinnacle,8,25.8,False,ev +3.5 fair 0.414 pinnacle 8b
2026-09-26T15:13:44Z,football_nfl,32653,2026-09-27T17:00:00Z,New York Giants,Tennessee Titans,player_receptions,Wan'Dale Robinson,3.5,Over,kalshi,117,4.17,0.4801,pinnacle,9,25.8,False,ev +4.2 fair 0.480 pinnacle 9b
2026-09-26T15:13:44Z,football_nfl,32652,2026-09-27T17:00:00Z,Washington Commanders,Seattle Seahawks,player_receptions,AJ Barner,2.5,Under,fanduel,-104,4.64,0.5335,pinnacle,9,25.8,False,ev +4.6 fair 0.533 pinnacle 9b
2026-09-26T15:13:44Z,football_nfl,32652,2026-09-27T17:00:00Z,Washington Commanders,Seattle Seahawks,player_receptions,Stefon Diggs,3.5,Over,kalshi,-127,3.57,0.5795,pinnacle,10,25.8,False,ev +3.6 fair 0.580 pinnacle 10b
2026-09-26T15:13:44Z,football_nfl,32652,2026-09-27T17:00:00Z,Washington Commanders,Seattle Seahawks,player_receptions,Terry McLaurin,3.5,Over,kalshi,122,3.84,0.4677,pinnacle,10,25.8,False,ev +3.8 fair 0.468 pinnacle 10b
2026-09-26T15:13:44Z,football_nfl,32657,2026-09-27T17:00:00Z,Cleveland Browns,Carolina Panthers,player_receptions,Tommy Tremble,1.5,Over,kalshi,-108,4.47,0.5424,pinnacle,10,25.8,False,ev +4.5 fair 0.542 pinnacle 10b
2026-09-26T15:13:44Z,football_nfl,32659,2026-09-27T20:05:00Z,San Francisco 49ers,Arizona Cardinals,player_receptions,George Kittle,3.5,Over,kalshi,-144,3.47,0.6106,pinnacle,6,28.9,False,ev +3.5 fair 0.611 pinnacle 6b
2026-09-26T15:13:44Z,football_nfl,32658,2026-09-27T20:05:00Z,Tampa Bay Buccaneers,Minnesota Vikings,player_receptions,Cade Otton,3.5,Over,kalshi,163,9.72,0.4172,pinnacle,8,28.9,False,ev +9.7 fair 0.417 pinnacle 8b
2026-09-26T15:13:44Z,football_nfl,32658,2026-09-27T20:05:00Z,Tampa Bay Buccaneers,Minnesota Vikings,player_receptions,Emeka Egbuka,4.5,Over,kalshi,144,4.43,0.428,pinnacle,10,28.9,False,ev +4.4 fair 0.428 pinnacle 10b
2026-09-26T15:13:44Z,football_nfl,32658,2026-09-27T20:05:00Z,Tampa Bay Buccaneers,Minnesota Vikings,player_receptions,Kenneth Gainwell,1.5,Under,bovada,145,4.01,0.4245,pinnacle,8,28.9,False,ev +4.0 fair 0.424 pinnacle 8b
2026-09-26T15:13:44Z,football_nfl,32658,2026-09-27T20:05:00Z,Tampa Bay Buccaneers,Minnesota Vikings,player_receptions,Kenneth Gainwell,1.5,Under,draftkings,145,4.01,0.4245,pinnacle,8,28.9,False,ev +4.0 fair 0.424 pinnacle 8b
2026-09-26T15:13:44Z,football_nfl,32658,2026-09-27T20:05:00Z,Tampa Bay Buccaneers,Minnesota Vikings,player_receptions,T.J. Hockenson,3.5,Over,kalshi,113,4.25,0.4895,pinnacle,11,28.9,False,ev +4.2 fair 0.489 pinnacle 11b
2026-09-26T15:13:44Z,football_nfl,23215,2026-09-27T20:25:00Z,Dallas Cowboys,Baltimore Ravens,player_reception_yds,Mark Andrews,24.5,Under,hardrock,225,5.25,0.3239,kalshi,4,29.2,True,ev +5.2 fair 0.324 kalshi 4b
2026-09-26T15:13:44Z,football_nfl,23215,2026-09-27T20:25:00Z,Dallas Cowboys,Baltimore Ravens,player_receptions,Javonte Williams,2.5,Under,bovada,125,5.91,0.4707,pinnacle,10,29.2,False,ev +5.9 fair 0.471 pinnacle 10b
2026-09-26T15:13:44Z,football_nfl,23215,2026-09-27T20:25:00Z,Dallas Cowboys,Baltimore Ravens,player_receptions,Javonte Williams,2.5,Under,draftkings,125,5.91,0.4707,pinnacle,10,29.2,False,ev +5.9 fair 0.471 pinnacle 10b
2026-09-26T15:13:44Z,football_nfl,23215,2026-09-27T20:25:00Z,Dallas Cowboys,Baltimore Ravens,player_receptions,Javonte Williams,2.5,Under,kalshi,122,4.49,0.4707,pinnacle,10,29.2,False,ev +4.5 fair 0.471 pinnacle 10b
2026-09-26T15:13:44Z,football_nfl,23215,2026-09-27T20:25:00Z,Dallas Cowboys,Baltimore Ravens,player_receptions,Ryan Flournoy,3.5,Over,kalshi,138,3.28,0.4339,pinnacle,10,29.2,False,ev +3.3 fair 0.434 pinnacle 10b
2026-09-26T15:13:44Z,football_nfl,32660,2026-09-27T20:25:00Z,New Orleans Saints,Las Vegas Raiders,player_receptions,Travis Etienne Jr.,1.5,Over,kalshi,-122,3.33,0.5678,pinnacle,7,29.2,False,ev +3.3 fair 0.568 pinnacle 7b
2026-09-26T15:13:44Z,football_nfl,32660,2026-09-27T20:25:00Z,New Orleans Saints,Las Vegas Raiders,player_receptions,Tre Tucker,3.5,Under,fanduel,-102,4.65,0.5284,pinnacle,11,29.2,False,ev +4.7 fair 0.528 pinnacle 11b
2026-09-26T15:13:44Z,football_nfl,32661,2026-09-28T00:20:00Z,Denver Broncos,Los Angeles Rams,player_receptions,Kyren Williams,2.5,Over,bovada,150,4.3,0.4172,pinnacle,9,33.1,False,ev +4.3 fair 0.417 pinnacle 9b
2026-09-26T15:13:44Z,football_nfl,32661,2026-09-28T00:20:00Z,Denver Broncos,Los Angeles Rams,player_receptions,Kyren Williams,2.5,Over,draftkings,149,3.88,0.4172,pinnacle,9,33.1,False,ev +3.9 fair 0.417 pinnacle 9b
2026-09-26T15:13:44Z,football_nfl,32662,2026-09-29T00:15:00Z,Chicago Bears,Philadelphia Eagles,player_pass_interceptions,Jalen Hurts,0.5,Over,draftkings,134,3.51,0.4424,pinnacle,7,57.0,False,ev +3.5 fair 0.442 pinnacle 7b
2026-09-26T15:13:44Z,football_nfl,32662,2026-09-29T00:15:00Z,Chicago Bears,Philadelphia Eagles,player_receptions,Colston Loveland,3.5,Over,kalshi,133,3.13,0.4426,pinnacle,10,57.0,False,ev +3.1 fair 0.443 pinnacle 10b
2026-09-26T15:13:44Z,football_nfl,32662,2026-09-29T00:15:00Z,Chicago Bears,Philadelphia Eagles,player_receptions,Makai Lemon,1.5,Under,hardrock,240,5.88,0.3114,kalshi,4,57.0,True,ev +5.9 fair 0.311 kalshi 4b
2026-09-26T20:16:58Z,football_nfl,32655,2026-09-27T17:00:00Z,Buffalo Bills,Los Angeles Chargers,player_pass_tds,Josh Allen,1.5,Under,kalshi,133,3.56,0.4445,pinnacle,9,20.7,False,ev +3.6 fair 0.445 pinnacle 9b
2026-09-26T20:16:58Z,football_nfl,32655,2026-09-27T17:00:00Z,Buffalo Bills,Los Angeles Chargers,player_receptions,Khalil Shakir,3.5,Under,kalshi,138,3.01,0.4328,pinnacle,9,20.7,False,ev +3.0 fair 0.433 pinnacle 9b
2026-09-26T20:16:58Z,football_nfl,32649,2026-09-27T17:00:00Z,Pittsburgh Steelers,Cincinnati Bengals,player_pass_interceptions,Aaron Rodgers,0.5,Under,underdog,-110,4.08,0.5452,pinnacle,7,20.7,False,ev +4.1 fair 0.545 pinnacle 7b
2026-09-26T20:16:58Z,football_nfl,32649,2026-09-27T17:00:00Z,Pittsburgh Steelers,Cincinnati Bengals,player_receptions,Roman Wilson,2.5,Over,kalshi,133,3.13,0.4426,pinnacle,9,20.7,False,ev +3.1 fair 0.443 pinnacle 9b
2026-09-26T20:16:58Z,football_nfl,32649,2026-09-27T17:00:00Z,Pittsburgh Steelers,Cincinnati Bengals,player_receptions,Samaje Perine,1.5,Over,kalshi,113,5.15,0.4937,pinnacle,11,20.7,False,ev +5.2 fair 0.494 pinnacle 11b
2026-09-26T20:16:58Z,football_nfl,32651,2026-09-27T17:00:00Z,Jacksonville Jaguars,New England Patriots,player_reception_yds,Bhayshul Tuten,9.5,Over,underdog,-112,3.93,0.5491,pinnacle,6,20.7,False,ev +3.9 fair 0.549 pinnacle 6b
2026-09-26T20:16:58Z,football_nfl,32651,2026-09-27T17:00:00Z,Jacksonville Jaguars,New England Patriots,player_reception_yds,Bhayshul Tuten,9.5,Over,fanduel,-113,3.5,0.5491,pinnacle,6,20.7,False,ev +3.5 fair 0.549 pinnacle 6b
2026-09-26T20:16:58Z,football_nfl,32651,2026-09-27T17:00:00Z,Jacksonville Jaguars,New England Patriots,player_reception_yds,Bhayshul Tuten,9.5,Over,kalshi,-113,3.5,0.5491,pinnacle,6,20.7,False,ev +3.5 fair 0.549 pinnacle 6b
2026-09-26T20:16:58Z,football_nfl,32651,2026-09-27T17:00:00Z,Jacksonville Jaguars,New England Patriots,player_receptions,Parker Washington,4.5,Under,kalshi,150,5.13,0.4205,pinnacle,7,20.7,False,ev +5.1 fair 0.420 pinnacle 7b
2026-09-26T20:16:58Z,football_nfl,32656,2026-09-27T17:00:00Z,Detroit Lions,New York Jets,player_receptions,Breece Hall,3.5,Over,kalshi,144,3.59,0.4245,pinnacle,9,20.7,False,ev +3.6 fair 0.424 pinnacle 9b
2026-09-26T20:16:58Z,football_nfl,32656,2026-09-27T17:00:00Z,Detroit Lions,New York Jets,player_receptions,Jahmyr Gibbs,4.5,Over,kalshi,122,4.49,0.4707,pinnacle,10,20.7,False,ev +4.5 fair 0.471 pinnacle 10b
2026-09-26T20:16:58Z,football_nfl,32656,2026-09-27T17:00:00Z,Detroit Lions,New York Jets,player_receptions,Sam LaPorta,4.5,Over,kalshi,108,4.44,0.5021,pinnacle,11,20.7,False,ev +4.4 fair 0.502 pinnacle 11b
2026-09-26T20:16:58Z,football_nfl,32654,2026-09-27T17:00:00Z,Indianapolis Colts,Houston Texans,player_receptions,Darius Slayton,1.5,Over,kalshi,194,8.24,0.3682,pinnacle,7,20.7,False,ev +8.2 fair 0.368 pinnacle 7b
2026-09-26T20:16:58Z,football_nfl,32654,2026-09-27T17:00:00Z,Indianapolis Colts,Houston Texans,player_receptions,Jaylin Noel,2.5,Over,kalshi,127,4.97,0.4624,pinnacle,10,20.7,False,ev +5.0 fair 0.462 pinnacle 10b
2026-09-26T20:16:58Z,football_nfl,32650,2026-09-27T17:00:00Z,Miami Dolphins,Kansas City Chiefs,player_receptions,Emmett Johnson,1.5,Over,bovada,110,5.0,0.5,pinnacle,9,20.7,False,ev +5.0 fair 0.500 pinnacle 9b
2026-09-26T20:16:58Z,football_nfl,32650,2026-09-27T17:00:00Z,Miami Dolphins,Kansas City Chiefs,player_receptions,Emmett Johnson,1.5,Over,kalshi,108,4.0,0.5,pinnacle,9,20.7,False,ev +4.0 fair 0.500 pinnacle 9b
2026-09-26T20:16:58Z,football_nfl,32650,2026-09-27T17:00:00Z,Miami Dolphins,Kansas City Chiefs,player_receptions,Emmett Johnson,1.5,Over,draftkings,108,4.0,0.5,pinnacle,9,20.7,False,ev +4.0 fair 0.500 pinnacle 9b
2026-09-26T20:16:58Z,football_nfl,32650,2026-09-27T17:00:00Z,Miami Dolphins,Kansas City Chiefs,player_rush_attempts,De'Von Achane,15.5,Under,draftkings,-101,3.47,0.5199,pinnacle,5,20.7,False,ev +3.5 fair 0.520 pinnacle 5b
2026-09-26T20:16:58Z,football_nfl,32653,2026-09-27T17:00:00Z,New York Giants,Tennessee Titans,player_pass_attempts,Jameis Winston,30.5,Under,draftkings,-118,3.79,0.5618,pinnacle,5,20.7,False,ev +3.8 fair 0.562 pinnacle 5b
2026-09-26T20:16:58Z,football_nfl,32653,2026-09-27T17:00:00Z,New York Giants,Tennessee Titans,player_receptions,Malachi Fields,2.5,Over,kalshi,163,6.88,0.4064,pinnacle,8,20.7,False,ev +6.9 fair 0.406 pinnacle 8b
2026-09-26T20:16:58Z,football_nfl,32653,2026-09-27T17:00:00Z,New York Giants,Tennessee Titans,player_receptions,Wan'Dale Robinson,3.5,Over,kalshi,117,3.52,0.477,pinnacle,8,20.7,False,ev +3.5 fair 0.477 pinnacle 8b
2026-09-26T20:16:58Z,football_nfl,32652,2026-09-27T17:00:00Z,Washington Commanders,Seattle Seahawks,player_receptions,Stefon Diggs,3.5,Over,kalshi,-127,3.57,0.5795,pinnacle,10,20.7,False,ev +3.6 fair 0.580 pinnacle 10b
2026-09-26T20:16:58Z,football_nfl,32652,2026-09-27T17:00:00Z,Washington Commanders,Seattle Seahawks,player_receptions,Terry McLaurin,3.5,Over,kalshi,122,4.03,0.4686,pinnacle,10,20.7,False,ev +4.0 fair 0.469 pinnacle 10b
2026-09-26T20:16:58Z,football_nfl,32657,2026-09-27T17:00:00Z,Cleveland Browns,Carolina Panthers,player_receptions,Tommy Tremble,1.5,Over,kalshi,-108,4.47,0.5424,pinnacle,10,20.7,False,ev +4.5 fair 0.542 pinnacle 10b
2026-09-26T20:16:58Z,football_nfl,32659,2026-09-27T20:05:00Z,San Francisco 49ers,Arizona Cardinals,player_receptions,George Kittle,3.5,Over,kalshi,-144,3.47,0.6106,pinnacle,6,23.8,False,ev +3.5 fair 0.611 pinnacle 6b
2026-09-26T20:16:58Z,football_nfl,32659,2026-09-27T20:05:00Z,San Francisco 49ers,Arizona Cardinals,player_receptions,Kendrick Bourne,2.5,Under,kalshi,-100,4.84,0.5242,pinnacle,10,23.8,False,ev +4.8 fair 0.524 pinnacle 10b
2026-09-26T20:16:58Z,football_nfl,32658,2026-09-27T20:05:00Z,Tampa Bay Buccaneers,Minnesota Vikings,player_receptions,Cade Otton,3.5,Over,kalshi,150,4.3,0.4172,pinnacle,10,23.8,False,ev +4.3 fair 0.417 pinnacle 10b
2026-09-26T20:16:58Z,football_nfl,32658,2026-09-27T20:05:00Z,Tampa Bay Buccaneers,Minnesota Vikings,player_receptions,Jalen McMillan,1.5,Over,kalshi,144,3.17,0.4228,pinnacle,9,23.8,False,ev +3.2 fair 0.423 pinnacle 9b
2026-09-26T20:16:58Z,football_nfl,32658,2026-09-27T20:05:00Z,Tampa Bay Buccaneers,Minnesota Vikings,player_receptions,Kenneth Gainwell,1.5,Under,draftkings,143,3.16,0.4245,pinnacle,8,23.8,False,ev +3.2 fair 0.424 pinnacle 8b
2026-09-26T20:16:58Z,football_nfl,32658,2026-09-27T20:05:00Z,Tampa Bay Buccaneers,Minnesota Vikings,player_receptions,T.J. Hockenson,3.5,Over,kalshi,113,4.25,0.4895,pinnacle,11,23.8,False,ev +4.2 fair 0.489 pinnacle 11b
2026-09-26T20:16:58Z,football_nfl,32658,2026-09-27T20:05:00Z,Tampa Bay Buccaneers,Minnesota Vikings,player_rush_longest,Aaron Jones,13.5,Under,underdog,-102,3.04,0.5203,bovada,4,23.8,False,ev +3.0 fair 0.520 bovada 4b
2026-09-26T20:16:58Z,football_nfl,23215,2026-09-27T20:25:00Z,Dallas Cowboys,Baltimore Ravens,player_pass_tds,Lamar Jackson,1.5,Under,kalshi,127,3.25,0.4548,pinnacle,10,24.1,False,ev +3.2 fair 0.455 pinnacle 10b
2026-09-26T20:16:58Z,football_nfl,23215,2026-09-27T20:25:00Z,Dallas Cowboys,Baltimore Ravens,player_pass_yds,Lamar Jackson,199.5,Under,hardrock,240,4.29,0.3067,kalshi,4,24.1,True,ev +4.3 fair 0.307 kalshi 4b
2026-09-26T20:16:58Z,football_nfl,23215,2026-09-27T20:25:00Z,Dallas Cowboys,Baltimore Ravens,player_reception_yds,Mark Andrews,24.5,Under,hardrock,225,4.28,0.3209,kalshi,4,24.1,True,ev +4.3 fair 0.321 kalshi 4b
2026-09-26T20:16:58Z,football_nfl,23215,2026-09-27T20:25:00Z,Dallas Cowboys,Baltimore Ravens,player_receptions,CeeDee Lamb,6.5,Over,kalshi,108,3.12,0.4958,pinnacle,11,24.1,False,ev +3.1 fair 0.496 pinnacle 11b
2026-09-26T20:16:58Z,football_nfl,23215,2026-09-27T20:25:00Z,Dallas Cowboys,Baltimore Ravens,player_receptions,Ryan Flournoy,3.5,Over,kalshi,138,3.28,0.4339,pinnacle,10,24.1,False,ev +3.3 fair 0.434 pinnacle 10b
2026-09-26T20:16:58Z,football_nfl,23215,2026-09-27T20:25:00Z,Dallas Cowboys,Baltimore Ravens,player_rush_attempts,Dak Prescott,3.5,Over,draftkings,128,7.52,0.4716,pinnacle,4,24.1,False,ev +7.5 fair 0.472 pinnacle 4b
2026-09-26T20:16:58Z,football_nfl,32660,2026-09-27T20:25:00Z,New Orleans Saints,Las Vegas Raiders,player_reception_yds,Chris Olave,49.5,Under,hardrock,260,15.63,0.3212,kalshi,4,24.1,True,ev +15.6 fair 0.321 kalshi 4b
2026-09-26T20:16:58Z,football_nfl,32660,2026-09-27T20:25:00Z,New Orleans Saints,Las Vegas Raiders,player_receptions,Alvin Kamara,2.5,Under,hardrock,130,11.72,0.4857,kalshi,4,24.1,True,ev +11.7 fair 0.486 kalshi 4b
2026-09-26T20:16:58Z,football_nfl,32660,2026-09-27T20:25:00Z,New Orleans Saints,Las Vegas Raiders,player_receptions,Alvin Kamara,3.5,Over,kalshi,178,9.18,0.3927,pinnacle,8,24.1,False,ev +9.2 fair 0.393 pinnacle 8b
2026-09-26T20:16:58Z,football_nfl,32660,2026-09-27T20:25:00Z,New Orleans Saints,Las Vegas Raiders,player_receptions,Travis Etienne Jr.,1.5,Over,kalshi,-122,3.33,0.5678,pinnacle,7,24.1,False,ev +3.3 fair 0.568 pinnacle 7b
2026-09-26T20:16:58Z,football_nfl,32660,2026-09-27T20:25:00Z,New Orleans Saints,Las Vegas Raiders,player_receptions,Tre Tucker,3.5,Under,fanduel,-102,3.57,0.523,pinnacle,11,24.1,False,ev +3.6 fair 0.523 pinnacle 11b
2026-09-26T20:16:58Z,football_nfl,32661,2026-09-28T00:20:00Z,Denver Broncos,Los Angeles Rams,player_receptions,RJ Harvey,2.5,Under,kalshi,122,4.03,0.4686,pinnacle,7,28.1,False,ev +4.0 fair 0.469 pinnacle 7b
2026-09-26T20:16:58Z,football_nfl,32662,2026-09-29T00:15:00Z,Chicago Bears,Philadelphia Eagles,player_receptions,Cole Kmet,1.5,Over,kalshi,104,5.21,0.5157,pinnacle,9,52.0,False,ev +5.2 fair 0.516 pinnacle 9b
2026-09-26T20:16:58Z,football_nfl,32662,2026-09-29T00:15:00Z,Chicago Bears,Philadelphia Eagles,player_receptions,Colston Loveland,3.5,Under,kalshi,-100,3.99,0.5199,pinnacle,10,52.0,False,ev +4.0 fair 0.520 pinnacle 10b
2026-09-27T02:09:25Z,football_nfl,32656,2026-09-27T17:00:00Z,Detroit Lions,New York Jets,player_receptions,Isaiah Williams,2.5,Over,underdog,-105,4.36,0.5345,kalshi,11,14.8,False,ev +4.4 fair 0.534 kalshi 11b
2026-09-27T02:09:25Z,football_nfl,32659,2026-09-27T20:05:00Z,San Francisco 49ers,Arizona Cardinals,player_receptions,Trey McBride,7.5,Under,bovada,-135,3.43,0.5942,kalshi,10,17.9,False,ev +3.4 fair 0.594 kalshi 10b
2026-09-27T02:09:25Z,football_nfl,32660,2026-09-27T20:25:00Z,New Orleans Saints,Las Vegas Raiders,player_receptions,Noah Fant,1.5,Under,underdog,-107,5.22,0.5439,kalshi,7,18.3,False,ev +5.2 fair 0.544 kalshi 7b
2026-09-27T10:56:13Z,football_nfl,32656,2026-09-27T17:00:00Z,Detroit Lions,New York Jets,player_receptions,Breece Hall,3.5,Over,kalshi,144,3.59,0.4245,pinnacle,9,6.1,False,ev +3.6 fair 0.424 pinnacle 9b
2026-09-27T10:56:13Z,football_nfl,32656,2026-09-27T17:00:00Z,Detroit Lions,New York Jets,player_receptions,Garrett Wilson,6.5,Under,bovada,-120,3.48,0.5644,kalshi,7,6.1,False,ev +3.5 fair 0.564 kalshi 7b
2026-09-27T10:56:13Z,football_nfl,32654,2026-09-27T17:00:00Z,Indianapolis Colts,Houston Texans,player_reception_yds,Dalton Schultz,49.5,Under,kalshi,108,3.56,0.4979,pinnacle,8,6.1,False,ev +3.6 fair 0.498 pinnacle 8b
2026-09-27T10:56:13Z,football_nfl,32654,2026-09-27T17:00:00Z,Indianapolis Colts,Houston Texans,player_receptions,Jaylin Noel,2.5,Over,kalshi,127,5.24,0.4636,pinnacle,11,6.1,False,ev +5.2 fair 0.464 pinnacle 11b
2026-09-27T10:56:13Z,football_nfl,32654,2026-09-27T17:00:00Z,Indianapolis Colts,Houston Texans,player_receptions,Laquon Treadwell,1.5,Over,kalshi,138,3.86,0.4364,pinnacle,10,6.1,False,ev +3.9 fair 0.436 pinnacle 10b
2026-09-27T10:56:13Z,football_nfl,32650,2026-09-27T17:00:00Z,Miami Dolphins,Kansas City Chiefs,player_receptions,Emmett Johnson,1.5,Over,kalshi,113,6.5,0.5,pinnacle,10,6.1,False,ev +6.5 fair 0.500 pinnacle 10b
2026-09-27T10:56:13Z,football_nfl,32650,2026-09-27T17:00:00Z,Miami Dolphins,Kansas City Chiefs,player_receptions,Emmett Johnson,1.5,Over,bovada,110,5.0,0.5,pinnacle,10,6.1,False,ev +5.0 fair 0.500 pinnacle 10b
2026-09-27T10:56:13Z,football_nfl,32650,2026-09-27T17:00:00Z,Miami Dolphins,Kansas City Chiefs,player_receptions,Emmett Johnson,1.5,Over,draftkings,108,4.0,0.5,pinnacle,10,6.1,False,ev +4.0 fair 0.500 pinnacle 10b
2026-09-27T10:56:13Z,football_nfl,32653,2026-09-27T17:00:00Z,New York Giants,Tennessee Titans,player_field_goals_made,Dominic Zvada,1.5,Over,underdog,-110,7.94,0.5654,pinnacle,6,6.1,False,ev +7.9 fair 0.565 pinnacle 6b
2026-09-27T10:56:13Z,football_nfl,32653,2026-09-27T17:00:00Z,New York Giants,Tennessee Titans,player_field_goals_made,Dominic Zvada,1.5,Over,draftkings,-112,7.02,0.5654,pinnacle,6,6.1,False,ev +7.0 fair 0.565 pinnacle 6b
2026-09-27T10:56:13Z,football_nfl,32653,2026-09-27T17:00:00Z,New York Giants,Tennessee Titans,player_pass_attempts,Jameis Winston,30.5,Under,draftkings,-117,4.19,0.5618,pinnacle,6,6.1,False,ev +4.2 fair 0.562 pinnacle 6b
2026-09-27T10:56:13Z,football_nfl,32653,2026-09-27T17:00:00Z,New York Giants,Tennessee Titans,player_reception_yds,Calvin Ridley,14.5,Over,kalshi,108,3.12,0.4958,pinnacle,8,6.1,False,ev +3.1 fair 0.496 pinnacle 8b
2026-09-27T10:56:13Z,football_nfl,32653,2026-09-27T17:00:00Z,New York Giants,Tennessee Titans,player_receptions,Calvin Ridley,1.5,Over,kalshi,138,5.17,0.4419,pinnacle,11,6.1,False,ev +5.2 fair 0.442 pinnacle 11b
2026-09-27T10:56:13Z,football_nfl,32653,2026-09-27T17:00:00Z,New York Giants,Tennessee Titans,player_receptions,Malachi Fields,2.5,Over,kalshi,170,7.78,0.3992,pinnacle,9,6.1,False,ev +7.8 fair 0.399 pinnacle 9b
2026-09-27T10:56:13Z,football_nfl,32653,2026-09-27T17:00:00Z,New York Giants,Tennessee Titans,player_receptions,Malik Nabers,4.5,Over,kalshi,117,3.06,0.4749,pinnacle,11,6.1,False,ev +3.1 fair 0.475 pinnacle 11b
2026-09-27T10:56:13Z,football_nfl,32652,2026-09-27T17:00:00Z,Washington Commanders,Seattle Seahawks,player_field_goals_made,Jason Myers,1.5,Under,hardrock,130,6.64,0.4636,pinnacle,5,6.1,True,ev +6.6 fair 0.464 pinnacle 5b
2026-09-27T10:56:13Z,football_nfl,32652,2026-09-27T17:00:00Z,Washington Commanders,Seattle Seahawks,player_pass_tds,Marcus Mariota,0.5,Over,kalshi,-150,4.3,0.6258,pinnacle,11,6.1,False,ev +4.3 fair 0.626 pinnacle 11b
2026-09-27T10:56:13Z,football_nfl,32652,2026-09-27T17:00:00Z,Washington Commanders,Seattle Seahawks,player_receptions,Stefon Diggs,3.5,Over,kalshi,-127,3.57,0.5795,pinnacle,11,6.1,False,ev +3.6 fair 0.580 pinnacle 11b
2026-09-27T10:56:13Z,football_nfl,32652,2026-09-27T17:00:00Z,Washington Commanders,Seattle Seahawks,player_receptions,Terry McLaurin,3.5,Over,kalshi,122,4.03,0.4686,pinnacle,11,6.1,False,ev +4.0 fair 0.469 pinnacle 11b
2026-09-27T10:56:13Z,football_nfl,32652,2026-09-27T17:00:00Z,Washington Commanders,Seattle Seahawks,player_rush_yds,Jacory Croskey-Merritt,39.5,Over,kalshi,108,6.19,0.5105,pinnacle,6,6.1,False,ev +6.2 fair 0.510 pinnacle 6b
2026-09-27T10:56:13Z,football_nfl,32657,2026-09-27T17:00:00Z,Cleveland Browns,Carolina Panthers,player_reception_yds,Xavier Legette,14.5,Over,kalshi,108,4.0,0.5,pinnacle,3,6.1,False,ev +4.0 fair 0.500 pinnacle 3b
2026-09-27T10:56:13Z,football_nfl,32657,2026-09-27T17:00:00Z,Cleveland Browns,Carolina Panthers,player_receptions,Harold Fannin Jr.,3.5,Over,kalshi,-122,4.29,0.5731,pinnacle,10,6.1,False,ev +4.3 fair 0.573 pinnacle 10b
2026-09-27T10:56:13Z,football_nfl,32657,2026-09-27T17:00:00Z,Cleveland Browns,Carolina Panthers,player_receptions,Jerry Jeudy,1.5,Under,kalshi,122,3.57,0.4665,pinnacle,10,6.1,False,ev +3.6 fair 0.467 pinnacle 10b
2026-09-27T10:56:13Z,football_nfl,32657,2026-09-27T17:00:00Z,Cleveland Browns,Carolina Panthers,player_receptions,Tommy Tremble,1.5,Over,kalshi,-108,4.47,0.5424,pinnacle,10,6.1,False,ev +4.5 fair 0.542 pinnacle 10b
2026-09-27T10:56:13Z,football_nfl,32657,2026-09-27T17:00:00Z,Cleveland Browns,Carolina Panthers,player_receptions,Xavier Legette,1.5,Over,kalshi,127,3.87,0.4576,pinnacle,9,6.1,False,ev +3.9 fair 0.458 pinnacle 9b
2026-09-27T10:56:13Z,football_nfl,32655,2026-09-27T17:00:00Z,Buffalo Bills,Los Angeles Chargers,player_receptions,Khalil Shakir,3.5,Under,kalshi,138,3.01,0.4328,pinnacle,7,6.1,False,ev +3.0 fair 0.433 pinnacle 7b
2026-09-27T10:56:13Z,football_nfl,32655,2026-09-27T17:00:00Z,Buffalo Bills,Los Angeles Chargers,player_receptions,Ladd McConkey,4.5,Under,draftkings,116,4.15,0.4822,pinnacle,11,6.1,False,ev +4.2 fair 0.482 pinnacle 11b
2026-09-27T10:56:13Z,football_nfl,32655,2026-09-27T17:00:00Z,Buffalo Bills,Los Angeles Chargers,player_receptions,Ladd McConkey,4.5,Under,bovada,115,3.67,0.4822,pinnacle,11,6.1,False,ev +3.7 fair 0.482 pinnacle 11b
2026-09-27T10:56:13Z,football_nfl,32649,2026-09-27T17:00:00Z,Pittsburgh Steelers,Cincinnati Bengals,player_receptions,Roman Wilson,2.5,Over,kalshi,133,3.13,0.4426,pinnacle,11,6.1,False,ev +3.1 fair 0.443 pinnacle 11b
2026-09-27T10:56:13Z,football_nfl,32649,2026-09-27T17:00:00Z,Pittsburgh Steelers,Cincinnati Bengals,player_receptions,Samaje Perine,1.5,Over,kalshi,117,7.13,0.4937,pinnacle,11,6.1,False,ev +7.1 fair 0.494 pinnacle 11b
2026-09-27T10:56:13Z,football_nfl,32651,2026-09-27T17:00:00Z,Jacksonville Jaguars,New England Patriots,player_receptions,Jakobi Meyers,3.5,Over,kalshi,122,4.49,0.4707,pinnacle,10,6.1,False,ev +4.5 fair 0.471 pinnacle 10b
2026-09-27T10:56:13Z,football_nfl,32659,2026-09-27T20:05:00Z,San Francisco 49ers,Arizona Cardinals,player_rush_yds,Tyler Allgeier,24.5,Under,bovada,185,4.44,0.3665,kalshi,5,9.1,False,ev +4.4 fair 0.366 kalshi 5b
2026-09-27T10:56:13Z,football_nfl,32658,2026-09-27T20:05:00Z,Tampa Bay Buccaneers,Minnesota Vikings,player_field_goals_made,Will Reichard,1.5,Under,hardrock,100,6.86,0.5343,pinnacle,4,9.1,True,ev +6.9 fair 0.534 pinnacle 4b
2026-09-27T10:56:13Z,football_nfl,32658,2026-09-27T20:05:00Z,Tampa Bay Buccaneers,Minnesota Vikings,player_field_goals_made,Will Reichard,1.5,Under,underdog,-102,5.82,0.5343,pinnacle,4,9.1,False,ev +5.8 fair 0.534 pinnacle 4b
2026-09-27T10:56:13Z,football_nfl,32658,2026-09-27T20:05:00Z,Tampa Bay Buccaneers,Minnesota Vikings,player_field_goals_made,Will Reichard,1.5,Under,draftkings,-103,5.31,0.5343,pinnacle,4,9.1,False,ev +5.3 fair 0.534 pinnacle 4b
2026-09-27T10:56:13Z,football_nfl,32658,2026-09-27T20:05:00Z,Tampa Bay Buccaneers,Minnesota Vikings,player_receptions,Emeka Egbuka,4.5,Over,kalshi,144,4.43,0.428,pinnacle,9,9.1,False,ev +4.4 fair 0.428 pinnacle 9b
2026-09-27T10:56:13Z,football_nfl,32658,2026-09-27T20:05:00Z,Tampa Bay Buccaneers,Minnesota Vikings,player_receptions,Jalen McMillan,1.5,Over,kalshi,150,5.71,0.4228,pinnacle,9,9.1,False,ev +5.7 fair 0.423 pinnacle 9b
2026-09-27T10:56:13Z,football_nfl,32658,2026-09-27T20:05:00Z,Tampa Bay Buccaneers,Minnesota Vikings,player_receptions,T.J. Hockenson,3.5,Over,kalshi,113,4.25,0.4895,pinnacle,11,9.1,False,ev +4.2 fair 0.489 pinnacle 11b
2026-09-27T10:56:13Z,football_nfl,32658,2026-09-27T20:05:00Z,Tampa Bay Buccaneers,Minnesota Vikings,player_rush_longest,Aaron Jones,13.5,Under,underdog,-102,5.08,0.5306,bovada,4,9.1,False,ev +5.1 fair 0.531 bovada 4b
2026-09-27T10:56:13Z,football_nfl,23215,2026-09-27T20:25:00Z,Dallas Cowboys,Baltimore Ravens,player_pass_tds,Dak Prescott,1.5,Under,bovada,130,3.27,0.449,pinnacle,12,9.5,False,ev +3.3 fair 0.449 pinnacle 12b
2026-09-27T10:56:13Z,football_nfl,23215,2026-09-27T20:25:00Z,Dallas Cowboys,Baltimore Ravens,player_pass_tds,Lamar Jackson,1.5,Under,kalshi,127,3.25,0.4548,pinnacle,12,9.5,False,ev +3.2 fair 0.455 pinnacle 12b
2026-09-27T10:56:13Z,football_nfl,23215,2026-09-27T20:25:00Z,Dallas Cowboys,Baltimore Ravens,player_receptions,CeeDee Lamb,6.5,Over,kalshi,108,3.56,0.4979,pinnacle,13,9.5,False,ev +3.6 fair 0.498 pinnacle 13b
2026-09-27T10:56:13Z,football_nfl,23215,2026-09-27T20:25:00Z,Dallas Cowboys,Baltimore Ravens,player_receptions,George Pickens,5.5,Over,kalshi,138,5.17,0.4419,pinnacle,12,9.5,False,ev +5.2 fair 0.442 pinnacle 12b
2026-09-27T10:56:13Z,football_nfl,23215,2026-09-27T20:25:00Z,Dallas Cowboys,Baltimore Ravens,player_receptions,Jake Ferguson,3.5,Over,kalshi,-100,3.38,0.5169,pinnacle,11,9.5,False,ev +3.4 fair 0.517 pinnacle 11b
2026-09-27T10:56:13Z,football_nfl,23215,2026-09-27T20:25:00Z,Dallas Cowboys,Baltimore Ravens,player_receptions,Javonte Williams,2.5,Under,bovada,120,4.21,0.4737,pinnacle,12,9.5,False,ev +4.2 fair 0.474 pinnacle 12b
2026-09-27T10:56:13Z,football_nfl,23215,2026-09-27T20:25:00Z,Dallas Cowboys,Baltimore Ravens,player_receptions,Javonte Williams,2.5,Under,draftkings,119,3.74,0.4737,pinnacle,12,9.5,False,ev +3.7 fair 0.474 pinnacle 12b
2026-09-27T10:56:13Z,football_nfl,23215,2026-09-27T20:25:00Z,Dallas Cowboys,Baltimore Ravens,player_receptions,Justice Hill,2.5,Over,kalshi,170,5.13,0.3894,pinnacle,9,9.5,False,ev +5.1 fair 0.389 pinnacle 9b
2026-09-27T10:56:13Z,football_nfl,23215,2026-09-27T20:25:00Z,Dallas Cowboys,Baltimore Ravens,player_receptions,LaJohntay Wester,1.5,Over,kalshi,-122,3.97,0.5714,pinnacle,5,9.5,False,ev +4.0 fair 0.571 pinnacle 5b
2026-09-27T10:56:13Z,football_nfl,23215,2026-09-27T20:25:00Z,Dallas Cowboys,Baltimore Ravens,player_receptions,Ryan Flournoy,3.5,Over,kalshi,138,3.28,0.4339,pinnacle,10,9.5,False,ev +3.3 fair 0.434 pinnacle 10b
2026-09-27T10:56:13Z,football_nfl,32660,2026-09-27T20:25:00Z,New Orleans Saints,Las Vegas Raiders,player_reception_yds,Jalen Nailor,24.5,Over,kalshi,104,4.78,0.5136,pinnacle,9,9.5,False,ev +4.8 fair 0.514 pinnacle 9b
2026-09-27T10:56:13Z,football_nfl,32660,2026-09-27T20:25:00Z,New Orleans Saints,Las Vegas Raiders,player_receptions,Alvin Kamara,3.5,Over,kalshi,178,8.65,0.3908,pinnacle,6,9.5,False,ev +8.7 fair 0.391 pinnacle 6b
2026-09-27T10:56:13Z,football_nfl,32660,2026-09-27T20:25:00Z,New Orleans Saints,Las Vegas Raiders,player_receptions,Jalen Nailor,2.5,Over,kalshi,138,3.86,0.4364,pinnacle,9,9.5,False,ev +3.9 fair 0.436 pinnacle 9b
2026-09-27T10:56:13Z,football_nfl,32660,2026-09-27T20:25:00Z,New Orleans Saints,Las Vegas Raiders,player_receptions,Tre Tucker,3.5,Under,fanduel,-102,3.57,0.523,pinnacle,11,9.5,False,ev +3.6 fair 0.523 pinnacle 11b
2026-09-27T10:56:13Z,football_nfl,32661,2026-09-28T00:20:00Z,Denver Broncos,Los Angeles Rams,player_pass_yds,Matthew Stafford,199.5,Under,hardrock,240,7.8,0.3171,kalshi,4,13.4,True,ev +7.8 fair 0.317 kalshi 4b
2026-09-27T10:56:13Z,football_nfl,32662,2026-09-29T00:15:00Z,Chicago Bears,Philadelphia Eagles,player_receptions,Colston Loveland,3.5,Under,kalshi,-100,3.99,0.5199,pinnacle,11,37.3,False,ev +4.0 fair 0.520 pinnacle 11b
2026-09-27T10:56:13Z,football_nfl,32662,2026-09-29T00:15:00Z,Chicago Bears,Philadelphia Eagles,player_receptions,Makai Lemon,1.5,Under,hardrock,250,9.0,0.3114,kalshi,4,37.3,True,ev +9.0 fair 0.311 kalshi 4b
2026-09-27T15:54:20Z,football_nfl,32656,2026-09-27T17:00:00Z,Detroit Lions,New York Jets,player_pass_tds,Jared Goff,1.5,Under,kalshi,178,4.85,0.3771,pinnacle,6,1.1,False,ev +4.8 fair 0.377 pinnacle 6b
2026-09-27T15:54:20Z,football_nfl,32656,2026-09-27T17:00:00Z,Detroit Lions,New York Jets,player_reception_yds,Jeremy Ruckert,8.5,Over,underdog,-108,5.38,0.5472,pinnacle,8,1.1,False,ev +5.4 fair 0.547 pinnacle 8b
2026-09-27T15:54:20Z,football_nfl,32656,2026-09-27T17:00:00Z,Detroit Lions,New York Jets,player_reception_yds,Jeremy Ruckert,8.5,Over,draftkings,-110,4.46,0.5472,pinnacle,8,1.1,False,ev +4.5 fair 0.547 pinnacle 8b
2026-09-27T15:54:20Z,football_nfl,32656,2026-09-27T17:00:00Z,Detroit Lions,New York Jets,player_reception_yds,Jeremy Ruckert,8.5,Over,fanduel,-113,3.14,0.5472,pinnacle,8,1.1,False,ev +3.1 fair 0.547 pinnacle 8b
2026-09-27T15:54:20Z,football_nfl,32656,2026-09-27T17:00:00Z,Detroit Lions,New York Jets,player_receptions,Amon-Ra St. Brown,7.5,Over,kalshi,144,6.44,0.4362,pinnacle,10,1.1,False,ev +6.4 fair 0.436 pinnacle 10b
2026-09-27T15:54:20Z,football_nfl,32656,2026-09-27T17:00:00Z,Detroit Lions,New York Jets,player_receptions,Garrett Wilson,6.5,Over,kalshi,113,5.12,0.4935,pinnacle,10,1.1,False,ev +5.1 fair 0.493 pinnacle 10b
2026-09-27T15:54:20Z,football_nfl,32656,2026-09-27T17:00:00Z,Detroit Lions,New York Jets,player_receptions,Jahmyr Gibbs,4.5,Over,kalshi,122,3.87,0.4679,pinnacle,11,1.1,False,ev +3.9 fair 0.468 pinnacle 11b
2026-09-27T15:54:20Z,football_nfl,32656,2026-09-27T17:00:00Z,Detroit Lions,New York Jets,player_receptions,Kenyon Sadiq,2.5,Under,hardrock,160,3.4,0.3977,pinnacle,7,1.1,True,ev +3.4 fair 0.398 pinnacle 7b
2026-09-27T15:54:20Z,football_nfl,32656,2026-09-27T17:00:00Z,Detroit Lions,New York Jets,player_receptions,Sam LaPorta,4.5,Over,kalshi,104,5.3,0.5162,pinnacle,12,1.1,False,ev +5.3 fair 0.516 pinnacle 12b
2026-09-27T15:54:20Z,football_nfl,32656,2026-09-27T17:00:00Z,Detroit Lions,New York Jets,player_rush_yds,Jahmyr Gibbs,69.5,Under,bovada,250,13.2,0.3234,kalshi,4,1.1,False,ev +13.2 fair 0.323 kalshi 4b
2026-09-27T15:54:20Z,football_nfl,32654,2026-09-27T17:00:00Z,Indianapolis Colts,Houston Texans,player_receptions,Keenan Allen,3.5,Over,kalshi,108,4.0,0.5,pinnacle,12,1.1,False,ev +4.0 fair 0.500 pinnacle 12b
2026-09-27T15:54:20Z,football_nfl,32654,2026-09-27T17:00:00Z,Indianapolis Colts,Houston Texans,player_receptions,Laquon Treadwell,1.5,Over,bovada,115,7.03,0.4978,pinnacle,10,1.1,False,ev +7.0 fair 0.498 pinnacle 10b
2026-09-27T15:54:20Z,football_nfl,32654,2026-09-27T17:00:00Z,Indianapolis Colts,Houston Texans,player_rush_yds,Woody Marks,19.5,Under,bovada,225,6.14,0.3266,kalshi,4,1.1,False,ev +6.1 fair 0.327 kalshi 4b
2026-09-27T15:54:20Z,football_nfl,32654,2026-09-27T17:00:00Z,Indianapolis Colts,Houston Texans,player_rush_yds,Woody Marks,24.5,Under,bovada,140,4.54,0.4356,kalshi,5,1.1,False,ev +4.5 fair 0.436 kalshi 5b
2026-09-27T15:54:20Z,football_nfl,32650,2026-09-27T17:00:00Z,Miami Dolphins,Kansas City Chiefs,player_receptions,Emmett Johnson,1.5,Over,kalshi,113,6.5,0.5,pinnacle,11,1.1,False,ev +6.5 fair 0.500 pinnacle 11b
2026-09-27T15:54:20Z,football_nfl,32650,2026-09-27T17:00:00Z,Miami Dolphins,Kansas City Chiefs,player_receptions,Xavier Worthy,3.5,Over,kalshi,108,5.8,0.5087,pinnacle,12,1.1,False,ev +5.8 fair 0.509 pinnacle 12b
2026-09-27T15:54:20Z,football_nfl,32653,2026-09-27T17:00:00Z,New York Giants,Tennessee Titans,player_receptions,Calvin Ridley,1.5,Over,kalshi,138,5.14,0.4417,pinnacle,11,1.1,False,ev +5.1 fair 0.442 pinnacle 11b
2026-09-27T15:54:20Z,football_nfl,32653,2026-09-27T17:00:00Z,New York Giants,Tennessee Titans,player_receptions,Devin Singletary,1.5,Over,kalshi,127,3.06,0.454,pinnacle,5,1.1,False,ev +3.1 fair 0.454 pinnacle 5b
2026-09-27T15:54:20Z,football_nfl,32653,2026-09-27T17:00:00Z,New York Giants,Tennessee Titans,player_receptions,Isaiah Likely,4.5,Under,draftkings,-157,3.71,0.6335,kalshi,5,1.1,False,ev +3.7 fair 0.633 kalshi 5b
2026-09-27T15:54:20Z,football_nfl,32653,2026-09-27T17:00:00Z,New York Giants,Tennessee Titans,player_receptions,Malachi Fields,2.5,Over,kalshi,170,7.79,0.3992,pinnacle,9,1.1,False,ev +7.8 fair 0.399 pinnacle 9b
2026-09-27T15:54:20Z,football_nfl,32653,2026-09-27T17:00:00Z,New York Giants,Tennessee Titans,player_receptions,Tony Pollard,1.5,Over,draftkings,154,4.21,0.4103,pinnacle,11,1.1,False,ev +4.2 fair 0.410 pinnacle 11b
2026-09-27T15:54:20Z,football_nfl,32653,2026-09-27T17:00:00Z,New York Giants,Tennessee Titans,player_rush_attempts,Cam Skattebo,15.5,Under,hardrock,115,5.17,0.4892,pinnacle,3,1.1,True,ev +5.2 fair 0.489 pinnacle 3b
2026-09-27T15:54:20Z,football_nfl,32653,2026-09-27T17:00:00Z,New York Giants,Tennessee Titans,player_rush_yds,Najee Harris,20.5,Under,fanatics,105,6.7,0.5205,pinnacle,7,1.1,False,ev +6.7 fair 0.520 pinnacle 7b
2026-09-27T15:54:20Z,football_nfl,32653,2026-09-27T17:00:00Z,New York Giants,Tennessee Titans,player_rush_yds,Tony Pollard,59.5,Over,kalshi,113,4.19,0.4892,pinnacle,7,1.1,False,ev +4.2 fair 0.489 pinnacle 7b
2026-09-27T15:54:20Z,football_nfl,32652,2026-09-27T17:00:00Z,Washington Commanders,Seattle Seahawks,player_pass_attempts,Marcus Mariota,29.5,Under,underdog,-102,3.08,0.5205,pinnacle,6,1.1,False,ev +3.1 fair 0.520 pinnacle 6b
2026-09-27T15:54:20Z,football_nfl,32652,2026-09-27T17:00:00Z,Washington Commanders,Seattle Seahawks,player_reception_yds,Elijah Arroyo,4.5,Over,kalshi,-100,3.04,0.5152,pinnacle,7,1.1,False,ev +3.0 fair 0.515 pinnacle 7b
2026-09-27T15:54:20Z,football_nfl,32652,2026-09-27T17:00:00Z,Washington Commanders,Seattle Seahawks,player_receptions,Terry McLaurin,3.5,Over,kalshi,122,3.87,0.4679,pinnacle,11,1.1,False,ev +3.9 fair 0.468 pinnacle 11b
2026-09-27T15:54:20Z,football_nfl,32657,2026-09-27T17:00:00Z,Cleveland Browns,Carolina Panthers,player_reception_longest,Tommy Tremble,7.5,Over,draftkings,-106,3.12,0.5306,bovada,4,1.1,False,ev +3.1 fair 0.531 bovada 4b
2026-09-27T15:54:20Z,football_nfl,32657,2026-09-27T17:00:00Z,Cleveland Browns,Carolina Panthers,player_reception_yds,Xavier Legette,14.5,Over,kalshi,108,4.0,0.5,pinnacle,4,1.1,False,ev +4.0 fair 0.500 pinnacle 4b
2026-09-27T15:54:20Z,football_nfl,32657,2026-09-27T17:00:00Z,Cleveland Browns,Carolina Panthers,player_receptions,Jerry Jeudy,1.5,Under,kalshi,122,3.4,0.4658,pinnacle,11,1.1,False,ev +3.4 fair 0.466 pinnacle 11b
2026-09-27T15:54:20Z,football_nfl,32657,2026-09-27T17:00:00Z,Cleveland Browns,Carolina Panthers,player_receptions,Raheim Sanders,0.5,Under,draftkings,137,8.93,0.4596,pinnacle,7,1.1,False,ev +8.9 fair 0.460 pinnacle 7b
2026-09-27T15:54:20Z,football_nfl,32657,2026-09-27T17:00:00Z,Cleveland Browns,Carolina Panthers,player_receptions,Raheim Sanders,0.5,Under,bovada,130,5.72,0.4596,pinnacle,7,1.1,False,ev +5.7 fair 0.460 pinnacle 7b
2026-09-27T15:54:20Z,football_nfl,32657,2026-09-27T17:00:00Z,Cleveland Browns,Carolina Panthers,player_receptions,Raheim Sanders,0.5,Under,kalshi,127,4.34,0.4596,pinnacle,7,1.1,False,ev +4.3 fair 0.460 pinnacle 7b
2026-09-27T15:54:20Z,football_nfl,32655,2026-09-27T17:00:00Z,Buffalo Bills,Los Angeles Chargers,player_pass_tds,Josh Allen,1.5,Under,kalshi,133,3.54,0.4444,pinnacle,13,1.1,False,ev +3.5 fair 0.444 pinnacle 13b
2026-09-27T15:54:20Z,football_nfl,32649,2026-09-27T17:00:00Z,Pittsburgh Steelers,Cincinnati Bengals,player_pass_yds,Aaron Rodgers,224.5,Over,kalshi,108,4.0,0.5,pinnacle,7,1.1,False,ev +4.0 fair 0.500 pinnacle 7b
2026-09-27T15:54:20Z,football_nfl,32649,2026-09-27T17:00:00Z,Pittsburgh Steelers,Cincinnati Bengals,player_reception_yds,Mike Gesicki,23.5,Over,underdog,-112,3.2,0.5452,pinnacle,6,1.1,False,ev +3.2 fair 0.545 pinnacle 6b
2026-09-27T15:54:20Z,football_nfl,32649,2026-09-27T17:00:00Z,Pittsburgh Steelers,Cincinnati Bengals,player_receptions,Chase Brown,3.5,Over,kalshi,113,3.27,0.4848,pinnacle,11,1.1,False,ev +3.3 fair 0.485 pinnacle 11b
2026-09-27T15:54:20Z,football_nfl,32649,2026-09-27T17:00:00Z,Pittsburgh Steelers,Cincinnati Bengals,player_receptions,Drew Sample,1.5,Over,kalshi,170,3.44,0.3831,pinnacle,8,1.1,False,ev +3.4 fair 0.383 pinnacle 8b
2026-09-27T15:54:20Z,football_nfl,32649,2026-09-27T17:00:00Z,Pittsburgh Steelers,Cincinnati Bengals,player_receptions,Roman Wilson,2.5,Over,kalshi,133,3.1,0.4425,pinnacle,11,1.1,False,ev +3.1 fair 0.443 pinnacle 11b
2026-09-27T15:54:20Z,football_nfl,32649,2026-09-27T17:00:00Z,Pittsburgh Steelers,Cincinnati Bengals,player_receptions,Samaje Perine,1.5,Over,kalshi,127,4.15,0.4588,pinnacle,11,1.1,False,ev +4.2 fair 0.459 pinnacle 11b
2026-09-27T15:54:20Z,football_nfl,32651,2026-09-27T17:00:00Z,Jacksonville Jaguars,New England Patriots,player_pass_tds,Drake Maye,1.5,Over,kalshi,156,3.53,0.4044,pinnacle,11,1.1,False,ev +3.5 fair 0.404 pinnacle 11b
2026-09-27T15:54:20Z,football_nfl,32651,2026-09-27T17:00:00Z,Jacksonville Jaguars,New England Patriots,player_reception_yds,Bhayshul Tuten,9.5,Over,kalshi,-104,7.48,0.5479,pinnacle,7,1.1,False,ev +7.5 fair 0.548 pinnacle 7b
2026-09-27T15:54:20Z,football_nfl,32651,2026-09-27T17:00:00Z,Jacksonville Jaguars,New England Patriots,player_reception_yds,Bhayshul Tuten,9.5,Over,underdog,-112,3.72,0.5479,pinnacle,7,1.1,False,ev +3.7 fair 0.548 pinnacle 7b
2026-09-27T15:54:20Z,football_nfl,32651,2026-09-27T17:00:00Z,Jacksonville Jaguars,New England Patriots,player_reception_yds,Bhayshul Tuten,9.5,Over,fanduel,-113,3.29,0.5479,pinnacle,7,1.1,False,ev +3.3 fair 0.548 pinnacle 7b
2026-09-27T15:54:20Z,football_nfl,32651,2026-09-27T17:00:00Z,Jacksonville Jaguars,New England Patriots,player_receptions,Jakobi Meyers,3.5,Over,kalshi,122,4.81,0.4721,pinnacle,10,1.1,False,ev +4.8 fair 0.472 pinnacle 10b
2026-09-27T15:54:20Z,football_nfl,32651,2026-09-27T17:00:00Z,Jacksonville Jaguars,New England Patriots,player_receptions,Kyle Williams,0.5,Under,kalshi,156,4.89,0.4097,pinnacle,7,1.1,False,ev +4.9 fair 0.410 pinnacle 7b
2026-09-27T15:54:20Z,football_nfl,32659,2026-09-27T20:05:00Z,San Francisco 49ers,Arizona Cardinals,player_receptions,Trey McBride,7.5,Over,kalshi,144,7.96,0.4425,pinnacle,10,4.2,False,ev +8.0 fair 0.443 pinnacle 10b
2026-09-27T15:54:20Z,football_nfl,32658,2026-09-27T20:05:00Z,Tampa Bay Buccaneers,Minnesota Vikings,player_field_goals_made,Chase McLaughlin,1.5,Under,hardrock,110,4.09,0.4957,pinnacle,4,4.2,True,ev +4.1 fair 0.496 pinnacle 4b
2026-09-27T15:54:20Z,football_nfl,32658,2026-09-27T20:05:00Z,Tampa Bay Buccaneers,Minnesota Vikings,player_pass_yds,Kyler Murray,174.5,Under,hardrock,230,7.77,0.3266,kalshi,4,4.2,True,ev +7.8 fair 0.327 kalshi 4b
2026-09-27T15:54:20Z,football_nfl,32658,2026-09-27T20:05:00Z,Tampa Bay Buccaneers,Minnesota Vikings,player_receptions,Cade Otton,3.5,Over,kalshi,144,4.52,0.4284,pinnacle,11,4.2,False,ev +4.5 fair 0.428 pinnacle 11b
2026-09-27T15:54:20Z,football_nfl,32658,2026-09-27T20:05:00Z,Tampa Bay Buccaneers,Minnesota Vikings,player_receptions,Jalen McMillan,1.5,Over,kalshi,150,5.63,0.4225,pinnacle,10,4.2,False,ev +5.6 fair 0.422 pinnacle 10b
2026-09-27T15:54:20Z,football_nfl,32658,2026-09-27T20:05:00Z,Tampa Bay Buccaneers,Minnesota Vikings,player_receptions,T.J. Hockenson,3.5,Over,kalshi,108,4.9,0.5043,pinnacle,12,4.2,False,ev +4.9 fair 0.504 pinnacle 12b
2026-09-27T15:54:20Z,football_nfl,32658,2026-09-27T20:05:00Z,Tampa Bay Buccaneers,Minnesota Vikings,player_rush_longest,Aaron Jones,13.5,Under,underdog,-102,5.08,0.5306,bovada,4,4.2,False,ev +5.1 fair 0.531 bovada 4b
2026-09-27T15:54:20Z,football_nfl,32658,2026-09-27T20:05:00Z,Tampa Bay Buccaneers,Minnesota Vikings,player_rush_yds,Baker Mayfield,19.5,Under,fanduel,-113,4.42,0.554,kalshi,4,4.2,False,ev +4.4 fair 0.554 kalshi 4b
2026-09-27T15:54:20Z,football_nfl,23215,2026-09-27T20:25:00Z,Dallas Cowboys,Baltimore Ravens,player_pass_tds,Lamar Jackson,1.5,Under,kalshi,127,3.24,0.4548,pinnacle,13,4.5,False,ev +3.2 fair 0.455 pinnacle 13b
2026-09-27T15:54:20Z,football_nfl,23215,2026-09-27T20:25:00Z,Dallas Cowboys,Baltimore Ravens,player_reception_yds,Mark Andrews,24.5,Under,hardrock,240,4.29,0.3067,kalshi,4,4.5,True,ev +4.3 fair 0.307 kalshi 4b
2026-09-27T15:54:20Z,football_nfl,23215,2026-09-27T20:25:00Z,Dallas Cowboys,Baltimore Ravens,player_receptions,CeeDee Lamb,6.5,Over,kalshi,108,3.55,0.4978,pinnacle,14,4.5,False,ev +3.5 fair 0.498 pinnacle 14b
2026-09-27T15:54:20Z,football_nfl,23215,2026-09-27T20:25:00Z,Dallas Cowboys,Baltimore Ravens,player_receptions,George Pickens,5.5,Over,kalshi,138,5.14,0.4417,pinnacle,13,4.5,False,ev +5.1 fair 0.442 pinnacle 13b
2026-09-27T15:54:20Z,football_nfl,23215,2026-09-27T20:25:00Z,Dallas Cowboys,Baltimore Ravens,player_receptions,Jake Ferguson,3.5,Over,kalshi,-100,3.23,0.5162,pinnacle,12,4.5,False,ev +3.2 fair 0.516 pinnacle 12b
2026-09-27T15:54:20Z,football_nfl,23215,2026-09-27T20:25:00Z,Dallas Cowboys,Baltimore Ravens,player_receptions,Mark Andrews,4.5,Over,kalshi,133,5.97,0.4548,pinnacle,12,4.5,False,ev +6.0 fair 0.455 pinnacle 12b
2026-09-27T15:54:20Z,football_nfl,23215,2026-09-27T20:25:00Z,Dallas Cowboys,Baltimore Ravens,player_receptions,Rashod Bateman,3.5,Over,bovada,105,7.59,0.5248,pinnacle,13,4.5,False,ev +7.6 fair 0.525 pinnacle 13b
2026-09-27T15:54:20Z,football_nfl,23215,2026-09-27T20:25:00Z,Dallas Cowboys,Baltimore Ravens,player_receptions,Rashod Bateman,3.5,Over,kalshi,104,7.07,0.5248,pinnacle,13,4.5,False,ev +7.1 fair 0.525 pinnacle 13b
2026-09-27T15:54:20Z,football_nfl,23215,2026-09-27T20:25:00Z,Dallas Cowboys,Baltimore Ravens,player_receptions,Rashod Bateman,3.5,Over,draftkings,-101,4.45,0.5248,pinnacle,13,4.5,False,ev +4.5 fair 0.525 pinnacle 13b
2026-09-27T15:54:20Z,football_nfl,23215,2026-09-27T20:25:00Z,Dallas Cowboys,Baltimore Ravens,player_receptions,Ryan Flournoy,3.5,Over,kalshi,138,3.22,0.4337,pinnacle,11,4.5,False,ev +3.2 fair 0.434 pinnacle 11b
2026-09-27T15:54:20Z,football_nfl,32660,2026-09-27T20:25:00Z,New Orleans Saints,Las Vegas Raiders,player_pass_tds,Tyler Shough,1.5,Over,kalshi,113,3.06,0.4838,pinnacle,11,4.5,False,ev +3.1 fair 0.484 pinnacle 11b
2026-09-27T15:54:20Z,football_nfl,32660,2026-09-27T20:25:00Z,New Orleans Saints,Las Vegas Raiders,player_reception_yds,Jalen Nailor,24.5,Over,kalshi,104,5.74,0.5183,pinnacle,10,4.5,False,ev +5.7 fair 0.518 pinnacle 10b
2026-09-27T15:54:20Z,football_nfl,32660,2026-09-27T20:25:00Z,New Orleans Saints,Las Vegas Raiders,player_receptions,Alvin Kamara,3.5,Over,kalshi,194,6.3,0.3616,pinnacle,6,4.5,False,ev +6.3 fair 0.362 pinnacle 6b
2026-09-27T15:54:20Z,football_nfl,32660,2026-09-27T20:25:00Z,New Orleans Saints,Las Vegas Raiders,player_receptions,Bryce Lance,1.5,Over,kalshi,117,4.52,0.4817,pinnacle,9,4.5,False,ev +4.5 fair 0.482 pinnacle 9b
2026-09-27T15:54:20Z,football_nfl,32660,2026-09-27T20:25:00Z,New Orleans Saints,Las Vegas Raiders,player_receptions,Jalen Nailor,2.5,Over,kalshi,138,3.82,0.4362,pinnacle,11,4.5,False,ev +3.8 fair 0.436 pinnacle 11b
2026-09-27T15:54:20Z,football_nfl,32660,2026-09-27T20:25:00Z,New Orleans Saints,Las Vegas Raiders,player_receptions,Michael Mayer,2.5,Over,kalshi,122,6.45,0.4795,pinnacle,10,4.5,False,ev +6.5 fair 0.479 pinnacle 10b
2026-09-27T15:54:20Z,football_nfl,32660,2026-09-27T20:25:00Z,New Orleans Saints,Las Vegas Raiders,player_receptions,Michael Mayer,2.5,Over,draftkings,115,3.09,0.4795,pinnacle,10,4.5,False,ev +3.1 fair 0.479 pinnacle 10b
2026-09-27T15:54:20Z,football_nfl,32660,2026-09-27T20:25:00Z,New Orleans Saints,Las Vegas Raiders,player_receptions,Michael Mayer,2.5,Over,bovada,115,3.09,0.4795,pinnacle,10,4.5,False,ev +3.1 fair 0.479 pinnacle 10b
2026-09-27T15:54:20Z,football_nfl,32661,2026-09-28T00:20:00Z,Denver Broncos,Los Angeles Rams,player_pass_yds,Matthew Stafford,199.5,Under,hardrock,240,7.8,0.3171,kalshi,4,8.4,True,ev +7.8 fair 0.317 kalshi 4b
2026-09-27T15:54:20Z,football_nfl,32661,2026-09-28T00:20:00Z,Denver Broncos,Los Angeles Rams,player_receptions,Adam Trautman,0.5,Under,bovada,180,3.61,0.37,pinnacle,8,8.4,False,ev +3.6 fair 0.370 pinnacle 8b
2026-09-27T15:54:20Z,football_nfl,32662,2026-09-29T00:15:00Z,Chicago Bears,Philadelphia Eagles,player_rush_yds,D'Andre Swift,59.5,Over,kalshi,-100,4.11,0.5206,pinnacle,6,32.3,False,ev +4.1 fair 0.521 pinnacle 6b
2026-09-28T02:14:11Z,football_nfl,32662,2026-09-29T00:15:00Z,Chicago Bears,Philadelphia Eagles,player_pass_interceptions,Jalen Hurts,0.5,Over,draftkings,134,3.57,0.4426,pinnacle,7,22.0,False,ev +3.6 fair 0.443 pinnacle 7b
2026-09-28T02:14:11Z,football_nfl,32662,2026-09-29T00:15:00Z,Chicago Bears,Philadelphia Eagles,player_rush_attempts,Jalen Hurts,6.5,Over,draftkings,103,3.64,0.5105,pinnacle,6,22.0,False,ev +3.6 fair 0.510 pinnacle 6b
2026-09-28T12:10:46Z,football_nfl,32662,2026-09-29T00:15:00Z,Chicago Bears,Philadelphia Eagles,player_pass_interceptions,Jalen Hurts,0.5,Over,draftkings,139,5.61,0.4419,pinnacle,10,12.1,False,ev +5.6 fair 0.442 pinnacle 10b
2026-09-28T12:10:46Z,football_nfl,32662,2026-09-29T00:15:00Z,Chicago Bears,Philadelphia Eagles,player_pass_interceptions,Jalen Hurts,0.5,Over,hardrock,135,3.85,0.4419,pinnacle,10,12.1,True,ev +3.9 fair 0.442 pinnacle 10b
2026-09-28T12:10:46Z,football_nfl,32662,2026-09-29T00:15:00Z,Chicago Bears,Philadelphia Eagles,player_pass_interceptions,Jalen Hurts,0.5,Over,bovada,135,3.85,0.4419,pinnacle,10,12.1,False,ev +3.9 fair 0.442 pinnacle 10b
2026-09-28T12:10:46Z,football_nfl,32662,2026-09-29T00:15:00Z,Chicago Bears,Philadelphia Eagles,player_receptions,Cole Kmet,1.5,Over,kalshi,127,7.53,0.4737,pinnacle,11,12.1,False,ev +7.5 fair 0.474 pinnacle 11b
2026-09-28T12:10:46Z,football_nfl,32662,2026-09-29T00:15:00Z,Chicago Bears,Philadelphia Eagles,player_receptions,Cole Kmet,1.5,Over,fanduel,124,6.11,0.4737,pinnacle,11,12.1,False,ev +6.1 fair 0.474 pinnacle 11b
2026-09-28T12:10:46Z,football_nfl,32662,2026-09-29T00:15:00Z,Chicago Bears,Philadelphia Eagles,player_receptions,DeVonta Smith,5.5,Under,fanduel,104,3.72,0.5084,pinnacle,12,12.1,False,ev +3.7 fair 0.508 pinnacle 12b
2026-09-28T12:10:46Z,football_nfl,32662,2026-09-29T00:15:00Z,Chicago Bears,Philadelphia Eagles,player_receptions,DeVonta Smith,5.5,Under,draftkings,103,3.21,0.5084,pinnacle,12,12.1,False,ev +3.2 fair 0.508 pinnacle 12b
2026-09-28T12:10:46Z,football_nfl,32662,2026-09-29T00:15:00Z,Chicago Bears,Philadelphia Eagles,player_receptions,Dontayvion Wicks,3.5,Over,kalshi,144,4.59,0.4286,pinnacle,12,12.1,False,ev +4.6 fair 0.429 pinnacle 12b
2026-09-28T12:10:46Z,football_nfl,32662,2026-09-29T00:15:00Z,Chicago Bears,Philadelphia Eagles,player_receptions,Saquon Barkley,2.5,Over,kalshi,144,4.59,0.4286,pinnacle,12,12.1,False,ev +4.6 fair 0.429 pinnacle 12b
2026-09-28T12:10:46Z,football_nfl,32662,2026-09-29T00:15:00Z,Chicago Bears,Philadelphia Eagles,player_rush_attempts,Jalen Hurts,6.5,Over,draftkings,106,3.87,0.5042,pinnacle,6,12.1,False,ev +3.9 fair 0.504 pinnacle 6b
2026-09-28T15:30:02Z,football_nfl,32662,2026-09-29T00:15:00Z,Chicago Bears,Philadelphia Eagles,player_pass_yds,Jalen Hurts,199.5,Under,bovada,165,5.02,0.3963,kalshi,5,8.7,False,ev +5.0 fair 0.396 kalshi 5b
2026-09-28T15:30:02Z,football_nfl,32662,2026-09-29T00:15:00Z,Chicago Bears,Philadelphia Eagles,player_reception_yds,D'Andre Swift,14.5,Under,draftkings,-116,5.1,0.5644,kalshi,4,8.7,False,ev +5.1 fair 0.564 kalshi 4b
2026-09-28T15:30:02Z,football_nfl,32662,2026-09-29T00:15:00Z,Chicago Bears,Philadelphia Eagles,player_reception_yds,Johnny Mundt,8.5,Over,draftkings,-106,3.82,0.5342,pinnacle,8,8.7,False,ev +3.8 fair 0.534 pinnacle 8b
2026-09-28T15:30:02Z,football_nfl,32662,2026-09-29T00:15:00Z,Chicago Bears,Philadelphia Eagles,player_receptions,Colston Loveland,3.5,Over,kalshi,127,4.15,0.4588,pinnacle,14,8.7,False,ev +4.2 fair 0.459 pinnacle 14b
2026-09-28T15:30:02Z,football_nfl,32662,2026-09-29T00:15:00Z,Chicago Bears,Philadelphia Eagles,player_receptions,D'Andre Swift,1.5,Under,hardrock,155,3.49,0.4058,kalshi,8,8.7,True,ev +3.5 fair 0.406 kalshi 8b
2026-09-28T15:30:02Z,football_nfl,32662,2026-09-29T00:15:00Z,Chicago Bears,Philadelphia Eagles,player_receptions,D'Andre Swift,2.5,Over,kalshi,178,11.13,0.3998,pinnacle,10,8.7,False,ev +11.1 fair 0.400 pinnacle 10b
2026-09-28T15:30:02Z,football_nfl,32662,2026-09-29T00:15:00Z,Chicago Bears,Philadelphia Eagles,player_receptions,Dontayvion Wicks,3.5,Over,kalshi,144,4.52,0.4284,pinnacle,14,8.7,False,ev +4.5 fair 0.428 pinnacle 14b
2026-09-28T15:30:02Z,football_nfl,32662,2026-09-29T00:15:00Z,Chicago Bears,Philadelphia Eagles,player_receptions,Makai Lemon,2.5,Under,kalshi,117,3.11,0.4752,pinnacle,14,8.7,False,ev +3.1 fair 0.475 pinnacle 14b
2026-09-28T15:30:02Z,football_nfl,32662,2026-09-29T00:15:00Z,Chicago Bears,Philadelphia Eagles,player_receptions,Saquon Barkley,2.5,Over,kalshi,156,4.89,0.4097,pinnacle,14,8.7,False,ev +4.9 fair 0.410 pinnacle 14b
2026-09-28T15:30:02Z,football_nfl,32662,2026-09-29T00:15:00Z,Chicago Bears,Philadelphia Eagles,player_rush_attempts,Jalen Hurts,6.5,Over,draftkings,105,3.39,0.5043,pinnacle,6,8.7,False,ev +3.4 fair 0.504 pinnacle 6b
2026-09-28T15:30:02Z,football_nfl,32662,2026-09-29T00:15:00Z,Chicago Bears,Philadelphia Eagles,player_rush_yds,Kyle Monangai,29.5,Under,bovada,190,5.23,0.3629,kalshi,4,8.7,False,ev +5.2 fair 0.363 kalshi 4b
2026-09-28T22:41:28Z,football_nfl,32662,2026-09-29T00:15:00Z,Chicago Bears,Philadelphia Eagles,player_pass_interceptions,Case Keenum,0.5,Under,draftkings,116,5.19,0.487,pinnacle,9,1.6,False,ev +5.2 fair 0.487 pinnacle 9b
2026-09-28T22:41:28Z,football_nfl,32662,2026-09-29T00:15:00Z,Chicago Bears,Philadelphia Eagles,player_pass_interceptions,Case Keenum,0.5,Under,bovada,115,4.7,0.487,pinnacle,9,1.6,False,ev +4.7 fair 0.487 pinnacle 9b
2026-09-28T22:41:28Z,football_nfl,32662,2026-09-29T00:15:00Z,Chicago Bears,Philadelphia Eagles,player_reception_longest,Cole Kmet,7.5,Under,underdog,-102,3.04,0.5203,bovada,5,1.6,False,ev +3.0 fair 0.520 bovada 5b
2026-09-28T22:41:28Z,football_nfl,32662,2026-09-29T00:15:00Z,Chicago Bears,Philadelphia Eagles,player_receptions,Cole Kmet,1.5,Over,kalshi,138,3.82,0.4362,pinnacle,12,1.6,False,ev +3.8 fair 0.436 pinnacle 12b
2026-09-28T22:41:28Z,football_nfl,32662,2026-09-29T00:15:00Z,Chicago Bears,Philadelphia Eagles,player_receptions,DeVonta Smith,5.5,Over,kalshi,104,5.1,0.5152,pinnacle,15,1.6,False,ev +5.1 fair 0.515 pinnacle 15b
2026-09-28T22:41:28Z,football_nfl,32662,2026-09-29T00:15:00Z,Chicago Bears,Philadelphia Eagles,player_receptions,Dontayvion Wicks,3.5,Over,kalshi,150,5.21,0.4208,pinnacle,14,1.6,False,ev +5.2 fair 0.421 pinnacle 14b
2026-09-28T22:41:28Z,football_nfl,32662,2026-09-29T00:15:00Z,Chicago Bears,Philadelphia Eagles,player_receptions,Rome Odunze,2.5,Over,kalshi,133,3.98,0.4463,pinnacle,14,1.6,False,ev +4.0 fair 0.446 pinnacle 14b
2026-09-28T22:41:28Z,football_nfl,32662,2026-09-29T00:15:00Z,Chicago Bears,Philadelphia Eagles,player_receptions,Saquon Barkley,2.5,Over,kalshi,163,6.92,0.4065,pinnacle,14,1.6,False,ev +6.9 fair 0.406 pinnacle 14b
2026-09-28T22:41:28Z,football_nfl,32663,2026-10-02T00:15:00Z,Cleveland Browns,Pittsburgh Steelers,player_pass_tds,Deshaun Watson,0.5,Under,draftkings,194,4.95,0.357,pinnacle,10,73.6,False,ev +5.0 fair 0.357 pinnacle 10b
2026-09-29T03:00:12Z,football_nfl,32663,2026-10-02T00:15:00Z,Cleveland Browns,Pittsburgh Steelers,player_pass_interceptions,Aaron Rodgers,0.5,Over,draftkings,-101,5.09,0.5281,pinnacle,4,69.2,False,ev +5.1 fair 0.528 pinnacle 4b
2026-09-29T11:41:48Z,football_nfl,32663,2026-10-02T00:15:00Z,Cleveland Browns,Pittsburgh Steelers,player_pass_interceptions,Aaron Rodgers,0.5,Over,bovada,105,4.57,0.5101,pinnacle,7,60.6,False,ev +4.6 fair 0.510 pinnacle 7b
2026-09-29T11:41:48Z,football_nfl,32663,2026-10-02T00:15:00Z,Cleveland Browns,Pittsburgh Steelers,player_pass_interceptions,Aaron Rodgers,0.5,Over,draftkings,103,3.55,0.5101,pinnacle,7,60.6,False,ev +3.5 fair 0.510 pinnacle 7b
2026-09-29T19:44:50Z,football_nfl,32663,2026-10-02T00:15:00Z,Cleveland Browns,Pittsburgh Steelers,player_receptions,Harold Fannin Jr.,4.5,Over,kalshi,108,4.0,0.5,pinnacle,10,52.5,False,ev +4.0 fair 0.500 pinnacle 10b
2026-09-29T19:44:50Z,football_nfl,32663,2026-10-02T00:15:00Z,Cleveland Browns,Pittsburgh Steelers,player_receptions,KC Concepcion,3.5,Under,draftkings,123,3.67,0.4649,pinnacle,8,52.5,False,ev +3.7 fair 0.465 pinnacle 8b
2026-09-29T19:57:22Z,football_nfl,32663,2026-10-02T00:15:00Z,Cleveland Browns,Pittsburgh Steelers,player_receptions,Harold Fannin Jr.,4.5,Over,kalshi,108,4.0,0.5,pinnacle,10,52.3,False,ev +4.0 fair 0.500 pinnacle 10b
2026-09-29T19:57:22Z,football_nfl,32663,2026-10-02T00:15:00Z,Cleveland Browns,Pittsburgh Steelers,player_receptions,KC Concepcion,3.5,Under,draftkings,123,3.67,0.4649,pinnacle,8,52.3,False,ev +3.7 fair 0.465 pinnacle 8b
2026-09-29T20:02:40Z,football_nfl,32663,2026-10-02T00:15:00Z,Cleveland Browns,Pittsburgh Steelers,player_receptions,Harold Fannin Jr.,4.5,Over,kalshi,108,4.0,0.5,pinnacle,10,52.2,False,ev +4.0 fair 0.500 pinnacle 10b
2026-09-29T20:02:40Z,football_nfl,32663,2026-10-02T00:15:00Z,Cleveland Browns,Pittsburgh Steelers,player_receptions,KC Concepcion,3.5,Under,draftkings,123,3.67,0.4649,pinnacle,8,52.2,False,ev +3.7 fair 0.465 pinnacle 8b
2026-09-29T21:35:03Z,football_nfl,32663,2026-10-02T00:15:00Z,Cleveland Browns,Pittsburgh Steelers,player_receptions,KC Concepcion,3.5,Under,draftkings,123,3.67,0.4649,pinnacle,8,50.7,False,ev +3.7 fair 0.465 pinnacle 8b
2026-09-29T21:35:03Z,football_nfl,32663,2026-10-02T00:15:00Z,Cleveland Browns,Pittsburgh Steelers,player_receptions,Raheim Sanders,2.5,Under,hardrock,-160,3.67,0.6379,kalshi,4,50.7,True,ev +3.7 fair 0.638 kalshi 4b
2026-09-30T02:41:03Z,football_nfl,32663,2026-10-02T00:15:00Z,Cleveland Browns,Pittsburgh Steelers,player_reception_longest,Jaylen Warren,11.5,Under,underdog,-102,3.04,0.5203,bovada,5,45.6,False,ev +3.0 fair 0.520 bovada 5b
2026-09-30T02:41:03Z,football_nfl,32663,2026-10-02T00:15:00Z,Cleveland Browns,Pittsburgh Steelers,player_receptions,Jaylen Warren,3.5,Over,kalshi,127,6.46,0.469,pinnacle,11,45.6,False,ev +6.5 fair 0.469 pinnacle 11b
2026-09-30T02:41:03Z,football_nfl,24886,2026-10-04T13:30:00Z,Washington Commanders,Indianapolis Colts,player_receptions,Keenan Allen,3.5,Over,underdog,-105,5.58,0.5408,bovada,9,106.8,False,ev +5.6 fair 0.541 bovada 9b
2026-09-30T11:28:24Z,football_nfl,32663,2026-10-02T00:15:00Z,Cleveland Browns,Pittsburgh Steelers,player_receptions,Jaylen Warren,3.5,Over,kalshi,127,6.46,0.469,pinnacle,11,36.8,False,ev +6.5 fair 0.469 pinnacle 11b
2026-09-30T11:28:24Z,football_nfl,32669,2026-10-04T17:00:00Z,Buffalo Bills,New England Patriots,player_pass_completions,Drake Maye,19.5,Over,underdog,-108,4.36,0.5419,pinnacle,6,101.5,False,ev +4.4 fair 0.542 pinnacle 6b
2026-09-30T11:28:24Z,football_nfl,32669,2026-10-04T17:00:00Z,Buffalo Bills,New England Patriots,player_receptions,Romeo Doubs,3.5,Over,bovada,130,3.25,0.4489,pinnacle,8,101.5,False,ev +3.2 fair 0.449 pinnacle 8b
2026-09-30T11:28:24Z,football_nfl,32669,2026-10-04T17:00:00Z,Buffalo Bills,New England Patriots,player_receptions,Romeo Doubs,3.5,Over,draftkings,130,3.25,0.4489,pinnacle,8,101.5,False,ev +3.2 fair 0.449 pinnacle 8b
2026-09-30T14:18:14Z,football_nfl,32663,2026-10-02T00:15:00Z,Cleveland Browns,Pittsburgh Steelers,player_anytime_td,Jaylen Warren,0.5,Under,underdog,-108,5.0,0.5452,pinnacle,3,33.9,False,ev +5.0 fair 0.545 pinnacle 3b
2026-09-30T14:18:14Z,football_nfl,32663,2026-10-02T00:15:00Z,Cleveland Browns,Pittsburgh Steelers,player_receptions,Jaylen Warren,3.5,Over,kalshi,127,6.37,0.4686,pinnacle,11,33.9,False,ev +6.4 fair 0.469 pinnacle 11b
2026-09-30T14:18:14Z,football_nfl,32663,2026-10-02T00:15:00Z,Cleveland Browns,Pittsburgh Steelers,player_receptions,Roman Wilson,2.5,Over,kalshi,127,7.04,0.4716,pinnacle,11,33.9,False,ev +7.0 fair 0.472 pinnacle 11b
2026-09-30T14:18:14Z,football_nfl,32663,2026-10-02T00:15:00Z,Cleveland Browns,Pittsburgh Steelers,player_rush_yds,Aaron Rodgers,0.5,Under,fanduel,108,4.0,0.5,pinnacle,4,33.9,False,ev +4.0 fair 0.500 pinnacle 4b
2026-09-30T14:18:14Z,football_nfl,32669,2026-10-04T17:00:00Z,Buffalo Bills,New England Patriots,player_receptions,Romeo Doubs,3.5,Over,bovada,130,3.25,0.4489,pinnacle,9,98.7,False,ev +3.2 fair 0.449 pinnacle 9b
2026-09-30T16:18:25Z,football_nfl,32663,2026-10-02T00:15:00Z,Cleveland Browns,Pittsburgh Steelers,player_anytime_td,Jaylen Warren,0.5,Under,underdog,-108,5.0,0.5452,pinnacle,3,31.9,False,ev +5.0 fair 0.545 pinnacle 3b
2026-09-30T16:18:25Z,football_nfl,32663,2026-10-02T00:15:00Z,Cleveland Browns,Pittsburgh Steelers,player_field_goals_made,Chris Boswell,1.5,Under,hardrock,115,4.32,0.4852,pinnacle,4,31.9,True,ev +4.3 fair 0.485 pinnacle 4b
2026-09-30T16:18:25Z,football_nfl,32663,2026-10-02T00:15:00Z,Cleveland Browns,Pittsburgh Steelers,player_receptions,Jaylen Warren,3.5,Over,kalshi,122,4.03,0.4686,pinnacle,11,31.9,False,ev +4.0 fair 0.469 pinnacle 11b
2026-09-30T16:18:25Z,football_nfl,32663,2026-10-02T00:15:00Z,Cleveland Browns,Pittsburgh Steelers,player_receptions,Roman Wilson,2.5,Over,kalshi,156,3.5,0.4043,pinnacle,11,31.9,False,ev +3.5 fair 0.404 pinnacle 11b
2026-09-30T16:18:25Z,football_nfl,32674,2026-10-04T20:25:00Z,San Francisco 49ers,Denver Broncos,player_reception_yds,Christian McCaffrey,24.5,Under,hardrock,230,3.73,0.3143,kalshi,4,100.1,True,ev +3.7 fair 0.314 kalshi 4b
2026-09-30T16:18:25Z,football_nfl,32676,2026-10-05T00:20:00Z,Carolina Panthers,Detroit Lions,player_pass_completions,Jared Goff,23.5,Under,bovada,-105,3.92,0.5323,pinnacle,8,104.0,False,ev +3.9 fair 0.532 pinnacle 8b
2026-09-30T16:18:25Z,football_nfl,32676,2026-10-05T00:20:00Z,Carolina Panthers,Detroit Lions,player_pass_completions,Jared Goff,23.5,Under,draftkings,-105,3.92,0.5323,pinnacle,8,104.0,False,ev +3.9 fair 0.532 pinnacle 8b
2026-09-30T16:18:25Z,football_nfl,32677,2026-10-06T00:15:00Z,New Orleans Saints,Atlanta Falcons,player_receptions,Drake London,4.5,Under,hardrock,175,6.63,0.3878,pinnacle,4,127.9,True,ev +6.6 fair 0.388 pinnacle 4b
2026-09-30T16:50:03Z,football_nfl,32663,2026-10-02T00:15:00Z,Cleveland Browns,Pittsburgh Steelers,player_anytime_td,Jaylen Warren,0.5,Under,underdog,-108,5.0,0.5452,pinnacle,3,31.4,False,ev +5.0 fair 0.545 pinnacle 3b
2026-09-30T16:50:03Z,football_nfl,32663,2026-10-02T00:15:00Z,Cleveland Browns,Pittsburgh Steelers,player_field_goals_made,Chris Boswell,1.5,Under,hardrock,115,4.32,0.4852,pinnacle,4,31.4,True,ev +4.3 fair 0.485 pinnacle 4b
2026-09-30T16:50:03Z,football_nfl,32663,2026-10-02T00:15:00Z,Cleveland Browns,Pittsburgh Steelers,player_receptions,Jaylen Warren,3.5,Over,kalshi,122,4.03,0.4686,pinnacle,11,31.4,False,ev +4.0 fair 0.469 pinnacle 11b
2026-09-30T16:50:03Z,football_nfl,32663,2026-10-02T00:15:00Z,Cleveland Browns,Pittsburgh Steelers,player_receptions,Roman Wilson,2.5,Over,kalshi,163,6.33,0.4043,pinnacle,11,31.4,False,ev +6.3 fair 0.404 pinnacle 11b
2026-09-30T16:50:03Z,football_nfl,32674,2026-10-04T20:25:00Z,San Francisco 49ers,Denver Broncos,player_reception_yds,Christian McCaffrey,24.5,Under,hardrock,230,4.7,0.3173,kalshi,4,99.6,True,ev +4.7 fair 0.317 kalshi 4b
2026-09-30T16:50:03Z,football_nfl,32676,2026-10-05T00:20:00Z,Carolina Panthers,Detroit Lions,player_pass_completions,Jared Goff,23.5,Under,bovada,-105,3.92,0.5323,pinnacle,8,103.5,False,ev +3.9 fair 0.532 pinnacle 8b
2026-09-30T16:50:03Z,football_nfl,32676,2026-10-05T00:20:00Z,Carolina Panthers,Detroit Lions,player_pass_completions,Jared Goff,23.5,Under,draftkings,-105,3.92,0.5323,pinnacle,8,103.5,False,ev +3.9 fair 0.532 pinnacle 8b
2026-09-30T16:50:03Z,football_nfl,32677,2026-10-06T00:15:00Z,New Orleans Saints,Atlanta Falcons,player_receptions,Drake London,4.5,Under,hardrock,175,6.24,0.3863,pinnacle,4,127.4,True,ev +6.2 fair 0.386 pinnacle 4b
2026-09-30T17:06:11Z,football_nfl,32663,2026-10-02T00:15:00Z,Cleveland Browns,Pittsburgh Steelers,player_anytime_td,Jaylen Warren,0.5,Under,underdog,-108,5.0,0.5452,pinnacle,3,31.1,False,ev +5.0 fair 0.545 pinnacle 3b
2026-09-30T17:06:11Z,football_nfl,32663,2026-10-02T00:15:00Z,Cleveland Browns,Pittsburgh Steelers,player_field_goals_made,Chris Boswell,1.5,Under,hardrock,115,4.32,0.4852,pinnacle,4,31.1,True,ev +4.3 fair 0.485 pinnacle 4b
2026-09-30T17:06:11Z,football_nfl,32663,2026-10-02T00:15:00Z,Cleveland Browns,Pittsburgh Steelers,player_receptions,Jaylen Warren,3.5,Over,kalshi,122,4.03,0.4686,pinnacle,11,31.1,False,ev +4.0 fair 0.469 pinnacle 11b
2026-09-30T17:06:11Z,football_nfl,32663,2026-10-02T00:15:00Z,Cleveland Browns,Pittsburgh Steelers,player_receptions,Roman Wilson,2.5,Over,kalshi,163,6.33,0.4043,pinnacle,11,31.1,False,ev +6.3 fair 0.404 pinnacle 11b
2026-09-30T17:06:11Z,football_nfl,32666,2026-10-04T17:00:00Z,Houston Texans,Dallas Cowboys,player_rush_yds,David Montgomery,49.5,Under,hardrock,-115,4.5,0.5589,kalshi,5,95.9,True,ev +4.5 fair 0.559 kalshi 5b
2026-09-30T17:06:11Z,football_nfl,32674,2026-10-04T20:25:00Z,San Francisco 49ers,Denver Broncos,player_reception_yds,Christian McCaffrey,24.5,Under,hardrock,230,4.7,0.3173,kalshi,4,99.3,True,ev +4.7 fair 0.317 kalshi 4b
2026-09-30T17:06:11Z,football_nfl,32676,2026-10-05T00:20:00Z,Carolina Panthers,Detroit Lions,player_pass_completions,Jared Goff,23.5,Under,bovada,-105,3.92,0.5323,pinnacle,8,103.2,False,ev +3.9 fair 0.532 pinnacle 8b
2026-09-30T17:06:11Z,football_nfl,32676,2026-10-05T00:20:00Z,Carolina Panthers,Detroit Lions,player_pass_completions,Jared Goff,23.5,Under,draftkings,-105,3.92,0.5323,pinnacle,8,103.2,False,ev +3.9 fair 0.532 pinnacle 8b
2026-09-30T17:06:11Z,football_nfl,32677,2026-10-06T00:15:00Z,New Orleans Saints,Atlanta Falcons,player_receptions,Drake London,4.5,Under,hardrock,180,8.18,0.3863,pinnacle,4,127.1,True,ev +8.2 fair 0.386 pinnacle 4b
2026-09-30T17:32:40Z,football_nfl,32663,2026-10-02T00:15:00Z,Cleveland Browns,Pittsburgh Steelers,player_anytime_td,Jaylen Warren,0.5,Under,underdog,-108,5.0,0.5452,pinnacle,3,30.7,False,ev +5.0 fair 0.545 pinnacle 3b
2026-09-30T17:32:40Z,football_nfl,32663,2026-10-02T00:15:00Z,Cleveland Browns,Pittsburgh Steelers,player_field_goals_made,Chris Boswell,1.5,Under,hardrock,115,4.32,0.4852,pinnacle,4,30.7,True,ev +4.3 fair 0.485 pinnacle 4b
2026-09-30T17:32:40Z,football_nfl,32663,2026-10-02T00:15:00Z,Cleveland Browns,Pittsburgh Steelers,player_receptions,Jaylen Warren,3.5,Over,kalshi,122,4.03,0.4686,pinnacle,11,30.7,False,ev +4.0 fair 0.469 pinnacle 11b
2026-09-30T17:32:40Z,football_nfl,32663,2026-10-02T00:15:00Z,Cleveland Browns,Pittsburgh Steelers,player_receptions,Roman Wilson,2.5,Over,kalshi,170,9.16,0.4043,pinnacle,11,30.7,False,ev +9.2 fair 0.404 pinnacle 11b
2026-09-30T17:32:40Z,football_nfl,24886,2026-10-04T13:30:00Z,Washington Commanders,Indianapolis Colts,player_pass_yds,Marcus Mariota,174.5,Under,hardrock,225,4.28,0.3209,kalshi,4,92.0,True,ev +4.3 fair 0.321 kalshi 4b
2026-09-30T17:32:40Z,football_nfl,32677,2026-10-06T00:15:00Z,New Orleans Saints,Atlanta Falcons,player_receptions,Austin Hooper,1.5,Over,draftkings,124,3.68,0.4629,pinnacle,8,126.7,False,ev +3.7 fair 0.463 pinnacle 8b
2026-09-30T17:32:40Z,football_nfl,32677,2026-10-06T00:15:00Z,New Orleans Saints,Atlanta Falcons,player_receptions,Drake London,4.5,Under,hardrock,180,8.18,0.3863,pinnacle,4,126.7,True,ev +8.2 fair 0.386 pinnacle 4b
2026-09-30T21:04:12Z,football_nfl,32663,2026-10-02T00:15:00Z,Cleveland Browns,Pittsburgh Steelers,player_receptions,Jaylen Warren,3.5,Over,kalshi,122,4.03,0.4686,pinnacle,13,27.2,False,ev +4.0 fair 0.469 pinnacle 13b
2026-09-30T21:04:12Z,football_nfl,24886,2026-10-04T13:30:00Z,Washington Commanders,Indianapolis Colts,player_rush_yds,Jacory Croskey-Merritt,39.5,Under,hardrock,220,3.63,0.3239,kalshi,4,88.4,True,ev +3.6 fair 0.324 kalshi 4b
2026-09-30T21:04:12Z,football_nfl,32668,2026-10-04T17:00:00Z,New York Giants,Arizona Cardinals,player_rush_yds,Cam Skattebo,49.5,Over,underdog,-112,25.04,0.6606,kalshi,4,91.9,False,ev +25.0 fair 0.661 kalshi 4b
2026-09-30T21:04:12Z,football_nfl,32674,2026-10-04T20:25:00Z,San Francisco 49ers,Denver Broncos,player_rush_yds,Bo Nix,19.5,Over,kalshi,113,6.07,0.498,pinnacle,3,95.3,False,ev +6.1 fair 0.498 pinnacle 3b
2026-09-30T21:04:12Z,football_nfl,32677,2026-10-06T00:15:00Z,New Orleans Saints,Atlanta Falcons,player_receptions,Austin Hooper,1.5,Over,draftkings,124,3.68,0.4629,pinnacle,8,123.2,False,ev +3.7 fair 0.463 pinnacle 8b
2026-09-30T21:04:12Z,football_nfl,32677,2026-10-06T00:15:00Z,New Orleans Saints,Atlanta Falcons,player_receptions,Drake London,4.5,Under,hardrock,185,9.59,0.3845,pinnacle,4,123.2,True,ev +9.6 fair 0.385 pinnacle 4b
2026-09-30T21:12:13Z,football_nfl,32663,2026-10-02T00:15:00Z,Cleveland Browns,Pittsburgh Steelers,player_receptions,Jaylen Warren,3.5,Over,kalshi,122,4.03,0.4686,pinnacle,11,27.0,False,ev +4.0 fair 0.469 pinnacle 11b
2026-09-30T21:12:13Z,football_nfl,24886,2026-10-04T13:30:00Z,Washington Commanders,Indianapolis Colts,player_rush_yds,Jacory Croskey-Merritt,39.5,Under,hardrock,220,3.63,0.3239,kalshi,4,88.3,True,ev +3.6 fair 0.324 kalshi 4b
2026-09-30T21:12:13Z,football_nfl,32668,2026-10-04T17:00:00Z,New York Giants,Arizona Cardinals,player_rush_yds,Cam Skattebo,49.5,Over,underdog,-112,25.04,0.6606,kalshi,4,91.8,False,ev +25.0 fair 0.661 kalshi 4b
2026-09-30T21:12:13Z,football_nfl,32674,2026-10-04T20:25:00Z,San Francisco 49ers,Denver Broncos,player_rush_yds,Bo Nix,19.5,Over,kalshi,113,6.07,0.498,pinnacle,3,95.2,False,ev +6.1 fair 0.498 pinnacle 3b
2026-09-30T21:12:13Z,football_nfl,32677,2026-10-06T00:15:00Z,New Orleans Saints,Atlanta Falcons,player_receptions,Austin Hooper,1.5,Over,draftkings,124,3.68,0.4629,pinnacle,8,123.0,False,ev +3.7 fair 0.463 pinnacle 8b
2026-09-30T21:12:13Z,football_nfl,32677,2026-10-06T00:15:00Z,New Orleans Saints,Atlanta Falcons,player_receptions,Drake London,4.5,Under,hardrock,185,9.59,0.3845,pinnacle,4,123.0,True,ev +9.6 fair 0.385 pinnacle 4b
2026-09-30T21:35:40Z,football_nfl,32663,2026-10-02T00:15:00Z,Cleveland Browns,Pittsburgh Steelers,player_receptions,Jaylen Warren,3.5,Over,kalshi,122,4.03,0.4686,pinnacle,13,26.7,False,ev +4.0 fair 0.469 pinnacle 13b
2026-09-30T21:35:40Z,football_nfl,24886,2026-10-04T13:30:00Z,Washington Commanders,Indianapolis Colts,player_rush_yds,Jacory Croskey-Merritt,39.5,Under,hardrock,220,5.58,0.3299,kalshi,4,87.9,True,ev +5.6 fair 0.330 kalshi 4b
2026-09-30T21:35:40Z,football_nfl,32668,2026-10-04T17:00:00Z,New York Giants,Arizona Cardinals,player_rush_yds,Cam Skattebo,49.5,Over,underdog,-112,25.65,0.6638,kalshi,4,91.4,False,ev +25.6 fair 0.664 kalshi 4b
2026-09-30T21:35:40Z,football_nfl,32666,2026-10-04T17:00:00Z,Houston Texans,Dallas Cowboys,player_receptions,Woody Marks,1.5,Under,draftkings,138,3.89,0.4365,pinnacle,9,91.4,False,ev +3.9 fair 0.436 pinnacle 9b
2026-09-30T21:35:40Z,football_nfl,32674,2026-10-04T20:25:00Z,San Francisco 49ers,Denver Broncos,player_rush_yds,Bo Nix,19.5,Over,kalshi,113,6.07,0.498,pinnacle,3,94.8,False,ev +6.1 fair 0.498 pinnacle 3b
2026-09-30T21:35:40Z,football_nfl,32677,2026-10-06T00:15:00Z,New Orleans Saints,Atlanta Falcons,player_receptions,Austin Hooper,1.5,Over,draftkings,124,3.68,0.4629,pinnacle,8,122.7,False,ev +3.7 fair 0.463 pinnacle 8b
2026-09-30T21:35:40Z,football_nfl,32677,2026-10-06T00:15:00Z,New Orleans Saints,Atlanta Falcons,player_receptions,Drake London,4.5,Under,hardrock,185,9.59,0.3845,pinnacle,4,122.7,True,ev +9.6 fair 0.385 pinnacle 4b
2026-10-01T02:45:37Z,football_nfl,32663,2026-10-02T00:15:00Z,Cleveland Browns,Pittsburgh Steelers,player_receptions,DK Metcalf,3.5,Under,kalshi,113,3.15,0.4843,pinnacle,12,21.5,False,ev +3.1 fair 0.484 pinnacle 12b
2026-10-01T02:45:37Z,football_nfl,32663,2026-10-02T00:15:00Z,Cleveland Browns,Pittsburgh Steelers,player_receptions,Darnell Washington,1.5,Over,kalshi,-150,5.52,0.6331,pinnacle,8,21.5,False,ev +5.5 fair 0.633 pinnacle 8b
2026-10-01T02:45:37Z,football_nfl,24886,2026-10-04T13:30:00Z,Washington Commanders,Indianapolis Colts,player_rush_yds,Jacory Croskey-Merritt,39.5,Under,hardrock,220,5.58,0.3299,kalshi,4,82.7,True,ev +5.6 fair 0.330 kalshi 4b
2026-10-01T02:45:37Z,football_nfl,32670,2026-10-04T17:00:00Z,Cincinnati Bengals,Jacksonville Jaguars,player_reception_yds,Ja'Marr Chase,78.5,Over,underdog,-112,5.85,0.5592,pinnacle,7,86.2,False,ev +5.8 fair 0.559 pinnacle 7b
2026-10-01T02:45:37Z,football_nfl,32670,2026-10-04T17:00:00Z,Cincinnati Bengals,Jacksonville Jaguars,player_reception_yds,Ja'Marr Chase,78.5,Over,fanduel,-114,4.97,0.5592,pinnacle,7,86.2,False,ev +5.0 fair 0.559 pinnacle 7b
2026-10-01T02:45:37Z,football_nfl,32668,2026-10-04T17:00:00Z,New York Giants,Arizona Cardinals,player_rush_yds,Cam Skattebo,49.5,Over,underdog,-112,25.04,0.6606,kalshi,4,86.2,False,ev +25.0 fair 0.661 kalshi 4b
2026-10-01T02:45:37Z,football_nfl,32674,2026-10-04T20:25:00Z,San Francisco 49ers,Denver Broncos,player_rush_yds,Bo Nix,19.5,Over,kalshi,113,6.07,0.498,pinnacle,4,89.7,False,ev +6.1 fair 0.498 pinnacle 4b
2026-10-01T02:45:37Z,football_nfl,32677,2026-10-06T00:15:00Z,New Orleans Saints,Atlanta Falcons,player_reception_yds,Austin Hooper,14.5,Over,kalshi,122,5.84,0.4768,pinnacle,4,117.5,False,ev +5.8 fair 0.477 pinnacle 4b
2026-10-01T02:45:37Z,football_nfl,32677,2026-10-06T00:15:00Z,New Orleans Saints,Atlanta Falcons,player_receptions,Drake London,4.5,Under,hardrock,185,4.96,0.3683,pinnacle,4,117.5,True,ev +5.0 fair 0.368 pinnacle 4b
2026-10-01T02:45:37Z,football_nfl,32677,2026-10-06T00:15:00Z,New Orleans Saints,Atlanta Falcons,player_rush_yds,Kendre Miller,24.5,Over,hardrock,120,4.59,0.4754,kalshi,5,117.5,True,ev +4.6 fair 0.475 kalshi 5b
2026-10-01T11:56:30Z,football_nfl,32663,2026-10-02T00:15:00Z,Cleveland Browns,Pittsburgh Steelers,player_receptions,Darnell Washington,1.5,Over,kalshi,-150,3.03,0.6182,pinnacle,7,12.3,False,ev +3.0 fair 0.618 pinnacle 7b
2026-10-01T11:56:30Z,football_nfl,32663,2026-10-02T00:15:00Z,Cleveland Browns,Pittsburgh Steelers,player_receptions,Pat Freiermuth,3.5,Over,kalshi,127,6.37,0.4686,pinnacle,14,12.3,False,ev +6.4 fair 0.469 pinnacle 14b
2026-10-01T11:56:30Z,football_nfl,24886,2026-10-04T13:30:00Z,Washington Commanders,Indianapolis Colts,player_rush_yds,Jacory Croskey-Merritt,39.5,Under,hardrock,220,6.62,0.3332,kalshi,4,73.6,True,ev +6.6 fair 0.333 kalshi 4b
2026-10-01T11:56:30Z,football_nfl,32671,2026-10-04T17:00:00Z,Philadelphia Eagles,Los Angeles Rams,player_reception_yds,Dontayvion Wicks,24.5,Under,hardrock,210,3.31,0.3333,kalshi,4,77.1,True,ev +3.3 fair 0.333 kalshi 4b
2026-10-01T11:56:30Z,football_nfl,32671,2026-10-04T17:00:00Z,Philadelphia Eagles,Los Angeles Rams,player_rush_yds,Matthew Stafford,1.5,Over,fanduel,108,4.0,0.5,bovada,5,77.1,False,ev +4.0 fair 0.500 bovada 5b
2026-10-01T11:56:30Z,football_nfl,32665,2026-10-04T17:00:00Z,Baltimore Ravens,Tennessee Titans,player_pass_attempts,Cam Ward,33.5,Under,underdog,-103,3.29,0.5241,pinnacle,5,77.1,False,ev +3.3 fair 0.524 pinnacle 5b
2026-10-01T11:56:30Z,football_nfl,32665,2026-10-04T17:00:00Z,Baltimore Ravens,Tennessee Titans,player_pass_completions,Lamar Jackson,18.5,Over,underdog,-102,6.53,0.5379,pinnacle,9,77.1,False,ev +6.5 fair 0.538 pinnacle 9b
2026-10-01T11:56:30Z,football_nfl,32665,2026-10-04T17:00:00Z,Baltimore Ravens,Tennessee Titans,player_pass_completions,Lamar Jackson,18.5,Over,draftkings,-103,6.01,0.5379,pinnacle,9,77.1,False,ev +6.0 fair 0.538 pinnacle 9b
2026-10-01T11:56:30Z,football_nfl,32665,2026-10-04T17:00:00Z,Baltimore Ravens,Tennessee Titans,player_pass_completions,Lamar Jackson,18.5,Over,bovada,-105,5.02,0.5379,pinnacle,9,77.1,False,ev +5.0 fair 0.538 pinnacle 9b
2026-10-01T11:56:30Z,football_nfl,32667,2026-10-04T17:00:00Z,Chicago Bears,New York Jets,player_pass_completions,Geno Smith,21.5,Over,draftkings,102,3.87,0.5142,pinnacle,7,77.1,False,ev +3.9 fair 0.514 pinnacle 7b
2026-10-01T11:56:30Z,football_nfl,32668,2026-10-04T17:00:00Z,New York Giants,Arizona Cardinals,player_rush_yds,Cam Skattebo,49.5,Over,underdog,-112,25.04,0.6606,kalshi,4,77.1,False,ev +25.0 fair 0.661 kalshi 4b
2026-10-01T11:56:30Z,football_nfl,32666,2026-10-04T17:00:00Z,Houston Texans,Dallas Cowboys,player_receptions,Kayshon Boutte,1.5,Over,hardrock,-150,4.17,0.625,bovada,6,77.1,True,ev +4.2 fair 0.625 bovada 6b
2026-10-01T11:56:30Z,football_nfl,32669,2026-10-04T17:00:00Z,Buffalo Bills,New England Patriots,player_receptions,Romeo Doubs,3.5,Over,bovada,130,3.25,0.4489,pinnacle,10,77.1,False,ev +3.2 fair 0.449 pinnacle 10b
2026-10-01T11:56:30Z,football_nfl,32672,2026-10-04T20:05:00Z,Minnesota Vikings,Miami Dolphins,player_rush_yds,Ollie Gordon II,24.5,Over,hardrock,-120,5.72,0.5766,kalshi,4,80.1,True,ev +5.7 fair 0.577 kalshi 4b
2026-10-01T11:56:30Z,football_nfl,32672,2026-10-04T20:05:00Z,Minnesota Vikings,Miami Dolphins,player_rush_yds,Ollie Gordon II,39.5,Over,hardrock,240,17.57,0.3458,kalshi,4,80.1,True,ev +17.6 fair 0.346 kalshi 4b
2026-10-01T11:56:30Z,football_nfl,32674,2026-10-04T20:25:00Z,San Francisco 49ers,Denver Broncos,player_rush_yds,Bo Nix,19.5,Over,kalshi,113,6.07,0.498,pinnacle,4,80.5,False,ev +6.1 fair 0.498 pinnacle 4b
2026-10-01T11:56:30Z,football_nfl,32676,2026-10-05T00:20:00Z,Carolina Panthers,Detroit Lions,player_pass_completions,Jared Goff,23.5,Under,underdog,100,6.45,0.5323,pinnacle,8,84.4,False,ev +6.5 fair 0.532 pinnacle 8b
2026-10-01T11:56:30Z,football_nfl,32677,2026-10-06T00:15:00Z,New Orleans Saints,Atlanta Falcons,player_reception_yds,Austin Hooper,14.5,Over,kalshi,138,4.48,0.439,pinnacle,3,108.3,False,ev +4.5 fair 0.439 pinnacle 3b
2026-10-01T11:56:30Z,football_nfl,32677,2026-10-06T00:15:00Z,New Orleans Saints,Atlanta Falcons,player_receptions,Drake London,4.5,Under,hardrock,185,4.96,0.3683,pinnacle,4,108.3,True,ev +5.0 fair 0.368 pinnacle 4b
2026-10-01T11:56:30Z,football_nfl,32677,2026-10-06T00:15:00Z,New Orleans Saints,Atlanta Falcons,player_rush_yds,Kendre Miller,19.5,Under,kalshi,138,6.84,0.4489,pinnacle,4,108.3,False,ev +6.8 fair 0.449 pinnacle 4b
2026-10-01T11:56:30Z,football_nfl,32677,2026-10-06T00:15:00Z,New Orleans Saints,Atlanta Falcons,player_rush_yds,Kendre Miller,24.5,Over,hardrock,120,7.92,0.4906,kalshi,7,108.3,True,ev +7.9 fair 0.491 kalshi 7b
2026-10-01T17:45:32Z,football_nfl,32663,2026-10-02T00:15:00Z,Cleveland Browns,Pittsburgh Steelers,player_receptions,Jaylen Warren,4.5,Over,hardrock,240,4.29,0.3067,kalshi,4,6.5,True,ev +4.3 fair 0.307 kalshi 4b
2026-10-01T17:45:32Z,football_nfl,32663,2026-10-02T00:15:00Z,Cleveland Browns,Pittsburgh Steelers,player_receptions,Jerry Jeudy,1.5,Over,kalshi,127,3.69,0.4568,pinnacle,12,6.5,False,ev +3.7 fair 0.457 pinnacle 12b
2026-10-01T17:45:32Z,football_nfl,32663,2026-10-02T00:15:00Z,Cleveland Browns,Pittsburgh Steelers,player_receptions,Roman Wilson,2.5,Over,kalshi,156,3.93,0.406,pinnacle,14,6.5,False,ev +3.9 fair 0.406 pinnacle 14b
2026-10-01T17:45:32Z,football_nfl,24886,2026-10-04T13:30:00Z,Washington Commanders,Indianapolis Colts,player_receptions,Terry McLaurin,3.5,Under,hardrock,170,8.06,0.4002,kalshi,4,67.7,True,ev +8.1 fair 0.400 kalshi 4b
2026-10-01T17:45:32Z,football_nfl,24886,2026-10-04T13:30:00Z,Washington Commanders,Indianapolis Colts,player_receptions,Terry McLaurin,4.5,Over,kalshi,127,3.99,0.4581,pinnacle,11,67.7,False,ev +4.0 fair 0.458 pinnacle 11b
2026-10-01T17:45:32Z,football_nfl,24886,2026-10-04T13:30:00Z,Washington Commanders,Indianapolis Colts,player_rush_yds,Marcus Mariota,24.5,Under,hardrock,110,5.0,0.5,kalshi,4,67.7,True,ev +5.0 fair 0.500 kalshi 4b
2026-10-01T17:45:32Z,football_nfl,32670,2026-10-04T17:00:00Z,Cincinnati Bengals,Jacksonville Jaguars,player_receptions,Chase Brown,2.5,Under,hardrock,180,7.92,0.3854,kalshi,4,71.2,True,ev +7.9 fair 0.385 kalshi 4b
2026-10-01T17:45:32Z,football_nfl,32670,2026-10-04T17:00:00Z,Cincinnati Bengals,Jacksonville Jaguars,player_receptions,Drew Sample,1.5,Over,kalshi,138,3.05,0.433,pinnacle,10,71.2,False,ev +3.0 fair 0.433 pinnacle 10b
2026-10-01T17:45:32Z,football_nfl,32664,2026-10-04T17:00:00Z,Tampa Bay Buccaneers,Green Bay Packers,player_receptions,Jonnu Smith,1.5,Over,kalshi,163,4.63,0.3978,pinnacle,9,71.2,False,ev +4.6 fair 0.398 pinnacle 9b
2026-10-01T17:45:32Z,football_nfl,32664,2026-10-04T17:00:00Z,Tampa Bay Buccaneers,Green Bay Packers,player_rush_attempts,Kaleb Johnson,8.5,Over,underdog,-104,8.47,0.553,pinnacle,7,71.2,False,ev +8.5 fair 0.553 pinnacle 7b
2026-10-01T17:45:32Z,football_nfl,32664,2026-10-04T17:00:00Z,Tampa Bay Buccaneers,Green Bay Packers,player_rush_attempts,Kaleb Johnson,8.5,Over,draftkings,-115,3.38,0.553,pinnacle,7,71.2,False,ev +3.4 fair 0.553 pinnacle 7b
2026-10-01T17:45:32Z,football_nfl,32671,2026-10-04T17:00:00Z,Philadelphia Eagles,Los Angeles Rams,player_pass_tds,Matthew Stafford,1.5,Under,kalshi,104,4.06,0.5101,pinnacle,10,71.2,False,ev +4.1 fair 0.510 pinnacle 10b
2026-10-01T17:45:32Z,football_nfl,32671,2026-10-04T17:00:00Z,Philadelphia Eagles,Los Angeles Rams,player_reception_yds,Davante Adams,49.5,Under,hardrock,225,12.57,0.3464,kalshi,4,71.2,True,ev +12.6 fair 0.346 kalshi 4b
2026-10-01T17:45:32Z,football_nfl,32671,2026-10-04T17:00:00Z,Philadelphia Eagles,Los Angeles Rams,player_reception_yds,Davante Adams,79.5,Under,hardrock,-145,7.66,0.6371,kalshi,4,71.2,True,ev +7.7 fair 0.637 kalshi 4b
2026-10-01T17:45:32Z,football_nfl,32671,2026-10-04T17:00:00Z,Philadelphia Eagles,Los Angeles Rams,player_receptions,Davante Adams,4.5,Under,hardrock,125,3.25,0.4589,pinnacle,10,71.2,True,ev +3.2 fair 0.459 pinnacle 10b
2026-10-01T17:45:32Z,football_nfl,32671,2026-10-04T17:00:00Z,Philadelphia Eagles,Los Angeles Rams,player_receptions,Johnny Mundt,1.5,Over,kalshi,170,3.45,0.3831,pinnacle,8,71.2,False,ev +3.5 fair 0.383 pinnacle 8b
2026-10-01T17:45:32Z,football_nfl,32671,2026-10-04T17:00:00Z,Philadelphia Eagles,Los Angeles Rams,player_rush_attempts,Saquon Barkley,17.5,Under,draftkings,-108,5.12,0.5458,pinnacle,7,71.2,False,ev +5.1 fair 0.546 pinnacle 7b
2026-10-01T17:45:32Z,football_nfl,32665,2026-10-04T17:00:00Z,Baltimore Ravens,Tennessee Titans,player_pass_attempts,Cam Ward,33.5,Under,underdog,-103,3.29,0.5241,pinnacle,5,71.2,False,ev +3.3 fair 0.524 pinnacle 5b
2026-10-01T17:45:32Z,football_nfl,32665,2026-10-04T17:00:00Z,Baltimore Ravens,Tennessee Titans,player_receptions,Calvin Ridley,1.5,Over,kalshi,212,3.51,0.3318,pinnacle,7,71.2,False,ev +3.5 fair 0.332 pinnacle 7b
2026-10-01T17:45:32Z,football_nfl,32665,2026-10-04T17:00:00Z,Baltimore Ravens,Tennessee Titans,player_receptions,Elic Ayomanor,1.5,Under,kalshi,138,3.05,0.433,pinnacle,11,71.2,False,ev +3.0 fair 0.433 pinnacle 11b
2026-10-01T17:45:32Z,football_nfl,32665,2026-10-04T17:00:00Z,Baltimore Ravens,Tennessee Titans,player_receptions,Gunnar Helm,2.5,Over,kalshi,-117,6.04,0.5717,pinnacle,11,71.2,False,ev +6.0 fair 0.572 pinnacle 11b
2026-10-01T17:45:32Z,football_nfl,32667,2026-10-04T17:00:00Z,Chicago Bears,New York Jets,player_reception_yds,Garrett Wilson,49.5,Under,hardrock,275,14.88,0.3064,kalshi,4,71.2,True,ev +14.9 fair 0.306 kalshi 4b
2026-10-01T17:45:32Z,football_nfl,32667,2026-10-04T17:00:00Z,Chicago Bears,New York Jets,player_receptions,Kyle Monangai,1.5,Over,kalshi,186,7.25,0.375,bovada,6,71.2,False,ev +7.2 fair 0.375 bovada 6b
2026-10-01T17:45:32Z,football_nfl,32667,2026-10-04T17:00:00Z,Chicago Bears,New York Jets,player_receptions,Rome Odunze,2.5,Over,hardrock,105,5.41,0.5142,pinnacle,11,71.2,True,ev +5.4 fair 0.514 pinnacle 11b
2026-10-01T17:45:32Z,football_nfl,32668,2026-10-04T17:00:00Z,New York Giants,Arizona Cardinals,player_receptions,Jeremiyah Love,2.5,Under,hardrock,130,5.37,0.4581,kalshi,4,71.2,True,ev +5.4 fair 0.458 kalshi 4b
2026-10-01T17:45:32Z,football_nfl,32668,2026-10-04T17:00:00Z,New York Giants,Arizona Cardinals,player_receptions,Trey McBride,5.5,Under,hardrock,225,7.31,0.3302,kalshi,4,71.2,True,ev +7.3 fair 0.330 kalshi 4b
2026-10-01T17:45:32Z,football_nfl,32668,2026-10-04T17:00:00Z,New York Giants,Arizona Cardinals,player_receptions,Trey McBride,6.5,Under,hardrock,130,4.36,0.4537,kalshi,4,71.2,True,ev +4.4 fair 0.454 kalshi 4b
2026-10-01T17:45:32Z,football_nfl,32668,2026-10-04T17:00:00Z,New York Giants,Arizona Cardinals,player_receptions,Trey McBride,7.5,Over,kalshi,138,3.62,0.4354,pinnacle,10,71.2,False,ev +3.6 fair 0.435 pinnacle 10b
2026-10-01T17:45:32Z,football_nfl,32666,2026-10-04T17:00:00Z,Houston Texans,Dallas Cowboys,player_receptions,Dalton Schultz,4.5,Over,kalshi,-104,3.03,0.5253,pinnacle,11,71.2,False,ev +3.0 fair 0.525 pinnacle 11b
2026-10-01T17:45:32Z,football_nfl,32666,2026-10-04T17:00:00Z,Houston Texans,Dallas Cowboys,player_receptions,Kayshon Boutte,1.5,Under,bovada,145,8.05,0.441,kalshi,7,71.2,False,ev +8.1 fair 0.441 kalshi 7b
2026-10-01T17:45:32Z,football_nfl,32666,2026-10-04T17:00:00Z,Houston Texans,Dallas Cowboys,player_receptions,Kayshon Boutte,1.5,Under,draftkings,144,7.61,0.441,kalshi,7,71.2,False,ev +7.6 fair 0.441 kalshi 7b
2026-10-01T17:45:32Z,football_nfl,32669,2026-10-04T17:00:00Z,Buffalo Bills,New England Patriots,player_receptions,Hunter Henry,3.5,Over,kalshi,113,3.48,0.4858,pinnacle,11,71.2,False,ev +3.5 fair 0.486 pinnacle 11b
2026-10-01T17:45:32Z,football_nfl,32669,2026-10-04T17:00:00Z,Buffalo Bills,New England Patriots,player_receptions,Romeo Doubs,3.5,Over,kalshi,133,4.6,0.4489,pinnacle,11,71.2,False,ev +4.6 fair 0.449 pinnacle 11b
2026-10-01T17:45:32Z,football_nfl,32672,2026-10-04T20:05:00Z,Minnesota Vikings,Miami Dolphins,player_pass_tds,Malik Willis,0.5,Under,draftkings,-108,3.6,0.5379,pinnacle,9,74.3,False,ev +3.6 fair 0.538 pinnacle 9b
2026-10-01T17:45:32Z,football_nfl,32675,2026-10-04T20:25:00Z,Las Vegas Raiders,Kansas City Chiefs,player_pass_tds,Patrick Mahomes,1.5,Under,kalshi,117,3.02,0.4747,pinnacle,11,74.7,False,ev +3.0 fair 0.475 pinnacle 11b
2026-10-01T17:45:32Z,football_nfl,32675,2026-10-04T20:25:00Z,Las Vegas Raiders,Kansas City Chiefs,player_reception_yds,Jalen Nailor,19.5,Under,kalshi,108,4.0,0.5,pinnacle,12,74.7,False,ev +4.0 fair 0.500 pinnacle 12b
2026-10-01T17:45:32Z,football_nfl,32675,2026-10-04T20:25:00Z,Las Vegas Raiders,Kansas City Chiefs,player_receptions,Tyquan Thornton,1.5,Over,hardrock,120,3.81,0.4718,pinnacle,10,74.7,True,ev +3.8 fair 0.472 pinnacle 10b
2026-10-01T17:45:32Z,football_nfl,32676,2026-10-05T00:20:00Z,Carolina Panthers,Detroit Lions,player_pass_completions,Jared Goff,23.5,Under,underdog,-103,4.9,0.5323,pinnacle,8,78.6,False,ev +4.9 fair 0.532 pinnacle 8b
2026-10-01T17:45:32Z,football_nfl,32676,2026-10-05T00:20:00Z,Carolina Panthers,Detroit Lions,player_reception_yds,Tetairoa McMillan,39.5,Under,hardrock,325,29.26,0.3041,kalshi,4,78.6,True,ev +29.3 fair 0.304 kalshi 4b
2026-10-01T17:45:32Z,football_nfl,32677,2026-10-06T00:15:00Z,New Orleans Saints,Atlanta Falcons,player_receptions,Austin Hooper,1.5,Under,hardrock,-150,5.83,0.635,pinnacle,9,102.5,True,ev +5.8 fair 0.635 pinnacle 9b
2026-10-01T22:04:24Z,football_nfl,32663,2026-10-02T00:15:00Z,Cleveland Browns,Pittsburgh Steelers,player_receptions,Jaylen Warren,4.5,Over,hardrock,240,4.29,0.3067,kalshi,4,2.2,True,ev +4.3 fair 0.307 kalshi 4b
2026-10-01T22:04:24Z,football_nfl,32663,2026-10-02T00:15:00Z,Cleveland Browns,Pittsburgh Steelers,player_receptions,Jerry Jeudy,1.5,Over,kalshi,127,3.69,0.4568,pinnacle,12,2.2,False,ev +3.7 fair 0.457 pinnacle 12b
2026-10-01T22:04:24Z,football_nfl,32663,2026-10-02T00:15:00Z,Cleveland Browns,Pittsburgh Steelers,player_receptions,Pat Freiermuth,3.5,Over,kalshi,150,3.8,0.4152,pinnacle,14,2.2,False,ev +3.8 fair 0.415 pinnacle 14b
2026-10-01T22:04:24Z,football_nfl,24886,2026-10-04T13:30:00Z,Washington Commanders,Indianapolis Colts,player_pass_tds,Daniel Jones,1.5,Under,kalshi,-108,3.06,0.5351,pinnacle,11,63.4,False,ev +3.1 fair 0.535 pinnacle 11b
2026-10-01T22:04:24Z,football_nfl,24886,2026-10-04T13:30:00Z,Washington Commanders,Indianapolis Colts,player_pass_tds,Daniel Jones,1.5,Under,draftkings,-108,3.06,0.5351,pinnacle,11,63.4,False,ev +3.1 fair 0.535 pinnacle 11b
2026-10-01T22:04:24Z,football_nfl,24886,2026-10-04T13:30:00Z,Washington Commanders,Indianapolis Colts,player_receptions,Terry McLaurin,3.5,Under,hardrock,170,8.06,0.4002,kalshi,4,63.4,True,ev +8.1 fair 0.400 kalshi 4b
2026-10-01T22:04:24Z,football_nfl,24886,2026-10-04T13:30:00Z,Washington Commanders,Indianapolis Colts,player_receptions,Terry McLaurin,4.5,Over,kalshi,138,9.03,0.4581,pinnacle,11,63.4,False,ev +9.0 fair 0.458 pinnacle 11b
2026-10-01T22:04:24Z,football_nfl,24886,2026-10-04T13:30:00Z,Washington Commanders,Indianapolis Colts,player_rush_yds,Jacory Croskey-Merritt,79.5,Over,hardrock,250,8.84,0.311,kalshi,4,63.4,True,ev +8.8 fair 0.311 kalshi 4b
2026-10-01T22:04:24Z,football_nfl,24886,2026-10-04T13:30:00Z,Washington Commanders,Indianapolis Colts,player_rush_yds,Marcus Mariota,24.5,Under,hardrock,110,3.98,0.4951,kalshi,4,63.4,True,ev +4.0 fair 0.495 kalshi 4b
2026-10-01T22:04:24Z,football_nfl,32670,2026-10-04T17:00:00Z,Cincinnati Bengals,Jacksonville Jaguars,player_receptions,Dohnte Meyers,1.5,Under,hardrock,160,4.55,0.4021,kalshi,4,66.9,True,ev +4.5 fair 0.402 kalshi 4b
2026-10-01T22:04:24Z,football_nfl,32670,2026-10-04T17:00:00Z,Cincinnati Bengals,Jacksonville Jaguars,player_receptions,Drew Sample,1.5,Over,kalshi,138,3.05,0.433,pinnacle,10,66.9,False,ev +3.0 fair 0.433 pinnacle 10b
2026-10-01T22:04:24Z,football_nfl,32664,2026-10-04T17:00:00Z,Tampa Bay Buccaneers,Green Bay Packers,player_receptions,Jonnu Smith,1.5,Over,kalshi,170,7.41,0.3978,pinnacle,9,66.9,False,ev +7.4 fair 0.398 pinnacle 9b
2026-10-01T22:04:24Z,football_nfl,32664,2026-10-04T17:00:00Z,Tampa Bay Buccaneers,Green Bay Packers,player_rush_attempts,Kaleb Johnson,8.5,Over,draftkings,-111,5.11,0.553,pinnacle,7,66.9,False,ev +5.1 fair 0.553 pinnacle 7b
2026-10-01T22:04:24Z,football_nfl,32664,2026-10-04T17:00:00Z,Tampa Bay Buccaneers,Green Bay Packers,player_rush_attempts,Kaleb Johnson,8.5,Over,underdog,-112,4.67,0.553,pinnacle,7,66.9,False,ev +4.7 fair 0.553 pinnacle 7b
2026-10-01T22:04:24Z,football_nfl,32664,2026-10-04T17:00:00Z,Tampa Bay Buccaneers,Green Bay Packers,player_rush_yds,Bucky Irving,49.5,Under,hardrock,150,9.3,0.4372,kalshi,4,66.9,True,ev +9.3 fair 0.437 kalshi 4b
2026-10-01T22:04:24Z,football_nfl,32671,2026-10-04T17:00:00Z,Philadelphia Eagles,Los Angeles Rams,player_pass_tds,Matthew Stafford,1.5,Under,kalshi,104,4.06,0.5101,pinnacle,11,66.9,False,ev +4.1 fair 0.510 pinnacle 11b
2026-10-01T22:04:24Z,football_nfl,32671,2026-10-04T17:00:00Z,Philadelphia Eagles,Los Angeles Rams,player_reception_yds,Davante Adams,49.5,Under,hardrock,225,13.54,0.3493,kalshi,4,66.9,True,ev +13.5 fair 0.349 kalshi 4b
2026-10-01T22:04:24Z,football_nfl,32671,2026-10-04T17:00:00Z,Philadelphia Eagles,Los Angeles Rams,player_reception_yds,Davante Adams,79.5,Under,hardrock,-145,7.05,0.6335,kalshi,4,66.9,True,ev +7.0 fair 0.633 kalshi 4b
2026-10-01T22:04:24Z,football_nfl,32671,2026-10-04T17:00:00Z,Philadelphia Eagles,Los Angeles Rams,player_receptions,Dontayvion Wicks,3.5,Under,draftkings,-129,3.49,0.583,pinnacle,10,66.9,False,ev +3.5 fair 0.583 pinnacle 10b
2026-10-01T22:04:24Z,football_nfl,32671,2026-10-04T17:00:00Z,Philadelphia Eagles,Los Angeles Rams,player_receptions,Dontayvion Wicks,3.5,Under,bovada,-130,3.14,0.583,pinnacle,10,66.9,False,ev +3.1 fair 0.583 pinnacle 10b
2026-10-01T22:04:24Z,football_nfl,32671,2026-10-04T17:00:00Z,Philadelphia Eagles,Los Angeles Rams,player_receptions,Kyren Williams,2.5,Over,bovada,135,3.75,0.4415,pinnacle,11,66.9,False,ev +3.8 fair 0.442 pinnacle 11b
2026-10-01T22:04:24Z,football_nfl,32671,2026-10-04T17:00:00Z,Philadelphia Eagles,Los Angeles Rams,player_rush_attempts,Saquon Barkley,17.5,Under,draftkings,-112,3.31,0.5458,pinnacle,7,66.9,False,ev +3.3 fair 0.546 pinnacle 7b
2026-10-01T22:04:24Z,football_nfl,32665,2026-10-04T17:00:00Z,Baltimore Ravens,Tennessee Titans,player_pass_attempts,Cam Ward,33.5,Under,underdog,-103,3.29,0.5241,pinnacle,5,66.9,False,ev +3.3 fair 0.524 pinnacle 5b
2026-10-01T22:04:24Z,football_nfl,32665,2026-10-04T17:00:00Z,Baltimore Ravens,Tennessee Titans,player_receptions,Calvin Ridley,1.5,Over,kalshi,212,3.51,0.3318,pinnacle,7,66.9,False,ev +3.5 fair 0.332 pinnacle 7b
2026-10-01T22:04:24Z,football_nfl,32665,2026-10-04T17:00:00Z,Baltimore Ravens,Tennessee Titans,player_receptions,Elic Ayomanor,1.5,Under,kalshi,138,3.05,0.433,pinnacle,11,66.9,False,ev +3.0 fair 0.433 pinnacle 11b
2026-10-01T22:04:24Z,football_nfl,32665,2026-10-04T17:00:00Z,Baltimore Ravens,Tennessee Titans,player_receptions,Mark Andrews,4.5,Over,kalshi,163,4.5,0.3974,pinnacle,4,66.9,False,ev +4.5 fair 0.397 pinnacle 4b
2026-10-01T22:04:24Z,football_nfl,32667,2026-10-04T17:00:00Z,Chicago Bears,New York Jets,player_reception_yds,D'Andre Swift,14.5,Over,kalshi,122,11.0,0.5,pinnacle,5,66.9,False,ev +11.0 fair 0.500 pinnacle 5b
2026-10-01T22:04:24Z,football_nfl,32667,2026-10-04T17:00:00Z,Chicago Bears,New York Jets,player_reception_yds,Rome Odunze,39.5,Over,hardrock,165,4.48,0.3943,kalshi,4,66.9,True,ev +4.5 fair 0.394 kalshi 4b
2026-10-01T22:04:24Z,football_nfl,32667,2026-10-04T17:00:00Z,Chicago Bears,New York Jets,player_receptions,Garrett Wilson,4.5,Under,hardrock,300,26.22,0.3156,kalshi,4,66.9,True,ev +26.2 fair 0.316 kalshi 4b
2026-10-01T22:04:24Z,football_nfl,32667,2026-10-04T17:00:00Z,Chicago Bears,New York Jets,player_receptions,Kalif Raymond,2.5,Under,hardrock,175,3.79,0.3774,kalshi,4,66.9,True,ev +3.8 fair 0.377 kalshi 4b
2026-10-01T22:04:24Z,football_nfl,32667,2026-10-04T17:00:00Z,Chicago Bears,New York Jets,player_receptions,Rome Odunze,2.5,Over,hardrock,105,5.41,0.5142,pinnacle,10,66.9,True,ev +5.4 fair 0.514 pinnacle 10b
2026-10-01T22:04:24Z,football_nfl,32667,2026-10-04T17:00:00Z,Chicago Bears,New York Jets,player_receptions,Rome Odunze,3.5,Over,hardrock,250,6.26,0.3036,kalshi,4,66.9,True,ev +6.3 fair 0.304 kalshi 4b
2026-10-01T22:04:24Z,football_nfl,32667,2026-10-04T17:00:00Z,Chicago Bears,New York Jets,player_rush_yds,Kyle Monangai,38.5,Over,underdog,-112,6.32,0.5617,pinnacle,3,66.9,False,ev +6.3 fair 0.562 pinnacle 3b
2026-10-01T22:04:24Z,football_nfl,32668,2026-10-04T17:00:00Z,New York Giants,Arizona Cardinals,player_receptions,Cam Skattebo,2.5,Over,kalshi,104,3.65,0.5081,pinnacle,8,66.9,False,ev +3.6 fair 0.508 pinnacle 8b
2026-10-01T22:04:24Z,football_nfl,32668,2026-10-04T17:00:00Z,New York Giants,Arizona Cardinals,player_receptions,Trey McBride,6.5,Under,hardrock,130,4.9,0.4561,kalshi,8,66.9,True,ev +4.9 fair 0.456 kalshi 8b
2026-10-01T22:04:24Z,football_nfl,32666,2026-10-04T17:00:00Z,Houston Texans,Dallas Cowboys,player_reception_yds,Dalton Schultz,39.5,Under,hardrock,120,3.7,0.4714,kalshi,4,66.9,True,ev +3.7 fair 0.471 kalshi 4b
2026-10-01T22:04:24Z,football_nfl,32666,2026-10-04T17:00:00Z,Houston Texans,Dallas Cowboys,player_receptions,CeeDee Lamb,5.5,Over,kalshi,-117,4.72,0.5646,pinnacle,11,66.9,False,ev +4.7 fair 0.565 pinnacle 11b
2026-10-01T22:04:24Z,football_nfl,32666,2026-10-04T17:00:00Z,Houston Texans,Dallas Cowboys,player_receptions,Dalton Schultz,3.5,Under,hardrock,210,11.12,0.3585,kalshi,4,66.9,True,ev +11.1 fair 0.358 kalshi 4b
2026-10-01T22:04:24Z,football_nfl,32666,2026-10-04T17:00:00Z,Houston Texans,Dallas Cowboys,player_receptions,Dalton Schultz,4.5,Under,hardrock,105,3.74,0.5061,pinnacle,12,66.9,True,ev +3.7 fair 0.506 pinnacle 12b
2026-10-01T22:04:24Z,football_nfl,32666,2026-10-04T17:00:00Z,Houston Texans,Dallas Cowboys,player_receptions,Woody Marks,2.5,Under,hardrock,-200,3.35,0.689,kalshi,4,66.9,True,ev +3.4 fair 0.689 kalshi 4b
2026-10-01T22:04:24Z,football_nfl,32669,2026-10-04T17:00:00Z,Buffalo Bills,New England Patriots,player_receptions,Hunter Henry,3.5,Over,kalshi,113,3.48,0.4858,pinnacle,11,66.9,False,ev +3.5 fair 0.486 pinnacle 11b
2026-10-01T22:04:24Z,football_nfl,32669,2026-10-04T17:00:00Z,Buffalo Bills,New England Patriots,player_receptions,Romeo Doubs,3.5,Over,kalshi,133,4.6,0.4489,pinnacle,11,66.9,False,ev +4.6 fair 0.449 pinnacle 11b
2026-10-01T22:04:24Z,football_nfl,32672,2026-10-04T20:05:00Z,Minnesota Vikings,Miami Dolphins,player_pass_tds,Malik Willis,0.5,Under,kalshi,-108,3.6,0.5379,pinnacle,10,70.0,False,ev +3.6 fair 0.538 pinnacle 10b
2026-10-01T22:04:24Z,football_nfl,32672,2026-10-04T20:05:00Z,Minnesota Vikings,Miami Dolphins,player_reception_yds,Jaylen Wright,4.5,Over,fanduel,-102,5.97,0.5351,pinnacle,6,70.0,False,ev +6.0 fair 0.535 pinnacle 6b
2026-10-01T22:04:24Z,football_nfl,32672,2026-10-04T20:05:00Z,Minnesota Vikings,Miami Dolphins,player_rush_attempts,Malik Willis,5.5,Under,draftkings,119,3.33,0.4718,pinnacle,4,70.0,False,ev +3.3 fair 0.472 pinnacle 4b
2026-10-01T22:04:24Z,football_nfl,32672,2026-10-04T20:05:00Z,Minnesota Vikings,Miami Dolphins,player_rush_yds,Kyler Murray,19.5,Under,kalshi,113,5.21,0.4939,pinnacle,4,70.0,False,ev +5.2 fair 0.494 pinnacle 4b
2026-10-01T22:04:24Z,football_nfl,32672,2026-10-04T20:05:00Z,Minnesota Vikings,Miami Dolphins,player_rush_yds,Malik Washington,4.5,Under,draftkings,-109,4.65,0.5458,pinnacle,7,70.0,False,ev +4.7 fair 0.546 pinnacle 7b
2026-10-01T22:04:24Z,football_nfl,32672,2026-10-04T20:05:00Z,Minnesota Vikings,Miami Dolphins,player_rush_yds,Malik Washington,4.5,Under,bovada,-110,4.2,0.5458,pinnacle,7,70.0,False,ev +4.2 fair 0.546 pinnacle 7b
2026-10-01T22:04:24Z,football_nfl,32672,2026-10-04T20:05:00Z,Minnesota Vikings,Miami Dolphins,player_rush_yds,Ollie Gordon II,39.5,Over,hardrock,240,12.22,0.3301,kalshi,4,70.0,True,ev +12.2 fair 0.330 kalshi 4b
2026-10-01T22:04:24Z,football_nfl,32674,2026-10-04T20:25:00Z,San Francisco 49ers,Denver Broncos,player_field_goals_made,Eddy Pineiro,1.5,Under,draftkings,102,3.52,0.5125,pinnacle,4,70.3,False,ev +3.5 fair 0.512 pinnacle 4b
2026-10-01T22:04:24Z,football_nfl,32673,2026-10-04T20:25:00Z,Seattle Seahawks,Los Angeles Chargers,player_receptions,AJ Barner,3.5,Over,kalshi,144,3.66,0.4248,pinnacle,9,70.3,False,ev +3.7 fair 0.425 pinnacle 9b
2026-10-01T22:04:24Z,football_nfl,32673,2026-10-04T20:25:00Z,Seattle Seahawks,Los Angeles Chargers,player_receptions,Cooper Kupp,2.5,Over,kalshi,133,3.72,0.4452,pinnacle,11,70.3,False,ev +3.7 fair 0.445 pinnacle 11b
2026-10-01T22:04:24Z,football_nfl,32673,2026-10-04T20:25:00Z,Seattle Seahawks,Los Angeles Chargers,player_receptions,Rashid Shaheed,2.5,Over,kalshi,163,5.02,0.3993,pinnacle,8,70.3,False,ev +5.0 fair 0.399 pinnacle 8b
2026-10-01T22:04:24Z,football_nfl,32675,2026-10-04T20:25:00Z,Las Vegas Raiders,Kansas City Chiefs,player_pass_tds,Patrick Mahomes,1.5,Under,kalshi,117,3.02,0.4747,pinnacle,11,70.3,False,ev +3.0 fair 0.475 pinnacle 11b
2026-10-01T22:04:24Z,football_nfl,32675,2026-10-04T20:25:00Z,Las Vegas Raiders,Kansas City Chiefs,player_reception_yds,Jalen Nailor,19.5,Under,kalshi,108,4.0,0.5,pinnacle,12,70.3,False,ev +4.0 fair 0.500 pinnacle 12b
2026-10-01T22:04:24Z,football_nfl,32675,2026-10-04T20:25:00Z,Las Vegas Raiders,Kansas City Chiefs,player_receptions,Emmett Johnson,1.5,Over,kalshi,170,3.45,0.3831,pinnacle,10,70.3,False,ev +3.5 fair 0.383 pinnacle 10b
2026-10-01T22:04:24Z,football_nfl,32675,2026-10-04T20:25:00Z,Las Vegas Raiders,Kansas City Chiefs,player_receptions,Tyquan Thornton,1.5,Over,hardrock,120,3.81,0.4718,pinnacle,11,70.3,True,ev +3.8 fair 0.472 pinnacle 11b
2026-10-01T22:04:24Z,football_nfl,32677,2026-10-06T00:15:00Z,New Orleans Saints,Atlanta Falcons,player_receptions,Austin Hooper,1.5,Under,hardrock,-150,5.83,0.635,pinnacle,10,98.2,True,ev +5.8 fair 0.635 pinnacle 10b
2026-10-01T22:04:24Z,football_nfl,32677,2026-10-06T00:15:00Z,New Orleans Saints,Atlanta Falcons,player_rush_yds,Kendre Miller,24.5,Over,hardrock,120,17.6,0.5345,kalshi,4,98.2,True,ev +17.6 fair 0.534 kalshi 4b
2026-10-01T22:04:24Z,football_nfl,32677,2026-10-06T00:15:00Z,New Orleans Saints,Atlanta Falcons,player_rush_yds,Kendre Miller,39.5,Over,hardrock,350,35.33,0.3007,kalshi,4,98.2,True,ev +35.3 fair 0.301 kalshi 4b
2026-10-02T02:49:19Z,football_nfl,24886,2026-10-04T13:30:00Z,Washington Commanders,Indianapolis Colts,player_pass_tds,Daniel Jones,1.5,Under,draftkings,-108,3.06,0.5351,pinnacle,11,58.7,False,ev +3.1 fair 0.535 pinnacle 11b
2026-10-02T02:49:19Z,football_nfl,24886,2026-10-04T13:30:00Z,Washington Commanders,Indianapolis Colts,player_reception_yds,Terry McLaurin,39.5,Under,hardrock,170,3.82,0.3845,kalshi,4,58.7,True,ev +3.8 fair 0.385 kalshi 4b
2026-10-02T02:49:19Z,football_nfl,24886,2026-10-04T13:30:00Z,Washington Commanders,Indianapolis Colts,player_receptions,Laquon Treadwell,1.5,Over,fanduel,162,7.02,0.4085,bovada,8,58.7,False,ev +7.0 fair 0.408 bovada 8b
2026-10-02T02:49:19Z,football_nfl,24886,2026-10-04T13:30:00Z,Washington Commanders,Indianapolis Colts,player_receptions,Terry McLaurin,3.5,Under,hardrock,170,8.06,0.4002,kalshi,4,58.7,True,ev +8.1 fair 0.400 kalshi 4b
2026-10-02T02:49:19Z,football_nfl,24886,2026-10-04T13:30:00Z,Washington Commanders,Indianapolis Colts,player_receptions,Terry McLaurin,4.5,Over,kalshi,138,9.03,0.4581,pinnacle,11,58.7,False,ev +9.0 fair 0.458 pinnacle 11b
2026-10-02T02:49:19Z,football_nfl,24886,2026-10-04T13:30:00Z,Washington Commanders,Indianapolis Colts,player_rush_yds,Marcus Mariota,24.5,Under,hardrock,110,3.98,0.4951,kalshi,4,58.7,True,ev +4.0 fair 0.495 kalshi 4b
2026-10-02T02:49:19Z,football_nfl,32670,2026-10-04T17:00:00Z,Cincinnati Bengals,Jacksonville Jaguars,player_pass_tds,Joe Burrow,1.5,Under,kalshi,163,3.23,0.3925,pinnacle,11,62.2,False,ev +3.2 fair 0.393 pinnacle 11b
2026-10-02T02:49:19Z,football_nfl,32670,2026-10-04T17:00:00Z,Cincinnati Bengals,Jacksonville Jaguars,player_receptions,Dohnte Meyers,2.5,Over,kalshi,170,3.45,0.3831,pinnacle,11,62.2,False,ev +3.5 fair 0.383 pinnacle 11b
2026-10-02T02:49:19Z,football_nfl,32670,2026-10-04T17:00:00Z,Cincinnati Bengals,Jacksonville Jaguars,player_receptions,Drew Sample,1.5,Over,kalshi,138,3.05,0.433,pinnacle,11,62.2,False,ev +3.0 fair 0.433 pinnacle 11b
2026-10-02T02:49:19Z,football_nfl,32664,2026-10-04T17:00:00Z,Tampa Bay Buccaneers,Green Bay Packers,player_receptions,Jonnu Smith,1.5,Over,kalshi,186,10.49,0.3863,pinnacle,8,62.2,False,ev +10.5 fair 0.386 pinnacle 8b
2026-10-02T02:49:19Z,football_nfl,32664,2026-10-04T17:00:00Z,Tampa Bay Buccaneers,Green Bay Packers,player_receptions,Jonnu Smith,1.5,Over,hardrock,170,4.31,0.3863,pinnacle,8,62.2,True,ev +4.3 fair 0.386 pinnacle 8b
2026-10-02T02:49:19Z,football_nfl,32664,2026-10-04T17:00:00Z,Tampa Bay Buccaneers,Green Bay Packers,player_receptions,MarShawn Lloyd,1.5,Over,kalshi,163,5.02,0.3993,pinnacle,8,62.2,False,ev +5.0 fair 0.399 pinnacle 8b
2026-10-02T02:49:19Z,football_nfl,32664,2026-10-04T17:00:00Z,Tampa Bay Buccaneers,Green Bay Packers,player_rush_attempts,Kaleb Johnson,8.5,Over,draftkings,-111,3.38,0.5438,pinnacle,7,62.2,False,ev +3.4 fair 0.544 pinnacle 7b
2026-10-02T02:49:19Z,football_nfl,32664,2026-10-04T17:00:00Z,Tampa Bay Buccaneers,Green Bay Packers,player_rush_yds,Bucky Irving,49.5,Under,hardrock,150,10.27,0.4411,kalshi,4,62.2,True,ev +10.3 fair 0.441 kalshi 4b
2026-10-02T02:49:19Z,football_nfl,32671,2026-10-04T17:00:00Z,Philadelphia Eagles,Los Angeles Rams,player_pass_tds,Jalen Hurts,0.5,Under,kalshi,223,7.41,0.3325,pinnacle,9,62.2,False,ev +7.4 fair 0.333 pinnacle 9b
2026-10-02T02:49:19Z,football_nfl,32671,2026-10-04T17:00:00Z,Philadelphia Eagles,Los Angeles Rams,player_pass_tds,Matthew Stafford,1.5,Under,kalshi,104,4.06,0.5101,pinnacle,11,62.2,False,ev +4.1 fair 0.510 pinnacle 11b
2026-10-02T02:49:19Z,football_nfl,32671,2026-10-04T17:00:00Z,Philadelphia Eagles,Los Angeles Rams,player_reception_longest,Saquon Barkley,8.5,Under,underdog,-103,4.58,0.5306,bovada,3,62.2,False,ev +4.6 fair 0.531 bovada 3b
2026-10-02T02:49:19Z,football_nfl,32671,2026-10-04T17:00:00Z,Philadelphia Eagles,Los Angeles Rams,player_reception_yds,Johnny Mundt,7.5,Under,draftkings,-106,3.84,0.5343,pinnacle,3,62.2,False,ev +3.8 fair 0.534 pinnacle 3b
2026-10-02T02:49:19Z,football_nfl,32671,2026-10-04T17:00:00Z,Philadelphia Eagles,Los Angeles Rams,player_receptions,Davante Adams,3.5,Under,hardrock,260,11.95,0.311,kalshi,4,62.2,True,ev +11.9 fair 0.311 kalshi 4b
2026-10-02T02:49:19Z,football_nfl,32671,2026-10-04T17:00:00Z,Philadelphia Eagles,Los Angeles Rams,player_receptions,Davante Adams,4.5,Over,kalshi,-108,3.45,0.5371,pinnacle,11,62.2,False,ev +3.5 fair 0.537 pinnacle 11b
2026-10-02T02:49:19Z,football_nfl,32671,2026-10-04T17:00:00Z,Philadelphia Eagles,Los Angeles Rams,player_receptions,Dontayvion Wicks,3.5,Under,kalshi,127,27.91,0.5635,pinnacle,8,62.2,False,ev +27.9 fair 0.564 pinnacle 8b
2026-10-02T02:49:19Z,football_nfl,32671,2026-10-04T17:00:00Z,Philadelphia Eagles,Los Angeles Rams,player_receptions,Dontayvion Wicks,3.5,Under,draftkings,121,24.53,0.5635,pinnacle,8,62.2,False,ev +24.5 fair 0.564 pinnacle 8b
2026-10-02T02:49:19Z,football_nfl,32671,2026-10-04T17:00:00Z,Philadelphia Eagles,Los Angeles Rams,player_receptions,Dontayvion Wicks,3.5,Under,bovada,120,23.96,0.5635,pinnacle,8,62.2,False,ev +24.0 fair 0.564 pinnacle 8b
2026-10-02T02:49:19Z,football_nfl,32671,2026-10-04T17:00:00Z,Philadelphia Eagles,Los Angeles Rams,player_receptions,Dontayvion Wicks,3.5,Under,fanduel,120,23.96,0.5635,pinnacle,8,62.2,False,ev +24.0 fair 0.564 pinnacle 8b
2026-10-02T02:49:19Z,football_nfl,32671,2026-10-04T17:00:00Z,Philadelphia Eagles,Los Angeles Rams,player_receptions,Johnny Mundt,1.5,Over,kalshi,178,6.51,0.3831,pinnacle,8,62.2,False,ev +6.5 fair 0.383 pinnacle 8b
2026-10-02T02:49:19Z,football_nfl,32671,2026-10-04T17:00:00Z,Philadelphia Eagles,Los Angeles Rams,player_receptions,Makai Lemon,2.5,Under,kalshi,194,21.65,0.4138,pinnacle,4,62.2,False,ev +21.6 fair 0.414 pinnacle 4b
2026-10-02T02:49:19Z,football_nfl,32671,2026-10-04T17:00:00Z,Philadelphia Eagles,Los Angeles Rams,player_receptions,Saquon Barkley,1.5,Under,kalshi,144,5.65,0.433,pinnacle,4,62.2,False,ev +5.7 fair 0.433 pinnacle 4b
2026-10-02T02:49:19Z,football_nfl,32665,2026-10-04T17:00:00Z,Baltimore Ravens,Tennessee Titans,player_pass_attempts,Cam Ward,33.5,Under,underdog,-103,3.29,0.5241,pinnacle,5,62.2,False,ev +3.3 fair 0.524 pinnacle 5b
2026-10-02T02:49:19Z,football_nfl,32665,2026-10-04T17:00:00Z,Baltimore Ravens,Tennessee Titans,player_receptions,Calvin Ridley,1.5,Over,kalshi,212,3.51,0.3318,pinnacle,7,62.2,False,ev +3.5 fair 0.332 pinnacle 7b
2026-10-02T02:49:19Z,football_nfl,32665,2026-10-04T17:00:00Z,Baltimore Ravens,Tennessee Titans,player_receptions,Elic Ayomanor,1.5,Under,kalshi,138,3.05,0.433,pinnacle,11,62.2,False,ev +3.0 fair 0.433 pinnacle 11b
2026-10-02T02:49:19Z,football_nfl,32665,2026-10-04T17:00:00Z,Baltimore Ravens,Tennessee Titans,player_receptions,Mark Andrews,4.5,Over,kalshi,163,4.5,0.3974,pinnacle,4,62.2,False,ev +4.5 fair 0.397 pinnacle 4b
2026-10-02T02:49:19Z,football_nfl,32667,2026-10-04T17:00:00Z,Chicago Bears,New York Jets,player_reception_yds,Rome Odunze,39.5,Over,hardrock,165,6.56,0.4021,kalshi,4,62.2,True,ev +6.6 fair 0.402 kalshi 4b
2026-10-02T02:49:19Z,football_nfl,32667,2026-10-04T17:00:00Z,Chicago Bears,New York Jets,player_receptions,Garrett Wilson,4.5,Under,hardrock,300,26.22,0.3156,kalshi,4,62.2,True,ev +26.2 fair 0.316 kalshi 4b
2026-10-02T02:49:19Z,football_nfl,32667,2026-10-04T17:00:00Z,Chicago Bears,New York Jets,player_receptions,Kalif Raymond,2.5,Under,hardrock,175,3.79,0.3774,kalshi,4,62.2,True,ev +3.8 fair 0.377 kalshi 4b
2026-10-02T02:49:19Z,football_nfl,32667,2026-10-04T17:00:00Z,Chicago Bears,New York Jets,player_rush_yds,Kyle Monangai,38.5,Over,underdog,-112,6.32,0.5617,pinnacle,3,62.2,False,ev +6.3 fair 0.562 pinnacle 3b
2026-10-02T02:49:19Z,football_nfl,32668,2026-10-04T17:00:00Z,New York Giants,Arizona Cardinals,player_receptions,Cam Skattebo,2.5,Over,kalshi,104,3.65,0.5081,pinnacle,8,62.2,False,ev +3.6 fair 0.508 pinnacle 8b
2026-10-02T02:49:19Z,football_nfl,32668,2026-10-04T17:00:00Z,New York Giants,Arizona Cardinals,player_receptions,Michael Wilson,5.5,Over,kalshi,144,4.64,0.4289,pinnacle,8,62.2,False,ev +4.6 fair 0.429 pinnacle 8b
2026-10-02T02:49:19Z,football_nfl,32668,2026-10-04T17:00:00Z,New York Giants,Arizona Cardinals,player_receptions,Trey McBride,6.5,Under,hardrock,130,5.96,0.4607,kalshi,8,62.2,True,ev +6.0 fair 0.461 kalshi 8b
2026-10-02T02:49:19Z,football_nfl,32666,2026-10-04T17:00:00Z,Houston Texans,Dallas Cowboys,player_reception_yds,Dalton Schultz,39.5,Under,hardrock,120,11.07,0.5049,kalshi,4,62.2,True,ev +11.1 fair 0.505 kalshi 4b
2026-10-02T02:49:19Z,football_nfl,32666,2026-10-04T17:00:00Z,Houston Texans,Dallas Cowboys,player_reception_yds,Dalton Schultz,49.5,Under,hardrock,-150,5.59,0.6335,kalshi,4,62.2,True,ev +5.6 fair 0.633 kalshi 4b
2026-10-02T02:49:19Z,football_nfl,32666,2026-10-04T17:00:00Z,Houston Texans,Dallas Cowboys,player_receptions,CeeDee Lamb,5.5,Over,kalshi,-117,4.72,0.5646,pinnacle,11,62.2,False,ev +4.7 fair 0.565 pinnacle 11b
2026-10-02T02:49:19Z,football_nfl,32666,2026-10-04T17:00:00Z,Houston Texans,Dallas Cowboys,player_receptions,Dalton Schultz,3.5,Under,hardrock,210,12.24,0.3621,kalshi,4,62.2,True,ev +12.2 fair 0.362 kalshi 4b
2026-10-02T02:49:19Z,football_nfl,32666,2026-10-04T17:00:00Z,Houston Texans,Dallas Cowboys,player_receptions,Dalton Schultz,4.5,Under,hardrock,105,3.74,0.5061,pinnacle,12,62.2,True,ev +3.7 fair 0.506 pinnacle 12b
2026-10-02T02:49:19Z,football_nfl,32666,2026-10-04T17:00:00Z,Houston Texans,Dallas Cowboys,player_receptions,Woody Marks,2.5,Under,hardrock,-200,3.35,0.689,kalshi,4,62.2,True,ev +3.4 fair 0.689 kalshi 4b
2026-10-02T02:49:19Z,football_nfl,32669,2026-10-04T17:00:00Z,Buffalo Bills,New England Patriots,player_receptions,Hunter Henry,3.5,Over,kalshi,113,3.48,0.4858,pinnacle,11,62.2,False,ev +3.5 fair 0.486 pinnacle 11b
2026-10-02T02:49:19Z,football_nfl,32669,2026-10-04T17:00:00Z,Buffalo Bills,New England Patriots,player_receptions,Romeo Doubs,3.5,Over,kalshi,133,4.6,0.4489,pinnacle,11,62.2,False,ev +4.6 fair 0.449 pinnacle 11b
2026-10-02T02:49:19Z,football_nfl,32672,2026-10-04T20:05:00Z,Minnesota Vikings,Miami Dolphins,player_pass_tds,Malik Willis,0.5,Under,kalshi,-108,3.6,0.5379,pinnacle,9,65.3,False,ev +3.6 fair 0.538 pinnacle 9b
2026-10-02T02:49:19Z,football_nfl,32672,2026-10-04T20:05:00Z,Minnesota Vikings,Miami Dolphins,player_rush_yds,Jaylen Wright,24.5,Over,hardrock,105,15.37,0.5628,kalshi,4,65.3,True,ev +15.4 fair 0.563 kalshi 4b
2026-10-02T02:49:19Z,football_nfl,32672,2026-10-04T20:05:00Z,Minnesota Vikings,Miami Dolphins,player_rush_yds,Kyler Murray,19.5,Under,kalshi,113,5.21,0.4939,pinnacle,4,65.3,False,ev +5.2 fair 0.494 pinnacle 4b
2026-10-02T02:49:19Z,football_nfl,32674,2026-10-04T20:25:00Z,San Francisco 49ers,Denver Broncos,player_field_goals_made,Eddy Pineiro,1.5,Under,draftkings,102,3.52,0.5125,pinnacle,3,65.6,False,ev +3.5 fair 0.512 pinnacle 3b
2026-10-02T02:49:19Z,football_nfl,32675,2026-10-04T20:25:00Z,Las Vegas Raiders,Kansas City Chiefs,player_pass_tds,Patrick Mahomes,1.5,Under,kalshi,117,3.02,0.4747,pinnacle,11,65.6,False,ev +3.0 fair 0.475 pinnacle 11b
2026-10-02T02:49:19Z,football_nfl,32675,2026-10-04T20:25:00Z,Las Vegas Raiders,Kansas City Chiefs,player_reception_yds,Jalen Nailor,19.5,Under,kalshi,108,4.0,0.5,pinnacle,11,65.6,False,ev +4.0 fair 0.500 pinnacle 11b
2026-10-02T02:49:19Z,football_nfl,32675,2026-10-04T20:25:00Z,Las Vegas Raiders,Kansas City Chiefs,player_receptions,Emmett Johnson,1.5,Over,kalshi,170,3.45,0.3831,pinnacle,10,65.6,False,ev +3.5 fair 0.383 pinnacle 10b
2026-10-02T02:49:19Z,football_nfl,32675,2026-10-04T20:25:00Z,Las Vegas Raiders,Kansas City Chiefs,player_receptions,Tyquan Thornton,1.5,Over,hardrock,120,3.81,0.4718,pinnacle,11,65.6,True,ev +3.8 fair 0.472 pinnacle 11b
2026-10-02T02:49:19Z,football_nfl,32677,2026-10-06T00:15:00Z,New Orleans Saints,Atlanta Falcons,player_receptions,Austin Hooper,1.5,Under,hardrock,-150,5.83,0.635,pinnacle,10,93.4,True,ev +5.8 fair 0.635 pinnacle 10b
2026-10-02T02:49:19Z,football_nfl,32677,2026-10-06T00:15:00Z,New Orleans Saints,Atlanta Falcons,player_rush_yds,Kendre Miller,24.5,Over,hardrock,120,16.28,0.5285,kalshi,4,93.4,True,ev +16.3 fair 0.528 kalshi 4b
2026-10-02T11:28:18Z,football_nfl,24886,2026-10-04T13:30:00Z,Washington Commanders,Indianapolis Colts,player_pass_tds,Daniel Jones,1.5,Under,draftkings,-108,3.06,0.5351,pinnacle,11,50.0,False,ev +3.1 fair 0.535 pinnacle 11b
2026-10-02T11:28:18Z,football_nfl,24886,2026-10-04T13:30:00Z,Washington Commanders,Indianapolis Colts,player_reception_yds,Keenan Allen,39.5,Over,hardrock,120,3.7,0.4714,kalshi,4,50.0,True,ev +3.7 fair 0.471 kalshi 4b
2026-10-02T11:28:18Z,football_nfl,24886,2026-10-04T13:30:00Z,Washington Commanders,Indianapolis Colts,player_receptions,Terry McLaurin,3.5,Under,hardrock,170,7.47,0.3981,kalshi,4,50.0,True,ev +7.5 fair 0.398 kalshi 4b
2026-10-02T11:28:18Z,football_nfl,24886,2026-10-04T13:30:00Z,Washington Commanders,Indianapolis Colts,player_receptions,Terry McLaurin,4.5,Over,kalshi,133,6.74,0.4581,pinnacle,11,50.0,False,ev +6.7 fair 0.458 pinnacle 11b
2026-10-02T11:28:18Z,football_nfl,24886,2026-10-04T13:30:00Z,Washington Commanders,Indianapolis Colts,player_receptions,Terry McLaurin,4.5,Over,draftkings,127,3.99,0.4581,pinnacle,11,50.0,False,ev +4.0 fair 0.458 pinnacle 11b
2026-10-02T11:28:18Z,football_nfl,24886,2026-10-04T13:30:00Z,Washington Commanders,Indianapolis Colts,player_rush_yds,Jacory Croskey-Merritt,79.5,Over,hardrock,250,7.82,0.3081,kalshi,4,50.0,True,ev +7.8 fair 0.308 kalshi 4b
2026-10-02T11:28:18Z,football_nfl,24886,2026-10-04T13:30:00Z,Washington Commanders,Indianapolis Colts,player_rush_yds,Marcus Mariota,24.5,Under,hardrock,110,3.98,0.4951,kalshi,4,50.0,True,ev +4.0 fair 0.495 kalshi 4b
2026-10-02T11:28:18Z,football_nfl,32670,2026-10-04T17:00:00Z,Cincinnati Bengals,Jacksonville Jaguars,player_pass_tds,Trevor Lawrence,1.5,Under,kalshi,122,3.84,0.4677,pinnacle,11,53.5,False,ev +3.8 fair 0.468 pinnacle 11b
2026-10-02T11:28:18Z,football_nfl,32670,2026-10-04T17:00:00Z,Cincinnati Bengals,Jacksonville Jaguars,player_receptions,Dohnte Meyers,2.5,Over,kalshi,170,3.45,0.3831,pinnacle,11,53.5,False,ev +3.5 fair 0.383 pinnacle 11b
2026-10-02T11:28:18Z,football_nfl,32670,2026-10-04T17:00:00Z,Cincinnati Bengals,Jacksonville Jaguars,player_receptions,Drew Sample,1.5,Over,kalshi,138,3.05,0.433,pinnacle,11,53.5,False,ev +3.0 fair 0.433 pinnacle 11b
2026-10-02T11:28:18Z,football_nfl,32664,2026-10-04T17:00:00Z,Tampa Bay Buccaneers,Green Bay Packers,player_receptions,Jonnu Smith,1.5,Over,kalshi,186,10.49,0.3863,pinnacle,8,53.5,False,ev +10.5 fair 0.386 pinnacle 8b
2026-10-02T11:28:18Z,football_nfl,32664,2026-10-04T17:00:00Z,Tampa Bay Buccaneers,Green Bay Packers,player_receptions,Jonnu Smith,1.5,Over,hardrock,170,4.31,0.3863,pinnacle,8,53.5,True,ev +4.3 fair 0.386 pinnacle 8b
2026-10-02T11:28:18Z,football_nfl,32664,2026-10-04T17:00:00Z,Tampa Bay Buccaneers,Green Bay Packers,player_receptions,MarShawn Lloyd,1.5,Over,kalshi,163,5.02,0.3993,pinnacle,8,53.5,False,ev +5.0 fair 0.399 pinnacle 8b
2026-10-02T11:28:18Z,football_nfl,32664,2026-10-04T17:00:00Z,Tampa Bay Buccaneers,Green Bay Packers,player_rush_attempts,Kaleb Johnson,8.5,Over,draftkings,-111,3.38,0.5438,pinnacle,7,53.5,False,ev +3.4 fair 0.544 pinnacle 7b
2026-10-02T11:28:18Z,football_nfl,32664,2026-10-04T17:00:00Z,Tampa Bay Buccaneers,Green Bay Packers,player_rush_yds,Bucky Irving,49.5,Under,hardrock,150,8.22,0.4329,kalshi,4,53.5,True,ev +8.2 fair 0.433 kalshi 4b
2026-10-02T11:28:18Z,football_nfl,32671,2026-10-04T17:00:00Z,Philadelphia Eagles,Los Angeles Rams,player_pass_tds,Jalen Hurts,0.5,Under,kalshi,223,7.41,0.3325,pinnacle,10,53.5,False,ev +7.4 fair 0.333 pinnacle 10b
2026-10-02T11:28:18Z,football_nfl,32671,2026-10-04T17:00:00Z,Philadelphia Eagles,Los Angeles Rams,player_reception_yds,Davante Adams,49.5,Under,hardrock,225,11.45,0.3429,kalshi,4,53.5,True,ev +11.4 fair 0.343 kalshi 4b
2026-10-02T11:28:18Z,football_nfl,32671,2026-10-04T17:00:00Z,Philadelphia Eagles,Los Angeles Rams,player_reception_yds,Davante Adams,79.5,Under,hardrock,-145,7.66,0.6371,kalshi,4,53.5,True,ev +7.7 fair 0.637 kalshi 4b
2026-10-02T11:28:18Z,football_nfl,32671,2026-10-04T17:00:00Z,Philadelphia Eagles,Los Angeles Rams,player_reception_yds,Dontayvion Wicks,39.5,Over,hardrock,-120,25.74,0.6858,kalshi,4,53.5,True,ev +25.7 fair 0.686 kalshi 4b
2026-10-02T11:28:18Z,football_nfl,32671,2026-10-04T17:00:00Z,Philadelphia Eagles,Los Angeles Rams,player_reception_yds,Dontayvion Wicks,49.5,Over,hardrock,135,36.06,0.579,kalshi,4,53.5,True,ev +36.1 fair 0.579 kalshi 4b
2026-10-02T11:28:18Z,football_nfl,32671,2026-10-04T17:00:00Z,Philadelphia Eagles,Los Angeles Rams,player_reception_yds,Makai Lemon,39.5,Over,hardrock,195,24.21,0.421,kalshi,4,53.5,True,ev +24.2 fair 0.421 kalshi 4b
2026-10-02T11:28:18Z,football_nfl,32671,2026-10-04T17:00:00Z,Philadelphia Eagles,Los Angeles Rams,player_reception_yds,Makai Lemon,49.5,Over,hardrock,325,30.37,0.3067,kalshi,4,53.5,True,ev +30.4 fair 0.307 kalshi 4b
2026-10-02T11:28:18Z,football_nfl,32671,2026-10-04T17:00:00Z,Philadelphia Eagles,Los Angeles Rams,player_receptions,Davante Adams,3.5,Under,hardrock,260,10.9,0.3081,kalshi,4,53.5,True,ev +10.9 fair 0.308 kalshi 4b
2026-10-02T11:28:18Z,football_nfl,32671,2026-10-04T17:00:00Z,Philadelphia Eagles,Los Angeles Rams,player_receptions,Davante Adams,4.5,Under,hardrock,125,4.15,0.4629,pinnacle,11,53.5,True,ev +4.2 fair 0.463 pinnacle 11b
2026-10-02T11:28:18Z,football_nfl,32671,2026-10-04T17:00:00Z,Philadelphia Eagles,Los Angeles Rams,player_receptions,Davante Adams,4.5,Over,kalshi,-108,3.45,0.5371,pinnacle,11,53.5,False,ev +3.5 fair 0.537 pinnacle 11b
2026-10-02T11:28:18Z,football_nfl,32671,2026-10-04T17:00:00Z,Philadelphia Eagles,Los Angeles Rams,player_receptions,Dontayvion Wicks,3.5,Under,kalshi,133,31.29,0.5635,pinnacle,9,53.5,False,ev +31.3 fair 0.564 pinnacle 9b
2026-10-02T11:28:18Z,football_nfl,32671,2026-10-04T17:00:00Z,Philadelphia Eagles,Los Angeles Rams,player_receptions,Dontayvion Wicks,3.5,Under,fanduel,120,23.96,0.5635,pinnacle,9,53.5,False,ev +24.0 fair 0.564 pinnacle 9b
2026-10-02T11:28:18Z,football_nfl,32671,2026-10-04T17:00:00Z,Philadelphia Eagles,Los Angeles Rams,player_receptions,Dontayvion Wicks,3.5,Under,bovada,110,18.33,0.5635,pinnacle,9,53.5,False,ev +18.3 fair 0.564 pinnacle 9b
2026-10-02T11:28:18Z,football_nfl,32671,2026-10-04T17:00:00Z,Philadelphia Eagles,Los Angeles Rams,player_receptions,Dontayvion Wicks,3.5,Under,draftkings,108,17.2,0.5635,pinnacle,9,53.5,False,ev +17.2 fair 0.564 pinnacle 9b
2026-10-02T11:28:18Z,football_nfl,32671,2026-10-04T17:00:00Z,Philadelphia Eagles,Los Angeles Rams,player_receptions,Dontayvion Wicks,4.5,Over,hardrock,275,52.19,0.4058,kalshi,5,53.5,True,ev +52.2 fair 0.406 kalshi 5b
2026-10-02T11:28:18Z,football_nfl,32671,2026-10-04T17:00:00Z,Philadelphia Eagles,Los Angeles Rams,player_receptions,Johnny Mundt,1.5,Over,kalshi,178,6.51,0.3831,pinnacle,10,53.5,False,ev +6.5 fair 0.383 pinnacle 10b
2026-10-02T11:28:18Z,football_nfl,32671,2026-10-04T17:00:00Z,Philadelphia Eagles,Los Angeles Rams,player_receptions,Makai Lemon,2.5,Under,kalshi,194,21.65,0.4138,pinnacle,5,53.5,False,ev +21.6 fair 0.414 pinnacle 5b
2026-10-02T11:28:18Z,football_nfl,32671,2026-10-04T17:00:00Z,Philadelphia Eagles,Los Angeles Rams,player_receptions,Makai Lemon,3.5,Over,hardrock,145,12.88,0.4607,kalshi,9,53.5,True,ev +12.9 fair 0.461 kalshi 9b
2026-10-02T11:28:18Z,football_nfl,32671,2026-10-04T17:00:00Z,Philadelphia Eagles,Los Angeles Rams,player_receptions,Saquon Barkley,1.5,Under,kalshi,144,5.65,0.433,pinnacle,4,53.5,False,ev +5.7 fair 0.433 pinnacle 4b
2026-10-02T11:28:18Z,football_nfl,32665,2026-10-04T17:00:00Z,Baltimore Ravens,Tennessee Titans,player_pass_attempts,Cam Ward,33.5,Under,underdog,-103,3.29,0.5241,pinnacle,5,53.5,False,ev +3.3 fair 0.524 pinnacle 5b
2026-10-02T11:28:18Z,football_nfl,32665,2026-10-04T17:00:00Z,Baltimore Ravens,Tennessee Titans,player_receptions,Calvin Ridley,1.5,Over,kalshi,212,3.51,0.3318,pinnacle,6,53.5,False,ev +3.5 fair 0.332 pinnacle 6b
2026-10-02T11:28:18Z,football_nfl,32665,2026-10-04T17:00:00Z,Baltimore Ravens,Tennessee Titans,player_receptions,Elic Ayomanor,1.5,Under,kalshi,138,3.05,0.433,pinnacle,11,53.5,False,ev +3.0 fair 0.433 pinnacle 11b
2026-10-02T11:28:18Z,football_nfl,32665,2026-10-04T17:00:00Z,Baltimore Ravens,Tennessee Titans,player_receptions,Mark Andrews,4.5,Over,kalshi,163,4.5,0.3974,pinnacle,4,53.5,False,ev +4.5 fair 0.397 pinnacle 4b
2026-10-02T11:28:18Z,football_nfl,32667,2026-10-04T17:00:00Z,Chicago Bears,New York Jets,player_reception_yds,Rome Odunze,39.5,Over,hardrock,165,8.15,0.4081,kalshi,4,53.5,True,ev +8.2 fair 0.408 kalshi 4b
2026-10-02T11:28:18Z,football_nfl,32667,2026-10-04T17:00:00Z,Chicago Bears,New York Jets,player_receptions,Rome Odunze,3.5,Over,hardrock,250,6.26,0.3036,kalshi,4,53.5,True,ev +6.3 fair 0.304 kalshi 4b
2026-10-02T11:28:18Z,football_nfl,32667,2026-10-04T17:00:00Z,Chicago Bears,New York Jets,player_rush_yds,Kyle Monangai,38.5,Over,underdog,-112,6.32,0.5617,pinnacle,3,53.5,False,ev +6.3 fair 0.562 pinnacle 3b
2026-10-02T11:28:18Z,football_nfl,32668,2026-10-04T17:00:00Z,New York Giants,Arizona Cardinals,player_receptions,Michael Wilson,5.5,Over,kalshi,144,4.64,0.4289,pinnacle,8,53.5,False,ev +4.6 fair 0.429 pinnacle 8b
2026-10-02T11:28:18Z,football_nfl,32668,2026-10-04T17:00:00Z,New York Giants,Arizona Cardinals,player_receptions,Trey McBride,6.5,Under,hardrock,130,4.9,0.4561,kalshi,8,53.5,True,ev +4.9 fair 0.456 kalshi 8b
2026-10-02T11:28:18Z,football_nfl,32666,2026-10-04T17:00:00Z,Houston Texans,Dallas Cowboys,player_reception_yds,Dalton Schultz,39.5,Under,hardrock,120,8.93,0.4951,kalshi,5,53.5,True,ev +8.9 fair 0.495 kalshi 5b
2026-10-02T11:28:18Z,football_nfl,32666,2026-10-04T17:00:00Z,Houston Texans,Dallas Cowboys,player_reception_yds,Dalton Schultz,49.5,Under,hardrock,-150,4.57,0.6274,kalshi,4,53.5,True,ev +4.6 fair 0.627 kalshi 4b
2026-10-02T11:28:18Z,football_nfl,32666,2026-10-04T17:00:00Z,Houston Texans,Dallas Cowboys,player_receptions,CeeDee Lamb,5.5,Over,kalshi,-117,4.72,0.5646,pinnacle,11,53.5,False,ev +4.7 fair 0.565 pinnacle 11b
2026-10-02T11:28:18Z,football_nfl,32666,2026-10-04T17:00:00Z,Houston Texans,Dallas Cowboys,player_receptions,Dalton Schultz,3.5,Under,hardrock,210,10.36,0.356,kalshi,4,53.5,True,ev +10.4 fair 0.356 kalshi 4b
2026-10-02T11:28:18Z,football_nfl,32666,2026-10-04T17:00:00Z,Houston Texans,Dallas Cowboys,player_receptions,Dalton Schultz,4.5,Under,hardrock,105,3.74,0.5061,pinnacle,12,53.5,True,ev +3.7 fair 0.506 pinnacle 12b
2026-10-02T11:28:18Z,football_nfl,32666,2026-10-04T17:00:00Z,Houston Texans,Dallas Cowboys,player_receptions,Woody Marks,2.5,Under,hardrock,-200,3.35,0.689,kalshi,4,53.5,True,ev +3.4 fair 0.689 kalshi 4b
2026-10-02T11:28:18Z,football_nfl,32669,2026-10-04T17:00:00Z,Buffalo Bills,New England Patriots,player_receptions,Hunter Henry,3.5,Over,kalshi,113,3.48,0.4858,pinnacle,11,53.5,False,ev +3.5 fair 0.486 pinnacle 11b
2026-10-02T11:28:18Z,football_nfl,32669,2026-10-04T17:00:00Z,Buffalo Bills,New England Patriots,player_receptions,Romeo Doubs,3.5,Over,kalshi,133,4.6,0.4489,pinnacle,11,53.5,False,ev +4.6 fair 0.449 pinnacle 11b
2026-10-02T11:28:18Z,football_nfl,32672,2026-10-04T20:05:00Z,Minnesota Vikings,Miami Dolphins,player_rush_attempts,Kyler Murray,5.5,Under,hardrock,-130,3.14,0.583,pinnacle,3,56.6,True,ev +3.1 fair 0.583 pinnacle 3b
2026-10-02T11:28:18Z,football_nfl,32672,2026-10-04T20:05:00Z,Minnesota Vikings,Miami Dolphins,player_rush_attempts,Malik Willis,5.5,Under,draftkings,119,3.33,0.4718,pinnacle,3,56.6,False,ev +3.3 fair 0.472 pinnacle 3b
2026-10-02T11:28:18Z,football_nfl,32672,2026-10-04T20:05:00Z,Minnesota Vikings,Miami Dolphins,player_rush_yds,Jaylen Wright,24.5,Over,hardrock,105,15.37,0.5628,kalshi,4,56.6,True,ev +15.4 fair 0.563 kalshi 4b
2026-10-02T11:28:18Z,football_nfl,32672,2026-10-04T20:05:00Z,Minnesota Vikings,Miami Dolphins,player_rush_yds,Kyler Murray,19.5,Under,kalshi,113,3.91,0.4878,pinnacle,4,56.6,False,ev +3.9 fair 0.488 pinnacle 4b
2026-10-02T11:28:18Z,football_nfl,32675,2026-10-04T20:25:00Z,Las Vegas Raiders,Kansas City Chiefs,player_pass_tds,Patrick Mahomes,1.5,Under,kalshi,117,3.02,0.4747,pinnacle,11,56.9,False,ev +3.0 fair 0.475 pinnacle 11b
2026-10-02T11:28:18Z,football_nfl,32675,2026-10-04T20:25:00Z,Las Vegas Raiders,Kansas City Chiefs,player_reception_yds,Jalen Nailor,19.5,Under,kalshi,108,4.0,0.5,pinnacle,11,56.9,False,ev +4.0 fair 0.500 pinnacle 11b
2026-10-02T11:28:18Z,football_nfl,32675,2026-10-04T20:25:00Z,Las Vegas Raiders,Kansas City Chiefs,player_reception_yds,Michael Mayer,24.5,Over,hardrock,130,3.88,0.4517,kalshi,4,56.9,True,ev +3.9 fair 0.452 kalshi 4b
2026-10-02T11:28:18Z,football_nfl,32676,2026-10-05T00:20:00Z,Carolina Panthers,Detroit Lions,player_pass_completions,Jared Goff,23.5,Under,underdog,-104,4.4,0.5323,pinnacle,9,60.9,False,ev +4.4 fair 0.532 pinnacle 9b
2026-10-02T11:28:18Z,football_nfl,32676,2026-10-05T00:20:00Z,Carolina Panthers,Detroit Lions,player_pass_tds,Jared Goff,1.5,Under,kalshi,156,4.04,0.4064,pinnacle,11,60.9,False,ev +4.0 fair 0.406 pinnacle 11b
2026-10-02T11:28:18Z,football_nfl,32676,2026-10-05T00:20:00Z,Carolina Panthers,Detroit Lions,player_receptions,Tetairoa McMillan,3.5,Under,hardrock,240,11.19,0.327,kalshi,4,60.9,True,ev +11.2 fair 0.327 kalshi 4b
2026-10-02T11:28:18Z,football_nfl,32677,2026-10-06T00:15:00Z,New Orleans Saints,Atlanta Falcons,player_receptions,Austin Hooper,1.5,Under,hardrock,-150,5.83,0.635,pinnacle,10,84.8,True,ev +5.8 fair 0.635 pinnacle 10b
2026-10-02T11:28:18Z,football_nfl,32677,2026-10-06T00:15:00Z,New Orleans Saints,Atlanta Falcons,player_rush_yds,Kendre Miller,24.5,Over,hardrock,120,16.28,0.5285,kalshi,4,84.8,True,ev +16.3 fair 0.528 kalshi 4b
2026-10-02T16:55:29Z,football_nfl,24886,2026-10-04T13:30:00Z,Washington Commanders,Indianapolis Colts,player_pass_tds,Daniel Jones,1.5,Under,draftkings,-108,3.06,0.5351,pinnacle,13,44.6,False,ev +3.1 fair 0.535 pinnacle 13b
2026-10-02T16:55:29Z,football_nfl,24886,2026-10-04T13:30:00Z,Washington Commanders,Indianapolis Colts,player_reception_yds,Terry McLaurin,39.5,Under,hardrock,170,3.82,0.3845,kalshi,4,44.6,True,ev +3.8 fair 0.385 kalshi 4b
2026-10-02T16:55:29Z,football_nfl,24886,2026-10-04T13:30:00Z,Washington Commanders,Indianapolis Colts,player_receptions,Darius Slayton,1.5,Over,kalshi,178,4.77,0.3769,pinnacle,9,44.6,False,ev +4.8 fair 0.377 pinnacle 9b
2026-10-02T16:55:29Z,football_nfl,24886,2026-10-04T13:30:00Z,Washington Commanders,Indianapolis Colts,player_receptions,Terry McLaurin,3.5,Under,hardrock,170,8.57,0.4021,kalshi,4,44.6,True,ev +8.6 fair 0.402 kalshi 4b
2026-10-02T16:55:29Z,football_nfl,24886,2026-10-04T13:30:00Z,Washington Commanders,Indianapolis Colts,player_receptions,Terry McLaurin,4.5,Over,kalshi,144,6.51,0.4365,pinnacle,11,44.6,False,ev +6.5 fair 0.436 pinnacle 11b
2026-10-02T16:55:29Z,football_nfl,24886,2026-10-04T13:30:00Z,Washington Commanders,Indianapolis Colts,player_receptions,Terry McLaurin,4.5,Under,hardrock,-120,3.3,0.5635,pinnacle,11,44.6,True,ev +3.3 fair 0.564 pinnacle 11b
2026-10-02T16:55:29Z,football_nfl,24886,2026-10-04T13:30:00Z,Washington Commanders,Indianapolis Colts,player_rush_yds,Marcus Mariota,24.5,Under,hardrock,110,6.02,0.5049,kalshi,4,44.6,True,ev +6.0 fair 0.505 kalshi 4b
2026-10-02T16:55:29Z,football_nfl,32670,2026-10-04T17:00:00Z,Cincinnati Bengals,Jacksonville Jaguars,player_pass_tds,Joe Burrow,1.5,Under,kalshi,163,3.23,0.3925,pinnacle,11,48.1,False,ev +3.2 fair 0.393 pinnacle 11b
2026-10-02T16:55:29Z,football_nfl,32670,2026-10-04T17:00:00Z,Cincinnati Bengals,Jacksonville Jaguars,player_pass_tds,Trevor Lawrence,1.5,Under,kalshi,122,3.84,0.4677,pinnacle,11,48.1,False,ev +3.8 fair 0.468 pinnacle 11b
2026-10-02T16:55:29Z,football_nfl,32670,2026-10-04T17:00:00Z,Cincinnati Bengals,Jacksonville Jaguars,player_receptions,Dohnte Meyers,2.5,Over,kalshi,170,3.45,0.3831,pinnacle,11,48.1,False,ev +3.5 fair 0.383 pinnacle 11b
2026-10-02T16:55:29Z,football_nfl,32670,2026-10-04T17:00:00Z,Cincinnati Bengals,Jacksonville Jaguars,player_receptions,Drew Sample,1.5,Over,kalshi,138,3.05,0.433,pinnacle,11,48.1,False,ev +3.0 fair 0.433 pinnacle 11b
2026-10-02T16:55:29Z,football_nfl,32664,2026-10-04T17:00:00Z,Tampa Bay Buccaneers,Green Bay Packers,player_receptions,Christian Watson,4.5,Over,kalshi,-122,3.18,0.567,pinnacle,9,48.1,False,ev +3.2 fair 0.567 pinnacle 9b
2026-10-02T16:55:29Z,football_nfl,32664,2026-10-04T17:00:00Z,Tampa Bay Buccaneers,Green Bay Packers,player_receptions,MarShawn Lloyd,1.5,Over,kalshi,170,7.82,0.3993,pinnacle,8,48.1,False,ev +7.8 fair 0.399 pinnacle 8b
2026-10-02T16:55:29Z,football_nfl,32664,2026-10-04T17:00:00Z,Tampa Bay Buccaneers,Green Bay Packers,player_receptions,Skyy Moore,1.5,Under,draftkings,149,7.37,0.4312,pinnacle,9,48.1,False,ev +7.4 fair 0.431 pinnacle 9b
2026-10-02T16:55:29Z,football_nfl,32664,2026-10-04T17:00:00Z,Tampa Bay Buccaneers,Green Bay Packers,player_rush_yds,Bucky Irving,49.5,Under,hardrock,150,6.85,0.4274,kalshi,4,48.1,True,ev +6.8 fair 0.427 kalshi 4b
2026-10-02T16:55:29Z,football_nfl,32671,2026-10-04T17:00:00Z,Philadelphia Eagles,Los Angeles Rams,player_pass_tds,Matthew Stafford,1.5,Under,kalshi,104,4.06,0.5101,pinnacle,12,48.1,False,ev +4.1 fair 0.510 pinnacle 12b
2026-10-02T16:55:29Z,football_nfl,32671,2026-10-04T17:00:00Z,Philadelphia Eagles,Los Angeles Rams,player_pass_yds,Matthew Stafford,249.5,Under,kalshi,108,4.42,0.502,pinnacle,7,48.1,False,ev +4.4 fair 0.502 pinnacle 7b
2026-10-02T16:55:29Z,football_nfl,32671,2026-10-04T17:00:00Z,Philadelphia Eagles,Los Angeles Rams,player_reception_yds,Davante Adams,49.5,Under,hardrock,225,20.85,0.3719,kalshi,4,48.1,True,ev +20.9 fair 0.372 kalshi 4b
2026-10-02T16:55:29Z,football_nfl,32671,2026-10-04T17:00:00Z,Philadelphia Eagles,Los Angeles Rams,player_reception_yds,Davante Adams,79.5,Under,hardrock,-145,10.54,0.6542,kalshi,4,48.1,True,ev +10.5 fair 0.654 kalshi 4b
2026-10-02T16:55:29Z,football_nfl,32671,2026-10-04T17:00:00Z,Philadelphia Eagles,Los Angeles Rams,player_reception_yds,Dontayvion Wicks,39.5,Over,hardrock,-120,18.65,0.6472,kalshi,4,48.1,True,ev +18.6 fair 0.647 kalshi 4b
2026-10-02T16:55:29Z,football_nfl,32671,2026-10-04T17:00:00Z,Philadelphia Eagles,Los Angeles Rams,player_reception_yds,Dontayvion Wicks,49.5,Over,hardrock,135,28.86,0.5483,kalshi,4,48.1,True,ev +28.9 fair 0.548 kalshi 4b
2026-10-02T16:55:29Z,football_nfl,32671,2026-10-04T17:00:00Z,Philadelphia Eagles,Los Angeles Rams,player_reception_yds,Makai Lemon,39.5,Over,hardrock,195,31.58,0.446,kalshi,4,48.1,True,ev +31.6 fair 0.446 kalshi 4b
2026-10-02T16:55:29Z,football_nfl,32671,2026-10-04T17:00:00Z,Philadelphia Eagles,Los Angeles Rams,player_reception_yds,Makai Lemon,49.5,Over,hardrock,325,34.75,0.3171,kalshi,4,48.1,True,ev +34.8 fair 0.317 kalshi 4b
2026-10-02T16:55:29Z,football_nfl,32671,2026-10-04T17:00:00Z,Philadelphia Eagles,Los Angeles Rams,player_receptions,Davante Adams,3.5,Under,hardrock,260,15.52,0.3209,kalshi,4,48.1,True,ev +15.5 fair 0.321 kalshi 4b
2026-10-02T16:55:29Z,football_nfl,32671,2026-10-04T17:00:00Z,Philadelphia Eagles,Los Angeles Rams,player_receptions,Davante Adams,4.5,Over,kalshi,-104,5.36,0.5371,pinnacle,11,48.1,False,ev +5.4 fair 0.537 pinnacle 11b
2026-10-02T16:55:29Z,football_nfl,32671,2026-10-04T17:00:00Z,Philadelphia Eagles,Los Angeles Rams,player_receptions,Davante Adams,4.5,Under,hardrock,125,4.15,0.4629,pinnacle,11,48.1,True,ev +4.2 fair 0.463 pinnacle 11b
2026-10-02T16:55:29Z,football_nfl,32671,2026-10-04T17:00:00Z,Philadelphia Eagles,Los Angeles Rams,player_receptions,Dontayvion Wicks,3.5,Under,kalshi,127,15.8,0.5101,pinnacle,10,48.1,False,ev +15.8 fair 0.510 pinnacle 10b
2026-10-02T16:55:29Z,football_nfl,32671,2026-10-04T17:00:00Z,Philadelphia Eagles,Los Angeles Rams,player_receptions,Dontayvion Wicks,3.5,Over,hardrock,135,15.12,0.4899,pinnacle,10,48.1,True,ev +15.1 fair 0.490 pinnacle 10b
2026-10-02T16:55:29Z,football_nfl,32671,2026-10-04T17:00:00Z,Philadelphia Eagles,Los Angeles Rams,player_receptions,Dontayvion Wicks,3.5,Under,fanduel,120,12.23,0.5101,pinnacle,10,48.1,False,ev +12.2 fair 0.510 pinnacle 10b
2026-10-02T16:55:29Z,football_nfl,32671,2026-10-04T17:00:00Z,Philadelphia Eagles,Los Angeles Rams,player_receptions,Dontayvion Wicks,3.5,Under,draftkings,113,8.66,0.5101,pinnacle,10,48.1,False,ev +8.7 fair 0.510 pinnacle 10b
2026-10-02T16:55:29Z,football_nfl,32671,2026-10-04T17:00:00Z,Philadelphia Eagles,Los Angeles Rams,player_receptions,Dontayvion Wicks,3.5,Under,bovada,110,7.13,0.5101,pinnacle,10,48.1,False,ev +7.1 fair 0.510 pinnacle 10b
2026-10-02T16:55:29Z,football_nfl,32671,2026-10-04T17:00:00Z,Philadelphia Eagles,Los Angeles Rams,player_receptions,Dontayvion Wicks,4.5,Over,hardrock,275,42.09,0.3789,kalshi,5,48.1,True,ev +42.1 fair 0.379 kalshi 5b
2026-10-02T16:55:29Z,football_nfl,32671,2026-10-04T17:00:00Z,Philadelphia Eagles,Los Angeles Rams,player_receptions,Johnny Mundt,1.5,Over,kalshi,178,6.51,0.3831,pinnacle,11,48.1,False,ev +6.5 fair 0.383 pinnacle 11b
2026-10-02T16:55:29Z,football_nfl,32671,2026-10-04T17:00:00Z,Philadelphia Eagles,Los Angeles Rams,player_receptions,Johnny Mundt,1.5,Over,draftkings,175,5.36,0.3831,pinnacle,11,48.1,False,ev +5.4 fair 0.383 pinnacle 11b
2026-10-02T16:55:29Z,football_nfl,32671,2026-10-04T17:00:00Z,Philadelphia Eagles,Los Angeles Rams,player_receptions,Johnny Mundt,1.5,Over,bovada,170,3.45,0.3831,pinnacle,11,48.1,False,ev +3.5 fair 0.383 pinnacle 11b
2026-10-02T16:55:29Z,football_nfl,32671,2026-10-04T17:00:00Z,Philadelphia Eagles,Los Angeles Rams,player_receptions,Makai Lemon,2.5,Over,hardrock,-165,8.15,0.6734,kalshi,4,48.1,True,ev +8.2 fair 0.673 kalshi 4b
2026-10-02T16:55:29Z,football_nfl,32671,2026-10-04T17:00:00Z,Philadelphia Eagles,Los Angeles Rams,player_receptions,Makai Lemon,3.5,Over,hardrock,145,21.51,0.496,pinnacle,12,48.1,True,ev +21.5 fair 0.496 pinnacle 12b
2026-10-02T16:55:29Z,football_nfl,32671,2026-10-04T17:00:00Z,Philadelphia Eagles,Los Angeles Rams,player_receptions,Makai Lemon,4.5,Over,hardrock,300,22.7,0.3067,kalshi,4,48.1,True,ev +22.7 fair 0.307 kalshi 4b
2026-10-02T16:55:29Z,football_nfl,32671,2026-10-04T17:00:00Z,Philadelphia Eagles,Los Angeles Rams,player_receptions,Saquon Barkley,2.5,Over,kalshi,150,4.26,0.417,pinnacle,11,48.1,False,ev +4.3 fair 0.417 pinnacle 11b
2026-10-02T16:55:29Z,football_nfl,32665,2026-10-04T17:00:00Z,Baltimore Ravens,Tennessee Titans,player_pass_attempts,Cam Ward,33.5,Under,underdog,-103,3.29,0.5241,pinnacle,5,48.1,False,ev +3.3 fair 0.524 pinnacle 5b
2026-10-02T16:55:29Z,football_nfl,32665,2026-10-04T17:00:00Z,Baltimore Ravens,Tennessee Titans,player_receptions,Calvin Ridley,1.5,Over,kalshi,223,7.49,0.3328,pinnacle,6,48.1,False,ev +7.5 fair 0.333 pinnacle 6b
2026-10-02T16:55:29Z,football_nfl,32665,2026-10-04T17:00:00Z,Baltimore Ravens,Tennessee Titans,player_receptions,Zay Flowers,3.5,Under,hardrock,260,11.01,0.3084,kalshi,4,48.1,True,ev +11.0 fair 0.308 kalshi 4b
2026-10-02T16:55:29Z,football_nfl,32667,2026-10-04T17:00:00Z,Chicago Bears,New York Jets,player_reception_yds,Rome Odunze,39.5,Over,hardrock,165,7.55,0.4058,kalshi,4,48.1,True,ev +7.5 fair 0.406 kalshi 4b
2026-10-02T16:55:29Z,football_nfl,32667,2026-10-04T17:00:00Z,Chicago Bears,New York Jets,player_receptions,Garrett Wilson,6.5,Over,kalshi,113,3.48,0.4858,pinnacle,12,48.1,False,ev +3.5 fair 0.486 pinnacle 12b
2026-10-02T16:55:29Z,football_nfl,32667,2026-10-04T17:00:00Z,Chicago Bears,New York Jets,player_receptions,Rome Odunze,2.5,Over,hardrock,105,5.41,0.5142,pinnacle,11,48.1,True,ev +5.4 fair 0.514 pinnacle 11b
2026-10-02T16:55:29Z,football_nfl,32667,2026-10-04T17:00:00Z,Chicago Bears,New York Jets,player_receptions,Rome Odunze,3.5,Over,hardrock,250,6.26,0.3036,kalshi,4,48.1,True,ev +6.3 fair 0.304 kalshi 4b
2026-10-02T16:55:29Z,football_nfl,32667,2026-10-04T17:00:00Z,Chicago Bears,New York Jets,player_rush_yds,Kyle Monangai,38.5,Over,underdog,-112,5.37,0.5567,pinnacle,4,48.1,False,ev +5.4 fair 0.557 pinnacle 4b
2026-10-02T16:55:29Z,football_nfl,32668,2026-10-04T17:00:00Z,New York Giants,Arizona Cardinals,player_receptions,Cam Skattebo,2.5,Over,kalshi,104,3.65,0.5081,pinnacle,8,48.1,False,ev +3.6 fair 0.508 pinnacle 8b
2026-10-02T16:55:29Z,football_nfl,32668,2026-10-04T17:00:00Z,New York Giants,Arizona Cardinals,player_receptions,Michael Wilson,5.5,Over,kalshi,150,7.22,0.4289,pinnacle,8,48.1,False,ev +7.2 fair 0.429 pinnacle 8b
2026-10-02T16:55:29Z,football_nfl,32668,2026-10-04T17:00:00Z,New York Giants,Arizona Cardinals,player_receptions,Trey McBride,5.5,Under,hardrock,225,4.16,0.3205,kalshi,4,48.1,True,ev +4.2 fair 0.321 kalshi 4b
2026-10-02T16:55:29Z,football_nfl,32668,2026-10-04T17:00:00Z,New York Giants,Arizona Cardinals,player_receptions,Trey McBride,6.5,Under,hardrock,130,5.96,0.4607,kalshi,8,48.1,True,ev +6.0 fair 0.461 kalshi 8b
2026-10-02T16:55:29Z,football_nfl,32666,2026-10-04T17:00:00Z,Houston Texans,Dallas Cowboys,player_reception_yds,Dalton Schultz,39.5,Under,hardrock,120,13.26,0.5148,kalshi,7,48.1,True,ev +13.3 fair 0.515 kalshi 7b
2026-10-02T16:55:29Z,football_nfl,32666,2026-10-04T17:00:00Z,Houston Texans,Dallas Cowboys,player_receptions,Dalton Schultz,3.5,Under,hardrock,210,16.33,0.3752,kalshi,4,48.1,True,ev +16.3 fair 0.375 kalshi 4b
2026-10-02T16:55:29Z,football_nfl,32666,2026-10-04T17:00:00Z,Houston Texans,Dallas Cowboys,player_receptions,Dalton Schultz,4.5,Under,hardrock,105,5.18,0.5131,pinnacle,12,48.1,True,ev +5.2 fair 0.513 pinnacle 12b
2026-10-02T16:55:29Z,football_nfl,32666,2026-10-04T17:00:00Z,Houston Texans,Dallas Cowboys,player_receptions,Dalton Schultz,4.5,Over,kalshi,113,3.71,0.4869,pinnacle,12,48.1,False,ev +3.7 fair 0.487 pinnacle 12b
2026-10-02T16:55:29Z,football_nfl,32666,2026-10-04T17:00:00Z,Houston Texans,Dallas Cowboys,player_receptions,Xavier Hutchinson,2.5,Over,kalshi,-100,3.02,0.5151,pinnacle,10,48.1,False,ev +3.0 fair 0.515 pinnacle 10b
2026-10-02T16:55:29Z,football_nfl,32669,2026-10-04T17:00:00Z,Buffalo Bills,New England Patriots,player_receptions,Romeo Doubs,3.5,Over,kalshi,133,4.6,0.4489,pinnacle,11,48.1,False,ev +4.6 fair 0.449 pinnacle 11b
2026-10-02T16:55:29Z,football_nfl,32669,2026-10-04T17:00:00Z,Buffalo Bills,New England Patriots,player_receptions,Ty Johnson,1.5,Over,kalshi,-108,4.36,0.5419,pinnacle,11,48.1,False,ev +4.4 fair 0.542 pinnacle 11b
2026-10-02T16:55:29Z,football_nfl,32672,2026-10-04T20:05:00Z,Minnesota Vikings,Miami Dolphins,player_pass_completions,Kyler Murray,19.5,Over,draftkings,102,4.28,0.5162,pinnacle,9,51.2,False,ev +4.3 fair 0.516 pinnacle 9b
2026-10-02T16:55:29Z,football_nfl,32672,2026-10-04T20:05:00Z,Minnesota Vikings,Miami Dolphins,player_pass_completions,Kyler Murray,19.5,Over,bovada,100,3.24,0.5162,pinnacle,9,51.2,False,ev +3.2 fair 0.516 pinnacle 9b
2026-10-02T16:55:29Z,football_nfl,32672,2026-10-04T20:05:00Z,Minnesota Vikings,Miami Dolphins,player_receptions,Malik Washington,3.5,Over,hardrock,-135,4.22,0.5987,pinnacle,7,51.2,True,ev +4.2 fair 0.599 pinnacle 7b
2026-10-02T16:55:29Z,football_nfl,32672,2026-10-04T20:05:00Z,Minnesota Vikings,Miami Dolphins,player_receptions,Malik Washington,4.5,Over,hardrock,150,8.9,0.4356,kalshi,7,51.2,True,ev +8.9 fair 0.436 kalshi 7b
2026-10-02T16:55:29Z,football_nfl,32674,2026-10-04T20:25:00Z,San Francisco 49ers,Denver Broncos,player_reception_yds,Christian McCaffrey,39.5,Under,kalshi,108,3.16,0.496,pinnacle,7,51.5,False,ev +3.2 fair 0.496 pinnacle 7b
2026-10-02T16:55:29Z,football_nfl,32674,2026-10-04T20:25:00Z,San Francisco 49ers,Denver Broncos,player_receptions,Evan Engram,1.5,Under,hardrock,210,4.22,0.3362,kalshi,4,51.5,True,ev +4.2 fair 0.336 kalshi 4b
2026-10-02T16:55:29Z,football_nfl,32674,2026-10-04T20:25:00Z,San Francisco 49ers,Denver Broncos,player_receptions,Kyle Juszczyk,1.5,Over,kalshi,178,4.77,0.3769,pinnacle,9,51.5,False,ev +4.8 fair 0.377 pinnacle 9b
2026-10-02T16:55:29Z,football_nfl,32673,2026-10-04T20:25:00Z,Seattle Seahawks,Los Angeles Chargers,player_reception_yds,Quentin Johnston,24.5,Under,hardrock,165,3.09,0.389,kalshi,4,51.5,True,ev +3.1 fair 0.389 kalshi 4b
2026-10-02T16:55:29Z,football_nfl,32673,2026-10-04T20:25:00Z,Seattle Seahawks,Los Angeles Chargers,player_receptions,Tory Horton,1.5,Over,kalshi,178,7.28,0.3859,pinnacle,9,51.5,False,ev +7.3 fair 0.386 pinnacle 9b
2026-10-02T16:55:29Z,football_nfl,32675,2026-10-04T20:25:00Z,Las Vegas Raiders,Kansas City Chiefs,player_pass_tds,Patrick Mahomes,1.5,Under,kalshi,122,5.39,0.4747,pinnacle,11,51.5,False,ev +5.4 fair 0.475 pinnacle 11b
2026-10-02T16:55:29Z,football_nfl,32675,2026-10-04T20:25:00Z,Las Vegas Raiders,Kansas City Chiefs,player_reception_yds,Brock Bowers,79.5,Under,hardrock,-130,4.06,0.5881,kalshi,4,51.5,True,ev +4.1 fair 0.588 kalshi 4b
2026-10-02T16:55:29Z,football_nfl,32675,2026-10-04T20:25:00Z,Las Vegas Raiders,Kansas City Chiefs,player_reception_yds,Jalen Nailor,19.5,Under,kalshi,108,4.0,0.5,pinnacle,11,51.5,False,ev +4.0 fair 0.500 pinnacle 11b
2026-10-02T16:55:29Z,football_nfl,32675,2026-10-04T20:25:00Z,Las Vegas Raiders,Kansas City Chiefs,player_reception_yds,Michael Mayer,24.5,Over,hardrock,130,4.9,0.4561,kalshi,4,51.5,True,ev +4.9 fair 0.456 kalshi 4b
2026-10-02T16:55:29Z,football_nfl,32675,2026-10-04T20:25:00Z,Las Vegas Raiders,Kansas City Chiefs,player_receptions,Emmett Johnson,1.5,Over,kalshi,170,3.45,0.3831,pinnacle,10,51.5,False,ev +3.5 fair 0.383 pinnacle 10b
2026-10-02T16:55:29Z,football_nfl,32675,2026-10-04T20:25:00Z,Las Vegas Raiders,Kansas City Chiefs,player_receptions,Tyquan Thornton,1.5,Over,hardrock,120,3.81,0.4718,pinnacle,11,51.5,True,ev +3.8 fair 0.472 pinnacle 11b
2026-10-02T16:55:29Z,football_nfl,32676,2026-10-05T00:20:00Z,Carolina Panthers,Detroit Lions,player_reception_yds,Tetairoa McMillan,39.5,Under,hardrock,325,30.2,0.3064,kalshi,4,55.4,True,ev +30.2 fair 0.306 kalshi 4b
2026-10-02T16:55:29Z,football_nfl,32676,2026-10-05T00:20:00Z,Carolina Panthers,Detroit Lions,player_receptions,Jahmyr Gibbs,4.5,Over,kalshi,-104,3.6,0.5282,pinnacle,10,55.4,False,ev +3.6 fair 0.528 pinnacle 10b
2026-10-02T16:55:29Z,football_nfl,32676,2026-10-05T00:20:00Z,Carolina Panthers,Detroit Lions,player_receptions,Tetairoa McMillan,3.5,Under,hardrock,240,12.26,0.3302,kalshi,4,55.4,True,ev +12.3 fair 0.330 kalshi 4b
2026-10-02T16:55:29Z,football_nfl,32677,2026-10-06T00:15:00Z,New Orleans Saints,Atlanta Falcons,player_pass_completions,Tyler Shough,23.5,Over,draftkings,102,3.04,0.5101,pinnacle,7,79.3,False,ev +3.0 fair 0.510 pinnacle 7b
2026-10-02T16:55:29Z,football_nfl,32677,2026-10-06T00:15:00Z,New Orleans Saints,Atlanta Falcons,player_reception_yds,Alvin Kamara,24.5,Under,hardrock,-210,3.23,0.6993,kalshi,4,79.3,True,ev +3.2 fair 0.699 kalshi 4b
2026-10-02T16:55:29Z,football_nfl,32677,2026-10-06T00:15:00Z,New Orleans Saints,Atlanta Falcons,player_reception_yds,Bijan Robinson,39.5,Over,kalshi,108,3.37,0.497,pinnacle,8,79.3,False,ev +3.4 fair 0.497 pinnacle 8b
2026-10-02T16:55:29Z,football_nfl,32677,2026-10-06T00:15:00Z,New Orleans Saints,Atlanta Falcons,player_receptions,Austin Hooper,1.5,Under,hardrock,-150,5.83,0.635,pinnacle,10,79.3,True,ev +5.8 fair 0.635 pinnacle 10b
2026-10-02T16:55:29Z,football_nfl,32677,2026-10-06T00:15:00Z,New Orleans Saints,Atlanta Falcons,player_rush_yds,Kendre Miller,24.5,Over,hardrock,120,16.28,0.5285,kalshi,4,79.3,True,ev +16.3 fair 0.528 kalshi 4b
2026-10-02T21:30:10Z,football_nfl,24886,2026-10-04T13:30:00Z,Washington Commanders,Indianapolis Colts,player_reception_yds,Laquon Treadwell,14.5,Over,kalshi,104,4.58,0.5127,pinnacle,7,40.0,False,ev +4.6 fair 0.513 pinnacle 7b
2026-10-02T21:30:10Z,football_nfl,24886,2026-10-04T13:30:00Z,Washington Commanders,Indianapolis Colts,player_reception_yds,Tyler Warren,49.5,Over,hardrock,100,8.78,0.5439,kalshi,4,40.0,True,ev +8.8 fair 0.544 kalshi 4b
2026-10-02T21:30:10Z,football_nfl,24886,2026-10-04T13:30:00Z,Washington Commanders,Indianapolis Colts,player_receptions,Antonio Williams,1.5,Over,kalshi,-117,4.53,0.5636,pinnacle,5,40.0,False,ev +4.5 fair 0.564 pinnacle 5b
2026-10-02T21:30:10Z,football_nfl,24886,2026-10-04T13:30:00Z,Washington Commanders,Indianapolis Colts,player_receptions,Darius Slayton,1.5,Over,kalshi,186,10.01,0.3846,pinnacle,9,40.0,False,ev +10.0 fair 0.385 pinnacle 9b
2026-10-02T21:30:10Z,football_nfl,24886,2026-10-04T13:30:00Z,Washington Commanders,Indianapolis Colts,player_receptions,Darius Slayton,1.5,Over,fanduel,168,3.08,0.3846,pinnacle,9,40.0,False,ev +3.1 fair 0.385 pinnacle 9b
2026-10-02T21:30:10Z,football_nfl,24886,2026-10-04T13:30:00Z,Washington Commanders,Indianapolis Colts,player_receptions,Terry McLaurin,4.5,Over,kalshi,156,11.72,0.4364,pinnacle,3,40.0,False,ev +11.7 fair 0.436 pinnacle 3b
2026-10-02T21:30:10Z,football_nfl,24886,2026-10-04T13:30:00Z,Washington Commanders,Indianapolis Colts,player_receptions,Tyler Warren,5.5,Under,underdog,-103,4.73,0.5314,pinnacle,12,40.0,False,ev +4.7 fair 0.531 pinnacle 12b
2026-10-02T21:30:10Z,football_nfl,24886,2026-10-04T13:30:00Z,Washington Commanders,Indianapolis Colts,player_rush_yds,Jacory Croskey-Merritt,79.5,Over,hardrock,250,6.26,0.3036,kalshi,4,40.0,True,ev +6.3 fair 0.304 kalshi 4b
2026-10-02T21:30:10Z,football_nfl,32670,2026-10-04T17:00:00Z,Cincinnati Bengals,Jacksonville Jaguars,player_pass_tds,Joe Burrow,1.5,Under,kalshi,163,3.29,0.3927,pinnacle,11,43.5,False,ev +3.3 fair 0.393 pinnacle 11b
2026-10-02T21:30:10Z,football_nfl,32670,2026-10-04T17:00:00Z,Cincinnati Bengals,Jacksonville Jaguars,player_pass_tds,Trevor Lawrence,1.5,Under,kalshi,122,3.84,0.4677,pinnacle,11,43.5,False,ev +3.8 fair 0.468 pinnacle 11b
2026-10-02T21:30:10Z,football_nfl,32670,2026-10-04T17:00:00Z,Cincinnati Bengals,Jacksonville Jaguars,player_reception_yds,Ja'Marr Chase,79.5,Over,hardrock,-115,3.57,0.554,kalshi,4,43.5,True,ev +3.6 fair 0.554 kalshi 4b
2026-10-02T21:30:10Z,football_nfl,32670,2026-10-04T17:00:00Z,Cincinnati Bengals,Jacksonville Jaguars,player_receptions,Dohnte Meyers,1.5,Under,hardrock,160,5.52,0.4058,kalshi,4,43.5,True,ev +5.5 fair 0.406 kalshi 4b
2026-10-02T21:30:10Z,football_nfl,32670,2026-10-04T17:00:00Z,Cincinnati Bengals,Jacksonville Jaguars,player_receptions,Dohnte Meyers,2.5,Over,kalshi,178,6.54,0.3832,pinnacle,11,43.5,False,ev +6.5 fair 0.383 pinnacle 11b
2026-10-02T21:30:10Z,football_nfl,32670,2026-10-04T17:00:00Z,Cincinnati Bengals,Jacksonville Jaguars,player_receptions,Drew Sample,1.5,Over,kalshi,138,3.01,0.4328,pinnacle,11,43.5,False,ev +3.0 fair 0.433 pinnacle 11b
2026-10-02T21:30:10Z,football_nfl,32670,2026-10-04T17:00:00Z,Cincinnati Bengals,Jacksonville Jaguars,player_receptions,Jakobi Meyers,2.5,Under,hardrock,260,15.49,0.3208,kalshi,4,43.5,True,ev +15.5 fair 0.321 kalshi 4b
2026-10-02T21:30:10Z,football_nfl,32670,2026-10-04T17:00:00Z,Cincinnati Bengals,Jacksonville Jaguars,player_rush_longest,Trevor Lawrence,8.5,Over,underdog,-104,4.08,0.5306,bovada,4,43.5,False,ev +4.1 fair 0.531 bovada 4b
2026-10-02T21:30:10Z,football_nfl,32670,2026-10-04T17:00:00Z,Cincinnati Bengals,Jacksonville Jaguars,player_rush_yds,Chase Brown,49.5,Under,hardrock,190,3.28,0.3561,kalshi,4,43.5,True,ev +3.3 fair 0.356 kalshi 4b
2026-10-02T21:30:10Z,football_nfl,32664,2026-10-04T17:00:00Z,Tampa Bay Buccaneers,Green Bay Packers,player_pass_completions,Jordan Love,20.5,Under,bovada,105,4.66,0.5105,pinnacle,7,43.5,False,ev +4.7 fair 0.510 pinnacle 7b
2026-10-02T21:30:10Z,football_nfl,32664,2026-10-04T17:00:00Z,Tampa Bay Buccaneers,Green Bay Packers,player_pass_completions,Jordan Love,20.5,Under,draftkings,104,4.15,0.5105,pinnacle,7,43.5,False,ev +4.2 fair 0.510 pinnacle 7b
2026-10-02T21:30:10Z,football_nfl,32664,2026-10-04T17:00:00Z,Tampa Bay Buccaneers,Green Bay Packers,player_reception_yds,Skyy Moore,19.5,Over,kalshi,113,5.6,0.4958,pinnacle,3,43.5,False,ev +5.6 fair 0.496 pinnacle 3b
2026-10-02T21:30:10Z,football_nfl,32664,2026-10-04T17:00:00Z,Tampa Bay Buccaneers,Green Bay Packers,player_receptions,Cade Otton,2.5,Over,kalshi,-138,3.0,0.5972,pinnacle,11,43.5,False,ev +3.0 fair 0.597 pinnacle 11b
2026-10-02T21:30:10Z,football_nfl,32664,2026-10-04T17:00:00Z,Tampa Bay Buccaneers,Green Bay Packers,player_receptions,MarShawn Lloyd,1.5,Over,kalshi,170,7.78,0.3992,pinnacle,8,43.5,False,ev +7.8 fair 0.399 pinnacle 8b
2026-10-02T21:30:10Z,football_nfl,32664,2026-10-04T17:00:00Z,Tampa Bay Buccaneers,Green Bay Packers,player_receptions,Matthew Golden,4.5,Under,bovada,115,5.23,0.4895,pinnacle,11,43.5,False,ev +5.2 fair 0.489 pinnacle 11b
2026-10-02T21:30:10Z,football_nfl,32664,2026-10-04T17:00:00Z,Tampa Bay Buccaneers,Green Bay Packers,player_receptions,Tez Johnson,1.5,Over,kalshi,194,4.98,0.3571,pinnacle,9,43.5,False,ev +5.0 fair 0.357 pinnacle 9b
2026-10-02T21:30:10Z,football_nfl,32671,2026-10-04T17:00:00Z,Philadelphia Eagles,Los Angeles Rams,player_pass_tds,Matthew Stafford,1.5,Under,kalshi,104,4.15,0.5105,pinnacle,12,43.5,False,ev +4.2 fair 0.510 pinnacle 12b
2026-10-02T21:30:10Z,football_nfl,32671,2026-10-04T17:00:00Z,Philadelphia Eagles,Los Angeles Rams,player_reception_yds,Davante Adams,49.5,Under,hardrock,225,18.81,0.3656,kalshi,4,43.5,True,ev +18.8 fair 0.366 kalshi 4b
2026-10-02T21:30:10Z,football_nfl,32671,2026-10-04T17:00:00Z,Philadelphia Eagles,Los Angeles Rams,player_reception_yds,Dontayvion Wicks,39.5,Over,hardrock,-120,18.65,0.6472,kalshi,4,43.5,True,ev +18.6 fair 0.647 kalshi 4b
2026-10-02T21:30:10Z,football_nfl,32671,2026-10-04T17:00:00Z,Philadelphia Eagles,Los Angeles Rams,player_reception_yds,Makai Lemon,39.5,Over,hardrock,195,34.6,0.4563,kalshi,4,43.5,True,ev +34.6 fair 0.456 kalshi 4b
2026-10-02T21:30:10Z,football_nfl,32671,2026-10-04T17:00:00Z,Philadelphia Eagles,Los Angeles Rams,player_reception_yds,Makai Lemon,49.5,Over,hardrock,325,45.74,0.3429,kalshi,4,43.5,True,ev +45.7 fair 0.343 kalshi 4b
2026-10-02T21:30:10Z,football_nfl,32671,2026-10-04T17:00:00Z,Philadelphia Eagles,Los Angeles Rams,player_receptions,Davante Adams,3.5,Under,hardrock,260,16.59,0.3239,kalshi,4,43.5,True,ev +16.6 fair 0.324 kalshi 4b
2026-10-02T21:30:10Z,football_nfl,32671,2026-10-04T17:00:00Z,Philadelphia Eagles,Los Angeles Rams,player_receptions,Davante Adams,4.5,Over,kalshi,-104,5.05,0.5355,pinnacle,11,43.5,False,ev +5.0 fair 0.535 pinnacle 11b
2026-10-02T21:30:10Z,football_nfl,32671,2026-10-04T17:00:00Z,Philadelphia Eagles,Los Angeles Rams,player_receptions,Davante Adams,4.5,Under,hardrock,125,4.5,0.4645,pinnacle,11,43.5,True,ev +4.5 fair 0.465 pinnacle 11b
2026-10-02T21:30:10Z,football_nfl,32671,2026-10-04T17:00:00Z,Philadelphia Eagles,Los Angeles Rams,player_receptions,Dontayvion Wicks,3.5,Over,hardrock,135,26.05,0.5364,pinnacle,11,43.5,True,ev +26.1 fair 0.536 pinnacle 11b
2026-10-02T21:30:10Z,football_nfl,32671,2026-10-04T17:00:00Z,Philadelphia Eagles,Los Angeles Rams,player_receptions,Dontayvion Wicks,3.5,Under,kalshi,127,5.24,0.4636,pinnacle,11,43.5,False,ev +5.2 fair 0.464 pinnacle 11b
2026-10-02T21:30:10Z,football_nfl,32671,2026-10-04T17:00:00Z,Philadelphia Eagles,Los Angeles Rams,player_receptions,Johnny Mundt,1.5,Over,kalshi,178,5.65,0.38,pinnacle,11,43.5,False,ev +5.7 fair 0.380 pinnacle 11b
2026-10-02T21:30:10Z,football_nfl,32671,2026-10-04T17:00:00Z,Philadelphia Eagles,Los Angeles Rams,player_receptions,Kyren Williams,2.5,Over,draftkings,141,3.3,0.4286,pinnacle,11,43.5,False,ev +3.3 fair 0.429 pinnacle 11b
2026-10-02T21:30:10Z,football_nfl,32671,2026-10-04T17:00:00Z,Philadelphia Eagles,Los Angeles Rams,player_receptions,Makai Lemon,2.5,Over,hardrock,-165,8.15,0.6734,kalshi,4,43.5,True,ev +8.2 fair 0.673 kalshi 4b
2026-10-02T21:30:10Z,football_nfl,32671,2026-10-04T17:00:00Z,Philadelphia Eagles,Los Angeles Rams,player_receptions,Makai Lemon,3.5,Over,hardrock,145,21.47,0.4958,pinnacle,12,43.5,True,ev +21.5 fair 0.496 pinnacle 12b
2026-10-02T21:30:10Z,football_nfl,32671,2026-10-04T17:00:00Z,Philadelphia Eagles,Los Angeles Rams,player_receptions,Makai Lemon,4.5,Over,hardrock,300,22.7,0.3067,kalshi,4,43.5,True,ev +22.7 fair 0.307 kalshi 4b
2026-10-02T21:30:10Z,football_nfl,32665,2026-10-04T17:00:00Z,Baltimore Ravens,Tennessee Titans,player_pass_attempts,Cam Ward,33.5,Under,underdog,-103,3.73,0.5263,pinnacle,4,43.5,False,ev +3.7 fair 0.526 pinnacle 4b
2026-10-02T21:30:10Z,football_nfl,32665,2026-10-04T17:00:00Z,Baltimore Ravens,Tennessee Titans,player_receptions,Calvin Ridley,1.5,Over,kalshi,223,7.59,0.3331,pinnacle,6,43.5,False,ev +7.6 fair 0.333 pinnacle 6b
2026-10-02T21:30:10Z,football_nfl,32665,2026-10-04T17:00:00Z,Baltimore Ravens,Tennessee Titans,player_receptions,Rashod Bateman,1.5,Under,hardrock,300,28.2,0.3205,kalshi,4,43.5,True,ev +28.2 fair 0.321 kalshi 4b
2026-10-02T21:30:10Z,football_nfl,32665,2026-10-04T17:00:00Z,Baltimore Ravens,Tennessee Titans,player_receptions,Rashod Bateman,2.5,Under,hardrock,115,21.17,0.5636,pinnacle,11,43.5,True,ev +21.2 fair 0.564 pinnacle 11b
2026-10-02T21:30:10Z,football_nfl,32665,2026-10-04T17:00:00Z,Baltimore Ravens,Tennessee Titans,player_receptions,Tony Pollard,1.5,Under,bovada,140,3.29,0.4304,pinnacle,9,43.5,False,ev +3.3 fair 0.430 pinnacle 9b
2026-10-02T21:30:10Z,football_nfl,32665,2026-10-04T17:00:00Z,Baltimore Ravens,Tennessee Titans,player_receptions,Tony Pollard,1.5,Under,fanduel,140,3.29,0.4304,pinnacle,9,43.5,False,ev +3.3 fair 0.430 pinnacle 9b
2026-10-02T21:30:10Z,football_nfl,32667,2026-10-04T17:00:00Z,Chicago Bears,New York Jets,player_reception_yds,Rome Odunze,39.5,Over,hardrock,165,5.48,0.3981,kalshi,4,43.5,True,ev +5.5 fair 0.398 kalshi 4b
2026-10-02T21:30:10Z,football_nfl,32667,2026-10-04T17:00:00Z,Chicago Bears,New York Jets,player_receptions,Isaiah Williams,2.5,Over,kalshi,-104,3.66,0.5284,pinnacle,11,43.5,False,ev +3.7 fair 0.528 pinnacle 11b
2026-10-02T21:30:10Z,football_nfl,32667,2026-10-04T17:00:00Z,Chicago Bears,New York Jets,player_receptions,Kalif Raymond,2.5,Under,hardrock,175,3.19,0.3752,kalshi,4,43.5,True,ev +3.2 fair 0.375 kalshi 4b
2026-10-02T21:30:10Z,football_nfl,32667,2026-10-04T17:00:00Z,Chicago Bears,New York Jets,player_rush_yds,D'Andre Swift,49.5,Under,hardrock,210,16.33,0.3752,kalshi,4,43.5,True,ev +16.3 fair 0.375 kalshi 4b
2026-10-02T21:30:10Z,football_nfl,32668,2026-10-04T17:00:00Z,New York Giants,Arizona Cardinals,player_receptions,Malik Nabers,4.5,Over,kalshi,-108,3.14,0.5355,pinnacle,11,43.5,False,ev +3.1 fair 0.535 pinnacle 11b
2026-10-02T21:30:10Z,football_nfl,32668,2026-10-04T17:00:00Z,New York Giants,Arizona Cardinals,player_receptions,Michael Wilson,5.5,Over,kalshi,150,5.13,0.4205,pinnacle,8,43.5,False,ev +5.1 fair 0.420 pinnacle 8b
2026-10-02T21:30:10Z,football_nfl,32668,2026-10-04T17:00:00Z,New York Giants,Arizona Cardinals,player_receptions,Trey McBride,5.5,Under,hardrock,225,3.04,0.3171,kalshi,4,43.5,True,ev +3.0 fair 0.317 kalshi 4b
2026-10-02T21:30:10Z,football_nfl,32668,2026-10-04T17:00:00Z,New York Giants,Arizona Cardinals,player_receptions,Trey McBride,6.5,Under,hardrock,130,10.46,0.4802,kalshi,8,43.5,True,ev +10.5 fair 0.480 kalshi 8b
2026-10-02T21:30:10Z,football_nfl,32668,2026-10-04T17:00:00Z,New York Giants,Arizona Cardinals,player_receptions,Trey McBride,7.5,Over,kalshi,156,6.8,0.4172,pinnacle,7,43.5,False,ev +6.8 fair 0.417 pinnacle 7b
2026-10-02T21:30:10Z,football_nfl,32666,2026-10-04T17:00:00Z,Houston Texans,Dallas Cowboys,player_pass_yds,Dak Prescott,274.5,Under,hardrock,-120,3.48,0.5644,kalshi,4,43.5,True,ev +3.5 fair 0.564 kalshi 4b
2026-10-02T21:30:10Z,football_nfl,32666,2026-10-04T17:00:00Z,Houston Texans,Dallas Cowboys,player_reception_yds,Dalton Schultz,39.5,Under,hardrock,120,11.07,0.5049,kalshi,5,43.5,True,ev +11.1 fair 0.505 kalshi 5b
2026-10-02T21:30:10Z,football_nfl,32666,2026-10-04T17:00:00Z,Houston Texans,Dallas Cowboys,player_reception_yds,Nico Collins,49.5,Under,hardrock,225,11.3,0.3425,kalshi,4,43.5,True,ev +11.3 fair 0.343 kalshi 4b
2026-10-02T21:30:10Z,football_nfl,32666,2026-10-04T17:00:00Z,Houston Texans,Dallas Cowboys,player_receptions,Dalton Schultz,3.5,Under,hardrock,210,14.37,0.3689,kalshi,4,43.5,True,ev +14.4 fair 0.369 kalshi 4b
2026-10-02T21:30:10Z,football_nfl,32666,2026-10-04T17:00:00Z,Houston Texans,Dallas Cowboys,player_receptions,Dalton Schultz,4.5,Over,kalshi,113,3.8,0.4873,pinnacle,12,43.5,False,ev +3.8 fair 0.487 pinnacle 12b
2026-10-02T21:30:10Z,football_nfl,32666,2026-10-04T17:00:00Z,Houston Texans,Dallas Cowboys,player_receptions,Jake Ferguson,3.5,Over,kalshi,122,3.84,0.4677,pinnacle,11,43.5,False,ev +3.8 fair 0.468 pinnacle 11b
2026-10-02T21:30:10Z,football_nfl,32666,2026-10-04T17:00:00Z,Houston Texans,Dallas Cowboys,player_receptions,Nico Collins,3.5,Under,hardrock,300,21.65,0.3041,kalshi,4,43.5,True,ev +21.6 fair 0.304 kalshi 4b
2026-10-02T21:30:10Z,football_nfl,32666,2026-10-04T17:00:00Z,Houston Texans,Dallas Cowboys,player_receptions,Nico Collins,4.5,Under,hardrock,150,8.4,0.4336,kalshi,4,43.5,True,ev +8.4 fair 0.434 kalshi 4b
2026-10-02T21:30:10Z,football_nfl,32669,2026-10-04T17:00:00Z,Buffalo Bills,New England Patriots,player_receptions,Romeo Doubs,3.5,Over,kalshi,133,4.62,0.449,pinnacle,11,43.5,False,ev +4.6 fair 0.449 pinnacle 11b
2026-10-02T21:30:10Z,football_nfl,32669,2026-10-04T17:00:00Z,Buffalo Bills,New England Patriots,player_receptions,Ty Johnson,1.5,Over,kalshi,-108,4.47,0.5424,pinnacle,11,43.5,False,ev +4.5 fair 0.542 pinnacle 11b
2026-10-02T21:30:10Z,football_nfl,32672,2026-10-04T20:05:00Z,Minnesota Vikings,Miami Dolphins,player_pass_tds,Malik Willis,0.5,Under,kalshi,-104,4.24,0.5314,pinnacle,10,46.6,False,ev +4.2 fair 0.531 pinnacle 10b
2026-10-02T21:30:10Z,football_nfl,32672,2026-10-04T20:05:00Z,Minnesota Vikings,Miami Dolphins,player_receptions,Malik Washington,3.5,Over,hardrock,-135,6.55,0.6121,pinnacle,6,46.6,True,ev +6.5 fair 0.612 pinnacle 6b
2026-10-02T21:30:10Z,football_nfl,32672,2026-10-04T20:05:00Z,Minnesota Vikings,Miami Dolphins,player_receptions,Malik Washington,4.5,Over,hardrock,150,12.92,0.4517,kalshi,9,46.6,True,ev +12.9 fair 0.452 kalshi 9b
2026-10-02T21:30:10Z,football_nfl,32672,2026-10-04T20:05:00Z,Minnesota Vikings,Miami Dolphins,player_rush_attempts,Kyler Murray,5.5,Under,hardrock,-130,3.11,0.5828,pinnacle,3,46.6,True,ev +3.1 fair 0.583 pinnacle 3b
2026-10-02T21:30:10Z,football_nfl,32672,2026-10-04T20:05:00Z,Minnesota Vikings,Miami Dolphins,player_rush_yds,Jaylen Wright,24.5,Over,hardrock,105,17.09,0.5712,kalshi,4,46.6,True,ev +17.1 fair 0.571 kalshi 4b
2026-10-02T21:30:10Z,football_nfl,32674,2026-10-04T20:25:00Z,San Francisco 49ers,Denver Broncos,player_reception_yds,Christian McCaffrey,39.5,Under,kalshi,113,5.39,0.4948,pinnacle,6,46.9,False,ev +5.4 fair 0.495 pinnacle 6b
2026-10-02T21:30:10Z,football_nfl,32674,2026-10-04T20:25:00Z,San Francisco 49ers,Denver Broncos,player_reception_yds,Christian McCaffrey,49.5,Over,hardrock,165,7.55,0.4058,kalshi,4,46.9,True,ev +7.5 fair 0.406 kalshi 4b
2026-10-02T21:30:10Z,football_nfl,32674,2026-10-04T20:25:00Z,San Francisco 49ers,Denver Broncos,player_receptions,Kyle Juszczyk,1.5,Over,kalshi,178,4.77,0.3769,pinnacle,9,46.9,False,ev +4.8 fair 0.377 pinnacle 9b
2026-10-02T21:30:10Z,football_nfl,32673,2026-10-04T20:25:00Z,Seattle Seahawks,Los Angeles Chargers,player_receptions,Tory Horton,1.5,Over,kalshi,178,3.66,0.3729,pinnacle,10,46.9,False,ev +3.7 fair 0.373 pinnacle 10b
2026-10-02T21:30:10Z,football_nfl,32675,2026-10-04T20:25:00Z,Las Vegas Raiders,Kansas City Chiefs,player_pass_tds,Patrick Mahomes,1.5,Under,kalshi,122,5.43,0.4749,pinnacle,13,46.9,False,ev +5.4 fair 0.475 pinnacle 13b
2026-10-02T21:30:10Z,football_nfl,32675,2026-10-04T20:25:00Z,Las Vegas Raiders,Kansas City Chiefs,player_reception_yds,Jalen Nailor,19.5,Under,kalshi,108,4.0,0.5,pinnacle,13,46.9,False,ev +4.0 fair 0.500 pinnacle 13b
2026-10-02T21:30:10Z,football_nfl,32675,2026-10-04T20:25:00Z,Las Vegas Raiders,Kansas City Chiefs,player_reception_yds,Michael Mayer,24.5,Over,hardrock,130,4.9,0.4561,kalshi,4,46.9,True,ev +4.9 fair 0.456 kalshi 4b
2026-10-02T21:30:10Z,football_nfl,32675,2026-10-04T20:25:00Z,Las Vegas Raiders,Kansas City Chiefs,player_receptions,Cody White,1.5,Over,kalshi,178,4.77,0.3769,pinnacle,9,46.9,False,ev +4.8 fair 0.377 pinnacle 9b
2026-10-02T21:30:10Z,football_nfl,32675,2026-10-04T20:25:00Z,Las Vegas Raiders,Kansas City Chiefs,player_receptions,Emmett Johnson,1.5,Over,kalshi,170,3.47,0.3832,pinnacle,10,46.9,False,ev +3.5 fair 0.383 pinnacle 10b
2026-10-02T21:30:10Z,football_nfl,32675,2026-10-04T20:25:00Z,Las Vegas Raiders,Kansas City Chiefs,player_receptions,Tyquan Thornton,1.5,Over,hardrock,120,3.74,0.4716,pinnacle,13,46.9,True,ev +3.7 fair 0.472 pinnacle 13b
2026-10-02T21:30:10Z,football_nfl,32676,2026-10-05T00:20:00Z,Carolina Panthers,Detroit Lions,player_reception_yds,Tetairoa McMillan,49.5,Under,hardrock,210,3.31,0.3333,kalshi,4,50.8,True,ev +3.3 fair 0.333 kalshi 4b
2026-10-02T21:30:10Z,football_nfl,32676,2026-10-05T00:20:00Z,Carolina Panthers,Detroit Lions,player_receptions,Sam LaPorta,3.5,Under,hardrock,170,3.82,0.3845,kalshi,4,50.8,True,ev +3.8 fair 0.385 kalshi 4b
2026-10-02T21:30:10Z,football_nfl,32676,2026-10-05T00:20:00Z,Carolina Panthers,Detroit Lions,player_receptions,Tetairoa McMillan,3.5,Under,hardrock,240,14.47,0.3367,kalshi,4,50.8,True,ev +14.5 fair 0.337 kalshi 4b
2026-10-02T21:30:10Z,football_nfl,32677,2026-10-06T00:15:00Z,New Orleans Saints,Atlanta Falcons,player_pass_completions,Tyler Shough,23.5,Over,draftkings,102,3.13,0.5105,pinnacle,7,74.7,False,ev +3.1 fair 0.510 pinnacle 7b
2026-10-02T21:30:10Z,football_nfl,32677,2026-10-06T00:15:00Z,New Orleans Saints,Atlanta Falcons,player_reception_yds,Bijan Robinson,39.5,Over,kalshi,108,3.56,0.4979,pinnacle,8,74.7,False,ev +3.6 fair 0.498 pinnacle 8b
2026-10-02T21:30:10Z,football_nfl,32677,2026-10-06T00:15:00Z,New Orleans Saints,Atlanta Falcons,player_receptions,Austin Hooper,1.5,Under,hardrock,-150,5.8,0.6348,pinnacle,10,74.7,True,ev +5.8 fair 0.635 pinnacle 10b
2026-10-02T21:30:10Z,football_nfl,32677,2026-10-06T00:15:00Z,New Orleans Saints,Atlanta Falcons,player_rush_yds,Kendre Miller,24.5,Over,hardrock,120,15.23,0.5238,kalshi,4,74.7,True,ev +15.2 fair 0.524 kalshi 4b
2026-10-03T02:35:50Z,football_nfl,24886,2026-10-04T13:30:00Z,Washington Commanders,Indianapolis Colts,player_reception_yds,Laquon Treadwell,14.5,Over,kalshi,108,3.12,0.4958,pinnacle,8,34.9,False,ev +3.1 fair 0.496 pinnacle 8b
2026-10-03T02:35:50Z,football_nfl,24886,2026-10-04T13:30:00Z,Washington Commanders,Indianapolis Colts,player_reception_yds,Tyler Warren,49.5,Over,hardrock,100,8.78,0.5439,kalshi,4,34.9,True,ev +8.8 fair 0.544 kalshi 4b
2026-10-03T02:35:50Z,football_nfl,24886,2026-10-04T13:30:00Z,Washington Commanders,Indianapolis Colts,player_receptions,Darius Slayton,1.5,Over,kalshi,203,16.54,0.3846,pinnacle,9,34.9,False,ev +16.5 fair 0.385 pinnacle 9b
2026-10-03T02:35:50Z,football_nfl,24886,2026-10-04T13:30:00Z,Washington Commanders,Indianapolis Colts,player_receptions,Darius Slayton,1.5,Over,fanduel,168,3.08,0.3846,pinnacle,9,34.9,False,ev +3.1 fair 0.385 pinnacle 9b
2026-10-03T02:35:50Z,football_nfl,24886,2026-10-04T13:30:00Z,Washington Commanders,Indianapolis Colts,player_receptions,Terry McLaurin,4.5,Over,kalshi,150,9.1,0.4364,pinnacle,3,34.9,False,ev +9.1 fair 0.436 pinnacle 3b
2026-10-03T02:35:50Z,football_nfl,24886,2026-10-04T13:30:00Z,Washington Commanders,Indianapolis Colts,player_receptions,Tyler Warren,5.5,Under,underdog,-103,4.73,0.5314,pinnacle,12,34.9,False,ev +4.7 fair 0.531 pinnacle 12b
2026-10-03T02:35:50Z,football_nfl,32670,2026-10-04T17:00:00Z,Cincinnati Bengals,Jacksonville Jaguars,player_pass_tds,Joe Burrow,1.5,Under,kalshi,163,3.29,0.3927,pinnacle,13,38.4,False,ev +3.3 fair 0.393 pinnacle 13b
2026-10-03T02:35:50Z,football_nfl,32670,2026-10-04T17:00:00Z,Cincinnati Bengals,Jacksonville Jaguars,player_pass_tds,Trevor Lawrence,1.5,Under,kalshi,127,6.18,0.4677,pinnacle,13,38.4,False,ev +6.2 fair 0.468 pinnacle 13b
2026-10-03T02:35:50Z,football_nfl,32670,2026-10-04T17:00:00Z,Cincinnati Bengals,Jacksonville Jaguars,player_reception_yds,Ja'Marr Chase,79.5,Over,hardrock,-115,3.57,0.554,kalshi,4,38.4,True,ev +3.6 fair 0.554 kalshi 4b
2026-10-03T02:35:50Z,football_nfl,32670,2026-10-04T17:00:00Z,Cincinnati Bengals,Jacksonville Jaguars,player_receptions,Dohnte Meyers,2.5,Over,kalshi,178,7.84,0.3879,pinnacle,11,38.4,False,ev +7.8 fair 0.388 pinnacle 11b
2026-10-03T02:35:50Z,football_nfl,32670,2026-10-04T17:00:00Z,Cincinnati Bengals,Jacksonville Jaguars,player_receptions,Samaje Perine,1.5,Over,kalshi,104,5.01,0.5148,pinnacle,12,38.4,False,ev +5.0 fair 0.515 pinnacle 12b
2026-10-03T02:35:50Z,football_nfl,32670,2026-10-04T17:00:00Z,Cincinnati Bengals,Jacksonville Jaguars,player_receptions,Tee Higgins,4.5,Over,kalshi,104,3.29,0.5063,pinnacle,13,38.4,False,ev +3.3 fair 0.506 pinnacle 13b
2026-10-03T02:35:50Z,football_nfl,32670,2026-10-04T17:00:00Z,Cincinnati Bengals,Jacksonville Jaguars,player_rush_longest,Trevor Lawrence,8.5,Over,underdog,-104,4.08,0.5306,bovada,4,38.4,False,ev +4.1 fair 0.531 bovada 4b
2026-10-03T02:35:50Z,football_nfl,32670,2026-10-04T17:00:00Z,Cincinnati Bengals,Jacksonville Jaguars,player_rush_yds,Chase Brown,49.5,Under,hardrock,190,3.28,0.3561,kalshi,4,38.4,True,ev +3.3 fair 0.356 kalshi 4b
2026-10-03T02:35:50Z,football_nfl,32664,2026-10-04T17:00:00Z,Tampa Bay Buccaneers,Green Bay Packers,player_field_goals_made,Chase McLaughlin,1.5,Under,hardrock,-105,5.9,0.5424,pinnacle,5,38.4,True,ev +5.9 fair 0.542 pinnacle 5b
2026-10-03T02:35:50Z,football_nfl,32664,2026-10-04T17:00:00Z,Tampa Bay Buccaneers,Green Bay Packers,player_field_goals_made,Chase McLaughlin,1.5,Under,draftkings,-107,4.93,0.5424,pinnacle,5,38.4,False,ev +4.9 fair 0.542 pinnacle 5b
2026-10-03T02:35:50Z,football_nfl,32664,2026-10-04T17:00:00Z,Tampa Bay Buccaneers,Green Bay Packers,player_pass_completions,Jordan Love,20.5,Under,bovada,105,4.66,0.5105,pinnacle,7,38.4,False,ev +4.7 fair 0.510 pinnacle 7b
2026-10-03T02:35:50Z,football_nfl,32664,2026-10-04T17:00:00Z,Tampa Bay Buccaneers,Green Bay Packers,player_pass_completions,Jordan Love,20.5,Under,draftkings,104,4.15,0.5105,pinnacle,7,38.4,False,ev +4.2 fair 0.510 pinnacle 7b
2026-10-03T02:35:50Z,football_nfl,32664,2026-10-04T17:00:00Z,Tampa Bay Buccaneers,Green Bay Packers,player_receptions,Cade Otton,2.5,Over,kalshi,-138,3.0,0.5972,pinnacle,11,38.4,False,ev +3.0 fair 0.597 pinnacle 11b
2026-10-03T02:35:50Z,football_nfl,32664,2026-10-04T17:00:00Z,Tampa Bay Buccaneers,Green Bay Packers,player_receptions,Jonnu Smith,1.5,Under,hardrock,-180,3.17,0.6633,kalshi,7,38.4,True,ev +3.2 fair 0.663 kalshi 7b
2026-10-03T02:35:50Z,football_nfl,32664,2026-10-04T17:00:00Z,Tampa Bay Buccaneers,Green Bay Packers,player_receptions,MarShawn Lloyd,1.5,Over,kalshi,170,7.78,0.3992,pinnacle,9,38.4,False,ev +7.8 fair 0.399 pinnacle 9b
2026-10-03T02:35:50Z,football_nfl,32664,2026-10-04T17:00:00Z,Tampa Bay Buccaneers,Green Bay Packers,player_receptions,Matthew Golden,4.5,Over,hardrock,-110,3.17,0.5404,pinnacle,11,38.4,True,ev +3.2 fair 0.540 pinnacle 11b
2026-10-03T02:35:50Z,football_nfl,32664,2026-10-04T17:00:00Z,Tampa Bay Buccaneers,Green Bay Packers,player_receptions,Tez Johnson,1.5,Over,kalshi,203,8.19,0.3571,pinnacle,6,38.4,False,ev +8.2 fair 0.357 pinnacle 6b
2026-10-03T02:35:50Z,football_nfl,32664,2026-10-04T17:00:00Z,Tampa Bay Buccaneers,Green Bay Packers,player_rush_yds,Bucky Irving,39.5,Under,hardrock,275,13.85,0.3036,kalshi,4,38.4,True,ev +13.8 fair 0.304 kalshi 4b
2026-10-03T02:35:50Z,football_nfl,32664,2026-10-04T17:00:00Z,Tampa Bay Buccaneers,Green Bay Packers,player_rush_yds,Bucky Irving,49.5,Under,hardrock,150,6.85,0.4274,kalshi,4,38.4,True,ev +6.8 fair 0.427 kalshi 4b
2026-10-03T02:35:50Z,football_nfl,32671,2026-10-04T17:00:00Z,Philadelphia Eagles,Los Angeles Rams,player_pass_tds,Matthew Stafford,1.5,Under,kalshi,104,4.15,0.5105,pinnacle,12,38.4,False,ev +4.2 fair 0.510 pinnacle 12b
2026-10-03T02:35:50Z,football_nfl,32671,2026-10-04T17:00:00Z,Philadelphia Eagles,Los Angeles Rams,player_pass_yds,Jalen Hurts,149.5,Under,hardrock,350,36.62,0.3036,kalshi,4,38.4,True,ev +36.6 fair 0.304 kalshi 4b
2026-10-03T02:35:50Z,football_nfl,32671,2026-10-04T17:00:00Z,Philadelphia Eagles,Los Angeles Rams,player_pass_yds,Jalen Hurts,199.5,Under,hardrock,-110,13.43,0.5942,kalshi,4,38.4,True,ev +13.4 fair 0.594 kalshi 4b
2026-10-03T02:35:50Z,football_nfl,32671,2026-10-04T17:00:00Z,Philadelphia Eagles,Los Angeles Rams,player_reception_yds,Dontayvion Wicks,39.5,Over,hardrock,-120,18.65,0.6472,kalshi,4,38.4,True,ev +18.6 fair 0.647 kalshi 4b
2026-10-03T02:35:50Z,football_nfl,32671,2026-10-04T17:00:00Z,Philadelphia Eagles,Los Angeles Rams,player_reception_yds,Makai Lemon,39.5,Over,hardrock,195,33.24,0.4517,kalshi,4,38.4,True,ev +33.2 fair 0.452 kalshi 4b
2026-10-03T02:35:50Z,football_nfl,32671,2026-10-04T17:00:00Z,Philadelphia Eagles,Los Angeles Rams,player_reception_yds,Makai Lemon,49.5,Over,hardrock,325,41.63,0.3333,kalshi,4,38.4,True,ev +41.6 fair 0.333 kalshi 4b
2026-10-03T02:35:50Z,football_nfl,32671,2026-10-04T17:00:00Z,Philadelphia Eagles,Los Angeles Rams,player_receptions,Davante Adams,4.5,Under,hardrock,125,8.7,0.4831,pinnacle,11,38.4,True,ev +8.7 fair 0.483 pinnacle 11b
2026-10-03T02:35:50Z,football_nfl,32671,2026-10-04T17:00:00Z,Philadelphia Eagles,Los Angeles Rams,player_receptions,Dontayvion Wicks,4.5,Over,hardrock,275,47.09,0.3922,kalshi,4,38.4,True,ev +47.1 fair 0.392 kalshi 4b
2026-10-03T02:35:50Z,football_nfl,32671,2026-10-04T17:00:00Z,Philadelphia Eagles,Los Angeles Rams,player_receptions,Johnny Mundt,1.5,Over,kalshi,178,5.65,0.38,pinnacle,11,38.4,False,ev +5.7 fair 0.380 pinnacle 11b
2026-10-03T02:35:50Z,football_nfl,32671,2026-10-04T17:00:00Z,Philadelphia Eagles,Los Angeles Rams,player_receptions,Makai Lemon,2.5,Over,hardrock,-165,10.15,0.6858,kalshi,4,38.4,True,ev +10.2 fair 0.686 kalshi 4b
2026-10-03T02:35:50Z,football_nfl,32671,2026-10-04T17:00:00Z,Philadelphia Eagles,Los Angeles Rams,player_receptions,Makai Lemon,3.5,Over,hardrock,145,23.53,0.5042,pinnacle,12,38.4,True,ev +23.5 fair 0.504 pinnacle 12b
2026-10-03T02:35:50Z,football_nfl,32671,2026-10-04T17:00:00Z,Philadelphia Eagles,Los Angeles Rams,player_receptions,Makai Lemon,4.5,Over,hardrock,300,25.67,0.3142,kalshi,4,38.4,True,ev +25.7 fair 0.314 kalshi 4b
2026-10-03T02:35:50Z,football_nfl,32671,2026-10-04T17:00:00Z,Philadelphia Eagles,Los Angeles Rams,player_receptions,Saquon Barkley,2.5,Over,kalshi,127,3.25,0.4548,pinnacle,11,38.4,False,ev +3.2 fair 0.455 pinnacle 11b
2026-10-03T02:35:50Z,football_nfl,32671,2026-10-04T17:00:00Z,Philadelphia Eagles,Los Angeles Rams,player_rush_yds,Saquon Barkley,79.5,Under,hardrock,-120,13.14,0.6171,kalshi,4,38.4,True,ev +13.1 fair 0.617 kalshi 4b
2026-10-03T02:35:50Z,football_nfl,32665,2026-10-04T17:00:00Z,Baltimore Ravens,Tennessee Titans,player_receptions,Calvin Ridley,1.5,Over,kalshi,223,5.82,0.3276,pinnacle,6,38.4,False,ev +5.8 fair 0.328 pinnacle 6b
2026-10-03T02:35:50Z,football_nfl,32665,2026-10-04T17:00:00Z,Baltimore Ravens,Tennessee Titans,player_receptions,Rashod Bateman,2.5,Under,hardrock,115,21.17,0.5636,pinnacle,11,38.4,True,ev +21.2 fair 0.564 pinnacle 11b
2026-10-03T02:35:50Z,football_nfl,32665,2026-10-04T17:00:00Z,Baltimore Ravens,Tennessee Titans,player_receptions,Tony Pollard,1.5,Under,fanduel,140,3.29,0.4304,pinnacle,10,38.4,False,ev +3.3 fair 0.430 pinnacle 10b
2026-10-03T02:35:50Z,football_nfl,32665,2026-10-04T17:00:00Z,Baltimore Ravens,Tennessee Titans,player_rush_yds,Lamar Jackson,24.5,Under,hardrock,170,4.37,0.3866,kalshi,4,38.4,True,ev +4.4 fair 0.387 kalshi 4b
2026-10-03T02:35:50Z,football_nfl,32667,2026-10-04T17:00:00Z,Chicago Bears,New York Jets,player_reception_yds,Rome Odunze,39.5,Over,hardrock,165,5.48,0.3981,kalshi,4,38.4,True,ev +5.5 fair 0.398 kalshi 4b
2026-10-03T02:35:50Z,football_nfl,32667,2026-10-04T17:00:00Z,Chicago Bears,New York Jets,player_receptions,Isaiah Williams,2.5,Over,kalshi,-104,3.66,0.5284,pinnacle,11,38.4,False,ev +3.7 fair 0.528 pinnacle 11b
2026-10-03T02:35:50Z,football_nfl,32667,2026-10-04T17:00:00Z,Chicago Bears,New York Jets,player_receptions,Rome Odunze,2.5,Over,hardrock,105,5.53,0.5148,pinnacle,11,38.4,True,ev +5.5 fair 0.515 pinnacle 11b
2026-10-03T02:35:50Z,football_nfl,32667,2026-10-04T17:00:00Z,Chicago Bears,New York Jets,player_rush_yds,D'Andre Swift,49.5,Under,hardrock,210,9.37,0.3528,kalshi,4,38.4,True,ev +9.4 fair 0.353 kalshi 4b
2026-10-03T02:35:50Z,football_nfl,32668,2026-10-04T17:00:00Z,New York Giants,Arizona Cardinals,player_receptions,Trey McBride,7.5,Over,kalshi,156,6.8,0.4172,pinnacle,7,38.4,False,ev +6.8 fair 0.417 pinnacle 7b
2026-10-03T02:35:50Z,football_nfl,32666,2026-10-04T17:00:00Z,Houston Texans,Dallas Cowboys,player_pass_tds,C.J. Stroud,1.5,Under,kalshi,-104,3.66,0.5284,pinnacle,12,38.4,False,ev +3.7 fair 0.528 pinnacle 12b
2026-10-03T02:35:50Z,football_nfl,32666,2026-10-04T17:00:00Z,Houston Texans,Dallas Cowboys,player_pass_yds,Dak Prescott,274.5,Under,hardrock,-120,5.35,0.5747,kalshi,4,38.4,True,ev +5.3 fair 0.575 kalshi 4b
2026-10-03T02:35:50Z,football_nfl,32666,2026-10-04T17:00:00Z,Houston Texans,Dallas Cowboys,player_reception_yds,Dalton Schultz,39.5,Under,hardrock,120,11.07,0.5049,kalshi,4,38.4,True,ev +11.1 fair 0.505 kalshi 4b
2026-10-03T02:35:50Z,football_nfl,32666,2026-10-04T17:00:00Z,Houston Texans,Dallas Cowboys,player_receptions,Dalton Schultz,4.5,Under,hardrock,105,5.09,0.5127,pinnacle,11,38.4,True,ev +5.1 fair 0.513 pinnacle 11b
2026-10-03T02:35:50Z,football_nfl,32666,2026-10-04T17:00:00Z,Houston Texans,Dallas Cowboys,player_receptions,Dalton Schultz,4.5,Over,kalshi,113,3.8,0.4873,pinnacle,11,38.4,False,ev +3.8 fair 0.487 pinnacle 11b
2026-10-03T02:35:50Z,football_nfl,32666,2026-10-04T17:00:00Z,Houston Texans,Dallas Cowboys,player_receptions,Jake Ferguson,3.5,Over,kalshi,122,3.84,0.4677,pinnacle,11,38.4,False,ev +3.8 fair 0.468 pinnacle 11b
2026-10-03T02:35:50Z,football_nfl,32666,2026-10-04T17:00:00Z,Houston Texans,Dallas Cowboys,player_receptions,Jaylin Noel,1.5,Over,hardrock,170,11.6,0.4133,pinnacle,11,38.4,True,ev +11.6 fair 0.413 pinnacle 11b
2026-10-03T02:35:50Z,football_nfl,32666,2026-10-04T17:00:00Z,Houston Texans,Dallas Cowboys,player_receptions,Jaylin Noel,1.5,Over,kalshi,163,8.71,0.4133,pinnacle,11,38.4,False,ev +8.7 fair 0.413 pinnacle 11b
2026-10-03T02:35:50Z,football_nfl,32666,2026-10-04T17:00:00Z,Houston Texans,Dallas Cowboys,player_receptions,Jaylin Noel,1.5,Over,draftkings,151,3.75,0.4133,pinnacle,11,38.4,False,ev +3.8 fair 0.413 pinnacle 11b
2026-10-03T02:35:50Z,football_nfl,32666,2026-10-04T17:00:00Z,Houston Texans,Dallas Cowboys,player_receptions,Jaylin Noel,1.5,Over,bovada,150,3.34,0.4133,pinnacle,11,38.4,False,ev +3.3 fair 0.413 pinnacle 11b
2026-10-03T02:35:50Z,football_nfl,32666,2026-10-04T17:00:00Z,Houston Texans,Dallas Cowboys,player_rush_yds,Dak Prescott,9.5,Over,kalshi,-100,3.14,0.5157,pinnacle,7,38.4,False,ev +3.1 fair 0.516 pinnacle 7b
2026-10-03T02:35:50Z,football_nfl,32666,2026-10-04T17:00:00Z,Houston Texans,Dallas Cowboys,player_rush_yds,Javonte Williams,59.5,Over,kalshi,108,4.0,0.5,pinnacle,8,38.4,False,ev +4.0 fair 0.500 pinnacle 8b
2026-10-03T02:35:50Z,football_nfl,32669,2026-10-04T17:00:00Z,Buffalo Bills,New England Patriots,player_receptions,DeMario Douglas,2.5,Over,kalshi,-122,4.71,0.5755,pinnacle,5,38.4,False,ev +4.7 fair 0.576 pinnacle 5b
2026-10-03T02:35:50Z,football_nfl,32669,2026-10-04T17:00:00Z,Buffalo Bills,New England Patriots,player_receptions,Kyle Williams,0.5,Under,draftkings,178,3.18,0.3712,pinnacle,8,38.4,False,ev +3.2 fair 0.371 pinnacle 8b
2026-10-03T02:35:50Z,football_nfl,32669,2026-10-04T17:00:00Z,Buffalo Bills,New England Patriots,player_receptions,Rhamondre Stevenson,2.5,Under,hardrock,105,5.72,0.5157,pinnacle,11,38.4,True,ev +5.7 fair 0.516 pinnacle 11b
2026-10-03T02:35:50Z,football_nfl,32669,2026-10-04T17:00:00Z,Buffalo Bills,New England Patriots,player_receptions,Rhamondre Stevenson,2.5,Under,kalshi,-100,3.14,0.5157,pinnacle,11,38.4,False,ev +3.1 fair 0.516 pinnacle 11b
2026-10-03T02:35:50Z,football_nfl,32669,2026-10-04T17:00:00Z,Buffalo Bills,New England Patriots,player_receptions,Romeo Doubs,3.5,Over,kalshi,133,4.62,0.449,pinnacle,11,38.4,False,ev +4.6 fair 0.449 pinnacle 11b
2026-10-03T02:35:50Z,football_nfl,32669,2026-10-04T17:00:00Z,Buffalo Bills,New England Patriots,player_receptions,Ty Johnson,1.5,Over,kalshi,-108,4.47,0.5424,pinnacle,11,38.4,False,ev +4.5 fair 0.542 pinnacle 11b
2026-10-03T02:35:50Z,football_nfl,32672,2026-10-04T20:05:00Z,Minnesota Vikings,Miami Dolphins,player_pass_tds,Malik Willis,0.5,Under,kalshi,-104,4.24,0.5314,pinnacle,10,41.5,False,ev +4.2 fair 0.531 pinnacle 10b
2026-10-03T02:35:50Z,football_nfl,32672,2026-10-04T20:05:00Z,Minnesota Vikings,Miami Dolphins,player_receptions,Jauan Jennings,2.5,Over,kalshi,113,6.95,0.5021,pinnacle,9,41.5,False,ev +7.0 fair 0.502 pinnacle 9b
2026-10-03T02:35:50Z,football_nfl,32672,2026-10-04T20:05:00Z,Minnesota Vikings,Miami Dolphins,player_receptions,Malik Washington,3.5,Over,hardrock,-135,6.79,0.6135,pinnacle,6,41.5,True,ev +6.8 fair 0.614 pinnacle 6b
2026-10-03T02:35:50Z,football_nfl,32672,2026-10-04T20:05:00Z,Minnesota Vikings,Miami Dolphins,player_receptions,Malik Washington,4.5,Over,hardrock,150,15.18,0.4607,kalshi,9,41.5,True,ev +15.2 fair 0.461 kalshi 9b
2026-10-03T02:35:50Z,football_nfl,32672,2026-10-04T20:05:00Z,Minnesota Vikings,Miami Dolphins,player_receptions,T.J. Hockenson,4.5,Over,kalshi,122,4.96,0.4728,pinnacle,10,41.5,False,ev +5.0 fair 0.473 pinnacle 10b
2026-10-03T02:35:50Z,football_nfl,32672,2026-10-04T20:05:00Z,Minnesota Vikings,Miami Dolphins,player_receptions,Tai Felton,1.5,Over,kalshi,104,5.21,0.5157,pinnacle,9,41.5,False,ev +5.2 fair 0.516 pinnacle 9b
2026-10-03T02:35:50Z,football_nfl,32672,2026-10-04T20:05:00Z,Minnesota Vikings,Miami Dolphins,player_receptions,Tai Felton,1.5,Over,fanduel,100,3.14,0.5157,pinnacle,9,41.5,False,ev +3.1 fair 0.516 pinnacle 9b
2026-10-03T02:35:50Z,football_nfl,32672,2026-10-04T20:05:00Z,Minnesota Vikings,Miami Dolphins,player_rush_attempts,Kyler Murray,5.5,Under,hardrock,-130,3.11,0.5828,pinnacle,3,41.5,True,ev +3.1 fair 0.583 pinnacle 3b
2026-10-03T02:35:50Z,football_nfl,32672,2026-10-04T20:05:00Z,Minnesota Vikings,Miami Dolphins,player_rush_yds,Jaylen Wright,24.5,Over,hardrock,105,17.38,0.5726,kalshi,4,41.5,True,ev +17.4 fair 0.573 kalshi 4b
2026-10-03T02:35:50Z,football_nfl,32674,2026-10-04T20:25:00Z,San Francisco 49ers,Denver Broncos,player_reception_yds,Christian McCaffrey,39.5,Under,kalshi,113,5.15,0.4937,pinnacle,6,41.8,False,ev +5.2 fair 0.494 pinnacle 6b
2026-10-03T02:35:50Z,football_nfl,32674,2026-10-04T20:25:00Z,San Francisco 49ers,Denver Broncos,player_reception_yds,Christian McCaffrey,49.5,Over,hardrock,165,7.55,0.4058,kalshi,4,41.8,True,ev +7.5 fair 0.406 kalshi 4b
2026-10-03T02:35:50Z,football_nfl,32674,2026-10-04T20:25:00Z,San Francisco 49ers,Denver Broncos,player_receptions,Evan Engram,2.5,Over,kalshi,138,3.86,0.4364,pinnacle,11,41.8,False,ev +3.9 fair 0.436 pinnacle 11b
2026-10-03T02:35:50Z,football_nfl,32674,2026-10-04T20:25:00Z,San Francisco 49ers,Denver Broncos,player_receptions,George Kittle,4.5,Over,kalshi,-117,3.03,0.5555,pinnacle,10,41.8,False,ev +3.0 fair 0.555 pinnacle 10b
2026-10-03T02:35:50Z,football_nfl,32674,2026-10-04T20:25:00Z,San Francisco 49ers,Denver Broncos,player_receptions,Jaylen Waddle,4.5,Over,kalshi,108,5.75,0.5084,pinnacle,11,41.8,False,ev +5.8 fair 0.508 pinnacle 11b
2026-10-03T02:35:50Z,football_nfl,32674,2026-10-04T20:25:00Z,San Francisco 49ers,Denver Broncos,player_receptions,Troy Franklin,0.5,Under,draftkings,161,4.19,0.3992,pinnacle,8,41.8,False,ev +4.2 fair 0.399 pinnacle 8b
2026-10-03T02:35:50Z,football_nfl,32674,2026-10-04T20:25:00Z,San Francisco 49ers,Denver Broncos,player_receptions,Troy Franklin,0.5,Under,bovada,160,3.79,0.3992,pinnacle,8,41.8,False,ev +3.8 fair 0.399 pinnacle 8b
2026-10-03T02:35:50Z,football_nfl,32673,2026-10-04T20:25:00Z,Seattle Seahawks,Los Angeles Chargers,player_pass_completions,Justin Herbert,18.5,Over,underdog,-106,3.12,0.5306,bovada,7,41.8,False,ev +3.1 fair 0.531 bovada 7b
2026-10-03T02:35:50Z,football_nfl,32673,2026-10-04T20:25:00Z,Seattle Seahawks,Los Angeles Chargers,player_receptions,Tory Horton,1.5,Over,kalshi,178,3.66,0.3729,pinnacle,10,41.8,False,ev +3.7 fair 0.373 pinnacle 10b
2026-10-03T02:35:50Z,football_nfl,32675,2026-10-04T20:25:00Z,Las Vegas Raiders,Kansas City Chiefs,player_reception_yds,Jalen Nailor,19.5,Under,kalshi,108,4.0,0.5,pinnacle,9,41.8,False,ev +4.0 fair 0.500 pinnacle 9b
2026-10-03T02:35:50Z,football_nfl,32675,2026-10-04T20:25:00Z,Las Vegas Raiders,Kansas City Chiefs,player_reception_yds,Michael Mayer,24.5,Over,hardrock,130,4.9,0.4561,kalshi,4,41.8,True,ev +4.9 fair 0.456 kalshi 4b
2026-10-03T02:35:50Z,football_nfl,32675,2026-10-04T20:25:00Z,Las Vegas Raiders,Kansas City Chiefs,player_receptions,Cody White,1.5,Over,kalshi,178,4.77,0.3769,pinnacle,10,41.8,False,ev +4.8 fair 0.377 pinnacle 10b
2026-10-03T02:35:50Z,football_nfl,32675,2026-10-04T20:25:00Z,Las Vegas Raiders,Kansas City Chiefs,player_receptions,Kenneth Walker III,2.5,Over,kalshi,-138,5.56,0.6121,pinnacle,9,41.8,False,ev +5.6 fair 0.612 pinnacle 9b
2026-10-03T02:35:50Z,football_nfl,32675,2026-10-04T20:25:00Z,Las Vegas Raiders,Kansas City Chiefs,player_receptions,Kenneth Walker III,2.5,Over,hardrock,-145,3.42,0.6121,pinnacle,9,41.8,True,ev +3.4 fair 0.612 pinnacle 9b
2026-10-03T02:35:50Z,football_nfl,32675,2026-10-04T20:25:00Z,Las Vegas Raiders,Kansas City Chiefs,player_receptions,Travis Kelce,4.5,Over,kalshi,127,3.25,0.4548,pinnacle,11,41.8,False,ev +3.2 fair 0.455 pinnacle 11b
2026-10-03T02:35:50Z,football_nfl,32675,2026-10-04T20:25:00Z,Las Vegas Raiders,Kansas City Chiefs,player_receptions,Tyquan Thornton,1.5,Over,hardrock,120,3.74,0.4716,pinnacle,11,41.8,True,ev +3.7 fair 0.472 pinnacle 11b
2026-10-03T02:35:50Z,football_nfl,32675,2026-10-04T20:25:00Z,Las Vegas Raiders,Kansas City Chiefs,player_rush_yds,Kirk Cousins,0.5,Over,draftkings,106,6.04,0.5148,pinnacle,7,41.8,False,ev +6.0 fair 0.515 pinnacle 7b
2026-10-03T02:35:50Z,football_nfl,32675,2026-10-04T20:25:00Z,Las Vegas Raiders,Kansas City Chiefs,player_rush_yds,Kirk Cousins,0.5,Over,bovada,105,5.53,0.5148,pinnacle,7,41.8,False,ev +5.5 fair 0.515 pinnacle 7b
2026-10-03T02:35:50Z,football_nfl,32677,2026-10-06T00:15:00Z,New Orleans Saints,Atlanta Falcons,player_reception_yds,Bijan Robinson,39.5,Over,kalshi,108,3.56,0.4979,pinnacle,8,69.7,False,ev +3.6 fair 0.498 pinnacle 8b
2026-10-03T02:35:50Z,football_nfl,32677,2026-10-06T00:15:00Z,New Orleans Saints,Atlanta Falcons,player_receptions,Alvin Kamara,3.5,Over,kalshi,150,4.3,0.4172,pinnacle,8,69.7,False,ev +4.3 fair 0.417 pinnacle 8b
2026-10-03T02:35:50Z,football_nfl,32677,2026-10-06T00:15:00Z,New Orleans Saints,Atlanta Falcons,player_receptions,Olamide Zaccheaus,1.5,Over,kalshi,156,5.96,0.4139,pinnacle,9,69.7,False,ev +6.0 fair 0.414 pinnacle 9b
2026-10-03T02:35:50Z,football_nfl,32677,2026-10-06T00:15:00Z,New Orleans Saints,Atlanta Falcons,player_rush_yds,Kendre Miller,24.5,Over,hardrock,120,15.23,0.5238,kalshi,4,69.7,True,ev +15.2 fair 0.524 kalshi 4b
2026-10-03T10:43:53Z,football_nfl,24886,2026-10-04T13:30:00Z,Washington Commanders,Indianapolis Colts,player_receptions,Darius Slayton,1.5,Over,kalshi,194,12.26,0.3818,pinnacle,9,26.8,False,ev +12.3 fair 0.382 pinnacle 9b
2026-10-03T10:43:53Z,football_nfl,24886,2026-10-04T13:30:00Z,Washington Commanders,Indianapolis Colts,player_receptions,Darius Slayton,1.5,Over,draftkings,173,4.24,0.3818,pinnacle,9,26.8,False,ev +4.2 fair 0.382 pinnacle 9b
2026-10-03T10:43:53Z,football_nfl,24886,2026-10-04T13:30:00Z,Washington Commanders,Indianapolis Colts,player_receptions,Darius Slayton,1.5,Over,bovada,170,3.1,0.3818,pinnacle,9,26.8,False,ev +3.1 fair 0.382 pinnacle 9b
2026-10-03T10:43:53Z,football_nfl,24886,2026-10-04T13:30:00Z,Washington Commanders,Indianapolis Colts,player_receptions,Terry McLaurin,4.5,Over,kalshi,156,11.72,0.4364,pinnacle,3,26.8,False,ev +11.7 fair 0.436 pinnacle 3b
2026-10-03T10:43:53Z,football_nfl,24886,2026-10-04T13:30:00Z,Washington Commanders,Indianapolis Colts,player_receptions,Tyler Warren,5.5,Under,underdog,-103,4.73,0.5314,pinnacle,14,26.8,False,ev +4.7 fair 0.531 pinnacle 14b
2026-10-03T10:43:53Z,football_nfl,24886,2026-10-04T13:30:00Z,Washington Commanders,Indianapolis Colts,player_rush_yds,Marcus Mariota,24.5,Under,hardrock,110,4.04,0.4954,kalshi,4,26.8,True,ev +4.0 fair 0.495 kalshi 4b
2026-10-03T10:43:53Z,football_nfl,32670,2026-10-04T17:00:00Z,Cincinnati Bengals,Jacksonville Jaguars,player_pass_tds,Joe Burrow,1.5,Under,kalshi,163,3.29,0.3927,pinnacle,13,30.3,False,ev +3.3 fair 0.393 pinnacle 13b
2026-10-03T10:43:53Z,football_nfl,32670,2026-10-04T17:00:00Z,Cincinnati Bengals,Jacksonville Jaguars,player_pass_tds,Trevor Lawrence,1.5,Under,kalshi,127,6.18,0.4677,pinnacle,13,30.3,False,ev +6.2 fair 0.468 pinnacle 13b
2026-10-03T10:43:53Z,football_nfl,32670,2026-10-04T17:00:00Z,Cincinnati Bengals,Jacksonville Jaguars,player_reception_yds,Ja'Marr Chase,79.5,Over,hardrock,-115,3.57,0.554,kalshi,4,30.3,True,ev +3.6 fair 0.554 kalshi 4b
2026-10-03T10:43:53Z,football_nfl,32670,2026-10-04T17:00:00Z,Cincinnati Bengals,Jacksonville Jaguars,player_receptions,Dohnte Meyers,2.5,Over,kalshi,170,4.74,0.3879,pinnacle,13,30.3,False,ev +4.7 fair 0.388 pinnacle 13b
2026-10-03T10:43:53Z,football_nfl,32670,2026-10-04T17:00:00Z,Cincinnati Bengals,Jacksonville Jaguars,player_receptions,Samaje Perine,1.5,Over,kalshi,104,5.01,0.5148,pinnacle,12,30.3,False,ev +5.0 fair 0.515 pinnacle 12b
2026-10-03T10:43:53Z,football_nfl,32670,2026-10-04T17:00:00Z,Cincinnati Bengals,Jacksonville Jaguars,player_receptions,Tee Higgins,4.5,Over,kalshi,108,5.31,0.5063,pinnacle,13,30.3,False,ev +5.3 fair 0.506 pinnacle 13b
2026-10-03T10:43:53Z,football_nfl,32670,2026-10-04T17:00:00Z,Cincinnati Bengals,Jacksonville Jaguars,player_receptions,Tee Higgins,4.5,Over,hardrock,105,3.8,0.5063,pinnacle,13,30.3,True,ev +3.8 fair 0.506 pinnacle 13b
2026-10-03T10:43:53Z,football_nfl,32670,2026-10-04T17:00:00Z,Cincinnati Bengals,Jacksonville Jaguars,player_rush_longest,Trevor Lawrence,8.5,Over,underdog,-104,4.08,0.5306,bovada,4,30.3,False,ev +4.1 fair 0.531 bovada 4b
2026-10-03T10:43:53Z,football_nfl,32670,2026-10-04T17:00:00Z,Cincinnati Bengals,Jacksonville Jaguars,player_rush_yds,Chase Brown,49.5,Under,hardrock,190,5.23,0.3629,kalshi,4,30.3,True,ev +5.2 fair 0.363 kalshi 4b
2026-10-03T10:43:53Z,football_nfl,32664,2026-10-04T17:00:00Z,Tampa Bay Buccaneers,Green Bay Packers,player_field_goals_made,Chase McLaughlin,1.5,Under,draftkings,-107,4.93,0.5424,pinnacle,6,30.3,False,ev +4.9 fair 0.542 pinnacle 6b
2026-10-03T10:43:53Z,football_nfl,32664,2026-10-04T17:00:00Z,Tampa Bay Buccaneers,Green Bay Packers,player_field_goals_made,Chase McLaughlin,1.5,Under,hardrock,-110,3.55,0.5424,pinnacle,6,30.3,True,ev +3.5 fair 0.542 pinnacle 6b
2026-10-03T10:43:53Z,football_nfl,32664,2026-10-04T17:00:00Z,Tampa Bay Buccaneers,Green Bay Packers,player_pass_completions,Jordan Love,20.5,Under,bovada,105,4.66,0.5105,pinnacle,7,30.3,False,ev +4.7 fair 0.510 pinnacle 7b
2026-10-03T10:43:53Z,football_nfl,32664,2026-10-04T17:00:00Z,Tampa Bay Buccaneers,Green Bay Packers,player_pass_completions,Jordan Love,20.5,Under,draftkings,104,4.15,0.5105,pinnacle,7,30.3,False,ev +4.2 fair 0.510 pinnacle 7b
2026-10-03T10:43:53Z,football_nfl,32664,2026-10-04T17:00:00Z,Tampa Bay Buccaneers,Green Bay Packers,player_receptions,Cade Otton,2.5,Over,kalshi,-138,3.0,0.5972,pinnacle,11,30.3,False,ev +3.0 fair 0.597 pinnacle 11b
2026-10-03T10:43:53Z,football_nfl,32664,2026-10-04T17:00:00Z,Tampa Bay Buccaneers,Green Bay Packers,player_receptions,MarShawn Lloyd,1.5,Over,kalshi,170,7.78,0.3992,pinnacle,9,30.3,False,ev +7.8 fair 0.399 pinnacle 9b
2026-10-03T10:43:53Z,football_nfl,32664,2026-10-04T17:00:00Z,Tampa Bay Buccaneers,Green Bay Packers,player_receptions,Matthew Golden,4.5,Over,hardrock,-110,3.17,0.5404,pinnacle,11,30.3,True,ev +3.2 fair 0.540 pinnacle 11b
2026-10-03T10:43:53Z,football_nfl,32664,2026-10-04T17:00:00Z,Tampa Bay Buccaneers,Green Bay Packers,player_receptions,Tez Johnson,1.5,Over,kalshi,203,7.82,0.3559,pinnacle,7,30.3,False,ev +7.8 fair 0.356 pinnacle 7b
2026-10-03T10:43:53Z,football_nfl,32664,2026-10-04T17:00:00Z,Tampa Bay Buccaneers,Green Bay Packers,player_rush_yds,Bucky Irving,49.5,Under,hardrock,150,6.85,0.4274,kalshi,4,30.3,True,ev +6.8 fair 0.427 kalshi 4b
2026-10-03T10:43:53Z,football_nfl,32671,2026-10-04T17:00:00Z,Philadelphia Eagles,Los Angeles Rams,player_pass_tds,Matthew Stafford,1.5,Under,kalshi,104,4.15,0.5105,pinnacle,12,30.3,False,ev +4.2 fair 0.510 pinnacle 12b
2026-10-03T10:43:53Z,football_nfl,32671,2026-10-04T17:00:00Z,Philadelphia Eagles,Los Angeles Rams,player_pass_yds,Jalen Hurts,149.5,Under,hardrock,350,35.33,0.3007,kalshi,4,30.3,True,ev +35.3 fair 0.301 kalshi 4b
2026-10-03T10:43:53Z,football_nfl,32671,2026-10-04T17:00:00Z,Philadelphia Eagles,Los Angeles Rams,player_pass_yds,Jalen Hurts,199.5,Under,hardrock,-110,13.43,0.5942,kalshi,4,30.3,True,ev +13.4 fair 0.594 kalshi 4b
2026-10-03T10:43:53Z,football_nfl,32671,2026-10-04T17:00:00Z,Philadelphia Eagles,Los Angeles Rams,player_reception_yds,Dontayvion Wicks,39.5,Over,hardrock,-120,18.65,0.6472,kalshi,4,30.3,True,ev +18.6 fair 0.647 kalshi 4b
2026-10-03T10:43:53Z,football_nfl,32671,2026-10-04T17:00:00Z,Philadelphia Eagles,Los Angeles Rams,player_reception_yds,Makai Lemon,39.5,Over,hardrock,195,31.58,0.446,kalshi,4,30.3,True,ev +31.6 fair 0.446 kalshi 4b
2026-10-03T10:43:53Z,football_nfl,32671,2026-10-04T17:00:00Z,Philadelphia Eagles,Los Angeles Rams,player_reception_yds,Makai Lemon,49.5,Over,hardrock,325,41.63,0.3333,kalshi,4,30.3,True,ev +41.6 fair 0.333 kalshi 4b
2026-10-03T10:43:53Z,football_nfl,32671,2026-10-04T17:00:00Z,Philadelphia Eagles,Los Angeles Rams,player_receptions,Davante Adams,4.5,Under,hardrock,125,8.7,0.4831,pinnacle,11,30.3,True,ev +8.7 fair 0.483 pinnacle 11b
2026-10-03T10:43:53Z,football_nfl,32671,2026-10-04T17:00:00Z,Philadelphia Eagles,Los Angeles Rams,player_receptions,Dontayvion Wicks,3.5,Over,hardrock,135,38.0,0.5872,pinnacle,11,30.3,True,ev +38.0 fair 0.587 pinnacle 11b
2026-10-03T10:43:53Z,football_nfl,32671,2026-10-04T17:00:00Z,Philadelphia Eagles,Los Angeles Rams,player_receptions,Dontayvion Wicks,4.5,Over,hardrock,275,47.09,0.3922,kalshi,4,30.3,True,ev +47.1 fair 0.392 kalshi 4b
2026-10-03T10:43:53Z,football_nfl,32671,2026-10-04T17:00:00Z,Philadelphia Eagles,Los Angeles Rams,player_receptions,Johnny Mundt,1.5,Over,kalshi,178,5.65,0.38,pinnacle,11,30.3,False,ev +5.7 fair 0.380 pinnacle 11b
2026-10-03T10:43:53Z,football_nfl,32671,2026-10-04T17:00:00Z,Philadelphia Eagles,Los Angeles Rams,player_receptions,Makai Lemon,2.5,Over,hardrock,-165,9.69,0.6829,kalshi,4,30.3,True,ev +9.7 fair 0.683 kalshi 4b
2026-10-03T10:43:53Z,football_nfl,32671,2026-10-04T17:00:00Z,Philadelphia Eagles,Los Angeles Rams,player_receptions,Makai Lemon,3.5,Over,hardrock,145,23.53,0.5042,pinnacle,12,30.3,True,ev +23.5 fair 0.504 pinnacle 12b
2026-10-03T10:43:53Z,football_nfl,32671,2026-10-04T17:00:00Z,Philadelphia Eagles,Los Angeles Rams,player_receptions,Makai Lemon,4.5,Over,hardrock,300,29.37,0.3234,kalshi,4,30.3,True,ev +29.4 fair 0.323 kalshi 4b
2026-10-03T10:43:53Z,football_nfl,32671,2026-10-04T17:00:00Z,Philadelphia Eagles,Los Angeles Rams,player_receptions,Saquon Barkley,2.5,Over,kalshi,133,5.97,0.4548,pinnacle,11,30.3,False,ev +6.0 fair 0.455 pinnacle 11b
2026-10-03T10:43:53Z,football_nfl,32671,2026-10-04T17:00:00Z,Philadelphia Eagles,Los Angeles Rams,player_rush_yds,Jalen Hurts,24.5,Over,hardrock,-115,3.57,0.554,kalshi,4,30.3,True,ev +3.6 fair 0.554 kalshi 4b
2026-10-03T10:43:53Z,football_nfl,32671,2026-10-04T17:00:00Z,Philadelphia Eagles,Los Angeles Rams,player_rush_yds,Saquon Barkley,79.5,Under,hardrock,-120,12.46,0.6134,kalshi,4,30.3,True,ev +12.5 fair 0.613 kalshi 4b
2026-10-03T10:43:53Z,football_nfl,32665,2026-10-04T17:00:00Z,Baltimore Ravens,Tennessee Titans,player_receptions,Calvin Ridley,1.5,Over,kalshi,223,5.82,0.3276,pinnacle,6,30.3,False,ev +5.8 fair 0.328 pinnacle 6b
2026-10-03T10:43:53Z,football_nfl,32665,2026-10-04T17:00:00Z,Baltimore Ravens,Tennessee Titans,player_receptions,Mark Andrews,3.5,Over,kalshi,-122,4.09,0.572,pinnacle,11,30.3,False,ev +4.1 fair 0.572 pinnacle 11b
2026-10-03T10:43:53Z,football_nfl,32665,2026-10-04T17:00:00Z,Baltimore Ravens,Tennessee Titans,player_receptions,Rashod Bateman,2.5,Under,hardrock,115,21.17,0.5636,pinnacle,11,30.3,True,ev +21.2 fair 0.564 pinnacle 11b
2026-10-03T10:43:53Z,football_nfl,32665,2026-10-04T17:00:00Z,Baltimore Ravens,Tennessee Titans,player_rush_yds,Lamar Jackson,24.5,Under,hardrock,170,4.37,0.3866,kalshi,4,30.3,True,ev +4.4 fair 0.387 kalshi 4b
2026-10-03T10:43:53Z,football_nfl,32667,2026-10-04T17:00:00Z,Chicago Bears,New York Jets,player_reception_yds,Rome Odunze,39.5,Over,hardrock,165,5.48,0.3981,kalshi,4,30.3,True,ev +5.5 fair 0.398 kalshi 4b
2026-10-03T10:43:53Z,football_nfl,32667,2026-10-04T17:00:00Z,Chicago Bears,New York Jets,player_receptions,Isaiah Williams,2.5,Over,kalshi,-104,3.66,0.5284,pinnacle,11,30.3,False,ev +3.7 fair 0.528 pinnacle 11b
2026-10-03T10:43:53Z,football_nfl,32667,2026-10-04T17:00:00Z,Chicago Bears,New York Jets,player_receptions,Rome Odunze,2.5,Over,hardrock,105,5.53,0.5148,pinnacle,11,30.3,True,ev +5.5 fair 0.515 pinnacle 11b
2026-10-03T10:43:53Z,football_nfl,32667,2026-10-04T17:00:00Z,Chicago Bears,New York Jets,player_rush_yds,D'Andre Swift,49.5,Under,hardrock,210,7.37,0.3464,kalshi,4,30.3,True,ev +7.4 fair 0.346 kalshi 4b
2026-10-03T10:43:53Z,football_nfl,32668,2026-10-04T17:00:00Z,New York Giants,Arizona Cardinals,player_pass_tds,Jacoby Brissett,1.5,Under,kalshi,-127,3.47,0.5789,pinnacle,11,30.3,False,ev +3.5 fair 0.579 pinnacle 11b
2026-10-03T10:43:53Z,football_nfl,32668,2026-10-04T17:00:00Z,New York Giants,Arizona Cardinals,player_receptions,Michael Wilson,5.5,Over,kalshi,150,5.13,0.4205,pinnacle,7,30.3,False,ev +5.1 fair 0.420 pinnacle 7b
2026-10-03T10:43:53Z,football_nfl,32668,2026-10-04T17:00:00Z,New York Giants,Arizona Cardinals,player_receptions,Trey McBride,6.5,Under,hardrock,130,9.34,0.4754,kalshi,8,30.3,True,ev +9.3 fair 0.475 kalshi 8b
2026-10-03T10:43:53Z,football_nfl,32668,2026-10-04T17:00:00Z,New York Giants,Arizona Cardinals,player_receptions,Trey McBride,7.5,Over,kalshi,156,6.8,0.4172,pinnacle,7,30.3,False,ev +6.8 fair 0.417 pinnacle 7b
2026-10-03T10:43:53Z,football_nfl,32666,2026-10-04T17:00:00Z,Houston Texans,Dallas Cowboys,player_pass_tds,C.J. Stroud,1.5,Under,kalshi,-104,3.66,0.5284,pinnacle,12,30.3,False,ev +3.7 fair 0.528 pinnacle 12b
2026-10-03T10:43:53Z,football_nfl,32666,2026-10-04T17:00:00Z,Houston Texans,Dallas Cowboys,player_reception_yds,Dalton Schultz,39.5,Under,hardrock,120,11.07,0.5049,kalshi,4,30.3,True,ev +11.1 fair 0.505 kalshi 4b
2026-10-03T10:43:53Z,football_nfl,32666,2026-10-04T17:00:00Z,Houston Texans,Dallas Cowboys,player_receptions,Dalton Schultz,4.5,Under,hardrock,105,5.09,0.5127,pinnacle,11,30.3,True,ev +5.1 fair 0.513 pinnacle 11b
2026-10-03T10:43:53Z,football_nfl,32666,2026-10-04T17:00:00Z,Houston Texans,Dallas Cowboys,player_receptions,Dalton Schultz,4.5,Over,kalshi,113,3.8,0.4873,pinnacle,11,30.3,False,ev +3.8 fair 0.487 pinnacle 11b
2026-10-03T10:43:53Z,football_nfl,32666,2026-10-04T17:00:00Z,Houston Texans,Dallas Cowboys,player_receptions,Jake Ferguson,3.5,Over,kalshi,122,3.84,0.4677,pinnacle,11,30.3,False,ev +3.8 fair 0.468 pinnacle 11b
2026-10-03T10:43:53Z,football_nfl,32666,2026-10-04T17:00:00Z,Houston Texans,Dallas Cowboys,player_receptions,Jaylin Noel,1.5,Over,kalshi,156,5.82,0.4133,pinnacle,11,30.3,False,ev +5.8 fair 0.413 pinnacle 11b
2026-10-03T10:43:53Z,football_nfl,32666,2026-10-04T17:00:00Z,Houston Texans,Dallas Cowboys,player_receptions,Jaylin Noel,1.5,Over,draftkings,151,3.75,0.4133,pinnacle,11,30.3,False,ev +3.8 fair 0.413 pinnacle 11b
2026-10-03T10:43:53Z,football_nfl,32666,2026-10-04T17:00:00Z,Houston Texans,Dallas Cowboys,player_receptions,Jaylin Noel,1.5,Over,bovada,150,3.34,0.4133,pinnacle,11,30.3,False,ev +3.3 fair 0.413 pinnacle 11b
2026-10-03T10:43:53Z,football_nfl,32666,2026-10-04T17:00:00Z,Houston Texans,Dallas Cowboys,player_receptions,Xavier Hutchinson,2.5,Under,hardrock,100,3.99,0.5199,pinnacle,11,30.3,True,ev +4.0 fair 0.520 pinnacle 11b
2026-10-03T10:43:53Z,football_nfl,32666,2026-10-04T17:00:00Z,Houston Texans,Dallas Cowboys,player_rush_yds,Dak Prescott,9.5,Over,kalshi,-100,3.14,0.5157,pinnacle,6,30.3,False,ev +3.1 fair 0.516 pinnacle 6b
2026-10-03T10:43:53Z,football_nfl,32669,2026-10-04T17:00:00Z,Buffalo Bills,New England Patriots,player_receptions,DeMario Douglas,2.5,Over,kalshi,-122,4.71,0.5755,pinnacle,5,30.3,False,ev +4.7 fair 0.576 pinnacle 5b
2026-10-03T10:43:53Z,football_nfl,32669,2026-10-04T17:00:00Z,Buffalo Bills,New England Patriots,player_receptions,Rhamondre Stevenson,2.5,Under,hardrock,105,5.72,0.5157,pinnacle,11,30.3,True,ev +5.7 fair 0.516 pinnacle 11b
2026-10-03T10:43:53Z,football_nfl,32669,2026-10-04T17:00:00Z,Buffalo Bills,New England Patriots,player_receptions,Rhamondre Stevenson,2.5,Under,kalshi,-100,3.14,0.5157,pinnacle,11,30.3,False,ev +3.1 fair 0.516 pinnacle 11b
2026-10-03T10:43:53Z,football_nfl,32669,2026-10-04T17:00:00Z,Buffalo Bills,New England Patriots,player_receptions,Romeo Doubs,3.5,Over,kalshi,133,4.62,0.449,pinnacle,11,30.3,False,ev +4.6 fair 0.449 pinnacle 11b
2026-10-03T10:43:53Z,football_nfl,32669,2026-10-04T17:00:00Z,Buffalo Bills,New England Patriots,player_receptions,Ty Johnson,1.5,Over,kalshi,-108,4.47,0.5424,pinnacle,11,30.3,False,ev +4.5 fair 0.542 pinnacle 11b
2026-10-03T10:43:53Z,football_nfl,32672,2026-10-04T20:05:00Z,Minnesota Vikings,Miami Dolphins,player_receptions,Chris Bell,2.5,Under,draftkings,-106,3.68,0.5335,pinnacle,11,33.4,False,ev +3.7 fair 0.533 pinnacle 11b
2026-10-03T10:43:53Z,football_nfl,32672,2026-10-04T20:05:00Z,Minnesota Vikings,Miami Dolphins,player_receptions,Jauan Jennings,2.5,Over,kalshi,108,4.44,0.5021,pinnacle,9,33.4,False,ev +4.4 fair 0.502 pinnacle 9b
2026-10-03T10:43:53Z,football_nfl,32672,2026-10-04T20:05:00Z,Minnesota Vikings,Miami Dolphins,player_receptions,Malik Washington,3.5,Over,hardrock,-135,6.79,0.6135,pinnacle,6,33.4,True,ev +6.8 fair 0.614 pinnacle 6b
2026-10-03T10:43:53Z,football_nfl,32672,2026-10-04T20:05:00Z,Minnesota Vikings,Miami Dolphins,player_receptions,Malik Washington,3.5,Under,kalshi,170,4.35,0.3865,pinnacle,6,33.4,False,ev +4.3 fair 0.387 pinnacle 6b
2026-10-03T10:43:53Z,football_nfl,32672,2026-10-04T20:05:00Z,Minnesota Vikings,Miami Dolphins,player_receptions,Malik Washington,4.5,Over,hardrock,150,15.18,0.4607,kalshi,9,33.4,True,ev +15.2 fair 0.461 kalshi 9b
2026-10-03T10:43:53Z,football_nfl,32672,2026-10-04T20:05:00Z,Minnesota Vikings,Miami Dolphins,player_receptions,T.J. Hockenson,4.5,Over,kalshi,122,4.96,0.4728,pinnacle,10,33.4,False,ev +5.0 fair 0.473 pinnacle 10b
2026-10-03T10:43:53Z,football_nfl,32672,2026-10-04T20:05:00Z,Minnesota Vikings,Miami Dolphins,player_receptions,Tai Felton,1.5,Over,kalshi,104,5.01,0.5148,pinnacle,9,33.4,False,ev +5.0 fair 0.515 pinnacle 9b
2026-10-03T10:43:53Z,football_nfl,32672,2026-10-04T20:05:00Z,Minnesota Vikings,Miami Dolphins,player_rush_attempts,Kyler Murray,5.5,Under,hardrock,-130,3.11,0.5828,pinnacle,3,33.4,True,ev +3.1 fair 0.583 pinnacle 3b
2026-10-03T10:43:53Z,football_nfl,32672,2026-10-04T20:05:00Z,Minnesota Vikings,Miami Dolphins,player_rush_yds,Jaylen Wright,24.5,Over,hardrock,105,16.49,0.5683,kalshi,4,33.4,True,ev +16.5 fair 0.568 kalshi 4b
2026-10-03T10:43:53Z,football_nfl,32674,2026-10-04T20:25:00Z,San Francisco 49ers,Denver Broncos,player_reception_yds,Christian McCaffrey,39.5,Under,kalshi,113,5.15,0.4937,pinnacle,6,33.7,False,ev +5.2 fair 0.494 pinnacle 6b
2026-10-03T10:43:53Z,football_nfl,32674,2026-10-04T20:25:00Z,San Francisco 49ers,Denver Broncos,player_reception_yds,Christian McCaffrey,49.5,Over,hardrock,165,7.55,0.4058,kalshi,4,33.7,True,ev +7.5 fair 0.406 kalshi 4b
2026-10-03T10:43:53Z,football_nfl,32674,2026-10-04T20:25:00Z,San Francisco 49ers,Denver Broncos,player_receptions,Jaylen Waddle,4.5,Over,kalshi,108,5.75,0.5084,pinnacle,12,33.7,False,ev +5.8 fair 0.508 pinnacle 12b
2026-10-03T10:43:53Z,football_nfl,32673,2026-10-04T20:25:00Z,Seattle Seahawks,Los Angeles Chargers,player_receptions,Tory Horton,1.5,Over,kalshi,178,3.66,0.3729,pinnacle,10,33.7,False,ev +3.7 fair 0.373 pinnacle 10b
2026-10-03T10:43:53Z,football_nfl,32673,2026-10-04T20:25:00Z,Seattle Seahawks,Los Angeles Chargers,player_rush_yds,Emanuel Wilson,49.5,Over,hardrock,140,35.46,0.5644,kalshi,4,33.7,True,ev +35.5 fair 0.564 kalshi 4b
2026-10-03T10:43:53Z,football_nfl,32675,2026-10-04T20:25:00Z,Las Vegas Raiders,Kansas City Chiefs,player_reception_yds,Brock Bowers,79.5,Under,hardrock,-130,3.14,0.583,kalshi,4,33.7,True,ev +3.1 fair 0.583 kalshi 4b
2026-10-03T10:43:53Z,football_nfl,32675,2026-10-04T20:25:00Z,Las Vegas Raiders,Kansas City Chiefs,player_reception_yds,Jalen Nailor,19.5,Under,kalshi,108,4.0,0.5,pinnacle,11,33.7,False,ev +4.0 fair 0.500 pinnacle 11b
2026-10-03T10:43:53Z,football_nfl,32675,2026-10-04T20:25:00Z,Las Vegas Raiders,Kansas City Chiefs,player_reception_yds,Michael Mayer,24.5,Over,hardrock,130,4.9,0.4561,kalshi,4,33.7,True,ev +4.9 fair 0.456 kalshi 4b
2026-10-03T10:43:53Z,football_nfl,32675,2026-10-04T20:25:00Z,Las Vegas Raiders,Kansas City Chiefs,player_receptions,Cody White,1.5,Over,kalshi,186,7.79,0.3769,pinnacle,10,33.7,False,ev +7.8 fair 0.377 pinnacle 10b
2026-10-03T10:43:53Z,football_nfl,32675,2026-10-04T20:25:00Z,Las Vegas Raiders,Kansas City Chiefs,player_receptions,Kenneth Walker III,2.5,Over,kalshi,-138,5.56,0.6121,pinnacle,9,33.7,False,ev +5.6 fair 0.612 pinnacle 9b
2026-10-03T10:43:53Z,football_nfl,32675,2026-10-04T20:25:00Z,Las Vegas Raiders,Kansas City Chiefs,player_receptions,Kenneth Walker III,2.5,Over,hardrock,-145,3.42,0.6121,pinnacle,9,33.7,True,ev +3.4 fair 0.612 pinnacle 9b
2026-10-03T10:43:53Z,football_nfl,32675,2026-10-04T20:25:00Z,Las Vegas Raiders,Kansas City Chiefs,player_receptions,Travis Kelce,4.5,Over,kalshi,127,3.25,0.4548,pinnacle,13,33.7,False,ev +3.2 fair 0.455 pinnacle 13b
2026-10-03T10:43:53Z,football_nfl,32675,2026-10-04T20:25:00Z,Las Vegas Raiders,Kansas City Chiefs,player_receptions,Tyquan Thornton,1.5,Over,hardrock,120,3.74,0.4716,pinnacle,13,33.7,True,ev +3.7 fair 0.472 pinnacle 13b
2026-10-03T10:43:53Z,football_nfl,32675,2026-10-04T20:25:00Z,Las Vegas Raiders,Kansas City Chiefs,player_rush_yds,Kirk Cousins,0.5,Over,draftkings,106,6.04,0.5148,pinnacle,9,33.7,False,ev +6.0 fair 0.515 pinnacle 9b
2026-10-03T10:43:53Z,football_nfl,32675,2026-10-04T20:25:00Z,Las Vegas Raiders,Kansas City Chiefs,player_rush_yds,Kirk Cousins,0.5,Over,bovada,105,5.53,0.5148,pinnacle,9,33.7,False,ev +5.5 fair 0.515 pinnacle 9b
2026-10-03T10:43:53Z,football_nfl,32676,2026-10-05T00:20:00Z,Carolina Panthers,Detroit Lions,player_reception_yds,Tetairoa McMillan,49.5,Under,hardrock,210,15.47,0.3725,kalshi,4,37.6,True,ev +15.5 fair 0.372 kalshi 4b
2026-10-03T10:43:53Z,football_nfl,32676,2026-10-05T00:20:00Z,Carolina Panthers,Detroit Lions,player_receptions,Sam LaPorta,4.5,Under,hardrock,-120,4.43,0.5696,pinnacle,13,37.6,True,ev +4.4 fair 0.570 pinnacle 13b
2026-10-03T10:43:53Z,football_nfl,32677,2026-10-06T00:15:00Z,New Orleans Saints,Atlanta Falcons,player_reception_yds,Bijan Robinson,39.5,Over,kalshi,108,3.56,0.4979,pinnacle,8,61.5,False,ev +3.6 fair 0.498 pinnacle 8b
2026-10-03T10:43:53Z,football_nfl,32677,2026-10-06T00:15:00Z,New Orleans Saints,Atlanta Falcons,player_receptions,Alvin Kamara,3.5,Over,kalshi,150,4.3,0.4172,pinnacle,9,61.5,False,ev +4.3 fair 0.417 pinnacle 9b
2026-10-03T10:43:53Z,football_nfl,32677,2026-10-06T00:15:00Z,New Orleans Saints,Atlanta Falcons,player_receptions,Austin Hooper,1.5,Under,hardrock,-150,5.8,0.6348,pinnacle,11,61.5,True,ev +5.8 fair 0.635 pinnacle 11b
2026-10-03T10:43:53Z,football_nfl,32677,2026-10-06T00:15:00Z,New Orleans Saints,Atlanta Falcons,player_receptions,Olamide Zaccheaus,1.5,Over,kalshi,156,6.23,0.415,pinnacle,9,61.5,False,ev +6.2 fair 0.415 pinnacle 9b
2026-10-03T10:43:53Z,football_nfl,32677,2026-10-06T00:15:00Z,New Orleans Saints,Atlanta Falcons,player_rush_yds,Kendre Miller,24.5,Over,hardrock,120,15.23,0.5238,kalshi,4,61.5,True,ev +15.2 fair 0.524 kalshi 4b
2026-10-03T15:19:05Z,football_nfl,24886,2026-10-04T13:30:00Z,Washington Commanders,Indianapolis Colts,player_reception_yds,Darius Slayton,13.5,Over,underdog,-112,3.56,0.5471,pinnacle,6,22.2,False,ev +3.6 fair 0.547 pinnacle 6b
2026-10-03T15:19:05Z,football_nfl,24886,2026-10-04T13:30:00Z,Washington Commanders,Indianapolis Colts,player_reception_yds,Darius Slayton,13.5,Over,fanduel,-113,3.13,0.5471,pinnacle,6,22.2,False,ev +3.1 fair 0.547 pinnacle 6b
2026-10-03T15:19:05Z,football_nfl,24886,2026-10-04T13:30:00Z,Washington Commanders,Indianapolis Colts,player_receptions,Antonio Williams,1.5,Under,kalshi,163,14.77,0.4364,pinnacle,3,22.2,False,ev +14.8 fair 0.436 pinnacle 3b
2026-10-03T15:19:05Z,football_nfl,24886,2026-10-04T13:30:00Z,Washington Commanders,Indianapolis Colts,player_receptions,Darius Slayton,1.5,Over,kalshi,194,12.26,0.3818,pinnacle,6,22.2,False,ev +12.3 fair 0.382 pinnacle 6b
2026-10-03T15:19:05Z,football_nfl,24886,2026-10-04T13:30:00Z,Washington Commanders,Indianapolis Colts,player_receptions,Josh Downs,5.5,Under,kalshi,186,48.7,0.5199,pinnacle,6,22.2,False,ev +48.7 fair 0.520 pinnacle 6b
2026-10-03T15:19:05Z,football_nfl,24886,2026-10-04T13:30:00Z,Washington Commanders,Indianapolis Colts,player_receptions,Stefon Diggs,4.5,Under,kalshi,113,20.81,0.5672,pinnacle,3,22.2,False,ev +20.8 fair 0.567 pinnacle 3b
2026-10-03T15:19:05Z,football_nfl,24886,2026-10-04T13:30:00Z,Washington Commanders,Indianapolis Colts,player_receptions,Tyler Warren,5.5,Under,bovada,120,7.68,0.4895,pinnacle,10,22.2,False,ev +7.7 fair 0.489 pinnacle 10b
2026-10-03T15:19:05Z,football_nfl,24886,2026-10-04T13:30:00Z,Washington Commanders,Indianapolis Colts,player_receptions,Tyler Warren,5.5,Under,draftkings,111,3.28,0.4895,pinnacle,10,22.2,False,ev +3.3 fair 0.489 pinnacle 10b
2026-10-03T15:19:05Z,football_nfl,32670,2026-10-04T17:00:00Z,Cincinnati Bengals,Jacksonville Jaguars,player_pass_tds,Joe Burrow,1.5,Under,kalshi,163,3.29,0.3927,pinnacle,13,25.7,False,ev +3.3 fair 0.393 pinnacle 13b
2026-10-03T15:19:05Z,football_nfl,32670,2026-10-04T17:00:00Z,Cincinnati Bengals,Jacksonville Jaguars,player_pass_tds,Trevor Lawrence,1.5,Under,kalshi,127,6.18,0.4677,pinnacle,13,25.7,False,ev +6.2 fair 0.468 pinnacle 13b
2026-10-03T15:19:05Z,football_nfl,32670,2026-10-04T17:00:00Z,Cincinnati Bengals,Jacksonville Jaguars,player_reception_yds,Ja'Marr Chase,79.5,Over,hardrock,-115,3.57,0.554,kalshi,4,25.7,True,ev +3.6 fair 0.554 kalshi 4b
2026-10-03T15:19:05Z,football_nfl,32670,2026-10-04T17:00:00Z,Cincinnati Bengals,Jacksonville Jaguars,player_receptions,Samaje Perine,1.5,Over,kalshi,104,5.01,0.5148,pinnacle,12,25.7,False,ev +5.0 fair 0.515 pinnacle 12b
2026-10-03T15:19:05Z,football_nfl,32670,2026-10-04T17:00:00Z,Cincinnati Bengals,Jacksonville Jaguars,player_receptions,Tee Higgins,4.5,Over,kalshi,108,5.31,0.5063,pinnacle,13,25.7,False,ev +5.3 fair 0.506 pinnacle 13b
2026-10-03T15:19:05Z,football_nfl,32670,2026-10-04T17:00:00Z,Cincinnati Bengals,Jacksonville Jaguars,player_rush_longest,Trevor Lawrence,8.5,Over,underdog,-104,4.08,0.5306,bovada,4,25.7,False,ev +4.1 fair 0.531 bovada 4b
2026-10-03T15:19:05Z,football_nfl,32670,2026-10-04T17:00:00Z,Cincinnati Bengals,Jacksonville Jaguars,player_rush_yds,Chase Brown,49.5,Under,hardrock,190,6.27,0.3665,kalshi,4,25.7,True,ev +6.3 fair 0.366 kalshi 4b
2026-10-03T15:19:05Z,football_nfl,32664,2026-10-04T17:00:00Z,Tampa Bay Buccaneers,Green Bay Packers,player_field_goals_made,Chase McLaughlin,1.5,Under,draftkings,-107,4.93,0.5424,pinnacle,6,25.7,False,ev +4.9 fair 0.542 pinnacle 6b
2026-10-03T15:19:05Z,football_nfl,32664,2026-10-04T17:00:00Z,Tampa Bay Buccaneers,Green Bay Packers,player_field_goals_made,Chase McLaughlin,1.5,Under,hardrock,-110,3.55,0.5424,pinnacle,6,25.7,True,ev +3.5 fair 0.542 pinnacle 6b
2026-10-03T15:19:05Z,football_nfl,32664,2026-10-04T17:00:00Z,Tampa Bay Buccaneers,Green Bay Packers,player_pass_completions,Jordan Love,20.5,Under,bovada,105,4.66,0.5105,pinnacle,7,25.7,False,ev +4.7 fair 0.510 pinnacle 7b
2026-10-03T15:19:05Z,football_nfl,32664,2026-10-04T17:00:00Z,Tampa Bay Buccaneers,Green Bay Packers,player_pass_completions,Jordan Love,20.5,Under,draftkings,104,4.15,0.5105,pinnacle,7,25.7,False,ev +4.2 fair 0.510 pinnacle 7b
2026-10-03T15:19:05Z,football_nfl,32664,2026-10-04T17:00:00Z,Tampa Bay Buccaneers,Green Bay Packers,player_receptions,Cade Otton,2.5,Over,kalshi,-138,3.0,0.5972,pinnacle,11,25.7,False,ev +3.0 fair 0.597 pinnacle 11b
2026-10-03T15:19:05Z,football_nfl,32664,2026-10-04T17:00:00Z,Tampa Bay Buccaneers,Green Bay Packers,player_receptions,MarShawn Lloyd,1.5,Over,kalshi,170,7.78,0.3992,pinnacle,9,25.7,False,ev +7.8 fair 0.399 pinnacle 9b
2026-10-03T15:19:05Z,football_nfl,32664,2026-10-04T17:00:00Z,Tampa Bay Buccaneers,Green Bay Packers,player_receptions,Tez Johnson,1.5,Over,kalshi,203,7.0,0.3531,pinnacle,9,25.7,False,ev +7.0 fair 0.353 pinnacle 9b
2026-10-03T15:19:05Z,football_nfl,32664,2026-10-04T17:00:00Z,Tampa Bay Buccaneers,Green Bay Packers,player_rush_yds,Bucky Irving,49.5,Under,hardrock,150,6.85,0.4274,kalshi,4,25.7,True,ev +6.8 fair 0.427 kalshi 4b
2026-10-03T15:19:05Z,football_nfl,32664,2026-10-04T17:00:00Z,Tampa Bay Buccaneers,Green Bay Packers,player_rush_yds,Jalon Daniels,24.5,Under,hardrock,210,3.31,0.3333,kalshi,4,25.7,True,ev +3.3 fair 0.333 kalshi 4b
2026-10-03T15:19:05Z,football_nfl,32671,2026-10-04T17:00:00Z,Philadelphia Eagles,Los Angeles Rams,player_pass_tds,Matthew Stafford,1.5,Under,kalshi,104,4.15,0.5105,pinnacle,12,25.7,False,ev +4.2 fair 0.510 pinnacle 12b
2026-10-03T15:19:05Z,football_nfl,32671,2026-10-04T17:00:00Z,Philadelphia Eagles,Los Angeles Rams,player_pass_yds,Jalen Hurts,149.5,Under,hardrock,350,35.33,0.3007,kalshi,4,25.7,True,ev +35.3 fair 0.301 kalshi 4b
2026-10-03T15:19:05Z,football_nfl,32671,2026-10-04T17:00:00Z,Philadelphia Eagles,Los Angeles Rams,player_pass_yds,Jalen Hurts,199.5,Under,hardrock,-110,13.43,0.5942,kalshi,4,25.7,True,ev +13.4 fair 0.594 kalshi 4b
2026-10-03T15:19:05Z,football_nfl,32671,2026-10-04T17:00:00Z,Philadelphia Eagles,Los Angeles Rams,player_reception_yds,Dontayvion Wicks,39.5,Over,hardrock,-120,15.69,0.6311,kalshi,4,25.7,True,ev +15.7 fair 0.631 kalshi 4b
2026-10-03T15:19:05Z,football_nfl,32671,2026-10-04T17:00:00Z,Philadelphia Eagles,Los Angeles Rams,player_reception_yds,Makai Lemon,39.5,Over,hardrock,195,37.31,0.4655,kalshi,4,25.7,True,ev +37.3 fair 0.466 kalshi 4b
2026-10-03T15:19:05Z,football_nfl,32671,2026-10-04T17:00:00Z,Philadelphia Eagles,Los Angeles Rams,player_reception_yds,Makai Lemon,49.5,Over,hardrock,325,38.8,0.3266,kalshi,4,25.7,True,ev +38.8 fair 0.327 kalshi 4b
2026-10-03T15:19:05Z,football_nfl,32671,2026-10-04T17:00:00Z,Philadelphia Eagles,Los Angeles Rams,player_reception_yds,Puka Nacua,74.5,Over,kalshi,156,13.13,0.4419,pinnacle,3,25.7,False,ev +13.1 fair 0.442 pinnacle 3b
2026-10-03T15:19:05Z,football_nfl,32671,2026-10-04T17:00:00Z,Philadelphia Eagles,Los Angeles Rams,player_receptions,Davante Adams,4.5,Under,draftkings,116,4.35,0.4831,pinnacle,10,25.7,False,ev +4.3 fair 0.483 pinnacle 10b
2026-10-03T15:19:05Z,football_nfl,32671,2026-10-04T17:00:00Z,Philadelphia Eagles,Los Angeles Rams,player_receptions,Davante Adams,4.5,Under,bovada,115,3.87,0.4831,pinnacle,10,25.7,False,ev +3.9 fair 0.483 pinnacle 10b
2026-10-03T15:19:05Z,football_nfl,32671,2026-10-04T17:00:00Z,Philadelphia Eagles,Los Angeles Rams,player_receptions,Dontayvion Wicks,3.5,Over,hardrock,135,37.86,0.5867,pinnacle,11,25.7,True,ev +37.9 fair 0.587 pinnacle 11b
2026-10-03T15:19:05Z,football_nfl,32671,2026-10-04T17:00:00Z,Philadelphia Eagles,Los Angeles Rams,player_receptions,Dontayvion Wicks,4.5,Over,hardrock,275,44.98,0.3866,kalshi,4,25.7,True,ev +45.0 fair 0.387 kalshi 4b
2026-10-03T15:19:05Z,football_nfl,32671,2026-10-04T17:00:00Z,Philadelphia Eagles,Los Angeles Rams,player_receptions,Johnny Mundt,1.5,Over,kalshi,178,4.89,0.3773,pinnacle,11,25.7,False,ev +4.9 fair 0.377 pinnacle 11b
2026-10-03T15:19:05Z,football_nfl,32671,2026-10-04T17:00:00Z,Philadelphia Eagles,Los Angeles Rams,player_receptions,Makai Lemon,2.5,Over,hardrock,-165,9.69,0.6829,kalshi,4,25.7,True,ev +9.7 fair 0.683 kalshi 4b
2026-10-03T15:19:05Z,football_nfl,32671,2026-10-04T17:00:00Z,Philadelphia Eagles,Los Angeles Rams,player_receptions,Makai Lemon,4.5,Over,hardrock,300,29.37,0.3234,kalshi,4,25.7,True,ev +29.4 fair 0.323 kalshi 4b
2026-10-03T15:19:05Z,football_nfl,32671,2026-10-04T17:00:00Z,Philadelphia Eagles,Los Angeles Rams,player_rush_yds,Jalen Hurts,24.5,Over,hardrock,-115,3.57,0.554,kalshi,4,25.7,True,ev +3.6 fair 0.554 kalshi 4b
2026-10-03T15:19:05Z,football_nfl,32671,2026-10-04T17:00:00Z,Philadelphia Eagles,Los Angeles Rams,player_rush_yds,Saquon Barkley,79.5,Under,hardrock,-120,12.46,0.6134,kalshi,4,25.7,True,ev +12.5 fair 0.613 kalshi 4b
2026-10-03T15:19:05Z,football_nfl,32665,2026-10-04T17:00:00Z,Baltimore Ravens,Tennessee Titans,player_receptions,Calvin Ridley,1.5,Over,kalshi,233,9.01,0.3274,pinnacle,6,25.7,False,ev +9.0 fair 0.327 pinnacle 6b
2026-10-03T15:19:05Z,football_nfl,32665,2026-10-04T17:00:00Z,Baltimore Ravens,Tennessee Titans,player_receptions,Mark Andrews,3.5,Over,kalshi,-122,4.09,0.572,pinnacle,11,25.7,False,ev +4.1 fair 0.572 pinnacle 11b
2026-10-03T15:19:05Z,football_nfl,32665,2026-10-04T17:00:00Z,Baltimore Ravens,Tennessee Titans,player_rush_yds,Lamar Jackson,24.5,Under,hardrock,170,4.37,0.3866,kalshi,4,25.7,True,ev +4.4 fair 0.387 kalshi 4b
2026-10-03T15:19:05Z,football_nfl,32667,2026-10-04T17:00:00Z,Chicago Bears,New York Jets,player_reception_yds,Rome Odunze,39.5,Over,hardrock,165,7.07,0.404,kalshi,4,25.7,True,ev +7.1 fair 0.404 kalshi 4b
2026-10-03T15:19:05Z,football_nfl,32667,2026-10-04T17:00:00Z,Chicago Bears,New York Jets,player_receptions,Isaiah Williams,2.5,Over,kalshi,-104,3.66,0.5284,pinnacle,11,25.7,False,ev +3.7 fair 0.528 pinnacle 11b
2026-10-03T15:19:05Z,football_nfl,32667,2026-10-04T17:00:00Z,Chicago Bears,New York Jets,player_rush_yds,D'Andre Swift,49.5,Under,hardrock,210,7.37,0.3464,kalshi,4,25.7,True,ev +7.4 fair 0.346 kalshi 4b
2026-10-03T15:19:05Z,football_nfl,32668,2026-10-04T17:00:00Z,New York Giants,Arizona Cardinals,player_pass_tds,Jacoby Brissett,1.5,Under,kalshi,-127,3.47,0.5789,pinnacle,11,25.7,False,ev +3.5 fair 0.579 pinnacle 11b
2026-10-03T15:19:05Z,football_nfl,32668,2026-10-04T17:00:00Z,New York Giants,Arizona Cardinals,player_receptions,Michael Wilson,5.5,Over,kalshi,150,5.13,0.4205,pinnacle,7,25.7,False,ev +5.1 fair 0.420 pinnacle 7b
2026-10-03T15:19:05Z,football_nfl,32668,2026-10-04T17:00:00Z,New York Giants,Arizona Cardinals,player_receptions,Trey McBride,7.5,Over,kalshi,156,3.9,0.4059,pinnacle,7,25.7,False,ev +3.9 fair 0.406 pinnacle 7b
2026-10-03T15:19:05Z,football_nfl,32668,2026-10-04T17:00:00Z,New York Giants,Arizona Cardinals,player_receptions,Trey McBride,7.5,Under,hardrock,-135,3.42,0.5941,pinnacle,7,25.7,True,ev +3.4 fair 0.594 pinnacle 7b
2026-10-03T15:19:05Z,football_nfl,32666,2026-10-04T17:00:00Z,Houston Texans,Dallas Cowboys,player_pass_tds,C.J. Stroud,1.5,Under,kalshi,-104,3.66,0.5284,pinnacle,12,25.7,False,ev +3.7 fair 0.528 pinnacle 12b
2026-10-03T15:19:05Z,football_nfl,32666,2026-10-04T17:00:00Z,Houston Texans,Dallas Cowboys,player_pass_yds,Dak Prescott,274.5,Under,hardrock,-120,3.48,0.5644,kalshi,4,25.7,True,ev +3.5 fair 0.564 kalshi 4b
2026-10-03T15:19:05Z,football_nfl,32666,2026-10-04T17:00:00Z,Houston Texans,Dallas Cowboys,player_reception_yds,Dalton Schultz,39.5,Under,hardrock,120,11.07,0.5049,kalshi,4,25.7,True,ev +11.1 fair 0.505 kalshi 4b
2026-10-03T15:19:05Z,football_nfl,32666,2026-10-04T17:00:00Z,Houston Texans,Dallas Cowboys,player_receptions,Dalton Schultz,4.5,Under,hardrock,105,5.09,0.5127,pinnacle,11,25.7,True,ev +5.1 fair 0.513 pinnacle 11b
2026-10-03T15:19:05Z,football_nfl,32666,2026-10-04T17:00:00Z,Houston Texans,Dallas Cowboys,player_receptions,Dalton Schultz,4.5,Over,kalshi,113,3.8,0.4873,pinnacle,11,25.7,False,ev +3.8 fair 0.487 pinnacle 11b
2026-10-03T15:19:05Z,football_nfl,32666,2026-10-04T17:00:00Z,Houston Texans,Dallas Cowboys,player_receptions,Jake Ferguson,3.5,Over,kalshi,122,3.84,0.4677,pinnacle,11,25.7,False,ev +3.8 fair 0.468 pinnacle 11b
2026-10-03T15:19:05Z,football_nfl,32666,2026-10-04T17:00:00Z,Houston Texans,Dallas Cowboys,player_receptions,Jaylin Noel,1.5,Over,kalshi,156,5.82,0.4133,pinnacle,11,25.7,False,ev +5.8 fair 0.413 pinnacle 11b
2026-10-03T15:19:05Z,football_nfl,32666,2026-10-04T17:00:00Z,Houston Texans,Dallas Cowboys,player_receptions,Jaylin Noel,1.5,Over,draftkings,151,3.75,0.4133,pinnacle,11,25.7,False,ev +3.8 fair 0.413 pinnacle 11b
2026-10-03T15:19:05Z,football_nfl,32666,2026-10-04T17:00:00Z,Houston Texans,Dallas Cowboys,player_receptions,Jaylin Noel,1.5,Over,bovada,150,3.34,0.4133,pinnacle,11,25.7,False,ev +3.3 fair 0.413 pinnacle 11b
2026-10-03T15:19:05Z,football_nfl,32669,2026-10-04T17:00:00Z,Buffalo Bills,New England Patriots,player_reception_yds,Mack Hollins,24.5,Under,hardrock,250,26.3,0.3608,kalshi,4,25.7,True,ev +26.3 fair 0.361 kalshi 4b
2026-10-03T15:19:05Z,football_nfl,32669,2026-10-04T17:00:00Z,Buffalo Bills,New England Patriots,player_reception_yds,Romeo Doubs,24.5,Under,hardrock,190,7.8,0.3717,kalshi,4,25.7,True,ev +7.8 fair 0.372 kalshi 4b
2026-10-03T15:19:05Z,football_nfl,32669,2026-10-04T17:00:00Z,Buffalo Bills,New England Patriots,player_receptions,Romeo Doubs,3.5,Over,kalshi,133,4.0,0.4464,pinnacle,11,25.7,False,ev +4.0 fair 0.446 pinnacle 11b
2026-10-03T15:19:05Z,football_nfl,32669,2026-10-04T17:00:00Z,Buffalo Bills,New England Patriots,player_receptions,Ty Johnson,1.5,Over,kalshi,-108,4.47,0.5424,pinnacle,11,25.7,False,ev +4.5 fair 0.542 pinnacle 11b
2026-10-03T15:19:05Z,football_nfl,32672,2026-10-04T20:05:00Z,Minnesota Vikings,Miami Dolphins,player_receptions,Chris Bell,2.5,Under,draftkings,-106,3.68,0.5335,pinnacle,11,28.8,False,ev +3.7 fair 0.533 pinnacle 11b
2026-10-03T15:19:05Z,football_nfl,32672,2026-10-04T20:05:00Z,Minnesota Vikings,Miami Dolphins,player_receptions,Jauan Jennings,2.5,Over,kalshi,113,6.95,0.5021,pinnacle,10,28.8,False,ev +7.0 fair 0.502 pinnacle 10b
2026-10-03T15:19:05Z,football_nfl,32672,2026-10-04T20:05:00Z,Minnesota Vikings,Miami Dolphins,player_receptions,Malik Washington,3.5,Over,hardrock,-135,6.79,0.6135,pinnacle,6,28.8,True,ev +6.8 fair 0.614 pinnacle 6b
2026-10-03T15:19:05Z,football_nfl,32672,2026-10-04T20:05:00Z,Minnesota Vikings,Miami Dolphins,player_receptions,T.J. Hockenson,4.5,Over,kalshi,122,4.96,0.4728,pinnacle,11,28.8,False,ev +5.0 fair 0.473 pinnacle 11b
2026-10-03T15:19:05Z,football_nfl,32672,2026-10-04T20:05:00Z,Minnesota Vikings,Miami Dolphins,player_receptions,Tai Felton,1.5,Over,kalshi,104,5.01,0.5148,pinnacle,11,28.8,False,ev +5.0 fair 0.515 pinnacle 11b
2026-10-03T15:19:05Z,football_nfl,32672,2026-10-04T20:05:00Z,Minnesota Vikings,Miami Dolphins,player_rush_attempts,Kyler Murray,5.5,Under,hardrock,-130,3.11,0.5828,pinnacle,3,28.8,True,ev +3.1 fair 0.583 pinnacle 3b
2026-10-03T15:19:05Z,football_nfl,32672,2026-10-04T20:05:00Z,Minnesota Vikings,Miami Dolphins,player_rush_longest,Malik Willis,11.5,Over,underdog,-105,3.6,0.5306,bovada,4,28.8,False,ev +3.6 fair 0.531 bovada 4b
2026-10-03T15:19:05Z,football_nfl,32672,2026-10-04T20:05:00Z,Minnesota Vikings,Miami Dolphins,player_rush_yds,Jaylen Wright,24.5,Over,hardrock,105,15.7,0.5644,kalshi,4,28.8,True,ev +15.7 fair 0.564 kalshi 4b
2026-10-03T15:19:05Z,football_nfl,32674,2026-10-04T20:25:00Z,San Francisco 49ers,Denver Broncos,player_pass_tds,Brock Purdy,1.5,Under,kalshi,108,4.0,0.5,pinnacle,12,29.1,False,ev +4.0 fair 0.500 pinnacle 12b
2026-10-03T15:19:05Z,football_nfl,32674,2026-10-04T20:25:00Z,San Francisco 49ers,Denver Broncos,player_reception_yds,Christian McCaffrey,49.5,Over,hardrock,165,7.55,0.4058,kalshi,4,29.1,True,ev +7.5 fair 0.406 kalshi 4b
2026-10-03T15:19:05Z,football_nfl,32674,2026-10-04T20:25:00Z,San Francisco 49ers,Denver Broncos,player_receptions,Adam Trautman,0.5,Under,kalshi,156,7.81,0.4211,pinnacle,8,29.1,False,ev +7.8 fair 0.421 pinnacle 8b
2026-10-03T15:19:05Z,football_nfl,32674,2026-10-04T20:25:00Z,San Francisco 49ers,Denver Broncos,player_receptions,Adam Trautman,0.5,Under,draftkings,153,6.55,0.4211,pinnacle,8,29.1,False,ev +6.5 fair 0.421 pinnacle 8b
2026-10-03T15:19:05Z,football_nfl,32674,2026-10-04T20:25:00Z,San Francisco 49ers,Denver Broncos,player_receptions,Adam Trautman,0.5,Under,fanduel,152,6.13,0.4211,pinnacle,8,29.1,False,ev +6.1 fair 0.421 pinnacle 8b
2026-10-03T15:19:05Z,football_nfl,32674,2026-10-04T20:25:00Z,San Francisco 49ers,Denver Broncos,player_receptions,Adam Trautman,0.5,Under,bovada,150,5.28,0.4211,pinnacle,8,29.1,False,ev +5.3 fair 0.421 pinnacle 8b
2026-10-03T15:19:05Z,football_nfl,32674,2026-10-04T20:25:00Z,San Francisco 49ers,Denver Broncos,player_receptions,Adam Trautman,0.5,Under,hardrock,145,3.18,0.4211,pinnacle,8,29.1,True,ev +3.2 fair 0.421 pinnacle 8b
2026-10-03T15:19:05Z,football_nfl,32674,2026-10-04T20:25:00Z,San Francisco 49ers,Denver Broncos,player_receptions,Jaylen Waddle,4.5,Over,kalshi,108,5.75,0.5084,pinnacle,12,29.1,False,ev +5.8 fair 0.508 pinnacle 12b
2026-10-03T15:19:05Z,football_nfl,32673,2026-10-04T20:25:00Z,Seattle Seahawks,Los Angeles Chargers,player_receptions,Tory Horton,1.5,Over,kalshi,178,3.66,0.3729,pinnacle,10,29.1,False,ev +3.7 fair 0.373 pinnacle 10b
2026-10-03T15:19:05Z,football_nfl,32673,2026-10-04T20:25:00Z,Seattle Seahawks,Los Angeles Chargers,player_rush_yds,Emanuel Wilson,49.5,Over,hardrock,140,35.46,0.5644,kalshi,4,29.1,True,ev +35.5 fair 0.564 kalshi 4b
2026-10-03T15:19:05Z,football_nfl,32675,2026-10-04T20:25:00Z,Las Vegas Raiders,Kansas City Chiefs,player_reception_yds,Jalen Nailor,19.5,Under,kalshi,108,4.0,0.5,pinnacle,11,29.1,False,ev +4.0 fair 0.500 pinnacle 11b
2026-10-03T15:19:05Z,football_nfl,32675,2026-10-04T20:25:00Z,Las Vegas Raiders,Kansas City Chiefs,player_reception_yds,Michael Mayer,24.5,Over,hardrock,130,4.9,0.4561,kalshi,4,29.1,True,ev +4.9 fair 0.456 kalshi 4b
2026-10-03T15:19:05Z,football_nfl,32675,2026-10-04T20:25:00Z,Las Vegas Raiders,Kansas City Chiefs,player_receptions,Cody White,1.5,Over,kalshi,186,6.53,0.3725,pinnacle,10,29.1,False,ev +6.5 fair 0.372 pinnacle 10b
2026-10-03T15:19:05Z,football_nfl,32675,2026-10-04T20:25:00Z,Las Vegas Raiders,Kansas City Chiefs,player_receptions,Kenneth Walker III,2.5,Over,kalshi,-144,3.71,0.6121,pinnacle,9,29.1,False,ev +3.7 fair 0.612 pinnacle 9b
2026-10-03T15:19:05Z,football_nfl,32675,2026-10-04T20:25:00Z,Las Vegas Raiders,Kansas City Chiefs,player_receptions,Kenneth Walker III,2.5,Over,hardrock,-145,3.42,0.6121,pinnacle,9,29.1,True,ev +3.4 fair 0.612 pinnacle 9b
2026-10-03T15:19:05Z,football_nfl,32675,2026-10-04T20:25:00Z,Las Vegas Raiders,Kansas City Chiefs,player_receptions,Travis Kelce,4.5,Over,kalshi,127,3.25,0.4548,pinnacle,13,29.1,False,ev +3.2 fair 0.455 pinnacle 13b
2026-10-03T15:19:05Z,football_nfl,32675,2026-10-04T20:25:00Z,Las Vegas Raiders,Kansas City Chiefs,player_receptions,Tyquan Thornton,1.5,Over,hardrock,120,3.74,0.4716,pinnacle,13,29.1,True,ev +3.7 fair 0.472 pinnacle 13b
2026-10-03T15:19:05Z,football_nfl,32675,2026-10-04T20:25:00Z,Las Vegas Raiders,Kansas City Chiefs,player_rush_yds,Kirk Cousins,0.5,Over,draftkings,106,5.61,0.5127,pinnacle,9,29.1,False,ev +5.6 fair 0.513 pinnacle 9b
2026-10-03T15:19:05Z,football_nfl,32675,2026-10-04T20:25:00Z,Las Vegas Raiders,Kansas City Chiefs,player_rush_yds,Kirk Cousins,0.5,Over,bovada,105,5.09,0.5127,pinnacle,9,29.1,False,ev +5.1 fair 0.513 pinnacle 9b
2026-10-03T15:19:05Z,football_nfl,32676,2026-10-05T00:20:00Z,Carolina Panthers,Detroit Lions,player_reception_yds,Tetairoa McMillan,49.5,Under,hardrock,210,7.2,0.3458,kalshi,4,33.0,True,ev +7.2 fair 0.346 kalshi 4b
2026-10-03T15:19:05Z,football_nfl,32676,2026-10-05T00:20:00Z,Carolina Panthers,Detroit Lions,player_receptions,Sam LaPorta,4.5,Under,hardrock,-120,4.43,0.5696,pinnacle,13,33.0,True,ev +4.4 fair 0.570 pinnacle 13b
2026-10-03T15:19:05Z,football_nfl,32677,2026-10-06T00:15:00Z,New Orleans Saints,Atlanta Falcons,player_reception_yds,Bijan Robinson,39.5,Over,kalshi,108,3.56,0.4979,pinnacle,8,56.9,False,ev +3.6 fair 0.498 pinnacle 8b
2026-10-03T15:19:05Z,football_nfl,32677,2026-10-06T00:15:00Z,New Orleans Saints,Atlanta Falcons,player_receptions,Alvin Kamara,3.5,Over,kalshi,150,4.3,0.4172,pinnacle,10,56.9,False,ev +4.3 fair 0.417 pinnacle 10b
2026-10-03T15:19:05Z,football_nfl,32677,2026-10-06T00:15:00Z,New Orleans Saints,Atlanta Falcons,player_receptions,Olamide Zaccheaus,1.5,Over,kalshi,156,6.23,0.415,pinnacle,9,56.9,False,ev +6.2 fair 0.415 pinnacle 9b
2026-10-03T15:19:05Z,football_nfl,32677,2026-10-06T00:15:00Z,New Orleans Saints,Atlanta Falcons,player_rush_yds,Kendre Miller,24.5,Over,hardrock,120,15.23,0.5238,kalshi,4,56.9,True,ev +15.2 fair 0.524 kalshi 4b
2026-10-03T20:17:11Z,football_nfl,24886,2026-10-04T13:30:00Z,Washington Commanders,Indianapolis Colts,player_reception_yds,Josh Downs,79.5,Over,hardrock,160,3.03,0.3963,kalshi,4,17.2,True,ev +3.0 fair 0.396 kalshi 4b
2026-10-03T20:17:11Z,football_nfl,24886,2026-10-04T13:30:00Z,Washington Commanders,Indianapolis Colts,player_reception_yds,Tyler Warren,39.5,Over,hardrock,-185,3.74,0.6734,kalshi,4,17.2,True,ev +3.7 fair 0.673 kalshi 4b
2026-10-03T20:17:11Z,football_nfl,24886,2026-10-04T13:30:00Z,Washington Commanders,Indianapolis Colts,player_reception_yds,Tyler Warren,49.5,Over,hardrock,100,14.93,0.5747,kalshi,4,17.2,True,ev +14.9 fair 0.575 kalshi 4b
2026-10-03T20:17:11Z,football_nfl,24886,2026-10-04T13:30:00Z,Washington Commanders,Indianapolis Colts,player_receptions,Josh Downs,5.5,Over,hardrock,120,48.15,0.6734,kalshi,4,17.2,True,ev +48.1 fair 0.673 kalshi 4b
2026-10-03T20:17:11Z,football_nfl,24886,2026-10-04T13:30:00Z,Washington Commanders,Indianapolis Colts,player_receptions,Josh Downs,6.5,Over,hardrock,220,67.87,0.5246,kalshi,12,17.2,True,ev +67.9 fair 0.525 kalshi 12b
2026-10-03T20:17:11Z,football_nfl,32670,2026-10-04T17:00:00Z,Cincinnati Bengals,Jacksonville Jaguars,player_rush_yds,Chase Brown,49.5,Under,hardrock,190,6.27,0.3665,kalshi,4,20.7,True,ev +6.3 fair 0.366 kalshi 4b
2026-10-03T20:17:11Z,football_nfl,32664,2026-10-04T17:00:00Z,Tampa Bay Buccaneers,Green Bay Packers,player_rush_yds,Jalon Daniels,24.5,Under,hardrock,210,4.39,0.3367,kalshi,4,20.7,True,ev +4.4 fair 0.337 kalshi 4b
2026-10-03T20:17:11Z,football_nfl,32671,2026-10-04T17:00:00Z,Philadelphia Eagles,Los Angeles Rams,player_pass_yds,Jalen Hurts,199.5,Under,hardrock,-110,13.43,0.5942,kalshi,4,20.7,True,ev +13.4 fair 0.594 kalshi 4b
2026-10-03T20:17:11Z,football_nfl,32671,2026-10-04T17:00:00Z,Philadelphia Eagles,Los Angeles Rams,player_reception_yds,Dontayvion Wicks,39.5,Over,hardrock,-120,19.83,0.6536,kalshi,4,20.7,True,ev +19.8 fair 0.654 kalshi 4b
2026-10-03T20:17:11Z,football_nfl,32671,2026-10-04T17:00:00Z,Philadelphia Eagles,Los Angeles Rams,player_reception_yds,Makai Lemon,39.5,Over,hardrock,195,37.31,0.4655,kalshi,4,20.7,True,ev +37.3 fair 0.466 kalshi 4b
2026-10-03T20:17:11Z,football_nfl,32671,2026-10-04T17:00:00Z,Philadelphia Eagles,Los Angeles Rams,player_reception_yds,Makai Lemon,49.5,Over,hardrock,325,47.2,0.3464,kalshi,4,20.7,True,ev +47.2 fair 0.346 kalshi 4b
2026-10-03T20:17:11Z,football_nfl,32671,2026-10-04T17:00:00Z,Philadelphia Eagles,Los Angeles Rams,player_receptions,Davante Adams,4.5,Under,hardrock,125,6.97,0.4754,kalshi,11,20.7,True,ev +7.0 fair 0.475 kalshi 11b
2026-10-03T20:17:11Z,football_nfl,32671,2026-10-04T17:00:00Z,Philadelphia Eagles,Los Angeles Rams,player_receptions,Dontayvion Wicks,4.5,Over,hardrock,275,44.98,0.3866,kalshi,4,20.7,True,ev +45.0 fair 0.387 kalshi 4b
2026-10-03T20:17:11Z,football_nfl,32671,2026-10-04T17:00:00Z,Philadelphia Eagles,Los Angeles Rams,player_receptions,Makai Lemon,4.5,Over,hardrock,300,29.37,0.3234,kalshi,4,20.7,True,ev +29.4 fair 0.323 kalshi 4b
2026-10-03T20:17:11Z,football_nfl,32671,2026-10-04T17:00:00Z,Philadelphia Eagles,Los Angeles Rams,player_rush_yds,Saquon Barkley,79.5,Under,hardrock,-120,12.46,0.6134,kalshi,4,20.7,True,ev +12.5 fair 0.613 kalshi 4b
2026-10-03T20:17:11Z,football_nfl,32665,2026-10-04T17:00:00Z,Baltimore Ravens,Tennessee Titans,player_pass_yds,Lamar Jackson,224.5,Under,hardrock,-120,3.48,0.5644,kalshi,4,20.7,True,ev +3.5 fair 0.564 kalshi 4b
2026-10-03T20:17:11Z,football_nfl,32665,2026-10-04T17:00:00Z,Baltimore Ravens,Tennessee Titans,player_receptions,Tony Pollard,1.5,Under,draftkings,132,3.48,0.446,kalshi,11,20.7,False,ev +3.5 fair 0.446 kalshi 11b
2026-10-03T20:17:11Z,football_nfl,32665,2026-10-04T17:00:00Z,Baltimore Ravens,Tennessee Titans,player_rush_yds,Lamar Jackson,24.5,Under,hardrock,170,6.45,0.3943,kalshi,4,20.7,True,ev +6.5 fair 0.394 kalshi 4b
2026-10-03T20:17:11Z,football_nfl,32667,2026-10-04T17:00:00Z,Chicago Bears,New York Jets,player_reception_yds,Rome Odunze,39.5,Over,hardrock,165,6.56,0.4021,kalshi,4,20.7,True,ev +6.6 fair 0.402 kalshi 4b
2026-10-03T20:17:11Z,football_nfl,32667,2026-10-04T17:00:00Z,Chicago Bears,New York Jets,player_receptions,Rome Odunze,2.5,Over,hardrock,105,3.5,0.5049,kalshi,11,20.7,True,ev +3.5 fair 0.505 kalshi 11b
2026-10-03T20:17:11Z,football_nfl,32666,2026-10-04T17:00:00Z,Houston Texans,Dallas Cowboys,player_reception_yds,Dalton Schultz,39.5,Under,hardrock,120,8.93,0.4951,kalshi,5,20.7,True,ev +8.9 fair 0.495 kalshi 5b
2026-10-03T20:17:11Z,football_nfl,32666,2026-10-04T17:00:00Z,Houston Texans,Dallas Cowboys,player_receptions,Dalton Schultz,4.5,Under,hardrock,105,11.5,0.5439,kalshi,11,20.7,True,ev +11.5 fair 0.544 kalshi 11b
2026-10-03T20:17:11Z,football_nfl,32669,2026-10-04T17:00:00Z,Buffalo Bills,New England Patriots,player_receptions,Ty Johnson,1.5,Under,hardrock,115,4.41,0.4856,kalshi,11,20.7,True,ev +4.4 fair 0.486 kalshi 11b
2026-10-03T20:17:11Z,football_nfl,32672,2026-10-04T20:05:00Z,Minnesota Vikings,Miami Dolphins,player_receptions,Malik Washington,3.5,Over,hardrock,-135,8.53,0.6235,kalshi,6,23.8,True,ev +8.5 fair 0.624 kalshi 6b
2026-10-03T20:17:11Z,football_nfl,32672,2026-10-04T20:05:00Z,Minnesota Vikings,Miami Dolphins,player_rush_yds,Jaylen Wright,29.5,Under,draftkings,-107,3.41,0.5345,kalshi,4,23.8,False,ev +3.4 fair 0.534 kalshi 4b
2026-10-03T20:17:11Z,football_nfl,32674,2026-10-04T20:25:00Z,San Francisco 49ers,Denver Broncos,player_reception_yds,Christian McCaffrey,49.5,Over,hardrock,165,7.55,0.4058,kalshi,4,24.1,True,ev +7.5 fair 0.406 kalshi 4b
2026-10-03T20:17:11Z,football_nfl,32673,2026-10-04T20:25:00Z,Seattle Seahawks,Los Angeles Chargers,player_rush_yds,Emanuel Wilson,49.5,Over,hardrock,140,32.95,0.554,kalshi,4,24.1,True,ev +33.0 fair 0.554 kalshi 4b
2026-10-03T20:17:11Z,football_nfl,32675,2026-10-04T20:25:00Z,Las Vegas Raiders,Kansas City Chiefs,player_reception_yds,Michael Mayer,24.5,Over,hardrock,130,4.9,0.4561,kalshi,4,24.1,True,ev +4.9 fair 0.456 kalshi 4b
2026-10-03T20:17:11Z,football_nfl,32676,2026-10-05T00:20:00Z,Carolina Panthers,Detroit Lions,player_reception_yds,Tetairoa McMillan,39.5,Under,hardrock,325,31.52,0.3095,kalshi,4,28.0,True,ev +31.5 fair 0.309 kalshi 4b
2026-10-03T20:17:11Z,football_nfl,32676,2026-10-05T00:20:00Z,Carolina Panthers,Detroit Lions,player_reception_yds,Tetairoa McMillan,49.5,Under,hardrock,210,10.36,0.356,kalshi,4,28.0,True,ev +10.4 fair 0.356 kalshi 4b
2026-10-03T20:17:11Z,football_nfl,32677,2026-10-06T00:15:00Z,New Orleans Saints,Atlanta Falcons,player_rush_yds,Kendre Miller,24.5,Over,hardrock,120,14.35,0.5198,kalshi,4,52.0,True,ev +14.3 fair 0.520 kalshi 4b
2026-10-04T03:07:18Z,football_nfl,24886,2026-10-04T13:30:00Z,Washington Commanders,Indianapolis Colts,player_pass_interceptions,Marcus Mariota,0.5,Over,draftkings,-105,3.34,0.5293,pinnacle,7,10.4,False,ev +3.3 fair 0.529 pinnacle 7b
2026-10-04T03:07:18Z,football_nfl,24886,2026-10-04T13:30:00Z,Washington Commanders,Indianapolis Colts,player_pass_interceptions,Marcus Mariota,0.5,Over,bovada,-105,3.34,0.5293,pinnacle,7,10.4,False,ev +3.3 fair 0.529 pinnacle 7b
2026-10-04T03:07:18Z,football_nfl,24886,2026-10-04T13:30:00Z,Washington Commanders,Indianapolis Colts,player_pass_yds,Marcus Mariota,174.5,Under,hardrock,225,3.04,0.3171,kalshi,4,10.4,True,ev +3.0 fair 0.317 kalshi 4b
2026-10-04T03:07:18Z,football_nfl,24886,2026-10-04T13:30:00Z,Washington Commanders,Indianapolis Colts,player_reception_yds,Antonio Williams,24.5,Over,hardrock,135,20.88,0.5144,kalshi,4,10.4,True,ev +20.9 fair 0.514 kalshi 4b
2026-10-04T03:07:18Z,football_nfl,24886,2026-10-04T13:30:00Z,Washington Commanders,Indianapolis Colts,player_reception_yds,Antonio Williams,39.5,Over,hardrock,300,22.7,0.3067,kalshi,4,10.4,True,ev +22.7 fair 0.307 kalshi 4b
2026-10-04T03:07:18Z,football_nfl,24886,2026-10-04T13:30:00Z,Washington Commanders,Indianapolis Colts,player_reception_yds,Josh Downs,79.5,Over,hardrock,160,8.13,0.4159,kalshi,4,10.4,True,ev +8.1 fair 0.416 kalshi 4b
2026-10-04T03:07:18Z,football_nfl,24886,2026-10-04T13:30:00Z,Washington Commanders,Indianapolis Colts,player_reception_yds,Stefon Diggs,49.5,Over,hardrock,125,29.3,0.5747,kalshi,4,10.4,True,ev +29.3 fair 0.575 kalshi 4b
2026-10-04T03:07:18Z,football_nfl,24886,2026-10-04T13:30:00Z,Washington Commanders,Indianapolis Colts,player_reception_yds,Tyler Warren,39.5,Over,hardrock,-185,3.74,0.6734,kalshi,4,10.4,True,ev +3.7 fair 0.673 kalshi 4b
2026-10-04T03:07:18Z,football_nfl,24886,2026-10-04T13:30:00Z,Washington Commanders,Indianapolis Colts,player_reception_yds,Tyler Warren,49.5,Over,hardrock,100,14.93,0.5747,kalshi,4,10.4,True,ev +14.9 fair 0.575 kalshi 4b
2026-10-04T03:07:18Z,football_nfl,24886,2026-10-04T13:30:00Z,Washington Commanders,Indianapolis Colts,player_receptions,Antonio Williams,1.5,Under,kalshi,257,27.04,0.3559,pinnacle,4,10.4,False,ev +27.0 fair 0.356 pinnacle 4b
2026-10-04T03:07:18Z,football_nfl,24886,2026-10-04T13:30:00Z,Washington Commanders,Indianapolis Colts,player_receptions,Chig Okonkwo,2.5,Under,kalshi,163,4.99,0.3992,pinnacle,4,10.4,False,ev +5.0 fair 0.399 pinnacle 4b
2026-10-04T03:07:18Z,football_nfl,24886,2026-10-04T13:30:00Z,Washington Commanders,Indianapolis Colts,player_receptions,Darius Slayton,1.5,Over,kalshi,186,9.21,0.3818,pinnacle,10,10.4,False,ev +9.2 fair 0.382 pinnacle 10b
2026-10-04T03:07:18Z,football_nfl,24886,2026-10-04T13:30:00Z,Washington Commanders,Indianapolis Colts,player_receptions,Josh Downs,5.5,Over,hardrock,120,48.15,0.6734,kalshi,4,10.4,True,ev +48.1 fair 0.673 kalshi 4b
2026-10-04T03:07:18Z,football_nfl,24886,2026-10-04T13:30:00Z,Washington Commanders,Indianapolis Colts,player_receptions,Josh Downs,7.5,Over,hardrock,400,81.43,0.3629,kalshi,4,10.4,True,ev +81.4 fair 0.363 kalshi 4b
2026-10-04T03:07:18Z,football_nfl,24886,2026-10-04T13:30:00Z,Washington Commanders,Indianapolis Colts,player_receptions,Stefon Diggs,4.5,Under,kalshi,150,19.26,0.477,pinnacle,5,10.4,False,ev +19.3 fair 0.477 pinnacle 5b
2026-10-04T03:07:18Z,football_nfl,24886,2026-10-04T13:30:00Z,Washington Commanders,Indianapolis Colts,player_receptions,Stefon Diggs,4.5,Over,hardrock,120,15.05,0.523,pinnacle,5,10.4,True,ev +15.1 fair 0.523 pinnacle 5b
2026-10-04T03:07:18Z,football_nfl,24886,2026-10-04T13:30:00Z,Washington Commanders,Indianapolis Colts,player_receptions,Stefon Diggs,6.5,Over,hardrock,450,85.2,0.3367,kalshi,4,10.4,True,ev +85.2 fair 0.337 kalshi 4b
2026-10-04T03:07:18Z,football_nfl,24886,2026-10-04T13:30:00Z,Washington Commanders,Indianapolis Colts,player_receptions,Terry McLaurin,4.5,Over,kalshi,144,6.48,0.4364,pinnacle,4,10.4,False,ev +6.5 fair 0.436 pinnacle 4b
2026-10-04T03:07:18Z,football_nfl,24886,2026-10-04T13:30:00Z,Washington Commanders,Indianapolis Colts,player_receptions,Tyler Warren,5.5,Under,draftkings,111,3.72,0.4916,pinnacle,13,10.4,False,ev +3.7 fair 0.492 pinnacle 13b
2026-10-04T03:07:18Z,football_nfl,24886,2026-10-04T13:30:00Z,Washington Commanders,Indianapolis Colts,player_receptions,Tyler Warren,5.5,Under,bovada,110,3.23,0.4916,pinnacle,13,10.4,False,ev +3.2 fair 0.492 pinnacle 13b
2026-10-04T03:07:18Z,football_nfl,24886,2026-10-04T13:30:00Z,Washington Commanders,Indianapolis Colts,player_receptions,Tyler Warren,6.5,Over,hardrock,180,5.42,0.3765,kalshi,4,10.4,True,ev +5.4 fair 0.377 kalshi 4b
2026-10-04T03:07:18Z,football_nfl,24886,2026-10-04T13:30:00Z,Washington Commanders,Indianapolis Colts,player_rush_attempts,Jonathan Taylor,20.5,Under,hardrock,-105,4.56,0.5355,pinnacle,5,10.4,True,ev +4.6 fair 0.535 pinnacle 5b
2026-10-04T03:07:18Z,football_nfl,32670,2026-10-04T17:00:00Z,Cincinnati Bengals,Jacksonville Jaguars,player_pass_tds,Joe Burrow,1.5,Under,kalshi,170,6.04,0.3927,pinnacle,11,13.9,False,ev +6.0 fair 0.393 pinnacle 11b
2026-10-04T03:07:18Z,football_nfl,32670,2026-10-04T17:00:00Z,Cincinnati Bengals,Jacksonville Jaguars,player_pass_tds,Joe Burrow,1.5,Under,fanduel,165,4.08,0.3927,pinnacle,11,13.9,False,ev +4.1 fair 0.393 pinnacle 11b
2026-10-04T03:07:18Z,football_nfl,32670,2026-10-04T17:00:00Z,Cincinnati Bengals,Jacksonville Jaguars,player_pass_tds,Joe Burrow,1.5,Under,draftkings,164,3.68,0.3927,pinnacle,11,13.9,False,ev +3.7 fair 0.393 pinnacle 11b
2026-10-04T03:07:18Z,football_nfl,32670,2026-10-04T17:00:00Z,Cincinnati Bengals,Jacksonville Jaguars,player_pass_tds,Trevor Lawrence,1.5,Under,kalshi,127,6.18,0.4677,pinnacle,11,13.9,False,ev +6.2 fair 0.468 pinnacle 11b
2026-10-04T03:07:18Z,football_nfl,32670,2026-10-04T17:00:00Z,Cincinnati Bengals,Jacksonville Jaguars,player_reception_yds,Ja'Marr Chase,79.5,Over,hardrock,-115,3.57,0.554,kalshi,4,13.9,True,ev +3.6 fair 0.554 kalshi 4b
2026-10-04T03:07:18Z,football_nfl,32670,2026-10-04T17:00:00Z,Cincinnati Bengals,Jacksonville Jaguars,player_reception_yds,Samaje Perine,9.5,Over,kalshi,108,4.0,0.5,pinnacle,4,13.9,False,ev +4.0 fair 0.500 pinnacle 4b
2026-10-04T03:07:18Z,football_nfl,32670,2026-10-04T17:00:00Z,Cincinnati Bengals,Jacksonville Jaguars,player_receptions,Dohnte Meyers,1.5,Under,hardrock,160,5.52,0.4058,kalshi,4,13.9,True,ev +5.5 fair 0.406 kalshi 4b
2026-10-04T03:07:18Z,football_nfl,32670,2026-10-04T17:00:00Z,Cincinnati Bengals,Jacksonville Jaguars,player_receptions,Dohnte Meyers,2.5,Over,kalshi,170,4.74,0.3879,pinnacle,11,13.9,False,ev +4.7 fair 0.388 pinnacle 11b
2026-10-04T03:07:18Z,football_nfl,32670,2026-10-04T17:00:00Z,Cincinnati Bengals,Jacksonville Jaguars,player_receptions,Josh Cameron,1.5,Over,kalshi,194,4.98,0.3571,pinnacle,9,13.9,False,ev +5.0 fair 0.357 pinnacle 9b
2026-10-04T03:07:18Z,football_nfl,32670,2026-10-04T17:00:00Z,Cincinnati Bengals,Jacksonville Jaguars,player_receptions,Tee Higgins,4.5,Over,hardrock,105,3.8,0.5063,pinnacle,11,13.9,True,ev +3.8 fair 0.506 pinnacle 11b
2026-10-04T03:07:18Z,football_nfl,32670,2026-10-04T17:00:00Z,Cincinnati Bengals,Jacksonville Jaguars,player_receptions,Tee Higgins,4.5,Over,kalshi,104,3.29,0.5063,pinnacle,11,13.9,False,ev +3.3 fair 0.506 pinnacle 11b
2026-10-04T03:07:18Z,football_nfl,32670,2026-10-04T17:00:00Z,Cincinnati Bengals,Jacksonville Jaguars,player_rush_longest,Trevor Lawrence,8.5,Over,underdog,-104,4.08,0.5306,bovada,4,13.9,False,ev +4.1 fair 0.531 bovada 4b
2026-10-04T03:07:18Z,football_nfl,32670,2026-10-04T17:00:00Z,Cincinnati Bengals,Jacksonville Jaguars,player_rush_yds,Chase Brown,49.5,Under,hardrock,190,9.88,0.3789,kalshi,4,13.9,True,ev +9.9 fair 0.379 kalshi 4b
2026-10-04T03:07:18Z,football_nfl,32664,2026-10-04T17:00:00Z,Tampa Bay Buccaneers,Green Bay Packers,player_field_goals_made,Chase McLaughlin,1.5,Under,hardrock,100,7.68,0.5384,pinnacle,6,13.9,True,ev +7.7 fair 0.538 pinnacle 6b
2026-10-04T03:07:18Z,football_nfl,32664,2026-10-04T17:00:00Z,Tampa Bay Buccaneers,Green Bay Packers,player_field_goals_made,Chase McLaughlin,1.5,Under,draftkings,-106,4.63,0.5384,pinnacle,6,13.9,False,ev +4.6 fair 0.538 pinnacle 6b
2026-10-04T03:07:18Z,football_nfl,32664,2026-10-04T17:00:00Z,Tampa Bay Buccaneers,Green Bay Packers,player_pass_tds,Jordan Love,1.5,Over,fanduel,126,3.41,0.4576,pinnacle,11,13.9,False,ev +3.4 fair 0.458 pinnacle 11b
2026-10-04T03:07:18Z,football_nfl,32664,2026-10-04T17:00:00Z,Tampa Bay Buccaneers,Green Bay Packers,player_receptions,MarShawn Lloyd,1.5,Over,kalshi,170,7.78,0.3992,pinnacle,9,13.9,False,ev +7.8 fair 0.399 pinnacle 9b
2026-10-04T03:07:18Z,football_nfl,32664,2026-10-04T17:00:00Z,Tampa Bay Buccaneers,Green Bay Packers,player_receptions,Matthew Golden,4.5,Over,kalshi,-108,3.3,0.5364,pinnacle,12,13.9,False,ev +3.3 fair 0.536 pinnacle 12b
2026-10-04T03:07:18Z,football_nfl,32664,2026-10-04T17:00:00Z,Tampa Bay Buccaneers,Green Bay Packers,player_receptions,Tez Johnson,1.5,Over,kalshi,203,7.36,0.3543,pinnacle,9,13.9,False,ev +7.4 fair 0.354 pinnacle 9b
2026-10-04T03:07:18Z,football_nfl,32664,2026-10-04T17:00:00Z,Tampa Bay Buccaneers,Green Bay Packers,player_rush_yds,Bucky Irving,49.5,Under,hardrock,150,7.93,0.4317,kalshi,4,13.9,True,ev +7.9 fair 0.432 kalshi 4b
2026-10-04T03:07:18Z,football_nfl,32664,2026-10-04T17:00:00Z,Tampa Bay Buccaneers,Green Bay Packers,player_rush_yds,Jalon Daniels,24.5,Under,hardrock,210,4.39,0.3367,kalshi,4,13.9,True,ev +4.4 fair 0.337 kalshi 4b
2026-10-04T03:07:18Z,football_nfl,32671,2026-10-04T17:00:00Z,Philadelphia Eagles,Los Angeles Rams,player_pass_tds,Matthew Stafford,1.5,Under,kalshi,104,4.15,0.5105,pinnacle,12,13.9,False,ev +4.2 fair 0.510 pinnacle 12b
2026-10-04T03:07:18Z,football_nfl,32671,2026-10-04T17:00:00Z,Philadelphia Eagles,Los Angeles Rams,player_pass_yds,Jalen Hurts,199.5,Under,hardrock,-110,13.43,0.5942,kalshi,4,13.9,True,ev +13.4 fair 0.594 kalshi 4b
2026-10-04T03:07:18Z,football_nfl,32671,2026-10-04T17:00:00Z,Philadelphia Eagles,Los Angeles Rams,player_reception_yds,Davante Adams,49.5,Under,hardrock,225,11.45,0.3429,kalshi,4,13.9,True,ev +11.4 fair 0.343 kalshi 4b
2026-10-04T03:07:18Z,football_nfl,32671,2026-10-04T17:00:00Z,Philadelphia Eagles,Los Angeles Rams,player_reception_yds,Davante Adams,79.5,Under,hardrock,-145,8.79,0.6439,kalshi,4,13.9,True,ev +8.8 fair 0.644 kalshi 4b
2026-10-04T03:07:18Z,football_nfl,32671,2026-10-04T17:00:00Z,Philadelphia Eagles,Los Angeles Rams,player_reception_yds,Dontayvion Wicks,39.5,Over,hardrock,-120,18.04,0.6439,kalshi,4,13.9,True,ev +18.0 fair 0.644 kalshi 4b
2026-10-04T03:07:18Z,football_nfl,32671,2026-10-04T17:00:00Z,Philadelphia Eagles,Los Angeles Rams,player_reception_yds,Dontayvion Wicks,49.5,Over,hardrock,135,32.64,0.5644,kalshi,4,13.9,True,ev +32.6 fair 0.564 kalshi 4b
2026-10-04T03:07:18Z,football_nfl,32671,2026-10-04T17:00:00Z,Philadelphia Eagles,Los Angeles Rams,player_reception_yds,Makai Lemon,39.5,Over,hardrock,195,37.31,0.4655,kalshi,4,13.9,True,ev +37.3 fair 0.466 kalshi 4b
2026-10-04T03:07:18Z,football_nfl,32671,2026-10-04T17:00:00Z,Philadelphia Eagles,Los Angeles Rams,player_reception_yds,Makai Lemon,49.5,Over,hardrock,325,47.2,0.3464,kalshi,4,13.9,True,ev +47.2 fair 0.346 kalshi 4b
2026-10-04T03:07:18Z,football_nfl,32671,2026-10-04T17:00:00Z,Philadelphia Eagles,Los Angeles Rams,player_reception_yds,Puka Nacua,49.5,Under,hardrock,260,21.22,0.3367,kalshi,4,13.9,True,ev +21.2 fair 0.337 kalshi 4b
2026-10-04T03:07:18Z,football_nfl,32671,2026-10-04T17:00:00Z,Philadelphia Eagles,Los Angeles Rams,player_reception_yds,Puka Nacua,74.5,Over,kalshi,150,10.48,0.4419,pinnacle,4,13.9,False,ev +10.5 fair 0.442 pinnacle 4b
2026-10-04T03:07:18Z,football_nfl,32671,2026-10-04T17:00:00Z,Philadelphia Eagles,Los Angeles Rams,player_reception_yds,Puka Nacua,79.5,Under,hardrock,-130,10.31,0.6235,kalshi,4,13.9,True,ev +10.3 fair 0.624 kalshi 4b
2026-10-04T03:07:18Z,football_nfl,32671,2026-10-04T17:00:00Z,Philadelphia Eagles,Los Angeles Rams,player_receptions,Davante Adams,4.5,Under,hardrock,125,8.49,0.4822,pinnacle,11,13.9,True,ev +8.5 fair 0.482 pinnacle 11b
2026-10-04T03:07:18Z,football_nfl,32671,2026-10-04T17:00:00Z,Philadelphia Eagles,Los Angeles Rams,player_receptions,Davante Adams,5.5,Under,hardrock,-155,5.93,0.6439,kalshi,4,13.9,True,ev +5.9 fair 0.644 kalshi 4b
2026-10-04T03:07:18Z,football_nfl,32671,2026-10-04T17:00:00Z,Philadelphia Eagles,Los Angeles Rams,player_receptions,Dontayvion Wicks,4.5,Over,hardrock,275,44.98,0.3866,kalshi,4,13.9,True,ev +45.0 fair 0.387 kalshi 4b
2026-10-04T03:07:18Z,football_nfl,32671,2026-10-04T17:00:00Z,Philadelphia Eagles,Los Angeles Rams,player_receptions,Johnny Mundt,1.5,Over,kalshi,178,4.89,0.3773,pinnacle,11,13.9,False,ev +4.9 fair 0.377 pinnacle 11b
2026-10-04T03:07:18Z,football_nfl,32671,2026-10-04T17:00:00Z,Philadelphia Eagles,Los Angeles Rams,player_receptions,Makai Lemon,3.5,Over,hardrock,145,30.91,0.5343,pinnacle,12,13.9,True,ev +30.9 fair 0.534 pinnacle 12b
2026-10-04T03:07:18Z,football_nfl,32671,2026-10-04T17:00:00Z,Philadelphia Eagles,Los Angeles Rams,player_receptions,Makai Lemon,3.5,Over,underdog,-107,3.37,0.5343,pinnacle,12,13.9,False,ev +3.4 fair 0.534 pinnacle 12b
2026-10-04T03:07:18Z,football_nfl,32671,2026-10-04T17:00:00Z,Philadelphia Eagles,Los Angeles Rams,player_receptions,Makai Lemon,4.5,Over,hardrock,300,34.69,0.3367,kalshi,4,13.9,True,ev +34.7 fair 0.337 kalshi 4b
2026-10-04T03:07:18Z,football_nfl,32671,2026-10-04T17:00:00Z,Philadelphia Eagles,Los Angeles Rams,player_receptions,Puka Nacua,6.5,Over,kalshi,138,3.7,0.4357,pinnacle,8,13.9,False,ev +3.7 fair 0.436 pinnacle 8b
2026-10-04T03:07:18Z,football_nfl,32671,2026-10-04T17:00:00Z,Philadelphia Eagles,Los Angeles Rams,player_rush_yds,Saquon Barkley,79.5,Under,hardrock,-120,10.68,0.6037,kalshi,4,13.9,True,ev +10.7 fair 0.604 kalshi 4b
2026-10-04T03:07:18Z,football_nfl,32665,2026-10-04T17:00:00Z,Baltimore Ravens,Tennessee Titans,player_pass_yds,Lamar Jackson,199.5,Under,hardrock,155,6.05,0.4159,kalshi,4,13.9,True,ev +6.0 fair 0.416 kalshi 4b
2026-10-04T03:07:18Z,football_nfl,32665,2026-10-04T17:00:00Z,Baltimore Ravens,Tennessee Titans,player_pass_yds,Lamar Jackson,224.5,Under,hardrock,-120,3.48,0.5644,kalshi,4,13.9,True,ev +3.5 fair 0.564 kalshi 4b
2026-10-04T03:07:18Z,football_nfl,32665,2026-10-04T17:00:00Z,Baltimore Ravens,Tennessee Titans,player_reception_yds,Rashod Bateman,24.5,Under,hardrock,145,18.98,0.4856,kalshi,4,13.9,True,ev +19.0 fair 0.486 kalshi 4b
2026-10-04T03:07:18Z,football_nfl,32665,2026-10-04T17:00:00Z,Baltimore Ravens,Tennessee Titans,player_reception_yds,Rashod Bateman,39.5,Under,hardrock,-160,9.43,0.6734,kalshi,4,13.9,True,ev +9.4 fair 0.673 kalshi 4b
2026-10-04T03:07:18Z,football_nfl,32665,2026-10-04T17:00:00Z,Baltimore Ravens,Tennessee Titans,player_receptions,Calvin Ridley,1.5,Over,kalshi,233,9.01,0.3274,pinnacle,7,13.9,False,ev +9.0 fair 0.327 pinnacle 7b
2026-10-04T03:07:18Z,football_nfl,32665,2026-10-04T17:00:00Z,Baltimore Ravens,Tennessee Titans,player_receptions,Mark Andrews,3.5,Over,kalshi,-122,4.09,0.572,pinnacle,11,13.9,False,ev +4.1 fair 0.572 pinnacle 11b
2026-10-04T03:07:18Z,football_nfl,32665,2026-10-04T17:00:00Z,Baltimore Ravens,Tennessee Titans,player_receptions,Rashod Bateman,2.5,Under,hardrock,115,21.17,0.5636,pinnacle,11,13.9,True,ev +21.2 fair 0.564 pinnacle 11b
2026-10-04T03:07:18Z,football_nfl,32665,2026-10-04T17:00:00Z,Baltimore Ravens,Tennessee Titans,player_receptions,Tony Pollard,1.5,Over,kalshi,-122,3.65,0.5696,pinnacle,11,13.9,False,ev +3.6 fair 0.570 pinnacle 11b
2026-10-04T03:07:18Z,football_nfl,32665,2026-10-04T17:00:00Z,Baltimore Ravens,Tennessee Titans,player_rush_yds,Cam Ward,9.5,Under,kalshi,108,3.56,0.4979,pinnacle,5,13.9,False,ev +3.6 fair 0.498 pinnacle 5b
2026-10-04T03:07:18Z,football_nfl,32665,2026-10-04T17:00:00Z,Baltimore Ravens,Tennessee Titans,player_rush_yds,Lamar Jackson,24.5,Under,hardrock,170,6.45,0.3943,kalshi,4,13.9,True,ev +6.5 fair 0.394 kalshi 4b
2026-10-04T03:07:18Z,football_nfl,32667,2026-10-04T17:00:00Z,Chicago Bears,New York Jets,player_reception_yds,Isaiah Davis,9.5,Over,kalshi,104,7.37,0.5263,pinnacle,8,13.9,False,ev +7.4 fair 0.526 pinnacle 8b
2026-10-04T03:07:18Z,football_nfl,32667,2026-10-04T17:00:00Z,Chicago Bears,New York Jets,player_reception_yds,Rome Odunze,39.5,Over,hardrock,165,3.94,0.3922,kalshi,4,13.9,True,ev +3.9 fair 0.392 kalshi 4b
2026-10-04T03:07:18Z,football_nfl,32667,2026-10-04T17:00:00Z,Chicago Bears,New York Jets,player_receptions,Braelon Allen,1.5,Under,draftkings,139,3.28,0.4322,pinnacle,11,13.9,False,ev +3.3 fair 0.432 pinnacle 11b
2026-10-04T03:07:18Z,football_nfl,32667,2026-10-04T17:00:00Z,Chicago Bears,New York Jets,player_receptions,Isaiah Williams,2.5,Over,kalshi,-104,3.83,0.5293,pinnacle,11,13.9,False,ev +3.8 fair 0.529 pinnacle 11b
2026-10-04T03:07:18Z,football_nfl,32667,2026-10-04T17:00:00Z,Chicago Bears,New York Jets,player_receptions,Kyle Monangai,1.5,Under,hardrock,-195,4.88,0.6933,kalshi,4,13.9,True,ev +4.9 fair 0.693 kalshi 4b
2026-10-04T03:07:18Z,football_nfl,32667,2026-10-04T17:00:00Z,Chicago Bears,New York Jets,player_receptions,Rome Odunze,2.5,Over,hardrock,105,5.53,0.5148,pinnacle,12,13.9,True,ev +5.5 fair 0.515 pinnacle 12b
2026-10-04T03:07:18Z,football_nfl,32667,2026-10-04T17:00:00Z,Chicago Bears,New York Jets,player_rush_yds,D'Andre Swift,49.5,Under,hardrock,210,7.37,0.3464,kalshi,4,13.9,True,ev +7.4 fair 0.346 kalshi 4b
2026-10-04T03:07:18Z,football_nfl,32668,2026-10-04T17:00:00Z,New York Giants,Arizona Cardinals,player_pass_tds,Jacoby Brissett,1.5,Under,kalshi,-127,3.47,0.5789,pinnacle,11,13.9,False,ev +3.5 fair 0.579 pinnacle 11b
2026-10-04T03:07:18Z,football_nfl,32668,2026-10-04T17:00:00Z,New York Giants,Arizona Cardinals,player_reception_yds,Isaiah Likely,39.5,Over,hardrock,-110,5.33,0.5517,pinnacle,5,13.9,True,ev +5.3 fair 0.552 pinnacle 5b
2026-10-04T03:07:18Z,football_nfl,32668,2026-10-04T17:00:00Z,New York Giants,Arizona Cardinals,player_reception_yds,Trey McBride,49.5,Under,hardrock,210,9.37,0.3528,kalshi,4,13.9,True,ev +9.4 fair 0.353 kalshi 4b
2026-10-04T03:07:18Z,football_nfl,32668,2026-10-04T17:00:00Z,New York Giants,Arizona Cardinals,player_reception_yds,Trey McBride,79.5,Under,hardrock,-195,3.32,0.6829,kalshi,4,13.9,True,ev +3.3 fair 0.683 kalshi 4b
2026-10-04T03:07:18Z,football_nfl,32668,2026-10-04T17:00:00Z,New York Giants,Arizona Cardinals,player_receptions,Darnell Mooney,1.5,Over,kalshi,-113,3.64,0.5498,pinnacle,11,13.9,False,ev +3.6 fair 0.550 pinnacle 11b
2026-10-04T03:07:18Z,football_nfl,32668,2026-10-04T17:00:00Z,New York Giants,Arizona Cardinals,player_receptions,Trey McBride,7.5,Under,hardrock,-135,7.92,0.62,pinnacle,7,13.9,True,ev +7.9 fair 0.620 pinnacle 7b
2026-10-04T03:07:18Z,football_nfl,32666,2026-10-04T17:00:00Z,Houston Texans,Dallas Cowboys,player_pass_tds,C.J. Stroud,1.5,Under,fanduel,102,4.18,0.5157,pinnacle,11,13.9,False,ev +4.2 fair 0.516 pinnacle 11b
2026-10-04T03:07:18Z,football_nfl,32666,2026-10-04T17:00:00Z,Houston Texans,Dallas Cowboys,player_pass_tds,C.J. Stroud,1.5,Under,kalshi,-100,3.14,0.5157,pinnacle,11,13.9,False,ev +3.1 fair 0.516 pinnacle 11b
2026-10-04T03:07:18Z,football_nfl,32666,2026-10-04T17:00:00Z,Houston Texans,Dallas Cowboys,player_pass_yds,Dak Prescott,274.5,Under,hardrock,-120,3.48,0.5644,kalshi,4,13.9,True,ev +3.5 fair 0.564 kalshi 4b
2026-10-04T03:07:18Z,football_nfl,32666,2026-10-04T17:00:00Z,Houston Texans,Dallas Cowboys,player_reception_yds,Dalton Schultz,39.5,Under,hardrock,120,11.07,0.5049,kalshi,5,13.9,True,ev +11.1 fair 0.505 kalshi 5b
2026-10-04T03:07:18Z,football_nfl,32666,2026-10-04T17:00:00Z,Houston Texans,Dallas Cowboys,player_reception_yds,Dalton Schultz,49.5,Under,hardrock,-150,5.18,0.6311,kalshi,4,13.9,True,ev +5.2 fair 0.631 kalshi 4b
2026-10-04T03:07:18Z,football_nfl,32666,2026-10-04T17:00:00Z,Houston Texans,Dallas Cowboys,player_receptions,Dalton Schultz,3.5,Under,hardrock,210,12.48,0.3629,kalshi,4,13.9,True,ev +12.5 fair 0.363 kalshi 4b
2026-10-04T03:07:18Z,football_nfl,32666,2026-10-04T17:00:00Z,Houston Texans,Dallas Cowboys,player_receptions,David Montgomery,1.5,Over,kalshi,-108,4.47,0.5424,pinnacle,11,13.9,False,ev +4.5 fair 0.542 pinnacle 11b
2026-10-04T03:07:18Z,football_nfl,32666,2026-10-04T17:00:00Z,Houston Texans,Dallas Cowboys,player_receptions,Jake Ferguson,3.5,Over,kalshi,122,3.84,0.4677,pinnacle,11,13.9,False,ev +3.8 fair 0.468 pinnacle 11b
2026-10-04T03:07:18Z,football_nfl,32666,2026-10-04T17:00:00Z,Houston Texans,Dallas Cowboys,player_receptions,Woody Marks,2.5,Under,hardrock,-200,3.99,0.6933,kalshi,4,13.9,True,ev +4.0 fair 0.693 kalshi 4b
2026-10-04T03:07:18Z,football_nfl,32666,2026-10-04T17:00:00Z,Houston Texans,Dallas Cowboys,player_receptions,Xavier Hutchinson,2.5,Under,hardrock,100,3.99,0.5199,pinnacle,11,13.9,True,ev +4.0 fair 0.520 pinnacle 11b
2026-10-04T03:07:18Z,football_nfl,32666,2026-10-04T17:00:00Z,Houston Texans,Dallas Cowboys,player_receptions,Xavier Hutchinson,2.5,Under,bovada,100,3.99,0.5199,pinnacle,11,13.9,False,ev +4.0 fair 0.520 pinnacle 11b
2026-10-04T03:07:18Z,football_nfl,32666,2026-10-04T17:00:00Z,Houston Texans,Dallas Cowboys,player_receptions,Xavier Hutchinson,2.5,Under,draftkings,-101,3.47,0.5199,pinnacle,11,13.9,False,ev +3.5 fair 0.520 pinnacle 11b
2026-10-04T03:07:18Z,football_nfl,32669,2026-10-04T17:00:00Z,Buffalo Bills,New England Patriots,player_pass_interceptions,Josh Allen,0.5,Over,draftkings,131,3.72,0.449,pinnacle,7,13.9,False,ev +3.7 fair 0.449 pinnacle 7b
2026-10-04T03:07:18Z,football_nfl,32669,2026-10-04T17:00:00Z,Buffalo Bills,New England Patriots,player_pass_interceptions,Josh Allen,0.5,Over,bovada,130,3.27,0.449,pinnacle,7,13.9,False,ev +3.3 fair 0.449 pinnacle 7b
2026-10-04T03:07:18Z,football_nfl,32669,2026-10-04T17:00:00Z,Buffalo Bills,New England Patriots,player_pass_tds,Drake Maye,1.5,Under,kalshi,-138,3.62,0.6008,pinnacle,11,13.9,False,ev +3.6 fair 0.601 pinnacle 11b
2026-10-04T03:07:18Z,football_nfl,32669,2026-10-04T17:00:00Z,Buffalo Bills,New England Patriots,player_receptions,Dalton Kincaid,3.5,Under,hardrock,180,15.32,0.4119,kalshi,4,13.9,True,ev +15.3 fair 0.412 kalshi 4b
2026-10-04T03:07:18Z,football_nfl,32669,2026-10-04T17:00:00Z,Buffalo Bills,New England Patriots,player_receptions,Dalton Kincaid,4.5,Over,kalshi,144,7.82,0.4419,pinnacle,11,13.9,False,ev +7.8 fair 0.442 pinnacle 11b
2026-10-04T03:07:18Z,football_nfl,32669,2026-10-04T17:00:00Z,Buffalo Bills,New England Patriots,player_receptions,Dalton Kincaid,4.5,Under,hardrock,-115,4.34,0.5581,pinnacle,11,13.9,True,ev +4.3 fair 0.558 pinnacle 11b
2026-10-04T03:07:18Z,football_nfl,32669,2026-10-04T17:00:00Z,Buffalo Bills,New England Patriots,player_receptions,Dawson Knox,1.5,Over,kalshi,156,5.82,0.4133,pinnacle,9,13.9,False,ev +5.8 fair 0.413 pinnacle 9b
2026-10-04T03:07:18Z,football_nfl,32669,2026-10-04T17:00:00Z,Buffalo Bills,New England Patriots,player_receptions,Dawson Knox,1.5,Over,fanduel,152,4.16,0.4133,pinnacle,9,13.9,False,ev +4.2 fair 0.413 pinnacle 9b
2026-10-04T03:07:18Z,football_nfl,32669,2026-10-04T17:00:00Z,Buffalo Bills,New England Patriots,player_receptions,Hunter Henry,3.5,Over,kalshi,127,5.43,0.4645,pinnacle,11,13.9,False,ev +5.4 fair 0.465 pinnacle 11b
2026-10-04T03:07:18Z,football_nfl,32669,2026-10-04T17:00:00Z,Buffalo Bills,New England Patriots,player_receptions,Mack Hollins,3.5,Over,kalshi,-100,3.99,0.5199,pinnacle,11,13.9,False,ev +4.0 fair 0.520 pinnacle 11b
2026-10-04T03:07:18Z,football_nfl,32669,2026-10-04T17:00:00Z,Buffalo Bills,New England Patriots,player_receptions,Rhamondre Stevenson,2.5,Under,hardrock,105,5.53,0.5148,pinnacle,11,13.9,True,ev +5.5 fair 0.515 pinnacle 11b
2026-10-04T03:07:18Z,football_nfl,32669,2026-10-04T17:00:00Z,Buffalo Bills,New England Patriots,player_receptions,Romeo Doubs,3.5,Over,kalshi,133,4.0,0.4464,pinnacle,11,13.9,False,ev +4.0 fair 0.446 pinnacle 11b
2026-10-04T03:07:18Z,football_nfl,32669,2026-10-04T17:00:00Z,Buffalo Bills,New England Patriots,player_receptions,Ty Johnson,1.5,Over,kalshi,-108,4.47,0.5424,pinnacle,11,13.9,False,ev +4.5 fair 0.542 pinnacle 11b
2026-10-04T03:07:18Z,football_nfl,32672,2026-10-04T20:05:00Z,Minnesota Vikings,Miami Dolphins,player_receptions,Chris Bell,2.5,Under,kalshi,-104,4.64,0.5335,pinnacle,12,17.0,False,ev +4.6 fair 0.533 pinnacle 12b
2026-10-04T03:07:18Z,football_nfl,32672,2026-10-04T20:05:00Z,Minnesota Vikings,Miami Dolphins,player_receptions,Chris Bell,2.5,Under,draftkings,-107,3.21,0.5335,pinnacle,12,17.0,False,ev +3.2 fair 0.533 pinnacle 12b
2026-10-04T03:07:18Z,football_nfl,32672,2026-10-04T20:05:00Z,Minnesota Vikings,Miami Dolphins,player_receptions,Jauan Jennings,2.5,Over,kalshi,113,5.6,0.4958,pinnacle,11,17.0,False,ev +5.6 fair 0.496 pinnacle 11b
2026-10-04T03:07:18Z,football_nfl,32672,2026-10-04T20:05:00Z,Minnesota Vikings,Miami Dolphins,player_receptions,Jauan Jennings,2.5,Over,bovada,110,4.12,0.4958,pinnacle,11,17.0,False,ev +4.1 fair 0.496 pinnacle 11b
2026-10-04T03:07:18Z,football_nfl,32672,2026-10-04T20:05:00Z,Minnesota Vikings,Miami Dolphins,player_receptions,Jauan Jennings,2.5,Over,draftkings,109,3.62,0.4958,pinnacle,11,17.0,False,ev +3.6 fair 0.496 pinnacle 11b
2026-10-04T03:07:18Z,football_nfl,32672,2026-10-04T20:05:00Z,Minnesota Vikings,Miami Dolphins,player_receptions,Jordan Addison,4.5,Under,kalshi,-113,3.5,0.5491,pinnacle,12,17.0,False,ev +3.5 fair 0.549 pinnacle 12b
2026-10-04T03:07:18Z,football_nfl,32672,2026-10-04T20:05:00Z,Minnesota Vikings,Miami Dolphins,player_receptions,Malik Washington,3.5,Over,hardrock,-135,6.79,0.6135,pinnacle,7,17.0,True,ev +6.8 fair 0.614 pinnacle 7b
2026-10-04T03:07:18Z,football_nfl,32672,2026-10-04T20:05:00Z,Minnesota Vikings,Miami Dolphins,player_receptions,Malik Washington,4.5,Over,hardrock,150,14.02,0.4561,kalshi,8,17.0,True,ev +14.0 fair 0.456 kalshi 8b
2026-10-04T03:07:18Z,football_nfl,32672,2026-10-04T20:05:00Z,Minnesota Vikings,Miami Dolphins,player_receptions,Ryan Miller,0.5,Over,kalshi,-113,3.13,0.5471,pinnacle,9,17.0,False,ev +3.1 fair 0.547 pinnacle 9b
2026-10-04T03:07:18Z,football_nfl,32672,2026-10-04T20:05:00Z,Minnesota Vikings,Miami Dolphins,player_rush_attempts,Aaron Jones,16.5,Under,draftkings,103,4.07,0.5127,pinnacle,6,17.0,False,ev +4.1 fair 0.513 pinnacle 6b
2026-10-04T03:07:18Z,football_nfl,32672,2026-10-04T20:05:00Z,Minnesota Vikings,Miami Dolphins,player_rush_longest,Malik Willis,11.5,Over,underdog,-105,3.6,0.5306,bovada,3,17.0,False,ev +3.6 fair 0.531 bovada 3b
2026-10-04T03:07:18Z,football_nfl,32672,2026-10-04T20:05:00Z,Minnesota Vikings,Miami Dolphins,player_rush_yds,Jaylen Wright,24.5,Over,hardrock,105,15.7,0.5644,kalshi,4,17.0,True,ev +15.7 fair 0.564 kalshi 4b
2026-10-04T03:07:18Z,football_nfl,32672,2026-10-04T20:05:00Z,Minnesota Vikings,Miami Dolphins,player_rush_yds,Jaylen Wright,39.5,Over,hardrock,275,18.89,0.3171,kalshi,4,17.0,True,ev +18.9 fair 0.317 kalshi 4b
2026-10-04T03:07:18Z,football_nfl,32674,2026-10-04T20:25:00Z,San Francisco 49ers,Denver Broncos,player_pass_tds,Brock Purdy,1.5,Under,kalshi,108,4.0,0.5,pinnacle,11,17.3,False,ev +4.0 fair 0.500 pinnacle 11b
2026-10-04T03:07:18Z,football_nfl,32674,2026-10-04T20:25:00Z,San Francisco 49ers,Denver Broncos,player_reception_yds,Christian McCaffrey,49.5,Over,hardrock,165,7.55,0.4058,kalshi,4,17.3,True,ev +7.5 fair 0.406 kalshi 4b
2026-10-04T03:07:18Z,football_nfl,32674,2026-10-04T20:25:00Z,San Francisco 49ers,Denver Broncos,player_receptions,Adam Trautman,0.5,Under,draftkings,145,3.45,0.4222,pinnacle,9,17.3,False,ev +3.5 fair 0.422 pinnacle 9b
2026-10-04T03:07:18Z,football_nfl,32674,2026-10-04T20:25:00Z,San Francisco 49ers,Denver Broncos,player_receptions,Adam Trautman,0.5,Under,bovada,145,3.45,0.4222,pinnacle,9,17.3,False,ev +3.5 fair 0.422 pinnacle 9b
2026-10-04T03:07:18Z,football_nfl,32674,2026-10-04T20:25:00Z,San Francisco 49ers,Denver Broncos,player_receptions,Jaylen Waddle,4.5,Over,kalshi,104,3.72,0.5084,pinnacle,12,17.3,False,ev +3.7 fair 0.508 pinnacle 12b
2026-10-04T03:07:18Z,football_nfl,32674,2026-10-04T20:25:00Z,San Francisco 49ers,Denver Broncos,player_receptions,Kyle Juszczyk,1.5,Over,kalshi,178,4.77,0.3769,pinnacle,9,17.3,False,ev +4.8 fair 0.377 pinnacle 9b
2026-10-04T03:07:18Z,football_nfl,32673,2026-10-04T20:25:00Z,Seattle Seahawks,Los Angeles Chargers,player_reception_yds,Quentin Johnston,35.5,Over,fanatics,-105,3.34,0.5293,pinnacle,11,17.3,False,ev +3.3 fair 0.529 pinnacle 11b
2026-10-04T03:07:18Z,football_nfl,32673,2026-10-04T20:25:00Z,Seattle Seahawks,Los Angeles Chargers,player_receptions,AJ Barner,3.5,Over,kalshi,144,3.59,0.4245,pinnacle,9,17.3,False,ev +3.6 fair 0.424 pinnacle 9b
2026-10-04T03:07:18Z,football_nfl,32673,2026-10-04T20:25:00Z,Seattle Seahawks,Los Angeles Chargers,player_receptions,Oronde Gadsden II,2.5,Under,draftkings,122,3.38,0.4657,pinnacle,7,17.3,False,ev +3.4 fair 0.466 pinnacle 7b
2026-10-04T03:07:18Z,football_nfl,32673,2026-10-04T20:25:00Z,Seattle Seahawks,Los Angeles Chargers,player_receptions,Quentin Johnston,2.5,Over,kalshi,-156,3.47,0.6305,pinnacle,7,17.3,False,ev +3.5 fair 0.630 pinnacle 7b
2026-10-04T03:07:18Z,football_nfl,32673,2026-10-04T20:25:00Z,Seattle Seahawks,Los Angeles Chargers,player_receptions,Tory Horton,1.5,Over,kalshi,178,3.55,0.3725,pinnacle,10,17.3,False,ev +3.5 fair 0.372 pinnacle 10b
2026-10-04T03:07:18Z,football_nfl,32673,2026-10-04T20:25:00Z,Seattle Seahawks,Los Angeles Chargers,player_rush_yds,Emanuel Wilson,39.5,Over,hardrock,-125,12.23,0.6235,kalshi,4,17.3,True,ev +12.2 fair 0.624 kalshi 4b
2026-10-04T03:07:18Z,football_nfl,32673,2026-10-04T20:25:00Z,Seattle Seahawks,Los Angeles Chargers,player_rush_yds,Emanuel Wilson,49.5,Over,hardrock,140,16.55,0.4856,kalshi,7,17.3,True,ev +16.6 fair 0.486 kalshi 7b
2026-10-04T03:07:18Z,football_nfl,32675,2026-10-04T20:25:00Z,Las Vegas Raiders,Kansas City Chiefs,player_pass_tds,Kirk Cousins,1.5,Under,kalshi,-133,3.06,0.5883,pinnacle,13,17.3,False,ev +3.1 fair 0.588 pinnacle 13b
2026-10-04T03:07:18Z,football_nfl,32675,2026-10-04T20:25:00Z,Las Vegas Raiders,Kansas City Chiefs,player_reception_yds,Brock Bowers,79.5,Under,hardrock,-130,3.14,0.583,kalshi,4,17.3,True,ev +3.1 fair 0.583 kalshi 4b
2026-10-04T03:07:18Z,football_nfl,32675,2026-10-04T20:25:00Z,Las Vegas Raiders,Kansas City Chiefs,player_reception_yds,Jalen Nailor,19.5,Under,kalshi,108,4.0,0.5,pinnacle,13,17.3,False,ev +4.0 fair 0.500 pinnacle 13b
2026-10-04T03:07:18Z,football_nfl,32675,2026-10-04T20:25:00Z,Las Vegas Raiders,Kansas City Chiefs,player_reception_yds,Michael Mayer,24.5,Over,hardrock,130,5.96,0.4607,kalshi,4,17.3,True,ev +6.0 fair 0.461 kalshi 4b
2026-10-04T03:07:18Z,football_nfl,32675,2026-10-04T20:25:00Z,Las Vegas Raiders,Kansas City Chiefs,player_receptions,Cody White,1.5,Over,kalshi,186,6.53,0.3725,pinnacle,10,17.3,False,ev +6.5 fair 0.372 pinnacle 10b
2026-10-04T03:07:18Z,football_nfl,32675,2026-10-04T20:25:00Z,Las Vegas Raiders,Kansas City Chiefs,player_receptions,Kenneth Walker III,2.5,Over,kalshi,-144,3.47,0.6106,pinnacle,9,17.3,False,ev +3.5 fair 0.611 pinnacle 9b
2026-10-04T03:07:18Z,football_nfl,32675,2026-10-04T20:25:00Z,Las Vegas Raiders,Kansas City Chiefs,player_receptions,Kenneth Walker III,2.5,Over,hardrock,-145,3.18,0.6106,pinnacle,9,17.3,True,ev +3.2 fair 0.611 pinnacle 9b
2026-10-04T03:07:18Z,football_nfl,32675,2026-10-04T20:25:00Z,Las Vegas Raiders,Kansas City Chiefs,player_receptions,Travis Kelce,4.5,Over,kalshi,127,3.25,0.4548,pinnacle,13,17.3,False,ev +3.2 fair 0.455 pinnacle 13b
2026-10-04T03:07:18Z,football_nfl,32675,2026-10-04T20:25:00Z,Las Vegas Raiders,Kansas City Chiefs,player_receptions,Tyquan Thornton,1.5,Over,hardrock,120,3.74,0.4716,pinnacle,13,17.3,True,ev +3.7 fair 0.472 pinnacle 13b
2026-10-04T03:07:18Z,football_nfl,32676,2026-10-05T00:20:00Z,Carolina Panthers,Detroit Lions,player_pass_tds,Jared Goff,1.5,Under,kalshi,156,4.04,0.4064,pinnacle,13,21.2,False,ev +4.0 fair 0.406 pinnacle 13b
2026-10-04T03:07:18Z,football_nfl,32676,2026-10-05T00:20:00Z,Carolina Panthers,Detroit Lions,player_pass_tds,Jared Goff,1.5,Under,fanduel,154,3.23,0.4064,pinnacle,13,21.2,False,ev +3.2 fair 0.406 pinnacle 13b
2026-10-04T03:07:18Z,football_nfl,32676,2026-10-05T00:20:00Z,Carolina Panthers,Detroit Lions,player_receptions,Isaac TeSlaa,1.5,Over,kalshi,113,3.35,0.4852,pinnacle,13,21.2,False,ev +3.4 fair 0.485 pinnacle 13b
2026-10-04T03:07:18Z,football_nfl,32676,2026-10-05T00:20:00Z,Carolina Panthers,Detroit Lions,player_receptions,Sam LaPorta,3.5,Under,hardrock,170,3.37,0.3829,kalshi,4,21.2,True,ev +3.4 fair 0.383 kalshi 4b
2026-10-04T03:07:18Z,football_nfl,32676,2026-10-05T00:20:00Z,Carolina Panthers,Detroit Lions,player_receptions,Tetairoa McMillan,4.5,Over,kalshi,-144,3.47,0.6106,pinnacle,12,21.2,False,ev +3.5 fair 0.611 pinnacle 12b
2026-10-04T03:07:18Z,football_nfl,32677,2026-10-06T00:15:00Z,New Orleans Saints,Atlanta Falcons,player_receptions,Alvin Kamara,3.5,Over,kalshi,156,5.82,0.4133,pinnacle,10,45.1,False,ev +5.8 fair 0.413 pinnacle 10b
2026-10-04T03:07:18Z,football_nfl,32677,2026-10-06T00:15:00Z,New Orleans Saints,Atlanta Falcons,player_receptions,Austin Hooper,1.5,Under,hardrock,-150,5.8,0.6348,pinnacle,11,45.1,True,ev +5.8 fair 0.635 pinnacle 11b
2026-10-04T03:07:18Z,football_nfl,32677,2026-10-06T00:15:00Z,New Orleans Saints,Atlanta Falcons,player_rush_yds,Kendre Miller,24.5,Over,hardrock,120,13.26,0.5148,kalshi,4,45.1,True,ev +13.3 fair 0.515 kalshi 4b
2026-10-05T02:40:39Z,football_nfl,32677,2026-10-06T00:15:00Z,New Orleans Saints,Atlanta Falcons,player_reception_yds,Bijan Robinson,39.5,Over,kalshi,108,3.56,0.4979,pinnacle,11,21.6,False,ev +3.6 fair 0.498 pinnacle 11b
2026-10-05T02:40:39Z,football_nfl,32677,2026-10-06T00:15:00Z,New Orleans Saints,Atlanta Falcons,player_receptions,Alvin Kamara,3.5,Over,kalshi,156,5.82,0.4133,pinnacle,10,21.6,False,ev +5.8 fair 0.413 pinnacle 10b
2026-10-05T02:40:39Z,football_nfl,32677,2026-10-06T00:15:00Z,New Orleans Saints,Atlanta Falcons,player_rush_yds,Kendre Miller,24.5,Over,hardrock,120,11.07,0.5049,kalshi,4,21.6,True,ev +11.1 fair 0.505 kalshi 4b
2026-10-05T12:27:56Z,football_nfl,32677,2026-10-06T00:15:00Z,New Orleans Saints,Atlanta Falcons,player_reception_yds,Bijan Robinson,39.5,Over,kalshi,108,3.55,0.4978,pinnacle,9,11.8,False,ev +3.5 fair 0.498 pinnacle 9b
2026-10-05T12:27:56Z,football_nfl,32677,2026-10-06T00:15:00Z,New Orleans Saints,Atlanta Falcons,player_receptions,Alvin Kamara,3.5,Over,kalshi,156,5.87,0.4135,pinnacle,12,11.8,False,ev +5.9 fair 0.413 pinnacle 12b
2026-10-05T12:27:56Z,football_nfl,32677,2026-10-06T00:15:00Z,New Orleans Saints,Atlanta Falcons,player_receptions,Bijan Robinson,4.5,Over,draftkings,106,3.45,0.5022,pinnacle,15,11.8,False,ev +3.5 fair 0.502 pinnacle 15b
2026-10-05T12:27:56Z,football_nfl,32677,2026-10-06T00:15:00Z,New Orleans Saints,Atlanta Falcons,player_receptions,Jahan Dotson,1.5,Over,kalshi,-122,4.45,0.574,pinnacle,12,11.8,False,ev +4.5 fair 0.574 pinnacle 12b
2026-10-05T12:27:56Z,football_nfl,32677,2026-10-06T00:15:00Z,New Orleans Saints,Atlanta Falcons,player_rush_yds,Kendre Miller,24.5,Over,hardrock,120,8.93,0.4951,kalshi,4,11.8,True,ev +8.9 fair 0.495 kalshi 4b
2026-10-05T12:50:53Z,football_nfl,32677,2026-10-06T00:15:00Z,New Orleans Saints,Atlanta Falcons,player_reception_yds,Bijan Robinson,39.5,Over,kalshi,108,3.55,0.4978,pinnacle,9,11.4,False,ev +3.5 fair 0.498 pinnacle 9b
2026-10-05T12:50:53Z,football_nfl,32677,2026-10-06T00:15:00Z,New Orleans Saints,Atlanta Falcons,player_receptions,Alvin Kamara,3.5,Over,kalshi,156,5.87,0.4135,pinnacle,12,11.4,False,ev +5.9 fair 0.413 pinnacle 12b
2026-10-05T12:50:53Z,football_nfl,32677,2026-10-06T00:15:00Z,New Orleans Saints,Atlanta Falcons,player_receptions,Bijan Robinson,4.5,Over,draftkings,106,3.45,0.5022,pinnacle,15,11.4,False,ev +3.5 fair 0.502 pinnacle 15b
2026-10-05T12:50:53Z,football_nfl,32677,2026-10-06T00:15:00Z,New Orleans Saints,Atlanta Falcons,player_receptions,Jahan Dotson,1.5,Over,kalshi,-122,4.45,0.574,pinnacle,12,11.4,False,ev +4.5 fair 0.574 pinnacle 12b
2026-10-05T12:50:53Z,football_nfl,32677,2026-10-06T00:15:00Z,New Orleans Saints,Atlanta Falcons,player_rush_attempts,Bijan Robinson,18.5,Over,underdog,-113,3.29,0.5479,pinnacle,6,11.4,False,ev +3.3 fair 0.548 pinnacle 6b
2026-10-05T12:50:53Z,football_nfl,32677,2026-10-06T00:15:00Z,New Orleans Saints,Atlanta Falcons,player_rush_yds,Kendre Miller,24.5,Over,hardrock,120,8.93,0.4951,kalshi,4,11.4,True,ev +8.9 fair 0.495 kalshi 4b
2026-10-05T20:45:20Z,football_nfl,32677,2026-10-06T00:15:00Z,New Orleans Saints,Atlanta Falcons,player_receptions,Alvin Kamara,2.5,Under,hardrock,150,6.34,0.4253,kalshi,11,3.5,True,ev +6.3 fair 0.425 kalshi 11b
2026-10-05T20:45:20Z,football_nfl,32677,2026-10-06T00:15:00Z,New Orleans Saints,Atlanta Falcons,player_receptions,Austin Hooper,1.5,Under,hardrock,-150,14.86,0.6892,pinnacle,7,3.5,True,ev +14.9 fair 0.689 pinnacle 7b
2026-10-05T20:45:20Z,football_nfl,32677,2026-10-06T00:15:00Z,New Orleans Saints,Atlanta Falcons,player_receptions,Austin Hooper,1.5,Over,kalshi,233,3.51,0.3108,pinnacle,7,3.5,False,ev +3.5 fair 0.311 pinnacle 7b
2026-10-05T20:45:20Z,football_nfl,32677,2026-10-06T00:15:00Z,New Orleans Saints,Atlanta Falcons,player_receptions,Juwan Johnson,3.5,Over,hardrock,-110,9.59,0.574,pinnacle,10,3.5,True,ev +9.6 fair 0.574 pinnacle 10b
2026-10-05T20:45:20Z,football_nfl,32677,2026-10-06T00:15:00Z,New Orleans Saints,Atlanta Falcons,player_receptions,Juwan Johnson,4.5,Over,hardrock,195,14.05,0.3866,kalshi,8,3.5,True,ev +14.1 fair 0.387 kalshi 8b
2026-10-05T20:45:20Z,football_nfl,32677,2026-10-06T00:15:00Z,New Orleans Saints,Atlanta Falcons,player_rush_yds,Alvin Kamara,39.5,Under,hardrock,-115,3.57,0.554,kalshi,4,3.5,True,ev +3.6 fair 0.554 kalshi 4b
2026-10-05T20:45:20Z,football_nfl,32677,2026-10-06T00:15:00Z,New Orleans Saints,Atlanta Falcons,player_rush_yds,Kendre Miller,24.5,Over,hardrock,120,11.07,0.5049,kalshi,4,3.5,True,ev +11.1 fair 0.505 kalshi 4b
2026-10-05T23:24:55Z,football_nfl,32677,2026-10-06T00:15:00Z,New Orleans Saints,Atlanta Falcons,player_reception_yds,Bijan Robinson,24.5,Under,hardrock,220,7.75,0.3367,kalshi,4,0.8,True,ev +7.8 fair 0.337 kalshi 4b
2026-10-05T23:24:55Z,football_nfl,32677,2026-10-06T00:15:00Z,New Orleans Saints,Atlanta Falcons,player_reception_yds,Juwan Johnson,39.5,Over,hardrock,-120,5.35,0.5747,kalshi,4,0.8,True,ev +5.3 fair 0.575 kalshi 4b
2026-10-05T23:24:55Z,football_nfl,32677,2026-10-06T00:15:00Z,New Orleans Saints,Atlanta Falcons,player_reception_yds,Juwan Johnson,49.5,Over,hardrock,140,7.05,0.446,kalshi,4,0.8,True,ev +7.0 fair 0.446 kalshi 4b
2026-10-05T23:24:55Z,football_nfl,32677,2026-10-06T00:15:00Z,New Orleans Saints,Atlanta Falcons,player_receptions,Alvin Kamara,2.5,Under,hardrock,150,6.34,0.4253,kalshi,11,0.8,True,ev +6.3 fair 0.425 kalshi 11b
2026-10-05T23:24:55Z,football_nfl,32677,2026-10-06T00:15:00Z,New Orleans Saints,Atlanta Falcons,player_receptions,Alvin Kamara,3.5,Over,kalshi,163,3.42,0.3932,pinnacle,7,0.8,False,ev +3.4 fair 0.393 pinnacle 7b
2026-10-05T23:24:55Z,football_nfl,32677,2026-10-06T00:15:00Z,New Orleans Saints,Atlanta Falcons,player_receptions,Austin Hooper,1.5,Under,hardrock,-150,15.32,0.6919,pinnacle,7,0.8,True,ev +15.3 fair 0.692 pinnacle 7b
2026-10-05T23:24:55Z,football_nfl,32677,2026-10-06T00:15:00Z,New Orleans Saints,Atlanta Falcons,player_receptions,Austin Hooper,1.5,Over,kalshi,245,6.28,0.3081,pinnacle,7,0.8,False,ev +6.3 fair 0.308 pinnacle 7b
2026-10-05T23:24:55Z,football_nfl,32677,2026-10-06T00:15:00Z,New Orleans Saints,Atlanta Falcons,player_receptions,Bijan Robinson,3.5,Under,hardrock,175,6.32,0.3866,kalshi,4,0.8,True,ev +6.3 fair 0.387 kalshi 4b
2026-10-05T23:24:55Z,football_nfl,32677,2026-10-06T00:15:00Z,New Orleans Saints,Atlanta Falcons,player_receptions,Drake London,6.5,Over,hardrock,140,3.66,0.4319,pinnacle,8,0.8,True,ev +3.7 fair 0.432 pinnacle 8b
2026-10-05T23:24:55Z,football_nfl,32677,2026-10-06T00:15:00Z,New Orleans Saints,Atlanta Falcons,player_receptions,Juwan Johnson,3.5,Over,hardrock,-110,15.25,0.6037,kalshi,7,0.8,True,ev +15.2 fair 0.604 kalshi 7b
2026-10-05T23:24:55Z,football_nfl,32677,2026-10-06T00:15:00Z,New Orleans Saints,Atlanta Falcons,player_receptions,Juwan Johnson,4.5,Over,hardrock,195,31.09,0.4444,pinnacle,10,0.8,True,ev +31.1 fair 0.444 pinnacle 10b
2026-10-05T23:24:55Z,football_nfl,32677,2026-10-06T00:15:00Z,New Orleans Saints,Atlanta Falcons,player_rush_yds,Alvin Kamara,39.5,Under,hardrock,-115,7.43,0.5747,kalshi,5,0.8,True,ev +7.4 fair 0.575 kalshi 5b
2026-10-05T23:24:55Z,football_nfl,32677,2026-10-06T00:15:00Z,New Orleans Saints,Atlanta Falcons,player_rush_yds,Kendre Miller,24.5,Over,hardrock,120,17.6,0.5345,kalshi,5,0.8,True,ev +17.6 fair 0.534 kalshi 5b
2026-10-05T23:24:55Z,football_nfl,32678,2026-10-09T00:15:00Z,Dallas Cowboys,Tampa Bay Buccaneers,player_pass_tds,Jalon Daniels,0.5,Under,kalshi,186,3.59,0.3622,pinnacle,9,72.8,False,ev +3.6 fair 0.362 pinnacle 9b
2026-10-05T23:24:55Z,football_nfl,32678,2026-10-09T00:15:00Z,Dallas Cowboys,Tampa Bay Buccaneers,player_receptions,Bucky Irving,2.5,Over,draftkings,123,3.05,0.4621,pinnacle,8,72.8,False,ev +3.0 fair 0.462 pinnacle 8b
2026-10-05T23:24:55Z,football_nfl,32678,2026-10-09T00:15:00Z,Dallas Cowboys,Tampa Bay Buccaneers,player_receptions,Kenneth Gainwell,1.5,Under,draftkings,122,4.75,0.4718,pinnacle,7,72.8,False,ev +4.8 fair 0.472 pinnacle 7b
2026-10-05T23:24:55Z,football_nfl,32678,2026-10-09T00:15:00Z,Dallas Cowboys,Tampa Bay Buccaneers,player_rush_attempts,Jalon Daniels,7.5,Over,draftkings,-104,3.2,0.5261,pinnacle,7,72.8,False,ev +3.2 fair 0.526 pinnacle 7b
2026-10-05T23:24:55Z,football_nfl,32678,2026-10-09T00:15:00Z,Dallas Cowboys,Tampa Bay Buccaneers,player_rush_attempts,Javonte Williams,17.5,Over,draftkings,103,4.38,0.5142,pinnacle,7,72.8,False,ev +4.4 fair 0.514 pinnacle 7b
2026-10-06T03:33:18Z,football_nfl,32678,2026-10-09T00:15:00Z,Dallas Cowboys,Tampa Bay Buccaneers,player_pass_tds,Jalon Daniels,0.5,Under,kalshi,186,3.59,0.3622,pinnacle,9,68.7,False,ev +3.6 fair 0.362 pinnacle 9b
2026-10-06T03:33:18Z,football_nfl,32678,2026-10-09T00:15:00Z,Dallas Cowboys,Tampa Bay Buccaneers,player_receptions,Kenneth Gainwell,1.5,Under,draftkings,122,4.75,0.4718,pinnacle,7,68.7,False,ev +4.8 fair 0.472 pinnacle 7b
2026-10-06T03:33:18Z,football_nfl,32678,2026-10-09T00:15:00Z,Dallas Cowboys,Tampa Bay Buccaneers,player_rush_attempts,Javonte Williams,17.5,Over,draftkings,103,4.38,0.5142,pinnacle,6,68.7,False,ev +4.4 fair 0.514 pinnacle 6b
2026-10-06T12:19:18Z,football_nfl,32678,2026-10-09T00:15:00Z,Dallas Cowboys,Tampa Bay Buccaneers,player_pass_tds,Dak Prescott,1.5,Under,kalshi,203,5.65,0.3487,pinnacle,11,59.9,False,ev +5.7 fair 0.349 pinnacle 11b
2026-10-06T12:19:18Z,football_nfl,32678,2026-10-09T00:15:00Z,Dallas Cowboys,Tampa Bay Buccaneers,player_pass_tds,Jalon Daniels,0.5,Under,kalshi,186,3.59,0.3622,pinnacle,11,59.9,False,ev +3.6 fair 0.362 pinnacle 11b
2026-10-06T12:19:18Z,football_nfl,32678,2026-10-09T00:15:00Z,Dallas Cowboys,Tampa Bay Buccaneers,player_receptions,Bucky Irving,2.5,Over,draftkings,123,3.05,0.4621,pinnacle,11,59.9,False,ev +3.0 fair 0.462 pinnacle 11b
2026-10-06T21:56:51Z,football_nfl,32678,2026-10-09T00:15:00Z,Dallas Cowboys,Tampa Bay Buccaneers,player_pass_tds,Jalon Daniels,0.5,Under,kalshi,203,9.74,0.3622,pinnacle,13,50.3,False,ev +9.7 fair 0.362 pinnacle 13b
2026-10-06T21:56:51Z,football_nfl,32678,2026-10-09T00:15:00Z,Dallas Cowboys,Tampa Bay Buccaneers,player_pass_tds,Jalon Daniels,0.5,Under,draftkings,191,5.4,0.3622,pinnacle,13,50.3,False,ev +5.4 fair 0.362 pinnacle 13b
2026-10-06T21:56:51Z,football_nfl,32678,2026-10-09T00:15:00Z,Dallas Cowboys,Tampa Bay Buccaneers,player_pass_tds,Jalon Daniels,0.5,Under,bovada,190,5.04,0.3622,pinnacle,13,50.3,False,ev +5.0 fair 0.362 pinnacle 13b
2026-10-06T21:56:51Z,football_nfl,32678,2026-10-09T00:15:00Z,Dallas Cowboys,Tampa Bay Buccaneers,player_receptions,Bucky Irving,2.5,Over,kalshi,133,6.74,0.4581,pinnacle,13,50.3,False,ev +6.7 fair 0.458 pinnacle 13b
2026-10-06T21:56:51Z,football_nfl,32678,2026-10-09T00:15:00Z,Dallas Cowboys,Tampa Bay Buccaneers,player_receptions,Kenneth Gainwell,1.5,Under,draftkings,141,6.84,0.4433,pinnacle,8,50.3,False,ev +6.8 fair 0.443 pinnacle 8b
2026-10-06T21:56:51Z,football_nfl,32678,2026-10-09T00:15:00Z,Dallas Cowboys,Tampa Bay Buccaneers,player_receptions,Kenneth Gainwell,1.5,Under,bovada,140,6.39,0.4433,pinnacle,8,50.3,False,ev +6.4 fair 0.443 pinnacle 8b
2026-10-06T21:56:51Z,football_nfl,32684,2026-10-11T17:00:00Z,New England Patriots,Las Vegas Raiders,player_pass_tds,Drake Maye,1.5,Under,draftkings,-105,3.12,0.5282,pinnacle,10,115.1,False,ev +3.1 fair 0.528 pinnacle 10b
2026-10-07T02:58:41Z,football_nfl,32678,2026-10-09T00:15:00Z,Dallas Cowboys,Tampa Bay Buccaneers,player_pass_attempts,Dak Prescott,33.5,Over,underdog,-104,5.51,0.5379,pinnacle,6,45.3,False,ev +5.5 fair 0.538 pinnacle 6b
2026-10-07T02:58:41Z,football_nfl,32678,2026-10-09T00:15:00Z,Dallas Cowboys,Tampa Bay Buccaneers,player_pass_tds,Jalon Daniels,0.5,Under,kalshi,203,9.74,0.3622,pinnacle,13,45.3,False,ev +9.7 fair 0.362 pinnacle 13b
2026-10-07T02:58:41Z,football_nfl,32678,2026-10-09T00:15:00Z,Dallas Cowboys,Tampa Bay Buccaneers,player_pass_tds,Jalon Daniels,0.5,Under,bovada,185,3.23,0.3622,pinnacle,13,45.3,False,ev +3.2 fair 0.362 pinnacle 13b
2026-10-07T02:58:41Z,football_nfl,32678,2026-10-09T00:15:00Z,Dallas Cowboys,Tampa Bay Buccaneers,player_receptions,Bucky Irving,2.5,Over,kalshi,133,6.74,0.4581,pinnacle,13,45.3,False,ev +6.7 fair 0.458 pinnacle 13b
2026-10-07T02:58:41Z,football_nfl,32678,2026-10-09T00:15:00Z,Dallas Cowboys,Tampa Bay Buccaneers,player_receptions,Bucky Irving,2.5,Over,bovada,130,5.37,0.4581,pinnacle,13,45.3,False,ev +5.4 fair 0.458 pinnacle 13b
2026-10-07T02:58:41Z,football_nfl,32678,2026-10-09T00:15:00Z,Dallas Cowboys,Tampa Bay Buccaneers,player_receptions,Bucky Irving,2.5,Over,draftkings,128,4.45,0.4581,pinnacle,13,45.3,False,ev +4.5 fair 0.458 pinnacle 13b
2026-10-07T02:58:41Z,football_nfl,32678,2026-10-09T00:15:00Z,Dallas Cowboys,Tampa Bay Buccaneers,player_receptions,CeeDee Lamb,5.5,Under,kalshi,150,4.26,0.417,pinnacle,6,45.3,False,ev +4.3 fair 0.417 pinnacle 6b
2026-10-07T02:58:41Z,football_nfl,32678,2026-10-09T00:15:00Z,Dallas Cowboys,Tampa Bay Buccaneers,player_receptions,Chris Godwin,3.5,Over,fanduel,112,3.85,0.4899,bovada,8,45.3,False,ev +3.9 fair 0.490 bovada 8b
2026-10-07T02:58:41Z,football_nfl,32678,2026-10-09T00:15:00Z,Dallas Cowboys,Tampa Bay Buccaneers,player_receptions,Chris Godwin Jr.,3.5,Over,kalshi,117,5.42,0.4858,pinnacle,3,45.3,False,ev +5.4 fair 0.486 pinnacle 3b
2026-10-07T02:58:41Z,football_nfl,32678,2026-10-09T00:15:00Z,Dallas Cowboys,Tampa Bay Buccaneers,player_receptions,Kenneth Gainwell,1.5,Under,draftkings,134,3.3,0.4415,pinnacle,8,45.3,False,ev +3.3 fair 0.442 pinnacle 8b
2026-10-07T02:58:41Z,football_nfl,32678,2026-10-09T00:15:00Z,Dallas Cowboys,Tampa Bay Buccaneers,player_receptions,Ryan Flournoy,3.5,Over,kalshi,144,3.66,0.4248,pinnacle,12,45.3,False,ev +3.7 fair 0.425 pinnacle 12b
2026-10-07T02:58:41Z,football_nfl,32684,2026-10-11T17:00:00Z,New England Patriots,Las Vegas Raiders,player_pass_tds,Drake Maye,1.5,Under,draftkings,-105,3.12,0.5282,pinnacle,10,110.0,False,ev +3.1 fair 0.528 pinnacle 10b
2026-10-07T12:10:46Z,football_nfl,32678,2026-10-09T00:15:00Z,Dallas Cowboys,Tampa Bay Buccaneers,player_pass_attempts,Dak Prescott,33.5,Over,underdog,-106,4.54,0.5379,pinnacle,7,36.1,False,ev +4.5 fair 0.538 pinnacle 7b
2026-10-07T12:10:46Z,football_nfl,32678,2026-10-09T00:15:00Z,Dallas Cowboys,Tampa Bay Buccaneers,player_pass_tds,Jalon Daniels,0.5,Under,kalshi,203,9.74,0.3622,pinnacle,13,36.1,False,ev +9.7 fair 0.362 pinnacle 13b
2026-10-07T12:10:46Z,football_nfl,32678,2026-10-09T00:15:00Z,Dallas Cowboys,Tampa Bay Buccaneers,player_pass_tds,Jalon Daniels,0.5,Under,bovada,185,3.23,0.3622,pinnacle,13,36.1,False,ev +3.2 fair 0.362 pinnacle 13b
2026-10-07T12:10:46Z,football_nfl,32678,2026-10-09T00:15:00Z,Dallas Cowboys,Tampa Bay Buccaneers,player_receptions,Bucky Irving,2.5,Over,kalshi,133,6.74,0.4581,pinnacle,13,36.1,False,ev +6.7 fair 0.458 pinnacle 13b
2026-10-07T12:10:46Z,football_nfl,32678,2026-10-09T00:15:00Z,Dallas Cowboys,Tampa Bay Buccaneers,player_receptions,Bucky Irving,2.5,Over,bovada,130,5.37,0.4581,pinnacle,13,36.1,False,ev +5.4 fair 0.458 pinnacle 13b
2026-10-07T12:10:46Z,football_nfl,32678,2026-10-09T00:15:00Z,Dallas Cowboys,Tampa Bay Buccaneers,player_receptions,Bucky Irving,2.5,Over,draftkings,128,4.45,0.4581,pinnacle,13,36.1,False,ev +4.5 fair 0.458 pinnacle 13b
2026-10-07T12:10:46Z,football_nfl,32678,2026-10-09T00:15:00Z,Dallas Cowboys,Tampa Bay Buccaneers,player_receptions,CeeDee Lamb,5.5,Under,kalshi,156,6.76,0.417,pinnacle,5,36.1,False,ev +6.8 fair 0.417 pinnacle 5b
2026-10-07T12:10:46Z,football_nfl,32678,2026-10-09T00:15:00Z,Dallas Cowboys,Tampa Bay Buccaneers,player_receptions,Chris Godwin,3.5,Over,fanduel,112,3.85,0.4899,bovada,8,36.1,False,ev +3.9 fair 0.490 bovada 8b
2026-10-07T12:10:46Z,football_nfl,32678,2026-10-09T00:15:00Z,Dallas Cowboys,Tampa Bay Buccaneers,player_receptions,Chris Godwin Jr.,3.5,Over,kalshi,113,3.91,0.4878,pinnacle,3,36.1,False,ev +3.9 fair 0.488 pinnacle 3b
2026-10-07T12:10:46Z,football_nfl,32678,2026-10-09T00:15:00Z,Dallas Cowboys,Tampa Bay Buccaneers,player_receptions,Kenneth Gainwell,1.5,Under,draftkings,134,3.3,0.4415,pinnacle,8,36.1,False,ev +3.3 fair 0.442 pinnacle 8b
2026-10-07T12:10:46Z,football_nfl,32678,2026-10-09T00:15:00Z,Dallas Cowboys,Tampa Bay Buccaneers,player_receptions,Ryan Flournoy,3.5,Over,kalshi,144,3.66,0.4248,pinnacle,12,36.1,False,ev +3.7 fair 0.425 pinnacle 12b
2026-10-07T12:10:46Z,football_nfl,32684,2026-10-11T17:00:00Z,New England Patriots,Las Vegas Raiders,player_pass_tds,Drake Maye,1.5,Under,draftkings,-105,3.12,0.5282,pinnacle,11,100.8,False,ev +3.1 fair 0.528 pinnacle 11b
2026-10-07T12:10:46Z,football_nfl,32684,2026-10-11T17:00:00Z,New England Patriots,Las Vegas Raiders,player_pass_tds,Drake Maye,1.5,Under,bovada,-105,3.12,0.5282,pinnacle,11,100.8,False,ev +3.1 fair 0.528 pinnacle 11b
2026-10-07T12:10:46Z,football_nfl,32686,2026-10-11T20:05:00Z,Los Angeles Chargers,Denver Broncos,player_receptions,RJ Harvey,4.5,Over,draftkings,126,4.43,0.4621,pinnacle,6,103.9,False,ev +4.4 fair 0.462 pinnacle 6b
2026-10-07T12:10:46Z,football_nfl,32686,2026-10-11T20:05:00Z,Los Angeles Chargers,Denver Broncos,player_receptions,RJ Harvey,4.5,Over,bovada,125,3.97,0.4621,pinnacle,6,103.9,False,ev +4.0 fair 0.462 pinnacle 6b
2026-10-07T12:10:46Z,football_nfl,32686,2026-10-11T20:05:00Z,Los Angeles Chargers,Denver Broncos,player_rush_yds,J.K. Dobbins,59.5,Under,underdog,-112,17.2,0.6192,kalshi,4,103.9,False,ev +17.2 fair 0.619 kalshi 4b
2026-10-07T22:21:23Z,football_nfl,32678,2026-10-09T00:15:00Z,Dallas Cowboys,Tampa Bay Buccaneers,player_pass_tds,Dak Prescott,2.5,Over,kalshi,186,4.45,0.3652,pinnacle,9,25.9,False,ev +4.5 fair 0.365 pinnacle 9b
2026-10-07T22:21:23Z,football_nfl,32678,2026-10-09T00:15:00Z,Dallas Cowboys,Tampa Bay Buccaneers,player_receptions,CeeDee Lamb,5.5,Under,kalshi,156,6.8,0.4172,pinnacle,5,25.9,False,ev +6.8 fair 0.417 pinnacle 5b
2026-10-07T22:21:23Z,football_nfl,32678,2026-10-09T00:15:00Z,Dallas Cowboys,Tampa Bay Buccaneers,player_receptions,Ryan Flournoy,3.5,Over,kalshi,144,3.59,0.4245,pinnacle,10,25.9,False,ev +3.6 fair 0.424 pinnacle 10b
2026-10-07T22:21:23Z,football_nfl,24872,2026-10-11T13:30:00Z,Jacksonville Jaguars,Philadelphia Eagles,player_pass_completions,Trevor Lawrence,19.5,Under,underdog,-102,3.04,0.5203,bovada,8,87.1,False,ev +3.0 fair 0.520 bovada 8b
2026-10-07T22:21:23Z,football_nfl,32684,2026-10-11T17:00:00Z,New England Patriots,Las Vegas Raiders,player_pass_interceptions,Kirk Cousins,0.5,Under,hardrock,120,3.27,0.4694,bovada,7,90.6,True,ev +3.3 fair 0.469 bovada 7b
2026-10-07T22:21:23Z,football_nfl,46670,2026-10-11T20:25:00Z,Arizona Cardinals,Detroit Lions,player_pass_completions,Jared Goff,25.5,Under,underdog,-102,3.04,0.5203,bovada,5,94.1,False,ev +3.0 fair 0.520 bovada 5b
2026-10-08T03:15:29Z,football_nfl,32678,2026-10-09T00:15:00Z,Dallas Cowboys,Tampa Bay Buccaneers,player_receptions,Bucky Irving,2.5,Over,kalshi,144,5.45,0.4322,pinnacle,13,21.0,False,ev +5.5 fair 0.432 pinnacle 13b
2026-10-08T03:15:29Z,football_nfl,32678,2026-10-09T00:15:00Z,Dallas Cowboys,Tampa Bay Buccaneers,player_receptions,CeeDee Lamb,5.5,Under,kalshi,156,6.8,0.4172,pinnacle,5,21.0,False,ev +6.8 fair 0.417 pinnacle 5b
2026-10-08T03:15:29Z,football_nfl,32678,2026-10-09T00:15:00Z,Dallas Cowboys,Tampa Bay Buccaneers,player_receptions,CeeDee Lamb,6.5,Under,draftkings,-115,3.57,0.554,kalshi,11,21.0,False,ev +3.6 fair 0.554 kalshi 11b
2026-10-08T03:15:29Z,football_nfl,24872,2026-10-11T13:30:00Z,Jacksonville Jaguars,Philadelphia Eagles,player_pass_tds,Trevor Lawrence,1.5,Under,underdog,-104,3.6,0.5282,pinnacle,11,82.2,False,ev +3.6 fair 0.528 pinnacle 11b
2026-10-08T03:15:29Z,football_nfl,24872,2026-10-11T13:30:00Z,Jacksonville Jaguars,Philadelphia Eagles,player_pass_tds,Trevor Lawrence,1.5,Under,kalshi,-104,3.6,0.5282,pinnacle,11,82.2,False,ev +3.6 fair 0.528 pinnacle 11b
2026-10-08T03:15:29Z,football_nfl,32684,2026-10-11T17:00:00Z,New England Patriots,Las Vegas Raiders,player_pass_interceptions,Kirk Cousins,0.5,Under,hardrock,120,3.27,0.4694,bovada,7,85.7,True,ev +3.3 fair 0.469 bovada 7b
2026-10-08T03:15:29Z,football_nfl,32683,2026-10-11T17:00:00Z,Pittsburgh Steelers,Indianapolis Colts,player_reception_yds,Tyler Warren,49.5,Over,kalshi,108,3.58,0.498,pinnacle,7,85.7,False,ev +3.6 fair 0.498 pinnacle 7b
2026-10-08T03:15:29Z,football_nfl,32686,2026-10-11T20:05:00Z,Los Angeles Chargers,Denver Broncos,player_receptions,Courtland Sutton,3.5,Under,draftkings,-126,3.16,0.5752,pinnacle,10,88.8,False,ev +3.2 fair 0.575 pinnacle 10b
2026-10-08T03:15:29Z,football_nfl,46670,2026-10-11T20:25:00Z,Arizona Cardinals,Detroit Lions,player_pass_completions,Jared Goff,25.5,Under,underdog,-102,3.04,0.5203,bovada,6,89.2,False,ev +3.0 fair 0.520 bovada 6b
2026-10-08T06:25:41Z,football_nfl,32678,2026-10-09T00:15:00Z,Dallas Cowboys,Tampa Bay Buccaneers,player_receptions,Bucky Irving,2.5,Over,kalshi,144,4.86,0.4297,pinnacle,13,17.8,False,ev +4.9 fair 0.430 pinnacle 13b
2026-10-08T06:25:41Z,football_nfl,32678,2026-10-09T00:15:00Z,Dallas Cowboys,Tampa Bay Buccaneers,player_receptions,CeeDee Lamb,5.5,Under,kalshi,150,4.3,0.4172,pinnacle,5,17.8,False,ev +4.3 fair 0.417 pinnacle 5b
2026-10-08T06:25:41Z,football_nfl,32678,2026-10-09T00:15:00Z,Dallas Cowboys,Tampa Bay Buccaneers,player_receptions,Ryan Flournoy,3.5,Over,kalshi,144,3.59,0.4245,pinnacle,13,17.8,False,ev +3.6 fair 0.424 pinnacle 13b
2026-10-08T12:21:27Z,football_nfl,32678,2026-10-09T00:15:00Z,Dallas Cowboys,Tampa Bay Buccaneers,player_receptions,Bucky Irving,2.5,Over,kalshi,144,4.86,0.4297,pinnacle,14,11.9,False,ev +4.9 fair 0.430 pinnacle 14b
2026-10-08T12:21:27Z,football_nfl,32678,2026-10-09T00:15:00Z,Dallas Cowboys,Tampa Bay Buccaneers,player_receptions,CeeDee Lamb,5.5,Under,kalshi,150,4.3,0.4172,pinnacle,5,11.9,False,ev +4.3 fair 0.417 pinnacle 5b
2026-10-08T12:21:27Z,football_nfl,32678,2026-10-09T00:15:00Z,Dallas Cowboys,Tampa Bay Buccaneers,player_receptions,Chris Godwin Jr.,3.5,Over,kalshi,-104,6.4,0.5424,pinnacle,4,11.9,False,ev +6.4 fair 0.542 pinnacle 4b
2026-10-08T12:21:27Z,football_nfl,32678,2026-10-09T00:15:00Z,Dallas Cowboys,Tampa Bay Buccaneers,player_receptions,Emeka Egbuka,2.5,Over,kalshi,-170,4.76,0.6596,pinnacle,6,11.9,False,ev +4.8 fair 0.660 pinnacle 6b
2026-10-08T12:21:27Z,football_nfl,32678,2026-10-09T00:15:00Z,Dallas Cowboys,Tampa Bay Buccaneers,player_receptions,Ryan Flournoy,3.5,Over,kalshi,144,3.59,0.4245,pinnacle,13,11.9,False,ev +3.6 fair 0.424 pinnacle 13b
2026-10-08T12:21:27Z,football_nfl,24872,2026-10-11T13:30:00Z,Jacksonville Jaguars,Philadelphia Eagles,player_pass_tds,Trevor Lawrence,1.5,Under,kalshi,-104,3.6,0.5282,pinnacle,11,73.1,False,ev +3.6 fair 0.528 pinnacle 11b
2026-10-08T12:21:27Z,football_nfl,24872,2026-10-11T13:30:00Z,Jacksonville Jaguars,Philadelphia Eagles,player_pass_tds,Trevor Lawrence,1.5,Under,underdog,-104,3.6,0.5282,pinnacle,11,73.1,False,ev +3.6 fair 0.528 pinnacle 11b
2026-10-08T12:21:27Z,football_nfl,46671,2026-10-11T17:00:00Z,Green Bay Packers,Chicago Bears,player_pass_tds,Jordan Love,1.5,Under,kalshi,-127,3.21,0.5774,pinnacle,11,76.6,False,ev +3.2 fair 0.577 pinnacle 11b
2026-10-08T12:21:27Z,football_nfl,46671,2026-10-11T17:00:00Z,Green Bay Packers,Chicago Bears,player_receptions,Tucker Kraft,4.5,Under,underdog,-109,3.69,0.5408,bovada,10,76.6,False,ev +3.7 fair 0.541 bovada 10b
2026-10-08T12:21:27Z,football_nfl,32684,2026-10-11T17:00:00Z,New England Patriots,Las Vegas Raiders,player_pass_interceptions,Kirk Cousins,0.5,Under,hardrock,120,3.27,0.4694,bovada,7,76.6,True,ev +3.3 fair 0.469 bovada 7b
2026-10-08T12:21:27Z,football_nfl,32684,2026-10-11T17:00:00Z,New England Patriots,Las Vegas Raiders,player_pass_tds,Drake Maye,1.5,Under,fanduel,-102,4.6,0.5282,pinnacle,11,76.6,False,ev +4.6 fair 0.528 pinnacle 11b
2026-10-08T12:21:27Z,football_nfl,32683,2026-10-11T17:00:00Z,Pittsburgh Steelers,Indianapolis Colts,player_receptions,Pat Freiermuth,3.5,Over,fanduel,116,3.61,0.4797,bovada,8,76.6,False,ev +3.6 fair 0.480 bovada 8b
2026-10-08T12:21:27Z,football_nfl,32682,2026-10-11T17:00:00Z,Tennessee Titans,Houston Texans,player_pass_completions,C.J. Stroud,21.5,Under,draftkings,-106,5.31,0.5419,pinnacle,6,76.6,False,ev +5.3 fair 0.542 pinnacle 6b
2026-10-08T12:21:27Z,football_nfl,32682,2026-10-11T17:00:00Z,Tennessee Titans,Houston Texans,player_pass_completions,C.J. Stroud,21.5,Under,underdog,-106,5.31,0.5419,pinnacle,6,76.6,False,ev +5.3 fair 0.542 pinnacle 6b
2026-10-08T12:21:27Z,football_nfl,32682,2026-10-11T17:00:00Z,Tennessee Titans,Houston Texans,player_receptions,Carnell Tate,4.5,Under,bovada,110,5.85,0.504,pinnacle,10,76.6,False,ev +5.8 fair 0.504 pinnacle 10b
2026-10-08T12:21:27Z,football_nfl,32682,2026-10-11T17:00:00Z,Tennessee Titans,Houston Texans,player_receptions,Carnell Tate,4.5,Under,draftkings,110,5.85,0.504,pinnacle,10,76.6,False,ev +5.8 fair 0.504 pinnacle 10b
2026-10-08T12:21:27Z,football_nfl,32679,2026-10-11T17:00:00Z,Washington Commanders,New York Giants,player_pass_completions,Jameis Winston,18.5,Over,draftkings,-102,3.22,0.5212,pinnacle,7,76.6,False,ev +3.2 fair 0.521 pinnacle 7b
2026-10-08T12:21:27Z,football_nfl,32686,2026-10-11T20:05:00Z,Los Angeles Chargers,Denver Broncos,player_receptions,Courtland Sutton,3.5,Under,draftkings,-126,3.16,0.5752,pinnacle,10,79.7,False,ev +3.2 fair 0.575 pinnacle 10b
2026-10-08T12:21:27Z,football_nfl,46670,2026-10-11T20:25:00Z,Arizona Cardinals,Detroit Lions,player_pass_completions,Jared Goff,25.5,Under,underdog,-102,3.04,0.5203,bovada,6,80.1,False,ev +3.0 fair 0.520 bovada 6b
2026-10-08T12:21:27Z,football_nfl,32687,2026-10-11T20:25:00Z,Seattle Seahawks,San Francisco 49ers,player_receptions,Deebo Samuel Sr.,3.5,Over,bovada,100,3.24,0.5162,pinnacle,4,80.1,False,ev +3.2 fair 0.516 pinnacle 4b
2026-10-08T13:50:32Z,football_nfl,32678,2026-10-09T00:15:00Z,Dallas Cowboys,Tampa Bay Buccaneers,player_receptions,Bucky Irving,2.5,Over,kalshi,144,4.86,0.4297,pinnacle,14,10.4,False,ev +4.9 fair 0.430 pinnacle 14b
2026-10-08T13:50:32Z,football_nfl,32678,2026-10-09T00:15:00Z,Dallas Cowboys,Tampa Bay Buccaneers,player_receptions,CeeDee Lamb,5.5,Under,kalshi,156,6.8,0.4172,pinnacle,4,10.4,False,ev +6.8 fair 0.417 pinnacle 4b
2026-10-08T13:50:32Z,football_nfl,32678,2026-10-09T00:15:00Z,Dallas Cowboys,Tampa Bay Buccaneers,player_receptions,Chris Godwin Jr.,3.5,Over,kalshi,-108,5.0,0.5452,pinnacle,4,10.4,False,ev +5.0 fair 0.545 pinnacle 4b
2026-10-08T13:50:32Z,football_nfl,32678,2026-10-09T00:15:00Z,Dallas Cowboys,Tampa Bay Buccaneers,player_receptions,Emeka Egbuka,2.5,Over,kalshi,-170,4.76,0.6596,pinnacle,6,10.4,False,ev +4.8 fair 0.660 pinnacle 6b
2026-10-08T13:50:32Z,football_nfl,32678,2026-10-09T00:15:00Z,Dallas Cowboys,Tampa Bay Buccaneers,player_receptions,Ryan Flournoy,3.5,Over,kalshi,138,4.3,0.4382,pinnacle,13,10.4,False,ev +4.3 fair 0.438 pinnacle 13b
2026-10-08T20:01:15Z,football_nfl,32678,2026-10-09T00:15:00Z,Dallas Cowboys,Tampa Bay Buccaneers,player_pass_tds,Dak Prescott,2.5,Over,kalshi,178,4.09,0.3744,pinnacle,11,4.2,False,ev +4.1 fair 0.374 pinnacle 11b
2026-10-08T20:01:15Z,football_nfl,32678,2026-10-09T00:15:00Z,Dallas Cowboys,Tampa Bay Buccaneers,player_pass_tds,Jalon Daniels,0.5,Under,kalshi,212,4.47,0.3349,pinnacle,14,4.2,False,ev +4.5 fair 0.335 pinnacle 14b
2026-10-08T20:01:15Z,football_nfl,32678,2026-10-09T00:15:00Z,Dallas Cowboys,Tampa Bay Buccaneers,player_receptions,Tez Johnson,1.5,Over,kalshi,150,3.8,0.4152,pinnacle,12,4.2,False,ev +3.8 fair 0.415 pinnacle 12b
2026-10-08T22:34:06Z,football_nfl,32678,2026-10-09T00:15:00Z,Dallas Cowboys,Tampa Bay Buccaneers,player_pass_tds,Dak Prescott,2.5,Over,kalshi,178,11.41,0.4008,pinnacle,11,1.7,False,ev +11.4 fair 0.401 pinnacle 11b
2026-10-08T22:34:06Z,football_nfl,32678,2026-10-09T00:15:00Z,Dallas Cowboys,Tampa Bay Buccaneers,player_receptions,Bucky Irving,2.5,Over,kalshi,150,3.8,0.4152,pinnacle,14,1.7,False,ev +3.8 fair 0.415 pinnacle 14b
2026-10-08T22:34:06Z,football_nfl,32678,2026-10-09T00:15:00Z,Dallas Cowboys,Tampa Bay Buccaneers,player_receptions,Jake Ferguson,3.5,Over,kalshi,122,4.81,0.4721,pinnacle,14,1.7,False,ev +4.8 fair 0.472 pinnacle 14b
2026-10-08T22:34:06Z,football_nfl,32678,2026-10-09T00:15:00Z,Dallas Cowboys,Tampa Bay Buccaneers,player_receptions,KaVontae Turpin,0.5,Over,kalshi,113,3.73,0.487,pinnacle,8,1.7,False,ev +3.7 fair 0.487 pinnacle 8b
2026-10-08T22:34:06Z,football_nfl,32678,2026-10-09T00:15:00Z,Dallas Cowboys,Tampa Bay Buccaneers,player_receptions,Ryan Flournoy,3.5,Over,kalshi,133,5.06,0.4509,pinnacle,13,1.7,False,ev +5.1 fair 0.451 pinnacle 13b
2026-10-08T22:34:06Z,football_nfl,32678,2026-10-09T00:15:00Z,Dallas Cowboys,Tampa Bay Buccaneers,player_receptions,Ryan Flournoy,3.5,Over,bovada,130,3.7,0.4509,pinnacle,13,1.7,False,ev +3.7 fair 0.451 pinnacle 13b
2026-10-08T22:34:06Z,football_nfl,32678,2026-10-09T00:15:00Z,Dallas Cowboys,Tampa Bay Buccaneers,player_receptions,Tez Johnson,1.5,Over,kalshi,150,3.8,0.4152,pinnacle,12,1.7,False,ev +3.8 fair 0.415 pinnacle 12b
2026-10-08T22:34:06Z,football_nfl,24872,2026-10-11T13:30:00Z,Jacksonville Jaguars,Philadelphia Eagles,player_field_goals_made,Cam Little,1.5,Under,hardrock,115,4.82,0.4875,pinnacle,4,62.9,True,ev +4.8 fair 0.487 pinnacle 4b
2026-10-08T22:34:06Z,football_nfl,24872,2026-10-11T13:30:00Z,Jacksonville Jaguars,Philadelphia Eagles,player_pass_tds,Trevor Lawrence,1.5,Under,underdog,-104,3.6,0.5282,pinnacle,12,62.9,False,ev +3.6 fair 0.528 pinnacle 12b
2026-10-08T22:34:06Z,football_nfl,24872,2026-10-11T13:30:00Z,Jacksonville Jaguars,Philadelphia Eagles,player_reception_yds,Josh Cameron,14.5,Under,underdog,-118,5.78,0.5726,kalshi,4,62.9,False,ev +5.8 fair 0.573 kalshi 4b
2026-10-08T22:34:06Z,football_nfl,24872,2026-10-11T13:30:00Z,Jacksonville Jaguars,Philadelphia Eagles,player_receptions,Will Shipley,2.5,Over,kalshi,113,4.34,0.4899,pinnacle,11,62.9,False,ev +4.3 fair 0.490 pinnacle 11b
2026-10-08T22:34:06Z,football_nfl,46671,2026-10-11T17:00:00Z,Green Bay Packers,Chicago Bears,player_reception_yds,Tucker Kraft,49.5,Over,kalshi,108,3.58,0.498,pinnacle,10,66.4,False,ev +3.6 fair 0.498 pinnacle 10b
2026-10-08T22:34:06Z,football_nfl,46671,2026-10-11T17:00:00Z,Green Bay Packers,Chicago Bears,player_receptions,Tucker Kraft,4.5,Over,kalshi,117,5.42,0.4858,pinnacle,12,66.4,False,ev +5.4 fair 0.486 pinnacle 12b
2026-10-08T22:34:06Z,football_nfl,32684,2026-10-11T17:00:00Z,New England Patriots,Las Vegas Raiders,player_pass_interceptions,Kirk Cousins,0.5,Under,hardrock,120,3.18,0.469,pinnacle,8,66.4,True,ev +3.2 fair 0.469 pinnacle 8b
2026-10-08T22:34:06Z,football_nfl,32684,2026-10-11T17:00:00Z,New England Patriots,Las Vegas Raiders,player_receptions,Brock Bowers,6.5,Over,bovada,105,3.74,0.5061,pinnacle,12,66.4,False,ev +3.7 fair 0.506 pinnacle 12b
2026-10-08T22:34:06Z,football_nfl,32684,2026-10-11T17:00:00Z,New England Patriots,Las Vegas Raiders,player_receptions,Brock Bowers,6.5,Over,kalshi,104,3.24,0.5061,pinnacle,12,66.4,False,ev +3.2 fair 0.506 pinnacle 12b
2026-10-08T22:34:06Z,football_nfl,32684,2026-10-11T17:00:00Z,New England Patriots,Las Vegas Raiders,player_receptions,DeMario Douglas,2.5,Over,kalshi,-104,4.81,0.5343,pinnacle,5,66.4,False,ev +4.8 fair 0.534 pinnacle 5b
2026-10-08T22:34:06Z,football_nfl,32684,2026-10-11T17:00:00Z,New England Patriots,Las Vegas Raiders,player_receptions,Hunter Henry,3.5,Under,kalshi,108,8.41,0.5212,pinnacle,11,66.4,False,ev +8.4 fair 0.521 pinnacle 11b
2026-10-08T22:34:06Z,football_nfl,32684,2026-10-11T17:00:00Z,New England Patriots,Las Vegas Raiders,player_receptions,Hunter Henry,3.5,Under,fanduel,106,7.36,0.5212,pinnacle,11,66.4,False,ev +7.4 fair 0.521 pinnacle 11b
2026-10-08T22:34:06Z,football_nfl,32683,2026-10-11T17:00:00Z,Pittsburgh Steelers,Indianapolis Colts,player_pass_tds,Aaron Rodgers,1.5,Over,kalshi,108,3.16,0.496,pinnacle,12,66.4,False,ev +3.2 fair 0.496 pinnacle 12b
2026-10-08T22:34:06Z,football_nfl,32683,2026-10-11T17:00:00Z,Pittsburgh Steelers,Indianapolis Colts,player_reception_yds,Tyler Warren,49.5,Over,kalshi,108,3.58,0.498,pinnacle,5,66.4,False,ev +3.6 fair 0.498 pinnacle 5b
2026-10-08T22:34:06Z,football_nfl,32683,2026-10-11T17:00:00Z,Pittsburgh Steelers,Indianapolis Colts,player_receptions,Tyler Warren,5.5,Over,kalshi,138,4.91,0.4408,pinnacle,11,66.4,False,ev +4.9 fair 0.441 pinnacle 11b
2026-10-08T22:34:06Z,football_nfl,32682,2026-10-11T17:00:00Z,Tennessee Titans,Houston Texans,player_pass_completions,C.J. Stroud,21.5,Under,draftkings,-106,5.31,0.5419,pinnacle,8,66.4,False,ev +5.3 fair 0.542 pinnacle 8b
2026-10-08T22:34:06Z,football_nfl,32682,2026-10-11T17:00:00Z,Tennessee Titans,Houston Texans,player_pass_completions,C.J. Stroud,21.5,Under,underdog,-106,5.31,0.5419,pinnacle,8,66.4,False,ev +5.3 fair 0.542 pinnacle 8b
2026-10-08T22:34:06Z,football_nfl,32682,2026-10-11T17:00:00Z,Tennessee Titans,Houston Texans,player_pass_completions,C.J. Stroud,21.5,Under,bovada,-110,3.45,0.5419,pinnacle,8,66.4,False,ev +3.5 fair 0.542 pinnacle 8b
2026-10-08T22:34:06Z,football_nfl,32682,2026-10-11T17:00:00Z,Tennessee Titans,Houston Texans,player_reception_longest,Tony Pollard,7.5,Over,underdog,-103,4.58,0.5306,bovada,4,66.4,False,ev +4.6 fair 0.531 bovada 4b
2026-10-08T22:34:06Z,football_nfl,32682,2026-10-11T17:00:00Z,Tennessee Titans,Houston Texans,player_receptions,Carnell Tate,4.5,Over,kalshi,133,8.32,0.4649,pinnacle,8,66.4,False,ev +8.3 fair 0.465 pinnacle 8b
2026-10-08T22:34:06Z,football_nfl,32682,2026-10-11T17:00:00Z,Tennessee Titans,Houston Texans,player_receptions,Nico Collins,5.5,Under,draftkings,100,4.24,0.5212,pinnacle,12,66.4,False,ev +4.2 fair 0.521 pinnacle 12b
2026-10-08T22:34:06Z,football_nfl,32682,2026-10-11T17:00:00Z,Tennessee Titans,Houston Texans,player_receptions,Tyjae Spears,2.5,Under,hardrock,-170,3.9,0.6542,kalshi,5,66.4,True,ev +3.9 fair 0.654 kalshi 5b
2026-10-08T22:34:06Z,football_nfl,32682,2026-10-11T17:00:00Z,Tennessee Titans,Houston Texans,player_receptions,Xavier Hutchinson,1.5,Over,kalshi,144,5.65,0.433,pinnacle,10,66.4,False,ev +5.7 fair 0.433 pinnacle 10b
2026-10-08T22:34:06Z,football_nfl,32682,2026-10-11T17:00:00Z,Tennessee Titans,Houston Texans,player_rush_attempts,David Montgomery,14.5,Under,underdog,-104,4.16,0.531,pinnacle,5,66.4,False,ev +4.2 fair 0.531 pinnacle 5b
2026-10-08T22:34:06Z,football_nfl,32682,2026-10-11T17:00:00Z,Tennessee Titans,Houston Texans,player_rush_yds,David Montgomery,49.5,Under,underdog,-113,5.36,0.5589,kalshi,4,66.4,False,ev +5.4 fair 0.559 kalshi 4b
2026-10-08T22:34:06Z,football_nfl,32679,2026-10-11T17:00:00Z,Washington Commanders,New York Giants,player_pass_tds,Jayden Daniels,1.5,Over,kalshi,133,3.72,0.4452,pinnacle,10,66.4,False,ev +3.7 fair 0.445 pinnacle 10b
2026-10-08T22:34:06Z,football_nfl,32679,2026-10-11T17:00:00Z,Washington Commanders,New York Giants,player_pass_yds,Jayden Daniels,199.5,Under,underdog,-103,4.19,0.5286,kalshi,4,66.4,False,ev +4.2 fair 0.529 kalshi 4b
2026-10-08T22:34:06Z,football_nfl,32679,2026-10-11T17:00:00Z,Washington Commanders,New York Giants,player_receptions,Isaiah Likely,4.5,Over,fanduel,106,6.34,0.5162,pinnacle,9,66.4,False,ev +6.3 fair 0.516 pinnacle 9b
2026-10-08T22:34:06Z,football_nfl,32679,2026-10-11T17:00:00Z,Washington Commanders,New York Giants,player_receptions,Malachi Fields,2.5,Over,kalshi,144,4.5,0.4283,pinnacle,10,66.4,False,ev +4.5 fair 0.428 pinnacle 10b
2026-10-08T22:34:06Z,football_nfl,32680,2026-10-11T17:00:00Z,Miami Dolphins,Cincinnati Bengals,player_receptions,Greg Dulcich,2.5,Over,kalshi,-122,3.5,0.5688,pinnacle,11,66.4,False,ev +3.5 fair 0.569 pinnacle 11b
2026-10-08T22:34:06Z,football_nfl,32686,2026-10-11T20:05:00Z,Los Angeles Chargers,Denver Broncos,player_rush_yds,RJ Harvey,19.5,Over,underdog,-102,10.69,0.5589,kalshi,4,69.5,False,ev +10.7 fair 0.559 kalshi 4b
2026-10-08T22:34:06Z,football_nfl,46670,2026-10-11T20:25:00Z,Arizona Cardinals,Detroit Lions,player_pass_tds,Jacoby Brissett,1.5,Under,kalshi,127,3.99,0.4581,pinnacle,11,69.8,False,ev +4.0 fair 0.458 pinnacle 11b
2026-10-08T22:34:06Z,football_nfl,46670,2026-10-11T20:25:00Z,Arizona Cardinals,Detroit Lions,player_receptions,Tyler Allgeier,1.5,Under,draftkings,131,8.4,0.4693,kalshi,7,69.8,False,ev +8.4 fair 0.469 kalshi 7b
2026-10-08T22:34:06Z,football_nfl,46670,2026-10-11T20:25:00Z,Arizona Cardinals,Detroit Lions,player_receptions,Tyler Allgeier,1.5,Under,bovada,130,7.93,0.4693,kalshi,7,69.8,False,ev +7.9 fair 0.469 kalshi 7b
2026-10-08T22:34:06Z,football_nfl,46670,2026-10-11T20:25:00Z,Arizona Cardinals,Detroit Lions,player_rush_attempts,Jahmyr Gibbs,19.5,Over,underdog,-109,3.14,0.5379,pinnacle,6,69.8,False,ev +3.1 fair 0.538 pinnacle 6b
2026-10-08T22:34:06Z,football_nfl,32687,2026-10-11T20:25:00Z,Seattle Seahawks,San Francisco 49ers,player_reception_yds,AJ Barner,24.5,Under,kalshi,-108,5.12,0.5458,pinnacle,7,69.8,False,ev +5.1 fair 0.546 pinnacle 7b
2026-10-08T22:34:06Z,football_nfl,32687,2026-10-11T20:25:00Z,Seattle Seahawks,San Francisco 49ers,player_reception_yds,AJ Barner,24.5,Under,underdog,-109,4.65,0.5458,pinnacle,7,69.8,False,ev +4.7 fair 0.546 pinnacle 7b
2026-10-08T22:34:06Z,football_nfl,32687,2026-10-11T20:25:00Z,Seattle Seahawks,San Francisco 49ers,player_receptions,AJ Barner,2.5,Over,kalshi,113,6.93,0.502,pinnacle,11,69.8,False,ev +6.9 fair 0.502 pinnacle 11b
2026-10-08T22:34:06Z,football_nfl,32687,2026-10-11T20:25:00Z,Seattle Seahawks,San Francisco 49ers,player_receptions,Cooper Kupp,2.5,Over,kalshi,122,4.75,0.4718,pinnacle,11,69.8,False,ev +4.8 fair 0.472 pinnacle 11b
2026-10-08T22:34:06Z,football_nfl,32687,2026-10-11T20:25:00Z,Seattle Seahawks,San Francisco 49ers,player_rush_yds,Brock Purdy,19.5,Over,underdog,-109,10.19,0.5747,kalshi,4,69.8,False,ev +10.2 fair 0.575 kalshi 4b
2026-10-08T22:34:06Z,football_nfl,46673,2026-10-13T00:15:00Z,Los Angeles Rams,Buffalo Bills,player_rush_yds,Josh Allen,39.5,Under,underdog,-106,6.63,0.5487,kalshi,4,97.7,False,ev +6.6 fair 0.549 kalshi 4b
2026-10-09T03:21:21Z,football_nfl,24872,2026-10-11T13:30:00Z,Jacksonville Jaguars,Philadelphia Eagles,player_field_goals_made,Cam Little,1.5,Under,hardrock,115,4.69,0.4869,pinnacle,4,58.1,True,ev +4.7 fair 0.487 pinnacle 4b
2026-10-09T03:21:21Z,football_nfl,24872,2026-10-11T13:30:00Z,Jacksonville Jaguars,Philadelphia Eagles,player_pass_tds,Trevor Lawrence,1.5,Under,underdog,-104,3.6,0.5282,pinnacle,12,58.1,False,ev +3.6 fair 0.528 pinnacle 12b
2026-10-09T03:21:21Z,football_nfl,46671,2026-10-11T17:00:00Z,Green Bay Packers,Chicago Bears,player_reception_yds,Tucker Kraft,49.5,Over,kalshi,108,3.58,0.498,pinnacle,10,61.6,False,ev +3.6 fair 0.498 pinnacle 10b
2026-10-09T03:21:21Z,football_nfl,32684,2026-10-11T17:00:00Z,New England Patriots,Las Vegas Raiders,player_pass_interceptions,Kirk Cousins,0.5,Under,hardrock,120,3.18,0.469,pinnacle,8,61.6,True,ev +3.2 fair 0.469 pinnacle 8b
2026-10-09T03:21:21Z,football_nfl,32684,2026-10-11T17:00:00Z,New England Patriots,Las Vegas Raiders,player_receptions,Brock Bowers,6.5,Over,bovada,105,3.74,0.5061,pinnacle,12,61.6,False,ev +3.7 fair 0.506 pinnacle 12b
2026-10-09T03:21:21Z,football_nfl,32684,2026-10-11T17:00:00Z,New England Patriots,Las Vegas Raiders,player_receptions,Brock Bowers,6.5,Over,kalshi,104,3.24,0.5061,pinnacle,12,61.6,False,ev +3.2 fair 0.506 pinnacle 12b
2026-10-09T03:21:21Z,football_nfl,32684,2026-10-11T17:00:00Z,New England Patriots,Las Vegas Raiders,player_receptions,DeMario Douglas,2.5,Over,kalshi,-104,4.81,0.5343,pinnacle,5,61.6,False,ev +4.8 fair 0.534 pinnacle 5b
2026-10-09T03:21:21Z,football_nfl,32684,2026-10-11T17:00:00Z,New England Patriots,Las Vegas Raiders,player_receptions,Hunter Henry,3.5,Under,kalshi,104,6.32,0.5212,pinnacle,11,61.6,False,ev +6.3 fair 0.521 pinnacle 11b
2026-10-09T03:21:21Z,football_nfl,32684,2026-10-11T17:00:00Z,New England Patriots,Las Vegas Raiders,player_receptions,Hunter Henry,3.5,Under,fanduel,100,4.24,0.5212,pinnacle,11,61.6,False,ev +4.2 fair 0.521 pinnacle 11b
2026-10-09T03:21:21Z,football_nfl,32683,2026-10-11T17:00:00Z,Pittsburgh Steelers,Indianapolis Colts,player_pass_tds,Aaron Rodgers,1.5,Over,kalshi,108,3.16,0.496,pinnacle,11,61.6,False,ev +3.2 fair 0.496 pinnacle 11b
2026-10-09T03:21:21Z,football_nfl,32683,2026-10-11T17:00:00Z,Pittsburgh Steelers,Indianapolis Colts,player_reception_yds,Tyler Warren,49.5,Over,kalshi,117,8.06,0.498,pinnacle,5,61.6,False,ev +8.1 fair 0.498 pinnacle 5b
2026-10-09T03:21:21Z,football_nfl,32683,2026-10-11T17:00:00Z,Pittsburgh Steelers,Indianapolis Colts,player_receptions,Tyler Warren,5.5,Over,kalshi,138,4.91,0.4408,pinnacle,11,61.6,False,ev +4.9 fair 0.441 pinnacle 11b
2026-10-09T03:21:21Z,football_nfl,32681,2026-10-11T17:00:00Z,New Orleans Saints,Minnesota Vikings,player_rush_yds,Kyler Murray,14.5,Over,underdog,-122,6.29,0.5841,kalshi,4,61.6,False,ev +6.3 fair 0.584 kalshi 4b
2026-10-09T03:21:21Z,football_nfl,32682,2026-10-11T17:00:00Z,Tennessee Titans,Houston Texans,player_pass_completions,C.J. Stroud,21.5,Under,draftkings,-106,5.16,0.5411,pinnacle,8,61.6,False,ev +5.2 fair 0.541 pinnacle 8b
2026-10-09T03:21:21Z,football_nfl,32682,2026-10-11T17:00:00Z,Tennessee Titans,Houston Texans,player_pass_completions,C.J. Stroud,21.5,Under,underdog,-106,5.16,0.5411,pinnacle,8,61.6,False,ev +5.2 fair 0.541 pinnacle 8b
2026-10-09T03:21:21Z,football_nfl,32682,2026-10-11T17:00:00Z,Tennessee Titans,Houston Texans,player_pass_completions,C.J. Stroud,21.5,Under,bovada,-110,3.31,0.5411,pinnacle,8,61.6,False,ev +3.3 fair 0.541 pinnacle 8b
2026-10-09T03:21:21Z,football_nfl,32682,2026-10-11T17:00:00Z,Tennessee Titans,Houston Texans,player_pass_completions,Cam Ward,19.5,Under,bovada,-110,3.45,0.5419,pinnacle,6,61.6,False,ev +3.5 fair 0.542 pinnacle 6b
2026-10-09T03:21:21Z,football_nfl,32682,2026-10-11T17:00:00Z,Tennessee Titans,Houston Texans,player_reception_longest,Tony Pollard,7.5,Over,underdog,-103,4.58,0.5306,bovada,4,61.6,False,ev +4.6 fair 0.531 bovada 4b
2026-10-09T03:21:21Z,football_nfl,32682,2026-10-11T17:00:00Z,Tennessee Titans,Houston Texans,player_receptions,Carnell Tate,4.5,Over,kalshi,122,3.21,0.4649,pinnacle,10,61.6,False,ev +3.2 fair 0.465 pinnacle 10b
2026-10-09T03:21:21Z,football_nfl,32682,2026-10-11T17:00:00Z,Tennessee Titans,Houston Texans,player_receptions,Gunnar Helm,2.5,Over,kalshi,122,3.84,0.4677,pinnacle,10,61.6,False,ev +3.8 fair 0.468 pinnacle 10b
2026-10-09T03:21:21Z,football_nfl,32682,2026-10-11T17:00:00Z,Tennessee Titans,Houston Texans,player_receptions,Nico Collins,5.5,Under,bovada,100,3.83,0.5192,pinnacle,12,61.6,False,ev +3.8 fair 0.519 pinnacle 12b
2026-10-09T03:21:21Z,football_nfl,32682,2026-10-11T17:00:00Z,Tennessee Titans,Houston Texans,player_receptions,Nico Collins,5.5,Under,draftkings,100,3.83,0.5192,pinnacle,12,61.6,False,ev +3.8 fair 0.519 pinnacle 12b
2026-10-09T03:21:21Z,football_nfl,32682,2026-10-11T17:00:00Z,Tennessee Titans,Houston Texans,player_receptions,Tyjae Spears,2.5,Under,hardrock,-170,3.9,0.6542,kalshi,6,61.6,True,ev +3.9 fair 0.654 kalshi 6b
2026-10-09T03:21:21Z,football_nfl,32682,2026-10-11T17:00:00Z,Tennessee Titans,Houston Texans,player_rush_attempts,David Montgomery,14.5,Under,underdog,-104,4.16,0.531,pinnacle,5,61.6,False,ev +4.2 fair 0.531 pinnacle 5b
2026-10-09T03:21:21Z,football_nfl,32679,2026-10-11T17:00:00Z,Washington Commanders,New York Giants,player_pass_tds,Jayden Daniels,1.5,Over,kalshi,133,3.72,0.4452,pinnacle,10,61.6,False,ev +3.7 fair 0.445 pinnacle 10b
2026-10-09T03:21:21Z,football_nfl,32679,2026-10-11T17:00:00Z,Washington Commanders,New York Giants,player_receptions,Isaiah Likely,4.5,Over,fanduel,102,4.28,0.5162,pinnacle,9,61.6,False,ev +4.3 fair 0.516 pinnacle 9b
2026-10-09T03:21:21Z,football_nfl,32679,2026-10-11T17:00:00Z,Washington Commanders,New York Giants,player_receptions,Malachi Fields,2.5,Over,kalshi,144,4.5,0.4283,pinnacle,10,61.6,False,ev +4.5 fair 0.428 pinnacle 10b
2026-10-09T03:21:21Z,football_nfl,32680,2026-10-11T17:00:00Z,Miami Dolphins,Cincinnati Bengals,player_reception_yds,Malik Washington,39.5,Over,underdog,-122,6.08,0.583,kalshi,4,61.6,False,ev +6.1 fair 0.583 kalshi 4b
2026-10-09T03:21:21Z,football_nfl,32680,2026-10-11T17:00:00Z,Miami Dolphins,Cincinnati Bengals,player_receptions,Greg Dulcich,2.5,Over,kalshi,-122,3.5,0.5688,pinnacle,11,61.6,False,ev +3.5 fair 0.569 pinnacle 11b
2026-10-09T03:21:21Z,football_nfl,32686,2026-10-11T20:05:00Z,Los Angeles Chargers,Denver Broncos,player_rush_yds,RJ Harvey,19.5,Over,underdog,-102,14.66,0.579,kalshi,4,64.7,False,ev +14.7 fair 0.579 kalshi 4b
2026-10-09T03:21:21Z,football_nfl,46670,2026-10-11T20:25:00Z,Arizona Cardinals,Detroit Lions,player_pass_tds,Jacoby Brissett,1.5,Under,kalshi,127,3.99,0.4581,pinnacle,11,65.1,False,ev +4.0 fair 0.458 pinnacle 11b
2026-10-09T03:21:21Z,football_nfl,46670,2026-10-11T20:25:00Z,Arizona Cardinals,Detroit Lions,player_receptions,Tyler Allgeier,1.5,Under,draftkings,131,6.11,0.4594,kalshi,7,65.1,False,ev +6.1 fair 0.459 kalshi 7b
2026-10-09T03:21:21Z,football_nfl,46670,2026-10-11T20:25:00Z,Arizona Cardinals,Detroit Lions,player_receptions,Tyler Allgeier,1.5,Under,bovada,130,5.65,0.4594,kalshi,7,65.1,False,ev +5.7 fair 0.459 kalshi 7b
2026-10-09T03:21:21Z,football_nfl,46670,2026-10-11T20:25:00Z,Arizona Cardinals,Detroit Lions,player_rush_attempts,Jahmyr Gibbs,19.5,Over,underdog,-109,3.14,0.5379,pinnacle,6,65.1,False,ev +3.1 fair 0.538 pinnacle 6b
2026-10-09T03:21:21Z,football_nfl,46670,2026-10-11T20:25:00Z,Arizona Cardinals,Detroit Lions,player_rush_yds,Tyler Allgeier,29.5,Under,underdog,-105,12.58,0.5766,kalshi,4,65.1,False,ev +12.6 fair 0.577 kalshi 4b
2026-10-09T03:21:21Z,football_nfl,32687,2026-10-11T20:25:00Z,Seattle Seahawks,San Francisco 49ers,player_reception_yds,AJ Barner,24.5,Under,kalshi,-108,4.74,0.5438,pinnacle,6,65.1,False,ev +4.7 fair 0.544 pinnacle 6b
2026-10-09T03:21:21Z,football_nfl,32687,2026-10-11T20:25:00Z,Seattle Seahawks,San Francisco 49ers,player_reception_yds,AJ Barner,24.5,Under,underdog,-109,4.28,0.5438,pinnacle,6,65.1,False,ev +4.3 fair 0.544 pinnacle 6b
2026-10-09T03:21:21Z,football_nfl,32687,2026-10-11T20:25:00Z,Seattle Seahawks,San Francisco 49ers,player_receptions,Cooper Kupp,2.5,Over,kalshi,122,4.75,0.4718,pinnacle,11,65.1,False,ev +4.8 fair 0.472 pinnacle 11b
2026-10-09T03:21:21Z,football_nfl,32687,2026-10-11T20:25:00Z,Seattle Seahawks,San Francisco 49ers,player_receptions,Rashid Shaheed,1.5,Under,kalshi,156,4.44,0.408,pinnacle,10,65.1,False,ev +4.4 fair 0.408 pinnacle 10b
2026-10-09T03:21:21Z,football_nfl,32687,2026-10-11T20:25:00Z,Seattle Seahawks,San Francisco 49ers,player_rush_yds,Brock Purdy,19.5,Over,underdog,-112,7.56,0.5683,kalshi,4,65.1,False,ev +7.6 fair 0.568 kalshi 4b
2026-10-09T03:21:21Z,football_nfl,46673,2026-10-13T00:15:00Z,Los Angeles Rams,Buffalo Bills,player_pass_tds,Josh Allen,1.5,Under,kalshi,108,5.26,0.5061,pinnacle,12,92.9,False,ev +5.3 fair 0.506 pinnacle 12b
2026-10-09T03:21:21Z,football_nfl,46673,2026-10-13T00:15:00Z,Los Angeles Rams,Buffalo Bills,player_rush_attempts,Josh Allen,7.5,Over,draftkings,-103,4.09,0.5282,pinnacle,6,92.9,False,ev +4.1 fair 0.528 pinnacle 6b
2026-10-09T12:11:26Z,football_nfl,24872,2026-10-11T13:30:00Z,Jacksonville Jaguars,Philadelphia Eagles,player_pass_tds,Trevor Lawrence,1.5,Under,underdog,-104,3.6,0.5282,pinnacle,12,49.3,False,ev +3.6 fair 0.528 pinnacle 12b
2026-10-09T12:11:26Z,football_nfl,24872,2026-10-11T13:30:00Z,Jacksonville Jaguars,Philadelphia Eagles,player_rush_yds,Bhayshul Tuten,65.5,Over,fanatics,-105,5.26,0.5391,pinnacle,6,49.3,False,ev +5.3 fair 0.539 pinnacle 6b
2026-10-09T12:11:26Z,football_nfl,46671,2026-10-11T17:00:00Z,Green Bay Packers,Chicago Bears,player_reception_yds,Christian Watson,59.5,Over,underdog,-103,3.39,0.5246,kalshi,4,52.8,False,ev +3.4 fair 0.525 kalshi 4b
2026-10-09T12:11:26Z,football_nfl,46671,2026-10-11T17:00:00Z,Green Bay Packers,Chicago Bears,player_reception_yds,Tucker Kraft,49.5,Over,kalshi,108,3.58,0.498,pinnacle,10,52.8,False,ev +3.6 fair 0.498 pinnacle 10b
2026-10-09T12:11:26Z,football_nfl,32684,2026-10-11T17:00:00Z,New England Patriots,Las Vegas Raiders,player_pass_interceptions,Kirk Cousins,0.5,Under,hardrock,120,3.18,0.469,pinnacle,8,52.8,True,ev +3.2 fair 0.469 pinnacle 8b
2026-10-09T12:11:26Z,football_nfl,32684,2026-10-11T17:00:00Z,New England Patriots,Las Vegas Raiders,player_receptions,Brock Bowers,6.5,Over,bovada,105,3.74,0.5061,pinnacle,12,52.8,False,ev +3.7 fair 0.506 pinnacle 12b
2026-10-09T12:11:26Z,football_nfl,32684,2026-10-11T17:00:00Z,New England Patriots,Las Vegas Raiders,player_receptions,Brock Bowers,6.5,Over,kalshi,104,3.24,0.5061,pinnacle,12,52.8,False,ev +3.2 fair 0.506 pinnacle 12b
2026-10-09T12:11:26Z,football_nfl,32684,2026-10-11T17:00:00Z,New England Patriots,Las Vegas Raiders,player_receptions,DeMario Douglas,2.5,Over,kalshi,-104,4.81,0.5343,pinnacle,6,52.8,False,ev +4.8 fair 0.534 pinnacle 6b
2026-10-09T12:11:26Z,football_nfl,32684,2026-10-11T17:00:00Z,New England Patriots,Las Vegas Raiders,player_receptions,Hunter Henry,3.5,Under,draftkings,102,5.28,0.5212,pinnacle,11,52.8,False,ev +5.3 fair 0.521 pinnacle 11b
2026-10-09T12:11:26Z,football_nfl,32684,2026-10-11T17:00:00Z,New England Patriots,Las Vegas Raiders,player_receptions,Hunter Henry,3.5,Under,bovada,100,4.24,0.5212,pinnacle,11,52.8,False,ev +4.2 fair 0.521 pinnacle 11b
2026-10-09T12:11:26Z,football_nfl,32684,2026-10-11T17:00:00Z,New England Patriots,Las Vegas Raiders,player_receptions,Hunter Henry,3.5,Under,fanduel,100,4.24,0.5212,pinnacle,11,52.8,False,ev +4.2 fair 0.521 pinnacle 11b
2026-10-09T12:11:26Z,football_nfl,32684,2026-10-11T17:00:00Z,New England Patriots,Las Vegas Raiders,player_receptions,Hunter Henry,3.5,Under,kalshi,-100,4.24,0.5212,pinnacle,11,52.8,False,ev +4.2 fair 0.521 pinnacle 11b
2026-10-09T12:11:26Z,football_nfl,32683,2026-10-11T17:00:00Z,Pittsburgh Steelers,Indianapolis Colts,player_reception_yds,Tyler Warren,49.5,Over,kalshi,117,8.06,0.498,pinnacle,5,52.8,False,ev +8.1 fair 0.498 pinnacle 5b
2026-10-09T12:11:26Z,football_nfl,32683,2026-10-11T17:00:00Z,Pittsburgh Steelers,Indianapolis Colts,player_receptions,Tyler Warren,5.5,Over,kalshi,138,4.91,0.4408,pinnacle,11,52.8,False,ev +4.9 fair 0.441 pinnacle 11b
2026-10-09T12:11:26Z,football_nfl,32682,2026-10-11T17:00:00Z,Tennessee Titans,Houston Texans,player_pass_completions,C.J. Stroud,21.5,Under,draftkings,-106,5.69,0.5438,pinnacle,8,52.8,False,ev +5.7 fair 0.544 pinnacle 8b
2026-10-09T12:11:26Z,football_nfl,32682,2026-10-11T17:00:00Z,Tennessee Titans,Houston Texans,player_pass_completions,C.J. Stroud,21.5,Under,underdog,-106,5.69,0.5438,pinnacle,8,52.8,False,ev +5.7 fair 0.544 pinnacle 8b
2026-10-09T12:11:26Z,football_nfl,32682,2026-10-11T17:00:00Z,Tennessee Titans,Houston Texans,player_pass_completions,C.J. Stroud,21.5,Under,bovada,-110,3.83,0.5438,pinnacle,8,52.8,False,ev +3.8 fair 0.544 pinnacle 8b
2026-10-09T12:11:26Z,football_nfl,32682,2026-10-11T17:00:00Z,Tennessee Titans,Houston Texans,player_pass_completions,Cam Ward,19.5,Under,bovada,-110,4.57,0.5477,pinnacle,6,52.8,False,ev +4.6 fair 0.548 pinnacle 6b
2026-10-09T12:11:26Z,football_nfl,32682,2026-10-11T17:00:00Z,Tennessee Titans,Houston Texans,player_pass_completions,Cam Ward,19.5,Under,underdog,-112,3.68,0.5477,pinnacle,6,52.8,False,ev +3.7 fair 0.548 pinnacle 6b
2026-10-09T12:11:26Z,football_nfl,32682,2026-10-11T17:00:00Z,Tennessee Titans,Houston Texans,player_receptions,Carnell Tate,4.5,Over,kalshi,122,3.21,0.4649,pinnacle,10,52.8,False,ev +3.2 fair 0.465 pinnacle 10b
2026-10-09T12:11:26Z,football_nfl,32682,2026-10-11T17:00:00Z,Tennessee Titans,Houston Texans,player_receptions,Nico Collins,5.5,Under,kalshi,-100,3.83,0.5192,pinnacle,12,52.8,False,ev +3.8 fair 0.519 pinnacle 12b
2026-10-09T12:11:26Z,football_nfl,32682,2026-10-11T17:00:00Z,Tennessee Titans,Houston Texans,player_receptions,Tyjae Spears,2.5,Under,hardrock,-165,5.07,0.6542,kalshi,5,52.8,True,ev +5.1 fair 0.654 kalshi 5b
2026-10-09T12:11:26Z,football_nfl,32682,2026-10-11T17:00:00Z,Tennessee Titans,Houston Texans,player_rush_yds,David Montgomery,49.5,Under,underdog,-121,3.79,0.5683,kalshi,4,52.8,False,ev +3.8 fair 0.568 kalshi 4b
2026-10-09T12:11:26Z,football_nfl,32679,2026-10-11T17:00:00Z,Washington Commanders,New York Giants,player_pass_tds,Jayden Daniels,1.5,Over,kalshi,133,3.29,0.4433,pinnacle,10,52.8,False,ev +3.3 fair 0.443 pinnacle 10b
2026-10-09T12:11:26Z,football_nfl,32679,2026-10-11T17:00:00Z,Washington Commanders,New York Giants,player_receptions,Isaiah Likely,4.5,Over,fanduel,102,4.28,0.5162,pinnacle,9,52.8,False,ev +4.3 fair 0.516 pinnacle 9b
2026-10-09T12:11:26Z,football_nfl,32679,2026-10-11T17:00:00Z,Washington Commanders,New York Giants,player_receptions,Malachi Fields,2.5,Over,kalshi,144,4.5,0.4283,pinnacle,10,52.8,False,ev +4.5 fair 0.428 pinnacle 10b
2026-10-09T12:11:26Z,football_nfl,32680,2026-10-11T17:00:00Z,Miami Dolphins,Cincinnati Bengals,player_receptions,Greg Dulcich,2.5,Over,kalshi,-117,4.84,0.5653,pinnacle,11,52.8,False,ev +4.8 fair 0.565 pinnacle 11b
2026-10-09T12:11:26Z,football_nfl,46670,2026-10-11T20:25:00Z,Arizona Cardinals,Detroit Lions,player_rush_attempts,Jahmyr Gibbs,19.5,Over,underdog,-109,3.14,0.5379,pinnacle,6,56.2,False,ev +3.1 fair 0.538 pinnacle 6b
2026-10-09T12:11:26Z,football_nfl,32687,2026-10-11T20:25:00Z,Seattle Seahawks,San Francisco 49ers,player_reception_yds,AJ Barner,24.5,Under,kalshi,-108,4.36,0.5419,pinnacle,5,56.2,False,ev +4.4 fair 0.542 pinnacle 5b
2026-10-09T12:11:26Z,football_nfl,32687,2026-10-11T20:25:00Z,Seattle Seahawks,San Francisco 49ers,player_receptions,AJ Barner,2.5,Over,kalshi,104,5.49,0.5171,pinnacle,11,56.2,False,ev +5.5 fair 0.517 pinnacle 11b
2026-10-09T12:11:26Z,football_nfl,32687,2026-10-11T20:25:00Z,Seattle Seahawks,San Francisco 49ers,player_receptions,AJ Barner,2.5,Over,bovada,100,3.42,0.5171,pinnacle,11,56.2,False,ev +3.4 fair 0.517 pinnacle 11b
2026-10-09T12:11:26Z,football_nfl,32687,2026-10-11T20:25:00Z,Seattle Seahawks,San Francisco 49ers,player_receptions,Deebo Samuel Sr.,3.5,Over,bovada,-110,5.21,0.5511,pinnacle,5,56.2,False,ev +5.2 fair 0.551 pinnacle 5b
2026-10-09T12:11:26Z,football_nfl,32687,2026-10-11T20:25:00Z,Seattle Seahawks,San Francisco 49ers,player_receptions,Deebo Samuel Sr.,3.5,Over,kalshi,-113,3.88,0.5511,pinnacle,5,56.2,False,ev +3.9 fair 0.551 pinnacle 5b
2026-10-09T12:11:26Z,football_nfl,32687,2026-10-11T20:25:00Z,Seattle Seahawks,San Francisco 49ers,player_receptions,Emanuel Wilson,1.5,Under,fanduel,148,3.56,0.4176,pinnacle,11,56.2,False,ev +3.6 fair 0.418 pinnacle 11b
2026-10-09T12:11:26Z,football_nfl,32687,2026-10-11T20:25:00Z,Seattle Seahawks,San Francisco 49ers,player_receptions,George Kittle,4.5,Over,kalshi,-104,4.96,0.5351,pinnacle,12,56.2,False,ev +5.0 fair 0.535 pinnacle 12b
2026-10-09T12:11:26Z,football_nfl,32687,2026-10-11T20:25:00Z,Seattle Seahawks,San Francisco 49ers,player_receptions,George Kittle,4.5,Over,fanduel,-106,3.99,0.5351,pinnacle,12,56.2,False,ev +4.0 fair 0.535 pinnacle 12b
2026-10-09T12:11:26Z,football_nfl,32687,2026-10-11T20:25:00Z,Seattle Seahawks,San Francisco 49ers,player_receptions,Rashid Shaheed,1.5,Under,kalshi,156,4.44,0.408,pinnacle,10,56.2,False,ev +4.4 fair 0.408 pinnacle 10b
2026-10-09T12:11:26Z,football_nfl,32687,2026-10-11T20:25:00Z,Seattle Seahawks,San Francisco 49ers,player_rush_yds,Brock Purdy,19.5,Over,underdog,-105,10.19,0.5644,kalshi,4,56.2,False,ev +10.2 fair 0.564 kalshi 4b
2026-10-09T12:11:26Z,football_nfl,46673,2026-10-13T00:15:00Z,Los Angeles Rams,Buffalo Bills,player_pass_tds,Josh Allen,1.5,Under,kalshi,108,5.26,0.5061,pinnacle,12,84.1,False,ev +5.3 fair 0.506 pinnacle 12b
