graded_ts,event_id,market,player,point,side,book,price,ev_pct_at_bet,fair_prob_at_bet,matched,unmatched_reason,closing_price,closing_point,closing_fair_prob,fair_source,clv_pct,ev_vs_close_pct,beat_close,resolution,actual_value,closing_is_final
2026-09-20T19:55:56Z,32634,player_receptions,Carnell Tate,3.5,Over,kalshi,-104,3.37,0.527,True,,-104,3.5,0.527001,pinnacle,0.0,3.3733,False,,,True
2026-09-20T19:55:56Z,32634,player_receptions,Dallas Goedert,3.5,Under,kalshi,117,4.17,0.4801,True,,113,3.5,0.426621,pinnacle,1.8779,-7.4232,True,,,True
2026-09-20T19:55:56Z,32634,player_receptions,Tony Pollard,1.5,Over,kalshi,113,3.15,0.4843,True,,117,1.5,0.474236,pinnacle,-1.8433,1.0123,False,,,True
2026-09-20T19:55:56Z,32634,player_receptions,Saquon Barkley,2.5,Under,hardrock,-170,3.81,0.6536,True,,-175,2.5,0.653645,kalshi,1.0695,3.8142,True,,,True
2026-09-20T19:55:56Z,32633,player_rush_attempts,Chuba Hubbard,13.5,Over,draftkings,-106,4.24,0.5364,False,no_outcome_for_selection,,,,,,,,,,False
2026-09-20T19:55:56Z,32633,player_rush_yds,Cooper Rush,0.5,Over,fanduel,136,5.96,0.449,False,no_outcome_for_selection,,,,,,,,,,False
2026-09-20T19:55:56Z,32633,player_receptions,Darren Waller,2.5,Over,kalshi,170,3.1,0.3818,True,,203,2.5,0.326942,pinnacle,-10.8911,-11.7256,False,,,True
2026-09-20T19:55:56Z,32633,player_receptions,Chuba Hubbard,2.5,Over,kalshi,156,3.13,0.4028,True,,144,2.5,0.424884,pinnacle,4.918,8.7702,True,,,True
2026-09-20T19:55:56Z,32633,player_rush_yds,Cooper Rush,0.5,Over,draftkings,131,3.53,0.4482,False,no_outcome_for_selection,,,,,,,,,,False
2026-09-20T19:55:56Z,32633,player_rush_yds,Cooper Rush,0.5,Over,bovada,130,3.08,0.4482,False,no_outcome_for_selection,,,,,,,,,,False
2026-09-20T19:55:56Z,32633,player_receptions,Jalen Coker,4.5,Over,kalshi,117,3.25,0.4758,True,,108,4.5,0.463716,pinnacle,4.3269,0.6264,True,,,True
2026-09-20T19:55:56Z,32633,player_receptions,Olamide Zaccheaus,1.5,Over,kalshi,133,5.97,0.4548,True,,133,1.5,0.402843,pinnacle,0.0,-6.1377,False,,,True
2026-09-20T19:55:56Z,32633,player_rush_attempts,Chuba Hubbard,13.5,Over,underdog,-105,4.3,0.5342,True,,-124,13.5,0.534216,pinnacle,8.0782,4.2992,True,,,True
2026-09-20T19:55:56Z,32635,player_receptions,Chris Godwin Jr.,3.5,Under,kalshi,127,3.1,0.4542,True,,-100,3.5,0.50433,pinnacle,13.5,14.4829,True,,,True
2026-09-20T19:55:56Z,32635,player_receptions,Emeka Egbuka,3.5,Under,kalshi,144,5.39,0.4319,True,,144,3.5,0.404403,pinnacle,0.0,-1.3257,False,,,True
2026-09-20T19:55:56Z,32635,player_receptions,Harold Fannin Jr.,4.5,Over,kalshi,150,5.37,0.4215,True,,163,4.5,0.365572,kalshi,-4.943,-8.6071,False,,,True
2026-09-20T19:55:56Z,32635,player_receptions,Jalen McMillan,2.5,Under,hardrock,-150,5.18,0.6311,True,,-325,2.5,0.721254,kalshi,27.451,20.2091,True,,,True
2026-09-20T19:55:56Z,32635,player_receptions,Chris Godwin,3.5,Over,fanduel,-125,3.53,0.5752,True,,-125,3.5,0.519153,fanduel,0.0,-6.5524,False,,,True
2026-09-20T19:55:56Z,32635,player_receptions,Bucky Irving,2.5,Over,fanduel,116,3.23,0.4779,True,,-114,2.5,0.481672,pinnacle,15.0654,4.0411,True,,,True
2026-09-20T19:55:56Z,32635,player_receptions,Bucky Irving,2.5,Over,kalshi,113,5.6,0.4958,True,,-104,2.5,0.481672,pinnacle,8.5882,2.596,True,,,True
2026-09-20T19:55:56Z,32635,player_receptions,Bucky Irving,2.5,Over,hardrock,110,4.12,0.4958,True,,-115,2.5,0.481672,pinnacle,12.3256,1.151,True,,,True
2026-09-20T19:55:56Z,32635,player_reception_yds,Harold Fannin Jr.,35.5,Under,draftkings,-110,3.55,0.5424,False,no_outcome_for_selection,,,,,,,,,,False
2026-09-20T19:55:56Z,32635,player_receptions,Harold Fannin Jr.,4.5,Under,draftkings,-158,3.38,0.6331,False,no_outcome_for_selection,,,,,,,,,,False
2026-09-20T19:55:56Z,32635,player_receptions,Jerry Jeudy,2.5,Under,bovada,110,5.44,0.5021,False,no_outcome_for_selection,,,,,,,,,,False
2026-09-20T19:55:56Z,32635,player_rush_yds,Quinshon Judkins,49.5,Over,kalshi,108,3.1,0.4957,True,,-113,49.5,0.5,pinnacle,10.3474,4.0,True,,,True
2026-09-20T19:55:56Z,32635,player_receptions,Jalen McMillan,2.5,Over,kalshi,233,9.31,0.3282,True,,245,2.5,0.278746,kalshi,-3.4783,-7.1777,False,,,True
2026-09-20T19:55:56Z,32635,player_rush_yds,Baker Mayfield,15.5,Over,fanduel,-113,3.14,0.5472,False,no_outcome_for_selection,,,,,,,,,,False
2026-09-20T19:55:56Z,32637,player_pass_completions,Caleb Williams,19.5,Under,bovada,-110,3.55,0.5424,False,no_outcome_for_selection,,,,,,,,,,False
2026-09-20T19:55:56Z,32637,player_pass_completions,Caleb Williams,19.5,Under,draftkings,-108,4.47,0.5424,False,no_outcome_for_selection,,,,,,,,,,False
2026-09-20T19:55:56Z,32637,player_receptions,Justin Jefferson,6.5,Over,kalshi,133,5.83,0.4542,True,,127,6.5,0.448176,pinnacle,2.6432,4.425,True,,,True
2026-09-20T19:55:56Z,32637,player_receptions,T.J. Hockenson,3.5,Over,kalshi,108,4.0,0.5,True,,-113,3.5,0.5,pinnacle,10.3474,4.0,True,,,True
2026-09-20T19:55:56Z,32637,player_receptions,Jordan Addison,2.5,Under,hardrock,155,6.48,0.4176,True,,150,2.5,0.380826,kalshi,2.0,-2.8895,True,,,True
2026-09-20T19:55:56Z,32637,player_receptions,Jordan Addison,2.5,Under,kalshi,150,4.4,0.4176,True,,150,2.5,0.380826,kalshi,0.0,-4.7936,False,,,True
2026-09-20T19:55:56Z,32637,player_pass_completions,Caleb Williams,19.5,Under,hardrock,-110,3.55,0.5424,False,no_outcome_for_selection,,,,,,,,,,False
2026-09-20T19:55:56Z,32637,player_pass_completions,Carson Wentz,19.5,Under,underdog,-112,3.31,0.5458,False,no_outcome_for_selection,,,,,,,,,,False
2026-09-20T19:55:56Z,32637,player_receptions,Jordan Addison,3.5,Over,kalshi,127,3.25,0.4548,True,,127,3.5,0.404403,pinnacle,0.0,-8.2006,False,,,True
2026-09-20T19:55:56Z,32637,player_receptions,Kalif Raymond,2.5,Under,kalshi,-144,3.98,0.6137,True,,-170,2.5,0.612144,pinnacle,6.6872,3.7245,True,,,True
2026-09-20T19:55:56Z,32637,player_receptions,Kalif Raymond,2.5,Under,bovada,-145,3.69,0.6137,False,no_outcome_for_selection,,,,,,,,,,False
2026-09-20T19:55:56Z,32637,player_reception_yds,Rome Odunze,39.5,Over,kalshi,104,4.65,0.513,True,,-104,39.5,0.513007,pinnacle,4.0,4.6535,True,,,True
2026-09-20T19:55:56Z,32637,player_receptions,Colston Loveland,4.5,Under,kalshi,-100,5.86,0.5293,True,,-138,4.5,0.553739,pinnacle,15.9664,10.7478,True,,,True
2026-09-20T19:55:56Z,32637,player_receptions,Colston Loveland,4.5,Under,underdog,-102,4.82,0.5293,False,no_outcome_for_selection,,,,,,,,,,False
2026-09-20T19:55:56Z,32637,player_receptions,Josh Oliver,1.5,Under,kalshi,-104,5.61,0.5384,True,,-104,1.5,0.493504,pinnacle,0.0,-3.1973,False,,,True
2026-09-20T19:55:56Z,32637,player_receptions,Kalif Raymond,2.5,Under,draftkings,-143,3.44,0.6087,False,no_outcome_for_selection,,,,,,,,,,False
2026-09-20T19:55:56Z,32637,player_receptions,D'Andre Swift,1.5,Over,kalshi,-108,4.62,0.5432,True,,-104,1.5,0.527001,pinnacle,-1.8155,1.4965,False,,,True
2026-09-20T19:55:56Z,32637,player_receptions,Kyle Monangai,1.5,Over,kalshi,156,3.67,0.405,True,,138,1.5,0.404951,pinnacle,7.563,3.6675,True,,,True
2026-09-20T19:55:56Z,32637,player_pass_completions,Caleb Williams,19.5,Under,underdog,-103,7.06,0.5432,True,,-127,19.5,0.553739,pinnacle,10.2647,9.1349,True,,,True
2026-09-20T19:55:56Z,32637,player_reception_yds,Jordan Addison,39.5,Under,kalshi,104,3.77,0.5087,True,,-100,39.5,0.508664,pinnacle,2.0,3.7675,True,,,True
2026-09-20T19:55:56Z,32637,player_reception_yds,Justin Jefferson,79.5,Under,kalshi,104,3.92,0.5094,True,,-100,79.5,0.515184,pinnacle,2.0,5.0975,True,,,True
2026-09-20T19:55:56Z,32637,player_receptions,Cole Kmet,1.5,Over,kalshi,108,5.8,0.5087,True,,-104,1.5,0.508664,pinnacle,6.0392,5.8021,True,,,True
2026-09-20T19:55:56Z,32637,player_receptions,Justin Jefferson,6.5,Under,draftkings,-108,4.85,0.5444,False,no_outcome_for_selection,,,,,,,,,,False
2026-09-20T19:55:56Z,32637,player_receptions,Justin Jefferson,6.5,Under,bovada,-110,3.93,0.5444,False,no_outcome_for_selection,,,,,,,,,,False
2026-09-20T19:55:56Z,32637,player_reception_yds,Colston Loveland,48.5,Over,fanduel,-113,4.45,0.5541,False,no_outcome_for_selection,,,,,,,,,,False
2026-09-20T19:55:56Z,32637,player_receptions,Colston Loveland,4.5,Over,kalshi,117,4.52,0.4817,True,,117,4.5,0.446261,pinnacle,0.0,-3.1613,False,,,True
2026-09-20T19:55:56Z,32637,player_rush_yds,Caleb Williams,27.5,Under,draftkings,-116,3.11,0.5537,False,no_outcome_for_selection,,,,,,,,,,False
2026-09-20T19:55:56Z,32638,player_receptions,Roman Wilson,2.5,Under,kalshi,122,4.75,0.4718,True,,122,2.5,0.452839,pinnacle,0.0,0.5302,False,,,True
2026-09-20T19:55:56Z,32638,player_receptions,DeMario Douglas,3.5,Over,kalshi,127,3.1,0.4542,True,,122,3.5,0.420822,pinnacle,2.2523,-4.4733,True,,,True
2026-09-20T19:55:56Z,32638,player_receptions,Jaylen Warren,2.5,Under,kalshi,156,3.64,0.4048,True,,156,2.5,0.386606,kalshi,0.0,-1.029,False,,,True
2026-09-20T19:55:56Z,32638,player_pass_tds,Aaron Rodgers,1.5,Over,kalshi,223,4.13,0.3224,True,,194,1.5,0.321376,pinnacle,9.8639,3.8045,True,,,True
2026-09-20T19:55:56Z,32638,player_reception_yds,Rico Dowdle,14.5,Over,kalshi,108,4.0,0.5,True,,-108,14.5,0.5,pinnacle,8.0,4.0,True,,,True
2026-09-20T19:55:56Z,32638,player_receptions,DK Metcalf,4.5,Under,kalshi,-108,4.08,0.5404,True,,-104,4.5,0.486002,pinnacle,-1.8155,-6.3996,False,,,True
2026-09-20T19:55:56Z,32638,player_receptions,DeMario Douglas,3.5,Under,kalshi,-133,3.71,0.592,True,,-133,3.5,0.579178,pinnacle,0.0,1.4649,False,,,True
2026-09-20T19:55:56Z,32638,player_receptions,Germie Bernard,1.5,Over,kalshi,108,4.0,0.5,True,,108,1.5,0.5,pinnacle,0.0,4.0,False,,,True
2026-09-20T19:55:56Z,32638,player_receptions,Germie Bernard,1.5,Over,fanduel,106,3.0,0.5,True,,106,1.5,0.5,pinnacle,0.0,3.0,False,,,True
2026-09-20T19:55:56Z,32638,player_receptions,Pat Freiermuth,3.5,Over,kalshi,127,8.49,0.4779,True,,104,3.5,0.472096,pinnacle,11.2745,7.1657,True,,,True
2026-09-20T19:55:56Z,32638,player_receptions,Pat Freiermuth,3.5,Over,fanduel,122,6.1,0.4779,True,,106,3.5,0.472096,pinnacle,7.767,4.8053,True,,,True
2026-09-20T19:55:56Z,32638,player_receptions,Pat Freiermuth,3.5,Over,draftkings,117,3.71,0.4779,False,no_outcome_for_selection,,,,,,,,,,False
2026-09-20T19:55:56Z,32638,player_receptions,Rhamondre Stevenson,2.5,Over,kalshi,-117,3.51,0.5581,True,,-144,2.5,0.553739,pinnacle,9.4578,2.702,True,,,True
2026-09-20T19:55:56Z,32638,player_receptions,Rico Dowdle,2.5,Over,kalshi,104,4.15,0.5105,True,,-122,2.5,0.527001,pinnacle,12.1081,7.5083,True,,,True
2026-09-20T19:55:56Z,32638,player_receptions,Roman Wilson,2.5,Under,bovada,120,3.55,0.4707,True,,115,2.5,0.436681,bovada,2.3256,-3.9301,True,,,True
2026-09-20T19:55:56Z,32638,player_receptions,Roman Wilson,2.5,Under,draftkings,119,3.08,0.4707,True,,115,2.5,0.452839,pinnacle,1.8605,-0.8283,True,,,True
2026-09-20T19:55:56Z,32638,player_receptions,Romeo Doubs,3.5,Over,kalshi,122,4.81,0.4721,True,,113,3.5,0.481672,pinnacle,4.2254,6.9311,True,,,True
2026-09-20T19:55:56Z,32638,player_receptions,TreVeyon Henderson,1.5,Over,kalshi,113,5.58,0.4957,True,,-122,1.5,0.527904,pinnacle,17.0541,12.4436,True,,,True
2026-09-20T19:55:56Z,32638,player_receptions,TreVeyon Henderson,1.5,Over,fanduel,108,3.1,0.4957,True,,-130,1.5,0.527904,pinnacle,17.5652,9.8041,True,,,True
2026-09-20T19:55:56Z,32638,player_rush_attempts,Drake Maye,5.5,Over,draftkings,110,3.64,0.4935,False,no_outcome_for_selection,,,,,,,,,,False
2026-09-20T19:55:56Z,32638,player_reception_yds,Germie Bernard,15.5,Over,fanatics,-105,3.34,0.5293,False,no_outcome_for_selection,,,,,,,,,,False
2026-09-20T19:55:56Z,32638,player_receptions,Pat Freiermuth,3.5,Under,kalshi,-122,4.4,0.5737,True,,-122,3.5,0.527904,pinnacle,0.0,-3.9387,False,,,True
2026-09-20T19:55:56Z,32638,player_receptions,DK Metcalf,4.5,Over,kalshi,108,7.81,0.5183,True,,-100,4.5,0.513998,pinnacle,4.0,6.9115,True,,,True
2026-09-20T19:55:56Z,32638,player_receptions,Darnell Washington,1.5,Over,kalshi,-122,3.77,0.5703,True,,-138,1.5,0.569863,pinnacle,5.5104,3.6963,True,,,True
2026-09-20T19:55:56Z,32638,player_rush_attempts,Drake Maye,5.5,Over,hardrock,110,3.64,0.4935,True,,-105,5.5,0.493504,pinnacle,7.561,3.6358,True,,,True
2026-09-20T19:55:56Z,32640,player_reception_yds,Dalton Schultz,41.5,Under,bovada,120,7.12,0.4869,True,,-105,41.5,0.479695,bovada,12.6829,5.533,True,,,True
2026-09-20T19:55:56Z,32640,player_receptions,Chase Brown,3.5,Under,bovada,105,5.41,0.5142,True,,-115,3.5,0.5,bovada,9.6512,2.5,True,,,True
2026-09-20T19:55:56Z,32640,player_receptions,Chase Brown,3.5,Under,draftkings,103,4.38,0.5142,True,,-119,3.5,0.481672,pinnacle,10.3059,-2.2207,True,,,True
2026-09-20T19:55:56Z,32640,player_receptions,David Montgomery,1.5,Under,kalshi,156,3.9,0.4059,True,,150,1.5,0.404403,pinnacle,2.4,3.5271,True,,,True
2026-09-20T19:55:56Z,32640,player_receptions,Xavier Hutchinson,2.5,Under,kalshi,127,4.16,0.4589,True,,138,2.5,0.412961,pinnacle,-4.6218,-6.2579,False,,,True
2026-09-20T19:55:56Z,32640,player_rush_attempts,Chase Brown,14.5,Over,underdog,100,8.38,0.5419,False,no_outcome_for_selection,,,,,,,,,,False
2026-09-20T19:55:56Z,32640,player_reception_yds,Ja'Marr Chase,75.5,Over,fanatics,-110,5.92,0.5548,True,,-125,75.5,0.541193,pinnacle,6.0606,3.3187,True,,,True
2026-09-20T19:55:56Z,32640,player_reception_yds,Ja'Marr Chase,75.5,Over,underdog,-112,5.02,0.5548,True,,-112,76.5,0.541193,pinnacle,0.0,2.4402,False,,,True
2026-09-20T19:55:56Z,32640,player_reception_yds,Ja'Marr Chase,75.5,Over,draftkings,-113,4.58,0.5548,True,,-113,76.5,0.541193,pinnacle,0.0,2.0125,False,,,True
2026-09-20T19:55:56Z,32640,player_reception_yds,Ja'Marr Chase,75.5,Over,fanduel,-114,4.15,0.5548,True,,-113,76.5,0.541193,pinnacle,-0.4118,1.5924,False,,,True
2026-09-20T19:55:56Z,32640,player_reception_yds,Ja'Marr Chase,75.5,Over,bovada,-115,3.73,0.5548,True,,-115,75.5,0.5,bovada,0.0,-6.5217,False,,,True
2026-09-20T19:55:56Z,32640,player_pass_attempts,Joe Burrow,35.5,Under,draftkings,-104,4.0,0.5302,False,no_outcome_for_selection,,,,,,,,,,False
2026-09-20T19:55:56Z,32640,player_pass_attempts,Joe Burrow,35.5,Under,underdog,-106,3.04,0.5302,False,no_outcome_for_selection,,,,,,,,,,False
2026-09-20T19:55:56Z,32640,player_receptions,Dalton Schultz,4.5,Under,kalshi,122,5.39,0.4747,True,,117,4.5,0.435517,pinnacle,2.3041,-3.3153,True,,,True
2026-09-20T19:55:56Z,32640,player_receptions,Mike Gesicki,2.5,Under,fanduel,-122,3.61,0.5694,True,,-166,2.5,0.569863,pinnacle,13.5585,3.6963,True,,,True
2026-09-20T19:55:56Z,32640,player_pass_yds,Joe Burrow,249.5,Under,kalshi,104,4.06,0.5101,True,,-104,249.5,0.510834,pinnacle,4.0,4.2102,True,,,True
2026-09-20T19:55:56Z,32640,player_rush_attempts,Joe Burrow,2.5,Over,underdog,-102,7.42,0.5424,False,no_outcome_for_selection,,,,,,,,,,False
2026-09-20T19:55:56Z,32640,player_receptions,Tee Higgins,3.5,Under,kalshi,144,3.52,0.4242,True,,122,3.5,0.441748,pinnacle,9.9099,7.7865,True,,,True
2026-09-20T19:55:56Z,32640,player_receptions,Kayshon Boutte,2.5,Under,kalshi,138,6.86,0.449,True,,138,2.5,0.407558,pinnacle,0.0,-3.0011,False,,,True
2026-09-20T19:55:56Z,32640,player_receptions,Kayshon Boutte,2.5,Under,fanduel,132,4.17,0.449,True,,128,2.5,0.407558,pinnacle,1.7544,-5.4465,True,,,True
2026-09-20T19:55:56Z,32640,player_receptions,Kayshon Boutte,2.5,Under,hardrock,130,3.27,0.449,False,ambiguous_selection,,,,,,,,,,False
2026-09-20T19:55:56Z,32640,player_reception_yds,Dalton Schultz,42.5,Under,draftkings,-113,4.45,0.5541,False,no_outcome_for_selection,,,,,,,,,,False
2026-09-20T19:55:56Z,32640,player_reception_yds,Dalton Schultz,43.5,Under,draftkings,-111,5.34,0.5541,False,no_outcome_for_selection,,,,,,,,,,False
2026-09-20T19:55:56Z,32640,player_reception_yds,Xavier Hutchinson,31.5,Over,underdog,-112,3.45,0.5465,False,no_outcome_for_selection,,,,,,,,,,False
2026-09-20T19:55:56Z,32640,player_reception_yds,Xavier Hutchinson,31.5,Over,fanduel,-113,3.02,0.5465,False,no_outcome_for_selection,,,,,,,,,,False
2026-09-20T19:55:56Z,32640,player_receptions,Chase Brown,3.5,Over,kalshi,104,3.77,0.5087,True,,-108,3.5,0.518328,pinnacle,5.9231,5.739,True,,,True
2026-09-20T19:55:56Z,32640,player_receptions,Drew Sample,1.5,Over,kalshi,150,4.21,0.4168,True,,144,1.5,0.416849,pinnacle,2.459,4.2123,True,,,True
2026-09-20T19:55:56Z,32640,player_receptions,Samaje Perine,1.5,Over,kalshi,163,9.63,0.4168,True,,133,1.5,0.416849,pinnacle,12.8755,9.6313,True,,,True
2026-09-20T19:55:56Z,32639,player_reception_yds,Mark Andrews,48.5,Under,underdog,-112,5.85,0.5592,False,no_outcome_for_selection,,,,,,,,,,False
2026-09-20T19:55:56Z,32639,player_reception_yds,Mark Andrews,48.5,Under,fanduel,-114,4.97,0.5592,False,no_outcome_for_selection,,,,,,,,,,False
2026-09-20T19:55:56Z,32639,player_reception_yds,Rashod Bateman,35.5,Under,fanduel,-114,7.97,0.5752,False,no_outcome_for_selection,,,,,,,,,,False
2026-09-20T19:55:56Z,32639,player_receptions,Alvin Kamara,2.5,Over,kalshi,170,6.04,0.3927,True,,163,2.5,0.367029,pinnacle,2.6616,-0.9021,True,,,True
2026-09-20T19:55:56Z,32639,player_receptions,Mark Andrews,4.5,Under,fanduel,-148,3.9,0.62,True,,-158,4.5,0.547161,pinnacle,2.6189,-8.3136,True,,,True
2026-09-20T19:55:56Z,32639,player_receptions,Mark Andrews,4.5,Under,hardrock,-150,3.34,0.62,True,,-150,4.5,0.547161,pinnacle,0.0,-8.8065,False,,,True
2026-09-20T19:55:56Z,32639,player_reception_yds,Rashod Bateman,35.5,Under,underdog,-112,8.87,0.5752,False,no_outcome_for_selection,,,,,,,,,,False
2026-09-20T19:55:56Z,32639,player_pass_tds,Tyler Shough,1.5,Over,kalshi,212,6.56,0.3415,True,,194,1.5,0.320876,kalshi,6.1224,0.1133,True,,,True
2026-09-20T19:55:56Z,32639,player_receptions,Chris Olave,5.5,Under,bovada,110,3.3,0.4919,False,no_outcome_for_selection,,,,,,,,,,False
2026-09-20T19:55:56Z,32639,player_rush_yds,Alvin Kamara,16.5,Under,draftkings,-112,3.82,0.5485,False,no_outcome_for_selection,,,,,,,,,,False
2026-09-20T19:55:56Z,32639,player_rush_yds,Alvin Kamara,16.5,Under,bovada,-110,4.57,0.5477,False,no_outcome_for_selection,,,,,,,,,,False
2026-09-20T19:55:56Z,32639,player_pass_interceptions,Tyler Shough,0.5,Under,draftkings,104,5.45,0.5169,True,,-105,0.5,0.517364,pinnacle,4.4878,5.5423,True,,,True
2026-09-20T19:55:56Z,32639,player_pass_interceptions,Tyler Shough,0.5,Under,hardrock,100,3.38,0.5169,True,,-110,0.5,0.517364,pinnacle,4.7619,3.4728,True,,,True
2026-09-20T19:55:56Z,32639,player_pass_interceptions,Tyler Shough,0.5,Under,bovada,105,5.96,0.5169,True,,-110,0.5,0.489879,bovada,7.381,0.4251,True,,,True
2026-09-20T19:55:56Z,32639,player_receptions,Derrick Henry,1.5,Under,hardrock,-180,4.75,0.6734,True,,-260,1.5,0.668624,pinnacle,12.3457,4.0083,True,,,True
2026-09-20T19:55:56Z,32639,player_receptions,LaJohntay Wester,2.5,Over,kalshi,178,6.24,0.3822,True,,163,2.5,0.382174,pinnacle,5.7034,6.2444,True,,,True
2026-09-20T19:55:56Z,32639,player_receptions,Travis Etienne Jr.,1.5,Under,kalshi,144,3.52,0.4242,True,,138,1.5,0.38358,pinnacle,2.521,-6.4066,True,,,True
2026-09-20T19:55:56Z,32639,player_receptions,Rashod Bateman,2.5,Under,kalshi,127,3.1,0.4542,True,,138,2.5,0.416849,pinnacle,-4.6218,-5.3752,False,,,True
2026-09-20T19:55:56Z,32639,player_reception_yds,Devaughn Vele,41.5,Over,underdog,-112,4.8,0.5536,False,no_outcome_for_selection,,,,,,,,,,False
2026-09-20T19:55:56Z,32639,player_reception_yds,Devaughn Vele,41.5,Over,fanduel,-113,4.36,0.5536,False,no_outcome_for_selection,,,,,,,,,,False
2026-09-20T19:55:56Z,32639,player_reception_yds,Juwan Johnson,38.5,Over,underdog,-112,4.3,0.551,False,no_outcome_for_selection,,,,,,,,,,False
2026-09-20T19:55:56Z,32639,player_reception_yds,Juwan Johnson,38.5,Over,fanduel,-113,3.86,0.551,False,no_outcome_for_selection,,,,,,,,,,False
2026-09-20T19:55:56Z,32639,player_reception_yds,Noah Fant,14.5,Over,kalshi,108,3.56,0.4979,True,,104,14.5,0.497835,pinnacle,1.9608,3.5498,True,,,True
2026-09-20T19:55:56Z,32639,player_receptions,Devaughn Vele,3.5,Over,draftkings,-124,7.04,0.5926,False,no_outcome_for_selection,,,,,,,,,,False
2026-09-20T19:55:56Z,32639,player_receptions,Devaughn Vele,3.5,Over,kalshi,-133,3.81,0.5926,True,,-127,3.5,0.551824,pinnacle,-1.9873,-3.3271,False,,,True
2026-09-20T19:55:56Z,32639,player_receptions,Devaughn Vele,3.5,Over,bovada,-135,3.15,0.5926,True,,-145,3.5,0.55414,bovada,3.0234,-3.5386,True,,,True
2026-09-20T19:55:56Z,32639,player_receptions,Juwan Johnson,3.5,Over,kalshi,-122,3.37,0.5681,True,,-117,3.5,0.560825,pinnacle,-1.8886,2.0517,False,,,True
2026-09-20T19:55:56Z,32639,player_receptions,Juwan Johnson,3.5,Over,bovada,-130,4.84,0.5926,False,no_outcome_for_selection,,,,,,,,,,False
2026-09-20T19:55:56Z,32639,player_receptions,Travis Etienne Jr.,1.5,Under,draftkings,147,4.79,0.4242,False,no_outcome_for_selection,,,,,,,,,,False
2026-09-20T19:55:56Z,32639,player_receptions,Alvin Kamara,1.5,Under,draftkings,150,6.34,0.4253,False,no_outcome_for_selection,,,,,,,,,,False
2026-09-20T19:55:56Z,32639,player_receptions,Alvin Kamara,1.5,Under,hardrock,150,6.34,0.4253,True,,125,1.5,0.41959,kalshi,11.1111,4.8974,True,,,True
2026-09-20T19:55:56Z,32639,player_receptions,Alvin Kamara,1.5,Under,bovada,150,6.34,0.4253,False,no_outcome_for_selection,,,,,,,,,,False
2026-09-20T19:55:56Z,32639,player_receptions,Noah Fant,1.5,Over,kalshi,-144,3.14,0.6087,True,,-163,1.5,0.577474,pinnacle,5.0169,-2.1502,True,,,True
2026-09-20T19:55:56Z,32639,player_reception_yds,Devaughn Vele,39.5,Under,bovada,115,4.41,0.4856,True,,115,39.5,0.436681,bovada,0.0,-6.1135,False,,,True
2026-09-20T19:55:56Z,32636,player_receptions,Chris Brooks,1.5,Over,kalshi,138,3.82,0.4362,True,,127,1.5,0.436213,pinnacle,4.8458,3.8186,True,,,True
2026-09-20T19:55:56Z,32636,player_receptions,Chris Brooks,1.5,Over,bovada,135,3.16,0.439,False,no_outcome_for_selection,,,,,,,,,,False
2026-09-20T19:55:56Z,32636,player_receptions,Chris Brooks,1.5,Over,draftkings,135,3.16,0.439,False,no_outcome_for_selection,,,,,,,,,,False
2026-09-20T19:55:56Z,32636,player_receptions,Garrett Wilson,5.5,Under,fanduel,112,4.51,0.493,True,,100,5.5,0.484816,pinnacle,6.0,2.7811,True,,,True
2026-09-20T19:55:56Z,32636,player_receptions,Garrett Wilson,5.5,Under,hardrock,110,3.52,0.493,True,,100,5.5,0.484816,pinnacle,5.0,1.8114,True,,,True
2026-09-20T19:55:56Z,32636,player_receptions,Garrett Wilson,5.5,Under,bovada,115,4.45,0.4858,False,no_outcome_for_selection,,,,,,,,,,False
2026-09-20T19:55:56Z,32636,player_receptions,Garrett Wilson,5.5,Under,draftkings,114,3.96,0.4858,False,no_outcome_for_selection,,,,,,,,,,False
2026-09-20T19:55:56Z,32636,player_pass_yds,Jordan Love,254.5,Under,fanduel,-114,3.45,0.5511,False,no_outcome_for_selection,,,,,,,,,,False
2026-09-20T19:55:56Z,32636,player_receptions,MarShawn Lloyd,1.5,Over,kalshi,163,6.77,0.406,True,,163,1.5,0.405975,pinnacle,0.0,6.7714,False,,,True
2026-09-20T19:55:56Z,32636,player_rush_yds,Chris Brooks,24.5,Over,kalshi,108,4.0,0.5,True,,122,24.5,0.452839,pinnacle,-6.3063,-5.8095,False,,,True
2026-09-20T19:55:56Z,32636,player_receptions,Jonnu Smith,1.5,Over,bovada,125,3.23,0.4588,False,no_outcome_for_selection,,,,,,,,,,False
2026-09-20T19:55:56Z,32636,player_receptions,Kenyon Sadiq,2.5,Under,kalshi,-117,4.19,0.5618,True,,-113,2.5,0.50433,pinnacle,-1.6051,-6.4619,False,,,True
2026-09-20T19:55:56Z,32636,player_receptions,Kenyon Sadiq,2.5,Under,underdog,-118,3.48,0.5601,True,,-118,2.5,0.50433,pinnacle,0.0,-6.8272,False,,,True
2026-09-20T19:55:56Z,32636,player_receptions,Tucker Kraft,3.5,Over,kalshi,-117,3.03,0.5555,True,,-122,3.5,0.527001,pinnacle,1.925,-2.257,True,,,True
2026-09-20T19:55:56Z,32636,player_receptions,Christian Watson,4.5,Over,kalshi,163,4.2,0.3962,True,,138,4.5,0.396201,pinnacle,10.5042,4.2009,True,,,True
2026-09-20T19:55:56Z,32636,player_receptions,Isaiah Williams,1.5,Over,kalshi,108,7.16,0.5152,True,,113,1.5,0.49567,pinnacle,-2.3474,3.0994,False,,,True
2026-09-20T19:55:56Z,32636,player_receptions,Isaiah Williams,1.5,Over,bovada,105,5.61,0.5152,False,no_outcome_for_selection,,,,,,,,,,False
2026-09-20T19:55:56Z,32636,player_receptions,Isaiah Williams,1.5,Over,draftkings,104,5.1,0.5152,False,no_outcome_for_selection,,,,,,,,,,False
2026-09-21T02:00:04Z,32641,player_rush_yds,J.K. Dobbins,59.5,Over,kalshi,108,3.58,0.498,True,,104,59.5,0.480249,kalshi,1.9608,-0.1082,True,lost,36.0,True
2026-09-21T02:00:04Z,32641,player_reception_yds,Pat Bryant,30.5,Under,fanatics,-110,3.83,0.5438,False,no_outcome_for_selection,,,,,,,,,,False
2026-09-21T02:00:04Z,32641,player_pass_tds,Bo Nix,1.5,Under,draftkings,-119,3.72,0.5636,True,,-132,1.5,0.516161,pinnacle,4.7088,-5.009,True,won,1.0,True
2026-09-21T02:00:04Z,32641,player_pass_tds,Bo Nix,1.5,Under,bovada,-120,3.33,0.5636,False,no_outcome_for_selection,,,,,,,,,,False
2026-09-21T02:00:04Z,32641,player_rush_attempts,J.K. Dobbins,13.5,Over,draftkings,101,6.81,0.5314,True,,-114,13.5,0.539171,pinnacle,7.0748,8.3733,True,lost,10.0,True
2026-09-21T02:00:04Z,32641,player_rush_attempts,J.K. Dobbins,13.5,Over,underdog,-102,5.38,0.5321,True,,-102,13.5,0.539171,pinnacle,0.0,6.7769,False,lost,10.0,True
2026-09-21T02:00:04Z,32641,player_reception_yds,Courtland Sutton,39.5,Over,kalshi,108,4.44,0.5021,True,,-100,39.5,0.502165,pinnacle,4.0,4.4502,True,lost,25.0,True
2026-09-21T02:00:04Z,32641,player_reception_yds,Parker Washington,59.5,Under,kalshi,108,4.0,0.5,True,,-100,59.5,0.49567,pinnacle,4.0,3.0994,True,lost,98.0,True
2026-09-21T02:00:04Z,32641,player_receptions,Pat Bryant,3.5,Under,bovada,-135,3.13,0.5924,False,no_outcome_for_selection,,,,,,,,,,False
2026-09-21T02:00:04Z,32642,player_receptions,Omarion Hampton,2.5,Over,kalshi,170,4.23,0.386,True,,163,2.5,0.38642,pinnacle,2.6616,4.3334,True,lost,2.0,True
2026-09-21T02:00:04Z,32642,player_pass_tds,Kirk Cousins,1.5,Over,kalshi,223,4.76,0.3243,True,,223,1.5,0.324638,pinnacle,0.0,4.8582,False,won,3.0,True
2026-09-21T02:00:04Z,32642,player_receptions,Omarion Hampton,1.5,Under,hardrock,160,5.52,0.4058,True,,140,1.5,0.405844,kalshi,8.3333,5.5195,True,lost,2.0,True
2026-09-21T02:00:04Z,32642,player_receptions,Jalen Nailor,2.5,Over,kalshi,-117,3.51,0.5581,True,,-122,2.5,0.566291,pinnacle,1.925,5.03,True,lost,1.0,True
2026-09-21T02:00:04Z,32642,player_receptions,Tre' Harris,3.5,Over,kalshi,156,4.07,0.4065,True,,186,3.5,0.346355,kalshi,-10.4895,-11.3331,False,lost,1.0,True
2026-09-21T02:00:04Z,32642,player_receptions,David Njoku,2.5,Under,draftkings,111,4.59,0.4957,False,no_outcome_for_selection,,,,,,,,,,False
2026-09-21T02:00:04Z,32642,player_receptions,David Njoku,2.5,Under,bovada,110,4.09,0.4957,False,no_outcome_for_selection,,,,,,,,,,False
2026-09-21T02:00:04Z,32642,player_receptions,Ladd McConkey,3.5,Under,hardrock,125,4.15,0.4629,True,,125,3.5,0.462869,pinnacle,0.0,4.1456,False,won,3.0,True
2026-09-21T02:00:04Z,32642,player_rush_yds,Ashton Jeanty,62.5,Over,underdog,-112,4.45,0.5518,False,no_outcome_for_selection,,,,,,,,,,False
2026-09-21T02:00:04Z,32645,player_receptions,AJ Barner,2.5,Under,underdog,-105,3.17,0.5284,False,no_outcome_for_selection,,,,,,,,,,False
2026-09-21T02:00:04Z,32645,player_receptions,Trey McBride,6.5,Over,kalshi,108,4.0,0.5,True,,108,6.5,0.470865,pinnacle,0.0,-2.06,False,won,8.0,True
2026-09-21T02:00:04Z,32645,player_receptions,Cooper Kupp,2.5,Over,kalshi,150,4.26,0.417,True,,138,2.5,0.418519,pinnacle,5.042,4.6299,True,lost,2.0,True
2026-09-21T02:00:04Z,32645,player_pass_tds,Jacoby Brissett,1.5,Over,kalshi,212,3.72,0.3324,True,,212,1.5,0.332432,pinnacle,0.0,3.7186,False,lost,1.0,True
2026-09-21T02:00:04Z,32645,player_pass_completions,Jacoby Brissett,21.5,Over,draftkings,-103,3.01,0.5227,False,no_outcome_for_selection,,,,,,,,,,False
2026-09-21T02:00:04Z,32645,player_receptions,Kendrick Bourne,2.5,Over,kalshi,-113,4.02,0.5518,True,,-117,2.5,0.538334,pinnacle,1.6313,1.4736,True,lost,2.0,True
2026-09-21T02:00:04Z,32645,player_reception_yds,Trey McBride,60.5,Under,bovada,110,3.64,0.4935,True,,110,60.5,0.44586,bovada,0.0,-6.3694,False,won,41.0,True
2026-09-21T02:00:04Z,32645,player_receptions,Marvin Harrison Jr.,3.5,Under,bovada,-135,3.43,0.5942,False,no_outcome_for_selection,,,,,,,,,,False
2026-09-21T02:00:04Z,32645,player_receptions,Rashid Shaheed,2.5,Over,kalshi,186,6.21,0.3714,True,,178,2.5,0.371351,pinnacle,2.8777,6.2065,True,won,3.0,True
2026-09-21T02:00:04Z,32644,player_pass_attempts,Jayden Daniels,29.5,Over,underdog,-102,4.65,0.5284,False,no_outcome_for_selection,,,,,,,,,,False
2026-09-21T02:00:04Z,32644,player_pass_completions,Jayden Daniels,19.5,Over,underdog,-112,5.5,0.5574,False,no_outcome_for_selection,,,,,,,,,,False
2026-09-21T02:00:04Z,32644,player_pass_completions,Jayden Daniels,19.5,Over,draftkings,-114,4.63,0.5574,False,no_outcome_for_selection,,,,,,,,,,False
2026-09-21T02:00:04Z,32644,player_pass_completions,Jayden Daniels,19.5,Over,hardrock,-115,4.55,0.5592,False,no_outcome_for_selection,,,,,,,,,,False
2026-09-21T02:00:04Z,32644,player_pass_completions,Jayden Daniels,19.5,Over,bovada,-115,4.2,0.5574,False,no_outcome_for_selection,,,,,,,,,,False
2026-09-21T02:00:04Z,32644,player_receptions,Rachaad White,2.5,Under,hardrock,-160,3.54,0.6371,True,,-240,2.5,0.643871,kalshi,14.7059,4.6291,True,lost,6.0,True
2026-09-21T02:00:04Z,32644,player_receptions,Stefon Diggs,4.5,Over,kalshi,-100,3.24,0.5162,True,,-104,4.5,0.513007,pinnacle,1.9608,2.6015,True,won,5.0,True
2026-09-21T02:00:04Z,32644,player_pass_attempts,Jayden Daniels,29.5,Over,draftkings,-104,3.66,0.5284,False,no_outcome_for_selection,,,,,,,,,,False
2026-09-21T02:00:04Z,32644,player_pass_attempts,Jayden Daniels,29.5,Over,bovada,-105,3.17,0.5284,False,no_outcome_for_selection,,,,,,,,,,False
2026-09-21T02:00:04Z,32644,player_rush_attempts,Javonte Williams,17.5,Under,draftkings,-101,3.9,0.5221,False,no_outcome_for_selection,,,,,,,,,,False
2026-09-21T02:00:04Z,32644,player_receptions,Javonte Williams,2.5,Over,kalshi,113,4.25,0.4895,True,,104,2.5,0.489166,pinnacle,4.4118,4.1923,True,won,3.0,True
2026-09-21T02:00:04Z,32644,player_rush_attempts,Javonte Williams,17.5,Under,hardrock,100,4.41,0.5221,False,no_outcome_for_selection,,,,,,,,,,False
2026-09-21T02:00:04Z,32644,player_receptions,Terry McLaurin,4.5,Under,bovada,-130,3.35,0.5841,False,no_outcome_for_selection,,,,,,,,,,False
2026-09-21T02:00:04Z,32643,player_receptions,De'Von Achane,4.5,Over,kalshi,144,4.1,0.4266,True,,127,4.5,0.426621,pinnacle,7.489,4.0956,True,lost,3.0,True
2026-09-21T02:00:04Z,32643,player_receptions,Mike Evans,3.5,Under,kalshi,127,7.3,0.4727,True,,113,3.5,0.446261,pinnacle,6.5728,1.3013,True,won,3.0,True
2026-09-21T02:00:04Z,32643,player_receptions,Demarcus Robinson,1.5,Under,kalshi,138,4.48,0.439,True,,138,1.5,0.409154,pinnacle,0.0,-2.6214,False,lost,3.0,True
2026-09-21T02:00:04Z,32643,player_field_goals_made,Eddy Pineiro,1.5,Under,hardrock,120,7.22,0.4873,False,no_outcome_for_selection,,,,,,,,,,False
2026-09-21T02:00:04Z,32643,player_pass_tds,Brock Purdy,1.5,Under,kalshi,170,5.65,0.3913,True,,178,1.5,0.378948,pinnacle,-2.8777,2.3161,False,lost,2.0,True
2026-09-21T02:00:04Z,32643,player_receptions,Greg Dulcich,2.5,Under,kalshi,-127,4.76,0.5861,True,,-150,2.5,0.560112,pinnacle,7.2441,0.1145,True,won,2.0,True
2026-09-21T02:00:04Z,32643,player_receptions,Caleb Douglas,2.5,Over,kalshi,-144,3.18,0.609,True,,-150,2.5,0.587039,pinnacle,1.6667,-0.5294,True,lost,2.0,True
2026-09-21T02:00:04Z,32643,player_rush_attempts,Brock Purdy,4.5,Under,hardrock,-140,4.88,0.6118,False,no_outcome_for_selection,,,,,,,,,,False
2026-09-21T02:00:04Z,32643,player_receptions,Greg Dulcich,2.5,Over,fanduel,134,8.97,0.4657,True,,120,2.5,0.439888,pinnacle,6.3636,2.9338,True,lost,2.0,True
2026-09-21T02:00:04Z,32643,player_receptions,Greg Dulcich,2.5,Over,kalshi,122,3.38,0.4657,True,,127,2.5,0.439888,pinnacle,-2.2026,-2.3449,False,lost,2.0,True
2026-09-21T02:00:04Z,32643,player_receptions,Malik Washington,3.5,Over,bovada,110,3.18,0.4913,False,no_outcome_for_selection,,,,,,,,,,False
2026-09-21T02:00:04Z,32643,player_receptions,Malik Washington,3.5,Over,draftkings,109,6.03,0.5073,False,no_outcome_for_selection,,,,,,,,,,False
2026-09-21T02:00:04Z,32643,player_receptions,Malik Washington,3.5,Over,kalshi,108,5.52,0.5073,True,,104,3.5,0.491336,pinnacle,1.9608,2.1979,True,won,4.0,True
2026-09-21T02:00:04Z,32643,player_receptions,Chris Bell,1.5,Over,kalshi,-117,3.4,0.5575,True,,-122,1.5,0.557522,pinnacle,1.925,3.4037,True,lost,0.0,True
2026-09-21T02:00:04Z,32643,player_receptions,Christian McCaffrey,4.5,Over,kalshi,-108,3.68,0.5383,True,,-104,4.5,0.53213,pinnacle,-1.8155,2.4843,False,lost,4.0,True
2026-09-21T02:00:04Z,32643,player_rush_attempts,De'Von Achane,14.5,Under,draftkings,-117,5.24,0.5674,False,no_outcome_for_selection,,,,,,,,,,False
2026-09-21T02:00:04Z,32643,player_rush_attempts,De'Von Achane,14.5,Under,underdog,-120,4.02,0.5674,False,no_outcome_for_selection,,,,,,,,,,False
2026-09-21T02:00:04Z,32646,player_receptions,Tyquan Thornton,1.5,Over,kalshi,170,3.45,0.3831,True,,150,1.5,0.384995,pinnacle,8.0,3.9486,True,,,True
2026-09-21T02:00:04Z,32646,player_receptions,Rashee Rice,4.5,Over,kalshi,-117,3.03,0.5555,True,,-108,4.5,0.508664,pinnacle,-3.6982,-5.658,False,,,True
2026-09-21T02:00:04Z,32646,player_receptions,Xavier Worthy,3.5,Over,kalshi,127,3.25,0.4548,True,,117,3.5,0.46787,pinnacle,4.6083,6.2065,True,,,True
2026-09-21T02:00:04Z,32646,player_rush_yds,Jonathan Taylor,86.5,Under,fanduel,-114,3.45,0.5511,False,no_outcome_for_selection,,,,,,,,,,False
2026-09-21T02:00:04Z,32646,player_receptions,Alec Pierce,2.5,Over,kalshi,-133,3.41,0.5903,True,,-138,2.5,0.558252,pinnacle,1.5796,-2.201,True,,,True
2026-09-21T02:00:04Z,32646,player_receptions,Rashee Rice,4.5,Under,bovada,110,4.09,0.4957,True,,-105,4.5,0.479695,bovada,7.561,0.736,True,,,True
2026-09-21T02:00:04Z,32646,player_receptions,Rashee Rice,4.5,Under,draftkings,108,3.1,0.4957,True,,-110,4.5,0.491336,pinnacle,8.9524,2.1979,True,,,True
2026-09-22T02:06:35Z,32647,player_receptions,Isaiah Likely,4.5,Over,kalshi,122,6.57,0.4801,True,,138,4.5,0.418519,pinnacle,-6.7227,-7.0887,False,,,True
2026-09-22T02:06:35Z,32647,player_pass_attempts,Matthew Stafford,32.5,Over,bovada,100,4.24,0.5212,False,no_outcome_for_selection,,,,,,,,,,False
2026-09-22T02:06:35Z,32647,player_receptions,Davante Adams,3.5,Under,fanduel,162,5.12,0.4012,False,no_outcome_for_selection,,,,,,,,,,False
2026-09-22T02:06:35Z,32647,player_rush_attempts,Kyren Williams,14.5,Under,draftkings,-126,3.06,0.5746,False,no_outcome_for_selection,,,,,,,,,,False
2026-09-22T02:06:35Z,32647,player_pass_attempts,Jaxson Dart,30.5,Under,bovada,100,4.64,0.5232,True,,-120,30.5,0.510121,bovada,9.0909,2.0243,True,,,True
2026-09-22T02:06:35Z,32647,player_pass_attempts,Jaxson Dart,30.5,Under,draftkings,-101,4.13,0.5232,False,no_outcome_for_selection,,,,,,,,,,False
2026-09-22T02:06:35Z,32647,player_receptions,Davante Adams,3.5,Under,kalshi,233,16.8,0.3508,True,,245,3.5,0.270874,kalshi,-3.4783,-9.7991,False,,,True
2026-09-22T02:06:35Z,32647,player_reception_yds,Odell Beckham Jr.,6.5,Over,fanduel,112,3.85,0.4899,False,no_outcome_for_selection,,,,,,,,,,False
2026-09-22T02:06:35Z,32647,player_receptions,Davante Adams,3.5,Over,kalshi,-163,4.81,0.6496,True,,-355,3.5,0.729126,kalshi,25.8882,17.6443,True,,,True
2026-09-22T02:06:35Z,32647,player_receptions,Davante Adams,3.5,Under,hardrock,260,26.27,0.3508,True,,275,3.5,0.270874,kalshi,-4.0,-2.4855,False,,,True
2026-09-22T02:06:35Z,32647,player_pass_tds,Matthew Stafford,1.5,Over,kalshi,-163,3.09,0.6389,True,,-170,1.5,0.615005,pinnacle,1.5905,-0.7691,True,,,True
2026-09-22T02:06:35Z,32647,player_receptions,Terrance Ferguson,2.5,Over,kalshi,127,3.1,0.4542,True,,104,2.5,0.486993,pinnacle,11.2745,10.5473,True,,,True
2026-09-22T02:06:35Z,32647,player_receptions,Tyler Higbee,1.5,Over,kalshi,-104,3.6,0.5282,True,,122,1.5,0.421899,pinnacle,-11.6424,-17.2429,False,,,True
2026-09-22T02:06:35Z,32647,player_reception_yds,Tyler Higbee,14.5,Over,kalshi,104,4.89,0.5142,True,,138,14.5,0.400237,kalshi,-14.2857,-18.3516,False,,,True
2026-09-22T02:06:35Z,32647,player_receptions,Cam Skattebo,1.5,Over,kalshi,-122,3.21,0.5672,True,,104,1.5,0.516161,pinnacle,-10.8004,-6.0756,False,,,True
2026-09-22T02:06:35Z,32647,player_receptions,Kyren Williams,2.5,Over,kalshi,133,3.4,0.4438,True,,104,2.5,0.459632,pinnacle,14.2157,7.0943,True,,,True
2026-09-22T02:06:35Z,32647,player_receptions,Malachi Fields,2.5,Over,kalshi,138,3.7,0.4357,True,,138,2.5,0.397711,pinnacle,0.0,-5.3449,False,,,True
2026-09-22T02:06:35Z,32647,player_receptions,Darnell Mooney,1.5,Over,bovada,150,13.7,0.4548,True,,-125,1.5,0.520305,bovada,38.8889,30.0761,True,,,True
2026-09-22T02:06:35Z,32647,player_receptions,Terrance Ferguson,2.5,Under,draftkings,-114,3.23,0.5499,False,no_outcome_for_selection,,,,,,,,,,False
2026-09-22T02:06:35Z,32647,player_receptions,Terrance Ferguson,2.5,Under,bovada,-115,3.53,0.5537,False,no_outcome_for_selection,,,,,,,,,,False
2026-09-22T02:06:35Z,32647,player_receptions,Devin Singletary,1.5,Over,kalshi,127,3.24,0.4548,True,,127,1.5,0.431916,pinnacle,0.0,-1.955,False,,,True
2026-09-22T02:06:35Z,32647,player_rush_yds,Blake Corum,49.5,Over,kalshi,113,6.5,0.5,True,,108,49.5,0.492472,pinnacle,2.4038,4.8966,True,,,True
2026-09-25T02:14:16Z,32648,player_receptions,Kyle Pitts,3.5,Over,underdog,-114,4.02,0.5541,False,no_outcome_for_selection,,,,,,,,,,False
2026-09-25T02:14:16Z,32648,player_receptions,MarShawn Lloyd,1.5,Over,kalshi,186,5.22,0.3679,True,,186,1.5,0.339822,pinnacle,0.0,-2.8109,False,,,True
2026-09-25T02:14:16Z,32648,player_receptions,Jahan Dotson,1.5,Over,kalshi,-127,3.27,0.5778,True,,-117,1.5,0.527001,pinnacle,-3.6286,-5.8037,False,,,True
2026-09-25T02:14:16Z,32648,player_receptions,Jonnu Smith,1.5,Over,kalshi,178,4.47,0.3758,True,,178,1.5,0.347253,pinnacle,0.0,-3.4637,False,,,True
2026-09-25T02:14:16Z,32648,player_receptions,Skyy Moore,1.5,Over,kalshi,144,9.35,0.4482,True,,144,1.5,0.431916,pinnacle,0.0,5.3876,False,,,True
2026-09-25T02:14:16Z,32648,player_rush_yds,MarShawn Lloyd,29.5,Over,kalshi,113,6.5,0.5,True,,138,29.5,0.415871,kalshi,-10.5042,-11.4194,False,,,True
2026-09-25T02:14:16Z,32648,player_field_goals_made,Nick Folk,1.5,Under,hardrock,-110,3.17,0.5404,True,,-105,1.5,0.513007,pinnacle,-2.2173,-2.0622,False,,,True
2026-09-25T02:14:16Z,32648,player_field_goals_made,Trey Smack,1.5,Under,hardrock,120,4.06,0.473,False,no_outcome_for_selection,,,,,,,,,,False
2026-09-25T02:14:16Z,32648,player_pass_tds,Jordan Love,1.5,Over,kalshi,-104,3.41,0.5272,True,,-113,1.5,0.513007,pinnacle,4.0628,0.6284,True,,,True
2026-09-25T02:14:16Z,32648,player_reception_yds,Christian Watson,69.5,Over,kalshi,108,4.0,0.5,True,,-108,69.5,0.509434,kalshi,8.0,5.9623,True,,,True
2026-09-25T02:14:16Z,32648,player_receptions,Chris Brooks,1.5,Over,kalshi,163,5.54,0.4013,True,,163,1.5,0.38642,pinnacle,0.0,1.6285,False,,,True
2026-09-25T02:14:16Z,32648,player_receptions,Christian Watson,4.5,Under,kalshi,133,4.62,0.449,True,,122,4.5,0.428372,pinnacle,4.955,-0.1892,True,,,True
2026-09-25T02:14:16Z,32648,player_receptions,Tucker Kraft,3.5,Over,kalshi,-127,4.17,0.5828,True,,-138,3.5,0.579797,pinnacle,3.6393,3.6331,True,,,True
2026-09-25T02:14:16Z,32648,player_field_goals_made,Nick Folk,1.5,Under,underdog,-106,5.02,0.5404,True,,-106,1.5,0.513007,pinnacle,0.0,-0.3024,False,,,True
2026-09-25T02:14:16Z,32648,player_field_goals_made,Nick Folk,1.5,Under,draftkings,-107,4.55,0.5404,True,,-120,1.5,0.513007,pinnacle,5.5225,-0.7547,True,,,True
2026-09-25T02:14:16Z,32648,player_receptions,Tucker Kraft,3.5,Under,kalshi,133,5.97,0.4548,True,,127,3.5,0.420203,pinnacle,2.6432,-2.0928,True,,,True
2026-09-25T02:14:16Z,32648,player_receptions,Tucker Kraft,4.5,Under,draftkings,-166,3.17,0.6439,False,no_outcome_for_selection,,,,,,,,,,False
2026-09-25T02:14:16Z,32648,player_receptions,Bijan Robinson,4.5,Over,kalshi,-113,3.29,0.5479,True,,-108,4.5,0.522678,pinnacle,-2.1273,-1.4775,False,,,True
2026-09-25T02:14:16Z,32648,player_receptions,Drake London,5.5,Over,kalshi,113,3.73,0.487,True,,108,5.5,0.491336,pinnacle,2.4038,4.6546,True,,,True
2026-09-25T02:14:16Z,32648,player_receptions,Tucker Kraft,3.5,Under,bovada,130,4.61,0.4548,False,no_outcome_for_selection,,,,,,,,,,False
2026-09-25T02:14:16Z,32648,player_pass_tds,Jordan Love,1.5,Under,hardrock,110,3.18,0.4913,True,,110,1.5,0.486993,pinnacle,0.0,2.2685,False,,,True
2026-09-25T02:14:16Z,32648,player_receptions,Austin Hooper,0.5,Under,fanduel,-106,3.88,0.5345,True,,-106,0.5,0.40954,pinnacle,0.0,-20.4102,False,,,True
2026-09-25T02:14:16Z,32648,player_receptions,Christian Watson,4.5,Over,kalshi,-117,4.23,0.562,True,,-127,4.5,0.571628,pinnacle,3.7652,6.0198,True,,,True
2026-09-25T02:14:16Z,32648,player_receptions,Skyy Moore,1.5,Over,draftkings,135,5.32,0.4482,False,no_outcome_for_selection,,,,,,,,,,False
2026-09-25T02:14:16Z,32648,player_receptions,Skyy Moore,1.5,Over,bovada,130,3.08,0.4482,True,,125,1.5,0.416503,bovada,2.2222,-4.2043,True,,,True
2026-09-28T02:14:26Z,32655,player_pass_tds,Josh Allen,1.5,Under,kalshi,133,3.54,0.4444,True,,127,1.5,0.444362,pinnacle,2.6432,3.5363,True,won,0.0,True
2026-09-28T02:14:26Z,32655,player_rush_attempts,Justin Herbert,4.5,Over,hardrock,-105,3.12,0.5282,True,,-115,4.5,0.486993,pinnacle,4.4297,-4.9205,True,lost,4.0,True
2026-09-28T02:14:26Z,32655,player_reception_yds,Khalil Shakir,24.5,Under,hardrock,240,3.76,0.3052,True,,250,24.5,0.277382,kalshi,-2.8571,-5.6901,False,won,6.0,True
2026-09-28T02:14:26Z,32655,player_receptions,Ladd McConkey,4.5,Over,kalshi,-113,5.28,0.5585,True,,-122,4.5,0.553739,pinnacle,3.5877,4.3773,True,lost,4.0,True
2026-09-28T02:14:26Z,32655,player_receptions,Quentin Johnston,3.5,Over,kalshi,170,4.69,0.3878,True,,156,3.5,0.387856,pinnacle,5.4688,4.721,True,lost,3.0,True
2026-09-28T02:14:26Z,32655,player_receptions,Khalil Shakir,3.5,Under,kalshi,138,3.01,0.4328,True,,133,3.5,0.432596,pinnacle,2.1459,2.9578,True,won,1.0,True
2026-09-28T02:14:26Z,32655,player_anytime_td,Omarion Hampton,0.5,Over,underdog,-103,4.9,0.5323,True,,-108,0.5,0.518328,pinnacle,2.3338,2.156,True,lost,0.0,True
2026-09-28T02:14:26Z,32655,player_receptions,Ladd McConkey,4.5,Under,draftkings,116,4.15,0.4822,False,no_outcome_for_selection,,,,,,,,,,False
2026-09-28T02:14:26Z,32655,player_receptions,Ladd McConkey,4.5,Under,bovada,115,3.67,0.4822,False,no_outcome_for_selection,,,,,,,,,,False
2026-09-28T02:14:26Z,32649,player_receptions,Ja'Marr Chase,6.5,Under,draftkings,106,4.25,0.5061,False,no_outcome_for_selection,,,,,,,,,,False
2026-09-28T02:14:26Z,32649,player_receptions,Ja'Marr Chase,6.5,Under,bovada,105,3.74,0.5061,False,no_outcome_for_selection,,,,,,,,,,False
2026-09-28T02:14:26Z,32649,player_receptions,Ja'Marr Chase,6.5,Under,kalshi,104,3.24,0.5061,True,,104,6.5,0.486993,pinnacle,0.0,-0.6535,False,lost,9.0,True
2026-09-28T02:14:26Z,32649,player_receptions,Samaje Perine,1.5,Over,kalshi,127,4.15,0.4588,True,,127,1.5,0.446261,pinnacle,0.0,1.3013,False,lost,1.0,True
2026-09-28T02:14:26Z,32649,player_pass_interceptions,Aaron Rodgers,0.5,Under,underdog,-110,4.08,0.5452,False,no_outcome_for_selection,,,,,,,,,,False
2026-09-28T02:14:26Z,32649,player_receptions,Roman Wilson,2.5,Over,kalshi,133,3.1,0.4425,True,,133,2.5,0.437339,pinnacle,0.0,1.8999,False,won,3.0,True
2026-09-28T02:14:26Z,32649,player_pass_yds,Aaron Rodgers,224.5,Over,kalshi,108,4.0,0.5,True,,108,224.5,0.5,pinnacle,0.0,4.0,False,won,292.0,True
2026-09-28T02:14:26Z,32649,player_reception_yds,Mike Gesicki,23.5,Over,underdog,-112,3.2,0.5452,False,no_outcome_for_selection,,,,,,,,,,False
2026-09-28T02:14:26Z,32649,player_receptions,Chase Brown,3.5,Over,kalshi,113,3.27,0.4848,True,,113,3.5,0.472096,pinnacle,0.0,0.5564,False,lost,2.0,True
2026-09-28T02:14:26Z,32649,player_receptions,Drew Sample,1.5,Over,kalshi,170,3.44,0.3831,True,,170,1.5,0.383121,pinnacle,0.0,3.4427,False,lost,1.0,True
2026-09-28T02:14:26Z,32651,player_reception_yds,Jakobi Meyers,34.5,Over,kalshi,108,4.0,0.5,True,,-100,34.5,0.506496,pinnacle,4.0,5.3512,True,won,64.0,True
2026-09-28T02:14:26Z,32651,player_receptions,Parker Washington,4.5,Under,kalshi,150,5.13,0.4205,True,,156,4.5,0.368727,pinnacle,-2.3438,-7.8183,False,won,3.0,True
2026-09-28T02:14:26Z,32651,player_receptions,Brian Thomas Jr.,2.5,Under,hardrock,135,4.12,0.4431,True,,110,2.5,0.45166,kalshi,11.9048,6.1402,True,won,1.0,True
2026-09-28T02:14:26Z,32651,player_reception_yds,Bhayshul Tuten,9.5,Under,kalshi,104,4.89,0.5142,True,,-100,9.5,0.461666,pinnacle,2.0,-5.8202,True,lost,17.0,True
2026-09-28T02:14:26Z,32651,player_reception_yds,Bhayshul Tuten,9.5,Over,underdog,-112,3.72,0.5479,False,no_outcome_for_selection,,,,,,,,,,False
2026-09-28T02:14:26Z,32651,player_reception_yds,Bhayshul Tuten,9.5,Over,fanduel,-113,3.29,0.5479,False,no_outcome_for_selection,,,,,,,,,,False
2026-09-28T02:14:26Z,32651,player_reception_yds,Bhayshul Tuten,9.5,Over,kalshi,-104,7.48,0.5479,True,,-104,9.5,0.538334,pinnacle,0.0,5.5964,False,won,17.0,True
2026-09-28T02:14:26Z,32651,player_receptions,Jakobi Meyers,3.5,Over,kalshi,122,4.81,0.4721,True,,117,3.5,0.472999,pinnacle,2.3041,5.0057,True,won,7.0,True
2026-09-28T02:14:26Z,32651,player_pass_tds,Drake Maye,1.5,Over,kalshi,156,3.53,0.4044,True,,150,1.5,0.404403,pinnacle,2.4,3.5271,True,lost,0.0,True
2026-09-28T02:14:26Z,32651,player_receptions,Kyle Williams,0.5,Under,kalshi,156,4.89,0.4097,True,,156,0.5,0.409721,pinnacle,0.0,4.8885,False,lost,1.0,True
2026-09-28T02:14:26Z,32656,player_receptions,Adonai Mitchell,3.5,Over,draftkings,-111,3.01,0.5419,True,,-113,3.5,0.463716,pinnacle,0.8459,-11.8521,True,void,,True
2026-09-28T02:14:26Z,32656,player_receptions,Amon-Ra St. Brown,7.5,Under,draftkings,-136,3.01,0.5936,False,no_outcome_for_selection,,,,,,,,,,False
2026-09-28T02:14:26Z,32656,player_receptions,Breece Hall,3.5,Over,kalshi,144,3.59,0.4245,True,,138,3.5,0.420822,pinnacle,2.521,2.6807,True,lost,3.0,True
2026-09-28T02:14:26Z,32656,player_receptions,Garrett Wilson,5.5,Under,bovada,-105,5.02,0.5379,False,no_outcome_for_selection,,,,,,,,,,False
2026-09-28T02:14:26Z,32656,player_receptions,Garrett Wilson,5.5,Under,draftkings,-105,5.02,0.5379,False,no_outcome_for_selection,,,,,,,,,,False
2026-09-28T02:14:26Z,32656,player_receptions,Garrett Wilson,5.5,Under,kalshi,-108,3.45,0.5371,True,,156,5.5,0.386606,kalshi,-24.7685,-25.5426,False,lost,10.0,True
2026-09-28T02:14:26Z,32656,player_receptions,Adonai Mitchell,3.5,Under,kalshi,104,4.06,0.5101,True,,-117,3.5,0.536284,pinnacle,9.9908,9.4019,True,void,,True
2026-09-28T02:14:26Z,32656,player_receptions,Sam LaPorta,4.5,Over,kalshi,104,5.3,0.5162,True,,-100,4.5,0.516161,pinnacle,2.0,5.2968,True,lost,3.0,True
2026-09-28T02:14:26Z,32656,player_reception_yds,Isaiah Williams,24.5,Over,kalshi,104,5.49,0.5171,True,,-178,24.5,0.633535,kalshi,30.6187,29.2412,True,lost,21.0,True
2026-09-28T02:14:26Z,32656,player_receptions,Garrett Wilson,5.5,Over,underdog,-105,4.32,0.5343,False,no_outcome_for_selection,,,,,,,,,,False
2026-09-28T02:14:26Z,32656,player_receptions,Jahmyr Gibbs,4.5,Over,kalshi,122,3.87,0.4679,True,,122,4.5,0.46787,pinnacle,0.0,3.8672,False,won,7.0,True
2026-09-28T02:14:26Z,32656,player_rush_yds,Breece Hall,39.5,Under,hardrock,225,7.31,0.3302,True,,250,39.5,0.27452,kalshi,-7.1429,-10.7811,False,won,32.0,True
2026-09-28T02:14:26Z,32656,player_receptions,Adonai Mitchell,3.5,Under,draftkings,106,5.09,0.5101,True,,-113,3.5,0.536284,pinnacle,9.2864,10.4745,True,void,,True
2026-09-28T02:14:26Z,32656,player_receptions,Adonai Mitchell,3.5,Under,bovada,105,4.57,0.5101,True,,-115,3.5,0.5,bovada,9.6512,2.5,True,void,,True
2026-09-28T02:14:26Z,32656,player_receptions,Isaiah Williams,2.5,Over,underdog,-105,4.36,0.5345,False,no_outcome_for_selection,,,,,,,,,,False
2026-09-28T02:14:26Z,32656,player_receptions,Garrett Wilson,6.5,Under,bovada,-120,3.48,0.5644,True,,105,6.5,0.459209,bovada,-10.5691,-15.8118,False,lost,10.0,True
2026-09-28T02:14:26Z,32656,player_pass_tds,Jared Goff,1.5,Under,kalshi,178,4.85,0.3771,True,,186,1.5,0.377141,pinnacle,-2.7972,4.8452,False,lost,2.0,True
2026-09-28T02:14:26Z,32656,player_reception_yds,Jeremy Ruckert,8.5,Over,underdog,-108,5.38,0.5472,False,no_outcome_for_selection,,,,,,,,,,False
2026-09-28T02:14:26Z,32656,player_reception_yds,Jeremy Ruckert,8.5,Over,draftkings,-110,4.46,0.5472,False,no_outcome_for_selection,,,,,,,,,,False
2026-09-28T02:14:26Z,32656,player_reception_yds,Jeremy Ruckert,8.5,Over,fanduel,-113,3.14,0.5472,False,no_outcome_for_selection,,,,,,,,,,False
2026-09-28T02:14:26Z,32656,player_receptions,Amon-Ra St. Brown,7.5,Over,kalshi,144,6.44,0.4362,True,,144,7.5,0.408119,pinnacle,0.0,-0.419,False,lost,4.0,True
2026-09-28T02:14:26Z,32656,player_receptions,Garrett Wilson,6.5,Over,kalshi,113,5.12,0.4935,True,,113,6.5,0.493504,pinnacle,0.0,5.1163,False,won,10.0,True
2026-09-28T02:14:26Z,32656,player_receptions,Kenyon Sadiq,2.5,Under,hardrock,160,3.4,0.3977,True,,165,2.5,0.38172,pinnacle,-1.8868,-0.7527,False,lost,7.0,True
2026-09-28T02:14:26Z,32656,player_rush_yds,Jahmyr Gibbs,69.5,Under,bovada,250,13.2,0.3234,True,,250,69.5,0.267442,bovada,0.0,-6.3953,False,lost,99.0,True
2026-09-28T02:14:26Z,32654,player_receptions,Dalton Schultz,5.5,Under,bovada,-120,6.47,0.5808,False,no_outcome_for_selection,,,,,,,,,,False
2026-09-28T02:14:26Z,32654,player_receptions,Dalton Schultz,5.5,Under,draftkings,-120,4.55,0.5703,False,no_outcome_for_selection,,,,,,,,,,False
2026-09-28T02:14:26Z,32654,player_receptions,Josh Downs,5.5,Over,hardrock,145,4.08,0.4248,True,,130,5.5,0.38287,kalshi,6.5217,-6.1968,True,lost,5.0,True
2026-09-28T02:14:26Z,32654,player_receptions,Jaylin Noel,2.5,Over,bovada,120,3.81,0.4718,True,,110,2.5,0.44586,bovada,4.7619,-1.9108,True,lost,2.0,True
2026-09-28T02:14:26Z,32654,player_receptions,Jaylin Noel,2.5,Over,kalshi,127,5.24,0.4636,True,,127,2.5,0.46787,pinnacle,0.0,6.2065,False,lost,2.0,True
2026-09-28T02:14:26Z,32654,player_receptions,Tyler Warren,4.5,Over,kalshi,-113,3.38,0.5485,True,,-108,4.5,0.53213,pinnacle,-2.1273,0.3041,False,won,9.0,True
2026-09-28T02:14:26Z,32654,player_receptions,Jaylin Noel,2.5,Over,draftkings,123,3.57,0.4645,True,,113,2.5,0.46787,pinnacle,4.6948,4.335,True,lost,2.0,True
2026-09-28T02:14:26Z,32654,player_receptions,Jonathan Taylor,2.5,Under,kalshi,144,3.66,0.4248,True,,133,2.5,0.424242,pinnacle,4.721,3.5152,True,won,2.0,True
2026-09-28T02:14:26Z,32654,player_field_goals_made,Ka'imi Fairbairn,1.5,Under,hardrock,130,3.42,0.4496,True,,130,1.5,0.416849,pinnacle,0.0,-4.1247,False,won,1.0,True
2026-09-28T02:14:26Z,32654,player_receptions,Xavier Hutchinson,3.5,Over,draftkings,121,3.19,0.4669,False,no_outcome_for_selection,,,,,,,,,,False
2026-09-28T02:14:26Z,32654,player_receptions,Dalton Schultz,5.5,Under,kalshi,-122,3.77,0.5703,True,,-138,5.5,0.566291,pinnacle,5.5104,3.0463,True,won,3.0,True
2026-09-28T02:14:26Z,32654,player_receptions,Jared Wayne,1.5,Under,kalshi,-122,3.65,0.5696,True,,-117,1.5,0.551824,pinnacle,-1.8886,0.4139,False,won,1.0,True
2026-09-28T02:14:26Z,32654,player_receptions,Woody Marks,1.5,Under,draftkings,136,3.42,0.4382,False,no_outcome_for_selection,,,,,,,,,,False
2026-09-28T02:14:26Z,32654,player_receptions,Darius Slayton,1.5,Over,kalshi,194,8.24,0.3682,True,,257,1.5,0.285039,pinnacle,-17.6471,-16.1985,False,void,,True
2026-09-28T02:14:26Z,32654,player_reception_yds,Dalton Schultz,49.5,Under,kalshi,108,3.56,0.4979,True,,108,49.5,0.489166,pinnacle,0.0,1.7465,False,won,30.0,True
2026-09-28T02:14:26Z,32654,player_receptions,Laquon Treadwell,1.5,Over,kalshi,138,3.86,0.4364,True,,104,1.5,0.49567,pinnacle,16.6667,17.9695,True,lost,1.0,True
2026-09-28T02:14:26Z,32654,player_receptions,Keenan Allen,3.5,Over,kalshi,108,4.0,0.5,True,,108,3.5,0.5,pinnacle,0.0,4.0,False,won,6.0,True
2026-09-28T02:14:26Z,32654,player_receptions,Laquon Treadwell,1.5,Over,bovada,115,7.03,0.4978,True,,-125,1.5,0.520305,bovada,19.4444,11.8655,True,lost,1.0,True
2026-09-28T02:14:26Z,32654,player_rush_yds,Woody Marks,19.5,Under,bovada,225,6.14,0.3266,True,,225,19.5,0.289242,bovada,0.0,-5.9965,False,won,15.0,True
2026-09-28T02:14:26Z,32654,player_rush_yds,Woody Marks,24.5,Under,bovada,140,4.54,0.4356,True,,140,24.5,0.390947,bovada,0.0,-6.1728,False,won,15.0,True
2026-09-28T02:14:26Z,32650,player_pass_completions,Malik Willis,16.5,Under,draftkings,101,3.13,0.5131,False,no_outcome_for_selection,,,,,,,,,,False
2026-09-28T02:14:26Z,32650,player_receptions,Travis Kelce,4.5,Over,kalshi,117,3.06,0.4749,True,,104,4.5,0.475151,pinnacle,6.3725,3.1077,True,lost,2.0,True
2026-09-28T02:14:26Z,32650,player_receptions,De'Von Achane,2.5,Under,hardrock,220,3.63,0.3239,True,,225,2.5,0.297196,kalshi,-1.5385,-4.8973,False,won,0.0,True
2026-09-28T02:14:26Z,32650,player_receptions,Chris Bell,1.5,Over,draftkings,-109,3.9,0.5419,False,no_outcome_for_selection,,,,,,,,,,False
2026-09-28T02:14:26Z,32650,player_receptions,Chris Bell,1.5,Over,bovada,-110,3.45,0.5419,False,no_outcome_for_selection,,,,,,,,,,False
2026-09-28T02:14:26Z,32650,player_receptions,Emmett Johnson,1.5,Over,kalshi,113,6.5,0.5,True,,113,1.5,0.5,pinnacle,0.0,6.5,False,void,,True
2026-09-28T02:14:26Z,32650,player_receptions,Emmett Johnson,1.5,Over,bovada,110,5.0,0.5,False,no_outcome_for_selection,,,,,,,,,,False
2026-09-28T02:14:26Z,32650,player_receptions,Emmett Johnson,1.5,Over,draftkings,108,4.0,0.5,False,no_outcome_for_selection,,,,,,,,,,False
2026-09-28T02:14:26Z,32650,player_rush_attempts,De'Von Achane,15.5,Under,draftkings,-101,3.47,0.5199,True,,-117,15.5,0.518328,pinnacle,7.3003,3.1525,True,won,3.0,True
2026-09-28T02:14:26Z,32650,player_receptions,Xavier Worthy,3.5,Over,kalshi,108,5.8,0.5087,True,,108,3.5,0.486993,pinnacle,0.0,1.2945,False,lost,2.0,True
2026-09-28T02:14:26Z,32653,player_receptions,Carnell Tate,3.5,Over,bovada,130,4.47,0.4542,False,no_outcome_for_selection,,,,,,,,,,False
2026-09-28T02:14:26Z,32653,player_receptions,Carnell Tate,3.5,Over,draftkings,129,4.01,0.4542,False,no_outcome_for_selection,,,,,,,,,,False
2026-09-28T02:14:26Z,32653,player_receptions,Darnell Mooney,1.5,Over,draftkings,130,7.58,0.4677,False,no_outcome_for_selection,,,,,,,,,,False
2026-09-28T02:14:26Z,32653,player_receptions,Darnell Mooney,1.5,Over,bovada,130,7.58,0.4677,False,no_outcome_for_selection,,,,,,,,,,False
2026-09-28T02:14:26Z,32653,player_receptions,Darnell Mooney,1.5,Over,kalshi,122,3.84,0.4677,True,,117,1.5,0.46787,pinnacle,2.3041,3.8672,True,won,2.0,True
2026-09-28T02:14:26Z,32653,player_receptions,Malachi Fields,2.5,Over,kalshi,170,7.79,0.3992,True,,170,2.5,0.396201,pinnacle,0.0,6.9743,False,lost,2.0,True
2026-09-28T02:14:26Z,32653,player_receptions,Malik Nabers,4.5,Under,underdog,-104,3.03,0.5253,False,no_outcome_for_selection,,,,,,,,,,False
2026-09-28T02:14:26Z,32653,player_receptions,Gunnar Helm,2.5,Over,kalshi,-104,3.41,0.5272,True,,-108,2.5,0.510834,pinnacle,1.8491,0.2021,True,lost,2.0,True
2026-09-28T02:14:26Z,32653,player_receptions,Darnell Mooney,1.5,Under,bovada,-105,3.52,0.5302,False,no_outcome_for_selection,,,,,,,,,,False
2026-09-28T02:14:26Z,32653,player_receptions,Tony Pollard,1.5,Over,fanduel,144,3.66,0.4248,True,,144,1.5,0.411335,pinnacle,0.0,0.3656,False,won,4.0,True
2026-09-28T02:14:26Z,32653,player_receptions,Tony Pollard,1.5,Over,kalshi,150,3.48,0.4139,True,,144,1.5,0.411335,pinnacle,2.459,2.8336,True,won,4.0,True
2026-09-28T02:14:26Z,32653,player_pass_yds,Cam Ward,187.5,Under,underdog,-112,4.3,0.551,False,no_outcome_for_selection,,,,,,,,,,False
2026-09-28T02:14:26Z,32653,player_pass_yds,Cam Ward,187.5,Under,fanduel,-114,3.43,0.551,False,no_outcome_for_selection,,,,,,,,,,False
2026-09-28T02:14:26Z,32653,player_receptions,Wan'Dale Robinson,3.5,Over,kalshi,117,3.52,0.477,True,,108,3.5,0.477322,pinnacle,4.3269,3.5788,True,won,7.0,True
2026-09-28T02:14:26Z,32653,player_pass_attempts,Jameis Winston,30.5,Under,draftkings,-117,4.19,0.5618,False,no_outcome_for_selection,,,,,,,,,,False
2026-09-28T02:14:26Z,32653,player_field_goals_made,Dominic Zvada,1.5,Over,underdog,-110,7.94,0.5654,False,no_outcome_for_selection,,,,,,,,,,False
2026-09-28T02:14:26Z,32653,player_field_goals_made,Dominic Zvada,1.5,Over,draftkings,-112,7.02,0.5654,True,,-112,1.5,0.522678,pinnacle,0.0,-1.0645,False,won,4.0,True
2026-09-28T02:14:26Z,32653,player_reception_yds,Calvin Ridley,14.5,Over,kalshi,108,3.12,0.4958,True,,108,14.5,0.475404,kalshi,0.0,-1.116,False,lost,0.0,True
2026-09-28T02:14:26Z,32653,player_receptions,Calvin Ridley,1.5,Over,kalshi,138,5.14,0.4417,True,,138,1.5,0.441748,pinnacle,0.0,5.136,False,lost,0.0,True
2026-09-28T02:14:26Z,32653,player_receptions,Malik Nabers,4.5,Over,kalshi,117,3.06,0.4749,True,,108,4.5,0.460829,pinnacle,4.3269,0.0,True,won,5.0,True
2026-09-28T02:14:26Z,32653,player_receptions,Devin Singletary,1.5,Over,kalshi,127,3.06,0.454,True,,127,1.5,0.454016,pinnacle,0.0,3.0617,False,void,,True
2026-09-28T02:14:26Z,32653,player_receptions,Isaiah Likely,4.5,Under,draftkings,-157,3.71,0.6335,False,no_outcome_for_selection,,,,,,,,,,False
2026-09-28T02:14:26Z,32653,player_receptions,Tony Pollard,1.5,Over,draftkings,154,4.21,0.4103,False,no_outcome_for_selection,,,,,,,,,,False
2026-09-28T02:14:26Z,32653,player_rush_attempts,Cam Skattebo,15.5,Under,hardrock,115,5.17,0.4892,False,no_outcome_for_selection,,,,,,,,,,False
2026-09-28T02:14:26Z,32653,player_rush_yds,Najee Harris,20.5,Under,fanatics,105,6.7,0.5205,False,no_outcome_for_selection,,,,,,,,,,False
2026-09-28T02:14:26Z,32653,player_rush_yds,Tony Pollard,59.5,Over,kalshi,113,4.19,0.4892,True,,113,59.5,0.489166,pinnacle,0.0,4.1923,False,won,74.0,True
2026-09-28T02:14:26Z,32652,player_rush_yds,Jacory Croskey-Merritt,39.5,Over,kalshi,108,6.19,0.5105,True,,108,39.5,0.475404,kalshi,0.0,-1.116,False,lost,36.0,True
2026-09-28T02:14:26Z,32652,player_receptions,Cooper Kupp,2.5,Over,kalshi,156,6.76,0.417,True,,170,2.5,0.368324,pinnacle,-5.1852,-5.709,False,won,4.0,True
2026-09-28T02:14:26Z,32652,player_receptions,Terry McLaurin,3.5,Over,kalshi,122,3.87,0.4679,True,,117,3.5,0.46787,pinnacle,2.3041,3.8672,True,won,6.0,True
2026-09-28T02:14:26Z,32652,player_receptions,AJ Barner,2.5,Under,fanduel,-104,4.64,0.5335,True,,-114,2.5,0.538334,pinnacle,4.4932,5.5964,True,lost,5.0,True
2026-09-28T02:14:26Z,32652,player_receptions,Stefon Diggs,3.5,Over,kalshi,-127,3.57,0.5795,True,,-127,3.5,0.556377,pinnacle,0.0,-0.5531,False,won,4.0,True
2026-09-28T02:14:26Z,32652,player_field_goals_made,Jason Myers,1.5,Under,hardrock,130,6.64,0.4636,True,,115,1.5,0.456801,pinnacle,6.9767,5.0642,True,won,1.0,True
2026-09-28T02:14:26Z,32652,player_pass_tds,Marcus Mariota,0.5,Over,kalshi,-150,4.3,0.6258,True,,-150,0.5,0.61642,pinnacle,0.0,2.7367,False,won,3.0,True
2026-09-28T02:14:26Z,32652,player_pass_attempts,Marcus Mariota,29.5,Under,underdog,-102,3.08,0.5205,False,no_outcome_for_selection,,,,,,,,,,False
2026-09-28T02:14:26Z,32652,player_reception_yds,Elijah Arroyo,4.5,Over,kalshi,-100,3.04,0.5152,True,,-100,4.5,0.515184,pinnacle,0.0,3.0367,False,void,,True
2026-09-28T02:14:26Z,32657,player_receptions,Tetairoa McMillan,4.5,Over,underdog,-102,5.57,0.5331,False,no_outcome_for_selection,,,,,,,,,,False
2026-09-28T02:14:26Z,32657,player_rush_attempts,Chuba Hubbard,17.5,Over,draftkings,-103,3.93,0.5273,False,no_outcome_for_selection,,,,,,,,,,False
2026-09-28T02:14:26Z,32657,player_reception_yds,Chuba Hubbard,15.5,Over,fanduel,108,3.16,0.496,False,no_outcome_for_selection,,,,,,,,,,False
2026-09-28T02:14:26Z,32657,player_receptions,Darren Waller,2.5,Over,kalshi,133,3.72,0.4452,True,,133,2.5,0.431916,pinnacle,0.0,0.6365,False,won,5.0,True
2026-09-28T02:14:26Z,32657,player_rush_attempts,Chuba Hubbard,17.5,Under,draftkings,102,3.04,0.5101,False,no_outcome_for_selection,,,,,,,,,,False
2026-09-28T02:14:26Z,32657,player_receptions,Tetairoa McMillan,4.5,Under,bovada,110,4.56,0.4979,False,no_outcome_for_selection,,,,,,,,,,False
2026-09-28T02:14:26Z,32657,player_receptions,Denzel Boston,3.5,Under,bovada,105,5.41,0.5142,False,no_outcome_for_selection,,,,,,,,,,False
2026-09-28T02:14:26Z,32657,player_receptions,Tetairoa McMillan,4.5,Under,kalshi,108,3.58,0.498,True,,113,4.5,0.470865,pinnacle,-2.3474,-2.06,False,won,2.0,True
2026-09-28T02:14:26Z,32657,player_receptions,Tommy Tremble,1.5,Over,kalshi,-108,4.47,0.5424,True,,-108,1.5,0.53213,pinnacle,0.0,2.4843,False,won,3.0,True
2026-09-28T02:14:26Z,32657,player_reception_yds,Xavier Legette,14.5,Over,kalshi,108,4.0,0.5,True,,108,14.5,0.5,pinnacle,0.0,4.0,False,void,,True
2026-09-28T02:14:26Z,32657,player_receptions,Harold Fannin Jr.,3.5,Over,kalshi,-122,4.29,0.5731,True,,-108,3.5,0.53213,pinnacle,-5.517,-3.1698,False,won,7.0,True
2026-09-28T02:14:26Z,32657,player_receptions,Jerry Jeudy,1.5,Under,kalshi,122,3.4,0.4658,True,,122,1.5,0.460829,pinnacle,0.0,2.3041,False,void,,True
2026-09-28T02:14:26Z,32657,player_receptions,Xavier Legette,1.5,Over,kalshi,127,3.87,0.4576,True,,138,1.5,0.428372,pinnacle,-4.6218,-2.7595,False,void,,True
2026-09-28T02:14:26Z,32657,player_reception_longest,Tommy Tremble,7.5,Over,draftkings,-106,3.12,0.5306,True,,-106,7.5,0.483561,draftkings,0.0,-6.025,False,won,17.0,True
2026-09-28T02:14:26Z,32657,player_receptions,Raheim Sanders,0.5,Under,draftkings,137,8.93,0.4596,False,no_outcome_for_selection,,,,,,,,,,False
2026-09-28T02:14:26Z,32657,player_receptions,Raheim Sanders,0.5,Under,bovada,130,5.72,0.4596,True,,135,0.5,0.398293,bovada,-2.1277,-8.3926,False,lost,4.0,True
2026-09-28T02:14:26Z,32657,player_receptions,Raheim Sanders,0.5,Under,kalshi,127,4.34,0.4596,True,,122,0.5,0.420203,pinnacle,2.2523,-4.614,True,lost,4.0,True
2026-09-28T02:14:26Z,32659,player_pass_completions,Jacoby Brissett,21.5,Over,underdog,-103,4.09,0.5282,False,no_outcome_for_selection,,,,,,,,,,False
2026-09-28T02:14:26Z,32659,player_receptions,George Kittle,3.5,Over,kalshi,-144,3.47,0.6106,True,,-156,3.5,0.611667,pinnacle,3.2552,3.6435,True,won,6.0,True
2026-09-28T02:14:26Z,32659,player_receptions,Kendrick Bourne,2.5,Under,kalshi,-100,4.84,0.5242,True,,-108,2.5,0.524849,pinnacle,3.8462,4.9698,True,won,2.0,True
2026-09-28T02:14:26Z,32659,player_receptions,Trey McBride,7.5,Under,bovada,-135,3.43,0.5942,False,no_outcome_for_selection,,,,,,,,,,False
2026-09-28T02:14:26Z,32659,player_rush_yds,Tyler Allgeier,24.5,Under,bovada,185,4.44,0.3665,True,,185,24.5,0.329412,bovada,0.0,-6.1176,False,won,-1.0,True
2026-09-28T02:14:26Z,32659,player_receptions,Trey McBride,7.5,Over,kalshi,144,7.96,0.4425,True,,127,7.5,0.446261,pinnacle,7.489,8.8877,True,won,9.0,True
2026-09-28T02:14:26Z,32658,player_receptions,Emeka Egbuka,3.5,Under,draftkings,130,6.7,0.4639,False,no_outcome_for_selection,,,,,,,,,,False
2026-09-28T02:14:26Z,32658,player_receptions,Emeka Egbuka,3.5,Under,bovada,130,6.7,0.4639,False,no_outcome_for_selection,,,,,,,,,,False
2026-09-28T02:14:26Z,32658,player_receptions,Emeka Egbuka,3.5,Under,hardrock,130,6.7,0.4639,True,,135,3.5,0.405844,kalshi,-2.1277,-6.6558,False,lost,5.0,True
2026-09-28T02:14:26Z,32658,player_receptions,Emeka Egbuka,4.5,Over,kalshi,144,4.43,0.428,True,,150,4.5,0.427716,pinnacle,-2.4,4.3627,False,won,5.0,True
2026-09-28T02:14:26Z,32658,player_receptions,Cade Otton,3.5,Over,kalshi,144,4.52,0.4284,True,,144,3.5,0.39823,pinnacle,0.0,-2.8319,False,lost,3.0,True
2026-09-28T02:14:26Z,32658,player_receptions,Justin Jefferson,5.5,Under,bovada,120,3.18,0.469,False,no_outcome_for_selection,,,,,,,,,,False
2026-09-28T02:14:26Z,32658,player_receptions,Kenneth Gainwell,1.5,Under,bovada,145,4.01,0.4245,False,no_outcome_for_selection,,,,,,,,,,False
2026-09-28T02:14:26Z,32658,player_receptions,Kenneth Gainwell,1.5,Under,draftkings,143,3.16,0.4245,False,no_outcome_for_selection,,,,,,,,,,False
2026-09-28T02:14:26Z,32658,player_receptions,T.J. Hockenson,3.5,Under,bovada,105,4.57,0.5101,False,no_outcome_for_selection,,,,,,,,,,False
2026-09-28T02:14:26Z,32658,player_receptions,T.J. Hockenson,3.5,Under,draftkings,103,3.55,0.5101,False,no_outcome_for_selection,,,,,,,,,,False
2026-09-28T02:14:26Z,32658,player_receptions,T.J. Hockenson,3.5,Over,kalshi,108,4.9,0.5043,True,,108,3.5,0.50433,pinnacle,0.0,4.9006,False,lost,2.0,True
2026-09-28T02:14:26Z,32658,player_receptions,Bucky Irving,2.5,Over,kalshi,-117,4.86,0.5654,True,,-127,2.5,0.561957,pinnacle,3.7652,4.2262,True,lost,2.0,True
2026-09-28T02:14:26Z,32658,player_receptions,Jalen McMillan,1.5,Over,kalshi,150,5.63,0.4225,True,,156,1.5,0.422526,pinnacle,-2.3438,5.6315,False,lost,0.0,True
2026-09-28T02:14:26Z,32658,player_receptions,Josh Oliver,1.5,Under,kalshi,-144,3.14,0.6087,True,,-144,1.5,0.584808,pinnacle,0.0,-0.9074,False,void,,True
2026-09-28T02:14:26Z,32658,player_rush_longest,Aaron Jones,13.5,Under,underdog,-102,5.08,0.5306,False,no_outcome_for_selection,,,,,,,,,,False
2026-09-28T02:14:26Z,32658,player_field_goals_made,Will Reichard,1.5,Under,hardrock,100,6.86,0.5343,True,,110,1.5,0.50433,pinnacle,-4.7619,0.866,False,lost,3.0,True
2026-09-28T02:14:26Z,32658,player_field_goals_made,Will Reichard,1.5,Under,underdog,-102,5.82,0.5343,True,,-103,1.5,0.50433,pinnacle,0.483,-0.1229,True,lost,3.0,True
2026-09-28T02:14:26Z,32658,player_field_goals_made,Will Reichard,1.5,Under,draftkings,-103,5.31,0.5343,True,,-107,1.5,0.50433,pinnacle,1.8761,-0.603,True,lost,3.0,True
2026-09-28T02:14:26Z,32658,player_field_goals_made,Chase McLaughlin,1.5,Under,hardrock,110,4.09,0.4957,False,no_outcome_for_selection,,,,,,,,,,False
2026-09-28T02:14:26Z,32658,player_pass_yds,Kyler Murray,174.5,Under,hardrock,230,7.77,0.3266,True,,240,174.5,0.297196,kalshi,-2.9412,-1.9253,False,won,168.0,True
2026-09-28T02:14:26Z,32658,player_rush_yds,Baker Mayfield,19.5,Under,fanduel,-113,4.42,0.554,False,no_outcome_for_selection,,,,,,,,,,False
2026-09-28T02:14:26Z,23215,player_reception_yds,George Pickens,59.5,Under,kalshi,108,4.42,0.502,True,,122,59.5,0.446025,kalshi,-6.3063,-7.2268,False,lost,82.0,True
2026-09-28T02:14:26Z,23215,player_receptions,Javonte Williams,2.5,Under,draftkings,119,3.74,0.4737,True,,112,2.5,0.465784,pinnacle,3.3019,2.0068,True,won,2.0,True
2026-09-28T02:14:26Z,23215,player_receptions,Javonte Williams,2.5,Under,hardrock,120,3.36,0.4698,True,,105,2.5,0.465784,pinnacle,7.3171,2.4726,True,won,2.0,True
2026-09-28T02:14:26Z,23215,player_receptions,Javonte Williams,2.5,Under,bovada,120,4.21,0.4737,False,no_outcome_for_selection,,,,,,,,,,False
2026-09-28T02:14:26Z,23215,player_receptions,Javonte Williams,2.5,Under,kalshi,122,4.49,0.4707,True,,-100,2.5,0.465784,pinnacle,11.0,3.4041,True,won,2.0,True
2026-09-28T02:14:26Z,23215,player_rush_attempts,Derrick Henry,18.5,Under,draftkings,-108,3.45,0.5371,False,no_outcome_for_selection,,,,,,,,,,False
2026-09-28T02:14:26Z,23215,player_pass_tds,Lamar Jackson,1.5,Under,kalshi,127,3.24,0.4548,True,,127,1.5,0.454812,pinnacle,0.0,3.2422,False,lost,2.0,True
2026-09-28T02:14:26Z,23215,player_rush_yds,Lamar Jackson,38.5,Over,fanduel,-114,3.67,0.5523,False,no_outcome_for_selection,,,,,,,,,,False
2026-09-28T02:14:26Z,23215,player_receptions,CeeDee Lamb,6.5,Over,kalshi,108,3.55,0.4978,True,,108,6.5,0.497835,pinnacle,0.0,3.5498,False,won,7.0,True
2026-09-28T02:14:26Z,23215,player_receptions,LaJohntay Wester,1.5,Over,kalshi,-122,3.97,0.5714,True,,144,1.5,0.545188,pinnacle,-25.4233,-0.7936,False,void,,True
2026-09-28T02:14:26Z,23215,player_receptions,Ryan Flournoy,3.5,Over,kalshi,138,3.22,0.4337,True,,133,3.5,0.433709,pinnacle,2.1459,3.2228,True,lost,2.0,True
2026-09-28T02:14:26Z,23215,player_receptions,Ryan Flournoy,3.5,Over,draftkings,136,3.02,0.4365,False,no_outcome_for_selection,,,,,,,,,,False
2026-09-28T02:14:26Z,23215,player_reception_yds,Javonte Williams,16.5,Under,draftkings,-108,3.3,0.5364,False,no_outcome_for_selection,,,,,,,,,,False
2026-09-28T02:14:26Z,23215,player_reception_yds,Mark Andrews,24.5,Under,hardrock,240,4.29,0.3067,True,,260,24.5,0.287058,kalshi,-5.5556,-2.4002,False,won,24.0,True
2026-09-28T02:14:26Z,23215,player_pass_yds,Lamar Jackson,199.5,Under,hardrock,240,4.29,0.3067,True,,250,199.5,0.287058,kalshi,-2.8571,-2.4002,False,won,186.0,True
2026-09-28T02:14:26Z,23215,player_rush_attempts,Dak Prescott,3.5,Over,draftkings,128,7.52,0.4716,False,no_outcome_for_selection,,,,,,,,,,False
2026-09-28T02:14:26Z,23215,player_pass_tds,Dak Prescott,1.5,Under,bovada,130,3.27,0.449,False,no_outcome_for_selection,,,,,,,,,,False
2026-09-28T02:14:26Z,23215,player_receptions,George Pickens,5.5,Over,kalshi,138,5.14,0.4417,True,,133,5.5,0.441748,pinnacle,2.1459,5.136,True,won,7.0,True
2026-09-28T02:14:26Z,23215,player_receptions,Jake Ferguson,3.5,Over,kalshi,-100,3.23,0.5162,True,,-100,3.5,0.516161,pinnacle,0.0,3.2322,False,lost,3.0,True
2026-09-28T02:14:26Z,23215,player_receptions,Justice Hill,2.5,Over,kalshi,170,5.13,0.3894,True,,163,2.5,0.389784,pinnacle,2.6616,5.2417,True,void,,True
2026-09-28T02:14:26Z,23215,player_receptions,Mark Andrews,4.5,Over,kalshi,133,5.97,0.4548,True,,127,4.5,0.431916,pinnacle,2.6432,0.6365,True,lost,3.0,True
2026-09-28T02:14:26Z,23215,player_receptions,Rashod Bateman,3.5,Over,bovada,105,7.59,0.5248,False,no_outcome_for_selection,,,,,,,,,,False
2026-09-28T02:14:26Z,23215,player_receptions,Rashod Bateman,3.5,Over,kalshi,104,7.07,0.5248,True,,144,3.5,0.418519,pinnacle,-16.3934,-14.622,False,lost,2.0,True
2026-09-28T02:14:26Z,23215,player_receptions,Rashod Bateman,3.5,Over,draftkings,-101,4.45,0.5248,False,no_outcome_for_selection,,,,,,,,,,False
2026-09-28T02:14:26Z,32660,player_rush_longest,Tyler Shough,8.5,Over,underdog,-102,3.04,0.5203,False,no_outcome_for_selection,,,,,,,,,,False
2026-09-28T02:14:26Z,32660,player_receptions,Ashton Jeanty,2.5,Under,hardrock,250,19.86,0.3425,True,,250,2.5,0.277382,kalshi,0.0,-2.9163,False,lost,3.0,True
2026-09-28T02:14:26Z,32660,player_receptions,Tre Tucker,3.5,Under,fanduel,-102,3.57,0.523,True,,-154,3.5,0.562661,pinnacle,20.071,11.429,True,lost,4.0,True
2026-09-28T02:14:26Z,32660,player_rush_yds,Ashton Jeanty,49.5,Under,hardrock,220,13.3,0.3541,True,,225,49.5,0.291545,kalshi,-1.5385,-6.7055,False,lost,56.0,True
2026-09-28T02:14:26Z,32660,player_receptions,Travis Etienne Jr.,1.5,Over,kalshi,-122,3.33,0.5678,True,,-127,1.5,0.568084,pinnacle,1.8054,3.3726,True,won,2.0,True
2026-09-28T02:14:26Z,32660,player_reception_yds,Chris Olave,49.5,Under,hardrock,260,15.63,0.3212,True,,260,49.5,0.257235,kalshi,0.0,-7.3955,False,lost,107.0,True
2026-09-28T02:14:26Z,32660,player_receptions,Alvin Kamara,2.5,Under,hardrock,130,11.72,0.4857,True,,-110,2.5,0.493504,pinnacle,20.4762,13.5059,True,won,1.0,True
2026-09-28T02:14:26Z,32660,player_receptions,Alvin Kamara,3.5,Over,kalshi,194,6.3,0.3616,True,,212,3.5,0.317052,kalshi,-5.7692,-6.7867,False,lost,1.0,True
2026-09-28T02:14:26Z,32660,player_receptions,Noah Fant,1.5,Under,underdog,-107,5.22,0.5439,False,no_outcome_for_selection,,,,,,,,,,False
2026-09-28T02:14:26Z,32660,player_reception_yds,Jalen Nailor,24.5,Over,kalshi,104,5.74,0.5183,True,,-100,24.5,0.518328,pinnacle,2.0,5.739,True,lost,16.0,True
2026-09-28T02:14:26Z,32660,player_receptions,Jalen Nailor,2.5,Over,kalshi,138,3.82,0.4362,True,,138,2.5,0.436213,pinnacle,0.0,3.8186,False,lost,1.0,True
2026-09-28T02:14:26Z,32660,player_pass_tds,Tyler Shough,1.5,Over,kalshi,113,3.06,0.4838,True,,117,1.5,0.481672,pinnacle,-1.8433,2.596,False,won,4.0,True
2026-09-28T02:14:26Z,32660,player_receptions,Bryce Lance,1.5,Over,kalshi,117,4.52,0.4817,True,,117,1.5,0.481672,pinnacle,0.0,4.5227,False,lost,0.0,True
2026-09-28T02:14:26Z,32660,player_receptions,Michael Mayer,2.5,Over,kalshi,122,6.45,0.4795,True,,117,2.5,0.452839,pinnacle,2.3041,0.5302,True,won,3.0,True
2026-09-28T02:14:26Z,32660,player_receptions,Michael Mayer,2.5,Over,draftkings,115,3.09,0.4795,False,no_outcome_for_selection,,,,,,,,,,False
2026-09-28T02:14:26Z,32660,player_receptions,Michael Mayer,2.5,Over,bovada,115,3.09,0.4795,False,no_outcome_for_selection,,,,,,,,,,False
2026-09-28T02:14:26Z,32661,player_reception_yds,Courtland Sutton,39.5,Under,draftkings,-114,3.31,0.5504,False,no_outcome_for_selection,,,,,,,,,,False
2026-09-28T02:14:26Z,32661,player_receptions,Kyren Williams,1.5,Under,hardrock,175,3.79,0.3774,True,,180,1.5,0.342923,kalshi,-1.7857,-5.6961,False,,,True
2026-09-28T02:14:26Z,32661,player_receptions,Kyren Williams,2.5,Over,bovada,150,4.3,0.4172,False,no_outcome_for_selection,,,,,,,,,,False
2026-09-28T02:14:26Z,32661,player_receptions,Kyren Williams,2.5,Over,draftkings,149,3.88,0.4172,False,no_outcome_for_selection,,,,,,,,,,False
2026-09-28T02:14:26Z,32661,player_receptions,RJ Harvey,2.5,Under,kalshi,122,4.03,0.4686,True,,122,2.5,0.444362,pinnacle,0.0,-1.3517,False,,,True
2026-09-28T02:14:26Z,32661,player_pass_yds,Matthew Stafford,199.5,Under,hardrock,240,7.8,0.3171,True,,230,199.5,0.30073,kalshi,3.0303,2.2483,True,,,True
2026-09-28T02:14:26Z,32661,player_receptions,Adam Trautman,0.5,Under,bovada,180,3.61,0.37,True,,150,0.5,0.375,bovada,12.0,5.0,True,,,True
2026-09-29T03:00:31Z,32662,player_reception_yds,Dontayvion Wicks,39.5,Under,hardrock,-105,4.06,0.533,True,,110,39.5,0.446025,kalshi,-7.0295,-12.9189,False,,,True
2026-09-29T03:00:31Z,32662,player_rush_yds,Jalen Hurts,24.5,Over,kalshi,108,4.0,0.5,True,,-104,24.5,0.508664,pinnacle,6.0392,5.8021,True,,,True
2026-09-29T03:00:31Z,32662,player_reception_yds,Colston Loveland,39.5,Under,underdog,-108,19.49,0.6205,False,no_outcome_for_selection,,,,,,,,,,False
2026-09-29T03:00:31Z,32662,player_receptions,Rome Odunze,2.5,Under,underdog,-106,5.1,0.5408,True,,-143,2.5,0.577474,pinnacle,14.3645,12.2261,True,,,True
2026-09-29T03:00:31Z,32662,player_pass_interceptions,Jalen Hurts,0.5,Over,draftkings,139,5.61,0.4419,True,,129,0.5,0.424242,pinnacle,4.3668,1.3939,True,,,True
2026-09-29T03:00:31Z,32662,player_receptions,Colston Loveland,3.5,Over,kalshi,127,4.15,0.4588,True,,117,3.5,0.450107,pinnacle,4.6083,2.1742,True,,,True
2026-09-29T03:00:31Z,32662,player_receptions,Makai Lemon,1.5,Under,hardrock,250,9.0,0.3114,True,,210,1.5,0.287058,kalshi,12.9032,0.4704,True,,,True
2026-09-29T03:00:31Z,32662,player_rush_attempts,Jalen Hurts,6.5,Over,draftkings,105,3.39,0.5043,False,no_outcome_for_selection,,,,,,,,,,False
2026-09-29T03:00:31Z,32662,player_receptions,Cole Kmet,1.5,Over,kalshi,138,3.82,0.4362,True,,138,1.5,0.436213,pinnacle,0.0,3.8186,False,,,True
2026-09-29T03:00:31Z,32662,player_receptions,Colston Loveland,3.5,Under,kalshi,-100,3.99,0.5199,True,,-122,3.5,0.549893,pinnacle,9.9099,9.9786,True,,,True
2026-09-29T03:00:31Z,32662,player_rush_yds,D'Andre Swift,59.5,Over,kalshi,-100,4.11,0.5206,True,,-117,59.5,0.52863,kalshi,7.8341,5.726,True,,,True
2026-09-29T03:00:31Z,32662,player_pass_interceptions,Jalen Hurts,0.5,Over,hardrock,135,3.85,0.4419,False,no_outcome_for_selection,,,,,,,,,,False
2026-09-29T03:00:31Z,32662,player_pass_interceptions,Jalen Hurts,0.5,Over,bovada,135,3.85,0.4419,False,no_outcome_for_selection,,,,,,,,,,False
2026-09-29T03:00:31Z,32662,player_receptions,Cole Kmet,1.5,Over,fanduel,124,6.11,0.4737,True,,124,1.5,0.436213,pinnacle,0.0,-2.2883,False,,,True
2026-09-29T03:00:31Z,32662,player_receptions,DeVonta Smith,5.5,Under,fanduel,104,3.72,0.5084,True,,-114,5.5,0.491336,pinnacle,8.6729,0.2325,True,,,True
2026-09-29T03:00:31Z,32662,player_receptions,DeVonta Smith,5.5,Under,draftkings,103,3.21,0.5084,False,no_outcome_for_selection,,,,,,,,,,False
2026-09-29T03:00:31Z,32662,player_receptions,Dontayvion Wicks,3.5,Over,kalshi,150,5.21,0.4208,True,,150,3.5,0.420822,pinnacle,0.0,5.2056,False,,,True
2026-09-29T03:00:31Z,32662,player_receptions,Saquon Barkley,2.5,Over,kalshi,163,6.92,0.4065,True,,163,2.5,0.402843,pinnacle,0.0,5.9476,False,,,True
2026-09-29T03:00:31Z,32662,player_pass_yds,Jalen Hurts,199.5,Under,bovada,165,5.02,0.3963,True,,165,199.5,0.354374,bovada,0.0,-6.0908,False,,,True
2026-09-29T03:00:31Z,32662,player_reception_yds,D'Andre Swift,14.5,Under,draftkings,-116,5.1,0.5644,False,no_outcome_for_selection,,,,,,,,,,False
2026-09-29T03:00:31Z,32662,player_reception_yds,Johnny Mundt,8.5,Over,draftkings,-106,3.82,0.5342,False,no_outcome_for_selection,,,,,,,,,,False
2026-09-29T03:00:31Z,32662,player_receptions,D'Andre Swift,1.5,Under,hardrock,155,3.49,0.4058,True,,155,1.5,0.356129,kalshi,0.0,-9.1871,False,,,True
2026-09-29T03:00:31Z,32662,player_receptions,D'Andre Swift,2.5,Over,kalshi,178,11.13,0.3998,True,,138,2.5,0.399231,pinnacle,16.8067,10.9862,True,,,True
2026-09-29T03:00:31Z,32662,player_receptions,Makai Lemon,2.5,Under,kalshi,117,3.11,0.4752,True,,-122,2.5,0.534216,pinnacle,19.2523,15.9248,True,,,True
2026-09-29T03:00:31Z,32662,player_rush_yds,Kyle Monangai,29.5,Under,bovada,190,5.23,0.3629,True,,175,29.5,0.34,bovada,5.4545,-1.4,True,,,True
2026-09-29T03:00:31Z,32662,player_pass_interceptions,Case Keenum,0.5,Under,draftkings,116,5.19,0.487,True,,111,0.5,0.481672,pinnacle,2.3697,4.0411,True,,,True
2026-09-29T03:00:31Z,32662,player_pass_interceptions,Case Keenum,0.5,Under,bovada,115,4.7,0.487,True,,115,0.5,0.436681,bovada,0.0,-6.1135,False,,,True
2026-09-29T03:00:31Z,32662,player_reception_longest,Cole Kmet,7.5,Under,underdog,-102,3.04,0.5203,True,,-102,7.5,0.47978,underdog,0.0,-4.9847,False,,,True
2026-09-29T03:00:31Z,32662,player_receptions,DeVonta Smith,5.5,Over,kalshi,104,5.1,0.5152,True,,104,5.5,0.508664,pinnacle,0.0,3.7675,False,,,True
2026-09-29T03:00:31Z,32662,player_receptions,Rome Odunze,2.5,Over,kalshi,133,3.98,0.4463,True,,138,2.5,0.422526,pinnacle,-2.1008,-1.5515,False,,,True
2026-10-02T02:54:58Z,32663,player_pass_tds,Deshaun Watson,0.5,Under,draftkings,194,4.95,0.357,False,no_outcome_for_selection,,,,,,,,,,False
2026-10-02T02:54:58Z,32663,player_pass_interceptions,Aaron Rodgers,0.5,Over,draftkings,103,3.55,0.5101,False,no_outcome_for_selection,,,,,,,,,,False
2026-10-02T02:54:58Z,32663,player_pass_interceptions,Aaron Rodgers,0.5,Over,bovada,105,4.57,0.5101,False,no_outcome_for_selection,,,,,,,,,,False
2026-10-02T02:54:58Z,32663,player_receptions,Harold Fannin Jr.,4.5,Over,kalshi,108,4.0,0.5,True,,108,4.5,0.489166,pinnacle,0.0,1.7465,False,,,True
2026-10-02T02:54:58Z,32663,player_receptions,KC Concepcion,3.5,Under,draftkings,123,3.67,0.4649,False,no_outcome_for_selection,,,,,,,,,,False
2026-10-02T02:54:58Z,32663,player_receptions,Raheim Sanders,2.5,Under,hardrock,-160,3.67,0.6379,True,,-240,2.5,0.643871,kalshi,14.7059,4.6291,True,,,True
2026-10-02T02:54:58Z,32663,player_reception_longest,Jaylen Warren,11.5,Under,underdog,-102,3.04,0.5203,True,,-127,11.5,0.531775,underdog,10.7973,5.3124,True,,,True
2026-10-02T02:54:58Z,32663,player_receptions,Jaylen Warren,3.5,Over,kalshi,122,4.03,0.4686,True,,-100,3.5,0.510834,pinnacle,11.0,13.4052,True,,,True
2026-10-02T02:54:58Z,32663,player_anytime_td,Jaylen Warren,0.5,Under,underdog,-108,5.0,0.5452,True,,-108,0.5,0.527001,pinnacle,0.0,1.4965,False,,,True
2026-10-02T02:54:58Z,32663,player_receptions,Roman Wilson,2.5,Over,kalshi,156,3.93,0.406,True,,156,2.5,0.396201,pinnacle,0.0,1.4275,False,,,True
2026-10-02T02:54:58Z,32663,player_rush_yds,Aaron Rodgers,0.5,Under,fanduel,108,4.0,0.5,True,,110,0.5,0.454016,pinnacle,-0.9524,-5.5646,False,,,True
2026-10-02T02:54:58Z,32663,player_field_goals_made,Chris Boswell,1.5,Under,hardrock,115,4.32,0.4852,True,,150,1.5,0.389784,pinnacle,-14.0,-16.1964,False,,,True
2026-10-02T02:54:58Z,32663,player_receptions,DK Metcalf,3.5,Under,kalshi,113,3.15,0.4843,True,,122,3.5,0.452053,pinnacle,-4.0541,-3.7126,False,,,True
2026-10-02T02:54:58Z,32663,player_receptions,Darnell Washington,1.5,Over,kalshi,-150,3.03,0.6182,True,,-138,1.5,0.580868,pinnacle,-3.3613,-3.1887,False,,,True
2026-10-02T02:54:58Z,32663,player_receptions,Pat Freiermuth,3.5,Over,kalshi,150,3.8,0.4152,True,,150,3.5,0.415192,pinnacle,0.0,3.7979,False,,,True
2026-10-02T02:54:58Z,32663,player_receptions,Jaylen Warren,4.5,Over,hardrock,240,4.29,0.3067,False,ambiguous_selection,,,,,,,,,,False
2026-10-02T02:54:58Z,32663,player_receptions,Jerry Jeudy,1.5,Over,kalshi,127,3.69,0.4568,True,,127,1.5,0.456801,pinnacle,0.0,3.6938,False,,,True
2026-10-05T02:40:54Z,24886,player_receptions,Stefon Diggs,4.5,Over,hardrock,120,15.05,0.523,False,ambiguous_selection,,,,,,,,,,False
2026-10-05T02:40:54Z,24886,player_receptions,Stefon Diggs,6.5,Over,hardrock,450,85.2,0.3367,True,,450,6.5,0.342923,kalshi,0.0,88.6077,False,lost,5.0,True
2026-10-05T02:40:54Z,24886,player_receptions,Tyler Warren,6.5,Over,hardrock,180,5.42,0.3765,True,,180,6.5,0.396285,kalshi,0.0,10.9598,False,lost,5.0,True
2026-10-05T02:40:54Z,24886,player_rush_attempts,Jonathan Taylor,20.5,Under,hardrock,-105,4.56,0.5355,False,no_outcome_for_selection,,,,,,,,,,False
2026-10-05T02:40:54Z,32671,player_reception_yds,Dontayvion Wicks,24.5,Under,hardrock,210,3.31,0.3333,True,,210,24.5,0.225421,kalshi,0.0,-30.1193,False,won,18.0,True
2026-10-05T02:40:54Z,32671,player_rush_yds,Matthew Stafford,1.5,Over,fanduel,108,4.0,0.5,False,no_outcome_for_selection,,,,,,,,,,False
2026-10-05T02:40:54Z,32671,player_pass_tds,Matthew Stafford,1.5,Under,kalshi,104,4.15,0.5105,True,,108,1.5,0.465784,pinnacle,-1.9231,-4.98,False,won,0.0,True
2026-10-05T02:40:54Z,32671,player_reception_yds,Davante Adams,49.5,Under,hardrock,225,11.45,0.3429,True,,225,49.5,0.411862,kalshi,0.0,33.855,False,won,32.0,True
2026-10-05T02:40:54Z,32671,player_reception_yds,Davante Adams,79.5,Under,hardrock,-145,8.79,0.6439,True,,-145,79.5,0.693254,kalshi,0.0,17.1361,False,won,32.0,True
2026-10-05T02:40:54Z,32671,player_receptions,Davante Adams,4.5,Under,hardrock,125,8.49,0.4822,True,,125,4.5,0.547161,pinnacle,0.0,23.1112,False,won,4.0,True
2026-10-05T02:40:54Z,32671,player_receptions,Johnny Mundt,1.5,Over,kalshi,178,4.89,0.3773,True,,186,1.5,0.377141,pinnacle,-2.7972,4.8452,False,void,,True
2026-10-05T02:40:54Z,32671,player_rush_attempts,Saquon Barkley,17.5,Under,draftkings,-112,3.31,0.5458,False,no_outcome_for_selection,,,,,,,,,,False
2026-10-05T02:40:54Z,32671,player_receptions,Dontayvion Wicks,3.5,Under,draftkings,113,8.66,0.5101,False,no_outcome_for_selection,,,,,,,,,,False
2026-10-05T02:40:54Z,32671,player_receptions,Dontayvion Wicks,3.5,Under,bovada,110,7.13,0.5101,False,no_outcome_for_selection,,,,,,,,,,False
2026-10-05T02:40:54Z,32671,player_receptions,Kyren Williams,2.5,Over,bovada,135,3.75,0.4415,False,no_outcome_for_selection,,,,,,,,,,False
2026-10-05T02:40:54Z,32671,player_pass_tds,Jalen Hurts,0.5,Under,kalshi,223,7.41,0.3325,True,,203,0.5,0.332432,pinnacle,6.6007,7.3754,True,lost,2.0,True
2026-10-05T02:40:54Z,32671,player_reception_longest,Saquon Barkley,8.5,Under,underdog,-103,4.58,0.5306,False,no_outcome_for_selection,,,,,,,,,,False
2026-10-05T02:40:54Z,32671,player_reception_yds,Johnny Mundt,7.5,Under,draftkings,-106,3.84,0.5343,False,no_outcome_for_selection,,,,,,,,,,False
2026-10-05T02:40:54Z,32671,player_receptions,Davante Adams,3.5,Under,hardrock,260,16.59,0.3239,False,ambiguous_selection,,,,,,,,,,False
2026-10-05T02:40:54Z,32671,player_receptions,Davante Adams,4.5,Over,kalshi,-104,5.05,0.5355,True,,122,4.5,0.452839,pinnacle,-11.6424,-11.1739,False,lost,4.0,True
2026-10-05T02:40:54Z,32671,player_receptions,Dontayvion Wicks,3.5,Under,kalshi,127,5.24,0.4636,True,,127,3.5,0.424242,pinnacle,0.0,-3.697,False,won,3.0,True
2026-10-05T02:40:54Z,32671,player_receptions,Dontayvion Wicks,3.5,Under,fanduel,120,12.23,0.5101,True,,106,3.5,0.424242,pinnacle,6.7961,-6.6667,True,won,3.0,True
2026-10-05T02:40:54Z,32671,player_receptions,Makai Lemon,2.5,Under,kalshi,194,21.65,0.4138,True,,233,2.5,0.297196,kalshi,-11.7117,-12.6244,False,lost,3.0,True
2026-10-05T02:40:54Z,32671,player_receptions,Saquon Barkley,1.5,Under,kalshi,144,5.65,0.433,True,,178,1.5,0.356129,kalshi,-12.2302,-13.1045,False,won,1.0,True
2026-10-05T02:40:54Z,32671,player_reception_yds,Dontayvion Wicks,39.5,Over,hardrock,-120,18.04,0.6439,True,,-120,39.5,0.653645,kalshi,0.0,19.8349,False,lost,18.0,True
2026-10-05T02:40:54Z,32671,player_reception_yds,Dontayvion Wicks,49.5,Over,hardrock,135,32.64,0.5644,True,,135,49.5,0.553975,kalshi,0.0,30.1841,False,lost,18.0,True
2026-10-05T02:40:54Z,32671,player_reception_yds,Makai Lemon,39.5,Over,hardrock,195,37.31,0.4655,True,,195,39.5,0.446025,kalshi,0.0,31.5774,False,lost,27.0,True
2026-10-05T02:40:54Z,32671,player_reception_yds,Makai Lemon,49.5,Over,hardrock,325,47.2,0.3464,True,,325,49.5,0.326589,kalshi,0.0,38.8005,False,lost,27.0,True
2026-10-05T02:40:54Z,32671,player_receptions,Dontayvion Wicks,4.5,Over,hardrock,275,44.98,0.3866,True,,275,4.5,0.38287,kalshi,0.0,43.5763,False,lost,3.0,True
2026-10-05T02:40:54Z,32671,player_receptions,Makai Lemon,3.5,Over,hardrock,145,30.91,0.5343,False,ambiguous_selection,,,,,,,,,,False
2026-10-05T02:40:54Z,32671,player_pass_yds,Matthew Stafford,249.5,Under,kalshi,108,4.42,0.502,True,,-104,249.5,0.504854,kalshi,6.0392,5.0097,True,lost,316.0,True
2026-10-05T02:40:54Z,32671,player_receptions,Dontayvion Wicks,3.5,Over,hardrock,135,37.86,0.5867,True,,135,3.5,0.575758,pinnacle,0.0,35.303,False,lost,3.0,True
2026-10-05T02:40:54Z,32671,player_receptions,Johnny Mundt,1.5,Over,draftkings,175,5.36,0.3831,False,no_outcome_for_selection,,,,,,,,,,False
2026-10-05T02:40:54Z,32671,player_receptions,Johnny Mundt,1.5,Over,bovada,170,3.45,0.3831,False,no_outcome_for_selection,,,,,,,,,,False
2026-10-05T02:40:54Z,32671,player_receptions,Makai Lemon,2.5,Over,hardrock,-165,9.69,0.6829,True,,-165,2.5,0.702804,kalshi,0.0,12.8746,False,won,3.0,True
2026-10-05T02:40:54Z,32671,player_receptions,Makai Lemon,4.5,Over,hardrock,300,34.69,0.3367,True,,300,4.5,0.336734,kalshi,0.0,34.6936,False,lost,3.0,True
2026-10-05T02:40:54Z,32671,player_receptions,Saquon Barkley,2.5,Over,kalshi,133,5.97,0.4548,True,,133,2.5,0.418519,pinnacle,0.0,-2.485,False,lost,1.0,True
2026-10-05T02:40:54Z,32671,player_receptions,Kyren Williams,2.5,Over,draftkings,141,3.3,0.4286,False,no_outcome_for_selection,,,,,,,,,,False
2026-10-05T02:40:54Z,32671,player_pass_yds,Jalen Hurts,149.5,Under,hardrock,350,35.33,0.3007,True,,350,149.5,0.267454,kalshi,0.0,20.3543,False,won,93.0,True
2026-10-05T02:40:54Z,32671,player_pass_yds,Jalen Hurts,199.5,Under,hardrock,-110,13.43,0.5942,True,,-110,199.5,0.574651,kalshi,0.0,9.706,False,won,93.0,True
2026-10-05T02:40:54Z,32671,player_rush_yds,Saquon Barkley,79.5,Under,hardrock,-120,10.68,0.6037,True,,-120,79.5,0.613394,kalshi,0.0,12.4557,False,won,8.0,True
2026-10-05T02:40:54Z,32671,player_rush_yds,Jalen Hurts,24.5,Over,hardrock,-115,3.57,0.554,True,,-115,24.5,0.543904,kalshi,0.0,1.6865,False,lost,18.0,True
2026-10-05T02:40:54Z,32671,player_reception_yds,Puka Nacua,74.5,Over,kalshi,150,10.48,0.4419,True,,-108,74.5,0.514382,kalshi,29.8077,28.5954,True,won,125.0,True
2026-10-05T02:40:54Z,32671,player_receptions,Davante Adams,4.5,Under,draftkings,116,4.35,0.4831,True,,-130,4.5,0.547161,pinnacle,22.087,18.1868,True,won,4.0,True
2026-10-05T02:40:54Z,32667,player_pass_completions,Geno Smith,21.5,Over,draftkings,102,3.87,0.5142,False,no_outcome_for_selection,,,,,,,,,,False
2026-10-05T02:40:54Z,32667,player_reception_yds,Garrett Wilson,49.5,Under,hardrock,275,14.88,0.3064,True,,275,49.5,0.277382,kalshi,0.0,4.0183,False,won,27.0,True
2026-10-05T02:40:54Z,32667,player_receptions,Kyle Monangai,1.5,Over,kalshi,186,7.25,0.375,True,,233,1.5,0.297196,kalshi,-14.1141,-15.0019,False,lost,1.0,True
2026-10-05T02:40:54Z,32667,player_receptions,Rome Odunze,2.5,Over,hardrock,105,5.53,0.5148,True,,105,2.5,0.515184,pinnacle,0.0,5.6127,False,won,6.0,True
2026-10-05T02:40:54Z,32667,player_reception_yds,D'Andre Swift,14.5,Over,kalshi,122,11.0,0.5,True,,-100,14.5,0.496775,pinnacle,11.0,10.2841,True,won,16.0,True
2026-10-05T02:40:54Z,32667,player_reception_yds,Rome Odunze,39.5,Over,hardrock,165,3.94,0.3922,True,,165,39.5,0.396285,kalshi,0.0,5.0155,False,won,94.0,True
2026-10-05T02:40:54Z,32667,player_receptions,Garrett Wilson,4.5,Under,hardrock,300,26.22,0.3156,True,,300,4.5,0.264901,kalshi,0.0,5.9603,False,won,3.0,True
2026-10-05T02:40:54Z,32667,player_receptions,Kalif Raymond,2.5,Under,hardrock,175,3.19,0.3752,True,,175,2.5,0.346355,kalshi,0.0,-4.7524,False,won,2.0,True
2026-10-05T02:40:54Z,32667,player_receptions,Rome Odunze,3.5,Over,hardrock,250,6.26,0.3036,True,,250,3.5,0.297196,kalshi,0.0,4.0186,False,won,6.0,True
2026-10-05T02:40:54Z,32667,player_rush_yds,Kyle Monangai,38.5,Over,underdog,-112,5.37,0.5567,False,no_outcome_for_selection,,,,,,,,,,False
2026-10-05T02:40:54Z,32667,player_receptions,Garrett Wilson,6.5,Over,kalshi,113,3.48,0.4858,True,,113,6.5,0.469974,pinnacle,0.0,0.1044,False,lost,3.0,True
2026-10-05T02:40:54Z,32667,player_receptions,Isaiah Williams,2.5,Over,kalshi,-104,3.83,0.5293,True,,-113,2.5,0.522678,pinnacle,4.0628,2.5253,True,lost,2.0,True
2026-10-05T02:40:54Z,32667,player_rush_yds,D'Andre Swift,49.5,Under,hardrock,210,7.37,0.3464,True,,210,49.5,0.352806,kalshi,0.0,9.3697,False,lost,58.0,True
2026-10-05T02:40:54Z,32667,player_reception_yds,Isaiah Davis,9.5,Over,kalshi,104,7.37,0.5263,True,,104,9.5,0.49567,pinnacle,0.0,1.1167,False,void,,True
2026-10-05T02:40:54Z,32667,player_receptions,Braelon Allen,1.5,Under,draftkings,139,3.28,0.4322,False,no_outcome_for_selection,,,,,,,,,,False
2026-10-05T02:40:54Z,32667,player_receptions,Kyle Monangai,1.5,Under,hardrock,-195,4.88,0.6933,False,no_outcome_for_selection,,,,,,,,,,False
2026-10-05T02:40:54Z,32668,player_rush_yds,Cam Skattebo,49.5,Over,underdog,-112,25.04,0.6606,False,no_outcome_for_selection,,,,,,,,,,False
2026-10-05T02:40:54Z,32668,player_receptions,Jeremiyah Love,2.5,Under,hardrock,130,5.37,0.4581,True,,135,2.5,0.435587,kalshi,-2.1277,0.1851,False,won,1.0,True
2026-10-05T02:40:54Z,32668,player_receptions,Trey McBride,5.5,Under,hardrock,225,3.04,0.3171,False,ambiguous_selection,,,,,,,,,,False
2026-10-05T02:40:54Z,32668,player_receptions,Trey McBride,6.5,Under,hardrock,130,9.34,0.4754,True,,130,6.5,0.475404,kalshi,0.0,9.3429,False,lost,7.0,True
2026-10-05T02:40:54Z,32668,player_receptions,Trey McBride,7.5,Over,kalshi,156,3.9,0.4059,True,,156,7.5,0.38358,pinnacle,0.0,-1.8036,False,lost,7.0,True
2026-10-05T02:40:54Z,32668,player_receptions,Cam Skattebo,2.5,Over,kalshi,104,3.65,0.5081,True,,-113,2.5,0.555638,pinnacle,8.2254,13.3502,True,lost,1.0,True
2026-10-05T02:40:54Z,32668,player_receptions,Michael Wilson,5.5,Over,kalshi,150,5.13,0.4205,True,,144,5.5,0.409721,pinnacle,2.459,2.4302,True,won,7.0,True
2026-10-05T02:40:54Z,32668,player_receptions,Malik Nabers,4.5,Over,kalshi,-108,3.14,0.5355,True,,-117,4.5,0.556377,pinnacle,3.8402,7.1541,True,won,6.0,True
2026-10-05T02:40:54Z,32668,player_pass_tds,Jacoby Brissett,1.5,Under,kalshi,-127,3.47,0.5789,True,,-127,1.5,0.579178,pinnacle,0.0,3.5223,False,lost,2.0,True
2026-10-05T02:40:54Z,32668,player_receptions,Trey McBride,7.5,Under,hardrock,-135,7.92,0.62,True,,-135,7.5,0.61642,pinnacle,0.0,7.3028,False,won,7.0,True
2026-10-05T02:40:54Z,32668,player_reception_yds,Isaiah Likely,39.5,Over,hardrock,-110,5.33,0.5517,True,,-110,39.5,0.543904,kalshi,0.0,3.8363,False,won,66.0,True
2026-10-05T02:40:54Z,32668,player_reception_yds,Trey McBride,49.5,Under,hardrock,210,9.37,0.3528,True,,210,49.5,0.336734,kalshi,0.0,4.3875,False,won,31.0,True
2026-10-05T02:40:54Z,32668,player_reception_yds,Trey McBride,79.5,Under,hardrock,-195,3.32,0.6829,True,,-195,79.5,0.676576,kalshi,0.0,2.3539,False,won,31.0,True
2026-10-05T02:40:54Z,32668,player_receptions,Darnell Mooney,1.5,Over,kalshi,-113,3.64,0.5498,True,,-113,1.5,0.545188,pinnacle,0.0,2.7656,False,lost,0.0,True
2026-10-05T02:40:54Z,32666,player_rush_yds,David Montgomery,49.5,Under,hardrock,-115,4.5,0.5589,True,,-140,49.5,0.574651,kalshi,9.058,7.4347,True,won,24.0,True
2026-10-05T02:40:54Z,32666,player_receptions,Woody Marks,1.5,Under,draftkings,138,3.89,0.4365,False,no_outcome_for_selection,,,,,,,,,,False
2026-10-05T02:40:54Z,32666,player_receptions,Kayshon Boutte,1.5,Over,hardrock,-150,4.17,0.625,False,ambiguous_selection,,,,,,,,,,False
2026-10-05T02:40:54Z,32666,player_receptions,Dalton Schultz,4.5,Over,kalshi,113,3.8,0.4873,True,,117,4.5,0.456801,pinnacle,-1.8433,-2.7014,False,lost,2.0,True
2026-10-05T02:40:54Z,32666,player_receptions,Kayshon Boutte,1.5,Under,bovada,145,8.05,0.441,False,no_outcome_for_selection,,,,,,,,,,False
2026-10-05T02:40:54Z,32666,player_receptions,Kayshon Boutte,1.5,Under,draftkings,144,7.61,0.441,False,no_outcome_for_selection,,,,,,,,,,False
2026-10-05T02:40:54Z,32666,player_reception_yds,Dalton Schultz,39.5,Under,hardrock,120,11.07,0.5049,True,,120,39.5,0.504854,kalshi,0.0,11.068,False,won,9.0,True
2026-10-05T02:40:54Z,32666,player_receptions,CeeDee Lamb,5.5,Over,kalshi,-117,4.72,0.5646,True,,-117,5.5,0.547947,pinnacle,0.0,1.6277,False,won,17.0,True
2026-10-05T02:40:54Z,32666,player_receptions,Dalton Schultz,3.5,Under,hardrock,210,12.48,0.3629,True,,210,3.5,0.366465,kalshi,0.0,13.604,False,won,2.0,True
2026-10-05T02:40:54Z,32666,player_receptions,Dalton Schultz,4.5,Under,hardrock,105,11.5,0.5439,True,,105,4.5,0.543199,pinnacle,0.0,11.3558,False,won,2.0,True
2026-10-05T02:40:54Z,32666,player_receptions,Woody Marks,2.5,Under,hardrock,-200,3.99,0.6933,True,,-200,2.5,0.693254,kalshi,0.0,3.9882,False,won,0.0,True
2026-10-05T02:40:54Z,32666,player_reception_yds,Dalton Schultz,49.5,Under,hardrock,-150,5.18,0.6311,True,,-150,49.5,0.633535,kalshi,0.0,5.5892,False,won,9.0,True
2026-10-05T02:40:54Z,32666,player_receptions,Xavier Hutchinson,2.5,Over,kalshi,-100,3.02,0.5151,True,,117,2.5,0.469974,pinnacle,-7.8341,-6.0052,False,won,3.0,True
2026-10-05T02:40:54Z,32666,player_pass_yds,Dak Prescott,274.5,Under,hardrock,-120,3.48,0.5644,True,,-120,274.5,0.564413,kalshi,0.0,3.4757,False,lost,335.0,True
2026-10-05T02:40:54Z,32666,player_reception_yds,Nico Collins,49.5,Under,hardrock,225,11.3,0.3425,True,,225,49.5,0.303604,kalshi,0.0,-1.3288,False,lost,118.0,True
2026-10-05T02:40:54Z,32666,player_receptions,Jake Ferguson,3.5,Over,kalshi,122,3.84,0.4677,True,,122,3.5,0.46787,pinnacle,0.0,3.8672,False,lost,3.0,True
2026-10-05T02:40:54Z,32666,player_receptions,Nico Collins,3.5,Under,hardrock,300,21.65,0.3041,True,,300,3.5,0.227585,kalshi,0.0,-8.9659,False,lost,7.0,True
2026-10-05T02:40:54Z,32666,player_receptions,Nico Collins,4.5,Under,hardrock,150,8.4,0.4336,True,,150,4.5,0.386606,kalshi,0.0,-3.3486,False,lost,7.0,True
2026-10-05T02:40:54Z,32666,player_pass_tds,C.J. Stroud,1.5,Under,kalshi,-100,3.14,0.5157,True,,104,1.5,0.5,pinnacle,-1.9608,0.0,False,lost,2.0,True
2026-10-05T02:40:54Z,32666,player_receptions,Jaylin Noel,1.5,Over,hardrock,170,11.6,0.4133,True,,170,1.5,0.401294,pinnacle,0.0,8.3493,False,won,3.0,True
2026-10-05T02:40:54Z,32666,player_receptions,Jaylin Noel,1.5,Over,kalshi,156,5.82,0.4133,True,,156,1.5,0.401294,pinnacle,0.0,2.7312,False,won,3.0,True
2026-10-05T02:40:54Z,32666,player_receptions,Jaylin Noel,1.5,Over,draftkings,151,3.75,0.4133,True,,157,1.5,0.401294,pinnacle,-2.3346,0.7247,False,won,3.0,True
2026-10-05T02:40:54Z,32666,player_receptions,Jaylin Noel,1.5,Over,bovada,150,3.34,0.4133,True,,155,1.5,0.366647,bovada,-1.9608,-8.3383,False,won,3.0,True
2026-10-05T02:40:54Z,32666,player_rush_yds,Dak Prescott,9.5,Over,kalshi,-100,3.14,0.5157,True,,-108,9.5,0.522678,pinnacle,3.8462,4.5356,True,lost,7.0,True
2026-10-05T02:40:54Z,32666,player_rush_yds,Javonte Williams,59.5,Over,kalshi,108,4.0,0.5,True,,-104,59.5,0.497835,pinnacle,6.0392,3.5498,True,won,62.0,True
2026-10-05T02:40:54Z,32666,player_receptions,Xavier Hutchinson,2.5,Under,hardrock,100,3.99,0.5199,False,ambiguous_selection,,,,,,,,,,False
2026-10-05T02:40:54Z,32666,player_pass_tds,C.J. Stroud,1.5,Under,fanduel,102,4.18,0.5157,True,,102,1.5,0.5,pinnacle,0.0,1.0,False,lost,2.0,True
2026-10-05T02:40:54Z,32666,player_receptions,David Montgomery,1.5,Over,kalshi,-108,4.47,0.5424,True,,-113,1.5,0.520501,pinnacle,2.1735,0.2446,True,lost,0.0,True
2026-10-05T02:40:54Z,32666,player_receptions,Xavier Hutchinson,2.5,Under,bovada,100,3.99,0.5199,False,no_outcome_for_selection,,,,,,,,,,False
2026-10-05T02:40:54Z,32666,player_receptions,Xavier Hutchinson,2.5,Under,draftkings,-101,3.47,0.5199,False,no_outcome_for_selection,,,,,,,,,,False
2026-10-05T02:40:54Z,32669,player_pass_completions,Drake Maye,19.5,Over,underdog,-108,4.36,0.5419,True,,-129,19.5,0.53213,pinnacle,8.491,2.4843,True,won,22.0,True
2026-10-05T02:40:54Z,32669,player_receptions,Romeo Doubs,3.5,Over,bovada,130,3.25,0.4489,False,no_outcome_for_selection,,,,,,,,,,False
2026-10-05T02:40:54Z,32669,player_receptions,Romeo Doubs,3.5,Over,draftkings,130,3.25,0.4489,False,no_outcome_for_selection,,,,,,,,,,False
2026-10-05T02:40:54Z,32669,player_receptions,Hunter Henry,3.5,Over,kalshi,127,5.43,0.4645,True,,133,3.5,0.458807,pinnacle,-2.5751,4.1491,False,won,5.0,True
2026-10-05T02:40:54Z,32669,player_receptions,Romeo Doubs,3.5,Over,kalshi,133,4.0,0.4464,True,,138,3.5,0.422526,pinnacle,-2.1008,-1.5515,False,won,6.0,True
2026-10-05T02:40:54Z,32669,player_receptions,Ty Johnson,1.5,Over,kalshi,-108,4.47,0.5424,True,,-108,1.5,0.543199,pinnacle,0.0,4.6161,False,won,2.0,True
2026-10-05T02:40:54Z,32669,player_receptions,DeMario Douglas,2.5,Over,kalshi,-122,4.71,0.5755,True,,-127,2.5,0.575758,pinnacle,1.8054,4.769,True,lost,2.0,True
2026-10-05T02:40:54Z,32669,player_receptions,Kyle Williams,0.5,Under,draftkings,178,3.18,0.3712,True,,174,0.5,0.371351,pinnacle,1.4599,3.2357,True,won,0.0,True
2026-10-05T02:40:54Z,32669,player_receptions,Rhamondre Stevenson,2.5,Under,hardrock,105,5.53,0.5148,True,,105,2.5,0.515184,pinnacle,0.0,5.6127,False,lost,3.0,True
2026-10-05T02:40:54Z,32669,player_receptions,Rhamondre Stevenson,2.5,Under,kalshi,-100,3.14,0.5157,True,,-108,2.5,0.515184,pinnacle,3.8462,3.0367,True,lost,3.0,True
2026-10-05T02:40:54Z,32669,player_reception_yds,Mack Hollins,24.5,Under,hardrock,250,26.3,0.3608,True,,250,24.5,0.303604,kalshi,0.0,6.2613,False,lost,53.0,True
2026-10-05T02:40:54Z,32669,player_reception_yds,Romeo Doubs,24.5,Under,hardrock,190,7.8,0.3717,True,,190,24.5,0.317052,kalshi,0.0,-8.0549,False,lost,58.0,True
2026-10-05T02:40:54Z,32669,player_receptions,Ty Johnson,1.5,Under,hardrock,115,4.41,0.4856,False,ambiguous_selection,,,,,,,,,,False
2026-10-05T02:40:54Z,32669,player_pass_interceptions,Josh Allen,0.5,Over,draftkings,131,3.72,0.449,True,,119,0.5,0.448176,pinnacle,5.4795,3.5287,True,won,1.0,True
2026-10-05T02:40:54Z,32669,player_pass_interceptions,Josh Allen,0.5,Over,bovada,130,3.27,0.449,True,,120,0.5,0.424837,bovada,4.5455,-2.2876,True,won,1.0,True
2026-10-05T02:40:54Z,32669,player_pass_tds,Drake Maye,1.5,Under,kalshi,-138,3.62,0.6008,True,,-150,1.5,0.600769,pinnacle,3.4783,3.6109,True,lost,3.0,True
2026-10-05T02:40:54Z,32669,player_receptions,Dalton Kincaid,3.5,Under,hardrock,180,15.32,0.4119,True,,180,3.5,0.398051,kalshi,0.0,11.4542,False,won,1.0,True
2026-10-05T02:40:54Z,32669,player_receptions,Dalton Kincaid,4.5,Over,kalshi,144,7.82,0.4419,True,,138,4.5,0.443623,pinnacle,2.521,8.244,True,lost,1.0,True
2026-10-05T02:40:54Z,32669,player_receptions,Dalton Kincaid,4.5,Under,hardrock,-115,4.34,0.5581,True,,-115,4.5,0.556377,pinnacle,0.0,4.0183,False,won,1.0,True
2026-10-05T02:40:54Z,32669,player_receptions,Dawson Knox,1.5,Over,kalshi,156,5.82,0.4133,True,,156,1.5,0.406529,pinnacle,0.0,4.0715,False,won,2.0,True
2026-10-05T02:40:54Z,32669,player_receptions,Dawson Knox,1.5,Over,fanduel,152,4.16,0.4133,True,,152,1.5,0.406529,pinnacle,0.0,2.4453,False,won,2.0,True
2026-10-05T02:40:54Z,32669,player_receptions,Mack Hollins,3.5,Over,kalshi,-100,3.99,0.5199,True,,-100,3.5,0.515184,pinnacle,0.0,3.0367,False,lost,3.0,True
2026-10-05T02:40:54Z,32672,player_rush_yds,Ollie Gordon II,24.5,Over,hardrock,-120,5.72,0.5766,True,,-120,24.5,0.485618,kalshi,0.0,-10.97,False,won,100.0,True
2026-10-05T02:40:54Z,32672,player_rush_yds,Ollie Gordon II,39.5,Over,hardrock,240,12.22,0.3301,True,,240,39.5,0.257235,kalshi,0.0,-12.5402,False,won,100.0,True
2026-10-05T02:40:54Z,32672,player_pass_tds,Malik Willis,0.5,Under,draftkings,-108,3.6,0.5379,True,,101,0.5,0.484816,pinnacle,-4.1828,-6.628,False,won,0.0,True
2026-10-05T02:40:54Z,32672,player_pass_tds,Malik Willis,0.5,Under,kalshi,-104,4.24,0.5314,True,,108,0.5,0.484816,pinnacle,-5.6953,-4.9014,False,won,0.0,True
2026-10-05T02:40:54Z,32672,player_reception_yds,Jaylen Wright,4.5,Over,fanduel,-102,5.97,0.5351,False,no_outcome_for_selection,,,,,,,,,,False
2026-10-05T02:40:54Z,32672,player_rush_attempts,Malik Willis,5.5,Under,draftkings,119,3.33,0.4718,False,no_outcome_for_selection,,,,,,,,,,False
2026-10-05T02:40:54Z,32672,player_rush_yds,Kyler Murray,19.5,Under,kalshi,113,3.91,0.4878,True,,113,19.5,0.465455,kalshi,0.0,-0.858,False,won,16.0,True
2026-10-05T02:40:54Z,32672,player_rush_yds,Malik Washington,4.5,Under,draftkings,-109,4.65,0.5458,False,no_outcome_for_selection,,,,,,,,,,False
2026-10-05T02:40:54Z,32672,player_rush_yds,Malik Washington,4.5,Under,bovada,-110,4.2,0.5458,False,no_outcome_for_selection,,,,,,,,,,False
2026-10-05T02:40:54Z,32672,player_rush_yds,Jaylen Wright,24.5,Over,hardrock,105,15.7,0.5644,True,,105,24.5,0.564413,kalshi,0.0,15.7046,False,lost,7.0,True
2026-10-05T02:40:54Z,32672,player_rush_attempts,Kyler Murray,5.5,Under,hardrock,-130,3.11,0.5828,False,no_outcome_for_selection,,,,,,,,,,False
2026-10-05T02:40:54Z,32672,player_pass_completions,Kyler Murray,19.5,Over,draftkings,102,4.28,0.5162,True,,-101,19.5,0.502165,pinnacle,1.5025,1.4372,True,won,27.0,True
2026-10-05T02:40:54Z,32672,player_pass_completions,Kyler Murray,19.5,Over,bovada,100,3.24,0.5162,False,no_outcome_for_selection,,,,,,,,,,False
2026-10-05T02:40:54Z,32672,player_receptions,Malik Washington,3.5,Over,hardrock,-135,6.79,0.6135,True,,-135,3.5,0.628649,pinnacle,0.0,9.4314,False,won,5.0,True
2026-10-05T02:40:54Z,32672,player_receptions,Malik Washington,4.5,Over,hardrock,150,14.02,0.4561,True,,150,4.5,0.446025,kalshi,0.0,11.5063,False,won,5.0,True
2026-10-05T02:40:54Z,32672,player_receptions,Jauan Jennings,2.5,Over,kalshi,113,5.6,0.4958,True,,108,2.5,0.46787,pinnacle,2.4038,-0.3437,True,lost,1.0,True
2026-10-05T02:40:54Z,32672,player_receptions,T.J. Hockenson,4.5,Over,kalshi,122,4.96,0.4728,True,,117,4.5,0.46875,pinnacle,2.3041,4.0625,True,won,13.0,True
2026-10-05T02:40:54Z,32672,player_receptions,Tai Felton,1.5,Over,kalshi,104,5.01,0.5148,True,,-104,1.5,0.522678,pinnacle,4.0,6.6263,True,lost,1.0,True
2026-10-05T02:40:54Z,32672,player_receptions,Tai Felton,1.5,Over,fanduel,100,3.14,0.5157,True,,-130,1.5,0.522678,pinnacle,13.0435,4.5356,True,lost,1.0,True
2026-10-05T02:40:54Z,32672,player_receptions,Chris Bell,2.5,Under,draftkings,-107,3.21,0.5335,False,no_outcome_for_selection,,,,,,,,,,False
2026-10-05T02:40:54Z,32672,player_receptions,Malik Washington,3.5,Under,kalshi,170,4.35,0.3865,True,,163,3.5,0.371351,pinnacle,2.6616,0.2649,True,lost,5.0,True
2026-10-05T02:40:54Z,32672,player_rush_longest,Malik Willis,11.5,Over,underdog,-105,3.6,0.5306,False,no_outcome_for_selection,,,,,,,,,,False
2026-10-05T02:40:54Z,32672,player_rush_yds,Jaylen Wright,29.5,Under,draftkings,-107,3.41,0.5345,False,no_outcome_for_selection,,,,,,,,,,False
2026-10-05T02:40:54Z,32672,player_receptions,Chris Bell,2.5,Under,kalshi,-104,4.64,0.5335,True,,-100,2.5,0.5,pinnacle,-1.9231,-1.9231,False,won,0.0,True
2026-10-05T02:40:54Z,32672,player_receptions,Jauan Jennings,2.5,Over,bovada,110,4.12,0.4958,False,no_outcome_for_selection,,,,,,,,,,False
2026-10-05T02:40:54Z,32672,player_receptions,Jauan Jennings,2.5,Over,draftkings,109,3.62,0.4958,False,no_outcome_for_selection,,,,,,,,,,False
2026-10-05T02:40:54Z,32672,player_receptions,Jordan Addison,4.5,Under,kalshi,-113,3.5,0.5491,True,,-113,4.5,0.522678,pinnacle,0.0,-1.4775,False,won,4.0,True
2026-10-05T02:40:54Z,32672,player_receptions,Ryan Miller,0.5,Over,kalshi,-113,3.13,0.5471,True,,-108,0.5,0.540368,pinnacle,-2.1273,1.8569,False,void,,True
2026-10-05T02:40:54Z,32672,player_rush_attempts,Aaron Jones,16.5,Under,draftkings,103,4.07,0.5127,False,no_outcome_for_selection,,,,,,,,,,False
2026-10-05T02:40:54Z,32672,player_rush_yds,Jaylen Wright,39.5,Over,hardrock,275,18.89,0.3171,True,,275,39.5,0.306746,kalshi,0.0,15.0296,False,lost,7.0,True
2026-10-05T02:40:54Z,32674,player_reception_yds,Christian McCaffrey,24.5,Under,hardrock,230,4.7,0.3173,True,,225,24.5,0.277382,kalshi,1.5385,-8.4639,True,won,18.0,True
2026-10-05T02:40:54Z,32674,player_rush_yds,Bo Nix,19.5,Over,kalshi,113,6.07,0.498,True,,138,19.5,0.415871,kalshi,-10.5042,-11.4194,False,lost,10.0,True
2026-10-05T02:40:54Z,32674,player_field_goals_made,Eddy Pineiro,1.5,Under,draftkings,102,3.52,0.5125,True,,-109,1.5,0.491685,draftkings,5.3493,-0.6796,True,won,1.0,True
2026-10-05T02:40:54Z,32674,player_reception_yds,Christian McCaffrey,39.5,Under,kalshi,113,5.15,0.4937,True,,108,39.5,0.489166,pinnacle,2.4038,4.1923,True,won,18.0,True
2026-10-05T02:40:54Z,32674,player_receptions,Evan Engram,1.5,Under,hardrock,210,4.22,0.3362,True,,210,1.5,0.346355,kalshi,0.0,7.3701,False,won,1.0,True
2026-10-05T02:40:54Z,32674,player_receptions,Kyle Juszczyk,1.5,Over,kalshi,178,4.77,0.3769,True,,186,1.5,0.372677,pinnacle,-2.7972,3.6042,False,won,2.0,True
2026-10-05T02:40:54Z,32674,player_reception_yds,Christian McCaffrey,49.5,Over,hardrock,165,7.55,0.4058,True,,165,49.5,0.386606,kalshi,0.0,2.4505,False,lost,18.0,True
2026-10-05T02:40:54Z,32674,player_receptions,Evan Engram,2.5,Over,kalshi,138,3.86,0.4364,True,,127,2.5,0.427716,pinnacle,4.8458,1.7964,True,lost,1.0,True
2026-10-05T02:40:54Z,32674,player_receptions,George Kittle,4.5,Over,kalshi,-117,3.03,0.5555,True,,-122,4.5,0.555638,pinnacle,1.925,3.0543,True,lost,4.0,True
2026-10-05T02:40:54Z,32674,player_receptions,Jaylen Waddle,4.5,Over,kalshi,104,3.72,0.5084,True,,104,4.5,0.50433,pinnacle,0.0,2.8833,False,won,5.0,True
2026-10-05T02:40:54Z,32674,player_receptions,Troy Franklin,0.5,Under,draftkings,161,4.19,0.3992,True,,136,0.5,0.399231,pinnacle,10.5932,4.1993,True,void,,True
2026-10-05T02:40:54Z,32674,player_receptions,Troy Franklin,0.5,Under,bovada,160,3.79,0.3992,True,,145,0.5,0.383852,bovada,6.1224,-0.1985,True,void,,True
2026-10-05T02:40:54Z,32674,player_pass_tds,Brock Purdy,1.5,Under,kalshi,108,4.0,0.5,True,,113,1.5,0.49567,pinnacle,-2.3474,3.0994,False,lost,2.0,True
2026-10-05T02:40:54Z,32674,player_receptions,Adam Trautman,0.5,Under,kalshi,156,7.81,0.4211,True,,138,0.5,0.420822,pinnacle,7.563,7.7305,True,won,0.0,True
2026-10-05T02:40:54Z,32674,player_receptions,Adam Trautman,0.5,Under,draftkings,145,3.45,0.4222,True,,140,0.5,0.420822,pinnacle,2.0833,3.1015,True,won,0.0,True
2026-10-05T02:40:54Z,32674,player_receptions,Adam Trautman,0.5,Under,fanduel,152,6.13,0.4211,True,,136,0.5,0.420822,pinnacle,6.7797,6.0473,True,won,0.0,True
2026-10-05T02:40:54Z,32674,player_receptions,Adam Trautman,0.5,Under,bovada,145,3.45,0.4222,True,,140,0.5,0.390947,bovada,2.0833,-4.2181,True,won,0.0,True
2026-10-05T02:40:54Z,32674,player_receptions,Adam Trautman,0.5,Under,hardrock,145,3.18,0.4211,True,,135,0.5,0.420822,pinnacle,4.2553,3.1015,True,won,0.0,True
2026-10-05T02:40:54Z,32673,player_receptions,AJ Barner,3.5,Over,kalshi,144,3.59,0.4245,True,,150,3.5,0.406529,pinnacle,-2.4,-0.8069,False,lost,1.0,True
2026-10-05T02:40:54Z,32673,player_receptions,Cooper Kupp,2.5,Over,kalshi,133,3.72,0.4452,True,,127,2.5,0.444362,pinnacle,2.6432,3.5363,True,lost,1.0,True
2026-10-05T02:40:54Z,32673,player_receptions,Rashid Shaheed,2.5,Over,kalshi,163,5.02,0.3993,True,,150,2.5,0.39823,pinnacle,5.2,4.7345,True,lost,1.0,True
2026-10-05T02:40:54Z,32673,player_reception_yds,Quentin Johnston,24.5,Under,hardrock,165,3.09,0.389,True,,165,24.5,0.366465,kalshi,0.0,-2.8869,False,lost,44.0,True
2026-10-05T02:40:54Z,32673,player_receptions,Tory Horton,1.5,Over,kalshi,178,3.55,0.3725,True,,257,1.5,0.310827,pinnacle,-22.1289,-13.5901,False,lost,1.0,True
2026-10-05T02:40:54Z,32673,player_pass_completions,Justin Herbert,18.5,Over,underdog,-106,3.12,0.5306,False,no_outcome_for_selection,,,,,,,,,,False
2026-10-05T02:40:54Z,32673,player_rush_yds,Emanuel Wilson,49.5,Over,hardrock,140,16.55,0.4856,True,,140,49.5,0.425349,kalshi,0.0,2.0839,False,won,81.0,True
2026-10-05T02:40:54Z,32673,player_reception_yds,Quentin Johnston,35.5,Over,fanatics,-105,3.34,0.5293,False,no_outcome_for_selection,,,,,,,,,,False
2026-10-05T02:40:54Z,32673,player_receptions,Oronde Gadsden II,2.5,Under,draftkings,122,3.38,0.4657,False,no_outcome_for_selection,,,,,,,,,,False
2026-10-05T02:40:54Z,32673,player_receptions,Quentin Johnston,2.5,Over,kalshi,-156,3.47,0.6305,True,,-156,2.5,0.621052,pinnacle,0.0,1.9161,False,lost,1.0,True
2026-10-05T02:40:54Z,32673,player_rush_yds,Emanuel Wilson,39.5,Over,hardrock,-125,12.23,0.6235,True,,-125,39.5,0.564413,kalshi,0.0,1.5943,False,won,81.0,True
2026-10-05T02:40:54Z,32675,player_pass_tds,Patrick Mahomes,1.5,Under,kalshi,122,5.43,0.4749,True,,127,1.5,0.443623,pinnacle,-2.2026,-1.5157,False,lost,2.0,True
2026-10-05T02:40:54Z,32675,player_reception_yds,Jalen Nailor,19.5,Under,kalshi,108,4.0,0.5,True,,-104,19.5,0.5,pinnacle,6.0392,4.0,True,void,,True
2026-10-05T02:40:54Z,32675,player_receptions,Tyquan Thornton,1.5,Over,hardrock,120,3.74,0.4716,True,,120,1.5,0.489166,pinnacle,0.0,7.6165,False,won,5.0,True
2026-10-05T02:40:54Z,32675,player_receptions,Emmett Johnson,1.5,Over,kalshi,170,3.47,0.3832,True,,170,1.5,0.383121,pinnacle,0.0,3.4427,False,lost,1.0,True
2026-10-05T02:40:54Z,32675,player_reception_yds,Michael Mayer,24.5,Over,hardrock,130,5.96,0.4607,True,,130,24.5,0.538334,pinnacle,0.0,23.8169,False,won,82.0,True
2026-10-05T02:40:54Z,32675,player_reception_yds,Brock Bowers,79.5,Under,hardrock,-130,3.14,0.583,True,,-130,79.5,0.603715,kalshi,0.0,6.8111,False,lost,86.0,True
2026-10-05T02:40:54Z,32675,player_receptions,Cody White,1.5,Over,kalshi,186,6.53,0.3725,True,,170,1.5,0.373096,pinnacle,5.9259,6.7055,True,won,2.0,True
2026-10-05T02:40:54Z,32675,player_receptions,Kenneth Walker III,2.5,Over,kalshi,-144,3.47,0.6106,True,,-163,2.5,0.61642,pinnacle,5.0169,4.449,True,lost,1.0,True
2026-10-05T02:40:54Z,32675,player_receptions,Kenneth Walker III,2.5,Over,hardrock,-145,3.18,0.6106,True,,-145,2.5,0.61642,pinnacle,0.0,4.1538,False,lost,1.0,True
2026-10-05T02:40:54Z,32675,player_receptions,Travis Kelce,4.5,Over,kalshi,127,3.25,0.4548,True,,117,4.5,0.454812,pinnacle,4.6083,3.2422,True,lost,2.0,True
2026-10-05T02:40:54Z,32675,player_rush_yds,Kirk Cousins,0.5,Over,draftkings,106,5.61,0.5127,False,no_outcome_for_selection,,,,,,,,,,False
2026-10-05T02:40:54Z,32675,player_rush_yds,Kirk Cousins,0.5,Over,bovada,105,5.09,0.5127,True,,-105,0.5,0.479695,bovada,5.0,-1.6624,True,void,,True
2026-10-05T02:40:54Z,32675,player_pass_tds,Kirk Cousins,1.5,Under,kalshi,-133,3.06,0.5883,True,,-138,1.5,0.588665,pinnacle,1.5796,3.1271,True,lost,2.0,True
