ts,sport,event_id,commence_time,market,book,book_event_id,player,player_id,side,point,price,outcome_id,book_outcome_id,line_type,last_change_at,last_seen_at,market_last_update,book_updated_at,book_version,suspended_at
2026-10-05T23:24:55Z,football_nfl,32677,2026-10-06T00:15:00Z,player_pass_attempts,bovada,27950836,Michael Penix Jr. (ATL),espn:4360423,Over,30.5,-120,9831723304,,main,2026-10-05T05:44:47.838373Z,2026-10-05T23:26:51.990764Z,2026-10-05T23:26:51.990764Z,2026-10-05T23:09:21.862000Z,,
2026-10-05T23:24:55Z,football_nfl,32677,2026-10-06T00:15:00Z,player_pass_attempts,bovada,27950836,Michael Penix Jr. (ATL),espn:4360423,Under,30.5,-110,9831723305,,main,2026-10-05T05:44:47.838373Z,2026-10-05T23:26:51.990764Z,2026-10-05T23:26:51.990764Z,2026-10-05T23:09:21.862000Z,,
2026-10-05T23:24:55Z,football_nfl,32677,2026-10-06T00:15:00Z,player_pass_attempts,bovada,27950836,Tyler Shough (NOR),espn:4360689,Over,37.5,-120,9831723306,,main,2026-10-05T23:06:13.440059Z,2026-10-05T23:26:51.990764Z,2026-10-05T23:26:51.990764Z,2026-10-05T23:09:21.862000Z,,
2026-10-05T23:24:55Z,football_nfl,32677,2026-10-06T00:15:00Z,player_pass_attempts,bovada,27950836,Tyler Shough (NOR),espn:4360689,Under,37.5,-110,9831723307,,main,2026-10-05T23:06:13.440059Z,2026-10-05T23:26:51.990764Z,2026-10-05T23:26:51.990764Z,2026-10-05T23:09:21.862000Z,,
2026-10-05T23:24:55Z,football_nfl,32677,2026-10-06T00:15:00Z,player_pass_completions,bovada,27950836,Michael Penix Jr. (ATL),espn:4360423,15+ Passing Completions,,-900,9831723308,,milestone,2026-10-05T22:06:00.662656Z,2026-10-05T23:26:51.990764Z,2026-10-05T23:26:51.990764Z,2026-10-05T23:09:21.862000Z,,
2026-10-05T23:24:55Z,football_nfl,32677,2026-10-06T00:15:00Z,player_pass_completions,bovada,27950836,Michael Penix Jr. (ATL),espn:4360423,20+ Passing Completions,,-135,9831723309,,milestone,2026-10-05T22:06:00.662656Z,2026-10-05T23:26:51.990764Z,2026-10-05T23:26:51.990764Z,2026-10-05T23:09:21.862000Z,,
2026-10-05T23:24:55Z,football_nfl,32677,2026-10-06T00:15:00Z,player_pass_completions,bovada,27950836,Michael Penix Jr. (ATL),espn:4360423,25+ Passing Completions,,295,9831723310,,milestone,2026-10-05T22:06:00.662656Z,2026-10-05T23:26:51.990764Z,2026-10-05T23:26:51.990764Z,2026-10-05T23:09:21.862000Z,,
2026-10-05T23:24:55Z,football_nfl,32677,2026-10-06T00:15:00Z,player_pass_completions,bovada,27950836,Michael Penix Jr. (ATL),espn:4360423,30+ Passing Completions,,1000,9831723311,,milestone,2026-10-05T17:13:24.356952Z,2026-10-05T23:26:51.990764Z,2026-10-05T23:26:51.990764Z,2026-10-05T23:09:21.862000Z,,
2026-10-05T23:24:55Z,football_nfl,32677,2026-10-06T00:15:00Z,player_pass_completions,bovada,27950836,Michael Penix Jr. (ATL),espn:4360423,35+ Passing Completions,,2800,9831723312,,milestone,2026-10-05T22:06:00.662656Z,2026-10-05T23:26:51.990764Z,2026-10-05T23:26:51.990764Z,2026-10-05T23:09:21.862000Z,,
2026-10-05T23:24:55Z,football_nfl,32677,2026-10-06T00:15:00Z,player_pass_completions,bovada,27950836,Michael Penix Jr. (ATL),espn:4360423,40+ Passing Completions,,3500,9831723313,,milestone,2026-10-01T09:45:45.767017Z,2026-10-05T23:26:51.990764Z,2026-10-05T23:26:51.990764Z,2026-10-05T23:09:21.862000Z,,
2026-10-05T23:24:55Z,football_nfl,32677,2026-10-06T00:15:00Z,player_pass_completions,bovada,27950836,Tyler Shough (NOR),espn:4360689,20+ Passing Completions,,-475,9831723314,,milestone,2026-10-05T22:38:02.255358Z,2026-10-05T23:26:51.990764Z,2026-10-05T23:26:51.990764Z,2026-10-05T23:09:21.862000Z,,
2026-10-05T23:24:55Z,football_nfl,32677,2026-10-06T00:15:00Z,player_pass_completions,bovada,27950836,Tyler Shough (NOR),espn:4360689,25+ Passing Completions,,105,9831723315,,milestone,2026-10-05T22:38:02.255358Z,2026-10-05T23:26:51.990764Z,2026-10-05T23:26:51.990764Z,2026-10-05T23:09:21.862000Z,,
2026-10-05T23:24:55Z,football_nfl,32677,2026-10-06T00:15:00Z,player_pass_completions,bovada,27950836,Tyler Shough (NOR),espn:4360689,30+ Passing Completions,,400,9831723316,,milestone,2026-10-02T23:17:55.705614Z,2026-10-05T23:26:51.990764Z,2026-10-05T23:26:51.990764Z,2026-10-05T23:09:21.862000Z,,
2026-10-05T23:24:55Z,football_nfl,32677,2026-10-06T00:15:00Z,player_pass_completions,bovada,27950836,Tyler Shough (NOR),espn:4360689,35+ Passing Completions,,1400,9831723317,,milestone,2026-10-02T23:17:55.705614Z,2026-10-05T23:26:51.990764Z,2026-10-05T23:26:51.990764Z,2026-10-05T23:09:21.862000Z,,
2026-10-05T23:24:55Z,football_nfl,32677,2026-10-06T00:15:00Z,player_pass_completions,bovada,27950836,Tyler Shough (NOR),espn:4360689,40+ Passing Completions,,3000,9831723318,,milestone,2026-10-01T09:45:45.767017Z,2026-10-05T23:26:51.990764Z,2026-10-05T23:26:51.990764Z,2026-10-05T23:09:21.862000Z,,
2026-10-05T23:24:55Z,football_nfl,32677,2026-10-06T00:15:00Z,player_pass_completions,bovada,27950836,Michael Penix Jr. (ATL),espn:4360423,Over,20.5,105,9831723319,,main,2026-10-05T22:06:00.662656Z,2026-10-05T23:26:51.990764Z,2026-10-05T23:26:51.990764Z,2026-10-05T23:09:21.862000Z,,
2026-10-05T23:24:55Z,football_nfl,32677,2026-10-06T00:15:00Z,player_pass_completions,bovada,27950836,Michael Penix Jr. (ATL),espn:4360423,Under,20.5,-135,9831723320,,main,2026-10-05T22:06:00.662656Z,2026-10-05T23:26:51.990764Z,2026-10-05T23:26:51.990764Z,2026-10-05T23:09:21.862000Z,,
2026-10-05T23:24:55Z,football_nfl,32677,2026-10-06T00:15:00Z,player_pass_completions,bovada,27950836,Tyler Shough (NOR),espn:4360689,Over,23.5,-120,9831723321,,main,2026-10-05T22:38:02.255358Z,2026-10-05T23:26:51.990764Z,2026-10-05T23:26:51.990764Z,2026-10-05T23:09:21.862000Z,,
2026-10-05T23:24:55Z,football_nfl,32677,2026-10-06T00:15:00Z,player_pass_completions,bovada,27950836,Tyler Shough (NOR),espn:4360689,Under,23.5,-110,9831723322,,main,2026-10-05T22:38:02.255358Z,2026-10-05T23:26:51.990764Z,2026-10-05T23:26:51.990764Z,2026-10-05T23:09:21.862000Z,,
2026-10-05T23:24:55Z,football_nfl,32677,2026-10-06T00:15:00Z,player_pass_tds,bovada,27950836,Michael Penix Jr. (ATL),espn:4360423,Over,1.5,115,9831723327,,main,2026-10-05T12:04:48.936676Z,2026-10-05T23:26:51.990764Z,2026-10-05T23:26:51.990764Z,2026-10-05T23:09:21.862000Z,,
2026-10-05T23:24:55Z,football_nfl,32677,2026-10-06T00:15:00Z,player_pass_tds,bovada,27950836,Michael Penix Jr. (ATL),espn:4360423,Under,1.5,-150,9831723328,,main,2026-10-05T12:04:48.936676Z,2026-10-05T23:26:51.990764Z,2026-10-05T23:26:51.990764Z,2026-10-05T23:09:21.862000Z,,
2026-10-05T23:24:55Z,football_nfl,32677,2026-10-06T00:15:00Z,player_pass_tds,bovada,27950836,Tyler Shough (NOR),espn:4360689,Over,1.5,-135,9831723329,,main,2026-10-05T22:06:00.662656Z,2026-10-05T23:26:51.990764Z,2026-10-05T23:26:51.990764Z,2026-10-05T23:09:21.862000Z,,
2026-10-05T23:24:55Z,football_nfl,32677,2026-10-06T00:15:00Z,player_pass_tds,bovada,27950836,Tyler Shough (NOR),espn:4360689,Under,1.5,105,9831723330,,main,2026-10-05T22:06:00.662656Z,2026-10-05T23:26:51.990764Z,2026-10-05T23:26:51.990764Z,2026-10-05T23:09:21.862000Z,,
2026-10-05T23:24:55Z,football_nfl,32677,2026-10-06T00:15:00Z,player_pass_yds,bovada,27950836,Michael Penix Jr. (ATL),espn:4360423,175+ Passing Yards,,-575,9831723332,,milestone,2026-10-05T23:06:13.440059Z,2026-10-05T23:26:51.990764Z,2026-10-05T23:26:51.990764Z,2026-10-05T23:09:21.862000Z,,
2026-10-05T23:24:55Z,football_nfl,32677,2026-10-06T00:15:00Z,player_pass_yds,bovada,27950836,Michael Penix Jr. (ATL),espn:4360423,200+ Passing Yards,,-245,9831723333,,milestone,2026-10-05T23:06:13.440059Z,2026-10-05T23:26:51.990764Z,2026-10-05T23:26:51.990764Z,2026-10-05T23:09:21.862000Z,,
2026-10-05T23:24:55Z,football_nfl,32677,2026-10-06T00:15:00Z,player_pass_yds,bovada,27950836,Michael Penix Jr. (ATL),espn:4360423,225+ Passing Yards,,-130,9831723334,,milestone,2026-10-05T22:38:02.255358Z,2026-10-05T23:26:51.990764Z,2026-10-05T23:26:51.990764Z,2026-10-05T23:09:21.862000Z,,
2026-10-05T23:24:55Z,football_nfl,32677,2026-10-06T00:15:00Z,player_pass_yds,bovada,27950836,Michael Penix Jr. (ATL),espn:4360423,250+ Passing Yards,,140,9831723335,,milestone,2026-10-05T23:06:13.440059Z,2026-10-05T23:26:51.990764Z,2026-10-05T23:26:51.990764Z,2026-10-05T23:09:21.862000Z,,
2026-10-05T23:24:55Z,football_nfl,32677,2026-10-06T00:15:00Z,player_pass_yds,bovada,27950836,Michael Penix Jr. (ATL),espn:4360423,275+ Passing Yards,,240,9831723336,,milestone,2026-10-05T23:06:13.440059Z,2026-10-05T23:26:51.990764Z,2026-10-05T23:26:51.990764Z,2026-10-05T23:09:21.862000Z,,
2026-10-05T23:24:55Z,football_nfl,32677,2026-10-06T00:15:00Z,player_pass_yds,bovada,27950836,Michael Penix Jr. (ATL),espn:4360423,300+ Passing Yards,,400,9831723337,,milestone,2026-10-05T23:06:13.440059Z,2026-10-05T23:26:51.990764Z,2026-10-05T23:26:51.990764Z,2026-10-05T23:09:21.862000Z,,
2026-10-05T23:24:55Z,football_nfl,32677,2026-10-06T00:15:00Z,player_pass_yds,bovada,27950836,Michael Penix Jr. (ATL),espn:4360423,325+ Passing Yards,,675,9831723338,,milestone,2026-10-05T23:06:13.440059Z,2026-10-05T23:26:51.990764Z,2026-10-05T23:26:51.990764Z,2026-10-05T23:09:21.862000Z,,
2026-10-05T23:24:55Z,football_nfl,32677,2026-10-06T00:15:00Z,player_pass_yds,bovada,27950836,Michael Penix Jr. (ATL),espn:4360423,350+ Passing Yards,,1100,9831723339,,milestone,2026-10-05T23:06:13.440059Z,2026-10-05T23:26:51.990764Z,2026-10-05T23:26:51.990764Z,2026-10-05T23:09:21.862000Z,,
2026-10-05T23:24:55Z,football_nfl,32677,2026-10-06T00:15:00Z,player_pass_yds,bovada,27950836,Michael Penix Jr. (ATL),espn:4360423,375+ Passing Yards,,1700,9831723340,,milestone,2026-10-05T23:06:13.440059Z,2026-10-05T23:26:51.990764Z,2026-10-05T23:26:51.990764Z,2026-10-05T23:09:21.862000Z,,
2026-10-05T23:24:55Z,football_nfl,32677,2026-10-06T00:15:00Z,player_pass_yds,bovada,27950836,Michael Penix Jr. (ATL),espn:4360423,400+ Passing Yards,,2400,9831723341,,milestone,2026-10-05T23:06:13.440059Z,2026-10-05T23:26:51.990764Z,2026-10-05T23:26:51.990764Z,2026-10-05T23:09:21.862000Z,,
2026-10-05T23:24:55Z,football_nfl,32677,2026-10-06T00:15:00Z,player_pass_yds,bovada,27950836,Michael Penix Jr. (ATL),espn:4360423,450+ Passing Yards,,3000,9831723342,,milestone,2026-10-01T09:45:45.767017Z,2026-10-05T23:26:51.990764Z,2026-10-05T23:26:51.990764Z,2026-10-05T23:09:21.862000Z,,
2026-10-05T23:24:55Z,football_nfl,32677,2026-10-06T00:15:00Z,player_pass_yds,bovada,27950836,Tyler Shough (NOR),espn:4360689,200+ Passing Yards,,-700,9831723343,,milestone,2026-10-05T23:06:13.440059Z,2026-10-05T23:26:51.990764Z,2026-10-05T23:26:51.990764Z,2026-10-05T23:09:21.862000Z,,
2026-10-05T23:24:55Z,football_nfl,32677,2026-10-06T00:15:00Z,player_pass_yds,bovada,27950836,Tyler Shough (NOR),espn:4360689,225+ Passing Yards,,-290,9831723344,,milestone,2026-10-05T23:06:13.440059Z,2026-10-05T23:26:51.990764Z,2026-10-05T23:26:51.990764Z,2026-10-05T23:09:21.862000Z,,
2026-10-05T23:24:55Z,football_nfl,32677,2026-10-06T00:15:00Z,player_pass_yds,bovada,27950836,Tyler Shough (NOR),espn:4360689,250+ Passing Yards,,-150,9831723345,,milestone,2026-10-05T22:22:36.318243Z,2026-10-05T23:26:51.990764Z,2026-10-05T23:26:51.990764Z,2026-10-05T23:09:21.862000Z,,
2026-10-05T23:24:55Z,football_nfl,32677,2026-10-06T00:15:00Z,player_pass_yds,bovada,27950836,Tyler Shough (NOR),espn:4360689,275+ Passing Yards,,120,9831723346,,milestone,2026-10-05T22:22:36.318243Z,2026-10-05T23:26:51.990764Z,2026-10-05T23:26:51.990764Z,2026-10-05T23:09:21.862000Z,,
2026-10-05T23:24:55Z,football_nfl,32677,2026-10-06T00:15:00Z,player_pass_yds,bovada,27950836,Tyler Shough (NOR),espn:4360689,300+ Passing Yards,,210,9831723347,,milestone,2026-10-05T23:06:13.440059Z,2026-10-05T23:26:51.990764Z,2026-10-05T23:26:51.990764Z,2026-10-05T23:09:21.862000Z,,
2026-10-05T23:24:55Z,football_nfl,32677,2026-10-06T00:15:00Z,player_pass_yds,bovada,27950836,Tyler Shough (NOR),espn:4360689,325+ Passing Yards,,360,9831723348,,milestone,2026-10-05T23:06:13.440059Z,2026-10-05T23:26:51.990764Z,2026-10-05T23:26:51.990764Z,2026-10-05T23:09:21.862000Z,,
2026-10-05T23:24:55Z,football_nfl,32677,2026-10-06T00:15:00Z,player_pass_yds,bovada,27950836,Tyler Shough (NOR),espn:4360689,350+ Passing Yards,,600,9831723349,,milestone,2026-10-05T23:06:13.440059Z,2026-10-05T23:26:51.990764Z,2026-10-05T23:26:51.990764Z,2026-10-05T23:09:21.862000Z,,
2026-10-05T23:24:55Z,football_nfl,32677,2026-10-06T00:15:00Z,player_pass_yds,bovada,27950836,Tyler Shough (NOR),espn:4360689,375+ Passing Yards,,950,9831723350,,milestone,2026-10-05T22:22:36.318243Z,2026-10-05T23:26:51.990764Z,2026-10-05T23:26:51.990764Z,2026-10-05T23:09:21.862000Z,,
2026-10-05T23:24:55Z,football_nfl,32677,2026-10-06T00:15:00Z,player_pass_yds,bovada,27950836,Tyler Shough (NOR),espn:4360689,400+ Passing Yards,,1400,9831723351,,milestone,2026-10-05T11:14:48.100247Z,2026-10-05T23:26:51.990764Z,2026-10-05T23:26:51.990764Z,2026-10-05T23:09:21.862000Z,,
2026-10-05T23:24:55Z,football_nfl,32677,2026-10-06T00:15:00Z,player_pass_yds,bovada,27950836,Tyler Shough (NOR),espn:4360689,450+ Passing Yards,,2800,9831723352,,milestone,2026-10-02T19:38:59.669720Z,2026-10-05T23:26:51.990764Z,2026-10-05T23:26:51.990764Z,2026-10-05T23:09:21.862000Z,,
2026-10-05T23:24:55Z,football_nfl,32677,2026-10-06T00:15:00Z,player_pass_yds,bovada,27950836,Tyler Shough (NOR),espn:4360689,500+ Passing Yards,,3500,9831723353,,milestone,2026-10-01T09:45:45.767017Z,2026-10-05T23:26:51.990764Z,2026-10-05T23:26:51.990764Z,2026-10-05T23:09:21.862000Z,,
2026-10-05T23:24:55Z,football_nfl,32677,2026-10-06T00:15:00Z,player_pass_yds,bovada,27950836,Tyler Shough (NOR),espn:4360689,555+ Passing Yards (Record-breaking),,15000,9831723354,,milestone,2026-10-01T09:45:45.767017Z,2026-10-05T23:26:51.990764Z,2026-10-05T23:26:51.990764Z,2026-10-05T23:09:21.862000Z,,
2026-10-05T23:24:55Z,football_nfl,32677,2026-10-06T00:15:00Z,player_reception_yds,bovada,27950836,Alvin Kamara (NOR),espn:3054850,10+ Receiving Yards,,-260,9831723360,,milestone,2026-10-05T23:18:31.204258Z,2026-10-05T23:26:51.990764Z,2026-10-05T23:26:51.990764Z,2026-10-05T23:09:21.862000Z,,
2026-10-05T23:24:55Z,football_nfl,32677,2026-10-06T00:15:00Z,player_reception_yds,bovada,27950836,Alvin Kamara (NOR),espn:3054850,100+ Receiving Yards,,2800,9831723359,,milestone,2026-10-01T20:42:13.660990Z,2026-10-05T23:26:51.990764Z,2026-10-05T23:26:51.990764Z,2026-10-05T23:09:21.862000Z,,
2026-10-05T23:24:55Z,football_nfl,32677,2026-10-06T00:15:00Z,player_reception_yds,bovada,27950836,Alvin Kamara (NOR),espn:3054850,125+ Receiving Yards,,3300,9831723361,,milestone,2026-10-03T10:47:03.576578Z,2026-10-05T23:26:51.990764Z,2026-10-05T23:26:51.990764Z,2026-10-05T23:09:21.862000Z,,
2026-10-05T23:24:55Z,football_nfl,32677,2026-10-06T00:15:00Z,player_reception_yds,bovada,27950836,Alvin Kamara (NOR),espn:3054850,20+ Receiving Yards,,105,9831723362,,milestone,2026-10-05T23:18:31.204258Z,2026-10-05T23:26:51.990764Z,2026-10-05T23:26:51.990764Z,2026-10-05T23:09:21.862000Z,,
2026-10-05T23:24:55Z,football_nfl,32677,2026-10-06T00:15:00Z,player_reception_yds,bovada,27950836,Alvin Kamara (NOR),espn:3054850,30+ Receiving Yards,,210,9831723363,,milestone,2026-10-05T23:18:31.204258Z,2026-10-05T23:26:51.990764Z,2026-10-05T23:26:51.990764Z,2026-10-05T23:09:21.862000Z,,
2026-10-05T23:24:55Z,football_nfl,32677,2026-10-06T00:15:00Z,player_reception_yds,bovada,27950836,Alvin Kamara (NOR),espn:3054850,40+ Receiving Yards,,365,9831723364,,milestone,2026-10-05T23:18:31.204258Z,2026-10-05T23:26:51.990764Z,2026-10-05T23:26:51.990764Z,2026-10-05T23:09:21.862000Z,,
2026-10-05T23:24:55Z,football_nfl,32677,2026-10-06T00:15:00Z,player_reception_yds,bovada,27950836,Alvin Kamara (NOR),espn:3054850,50+ Receiving Yards,,575,9831723365,,milestone,2026-10-05T23:18:31.204258Z,2026-10-05T23:26:51.990764Z,2026-10-05T23:26:51.990764Z,2026-10-05T23:09:21.862000Z,,
2026-10-05T23:24:55Z,football_nfl,32677,2026-10-06T00:15:00Z,player_reception_yds,bovada,27950836,Alvin Kamara (NOR),espn:3054850,60+ Receiving Yards,,900,9831723366,,milestone,2026-10-05T23:18:31.204258Z,2026-10-05T23:26:51.990764Z,2026-10-05T23:26:51.990764Z,2026-10-05T23:09:21.862000Z,,
2026-10-05T23:24:55Z,football_nfl,32677,2026-10-06T00:15:00Z,player_reception_yds,bovada,27950836,Alvin Kamara (NOR),espn:3054850,70+ Receiving Yards,,1300,9831723367,,milestone,2026-10-05T23:18:31.204258Z,2026-10-05T23:26:51.990764Z,2026-10-05T23:26:51.990764Z,2026-10-05T23:09:21.862000Z,,
2026-10-05T23:24:55Z,football_nfl,32677,2026-10-06T00:15:00Z,player_reception_yds,bovada,27950836,Alvin Kamara (NOR),espn:3054850,80+ Receiving Yards,,1800,9831723368,,milestone,2026-10-05T23:18:31.204258Z,2026-10-05T23:26:51.990764Z,2026-10-05T23:26:51.990764Z,2026-10-05T23:09:21.862000Z,,
2026-10-05T23:24:55Z,football_nfl,32677,2026-10-06T00:15:00Z,player_reception_yds,bovada,27950836,Alvin Kamara (NOR),espn:3054850,90+ Receiving Yards,,2300,9831723369,,milestone,2026-10-05T23:18:31.204258Z,2026-10-05T23:26:51.990764Z,2026-10-05T23:26:51.990764Z,2026-10-05T23:09:21.862000Z,,
2026-10-05T23:24:55Z,football_nfl,32677,2026-10-06T00:15:00Z,player_reception_yds,bovada,27950836,Bijan Robinson (ATL),espn:4430807,100+ Receiving Yards,,1100,9831723370,,milestone,2026-10-05T19:26:12.298855Z,2026-10-05T23:26:51.990764Z,2026-10-05T23:26:51.990764Z,2026-10-05T23:09:21.862000Z,,
2026-10-05T23:24:55Z,football_nfl,32677,2026-10-06T00:15:00Z,player_reception_yds,bovada,27950836,Bijan Robinson (ATL),espn:4430807,125+ Receiving Yards,,2100,9831723371,,milestone,2026-10-05T19:26:12.298855Z,2026-10-05T23:26:51.990764Z,2026-10-05T23:26:51.990764Z,2026-10-05T23:09:21.862000Z,,
2026-10-05T23:24:55Z,football_nfl,32677,2026-10-06T00:15:00Z,player_reception_yds,bovada,27950836,Bijan Robinson (ATL),espn:4430807,150+ Receiving Yards,,3000,9831723372,,milestone,2026-10-05T12:04:48.936676Z,2026-10-05T23:26:51.990764Z,2026-10-05T23:26:51.990764Z,2026-10-05T23:09:21.862000Z,,
2026-10-05T23:24:55Z,football_nfl,32677,2026-10-06T00:15:00Z,player_reception_yds,bovada,27950836,Bijan Robinson (ATL),espn:4430807,175+ Receiving Yards,,3500,9831723373,,milestone,2026-10-05T19:26:12.298855Z,2026-10-05T23:26:51.990764Z,2026-10-05T23:26:51.990764Z,2026-10-05T23:09:21.862000Z,,
2026-10-05T23:24:55Z,football_nfl,32677,2026-10-06T00:15:00Z,player_reception_yds,bovada,27950836,Bijan Robinson (ATL),espn:4430807,20+ Receiving Yards,,-440,9831723374,,milestone,2026-10-05T19:26:12.298855Z,2026-10-05T23:26:51.990764Z,2026-10-05T23:26:51.990764Z,2026-10-05T23:09:21.862000Z,,
2026-10-05T23:24:55Z,football_nfl,32677,2026-10-06T00:15:00Z,player_reception_yds,bovada,27950836,Bijan Robinson (ATL),espn:4430807,30+ Receiving Yards,,-185,9831723375,,milestone,2026-10-05T19:26:12.298855Z,2026-10-05T23:26:51.990764Z,2026-10-05T23:26:51.990764Z,2026-10-05T23:09:21.862000Z,,
2026-10-05T23:24:55Z,football_nfl,32677,2026-10-06T00:15:00Z,player_reception_yds,bovada,27950836,Bijan Robinson (ATL),espn:4430807,40+ Receiving Yards,,100,9831723376,,milestone,2026-10-05T19:26:12.298855Z,2026-10-05T23:26:51.990764Z,2026-10-05T23:26:51.990764Z,2026-10-05T23:09:21.862000Z,,
2026-10-05T23:24:55Z,football_nfl,32677,2026-10-06T00:15:00Z,player_reception_yds,bovada,27950836,Bijan Robinson (ATL),espn:4430807,50+ Receiving Yards,,165,9831723377,,milestone,2026-10-05T19:26:12.298855Z,2026-10-05T23:26:51.990764Z,2026-10-05T23:26:51.990764Z,2026-10-05T23:09:21.862000Z,,
2026-10-05T23:24:55Z,football_nfl,32677,2026-10-06T00:15:00Z,player_reception_yds,bovada,27950836,Bijan Robinson (ATL),espn:4430807,60+ Receiving Yards,,255,9831723378,,milestone,2026-10-05T19:26:12.298855Z,2026-10-05T23:26:51.990764Z,2026-10-05T23:26:51.990764Z,2026-10-05T23:09:21.862000Z,,
2026-10-05T23:24:55Z,football_nfl,32677,2026-10-06T00:15:00Z,player_reception_yds,bovada,27950836,Bijan Robinson (ATL),espn:4430807,70+ Receiving Yards,,385,9831723379,,milestone,2026-10-05T19:26:12.298855Z,2026-10-05T23:26:51.990764Z,2026-10-05T23:26:51.990764Z,2026-10-05T23:09:21.862000Z,,
2026-10-05T23:24:55Z,football_nfl,32677,2026-10-06T00:15:00Z,player_reception_yds,bovada,27950836,Bijan Robinson (ATL),espn:4430807,80+ Receiving Yards,,550,9831723380,,milestone,2026-10-05T19:26:12.298855Z,2026-10-05T23:26:51.990764Z,2026-10-05T23:26:51.990764Z,2026-10-05T23:09:21.862000Z,,
2026-10-05T23:24:55Z,football_nfl,32677,2026-10-06T00:15:00Z,player_reception_yds,bovada,27950836,Bijan Robinson (ATL),espn:4430807,90+ Receiving Yards,,800,9831723381,,milestone,2026-10-05T19:26:12.298855Z,2026-10-05T23:26:51.990764Z,2026-10-05T23:26:51.990764Z,2026-10-05T23:09:21.862000Z,,
2026-10-05T23:24:55Z,football_nfl,32677,2026-10-06T00:15:00Z,player_reception_yds,bovada,27950836,Chris Olave (NOR),espn:4361370,100+ Receiving Yards,,125,9831723382,,milestone,2026-10-05T23:20:48.943492Z,2026-10-05T23:26:51.990764Z,2026-10-05T23:26:51.990764Z,2026-10-05T23:09:21.862000Z,,
2026-10-05T23:24:55Z,football_nfl,32677,2026-10-06T00:15:00Z,player_reception_yds,bovada,27950836,Chris Olave (NOR),espn:4361370,125+ Receiving Yards,,280,9831723383,,milestone,2026-10-05T23:20:48.943492Z,2026-10-05T23:26:51.990764Z,2026-10-05T23:26:51.990764Z,2026-10-05T23:09:21.862000Z,,
2026-10-05T23:24:55Z,football_nfl,32677,2026-10-06T00:15:00Z,player_reception_yds,bovada,27950836,Chris Olave (NOR),espn:4361370,150+ Receiving Yards,,550,9831723384,,milestone,2026-10-05T23:18:31.204258Z,2026-10-05T23:26:51.990764Z,2026-10-05T23:26:51.990764Z,2026-10-05T23:09:21.862000Z,,
2026-10-05T23:24:55Z,football_nfl,32677,2026-10-06T00:15:00Z,player_reception_yds,bovada,27950836,Chris Olave (NOR),espn:4361370,175+ Receiving Yards,,1000,9831723385,,milestone,2026-10-05T23:18:31.204258Z,2026-10-05T23:26:51.990764Z,2026-10-05T23:26:51.990764Z,2026-10-05T23:09:21.862000Z,,
2026-10-05T23:24:55Z,football_nfl,32677,2026-10-06T00:15:00Z,player_reception_yds,bovada,27950836,Chris Olave (NOR),espn:4361370,200+ Receiving Yards,,1900,9831723386,,milestone,2026-10-05T23:20:48.943492Z,2026-10-05T23:26:51.990764Z,2026-10-05T23:26:51.990764Z,2026-10-05T23:09:21.862000Z,,
2026-10-05T23:24:55Z,football_nfl,32677,2026-10-06T00:15:00Z,player_reception_yds,bovada,27950836,Chris Olave (NOR),espn:4361370,250+ Receiving Yards,,3300,9831723387,,milestone,2026-10-05T23:18:31.204258Z,2026-10-05T23:26:51.990764Z,2026-10-05T23:26:51.990764Z,2026-10-05T23:09:21.862000Z,,
2026-10-05T23:24:55Z,football_nfl,32677,2026-10-06T00:15:00Z,player_reception_yds,bovada,27950836,Chris Olave (NOR),espn:4361370,337+ Receiving Yards (Record-breaking),,15000,9831723388,,milestone,2026-10-01T09:45:45.767017Z,2026-10-05T23:26:51.990764Z,2026-10-05T23:26:51.990764Z,2026-10-05T23:09:21.862000Z,,
2026-10-05T23:24:55Z,football_nfl,32677,2026-10-06T00:15:00Z,player_reception_yds,bovada,27950836,Chris Olave (NOR),espn:4361370,50+ Receiving Yards,,-900,9831723389,,milestone,2026-10-05T23:20:48.943492Z,2026-10-05T23:26:51.990764Z,2026-10-05T23:26:51.990764Z,2026-10-05T23:09:21.862000Z,,
2026-10-05T23:24:55Z,football_nfl,32677,2026-10-06T00:15:00Z,player_reception_yds,bovada,27950836,Chris Olave (NOR),espn:4361370,60+ Receiving Yards,,-430,9831723390,,milestone,2026-10-05T23:20:48.943492Z,2026-10-05T23:26:51.990764Z,2026-10-05T23:26:51.990764Z,2026-10-05T23:09:21.862000Z,,
2026-10-05T23:24:55Z,football_nfl,32677,2026-10-06T00:15:00Z,player_reception_yds,bovada,27950836,Chris Olave (NOR),espn:4361370,70+ Receiving Yards,,-250,9831723391,,milestone,2026-10-05T23:20:48.943492Z,2026-10-05T23:26:51.990764Z,2026-10-05T23:26:51.990764Z,2026-10-05T23:09:21.862000Z,,
2026-10-05T23:24:55Z,football_nfl,32677,2026-10-06T00:15:00Z,player_reception_yds,bovada,27950836,Chris Olave (NOR),espn:4361370,80+ Receiving Yards,,-165,9831723392,,milestone,2026-10-05T23:20:48.943492Z,2026-10-05T23:26:51.990764Z,2026-10-05T23:26:51.990764Z,2026-10-05T23:09:21.862000Z,,
2026-10-05T23:24:55Z,football_nfl,32677,2026-10-06T00:15:00Z,player_reception_yds,bovada,27950836,Chris Olave (NOR),espn:4361370,90+ Receiving Yards,,-110,9831723393,,milestone,2026-10-05T23:20:48.943492Z,2026-10-05T23:26:51.990764Z,2026-10-05T23:26:51.990764Z,2026-10-05T23:09:21.862000Z,,
2026-10-05T23:24:55Z,football_nfl,32677,2026-10-06T00:15:00Z,player_reception_yds,bovada,27950836,Devaughn Vele (NOR),espn:4569559,100+ Receiving Yards,,650,9831723394,,milestone,2026-10-05T23:18:31.204258Z,2026-10-05T23:26:51.990764Z,2026-10-05T23:26:51.990764Z,2026-10-05T23:09:21.862000Z,,
2026-10-05T23:24:55Z,football_nfl,32677,2026-10-06T00:15:00Z,player_reception_yds,bovada,27950836,Devaughn Vele (NOR),espn:4569559,125+ Receiving Yards,,1400,9831723395,,milestone,2026-10-05T23:20:48.943492Z,2026-10-05T23:26:51.990764Z,2026-10-05T23:26:51.990764Z,2026-10-05T23:09:21.862000Z,,
2026-10-05T23:24:55Z,football_nfl,32677,2026-10-06T00:15:00Z,player_reception_yds,bovada,27950836,Devaughn Vele (NOR),espn:4569559,150+ Receiving Yards,,2400,9831723396,,milestone,2026-10-05T23:18:31.204258Z,2026-10-05T23:26:51.990764Z,2026-10-05T23:26:51.990764Z,2026-10-05T23:09:21.862000Z,,
2026-10-05T23:24:55Z,football_nfl,32677,2026-10-06T00:15:00Z,player_reception_yds,bovada,27950836,Devaughn Vele (NOR),espn:4569559,175+ Receiving Yards,,3000,9831723397,,milestone,2026-10-05T21:38:42.204970Z,2026-10-05T23:26:51.990764Z,2026-10-05T23:26:51.990764Z,2026-10-05T23:09:21.862000Z,,
2026-10-05T23:24:55Z,football_nfl,32677,2026-10-06T00:15:00Z,player_reception_yds,bovada,27950836,Devaughn Vele (NOR),espn:4569559,20+ Receiving Yards,,-1200,9831723399,,milestone,2026-10-05T23:18:31.204258Z,2026-10-05T23:26:51.990764Z,2026-10-05T23:26:51.990764Z,2026-10-05T23:09:21.862000Z,,
2026-10-05T23:24:55Z,football_nfl,32677,2026-10-06T00:15:00Z,player_reception_yds,bovada,27950836,Devaughn Vele (NOR),espn:4569559,200+ Receiving Yards,,3500,9831723398,,milestone,2026-10-05T23:18:31.204258Z,2026-10-05T23:26:51.990764Z,2026-10-05T23:26:51.990764Z,2026-10-05T23:09:21.862000Z,,
2026-10-05T23:24:55Z,football_nfl,32677,2026-10-06T00:15:00Z,player_reception_yds,bovada,27950836,Devaughn Vele (NOR),espn:4569559,30+ Receiving Yards,,-375,9831723400,,milestone,2026-10-05T23:18:31.204258Z,2026-10-05T23:26:51.990764Z,2026-10-05T23:26:51.990764Z,2026-10-05T23:09:21.862000Z,,
2026-10-05T23:24:55Z,football_nfl,32677,2026-10-06T00:15:00Z,player_reception_yds,bovada,27950836,Devaughn Vele (NOR),espn:4569559,40+ Receiving Yards,,-180,9831723401,,milestone,2026-10-05T23:18:31.204258Z,2026-10-05T23:26:51.990764Z,2026-10-05T23:26:51.990764Z,2026-10-05T23:09:21.862000Z,,
2026-10-05T23:24:55Z,football_nfl,32677,2026-10-06T00:15:00Z,player_reception_yds,bovada,27950836,Devaughn Vele (NOR),espn:4569559,50+ Receiving Yards,,-105,9831723402,,milestone,2026-10-05T23:20:48.943492Z,2026-10-05T23:26:51.990764Z,2026-10-05T23:26:51.990764Z,2026-10-05T23:09:21.862000Z,,
2026-10-05T23:24:55Z,football_nfl,32677,2026-10-06T00:15:00Z,player_reception_yds,bovada,27950836,Devaughn Vele (NOR),espn:4569559,60+ Receiving Yards,,150,9831723403,,milestone,2026-10-05T23:20:48.943492Z,2026-10-05T23:26:51.990764Z,2026-10-05T23:26:51.990764Z,2026-10-05T23:09:21.862000Z,,
2026-10-05T23:24:55Z,football_nfl,32677,2026-10-06T00:15:00Z,player_reception_yds,bovada,27950836,Devaughn Vele (NOR),espn:4569559,70+ Receiving Yards,,225,9831723404,,milestone,2026-10-05T23:18:31.204258Z,2026-10-05T23:26:51.990764Z,2026-10-05T23:26:51.990764Z,2026-10-05T23:09:21.862000Z,,
2026-10-05T23:24:55Z,football_nfl,32677,2026-10-06T00:15:00Z,player_reception_yds,bovada,27950836,Devaughn Vele (NOR),espn:4569559,80+ Receiving Yards,,325,9831723405,,milestone,2026-10-05T23:18:31.204258Z,2026-10-05T23:26:51.990764Z,2026-10-05T23:26:51.990764Z,2026-10-05T23:09:21.862000Z,,
2026-10-05T23:24:55Z,football_nfl,32677,2026-10-06T00:15:00Z,player_reception_yds,bovada,27950836,Devaughn Vele (NOR),espn:4569559,90+ Receiving Yards,,460,9831723406,,milestone,2026-10-05T23:18:31.204258Z,2026-10-05T23:26:51.990764Z,2026-10-05T23:26:51.990764Z,2026-10-05T23:09:21.862000Z,,
2026-10-05T23:24:55Z,football_nfl,32677,2026-10-06T00:15:00Z,player_reception_yds,bovada,27950836,Drake London (ATL),espn:4426502,100+ Receiving Yards,,160,9831723407,,milestone,2026-10-05T23:20:48.943492Z,2026-10-05T23:26:51.990764Z,2026-10-05T23:26:51.990764Z,2026-10-05T23:09:21.862000Z,,
2026-10-05T23:24:55Z,football_nfl,32677,2026-10-06T00:15:00Z,player_reception_yds,bovada,27950836,Drake London (ATL),espn:4426502,125+ Receiving Yards,,345,9831723408,,milestone,2026-10-05T23:20:48.943492Z,2026-10-05T23:26:51.990764Z,2026-10-05T23:26:51.990764Z,2026-10-05T23:09:21.862000Z,,
2026-10-05T23:24:55Z,football_nfl,32677,2026-10-06T00:15:00Z,player_reception_yds,bovada,27950836,Drake London (ATL),espn:4426502,150+ Receiving Yards,,700,9831723409,,milestone,2026-10-05T23:20:48.943492Z,2026-10-05T23:26:51.990764Z,2026-10-05T23:26:51.990764Z,2026-10-05T23:09:21.862000Z,,
2026-10-05T23:24:55Z,football_nfl,32677,2026-10-06T00:15:00Z,player_reception_yds,bovada,27950836,Drake London (ATL),espn:4426502,175+ Receiving Yards,,1300,9831723410,,milestone,2026-10-05T23:20:48.943492Z,2026-10-05T23:26:51.990764Z,2026-10-05T23:26:51.990764Z,2026-10-05T23:09:21.862000Z,,
2026-10-05T23:24:55Z,football_nfl,32677,2026-10-06T00:15:00Z,player_reception_yds,bovada,27950836,Drake London (ATL),espn:4426502,200+ Receiving Yards,,2200,9831723411,,milestone,2026-10-05T23:20:48.943492Z,2026-10-05T23:26:51.990764Z,2026-10-05T23:26:51.990764Z,2026-10-05T23:09:21.862000Z,,
2026-10-05T23:24:55Z,football_nfl,32677,2026-10-06T00:15:00Z,player_reception_yds,bovada,27950836,Drake London (ATL),espn:4426502,250+ Receiving Yards,,3300,9831723412,,milestone,2026-10-05T03:08:43.498512Z,2026-10-05T23:26:51.990764Z,2026-10-05T23:26:51.990764Z,2026-10-05T23:09:21.862000Z,,
2026-10-05T23:24:55Z,football_nfl,32677,2026-10-06T00:15:00Z,player_reception_yds,bovada,27950836,Drake London (ATL),espn:4426502,337+ Receiving Yards (Record-breaking),,15000,9831723413,,milestone,2026-10-01T09:45:45.767017Z,2026-10-05T23:26:51.990764Z,2026-10-05T23:26:51.990764Z,2026-10-05T23:09:21.862000Z,,
2026-10-05T23:24:55Z,football_nfl,32677,2026-10-06T00:15:00Z,player_reception_yds,bovada,27950836,Drake London (ATL),espn:4426502,40+ Receiving Yards,,-1900,9831723414,,milestone,2026-10-05T23:20:48.943492Z,2026-10-05T23:26:51.990764Z,2026-10-05T23:26:51.990764Z,2026-10-05T23:09:21.862000Z,,
2026-10-05T23:24:55Z,football_nfl,32677,2026-10-06T00:15:00Z,player_reception_yds,bovada,27950836,Drake London (ATL),espn:4426502,50+ Receiving Yards,,-625,9831723415,,milestone,2026-10-05T23:20:48.943492Z,2026-10-05T23:26:51.990764Z,2026-10-05T23:26:51.990764Z,2026-10-05T23:09:21.862000Z,,
2026-10-05T23:24:55Z,football_nfl,32677,2026-10-06T00:15:00Z,player_reception_yds,bovada,27950836,Drake London (ATL),espn:4426502,60+ Receiving Yards,,-320,9831723416,,milestone,2026-10-05T23:20:48.943492Z,2026-10-05T23:26:51.990764Z,2026-10-05T23:26:51.990764Z,2026-10-05T23:09:21.862000Z,,
2026-10-05T23:24:55Z,football_nfl,32677,2026-10-06T00:15:00Z,player_reception_yds,bovada,27950836,Drake London (ATL),espn:4426502,70+ Receiving Yards,,-200,9831723417,,milestone,2026-10-05T23:20:48.943492Z,2026-10-05T23:26:51.990764Z,2026-10-05T23:26:51.990764Z,2026-10-05T23:09:21.862000Z,,
2026-10-05T23:24:55Z,football_nfl,32677,2026-10-06T00:15:00Z,player_reception_yds,bovada,27950836,Drake London (ATL),espn:4426502,80+ Receiving Yards,,-130,9831723418,,milestone,2026-10-05T23:20:48.943492Z,2026-10-05T23:26:51.990764Z,2026-10-05T23:26:51.990764Z,2026-10-05T23:09:21.862000Z,,
2026-10-05T23:24:55Z,football_nfl,32677,2026-10-06T00:15:00Z,player_reception_yds,bovada,27950836,Drake London (ATL),espn:4426502,90+ Receiving Yards,,110,9831723419,,milestone,2026-10-05T18:28:00.119792Z,2026-10-05T23:26:51.990764Z,2026-10-05T23:26:51.990764Z,2026-10-05T23:09:21.862000Z,,
2026-10-05T23:24:55Z,football_nfl,32677,2026-10-06T00:15:00Z,player_reception_yds,bovada,27950836,Jahan Dotson (ATL),espn:4361409,10+ Receiving Yards,,-330,9831723421,,milestone,2026-10-05T20:51:25.844063Z,2026-10-05T23:26:51.990764Z,2026-10-05T23:26:51.990764Z,2026-10-05T23:09:21.862000Z,,
2026-10-05T23:24:55Z,football_nfl,32677,2026-10-06T00:15:00Z,player_reception_yds,bovada,27950836,Jahan Dotson (ATL),espn:4361409,100+ Receiving Yards,,2500,9831723420,,milestone,2026-10-01T09:45:45.767017Z,2026-10-05T23:26:51.990764Z,2026-10-05T23:26:51.990764Z,2026-10-05T23:09:21.862000Z,,
2026-10-05T23:24:55Z,football_nfl,32677,2026-10-06T00:15:00Z,player_reception_yds,bovada,27950836,Jahan Dotson (ATL),espn:4361409,125+ Receiving Yards,,3300,9831723422,,milestone,2026-10-01T09:45:45.767017Z,2026-10-05T23:26:51.990764Z,2026-10-05T23:26:51.990764Z,2026-10-05T23:09:21.862000Z,,
2026-10-05T23:24:55Z,football_nfl,32677,2026-10-06T00:15:00Z,player_reception_yds,bovada,27950836,Jahan Dotson (ATL),espn:4361409,20+ Receiving Yards,,-115,9831723423,,milestone,2026-10-05T20:51:25.844063Z,2026-10-05T23:26:51.990764Z,2026-10-05T23:26:51.990764Z,2026-10-05T23:09:21.862000Z,,
2026-10-05T23:24:55Z,football_nfl,32677,2026-10-06T00:15:00Z,player_reception_yds,bovada,27950836,Jahan Dotson (ATL),espn:4361409,30+ Receiving Yards,,175,9831723424,,milestone,2026-10-05T20:51:25.844063Z,2026-10-05T23:26:51.990764Z,2026-10-05T23:26:51.990764Z,2026-10-05T23:09:21.862000Z,,
2026-10-05T23:24:55Z,football_nfl,32677,2026-10-06T00:15:00Z,player_reception_yds,bovada,27950836,Jahan Dotson (ATL),espn:4361409,40+ Receiving Yards,,300,9831723425,,milestone,2026-10-05T22:52:18.810458Z,2026-10-05T23:26:51.990764Z,2026-10-05T23:26:51.990764Z,2026-10-05T23:09:21.862000Z,,
2026-10-05T23:24:55Z,football_nfl,32677,2026-10-06T00:15:00Z,player_reception_yds,bovada,27950836,Jahan Dotson (ATL),espn:4361409,50+ Receiving Yards,,475,9831723426,,milestone,2026-10-05T20:51:25.844063Z,2026-10-05T23:26:51.990764Z,2026-10-05T23:26:51.990764Z,2026-10-05T23:09:21.862000Z,,
2026-10-05T23:24:55Z,football_nfl,32677,2026-10-06T00:15:00Z,player_reception_yds,bovada,27950836,Jahan Dotson (ATL),espn:4361409,60+ Receiving Yards,,750,9831723427,,milestone,2026-10-05T20:51:25.844063Z,2026-10-05T23:26:51.990764Z,2026-10-05T23:26:51.990764Z,2026-10-05T23:09:21.862000Z,,
2026-10-05T23:24:55Z,football_nfl,32677,2026-10-06T00:15:00Z,player_reception_yds,bovada,27950836,Jahan Dotson (ATL),espn:4361409,70+ Receiving Yards,,1100,9831723428,,milestone,2026-10-05T19:14:59.617414Z,2026-10-05T23:26:51.990764Z,2026-10-05T23:26:51.990764Z,2026-10-05T23:09:21.862000Z,,
2026-10-05T23:24:55Z,football_nfl,32677,2026-10-06T00:15:00Z,player_reception_yds,bovada,27950836,Jahan Dotson (ATL),espn:4361409,80+ Receiving Yards,,1500,9831723429,,milestone,2026-10-05T20:51:25.844063Z,2026-10-05T23:26:51.990764Z,2026-10-05T23:26:51.990764Z,2026-10-05T23:09:21.862000Z,,
2026-10-05T23:24:55Z,football_nfl,32677,2026-10-06T00:15:00Z,player_reception_yds,bovada,27950836,Jahan Dotson (ATL),espn:4361409,90+ Receiving Yards,,2000,9831723430,,milestone,2026-10-05T20:51:25.844063Z,2026-10-05T23:26:51.990764Z,2026-10-05T23:26:51.990764Z,2026-10-05T23:09:21.862000Z,,
2026-10-05T23:24:55Z,football_nfl,32677,2026-10-06T00:15:00Z,player_reception_yds,bovada,27950836,Juwan Johnson (NOR),espn:3929645,100+ Receiving Yards,,625,9831723431,,milestone,2026-10-05T23:18:31.204258Z,2026-10-05T23:26:51.990764Z,2026-10-05T23:26:51.990764Z,2026-10-05T23:09:21.862000Z,,
2026-10-05T23:24:55Z,football_nfl,32677,2026-10-06T00:15:00Z,player_reception_yds,bovada,27950836,Juwan Johnson (NOR),espn:3929645,125+ Receiving Yards,,1300,9831723432,,milestone,2026-10-05T23:18:31.204258Z,2026-10-05T23:26:51.990764Z,2026-10-05T23:26:51.990764Z,2026-10-05T23:09:21.862000Z,,
2026-10-05T23:24:55Z,football_nfl,32677,2026-10-06T00:15:00Z,player_reception_yds,bovada,27950836,Juwan Johnson (NOR),espn:3929645,150+ Receiving Yards,,2400,9831723433,,milestone,2026-10-05T23:18:31.204258Z,2026-10-05T23:26:51.990764Z,2026-10-05T23:26:51.990764Z,2026-10-05T23:09:21.862000Z,,
2026-10-05T23:24:55Z,football_nfl,32677,2026-10-06T00:15:00Z,player_reception_yds,bovada,27950836,Juwan Johnson (NOR),espn:3929645,175+ Receiving Yards,,3000,9831723434,,milestone,2026-10-05T17:22:28.336049Z,2026-10-05T23:26:51.990764Z,2026-10-05T23:26:51.990764Z,2026-10-05T23:09:21.862000Z,,
2026-10-05T23:24:55Z,football_nfl,32677,2026-10-06T00:15:00Z,player_reception_yds,bovada,27950836,Juwan Johnson (NOR),espn:3929645,20+ Receiving Yards,,-1300,9831723435,,milestone,2026-10-05T23:18:31.204258Z,2026-10-05T23:26:51.990764Z,2026-10-05T23:26:51.990764Z,2026-10-05T23:09:21.862000Z,,
2026-10-05T23:24:55Z,football_nfl,32677,2026-10-06T00:15:00Z,player_reception_yds,bovada,27950836,Juwan Johnson (NOR),espn:3929645,200+ Receiving Yards,,3500,10163361730,,milestone,2026-10-02T14:58:49.669166Z,2026-10-05T23:26:51.990764Z,2026-10-05T23:26:51.990764Z,2026-10-05T23:09:21.862000Z,,
2026-10-05T23:24:55Z,football_nfl,32677,2026-10-06T00:15:00Z,player_reception_yds,bovada,27950836,Juwan Johnson (NOR),espn:3929645,30+ Receiving Yards,,-375,9831723436,,milestone,2026-10-05T23:18:31.204258Z,2026-10-05T23:26:51.990764Z,2026-10-05T23:26:51.990764Z,2026-10-05T23:09:21.862000Z,,
2026-10-05T23:24:55Z,football_nfl,32677,2026-10-06T00:15:00Z,player_reception_yds,bovada,27950836,Juwan Johnson (NOR),espn:3929645,40+ Receiving Yards,,-185,9831723437,,milestone,2026-10-05T23:18:31.204258Z,2026-10-05T23:26:51.990764Z,2026-10-05T23:26:51.990764Z,2026-10-05T23:09:21.862000Z,,
2026-10-05T23:24:55Z,football_nfl,32677,2026-10-06T00:15:00Z,player_reception_yds,bovada,27950836,Juwan Johnson (NOR),espn:3929645,50+ Receiving Yards,,-110,9831723456,,milestone,2026-10-05T23:18:31.204258Z,2026-10-05T23:26:51.990764Z,2026-10-05T23:26:51.990764Z,2026-10-05T23:09:21.862000Z,,
2026-10-05T23:24:55Z,football_nfl,32677,2026-10-06T00:15:00Z,player_reception_yds,bovada,27950836,Juwan Johnson (NOR),espn:3929645,60+ Receiving Yards,,145,9831723457,,milestone,2026-10-05T23:18:31.204258Z,2026-10-05T23:26:51.990764Z,2026-10-05T23:26:51.990764Z,2026-10-05T23:09:21.862000Z,,
2026-10-05T23:24:55Z,football_nfl,32677,2026-10-06T00:15:00Z,player_reception_yds,bovada,27950836,Juwan Johnson (NOR),espn:3929645,70+ Receiving Yards,,220,9831723458,,milestone,2026-10-05T23:18:31.204258Z,2026-10-05T23:26:51.990764Z,2026-10-05T23:26:51.990764Z,2026-10-05T23:09:21.862000Z,,
2026-10-05T23:24:55Z,football_nfl,32677,2026-10-06T00:15:00Z,player_reception_yds,bovada,27950836,Juwan Johnson (NOR),espn:3929645,80+ Receiving Yards,,325,9831723459,,milestone,2026-10-05T23:18:31.204258Z,2026-10-05T23:26:51.990764Z,2026-10-05T23:26:51.990764Z,2026-10-05T23:09:21.862000Z,,
2026-10-05T23:24:55Z,football_nfl,32677,2026-10-06T00:15:00Z,player_reception_yds,bovada,27950836,Juwan Johnson (NOR),espn:3929645,90+ Receiving Yards,,460,9831723460,,milestone,2026-10-05T23:18:31.204258Z,2026-10-05T23:26:51.990764Z,2026-10-05T23:26:51.990764Z,2026-10-05T23:09:21.862000Z,,
2026-10-05T23:24:55Z,football_nfl,32677,2026-10-06T00:15:00Z,player_reception_yds,bovada,27950836,Kyle Pitts (ATL),espn:4360248,10+ Receiving Yards,,-1600,9831723462,,milestone,2026-10-05T23:18:31.204258Z,2026-10-05T23:26:51.990764Z,2026-10-05T23:26:51.990764Z,2026-10-05T23:09:21.862000Z,,
2026-10-05T23:24:55Z,football_nfl,32677,2026-10-06T00:15:00Z,player_reception_yds,bovada,27950836,Kyle Pitts (ATL),espn:4360248,100+ Receiving Yards,,1400,9831723461,,milestone,2026-10-05T23:06:13.440059Z,2026-10-05T23:26:51.990764Z,2026-10-05T23:26:51.990764Z,2026-10-05T23:09:21.862000Z,,
2026-10-05T23:24:55Z,football_nfl,32677,2026-10-06T00:15:00Z,player_reception_yds,bovada,27950836,Kyle Pitts (ATL),espn:4360248,125+ Receiving Yards,,2500,9831723463,,milestone,2026-10-05T14:18:50.000089Z,2026-10-05T23:26:51.990764Z,2026-10-05T23:26:51.990764Z,2026-10-05T23:09:21.862000Z,,
2026-10-05T23:24:55Z,football_nfl,32677,2026-10-06T00:15:00Z,player_reception_yds,bovada,27950836,Kyle Pitts (ATL),espn:4360248,150+ Receiving Yards,,3300,9831723464,,milestone,2026-10-05T23:06:13.440059Z,2026-10-05T23:26:51.990764Z,2026-10-05T23:26:51.990764Z,2026-10-05T23:09:21.862000Z,,
2026-10-05T23:24:55Z,football_nfl,32677,2026-10-06T00:15:00Z,player_reception_yds,bovada,27950836,Kyle Pitts (ATL),espn:4360248,175+ Receiving Yards,,3500,10927646656,,milestone,2026-10-05T15:20:45.166937Z,2026-10-05T23:26:51.990764Z,2026-10-05T23:26:51.990764Z,2026-10-05T23:09:21.862000Z,,
2026-10-05T23:24:55Z,football_nfl,32677,2026-10-06T00:15:00Z,player_reception_yds,bovada,27950836,Kyle Pitts (ATL),espn:4360248,20+ Receiving Yards,,-300,9831723465,,milestone,2026-10-05T23:18:31.204258Z,2026-10-05T23:26:51.990764Z,2026-10-05T23:26:51.990764Z,2026-10-05T23:09:21.862000Z,,
2026-10-05T23:24:55Z,football_nfl,32677,2026-10-06T00:15:00Z,player_reception_yds,bovada,27950836,Kyle Pitts (ATL),espn:4360248,30+ Receiving Yards,,-135,9831723466,,milestone,2026-10-05T23:18:31.204258Z,2026-10-05T23:26:51.990764Z,2026-10-05T23:26:51.990764Z,2026-10-05T23:09:21.862000Z,,
2026-10-05T23:24:55Z,football_nfl,32677,2026-10-06T00:15:00Z,player_reception_yds,bovada,27950836,Kyle Pitts (ATL),espn:4360248,40+ Receiving Yards,,135,9831723467,,milestone,2026-10-05T23:18:31.204258Z,2026-10-05T23:26:51.990764Z,2026-10-05T23:26:51.990764Z,2026-10-05T23:09:21.862000Z,,
2026-10-05T23:24:55Z,football_nfl,32677,2026-10-06T00:15:00Z,player_reception_yds,bovada,27950836,Kyle Pitts (ATL),espn:4360248,50+ Receiving Yards,,220,9831723468,,milestone,2026-10-05T23:18:31.204258Z,2026-10-05T23:26:51.990764Z,2026-10-05T23:26:51.990764Z,2026-10-05T23:09:21.862000Z,,
2026-10-05T23:24:55Z,football_nfl,32677,2026-10-06T00:15:00Z,player_reception_yds,bovada,27950836,Kyle Pitts (ATL),espn:4360248,60+ Receiving Yards,,340,9831723469,,milestone,2026-10-05T23:18:31.204258Z,2026-10-05T23:26:51.990764Z,2026-10-05T23:26:51.990764Z,2026-10-05T23:09:21.862000Z,,
2026-10-05T23:24:55Z,football_nfl,32677,2026-10-06T00:15:00Z,player_reception_yds,bovada,27950836,Kyle Pitts (ATL),espn:4360248,70+ Receiving Yards,,500,9831723470,,milestone,2026-10-05T23:18:31.204258Z,2026-10-05T23:26:51.990764Z,2026-10-05T23:26:51.990764Z,2026-10-05T23:09:21.862000Z,,
2026-10-05T23:24:55Z,football_nfl,32677,2026-10-06T00:15:00Z,player_reception_yds,bovada,27950836,Kyle Pitts (ATL),espn:4360248,80+ Receiving Yards,,725,9831723471,,milestone,2026-10-05T23:18:31.204258Z,2026-10-05T23:26:51.990764Z,2026-10-05T23:26:51.990764Z,2026-10-05T23:09:21.862000Z,,
2026-10-05T23:24:55Z,football_nfl,32677,2026-10-06T00:15:00Z,player_reception_yds,bovada,27950836,Kyle Pitts (ATL),espn:4360248,90+ Receiving Yards,,1000,9831723472,,milestone,2026-10-05T22:22:36.318243Z,2026-10-05T23:26:51.990764Z,2026-10-05T23:26:51.990764Z,2026-10-05T23:09:21.862000Z,,
2026-10-05T23:24:55Z,football_nfl,32677,2026-10-06T00:15:00Z,player_reception_yds,bovada,27950836,Noah Fant (NOR),espn:4036131,10+ Receiving Yards,,-230,9831723474,,milestone,2026-10-05T23:06:13.440059Z,2026-10-05T23:26:51.990764Z,2026-10-05T23:26:51.990764Z,2026-10-05T23:09:21.862000Z,,
2026-10-05T23:24:55Z,football_nfl,32677,2026-10-06T00:15:00Z,player_reception_yds,bovada,27950836,Noah Fant (NOR),espn:4036131,100+ Receiving Yards,,2800,9831723473,,milestone,2026-10-05T10:44:48.164248Z,2026-10-05T23:26:51.990764Z,2026-10-05T23:26:51.990764Z,2026-10-05T23:09:21.862000Z,,
2026-10-05T23:24:55Z,football_nfl,32677,2026-10-06T00:15:00Z,player_reception_yds,bovada,27950836,Noah Fant (NOR),espn:4036131,125+ Receiving Yards,,3300,9831723475,,milestone,2026-10-01T09:45:45.767017Z,2026-10-05T23:26:51.990764Z,2026-10-05T23:26:51.990764Z,2026-10-05T23:09:21.862000Z,,
2026-10-05T23:24:55Z,football_nfl,32677,2026-10-06T00:15:00Z,player_reception_yds,bovada,27950836,Noah Fant (NOR),espn:4036131,20+ Receiving Yards,,115,9831723476,,milestone,2026-10-05T23:06:13.440059Z,2026-10-05T23:26:51.990764Z,2026-10-05T23:26:51.990764Z,2026-10-05T23:09:21.862000Z,,
2026-10-05T23:24:55Z,football_nfl,32677,2026-10-06T00:15:00Z,player_reception_yds,bovada,27950836,Noah Fant (NOR),espn:4036131,30+ Receiving Yards,,230,9831723477,,milestone,2026-10-05T23:06:13.440059Z,2026-10-05T23:26:51.990764Z,2026-10-05T23:26:51.990764Z,2026-10-05T23:09:21.862000Z,,
2026-10-05T23:24:55Z,football_nfl,32677,2026-10-06T00:15:00Z,player_reception_yds,bovada,27950836,Noah Fant (NOR),espn:4036131,40+ Receiving Yards,,395,9831723478,,milestone,2026-10-05T23:06:13.440059Z,2026-10-05T23:26:51.990764Z,2026-10-05T23:26:51.990764Z,2026-10-05T23:09:21.862000Z,,
2026-10-05T23:24:55Z,football_nfl,32677,2026-10-06T00:15:00Z,player_reception_yds,bovada,27950836,Noah Fant (NOR),espn:4036131,50+ Receiving Yards,,625,9831723479,,milestone,2026-10-05T23:06:13.440059Z,2026-10-05T23:26:51.990764Z,2026-10-05T23:26:51.990764Z,2026-10-05T23:09:21.862000Z,,
2026-10-05T23:24:55Z,football_nfl,32677,2026-10-06T00:15:00Z,player_reception_yds,bovada,27950836,Noah Fant (NOR),espn:4036131,60+ Receiving Yards,,950,9831723480,,milestone,2026-10-05T23:06:13.440059Z,2026-10-05T23:26:51.990764Z,2026-10-05T23:26:51.990764Z,2026-10-05T23:09:21.862000Z,,
2026-10-05T23:24:55Z,football_nfl,32677,2026-10-06T00:15:00Z,player_reception_yds,bovada,27950836,Noah Fant (NOR),espn:4036131,70+ Receiving Yards,,1400,9831723481,,milestone,2026-10-05T16:43:52.741955Z,2026-10-05T23:26:51.990764Z,2026-10-05T23:26:51.990764Z,2026-10-05T23:09:21.862000Z,,
2026-10-05T23:24:55Z,football_nfl,32677,2026-10-06T00:15:00Z,player_reception_yds,bovada,27950836,Noah Fant (NOR),espn:4036131,80+ Receiving Yards,,1900,9831723482,,milestone,2026-10-05T16:43:52.741955Z,2026-10-05T23:26:51.990764Z,2026-10-05T23:26:51.990764Z,2026-10-05T23:09:21.862000Z,,
2026-10-05T23:24:55Z,football_nfl,32677,2026-10-06T00:15:00Z,player_reception_yds,bovada,27950836,Noah Fant (NOR),espn:4036131,90+ Receiving Yards,,2400,9831723483,,milestone,2026-10-05T23:06:13.440059Z,2026-10-05T23:26:51.990764Z,2026-10-05T23:26:51.990764Z,2026-10-05T23:09:21.862000Z,,
2026-10-05T23:24:55Z,football_nfl,32677,2026-10-06T00:15:00Z,player_reception_yds,bovada,27950836,Alvin Kamara (NOR),espn:3054850,Over,16.5,-115,9831723484,,main,2026-10-05T23:18:31.204258Z,2026-10-05T23:26:51.990764Z,2026-10-05T23:26:51.990764Z,2026-10-05T23:09:21.862000Z,,
2026-10-05T23:24:55Z,football_nfl,32677,2026-10-06T00:15:00Z,player_reception_yds,bovada,27950836,Alvin Kamara (NOR),espn:3054850,Under,16.5,-115,9831723485,,main,2026-10-05T23:18:31.204258Z,2026-10-05T23:26:51.990764Z,2026-10-05T23:26:51.990764Z,2026-10-05T23:09:21.862000Z,,
2026-10-05T23:24:55Z,football_nfl,32677,2026-10-06T00:15:00Z,player_reception_yds,bovada,27950836,Austin Hooper (ATL),espn:3043275,Over,6.5,-110,9831723486,,main,2026-10-05T23:20:48.943492Z,2026-10-05T23:26:51.990764Z,2026-10-05T23:26:51.990764Z,2026-10-05T23:09:21.862000Z,,
2026-10-05T23:24:55Z,football_nfl,32677,2026-10-06T00:15:00Z,player_reception_yds,bovada,27950836,Austin Hooper (ATL),espn:3043275,Under,6.5,-120,9831723487,,main,2026-10-05T23:20:48.943492Z,2026-10-05T23:26:51.990764Z,2026-10-05T23:26:51.990764Z,2026-10-05T23:09:21.862000Z,,
2026-10-05T23:24:55Z,football_nfl,32677,2026-10-06T00:15:00Z,player_reception_yds,bovada,27950836,Bijan Robinson (ATL),espn:4430807,Over,36.5,-115,9831723488,,main,2026-10-05T17:56:14.829796Z,2026-10-05T18:16:10.831383Z,2026-10-05T18:16:10.831383Z,2026-10-05T23:09:21.862000Z,,
2026-10-05T23:24:55Z,football_nfl,32677,2026-10-06T00:15:00Z,player_reception_yds,bovada,27950836,Bijan Robinson (ATL),espn:4430807,Under,36.5,-115,9831723489,,main,2026-10-05T17:56:14.829796Z,2026-10-05T18:16:10.831383Z,2026-10-05T18:16:10.831383Z,2026-10-05T23:09:21.862000Z,,
2026-10-05T23:24:55Z,football_nfl,32677,2026-10-06T00:15:00Z,player_reception_yds,bovada,27950836,Chris Olave (NOR),espn:4361370,Over,84.5,-120,9831723490,,main,2026-10-05T17:56:14.829796Z,2026-10-05T18:16:10.831383Z,2026-10-05T18:16:10.831383Z,2026-10-05T23:09:21.862000Z,,
2026-10-05T23:24:55Z,football_nfl,32677,2026-10-06T00:15:00Z,player_reception_yds,bovada,27950836,Chris Olave (NOR),espn:4361370,Under,84.5,-110,9831723491,,main,2026-10-05T17:56:14.829796Z,2026-10-05T18:16:10.831383Z,2026-10-05T18:16:10.831383Z,2026-10-05T23:09:21.862000Z,,
2026-10-05T23:24:55Z,football_nfl,32677,2026-10-06T00:15:00Z,player_reception_yds,bovada,27950836,Devaughn Vele (NOR),espn:4569559,Over,43.5,-115,9831723492,,main,2026-10-05T17:56:14.829796Z,2026-10-05T18:16:10.831383Z,2026-10-05T18:16:10.831383Z,2026-10-05T23:09:21.862000Z,,
2026-10-05T23:24:55Z,football_nfl,32677,2026-10-06T00:15:00Z,player_reception_yds,bovada,27950836,Devaughn Vele (NOR),espn:4569559,Under,43.5,-115,9831723493,,main,2026-10-05T17:56:14.829796Z,2026-10-05T18:16:10.831383Z,2026-10-05T18:16:10.831383Z,2026-10-05T23:09:21.862000Z,,
2026-10-05T23:24:55Z,football_nfl,32677,2026-10-06T00:15:00Z,player_reception_yds,bovada,27950836,Drake London (ATL),espn:4426502,Over,82.5,-120,9831723494,,main,2026-10-05T17:56:14.829796Z,2026-10-05T18:16:10.831383Z,2026-10-05T18:16:10.831383Z,2026-10-05T23:09:21.862000Z,,
2026-10-05T23:24:55Z,football_nfl,32677,2026-10-06T00:15:00Z,player_reception_yds,bovada,27950836,Drake London (ATL),espn:4426502,Under,82.5,-110,9831723495,,main,2026-10-05T17:56:14.829796Z,2026-10-05T18:16:10.831383Z,2026-10-05T18:16:10.831383Z,2026-10-05T23:09:21.862000Z,,
2026-10-05T23:24:55Z,football_nfl,32677,2026-10-06T00:15:00Z,player_reception_yds,bovada,27950836,Jahan Dotson (ATL),espn:4361409,Over,18.5,-120,9831723496,,main,2026-10-05T22:52:18.810458Z,2026-10-05T23:26:51.990764Z,2026-10-05T23:26:51.990764Z,2026-10-05T23:09:21.862000Z,,
2026-10-05T23:24:55Z,football_nfl,32677,2026-10-06T00:15:00Z,player_reception_yds,bovada,27950836,Jahan Dotson (ATL),espn:4361409,Under,18.5,-110,9831723497,,main,2026-10-05T22:52:18.810458Z,2026-10-05T23:26:51.990764Z,2026-10-05T23:26:51.990764Z,2026-10-05T23:09:21.862000Z,,
2026-10-05T23:24:55Z,football_nfl,32677,2026-10-06T00:15:00Z,player_reception_yds,bovada,27950836,Juwan Johnson (NOR),espn:3929645,Over,45.5,-115,9831723498,,main,2026-10-05T17:56:14.829796Z,2026-10-05T18:16:10.831383Z,2026-10-05T18:16:10.831383Z,2026-10-05T23:09:21.862000Z,,
2026-10-05T23:24:55Z,football_nfl,32677,2026-10-06T00:15:00Z,player_reception_yds,bovada,27950836,Juwan Johnson (NOR),espn:3929645,Under,45.5,-115,9831723499,,main,2026-10-05T17:56:14.829796Z,2026-10-05T18:16:10.831383Z,2026-10-05T18:16:10.831383Z,2026-10-05T23:09:21.862000Z,,
2026-10-05T23:24:55Z,football_nfl,32677,2026-10-06T00:15:00Z,player_reception_yds,bovada,27950836,Kyle Pitts (ATL),espn:4360248,Over,29.5,-125,9831723500,,main,2026-10-05T21:23:40.884150Z,2026-10-05T21:37:06.358848Z,2026-10-05T21:37:06.358848Z,2026-10-05T23:09:21.862000Z,,
2026-10-05T23:24:55Z,football_nfl,32677,2026-10-06T00:15:00Z,player_reception_yds,bovada,27950836,Kyle Pitts (ATL),espn:4360248,Under,29.5,-105,9831723501,,main,2026-10-05T21:23:40.884150Z,2026-10-05T21:37:06.358848Z,2026-10-05T21:37:06.358848Z,2026-10-05T23:09:21.862000Z,,
2026-10-05T23:24:55Z,football_nfl,32677,2026-10-06T00:15:00Z,player_reception_yds,bovada,27950836,Noah Fant (NOR),espn:4036131,Over,14.5,-120,9831723502,,main,2026-10-05T22:38:02.255358Z,2026-10-05T23:04:56.828280Z,2026-10-05T23:04:56.828280Z,2026-10-05T23:09:21.862000Z,,
2026-10-05T23:24:55Z,football_nfl,32677,2026-10-06T00:15:00Z,player_reception_yds,bovada,27950836,Noah Fant (NOR),espn:4036131,Under,14.5,-110,9831723503,,main,2026-10-05T22:38:02.255358Z,2026-10-05T23:04:56.828280Z,2026-10-05T23:04:56.828280Z,2026-10-05T23:09:21.862000Z,,
2026-10-05T23:24:55Z,football_nfl,32677,2026-10-06T00:15:00Z,player_receptions,bovada,27950836,Alvin Kamara (NOR),espn:3054850,10+ Receptions,,3000,9831723504,,milestone,2026-10-03T10:47:03.576578Z,2026-10-05T23:26:51.990764Z,2026-10-05T23:26:51.990764Z,2026-10-05T23:09:21.862000Z,,
2026-10-05T23:24:55Z,football_nfl,32677,2026-10-06T00:15:00Z,player_receptions,bovada,27950836,Alvin Kamara (NOR),espn:3054850,2+ Receptions,,-650,9831723505,,milestone,2026-10-05T23:06:13.440059Z,2026-10-05T23:26:51.990764Z,2026-10-05T23:26:51.990764Z,2026-10-05T23:09:21.862000Z,,
2026-10-05T23:24:55Z,football_nfl,32677,2026-10-06T00:15:00Z,player_receptions,bovada,27950836,Alvin Kamara (NOR),espn:3054850,3+ Receptions,,-190,9831723506,,milestone,2026-10-05T23:06:13.440059Z,2026-10-05T23:26:51.990764Z,2026-10-05T23:26:51.990764Z,2026-10-05T23:09:21.862000Z,,
2026-10-05T23:24:55Z,football_nfl,32677,2026-10-06T00:15:00Z,player_receptions,bovada,27950836,Alvin Kamara (NOR),espn:3054850,4+ Receptions,,125,9831723507,,milestone,2026-10-05T23:06:13.440059Z,2026-10-05T23:26:51.990764Z,2026-10-05T23:26:51.990764Z,2026-10-05T23:09:21.862000Z,,
2026-10-05T23:24:55Z,football_nfl,32677,2026-10-06T00:15:00Z,player_receptions,bovada,27950836,Alvin Kamara (NOR),espn:3054850,5+ Receptions,,270,9831723508,,milestone,2026-10-05T23:06:13.440059Z,2026-10-05T23:26:51.990764Z,2026-10-05T23:26:51.990764Z,2026-10-05T23:09:21.862000Z,,
2026-10-05T23:24:55Z,football_nfl,32677,2026-10-06T00:15:00Z,player_receptions,bovada,27950836,Alvin Kamara (NOR),espn:3054850,6+ Receptions,,550,9831723509,,milestone,2026-10-05T23:06:13.440059Z,2026-10-05T23:26:51.990764Z,2026-10-05T23:26:51.990764Z,2026-10-05T23:09:21.862000Z,,
2026-10-05T23:24:55Z,football_nfl,32677,2026-10-06T00:15:00Z,player_receptions,bovada,27950836,Alvin Kamara (NOR),espn:3054850,7+ Receptions,,1000,9831723510,,milestone,2026-10-05T23:06:13.440059Z,2026-10-05T23:26:51.990764Z,2026-10-05T23:26:51.990764Z,2026-10-05T23:09:21.862000Z,,
2026-10-05T23:24:55Z,football_nfl,32677,2026-10-06T00:15:00Z,player_receptions,bovada,27950836,Alvin Kamara (NOR),espn:3054850,8+ Receptions,,1900,9831723511,,milestone,2026-10-05T23:06:13.440059Z,2026-10-05T23:26:51.990764Z,2026-10-05T23:26:51.990764Z,2026-10-05T23:09:21.862000Z,,
2026-10-05T23:24:55Z,football_nfl,32677,2026-10-06T00:15:00Z,player_receptions,bovada,27950836,Alvin Kamara (NOR),espn:3054850,9+ Receptions,,2800,9831723512,,milestone,2026-10-05T00:51:01.289775Z,2026-10-05T23:26:51.990764Z,2026-10-05T23:26:51.990764Z,2026-10-05T23:09:21.862000Z,,
2026-10-05T23:24:55Z,football_nfl,32677,2026-10-06T00:15:00Z,player_receptions,bovada,27950836,Bijan Robinson (ATL),espn:4430807,10+ Receptions,,2100,9831723513,,milestone,2026-10-05T23:18:31.204258Z,2026-10-05T23:26:51.990764Z,2026-10-05T23:26:51.990764Z,2026-10-05T23:09:21.862000Z,,
2026-10-05T23:24:55Z,football_nfl,32677,2026-10-06T00:15:00Z,player_receptions,bovada,27950836,Bijan Robinson (ATL),espn:4430807,3+ Receptions,,-550,9831723514,,milestone,2026-10-05T23:18:31.204258Z,2026-10-05T23:26:51.990764Z,2026-10-05T23:26:51.990764Z,2026-10-05T23:09:21.862000Z,,
2026-10-05T23:24:55Z,football_nfl,32677,2026-10-06T00:15:00Z,player_receptions,bovada,27950836,Bijan Robinson (ATL),espn:4430807,4+ Receptions,,-200,9831723515,,milestone,2026-10-05T23:18:31.204258Z,2026-10-05T23:26:51.990764Z,2026-10-05T23:26:51.990764Z,2026-10-05T23:09:21.862000Z,,
2026-10-05T23:24:55Z,football_nfl,32677,2026-10-06T00:15:00Z,player_receptions,bovada,27950836,Bijan Robinson (ATL),espn:4430807,5+ Receptions,,105,9831723516,,milestone,2026-10-05T23:18:31.204258Z,2026-10-05T23:26:51.990764Z,2026-10-05T23:26:51.990764Z,2026-10-05T23:09:21.862000Z,,
2026-10-05T23:24:55Z,football_nfl,32677,2026-10-06T00:15:00Z,player_receptions,bovada,27950836,Bijan Robinson (ATL),espn:4430807,6+ Receptions,,210,9831723517,,milestone,2026-10-05T23:18:31.204258Z,2026-10-05T23:26:51.990764Z,2026-10-05T23:26:51.990764Z,2026-10-05T23:09:21.862000Z,,
2026-10-05T23:24:55Z,football_nfl,32677,2026-10-06T00:15:00Z,player_receptions,bovada,27950836,Bijan Robinson (ATL),espn:4430807,7+ Receptions,,385,9831723518,,milestone,2026-10-05T23:18:31.204258Z,2026-10-05T23:26:51.990764Z,2026-10-05T23:26:51.990764Z,2026-10-05T23:09:21.862000Z,,
2026-10-05T23:24:55Z,football_nfl,32677,2026-10-06T00:15:00Z,player_receptions,bovada,27950836,Bijan Robinson (ATL),espn:4430807,8+ Receptions,,725,9831723519,,milestone,2026-10-05T23:18:31.204258Z,2026-10-05T23:26:51.990764Z,2026-10-05T23:26:51.990764Z,2026-10-05T23:09:21.862000Z,,
2026-10-05T23:24:55Z,football_nfl,32677,2026-10-06T00:15:00Z,player_receptions,bovada,27950836,Bijan Robinson (ATL),espn:4430807,9+ Receptions,,1200,9831723520,,milestone,2026-10-05T23:18:31.204258Z,2026-10-05T23:26:51.990764Z,2026-10-05T23:26:51.990764Z,2026-10-05T23:09:21.862000Z,,
2026-10-05T23:24:55Z,football_nfl,32677,2026-10-06T00:15:00Z,player_receptions,bovada,27950836,Chris Olave (NOR),espn:4361370,10+ Receptions,,330,9831723521,,milestone,2026-10-05T23:18:31.204258Z,2026-10-05T23:26:51.990764Z,2026-10-05T23:26:51.990764Z,2026-10-05T23:09:21.862000Z,,
2026-10-05T23:24:55Z,football_nfl,32677,2026-10-06T00:15:00Z,player_receptions,bovada,27950836,Chris Olave (NOR),espn:4361370,5+ Receptions,,-700,9831723522,,milestone,2026-10-05T23:18:31.204258Z,2026-10-05T23:26:51.990764Z,2026-10-05T23:26:51.990764Z,2026-10-05T23:09:21.862000Z,,
2026-10-05T23:24:55Z,football_nfl,32677,2026-10-06T00:15:00Z,player_receptions,bovada,27950836,Chris Olave (NOR),espn:4361370,6+ Receptions,,-290,9831723523,,milestone,2026-10-05T23:18:31.204258Z,2026-10-05T23:26:51.990764Z,2026-10-05T23:26:51.990764Z,2026-10-05T23:09:21.862000Z,,
2026-10-05T23:24:55Z,football_nfl,32677,2026-10-06T00:15:00Z,player_receptions,bovada,27950836,Chris Olave (NOR),espn:4361370,7+ Receptions,,-150,9831723524,,milestone,2026-10-05T23:18:31.204258Z,2026-10-05T23:26:51.990764Z,2026-10-05T23:26:51.990764Z,2026-10-05T23:09:21.862000Z,,
2026-10-05T23:24:55Z,football_nfl,32677,2026-10-06T00:15:00Z,player_receptions,bovada,27950836,Chris Olave (NOR),espn:4361370,8+ Receptions,,115,9831723525,,milestone,2026-10-05T23:18:31.204258Z,2026-10-05T23:26:51.990764Z,2026-10-05T23:26:51.990764Z,2026-10-05T23:09:21.862000Z,,
2026-10-05T23:24:55Z,football_nfl,32677,2026-10-06T00:15:00Z,player_receptions,bovada,27950836,Chris Olave (NOR),espn:4361370,9+ Receptions,,200,9831723526,,milestone,2026-10-05T23:18:31.204258Z,2026-10-05T23:26:51.990764Z,2026-10-05T23:26:51.990764Z,2026-10-05T23:09:21.862000Z,,
2026-10-05T23:24:55Z,football_nfl,32677,2026-10-06T00:15:00Z,player_receptions,bovada,27950836,Devaughn Vele (NOR),espn:4569559,10+ Receptions,,2400,9831723527,,milestone,2026-10-05T23:18:31.204258Z,2026-10-05T23:26:51.990764Z,2026-10-05T23:26:51.990764Z,2026-10-05T23:09:21.862000Z,,
2026-10-05T23:24:55Z,football_nfl,32677,2026-10-06T00:15:00Z,player_receptions,bovada,27950836,Devaughn Vele (NOR),espn:4569559,3+ Receptions,,-430,9831723528,,milestone,2026-10-05T23:18:31.204258Z,2026-10-05T23:26:51.990764Z,2026-10-05T23:26:51.990764Z,2026-10-05T23:09:21.862000Z,,
2026-10-05T23:24:55Z,football_nfl,32677,2026-10-06T00:15:00Z,player_receptions,bovada,27950836,Devaughn Vele (NOR),espn:4569559,4+ Receptions,,-165,9831723529,,milestone,2026-10-05T23:18:31.204258Z,2026-10-05T23:26:51.990764Z,2026-10-05T23:26:51.990764Z,2026-10-05T23:09:21.862000Z,,
2026-10-05T23:24:55Z,football_nfl,32677,2026-10-06T00:15:00Z,player_receptions,bovada,27950836,Devaughn Vele (NOR),espn:4569559,5+ Receptions,,130,9831723530,,milestone,2026-10-05T23:18:31.204258Z,2026-10-05T23:26:51.990764Z,2026-10-05T23:26:51.990764Z,2026-10-05T23:09:21.862000Z,,
2026-10-05T23:24:55Z,football_nfl,32677,2026-10-06T00:15:00Z,player_receptions,bovada,27950836,Devaughn Vele (NOR),espn:4569559,6+ Receptions,,250,9831723531,,milestone,2026-10-05T23:18:31.204258Z,2026-10-05T23:26:51.990764Z,2026-10-05T23:26:51.990764Z,2026-10-05T23:09:21.862000Z,,
2026-10-05T23:24:55Z,football_nfl,32677,2026-10-06T00:15:00Z,player_receptions,bovada,27950836,Devaughn Vele (NOR),espn:4569559,7+ Receptions,,475,9831723532,,milestone,2026-10-05T23:18:31.204258Z,2026-10-05T23:26:51.990764Z,2026-10-05T23:26:51.990764Z,2026-10-05T23:09:21.862000Z,,
2026-10-05T23:24:55Z,football_nfl,32677,2026-10-06T00:15:00Z,player_receptions,bovada,27950836,Devaughn Vele (NOR),espn:4569559,8+ Receptions,,900,9831723533,,milestone,2026-10-05T23:18:31.204258Z,2026-10-05T23:26:51.990764Z,2026-10-05T23:26:51.990764Z,2026-10-05T23:09:21.862000Z,,
2026-10-05T23:24:55Z,football_nfl,32677,2026-10-06T00:15:00Z,player_receptions,bovada,27950836,Devaughn Vele (NOR),espn:4569559,9+ Receptions,,1400,9831723534,,milestone,2026-10-05T23:18:31.204258Z,2026-10-05T23:26:51.990764Z,2026-10-05T23:26:51.990764Z,2026-10-05T23:09:21.862000Z,,
2026-10-05T23:24:55Z,football_nfl,32677,2026-10-06T00:15:00Z,player_receptions,bovada,27950836,Drake London (ATL),espn:4426502,10+ Receptions,,550,9831723535,,milestone,2026-10-05T22:38:02.255358Z,2026-10-05T23:26:51.990764Z,2026-10-05T23:26:51.990764Z,2026-10-05T23:09:21.862000Z,,
2026-10-05T23:24:55Z,football_nfl,32677,2026-10-06T00:15:00Z,player_receptions,bovada,27950836,Drake London (ATL),espn:4426502,4+ Receptions,,-1100,9831723536,,milestone,2026-10-05T22:38:02.255358Z,2026-10-05T23:26:51.990764Z,2026-10-05T23:26:51.990764Z,2026-10-05T23:09:21.862000Z,,
2026-10-05T23:24:55Z,football_nfl,32677,2026-10-06T00:15:00Z,player_receptions,bovada,27950836,Drake London (ATL),espn:4426502,5+ Receptions,,-360,9831723537,,milestone,2026-10-05T22:38:02.255358Z,2026-10-05T23:26:51.990764Z,2026-10-05T23:26:51.990764Z,2026-10-05T23:09:21.862000Z,,
2026-10-05T23:24:55Z,football_nfl,32677,2026-10-06T00:15:00Z,player_receptions,bovada,27950836,Drake London (ATL),espn:4426502,6+ Receptions,,-180,9831723538,,milestone,2026-10-05T22:38:02.255358Z,2026-10-05T23:26:51.990764Z,2026-10-05T23:26:51.990764Z,2026-10-05T23:09:21.862000Z,,
2026-10-05T23:24:55Z,football_nfl,32677,2026-10-06T00:15:00Z,player_receptions,bovada,27950836,Drake London (ATL),espn:4426502,7+ Receptions,,105,9831723539,,milestone,2026-10-05T22:38:02.255358Z,2026-10-05T23:26:51.990764Z,2026-10-05T23:26:51.990764Z,2026-10-05T23:09:21.862000Z,,
2026-10-05T23:24:55Z,football_nfl,32677,2026-10-06T00:15:00Z,player_receptions,bovada,27950836,Drake London (ATL),espn:4426502,8+ Receptions,,185,9831723540,,milestone,2026-10-05T22:38:02.255358Z,2026-10-05T23:26:51.990764Z,2026-10-05T23:26:51.990764Z,2026-10-05T23:09:21.862000Z,,
2026-10-05T23:24:55Z,football_nfl,32677,2026-10-06T00:15:00Z,player_receptions,bovada,27950836,Drake London (ATL),espn:4426502,9+ Receptions,,320,9831723541,,milestone,2026-10-05T22:38:02.255358Z,2026-10-05T23:26:51.990764Z,2026-10-05T23:26:51.990764Z,2026-10-05T23:09:21.862000Z,,
2026-10-05T23:24:55Z,football_nfl,32677,2026-10-06T00:15:00Z,player_receptions,bovada,27950836,Juwan Johnson (NOR),espn:3929645,10+ Receptions,,2100,9831723542,,milestone,2026-10-05T23:18:31.204258Z,2026-10-05T23:26:51.990764Z,2026-10-05T23:26:51.990764Z,2026-10-05T23:09:21.862000Z,,
2026-10-05T23:24:55Z,football_nfl,32677,2026-10-06T00:15:00Z,player_receptions,bovada,27950836,Juwan Johnson (NOR),espn:3929645,3+ Receptions,,-550,9831723544,,milestone,2026-10-05T23:18:31.204258Z,2026-10-05T23:26:51.990764Z,2026-10-05T23:26:51.990764Z,2026-10-05T23:09:21.862000Z,,
2026-10-05T23:24:55Z,football_nfl,32677,2026-10-06T00:15:00Z,player_receptions,bovada,27950836,Juwan Johnson (NOR),espn:3929645,4+ Receptions,,-200,9831723545,,milestone,2026-10-05T23:18:31.204258Z,2026-10-05T23:26:51.990764Z,2026-10-05T23:26:51.990764Z,2026-10-05T23:09:21.862000Z,,
2026-10-05T23:24:55Z,football_nfl,32677,2026-10-06T00:15:00Z,player_receptions,bovada,27950836,Juwan Johnson (NOR),espn:3929645,5+ Receptions,,110,9831723546,,milestone,2026-10-05T23:18:31.204258Z,2026-10-05T23:26:51.990764Z,2026-10-05T23:26:51.990764Z,2026-10-05T23:09:21.862000Z,,
2026-10-05T23:24:55Z,football_nfl,32677,2026-10-06T00:15:00Z,player_receptions,bovada,27950836,Juwan Johnson (NOR),espn:3929645,6+ Receptions,,215,9831723547,,milestone,2026-10-05T23:18:31.204258Z,2026-10-05T23:26:51.990764Z,2026-10-05T23:26:51.990764Z,2026-10-05T23:09:21.862000Z,,
2026-10-05T23:24:55Z,football_nfl,32677,2026-10-06T00:15:00Z,player_receptions,bovada,27950836,Juwan Johnson (NOR),espn:3929645,7+ Receptions,,400,9831723548,,milestone,2026-10-05T23:18:31.204258Z,2026-10-05T23:26:51.990764Z,2026-10-05T23:26:51.990764Z,2026-10-05T23:09:21.862000Z,,
2026-10-05T23:24:55Z,football_nfl,32677,2026-10-06T00:15:00Z,player_receptions,bovada,27950836,Juwan Johnson (NOR),espn:3929645,8+ Receptions,,750,9831723549,,milestone,2026-10-05T23:18:31.204258Z,2026-10-05T23:26:51.990764Z,2026-10-05T23:26:51.990764Z,2026-10-05T23:09:21.862000Z,,
2026-10-05T23:24:55Z,football_nfl,32677,2026-10-06T00:15:00Z,player_receptions,bovada,27950836,Juwan Johnson (NOR),espn:3929645,9+ Receptions,,1200,9831723550,,milestone,2026-10-05T23:18:31.204258Z,2026-10-05T23:26:51.990764Z,2026-10-05T23:26:51.990764Z,2026-10-05T23:09:21.862000Z,,
2026-10-05T23:24:55Z,football_nfl,32677,2026-10-06T00:15:00Z,player_receptions,bovada,27950836,Kyle Pitts (ATL),espn:4360248,10+ Receptions,,3000,9831723551,,milestone,2026-10-05T22:22:36.318243Z,2026-10-05T23:26:51.990764Z,2026-10-05T23:26:51.990764Z,2026-10-05T23:09:21.862000Z,,
2026-10-05T23:24:55Z,football_nfl,32677,2026-10-06T00:15:00Z,player_receptions,bovada,27950836,Kyle Pitts (ATL),espn:4360248,2+ Receptions,,-600,9831723552,,milestone,2026-10-05T22:52:18.810458Z,2026-10-05T23:26:51.990764Z,2026-10-05T23:26:51.990764Z,2026-10-05T23:09:21.862000Z,,
2026-10-05T23:24:55Z,football_nfl,32677,2026-10-06T00:15:00Z,player_receptions,bovada,27950836,Kyle Pitts (ATL),espn:4360248,3+ Receptions,,-180,9831723553,,milestone,2026-10-05T22:52:18.810458Z,2026-10-05T23:26:51.990764Z,2026-10-05T23:26:51.990764Z,2026-10-05T23:09:21.862000Z,,
2026-10-05T23:24:55Z,football_nfl,32677,2026-10-06T00:15:00Z,player_receptions,bovada,27950836,Kyle Pitts (ATL),espn:4360248,4+ Receptions,,130,9831723554,,milestone,2026-10-05T22:52:18.810458Z,2026-10-05T23:26:51.990764Z,2026-10-05T23:26:51.990764Z,2026-10-05T23:09:21.862000Z,,
2026-10-05T23:24:55Z,football_nfl,32677,2026-10-06T00:15:00Z,player_receptions,bovada,27950836,Kyle Pitts (ATL),espn:4360248,5+ Receptions,,285,9831723555,,milestone,2026-10-05T22:52:18.810458Z,2026-10-05T23:26:51.990764Z,2026-10-05T23:26:51.990764Z,2026-10-05T23:09:21.862000Z,,
2026-10-05T23:24:55Z,football_nfl,32677,2026-10-06T00:15:00Z,player_receptions,bovada,27950836,Kyle Pitts (ATL),espn:4360248,6+ Receptions,,575,9831723556,,milestone,2026-10-05T22:52:18.810458Z,2026-10-05T23:26:51.990764Z,2026-10-05T23:26:51.990764Z,2026-10-05T23:09:21.862000Z,,
2026-10-05T23:24:55Z,football_nfl,32677,2026-10-06T00:15:00Z,player_receptions,bovada,27950836,Kyle Pitts (ATL),espn:4360248,7+ Receptions,,1100,9831723557,,milestone,2026-10-05T22:22:36.318243Z,2026-10-05T23:26:51.990764Z,2026-10-05T23:26:51.990764Z,2026-10-05T23:09:21.862000Z,,
2026-10-05T23:24:55Z,football_nfl,32677,2026-10-06T00:15:00Z,player_receptions,bovada,27950836,Kyle Pitts (ATL),espn:4360248,8+ Receptions,,2000,9831723558,,milestone,2026-10-05T22:22:36.318243Z,2026-10-05T23:26:51.990764Z,2026-10-05T23:26:51.990764Z,2026-10-05T23:09:21.862000Z,,
2026-10-05T23:24:55Z,football_nfl,32677,2026-10-06T00:15:00Z,player_receptions,bovada,27950836,Kyle Pitts (ATL),espn:4360248,9+ Receptions,,2800,9831723559,,milestone,2026-10-05T22:22:36.318243Z,2026-10-05T23:26:51.990764Z,2026-10-05T23:26:51.990764Z,2026-10-05T23:09:21.862000Z,,
2026-10-05T23:24:55Z,football_nfl,32677,2026-10-06T00:15:00Z,player_receptions,bovada,27950836,Alvin Kamara (NOR),espn:3054850,Over,2.5,-180,9831723560,,main,2026-10-05T23:06:13.440059Z,2026-10-05T23:26:51.990764Z,2026-10-05T23:26:51.990764Z,2026-10-05T23:09:21.862000Z,,
2026-10-05T23:24:55Z,football_nfl,32677,2026-10-06T00:15:00Z,player_receptions,bovada,27950836,Alvin Kamara (NOR),espn:3054850,Under,2.5,135,9831723561,,main,2026-10-05T23:06:13.440059Z,2026-10-05T23:26:51.990764Z,2026-10-05T23:26:51.990764Z,2026-10-05T23:09:21.862000Z,,
2026-10-05T23:24:55Z,football_nfl,32677,2026-10-06T00:15:00Z,player_receptions,bovada,27950836,Austin Hooper (ATL),espn:3043275,Over,0.5,-215,9831723562,,main,2026-10-05T23:20:48.943492Z,2026-10-05T23:26:51.990764Z,2026-10-05T23:26:51.990764Z,2026-10-05T23:09:21.862000Z,,
2026-10-05T23:24:55Z,football_nfl,32677,2026-10-06T00:15:00Z,player_receptions,bovada,27950836,Austin Hooper (ATL),espn:3043275,Under,0.5,160,9831723563,,main,2026-10-05T23:20:48.943492Z,2026-10-05T23:26:51.990764Z,2026-10-05T23:26:51.990764Z,2026-10-05T23:09:21.862000Z,,
2026-10-05T23:24:55Z,football_nfl,32677,2026-10-06T00:15:00Z,player_receptions,bovada,27950836,Bijan Robinson (ATL),espn:4430807,Over,4.5,110,9831723564,,main,2026-10-05T23:18:31.204258Z,2026-10-05T23:26:51.990764Z,2026-10-05T23:26:51.990764Z,2026-10-05T23:09:21.862000Z,,
2026-10-05T23:24:55Z,football_nfl,32677,2026-10-06T00:15:00Z,player_receptions,bovada,27950836,Bijan Robinson (ATL),espn:4430807,Under,4.5,-145,9831723565,,main,2026-10-05T23:18:31.204258Z,2026-10-05T23:26:51.990764Z,2026-10-05T23:26:51.990764Z,2026-10-05T23:09:21.862000Z,,
2026-10-05T23:24:55Z,football_nfl,32677,2026-10-06T00:15:00Z,player_receptions,bovada,27950836,Chris Olave (NOR),espn:4361370,Over,6.5,-145,9831723566,,main,2026-10-05T20:18:26.197134Z,2026-10-05T23:26:51.990764Z,2026-10-05T23:26:51.990764Z,2026-10-05T23:09:21.862000Z,,
2026-10-05T23:24:55Z,football_nfl,32677,2026-10-06T00:15:00Z,player_receptions,bovada,27950836,Chris Olave (NOR),espn:4361370,Under,6.5,110,9831723567,,main,2026-10-05T20:18:26.197134Z,2026-10-05T23:26:51.990764Z,2026-10-05T23:26:51.990764Z,2026-10-05T23:09:21.862000Z,,
2026-10-05T23:24:55Z,football_nfl,32677,2026-10-06T00:15:00Z,player_receptions,bovada,27950836,Devaughn Vele (NOR),espn:4569559,Over,3.5,-160,9831723568,,main,2026-10-05T23:06:13.440059Z,2026-10-05T23:26:51.990764Z,2026-10-05T23:26:51.990764Z,2026-10-05T23:09:21.862000Z,,
2026-10-05T23:24:55Z,football_nfl,32677,2026-10-06T00:15:00Z,player_receptions,bovada,27950836,Devaughn Vele (NOR),espn:4569559,Under,3.5,120,9831723569,,main,2026-10-05T23:06:13.440059Z,2026-10-05T23:26:51.990764Z,2026-10-05T23:26:51.990764Z,2026-10-05T23:09:21.862000Z,,
2026-10-05T23:24:55Z,football_nfl,32677,2026-10-06T00:15:00Z,player_receptions,bovada,27950836,Drake London (ATL),espn:4426502,Over,6.5,110,9831723570,,main,2026-10-05T22:38:02.255358Z,2026-10-05T23:26:51.990764Z,2026-10-05T23:26:51.990764Z,2026-10-05T23:09:21.862000Z,,
2026-10-05T23:24:55Z,football_nfl,32677,2026-10-06T00:15:00Z,player_receptions,bovada,27950836,Drake London (ATL),espn:4426502,Under,6.5,-145,9831723571,,main,2026-10-05T22:38:02.255358Z,2026-10-05T23:26:51.990764Z,2026-10-05T23:26:51.990764Z,2026-10-05T23:09:21.862000Z,,
2026-10-05T23:24:55Z,football_nfl,32677,2026-10-06T00:15:00Z,player_receptions,bovada,27950836,Jahan Dotson (ATL),espn:4361409,Over,1.5,-135,9831723572,,main,2026-10-05T23:20:48.943492Z,2026-10-05T23:26:51.990764Z,2026-10-05T23:26:51.990764Z,2026-10-05T23:09:21.862000Z,,
2026-10-05T23:24:55Z,football_nfl,32677,2026-10-06T00:15:00Z,player_receptions,bovada,27950836,Jahan Dotson (ATL),espn:4361409,Under,1.5,105,9831723573,,main,2026-10-05T23:20:48.943492Z,2026-10-05T23:26:51.990764Z,2026-10-05T23:26:51.990764Z,2026-10-05T23:09:21.862000Z,,
2026-10-05T23:24:55Z,football_nfl,32677,2026-10-06T00:15:00Z,player_receptions,bovada,27950836,Juwan Johnson (NOR),espn:3929645,Over,4.5,115,9831723574,,main,2026-10-05T23:06:13.440059Z,2026-10-05T23:26:51.990764Z,2026-10-05T23:26:51.990764Z,2026-10-05T23:09:21.862000Z,,
2026-10-05T23:24:55Z,football_nfl,32677,2026-10-06T00:15:00Z,player_receptions,bovada,27950836,Juwan Johnson (NOR),espn:3929645,Under,4.5,-150,9831723575,,main,2026-10-05T23:06:13.440059Z,2026-10-05T23:26:51.990764Z,2026-10-05T23:26:51.990764Z,2026-10-05T23:09:21.862000Z,,
2026-10-05T23:24:55Z,football_nfl,32677,2026-10-06T00:15:00Z,player_receptions,bovada,27950836,Kyle Pitts (ATL),espn:4360248,Over,2.5,-170,9831723576,,main,2026-10-05T22:52:18.810458Z,2026-10-05T23:26:51.990764Z,2026-10-05T23:26:51.990764Z,2026-10-05T23:09:21.862000Z,,
2026-10-05T23:24:55Z,football_nfl,32677,2026-10-06T00:15:00Z,player_receptions,bovada,27950836,Kyle Pitts (ATL),espn:4360248,Under,2.5,130,9831723577,,main,2026-10-05T22:52:18.810458Z,2026-10-05T23:26:51.990764Z,2026-10-05T23:26:51.990764Z,2026-10-05T23:09:21.862000Z,,
2026-10-05T23:24:55Z,football_nfl,32677,2026-10-06T00:15:00Z,player_receptions,bovada,27950836,Noah Fant (NOR),espn:4036131,Over,1.5,-165,9831723578,,main,2026-10-05T22:38:02.255358Z,2026-10-05T23:04:56.828280Z,2026-10-05T23:04:56.828280Z,2026-10-05T23:09:21.862000Z,,2026-10-05T23:07:59.226527Z
2026-10-05T23:24:55Z,football_nfl,32677,2026-10-06T00:15:00Z,player_receptions,bovada,27950836,Noah Fant (NOR),espn:4036131,Under,1.5,125,9831723579,,main,2026-10-05T22:38:02.255358Z,2026-10-05T23:04:56.828280Z,2026-10-05T23:04:56.828280Z,2026-10-05T23:09:21.862000Z,,2026-10-05T23:07:59.226527Z
2026-10-05T23:24:55Z,football_nfl,32677,2026-10-06T00:15:00Z,player_rush_yds,bovada,27950836,Alvin Kamara (NOR),espn:3054850,100+ Rushing Yards,,2000,9831723580,,milestone,2026-10-05T23:06:13.440059Z,2026-10-05T23:26:51.990764Z,2026-10-05T23:26:51.990764Z,2026-10-05T23:09:21.862000Z,,
2026-10-05T23:24:55Z,football_nfl,32677,2026-10-06T00:15:00Z,player_rush_yds,bovada,27950836,Alvin Kamara (NOR),espn:3054850,110+ Rushing Yards,,2500,9831723581,,milestone,2026-10-05T20:18:26.197134Z,2026-10-05T23:26:51.990764Z,2026-10-05T23:26:51.990764Z,2026-10-05T23:09:21.862000Z,,
2026-10-05T23:24:55Z,football_nfl,32677,2026-10-06T00:15:00Z,player_rush_yds,bovada,27950836,Alvin Kamara (NOR),espn:3054850,125+ Rushing Yards,,3000,9831723582,,milestone,2026-10-01T09:45:45.767017Z,2026-10-05T23:26:51.990764Z,2026-10-05T23:26:51.990764Z,2026-10-05T23:09:21.862000Z,,
2026-10-05T23:24:55Z,football_nfl,32677,2026-10-06T00:15:00Z,player_rush_yds,bovada,27950836,Alvin Kamara (NOR),espn:3054850,15+ Rushing Yards,,-1400,9994889383,,milestone,2026-10-05T23:06:13.440059Z,2026-10-05T23:26:51.990764Z,2026-10-05T23:26:51.990764Z,2026-10-05T23:09:21.862000Z,,
2026-10-05T23:24:55Z,football_nfl,32677,2026-10-06T00:15:00Z,player_rush_yds,bovada,27950836,Alvin Kamara (NOR),espn:3054850,20+ Rushing Yards,,-550,9831723584,,milestone,2026-10-05T20:18:26.197134Z,2026-10-05T23:26:51.990764Z,2026-10-05T23:26:51.990764Z,2026-10-05T23:09:21.862000Z,,
2026-10-05T23:24:55Z,football_nfl,32677,2026-10-06T00:15:00Z,player_rush_yds,bovada,27950836,Alvin Kamara (NOR),espn:3054850,25+ Rushing Yards,,-290,9831723585,,milestone,2026-10-05T23:06:13.440059Z,2026-10-05T23:26:51.990764Z,2026-10-05T23:26:51.990764Z,2026-10-05T23:09:21.862000Z,,
2026-10-05T23:24:55Z,football_nfl,32677,2026-10-06T00:15:00Z,player_rush_yds,bovada,27950836,Alvin Kamara (NOR),espn:3054850,30+ Rushing Yards,,-180,9831723586,,milestone,2026-10-05T23:18:31.204258Z,2026-10-05T23:26:51.990764Z,2026-10-05T23:26:51.990764Z,2026-10-05T23:09:21.862000Z,,
2026-10-05T23:24:55Z,football_nfl,32677,2026-10-06T00:15:00Z,player_rush_yds,bovada,27950836,Alvin Kamara (NOR),espn:3054850,40+ Rushing Yards,,115,9831723587,,milestone,2026-10-05T23:06:13.440059Z,2026-10-05T23:26:51.990764Z,2026-10-05T23:26:51.990764Z,2026-10-05T23:09:21.862000Z,,
2026-10-05T23:24:55Z,football_nfl,32677,2026-10-06T00:15:00Z,player_rush_yds,bovada,27950836,Alvin Kamara (NOR),espn:3054850,50+ Rushing Yards,,210,9831723588,,milestone,2026-10-05T23:18:31.204258Z,2026-10-05T23:26:51.990764Z,2026-10-05T23:26:51.990764Z,2026-10-05T23:09:21.862000Z,,
2026-10-05T23:24:55Z,football_nfl,32677,2026-10-06T00:15:00Z,player_rush_yds,bovada,27950836,Alvin Kamara (NOR),espn:3054850,60+ Rushing Yards,,360,9831723589,,milestone,2026-10-05T23:18:31.204258Z,2026-10-05T23:26:51.990764Z,2026-10-05T23:26:51.990764Z,2026-10-05T23:09:21.862000Z,,
2026-10-05T23:24:55Z,football_nfl,32677,2026-10-06T00:15:00Z,player_rush_yds,bovada,27950836,Alvin Kamara (NOR),espn:3054850,70+ Rushing Yards,,575,9831723590,,milestone,2026-10-05T23:06:13.440059Z,2026-10-05T23:26:51.990764Z,2026-10-05T23:26:51.990764Z,2026-10-05T23:09:21.862000Z,,
2026-10-05T23:24:55Z,football_nfl,32677,2026-10-06T00:15:00Z,player_rush_yds,bovada,27950836,Alvin Kamara (NOR),espn:3054850,80+ Rushing Yards,,950,9831723591,,milestone,2026-10-05T23:18:31.204258Z,2026-10-05T23:26:51.990764Z,2026-10-05T23:26:51.990764Z,2026-10-05T23:09:21.862000Z,,
2026-10-05T23:24:55Z,football_nfl,32677,2026-10-06T00:15:00Z,player_rush_yds,bovada,27950836,Alvin Kamara (NOR),espn:3054850,90+ Rushing Yards,,1400,9831723592,,milestone,2026-10-05T23:06:13.440059Z,2026-10-05T23:26:51.990764Z,2026-10-05T23:26:51.990764Z,2026-10-05T23:09:21.862000Z,,
2026-10-05T23:24:55Z,football_nfl,32677,2026-10-06T00:15:00Z,player_rush_yds,bovada,27950836,Bijan Robinson (ATL),espn:4430807,100+ Rushing Yards,,125,9831723593,,milestone,2026-10-05T23:18:31.204258Z,2026-10-05T23:26:51.990764Z,2026-10-05T23:26:51.990764Z,2026-10-05T23:09:21.862000Z,,
2026-10-05T23:24:55Z,football_nfl,32677,2026-10-06T00:15:00Z,player_rush_yds,bovada,27950836,Bijan Robinson (ATL),espn:4430807,110+ Rushing Yards,,185,9831723594,,milestone,2026-10-05T23:18:31.204258Z,2026-10-05T23:26:51.990764Z,2026-10-05T23:26:51.990764Z,2026-10-05T23:09:21.862000Z,,
2026-10-05T23:24:55Z,football_nfl,32677,2026-10-06T00:15:00Z,player_rush_yds,bovada,27950836,Bijan Robinson (ATL),espn:4430807,125+ Rushing Yards,,320,9831723595,,milestone,2026-10-05T23:18:31.204258Z,2026-10-05T23:26:51.990764Z,2026-10-05T23:26:51.990764Z,2026-10-05T23:09:21.862000Z,,
2026-10-05T23:24:55Z,football_nfl,32677,2026-10-06T00:15:00Z,player_rush_yds,bovada,27950836,Bijan Robinson (ATL),espn:4430807,150+ Rushing Yards,,750,9831723596,,milestone,2026-10-05T23:18:31.204258Z,2026-10-05T23:26:51.990764Z,2026-10-05T23:26:51.990764Z,2026-10-05T23:09:21.862000Z,,
2026-10-05T23:24:55Z,football_nfl,32677,2026-10-06T00:15:00Z,player_rush_yds,bovada,27950836,Bijan Robinson (ATL),espn:4430807,175+ Rushing Yards,,1600,9831723597,,milestone,2026-10-05T23:18:31.204258Z,2026-10-05T23:26:51.990764Z,2026-10-05T23:26:51.990764Z,2026-10-05T23:09:21.862000Z,,
2026-10-05T23:24:55Z,football_nfl,32677,2026-10-06T00:15:00Z,player_rush_yds,bovada,27950836,Bijan Robinson (ATL),espn:4430807,200+ Rushing Yards,,2800,9831723598,,milestone,2026-10-05T19:02:55.257511Z,2026-10-05T23:26:51.990764Z,2026-10-05T23:26:51.990764Z,2026-10-05T23:09:21.862000Z,,
2026-10-05T23:24:55Z,football_nfl,32677,2026-10-06T00:15:00Z,player_rush_yds,bovada,27950836,Bijan Robinson (ATL),espn:4430807,297+ Rushing Yards (Record-breaking),,15000,9929609467,,milestone,2026-10-01T17:33:02.378439Z,2026-10-05T23:26:51.990764Z,2026-10-05T23:26:51.990764Z,2026-10-05T23:09:21.862000Z,,
2026-10-05T23:24:55Z,football_nfl,32677,2026-10-06T00:15:00Z,player_rush_yds,bovada,27950836,Bijan Robinson (ATL),espn:4430807,60+ Rushing Yards,,-750,9831723600,,milestone,2026-10-05T23:18:31.204258Z,2026-10-05T23:26:51.990764Z,2026-10-05T23:26:51.990764Z,2026-10-05T23:09:21.862000Z,,
2026-10-05T23:24:55Z,football_nfl,32677,2026-10-06T00:15:00Z,player_rush_yds,bovada,27950836,Bijan Robinson (ATL),espn:4430807,70+ Rushing Yards,,-350,9831723601,,milestone,2026-10-05T23:18:31.204258Z,2026-10-05T23:26:51.990764Z,2026-10-05T23:26:51.990764Z,2026-10-05T23:09:21.862000Z,,
2026-10-05T23:24:55Z,football_nfl,32677,2026-10-06T00:15:00Z,player_rush_yds,bovada,27950836,Bijan Robinson (ATL),espn:4430807,80+ Rushing Yards,,-200,9831723602,,milestone,2026-10-05T23:18:31.204258Z,2026-10-05T23:26:51.990764Z,2026-10-05T23:26:51.990764Z,2026-10-05T23:09:21.862000Z,,
2026-10-05T23:24:55Z,football_nfl,32677,2026-10-06T00:15:00Z,player_rush_yds,bovada,27950836,Bijan Robinson (ATL),espn:4430807,90+ Rushing Yards,,-125,9831723603,,milestone,2026-10-05T23:18:31.204258Z,2026-10-05T23:26:51.990764Z,2026-10-05T23:26:51.990764Z,2026-10-05T23:09:21.862000Z,,
2026-10-05T23:24:55Z,football_nfl,32677,2026-10-06T00:15:00Z,player_rush_yds,bovada,27950836,Brian Robinson (ATL),espn:4241474,100+ Rushing Yards,,2500,9831723604,,milestone,2026-10-05T16:43:52.741955Z,2026-10-05T23:26:51.990764Z,2026-10-05T23:26:51.990764Z,2026-10-05T23:09:21.862000Z,,
2026-10-05T23:24:55Z,football_nfl,32677,2026-10-06T00:15:00Z,player_rush_yds,bovada,27950836,Brian Robinson (ATL),espn:4241474,110+ Rushing Yards,,3000,9831723605,,milestone,2026-10-05T03:08:43.498512Z,2026-10-05T23:26:51.990764Z,2026-10-05T23:26:51.990764Z,2026-10-05T23:09:21.862000Z,,
2026-10-05T23:24:55Z,football_nfl,32677,2026-10-06T00:15:00Z,player_rush_yds,bovada,27950836,Brian Robinson (ATL),espn:4241474,125+ Rushing Yards,,3300,9831723606,,milestone,2026-10-05T17:13:24.356952Z,2026-10-05T23:26:51.990764Z,2026-10-05T23:26:51.990764Z,2026-10-05T23:09:21.862000Z,,
2026-10-05T23:24:55Z,football_nfl,32677,2026-10-06T00:15:00Z,player_rush_yds,bovada,27950836,Brian Robinson (ATL),espn:4241474,15+ Rushing Yards,,-700,9831723607,,milestone,2026-10-05T22:52:18.810458Z,2026-10-05T23:26:51.990764Z,2026-10-05T23:26:51.990764Z,2026-10-05T23:09:21.862000Z,,
2026-10-05T23:24:55Z,football_nfl,32677,2026-10-06T00:15:00Z,player_rush_yds,bovada,27950836,Brian Robinson (ATL),espn:4241474,20+ Rushing Yards,,-320,9831723608,,milestone,2026-10-05T22:52:18.810458Z,2026-10-05T23:26:51.990764Z,2026-10-05T23:26:51.990764Z,2026-10-05T23:09:21.862000Z,,
2026-10-05T23:24:55Z,football_nfl,32677,2026-10-06T00:15:00Z,player_rush_yds,bovada,27950836,Brian Robinson (ATL),espn:4241474,25+ Rushing Yards,,-190,9831723609,,milestone,2026-10-05T22:52:18.810458Z,2026-10-05T23:26:51.990764Z,2026-10-05T23:26:51.990764Z,2026-10-05T23:09:21.862000Z,,
2026-10-05T23:24:55Z,football_nfl,32677,2026-10-06T00:15:00Z,player_rush_yds,bovada,27950836,Brian Robinson (ATL),espn:4241474,30+ Rushing Yards,,-125,9831723610,,milestone,2026-10-05T22:52:18.810458Z,2026-10-05T23:26:51.990764Z,2026-10-05T23:26:51.990764Z,2026-10-05T23:09:21.862000Z,,
2026-10-05T23:24:55Z,football_nfl,32677,2026-10-06T00:15:00Z,player_rush_yds,bovada,27950836,Brian Robinson (ATL),espn:4241474,40+ Rushing Yards,,165,9831723611,,milestone,2026-10-05T23:06:13.440059Z,2026-10-05T23:26:51.990764Z,2026-10-05T23:26:51.990764Z,2026-10-05T23:09:21.862000Z,,
2026-10-05T23:24:55Z,football_nfl,32677,2026-10-06T00:15:00Z,player_rush_yds,bovada,27950836,Brian Robinson (ATL),espn:4241474,50+ Rushing Yards,,300,9831723612,,milestone,2026-10-05T23:06:13.440059Z,2026-10-05T23:26:51.990764Z,2026-10-05T23:26:51.990764Z,2026-10-05T23:09:21.862000Z,,
2026-10-05T23:24:55Z,football_nfl,32677,2026-10-06T00:15:00Z,player_rush_yds,bovada,27950836,Brian Robinson (ATL),espn:4241474,60+ Rushing Yards,,500,9831723613,,milestone,2026-10-05T22:52:18.810458Z,2026-10-05T23:26:51.990764Z,2026-10-05T23:26:51.990764Z,2026-10-05T23:09:21.862000Z,,
2026-10-05T23:24:55Z,football_nfl,32677,2026-10-06T00:15:00Z,player_rush_yds,bovada,27950836,Brian Robinson (ATL),espn:4241474,70+ Rushing Yards,,825,9831723614,,milestone,2026-10-05T22:52:18.810458Z,2026-10-05T23:26:51.990764Z,2026-10-05T23:26:51.990764Z,2026-10-05T23:09:21.862000Z,,
2026-10-05T23:24:55Z,football_nfl,32677,2026-10-06T00:15:00Z,player_rush_yds,bovada,27950836,Brian Robinson (ATL),espn:4241474,80+ Rushing Yards,,1300,9831723615,,milestone,2026-10-05T18:49:12.147773Z,2026-10-05T23:26:51.990764Z,2026-10-05T23:26:51.990764Z,2026-10-05T23:09:21.862000Z,,
2026-10-05T23:24:55Z,football_nfl,32677,2026-10-06T00:15:00Z,player_rush_yds,bovada,27950836,Brian Robinson (ATL),espn:4241474,90+ Rushing Yards,,1900,9831723616,,milestone,2026-10-05T18:49:12.147773Z,2026-10-05T23:26:51.990764Z,2026-10-05T23:26:51.990764Z,2026-10-05T23:09:21.862000Z,,
2026-10-05T23:24:55Z,football_nfl,32677,2026-10-06T00:15:00Z,player_rush_yds,bovada,27950836,Kendre Miller (NOR),espn:4599739,10+ Rushing Yards,,-1400,9831723618,,milestone,2026-10-05T22:22:36.318243Z,2026-10-05T23:26:51.990764Z,2026-10-05T23:26:51.990764Z,2026-10-05T23:09:21.862000Z,,
2026-10-05T23:24:55Z,football_nfl,32677,2026-10-06T00:15:00Z,player_rush_yds,bovada,27950836,Kendre Miller (NOR),espn:4599739,100+ Rushing Yards,,2800,9831723617,,milestone,2026-10-05T22:06:00.662656Z,2026-10-05T23:26:51.990764Z,2026-10-05T23:26:51.990764Z,2026-10-05T23:09:21.862000Z,,
2026-10-05T23:24:55Z,football_nfl,32677,2026-10-06T00:15:00Z,player_rush_yds,bovada,27950836,Kendre Miller (NOR),espn:4599739,110+ Rushing Yards,,3000,9831723619,,milestone,2026-10-05T20:18:26.197134Z,2026-10-05T23:26:51.990764Z,2026-10-05T23:26:51.990764Z,2026-10-05T23:09:21.862000Z,,
2026-10-05T23:24:55Z,football_nfl,32677,2026-10-06T00:15:00Z,player_rush_yds,bovada,27950836,Kendre Miller (NOR),espn:4599739,125+ Rushing Yards,,3500,9831723620,,milestone,2026-10-01T09:45:45.767017Z,2026-10-05T23:26:51.990764Z,2026-10-05T23:26:51.990764Z,2026-10-05T23:09:21.862000Z,,
2026-10-05T23:24:55Z,football_nfl,32677,2026-10-06T00:15:00Z,player_rush_yds,bovada,27950836,Kendre Miller (NOR),espn:4599739,15+ Rushing Yards,,-440,9831723621,,milestone,2026-10-05T22:22:36.318243Z,2026-10-05T23:26:51.990764Z,2026-10-05T23:26:51.990764Z,2026-10-05T23:09:21.862000Z,,
2026-10-05T23:24:55Z,football_nfl,32677,2026-10-06T00:15:00Z,player_rush_yds,bovada,27950836,Kendre Miller (NOR),espn:4599739,20+ Rushing Yards,,-230,9831723622,,milestone,2026-10-05T22:22:36.318243Z,2026-10-05T23:26:51.990764Z,2026-10-05T23:26:51.990764Z,2026-10-05T23:09:21.862000Z,,
2026-10-05T23:24:55Z,football_nfl,32677,2026-10-06T00:15:00Z,player_rush_yds,bovada,27950836,Kendre Miller (NOR),espn:4599739,25+ Rushing Yards,,-145,9831723623,,milestone,2026-10-05T22:06:00.662656Z,2026-10-05T23:26:51.990764Z,2026-10-05T23:26:51.990764Z,2026-10-05T23:09:21.862000Z,,
2026-10-05T23:24:55Z,football_nfl,32677,2026-10-06T00:15:00Z,player_rush_yds,bovada,27950836,Kendre Miller (NOR),espn:4599739,30+ Rushing Yards,,105,9831723624,,milestone,2026-10-05T22:22:36.318243Z,2026-10-05T23:26:51.990764Z,2026-10-05T23:26:51.990764Z,2026-10-05T23:09:21.862000Z,,
2026-10-05T23:24:55Z,football_nfl,32677,2026-10-06T00:15:00Z,player_rush_yds,bovada,27950836,Kendre Miller (NOR),espn:4599739,40+ Rushing Yards,,210,9831723625,,milestone,2026-10-05T23:06:13.440059Z,2026-10-05T23:26:51.990764Z,2026-10-05T23:26:51.990764Z,2026-10-05T23:09:21.862000Z,,
2026-10-05T23:24:55Z,football_nfl,32677,2026-10-06T00:15:00Z,player_rush_yds,bovada,27950836,Kendre Miller (NOR),espn:4599739,50+ Rushing Yards,,385,9831723626,,milestone,2026-10-05T22:22:36.318243Z,2026-10-05T23:26:51.990764Z,2026-10-05T23:26:51.990764Z,2026-10-05T23:09:21.862000Z,,
2026-10-05T23:24:55Z,football_nfl,32677,2026-10-06T00:15:00Z,player_rush_yds,bovada,27950836,Kendre Miller (NOR),espn:4599739,60+ Rushing Yards,,650,9831723627,,milestone,2026-10-05T22:22:36.318243Z,2026-10-05T23:26:51.990764Z,2026-10-05T23:26:51.990764Z,2026-10-05T23:09:21.862000Z,,
2026-10-05T23:24:55Z,football_nfl,32677,2026-10-06T00:15:00Z,player_rush_yds,bovada,27950836,Kendre Miller (NOR),espn:4599739,70+ Rushing Yards,,1000,9831723628,,milestone,2026-10-05T20:18:26.197134Z,2026-10-05T23:26:51.990764Z,2026-10-05T23:26:51.990764Z,2026-10-05T23:09:21.862000Z,,
2026-10-05T23:24:55Z,football_nfl,32677,2026-10-06T00:15:00Z,player_rush_yds,bovada,27950836,Kendre Miller (NOR),espn:4599739,80+ Rushing Yards,,1600,9831723629,,milestone,2026-10-05T22:06:00.662656Z,2026-10-05T23:26:51.990764Z,2026-10-05T23:26:51.990764Z,2026-10-05T23:09:21.862000Z,,
2026-10-05T23:24:55Z,football_nfl,32677,2026-10-06T00:15:00Z,player_rush_yds,bovada,27950836,Kendre Miller (NOR),espn:4599739,90+ Rushing Yards,,2300,9831723630,,milestone,2026-10-05T22:22:36.318243Z,2026-10-05T23:26:51.990764Z,2026-10-05T23:26:51.990764Z,2026-10-05T23:09:21.862000Z,,
2026-10-05T23:24:55Z,football_nfl,32677,2026-10-06T00:15:00Z,player_rush_yds,bovada,27950836,Tyler Shough (NOR),espn:4360689,10+ Rushing Yards,,-320,9831723632,,milestone,2026-10-05T23:06:13.440059Z,2026-10-05T23:26:51.990764Z,2026-10-05T23:26:51.990764Z,2026-10-05T23:09:21.862000Z,,
2026-10-05T23:24:55Z,football_nfl,32677,2026-10-06T00:15:00Z,player_rush_yds,bovada,27950836,Tyler Shough (NOR),espn:4360689,100+ Rushing Yards,,3300,9831723631,,milestone,2026-10-05T16:54:19.999943Z,2026-10-05T23:26:51.990764Z,2026-10-05T23:26:51.990764Z,2026-10-05T23:09:21.862000Z,,
2026-10-05T23:24:55Z,football_nfl,32677,2026-10-06T00:15:00Z,player_rush_yds,bovada,27950836,Tyler Shough (NOR),espn:4360689,110+ Rushing Yards,,3500,9831723633,,milestone,2026-10-01T09:45:45.767017Z,2026-10-05T23:26:51.990764Z,2026-10-05T23:26:51.990764Z,2026-10-05T23:09:21.862000Z,,
2026-10-05T23:24:55Z,football_nfl,32677,2026-10-06T00:15:00Z,player_rush_yds,bovada,27950836,Tyler Shough (NOR),espn:4360689,15+ Rushing Yards,,-160,9831723634,,milestone,2026-10-05T23:06:13.440059Z,2026-10-05T23:26:51.990764Z,2026-10-05T23:26:51.990764Z,2026-10-05T23:09:21.862000Z,,
2026-10-05T23:24:55Z,football_nfl,32677,2026-10-06T00:15:00Z,player_rush_yds,bovada,27950836,Tyler Shough (NOR),espn:4360689,20+ Rushing Yards,,105,9831723635,,milestone,2026-10-05T23:06:13.440059Z,2026-10-05T23:26:51.990764Z,2026-10-05T23:26:51.990764Z,2026-10-05T23:09:21.862000Z,,
2026-10-05T23:24:55Z,football_nfl,32677,2026-10-06T00:15:00Z,player_rush_yds,bovada,27950836,Tyler Shough (NOR),espn:4360689,25+ Rushing Yards,,165,9831723636,,milestone,2026-10-05T23:06:13.440059Z,2026-10-05T23:26:51.990764Z,2026-10-05T23:26:51.990764Z,2026-10-05T23:09:21.862000Z,,
2026-10-05T23:24:55Z,football_nfl,32677,2026-10-06T00:15:00Z,player_rush_yds,bovada,27950836,Tyler Shough (NOR),espn:4360689,30+ Rushing Yards,,240,9831723637,,milestone,2026-10-05T23:06:13.440059Z,2026-10-05T23:26:51.990764Z,2026-10-05T23:26:51.990764Z,2026-10-05T23:09:21.862000Z,,
2026-10-05T23:24:55Z,football_nfl,32677,2026-10-06T00:15:00Z,player_rush_yds,bovada,27950836,Tyler Shough (NOR),espn:4360689,40+ Rushing Yards,,460,9831723638,,milestone,2026-10-05T23:06:13.440059Z,2026-10-05T23:26:51.990764Z,2026-10-05T23:26:51.990764Z,2026-10-05T23:09:21.862000Z,,
2026-10-05T23:24:55Z,football_nfl,32677,2026-10-06T00:15:00Z,player_rush_yds,bovada,27950836,Tyler Shough (NOR),espn:4360689,5+ Rushing Yards,,-1400,9831723640,,milestone,2026-10-05T23:06:13.440059Z,2026-10-05T23:26:51.990764Z,2026-10-05T23:26:51.990764Z,2026-10-05T23:09:21.862000Z,,
2026-10-05T23:24:55Z,football_nfl,32677,2026-10-06T00:15:00Z,player_rush_yds,bovada,27950836,Tyler Shough (NOR),espn:4360689,50+ Rushing Yards,,850,9831723639,,milestone,2026-10-05T23:06:13.440059Z,2026-10-05T23:26:51.990764Z,2026-10-05T23:26:51.990764Z,2026-10-05T23:09:21.862000Z,,
2026-10-05T23:24:55Z,football_nfl,32677,2026-10-06T00:15:00Z,player_rush_yds,bovada,27950836,Tyler Shough (NOR),espn:4360689,60+ Rushing Yards,,1400,9831723641,,milestone,2026-10-05T23:06:13.440059Z,2026-10-05T23:26:51.990764Z,2026-10-05T23:26:51.990764Z,2026-10-05T23:09:21.862000Z,,
2026-10-05T23:24:55Z,football_nfl,32677,2026-10-06T00:15:00Z,player_rush_yds,bovada,27950836,Tyler Shough (NOR),espn:4360689,70+ Rushing Yards,,2100,9831723642,,milestone,2026-10-05T23:06:13.440059Z,2026-10-05T23:26:51.990764Z,2026-10-05T23:26:51.990764Z,2026-10-05T23:09:21.862000Z,,
2026-10-05T23:24:55Z,football_nfl,32677,2026-10-06T00:15:00Z,player_rush_yds,bovada,27950836,Tyler Shough (NOR),espn:4360689,80+ Rushing Yards,,2500,9831723643,,milestone,2026-10-05T22:22:36.318243Z,2026-10-05T23:26:51.990764Z,2026-10-05T23:26:51.990764Z,2026-10-05T23:09:21.862000Z,,
2026-10-05T23:24:55Z,football_nfl,32677,2026-10-06T00:15:00Z,player_rush_yds,bovada,27950836,Tyler Shough (NOR),espn:4360689,90+ Rushing Yards,,3000,9831723644,,milestone,2026-10-05T16:54:19.999943Z,2026-10-05T23:26:51.990764Z,2026-10-05T23:26:51.990764Z,2026-10-05T23:09:21.862000Z,,
2026-10-05T23:24:55Z,football_nfl,32677,2026-10-06T00:15:00Z,player_rush_yds,bovada,27950836,Kendre Miller (NOR),espn:4599739,Over,24.5,-115,9831723651,,main,2026-10-05T19:43:38.520547Z,2026-10-05T20:16:49.591162Z,2026-10-05T20:16:49.591162Z,2026-10-05T23:09:21.862000Z,,
2026-10-05T23:24:55Z,football_nfl,32677,2026-10-06T00:15:00Z,player_rush_yds,bovada,27950836,Kendre Miller (NOR),espn:4599739,Under,24.5,-115,9831723652,,main,2026-10-05T19:43:38.520547Z,2026-10-05T20:16:49.591162Z,2026-10-05T20:16:49.591162Z,2026-10-05T23:09:21.862000Z,,
2026-10-05T23:24:55Z,football_nfl,32677,2026-10-06T00:15:00Z,player_rush_yds,bovada,27950836,Michael Penix Jr. (ATL),espn:4360423,Over,3.5,-125,9831723653,,main,2026-10-05T17:13:24.356952Z,2026-10-05T23:26:51.990764Z,2026-10-05T23:26:51.990764Z,2026-10-05T23:09:21.862000Z,,
2026-10-05T23:24:55Z,football_nfl,32677,2026-10-06T00:15:00Z,player_rush_yds,bovada,27950836,Michael Penix Jr. (ATL),espn:4360423,Under,3.5,-105,9831723654,,main,2026-10-05T17:13:24.356952Z,2026-10-05T23:26:51.990764Z,2026-10-05T23:26:51.990764Z,2026-10-05T23:09:21.862000Z,,
2026-10-05T23:24:55Z,football_nfl,32677,2026-10-06T00:15:00Z,player_rush_yds,bovada,27950836,Tyler Shough (NOR),espn:4360689,Over,17.5,-110,9831723655,,main,2026-10-05T23:06:13.440059Z,2026-10-05T23:26:51.990764Z,2026-10-05T23:26:51.990764Z,2026-10-05T23:09:21.862000Z,,
2026-10-05T23:24:55Z,football_nfl,32677,2026-10-06T00:15:00Z,player_rush_yds,bovada,27950836,Tyler Shough (NOR),espn:4360689,Under,17.5,-120,9831723656,,main,2026-10-05T23:06:13.440059Z,2026-10-05T23:26:51.990764Z,2026-10-05T23:26:51.990764Z,2026-10-05T23:09:21.862000Z,,
2026-10-05T23:24:55Z,football_nfl,32677,2026-10-06T00:15:00Z,player_reception_yds,bovada,27950836,Olamide Zaccheaus (ATL),espn:3917914,Over,8.5,-120,10054735911,,main,2026-10-05T22:52:18.810458Z,2026-10-05T23:26:51.990764Z,2026-10-05T23:26:51.990764Z,2026-10-05T23:09:21.862000Z,,
2026-10-05T23:24:55Z,football_nfl,32677,2026-10-06T00:15:00Z,player_reception_yds,bovada,27950836,Olamide Zaccheaus (ATL),espn:3917914,Under,8.5,-110,10054735912,,main,2026-10-05T22:52:18.810458Z,2026-10-05T23:26:51.990764Z,2026-10-05T23:26:51.990764Z,2026-10-05T23:09:21.862000Z,,
2026-10-05T23:24:55Z,football_nfl,32677,2026-10-06T00:15:00Z,player_receptions,bovada,27950836,Olamide Zaccheaus (ATL),espn:3917914,Over,1.5,130,10054735913,,main,2026-10-05T23:06:13.440059Z,2026-10-05T23:26:51.990764Z,2026-10-05T23:26:51.990764Z,2026-10-05T23:09:21.862000Z,,
2026-10-05T23:24:55Z,football_nfl,32677,2026-10-06T00:15:00Z,player_receptions,bovada,27950836,Olamide Zaccheaus (ATL),espn:3917914,Under,1.5,-170,10054735914,,main,2026-10-05T23:06:13.440059Z,2026-10-05T23:26:51.990764Z,2026-10-05T23:26:51.990764Z,2026-10-05T23:09:21.862000Z,,
2026-10-05T23:24:55Z,football_nfl,32677,2026-10-06T00:15:00Z,player_pass_tds,bovada,27950836,Michael Penix Jr. (ATL),espn:4360423,To Record 1+ Passing Touchdowns,,-500,10226986660,,milestone,2026-10-05T18:03:53.765964Z,2026-10-05T23:26:51.990764Z,2026-10-05T23:26:51.990764Z,2026-10-05T23:09:21.862000Z,,
2026-10-05T23:24:55Z,football_nfl,32677,2026-10-06T00:15:00Z,player_pass_tds,bovada,27950836,Michael Penix Jr. (ATL),espn:4360423,To Record 2+ Passing Touchdowns,,105,10226986661,,milestone,2026-10-05T18:03:53.765964Z,2026-10-05T23:26:51.990764Z,2026-10-05T23:26:51.990764Z,2026-10-05T23:09:21.862000Z,,
2026-10-05T23:24:55Z,football_nfl,32677,2026-10-06T00:15:00Z,player_pass_tds,bovada,27950836,Michael Penix Jr. (ATL),espn:4360423,To Record 3+ Passing Touchdowns,,375,10226986662,,milestone,2026-10-05T18:03:53.765964Z,2026-10-05T23:26:51.990764Z,2026-10-05T23:26:51.990764Z,2026-10-05T23:09:21.862000Z,,
2026-10-05T23:24:55Z,football_nfl,32677,2026-10-06T00:15:00Z,player_pass_tds,bovada,27950836,Michael Penix Jr. (ATL),espn:4360423,To Record 4+ Passing Touchdowns,,1200,10226986663,,milestone,2026-10-05T18:03:53.765964Z,2026-10-05T23:26:51.990764Z,2026-10-05T23:26:51.990764Z,2026-10-05T23:09:21.862000Z,,
2026-10-05T23:24:55Z,football_nfl,32677,2026-10-06T00:15:00Z,player_pass_tds,bovada,27950836,Tyler Shough (NOR),espn:4360689,To Record 1+ Passing Touchdowns,,-850,10226986664,,milestone,2026-10-05T18:03:53.765964Z,2026-10-05T23:26:51.990764Z,2026-10-05T23:26:51.990764Z,2026-10-05T23:09:21.862000Z,,
2026-10-05T23:24:55Z,football_nfl,32677,2026-10-06T00:15:00Z,player_pass_tds,bovada,27950836,Tyler Shough (NOR),espn:4360689,To Record 2+ Passing Touchdowns,,-135,10226986665,,milestone,2026-10-05T18:03:53.765964Z,2026-10-05T23:26:51.990764Z,2026-10-05T23:26:51.990764Z,2026-10-05T23:09:21.862000Z,,
2026-10-05T23:24:55Z,football_nfl,32677,2026-10-06T00:15:00Z,player_pass_tds,bovada,27950836,Tyler Shough (NOR),espn:4360689,To Record 3+ Passing Touchdowns,,250,10226986666,,milestone,2026-10-05T18:03:53.765964Z,2026-10-05T23:26:51.990764Z,2026-10-05T23:26:51.990764Z,2026-10-05T23:09:21.862000Z,,
2026-10-05T23:24:55Z,football_nfl,32677,2026-10-06T00:15:00Z,player_pass_tds,bovada,27950836,Tyler Shough (NOR),espn:4360689,To Record 4+ Passing Touchdowns,,900,10226986667,,milestone,2026-10-05T18:03:53.765964Z,2026-10-05T23:26:51.990764Z,2026-10-05T23:26:51.990764Z,2026-10-05T23:09:21.862000Z,,
2026-10-05T23:24:55Z,football_nfl,32677,2026-10-06T00:15:00Z,player_pass_yds,bovada,27950836,Michael Penix Jr. (ATL),espn:4360423,Over,194.5,-260,10862865580,,alternate,2026-10-05T16:16:20.150420Z,2026-10-05T22:36:21.971698Z,2026-10-05T22:36:21.971698Z,2026-10-05T23:09:21.862000Z,,
2026-10-05T23:24:55Z,football_nfl,32677,2026-10-06T00:15:00Z,player_pass_yds,bovada,27950836,Michael Penix Jr. (ATL),espn:4360423,Under,194.5,190,10862865581,,alternate,2026-10-05T16:16:20.150420Z,2026-10-05T22:36:21.971698Z,2026-10-05T22:36:21.971698Z,2026-10-05T23:09:21.862000Z,,
2026-10-05T23:24:55Z,football_nfl,32677,2026-10-06T00:15:00Z,player_pass_yds,bovada,27950836,Michael Penix Jr. (ATL),espn:4360423,Over,204.5,-200,10862865582,,alternate,2026-10-05T16:16:20.150420Z,2026-10-05T22:36:21.971698Z,2026-10-05T22:36:21.971698Z,2026-10-05T23:09:21.862000Z,,
2026-10-05T23:24:55Z,football_nfl,32677,2026-10-06T00:15:00Z,player_pass_yds,bovada,27950836,Michael Penix Jr. (ATL),espn:4360423,Under,204.5,150,10862865583,,alternate,2026-10-05T16:16:20.150420Z,2026-10-05T22:36:21.971698Z,2026-10-05T22:36:21.971698Z,2026-10-05T23:09:21.862000Z,,
2026-10-05T23:24:55Z,football_nfl,32677,2026-10-06T00:15:00Z,player_pass_yds,bovada,27950836,Michael Penix Jr. (ATL),espn:4360423,Over,214.5,-150,10862865584,,alternate,2026-10-05T16:16:20.150420Z,2026-10-05T22:36:21.971698Z,2026-10-05T22:36:21.971698Z,2026-10-05T23:09:21.862000Z,,
2026-10-05T23:24:55Z,football_nfl,32677,2026-10-06T00:15:00Z,player_pass_yds,bovada,27950836,Michael Penix Jr. (ATL),espn:4360423,Under,214.5,115,10862865585,,alternate,2026-10-05T16:16:20.150420Z,2026-10-05T22:36:21.971698Z,2026-10-05T22:36:21.971698Z,2026-10-05T23:09:21.862000Z,,
2026-10-05T23:24:55Z,football_nfl,32677,2026-10-06T00:15:00Z,player_pass_yds,bovada,27950836,Michael Penix Jr. (ATL),espn:4360423,Over,224.5,-120,10862865586,,main,2026-10-05T16:16:20.150420Z,2026-10-05T22:36:21.971698Z,2026-10-05T22:36:21.971698Z,2026-10-05T23:09:21.862000Z,,
2026-10-05T23:24:55Z,football_nfl,32677,2026-10-06T00:15:00Z,player_pass_yds,bovada,27950836,Michael Penix Jr. (ATL),espn:4360423,Under,224.5,-110,10862865587,,main,2026-10-05T16:16:20.150420Z,2026-10-05T22:36:21.971698Z,2026-10-05T22:36:21.971698Z,2026-10-05T23:09:21.862000Z,,
2026-10-05T23:24:55Z,football_nfl,32677,2026-10-06T00:15:00Z,player_pass_yds,bovada,27950836,Tyler Shough (NOR),espn:4360689,Over,228.5,-250,10862865588,,alternate,2026-10-05T07:34:50.128525Z,2026-10-05T23:26:51.990764Z,2026-10-05T23:26:51.990764Z,2026-10-05T23:09:21.862000Z,,
2026-10-05T23:24:55Z,football_nfl,32677,2026-10-06T00:15:00Z,player_pass_yds,bovada,27950836,Tyler Shough (NOR),espn:4360689,Under,228.5,185,10862865589,,alternate,2026-10-05T07:34:50.128525Z,2026-10-05T23:26:51.990764Z,2026-10-05T23:26:51.990764Z,2026-10-05T23:09:21.862000Z,,
2026-10-05T23:24:55Z,football_nfl,32677,2026-10-06T00:15:00Z,player_pass_yds,bovada,27950836,Michael Penix Jr. (ATL),espn:4360423,Over,234.5,105,10862865590,,alternate,2026-10-05T16:16:20.150420Z,2026-10-05T22:36:21.971698Z,2026-10-05T22:36:21.971698Z,2026-10-05T23:09:21.862000Z,,
2026-10-05T23:24:55Z,football_nfl,32677,2026-10-06T00:15:00Z,player_pass_yds,bovada,27950836,Michael Penix Jr. (ATL),espn:4360423,Under,234.5,-135,10862865591,,alternate,2026-10-05T16:16:20.150420Z,2026-10-05T22:36:21.971698Z,2026-10-05T22:36:21.971698Z,2026-10-05T23:09:21.862000Z,,
2026-10-05T23:24:55Z,football_nfl,32677,2026-10-06T00:15:00Z,player_pass_yds,bovada,27950836,Tyler Shough (NOR),espn:4360689,Over,238.5,-190,10862865592,,alternate,2026-10-05T07:34:50.128525Z,2026-10-05T23:26:51.990764Z,2026-10-05T23:26:51.990764Z,2026-10-05T23:09:21.862000Z,,
2026-10-05T23:24:55Z,football_nfl,32677,2026-10-06T00:15:00Z,player_pass_yds,bovada,27950836,Tyler Shough (NOR),espn:4360689,Under,238.5,145,10862865593,,alternate,2026-10-05T07:34:50.128525Z,2026-10-05T23:26:51.990764Z,2026-10-05T23:26:51.990764Z,2026-10-05T23:09:21.862000Z,,
2026-10-05T23:24:55Z,football_nfl,32677,2026-10-06T00:15:00Z,player_pass_yds,bovada,27950836,Michael Penix Jr. (ATL),espn:4360423,Over,244.5,135,10862865594,,alternate,2026-10-05T16:16:20.150420Z,2026-10-05T22:36:21.971698Z,2026-10-05T22:36:21.971698Z,2026-10-05T23:09:21.862000Z,,
2026-10-05T23:24:55Z,football_nfl,32677,2026-10-06T00:15:00Z,player_pass_yds,bovada,27950836,Michael Penix Jr. (ATL),espn:4360423,Under,244.5,-180,10862865595,,alternate,2026-10-05T16:16:20.150420Z,2026-10-05T22:36:21.971698Z,2026-10-05T22:36:21.971698Z,2026-10-05T23:09:21.862000Z,,
2026-10-05T23:24:55Z,football_nfl,32677,2026-10-06T00:15:00Z,player_pass_yds,bovada,27950836,Tyler Shough (NOR),espn:4360689,Over,248.5,-145,10862865596,,alternate,2026-10-05T07:34:50.128525Z,2026-10-05T23:26:51.990764Z,2026-10-05T23:26:51.990764Z,2026-10-05T23:09:21.862000Z,,
2026-10-05T23:24:55Z,football_nfl,32677,2026-10-06T00:15:00Z,player_pass_yds,bovada,27950836,Tyler Shough (NOR),espn:4360689,Under,248.5,110,10862865597,,alternate,2026-10-05T07:34:50.128525Z,2026-10-05T23:26:51.990764Z,2026-10-05T23:26:51.990764Z,2026-10-05T23:09:21.862000Z,,
2026-10-05T23:24:55Z,football_nfl,32677,2026-10-06T00:15:00Z,player_pass_yds,bovada,27950836,Michael Penix Jr. (ATL),espn:4360423,Over,254.5,165,10862865598,,alternate,2026-10-05T16:16:20.150420Z,2026-10-05T22:36:21.971698Z,2026-10-05T22:36:21.971698Z,2026-10-05T23:09:21.862000Z,,
2026-10-05T23:24:55Z,football_nfl,32677,2026-10-06T00:15:00Z,player_pass_yds,bovada,27950836,Michael Penix Jr. (ATL),espn:4360423,Under,254.5,-220,10862865599,,alternate,2026-10-05T16:16:20.150420Z,2026-10-05T22:36:21.971698Z,2026-10-05T22:36:21.971698Z,2026-10-05T23:09:21.862000Z,,
2026-10-05T23:24:55Z,football_nfl,32677,2026-10-06T00:15:00Z,player_pass_yds,bovada,27950836,Tyler Shough (NOR),espn:4360689,Over,258.5,-115,10862865600,,main,2026-10-05T07:34:50.128525Z,2026-10-05T23:26:51.990764Z,2026-10-05T23:26:51.990764Z,2026-10-05T23:09:21.862000Z,,
2026-10-05T23:24:55Z,football_nfl,32677,2026-10-06T00:15:00Z,player_pass_yds,bovada,27950836,Tyler Shough (NOR),espn:4360689,Under,258.5,-115,10862865601,,main,2026-10-05T07:34:50.128525Z,2026-10-05T23:26:51.990764Z,2026-10-05T23:26:51.990764Z,2026-10-05T23:09:21.862000Z,,
2026-10-05T23:24:55Z,football_nfl,32677,2026-10-06T00:15:00Z,player_pass_yds,bovada,27950836,Tyler Shough (NOR),espn:4360689,Over,268.5,110,10862865602,,alternate,2026-10-05T07:34:50.128525Z,2026-10-05T23:26:51.990764Z,2026-10-05T23:26:51.990764Z,2026-10-05T23:09:21.862000Z,,
2026-10-05T23:24:55Z,football_nfl,32677,2026-10-06T00:15:00Z,player_pass_yds,bovada,27950836,Tyler Shough (NOR),espn:4360689,Under,268.5,-145,10862865603,,alternate,2026-10-05T07:34:50.128525Z,2026-10-05T23:26:51.990764Z,2026-10-05T23:26:51.990764Z,2026-10-05T23:09:21.862000Z,,
2026-10-05T23:24:55Z,football_nfl,32677,2026-10-06T00:15:00Z,player_pass_yds,bovada,27950836,Tyler Shough (NOR),espn:4360689,Over,278.5,140,10862865604,,alternate,2026-10-05T07:34:50.128525Z,2026-10-05T23:26:51.990764Z,2026-10-05T23:26:51.990764Z,2026-10-05T23:09:21.862000Z,,
2026-10-05T23:24:55Z,football_nfl,32677,2026-10-06T00:15:00Z,player_pass_yds,bovada,27950836,Tyler Shough (NOR),espn:4360689,Under,278.5,-185,10862865605,,alternate,2026-10-05T07:34:50.128525Z,2026-10-05T23:26:51.990764Z,2026-10-05T23:26:51.990764Z,2026-10-05T23:09:21.862000Z,,
2026-10-05T23:24:55Z,football_nfl,32677,2026-10-06T00:15:00Z,player_pass_yds,bovada,27950836,Tyler Shough (NOR),espn:4360689,Over,288.5,170,10862865606,,alternate,2026-10-05T07:34:50.128525Z,2026-10-05T23:26:51.990764Z,2026-10-05T23:26:51.990764Z,2026-10-05T23:09:21.862000Z,,
2026-10-05T23:24:55Z,football_nfl,32677,2026-10-06T00:15:00Z,player_pass_yds,bovada,27950836,Tyler Shough (NOR),espn:4360689,Under,288.5,-230,10862865607,,alternate,2026-10-05T07:34:50.128525Z,2026-10-05T23:26:51.990764Z,2026-10-05T23:26:51.990764Z,2026-10-05T23:09:21.862000Z,,
2026-10-05T23:24:55Z,football_nfl,32677,2026-10-06T00:15:00Z,player_reception_yds,bovada,27950836,Chris Olave (NOR),espn:4361370,Over,104.5,170,10862865608,,alternate,2026-10-05T18:17:31.868521Z,2026-10-05T23:04:56.828280Z,2026-10-05T23:04:56.828280Z,2026-10-05T23:09:21.862000Z,,
2026-10-05T23:24:55Z,football_nfl,32677,2026-10-06T00:15:00Z,player_reception_yds,bovada,27950836,Chris Olave (NOR),espn:4361370,Under,104.5,-230,10862865609,,alternate,2026-10-05T18:17:31.868521Z,2026-10-05T23:04:56.828280Z,2026-10-05T23:04:56.828280Z,2026-10-05T23:09:21.862000Z,,
2026-10-05T23:24:55Z,football_nfl,32677,2026-10-06T00:15:00Z,player_reception_yds,bovada,27950836,Devaughn Vele (NOR),espn:4569559,Over,34.5,-230,10862865616,,alternate,2026-10-05T22:01:17.225653Z,2026-10-05T23:04:56.828280Z,2026-10-05T23:04:56.828280Z,2026-10-05T23:09:21.862000Z,,
2026-10-05T23:24:55Z,football_nfl,32677,2026-10-06T00:15:00Z,player_reception_yds,bovada,27950836,Devaughn Vele (NOR),espn:4569559,Under,34.5,170,10862865617,,alternate,2026-10-05T22:01:17.225653Z,2026-10-05T23:04:56.828280Z,2026-10-05T23:04:56.828280Z,2026-10-05T23:09:21.862000Z,,
2026-10-05T23:24:55Z,football_nfl,32677,2026-10-06T00:15:00Z,player_reception_yds,bovada,27950836,Juwan Johnson (NOR),espn:3929645,Over,37.5,-200,10862865618,,alternate,2026-10-05T23:06:13.440059Z,2026-10-05T23:26:51.990764Z,2026-10-05T23:26:51.990764Z,2026-10-05T23:09:21.862000Z,,
2026-10-05T23:24:55Z,football_nfl,32677,2026-10-06T00:15:00Z,player_reception_yds,bovada,27950836,Juwan Johnson (NOR),espn:3929645,Under,37.5,150,10862865619,,alternate,2026-10-05T23:06:13.440059Z,2026-10-05T23:26:51.990764Z,2026-10-05T23:26:51.990764Z,2026-10-05T23:09:21.862000Z,,
2026-10-05T23:24:55Z,football_nfl,32677,2026-10-06T00:15:00Z,player_reception_yds,bovada,27950836,Devaughn Vele (NOR),espn:4569559,Over,39.5,-165,10862865622,,alternate,2026-10-05T22:01:17.225653Z,2026-10-05T23:04:56.828280Z,2026-10-05T23:04:56.828280Z,2026-10-05T23:09:21.862000Z,,
2026-10-05T23:24:55Z,football_nfl,32677,2026-10-06T00:15:00Z,player_reception_yds,bovada,27950836,Devaughn Vele (NOR),espn:4569559,Under,39.5,125,10862865623,,alternate,2026-10-05T22:01:17.225653Z,2026-10-05T23:04:56.828280Z,2026-10-05T23:04:56.828280Z,2026-10-05T23:09:21.862000Z,,
2026-10-05T23:24:55Z,football_nfl,32677,2026-10-06T00:15:00Z,player_reception_yds,bovada,27950836,Juwan Johnson (NOR),espn:3929645,Over,42.5,-150,10862865624,,alternate,2026-10-05T23:06:13.440059Z,2026-10-05T23:26:51.990764Z,2026-10-05T23:26:51.990764Z,2026-10-05T23:09:21.862000Z,,
2026-10-05T23:24:55Z,football_nfl,32677,2026-10-06T00:15:00Z,player_reception_yds,bovada,27950836,Juwan Johnson (NOR),espn:3929645,Under,42.5,115,10862865625,,alternate,2026-10-05T23:06:13.440059Z,2026-10-05T23:26:51.990764Z,2026-10-05T23:26:51.990764Z,2026-10-05T23:09:21.862000Z,,
2026-10-05T23:24:55Z,football_nfl,32677,2026-10-06T00:15:00Z,player_reception_yds,bovada,27950836,Devaughn Vele (NOR),espn:4569559,Over,44.5,-125,10862865628,,alternate,2026-10-05T22:01:17.225653Z,2026-10-05T23:04:56.828280Z,2026-10-05T23:04:56.828280Z,2026-10-05T23:09:21.862000Z,,
2026-10-05T23:24:55Z,football_nfl,32677,2026-10-06T00:15:00Z,player_reception_yds,bovada,27950836,Devaughn Vele (NOR),espn:4569559,Under,44.5,-105,10862865629,,alternate,2026-10-05T22:01:17.225653Z,2026-10-05T23:04:56.828280Z,2026-10-05T23:04:56.828280Z,2026-10-05T23:09:21.862000Z,,
2026-10-05T23:24:55Z,football_nfl,32677,2026-10-06T00:15:00Z,player_reception_yds,bovada,27950836,Juwan Johnson (NOR),espn:3929645,Over,47.5,-115,10862865630,,alternate,2026-10-05T23:06:13.440059Z,2026-10-05T23:26:51.990764Z,2026-10-05T23:26:51.990764Z,2026-10-05T23:09:21.862000Z,,
2026-10-05T23:24:55Z,football_nfl,32677,2026-10-06T00:15:00Z,player_reception_yds,bovada,27950836,Juwan Johnson (NOR),espn:3929645,Under,47.5,-115,10862865631,,alternate,2026-10-05T23:06:13.440059Z,2026-10-05T23:26:51.990764Z,2026-10-05T23:26:51.990764Z,2026-10-05T23:09:21.862000Z,,
2026-10-05T23:24:55Z,football_nfl,32677,2026-10-06T00:15:00Z,player_reception_yds,bovada,27950836,Devaughn Vele (NOR),espn:4569559,Over,49.5,105,10862865634,,alternate,2026-10-05T22:01:17.225653Z,2026-10-05T23:04:56.828280Z,2026-10-05T23:04:56.828280Z,2026-10-05T23:09:21.862000Z,,
2026-10-05T23:24:55Z,football_nfl,32677,2026-10-06T00:15:00Z,player_reception_yds,bovada,27950836,Devaughn Vele (NOR),espn:4569559,Under,49.5,-135,10862865635,,alternate,2026-10-05T22:01:17.225653Z,2026-10-05T23:04:56.828280Z,2026-10-05T23:04:56.828280Z,2026-10-05T23:09:21.862000Z,,
2026-10-05T23:24:55Z,football_nfl,32677,2026-10-06T00:15:00Z,player_reception_yds,bovada,27950836,Juwan Johnson (NOR),espn:3929645,Over,52.5,110,10862865636,,alternate,2026-10-05T23:06:13.440059Z,2026-10-05T23:26:51.990764Z,2026-10-05T23:26:51.990764Z,2026-10-05T23:09:21.862000Z,,
2026-10-05T23:24:55Z,football_nfl,32677,2026-10-06T00:15:00Z,player_reception_yds,bovada,27950836,Juwan Johnson (NOR),espn:3929645,Under,52.5,-145,10862865637,,alternate,2026-10-05T23:06:13.440059Z,2026-10-05T23:26:51.990764Z,2026-10-05T23:26:51.990764Z,2026-10-05T23:09:21.862000Z,,
2026-10-05T23:24:55Z,football_nfl,32677,2026-10-06T00:15:00Z,player_reception_yds,bovada,27950836,Devaughn Vele (NOR),espn:4569559,Over,54.5,130,10862865638,,alternate,2026-10-05T22:01:17.225653Z,2026-10-05T23:04:56.828280Z,2026-10-05T23:04:56.828280Z,2026-10-05T23:09:21.862000Z,,
2026-10-05T23:24:55Z,football_nfl,32677,2026-10-06T00:15:00Z,player_reception_yds,bovada,27950836,Devaughn Vele (NOR),espn:4569559,Under,54.5,-170,10862865639,,alternate,2026-10-05T22:01:17.225653Z,2026-10-05T23:04:56.828280Z,2026-10-05T23:04:56.828280Z,2026-10-05T23:09:21.862000Z,,
2026-10-05T23:24:55Z,football_nfl,32677,2026-10-06T00:15:00Z,player_reception_yds,bovada,27950836,Chris Olave (NOR),espn:4361370,Over,64.5,-280,10862865642,,alternate,2026-10-05T18:17:31.868521Z,2026-10-05T23:04:56.828280Z,2026-10-05T23:04:56.828280Z,2026-10-05T23:09:21.862000Z,,
2026-10-05T23:24:55Z,football_nfl,32677,2026-10-06T00:15:00Z,player_reception_yds,bovada,27950836,Chris Olave (NOR),espn:4361370,Under,64.5,205,10862865643,,alternate,2026-10-05T18:17:31.868521Z,2026-10-05T23:04:56.828280Z,2026-10-05T23:04:56.828280Z,2026-10-05T23:09:21.862000Z,,
2026-10-05T23:24:55Z,football_nfl,32677,2026-10-06T00:15:00Z,player_reception_yds,bovada,27950836,Chris Olave (NOR),espn:4361370,Over,74.5,-180,10862865646,,alternate,2026-10-05T18:17:31.868521Z,2026-10-05T23:04:56.828280Z,2026-10-05T23:04:56.828280Z,2026-10-05T23:09:21.862000Z,,
2026-10-05T23:24:55Z,football_nfl,32677,2026-10-06T00:15:00Z,player_reception_yds,bovada,27950836,Chris Olave (NOR),espn:4361370,Under,74.5,135,10862865647,,alternate,2026-10-05T18:17:31.868521Z,2026-10-05T23:04:56.828280Z,2026-10-05T23:04:56.828280Z,2026-10-05T23:09:21.862000Z,,
2026-10-05T23:24:55Z,football_nfl,32677,2026-10-06T00:15:00Z,player_reception_yds,bovada,27950836,Chris Olave (NOR),espn:4361370,Over,84.5,-120,10862865650,,alternate,2026-10-05T18:17:31.868521Z,2026-10-05T23:04:56.828280Z,2026-10-05T23:04:56.828280Z,2026-10-05T23:09:21.862000Z,,
2026-10-05T23:24:55Z,football_nfl,32677,2026-10-06T00:15:00Z,player_reception_yds,bovada,27950836,Chris Olave (NOR),espn:4361370,Under,84.5,-110,10862865651,,alternate,2026-10-05T18:17:31.868521Z,2026-10-05T23:04:56.828280Z,2026-10-05T23:04:56.828280Z,2026-10-05T23:09:21.862000Z,,
2026-10-05T23:24:55Z,football_nfl,32677,2026-10-06T00:15:00Z,player_reception_yds,bovada,27950836,Chris Olave (NOR),espn:4361370,Over,94.5,120,10862865654,,alternate,2026-10-05T18:17:31.868521Z,2026-10-05T23:04:56.828280Z,2026-10-05T23:04:56.828280Z,2026-10-05T23:09:21.862000Z,,
2026-10-05T23:24:55Z,football_nfl,32677,2026-10-06T00:15:00Z,player_reception_yds,bovada,27950836,Chris Olave (NOR),espn:4361370,Under,94.5,-160,10862865655,,alternate,2026-10-05T18:17:31.868521Z,2026-10-05T23:04:56.828280Z,2026-10-05T23:04:56.828280Z,2026-10-05T23:09:21.862000Z,,
2026-10-05T23:24:55Z,football_nfl,32677,2026-10-06T00:15:00Z,player_rush_yds,bovada,27950836,Bijan Robinson (ATL),espn:4430807,Over,107.5,200,10862865658,,alternate,2026-10-05T07:34:50.128525Z,2026-10-05T22:51:06.764958Z,2026-10-05T22:51:06.764958Z,2026-10-05T23:09:21.862000Z,,
2026-10-05T23:24:55Z,football_nfl,32677,2026-10-06T00:15:00Z,player_rush_yds,bovada,27950836,Bijan Robinson (ATL),espn:4430807,Under,107.5,-275,10862865659,,alternate,2026-10-05T07:34:50.128525Z,2026-10-05T22:51:06.764958Z,2026-10-05T22:51:06.764958Z,2026-10-05T23:09:21.862000Z,,
2026-10-05T23:24:55Z,football_nfl,32677,2026-10-06T00:15:00Z,player_rush_yds,bovada,27950836,Kendre Miller (NOR),espn:4599739,Over,15.5,-290,10862865660,,alternate,2026-10-05T19:26:12.298855Z,2026-10-05T19:42:35.428910Z,2026-10-05T19:42:35.428910Z,2026-10-05T23:09:21.862000Z,,
2026-10-05T23:24:55Z,football_nfl,32677,2026-10-06T00:15:00Z,player_rush_yds,bovada,27950836,Kendre Miller (NOR),espn:4599739,Under,15.5,210,10862865661,,alternate,2026-10-05T19:26:12.298855Z,2026-10-05T19:42:35.428910Z,2026-10-05T19:42:35.428910Z,2026-10-05T23:09:21.862000Z,,
2026-10-05T23:24:55Z,football_nfl,32677,2026-10-06T00:15:00Z,player_rush_yds,bovada,27950836,Brian Robinson (ATL),espn:4241474,Over,19.5,-310,10862865662,,alternate,2026-10-05T22:52:18.810458Z,2026-10-05T23:04:56.828280Z,2026-10-05T23:04:56.828280Z,2026-10-05T23:09:21.862000Z,,
2026-10-05T23:24:55Z,football_nfl,32677,2026-10-06T00:15:00Z,player_rush_yds,bovada,27950836,Brian Robinson (ATL),espn:4241474,Under,19.5,225,10862865663,,alternate,2026-10-05T22:52:18.810458Z,2026-10-05T23:04:56.828280Z,2026-10-05T23:04:56.828280Z,2026-10-05T23:09:21.862000Z,,
2026-10-05T23:24:55Z,football_nfl,32677,2026-10-06T00:15:00Z,player_rush_yds,bovada,27950836,Kendre Miller (NOR),espn:4599739,Over,20.5,-165,10862865664,,alternate,2026-10-05T19:26:12.298855Z,2026-10-05T19:42:35.428910Z,2026-10-05T19:42:35.428910Z,2026-10-05T23:09:21.862000Z,,
2026-10-05T23:24:55Z,football_nfl,32677,2026-10-06T00:15:00Z,player_rush_yds,bovada,27950836,Kendre Miller (NOR),espn:4599739,Under,20.5,125,10862865665,,alternate,2026-10-05T19:26:12.298855Z,2026-10-05T19:42:35.428910Z,2026-10-05T19:42:35.428910Z,2026-10-05T23:09:21.862000Z,,
2026-10-05T23:24:55Z,football_nfl,32677,2026-10-06T00:15:00Z,player_rush_yds,bovada,27950836,Brian Robinson (ATL),espn:4241474,Over,24.5,-185,10862865666,,alternate,2026-10-05T22:52:18.810458Z,2026-10-05T23:04:56.828280Z,2026-10-05T23:04:56.828280Z,2026-10-05T23:09:21.862000Z,,
2026-10-05T23:24:55Z,football_nfl,32677,2026-10-06T00:15:00Z,player_rush_yds,bovada,27950836,Brian Robinson (ATL),espn:4241474,Under,24.5,140,10862865667,,alternate,2026-10-05T22:52:18.810458Z,2026-10-05T23:04:56.828280Z,2026-10-05T23:04:56.828280Z,2026-10-05T23:09:21.862000Z,,
2026-10-05T23:24:55Z,football_nfl,32677,2026-10-06T00:15:00Z,player_rush_yds,bovada,27950836,Kendre Miller (NOR),espn:4599739,Over,25.5,-105,10862865668,,alternate,2026-10-05T19:26:12.298855Z,2026-10-05T19:42:35.428910Z,2026-10-05T19:42:35.428910Z,2026-10-05T23:09:21.862000Z,,
2026-10-05T23:24:55Z,football_nfl,32677,2026-10-06T00:15:00Z,player_rush_yds,bovada,27950836,Kendre Miller (NOR),espn:4599739,Under,25.5,-125,10862865669,,alternate,2026-10-05T19:26:12.298855Z,2026-10-05T19:42:35.428910Z,2026-10-05T19:42:35.428910Z,2026-10-05T23:09:21.862000Z,,
2026-10-05T23:24:55Z,football_nfl,32677,2026-10-06T00:15:00Z,player_rush_yds,bovada,27950836,Alvin Kamara (NOR),espn:3054850,Over,27.5,-250,10862865670,,alternate,2026-10-05T16:27:02.909378Z,2026-10-05T19:42:35.428910Z,2026-10-05T19:42:35.428910Z,2026-10-05T23:09:21.862000Z,,
2026-10-05T23:24:55Z,football_nfl,32677,2026-10-06T00:15:00Z,player_rush_yds,bovada,27950836,Alvin Kamara (NOR),espn:3054850,Under,27.5,185,10862865671,,alternate,2026-10-05T16:27:02.909378Z,2026-10-05T19:42:35.428910Z,2026-10-05T19:42:35.428910Z,2026-10-05T23:09:21.862000Z,,
2026-10-05T23:24:55Z,football_nfl,32677,2026-10-06T00:15:00Z,player_rush_yds,bovada,27950836,Brian Robinson (ATL),espn:4241474,Over,29.5,-120,10862865672,,main,2026-10-05T22:52:18.810458Z,2026-10-05T23:04:56.828280Z,2026-10-05T23:04:56.828280Z,2026-10-05T23:09:21.862000Z,,
2026-10-05T23:24:55Z,football_nfl,32677,2026-10-06T00:15:00Z,player_rush_yds,bovada,27950836,Brian Robinson (ATL),espn:4241474,Under,29.5,-110,10862865673,,main,2026-10-05T22:52:18.810458Z,2026-10-05T23:04:56.828280Z,2026-10-05T23:04:56.828280Z,2026-10-05T23:09:21.862000Z,,
2026-10-05T23:24:55Z,football_nfl,32677,2026-10-06T00:15:00Z,player_rush_yds,bovada,27950836,Kendre Miller (NOR),espn:4599739,Over,30.5,140,10862865674,,alternate,2026-10-05T19:26:12.298855Z,2026-10-05T19:42:35.428910Z,2026-10-05T19:42:35.428910Z,2026-10-05T23:09:21.862000Z,,
2026-10-05T23:24:55Z,football_nfl,32677,2026-10-06T00:15:00Z,player_rush_yds,bovada,27950836,Kendre Miller (NOR),espn:4599739,Under,30.5,-185,10862865675,,alternate,2026-10-05T19:26:12.298855Z,2026-10-05T19:42:35.428910Z,2026-10-05T19:42:35.428910Z,2026-10-05T23:09:21.862000Z,,
2026-10-05T23:24:55Z,football_nfl,32677,2026-10-06T00:15:00Z,player_rush_yds,bovada,27950836,Alvin Kamara (NOR),espn:3054850,Over,32.5,-165,10862865676,,alternate,2026-10-05T16:27:02.909378Z,2026-10-05T19:42:35.428910Z,2026-10-05T19:42:35.428910Z,2026-10-05T23:09:21.862000Z,,
2026-10-05T23:24:55Z,football_nfl,32677,2026-10-06T00:15:00Z,player_rush_yds,bovada,27950836,Alvin Kamara (NOR),espn:3054850,Under,32.5,125,10862865677,,alternate,2026-10-05T16:27:02.909378Z,2026-10-05T19:42:35.428910Z,2026-10-05T19:42:35.428910Z,2026-10-05T23:09:21.862000Z,,
2026-10-05T23:24:55Z,football_nfl,32677,2026-10-06T00:15:00Z,player_rush_yds,bovada,27950836,Brian Robinson (ATL),espn:4241474,Over,34.5,120,10862865678,,alternate,2026-10-05T22:52:18.810458Z,2026-10-05T23:04:56.828280Z,2026-10-05T23:04:56.828280Z,2026-10-05T23:09:21.862000Z,,
2026-10-05T23:24:55Z,football_nfl,32677,2026-10-06T00:15:00Z,player_rush_yds,bovada,27950836,Brian Robinson (ATL),espn:4241474,Under,34.5,-160,10862865679,,alternate,2026-10-05T22:52:18.810458Z,2026-10-05T23:04:56.828280Z,2026-10-05T23:04:56.828280Z,2026-10-05T23:09:21.862000Z,,
2026-10-05T23:24:55Z,football_nfl,32677,2026-10-06T00:15:00Z,player_rush_yds,bovada,27950836,Kendre Miller (NOR),espn:4599739,Over,35.5,200,10862865680,,alternate,2026-10-05T19:26:12.298855Z,2026-10-05T19:42:35.428910Z,2026-10-05T19:42:35.428910Z,2026-10-05T23:09:21.862000Z,,
2026-10-05T23:24:55Z,football_nfl,32677,2026-10-06T00:15:00Z,player_rush_yds,bovada,27950836,Kendre Miller (NOR),espn:4599739,Under,35.5,-275,10862865681,,alternate,2026-10-05T19:26:12.298855Z,2026-10-05T19:42:35.428910Z,2026-10-05T19:42:35.428910Z,2026-10-05T23:09:21.862000Z,,
2026-10-05T23:24:55Z,football_nfl,32677,2026-10-06T00:15:00Z,player_rush_yds,bovada,27950836,Alvin Kamara (NOR),espn:3054850,Over,37.5,-115,10862865682,,main,2026-10-05T16:27:02.909378Z,2026-10-05T19:42:35.428910Z,2026-10-05T19:42:35.428910Z,2026-10-05T23:09:21.862000Z,,
2026-10-05T23:24:55Z,football_nfl,32677,2026-10-06T00:15:00Z,player_rush_yds,bovada,27950836,Alvin Kamara (NOR),espn:3054850,Under,37.5,-115,10862865683,,main,2026-10-05T16:27:02.909378Z,2026-10-05T19:42:35.428910Z,2026-10-05T19:42:35.428910Z,2026-10-05T23:09:21.862000Z,,
2026-10-05T23:24:55Z,football_nfl,32677,2026-10-06T00:15:00Z,player_rush_yds,bovada,27950836,Brian Robinson (ATL),espn:4241474,Over,39.5,170,10862865684,,alternate,2026-10-05T22:52:18.810458Z,2026-10-05T23:04:56.828280Z,2026-10-05T23:04:56.828280Z,2026-10-05T23:09:21.862000Z,,
2026-10-05T23:24:55Z,football_nfl,32677,2026-10-06T00:15:00Z,player_rush_yds,bovada,27950836,Brian Robinson (ATL),espn:4241474,Under,39.5,-230,10862865685,,alternate,2026-10-05T22:52:18.810458Z,2026-10-05T23:04:56.828280Z,2026-10-05T23:04:56.828280Z,2026-10-05T23:09:21.862000Z,,
2026-10-05T23:24:55Z,football_nfl,32677,2026-10-06T00:15:00Z,player_rush_yds,bovada,27950836,Alvin Kamara (NOR),espn:3054850,Over,42.5,120,10862865686,,alternate,2026-10-05T16:27:02.909378Z,2026-10-05T19:42:35.428910Z,2026-10-05T19:42:35.428910Z,2026-10-05T23:09:21.862000Z,,
2026-10-05T23:24:55Z,football_nfl,32677,2026-10-06T00:15:00Z,player_rush_yds,bovada,27950836,Alvin Kamara (NOR),espn:3054850,Under,42.5,-160,10862865687,,alternate,2026-10-05T16:27:02.909378Z,2026-10-05T19:42:35.428910Z,2026-10-05T19:42:35.428910Z,2026-10-05T23:09:21.862000Z,,
2026-10-05T23:24:55Z,football_nfl,32677,2026-10-06T00:15:00Z,player_rush_yds,bovada,27950836,Alvin Kamara (NOR),espn:3054850,Over,47.5,165,10862865688,,alternate,2026-10-05T16:27:02.909378Z,2026-10-05T19:42:35.428910Z,2026-10-05T19:42:35.428910Z,2026-10-05T23:09:21.862000Z,,
2026-10-05T23:24:55Z,football_nfl,32677,2026-10-06T00:15:00Z,player_rush_yds,bovada,27950836,Alvin Kamara (NOR),espn:3054850,Under,47.5,-220,10862865689,,alternate,2026-10-05T16:27:02.909378Z,2026-10-05T19:42:35.428910Z,2026-10-05T19:42:35.428910Z,2026-10-05T23:09:21.862000Z,,
2026-10-05T23:24:55Z,football_nfl,32677,2026-10-06T00:15:00Z,player_rush_yds,bovada,27950836,Bijan Robinson (ATL),espn:4430807,Over,67.5,-320,10862865690,,alternate,2026-10-05T07:34:50.128525Z,2026-10-05T22:51:06.764958Z,2026-10-05T22:51:06.764958Z,2026-10-05T23:09:21.862000Z,,
2026-10-05T23:24:55Z,football_nfl,32677,2026-10-06T00:15:00Z,player_rush_yds,bovada,27950836,Bijan Robinson (ATL),espn:4430807,Under,67.5,230,10862865691,,alternate,2026-10-05T07:34:50.128525Z,2026-10-05T22:51:06.764958Z,2026-10-05T22:51:06.764958Z,2026-10-05T23:09:21.862000Z,,
2026-10-05T23:24:55Z,football_nfl,32677,2026-10-06T00:15:00Z,player_rush_yds,bovada,27950836,Bijan Robinson (ATL),espn:4430807,Over,77.5,-185,10862865692,,alternate,2026-10-05T07:34:50.128525Z,2026-10-05T22:51:06.764958Z,2026-10-05T22:51:06.764958Z,2026-10-05T23:09:21.862000Z,,
2026-10-05T23:24:55Z,football_nfl,32677,2026-10-06T00:15:00Z,player_rush_yds,bovada,27950836,Bijan Robinson (ATL),espn:4430807,Under,77.5,140,10862865693,,alternate,2026-10-05T07:34:50.128525Z,2026-10-05T22:51:06.764958Z,2026-10-05T22:51:06.764958Z,2026-10-05T23:09:21.862000Z,,
2026-10-05T23:24:55Z,football_nfl,32677,2026-10-06T00:15:00Z,player_rush_yds,bovada,27950836,Bijan Robinson (ATL),espn:4430807,Over,87.5,-115,10862865694,,alternate,2026-10-05T07:34:50.128525Z,2026-10-05T22:51:06.764958Z,2026-10-05T22:51:06.764958Z,2026-10-05T23:09:21.862000Z,,
2026-10-05T23:24:55Z,football_nfl,32677,2026-10-06T00:15:00Z,player_rush_yds,bovada,27950836,Bijan Robinson (ATL),espn:4430807,Under,87.5,-115,10862865695,,alternate,2026-10-05T07:34:50.128525Z,2026-10-05T22:51:06.764958Z,2026-10-05T22:51:06.764958Z,2026-10-05T23:09:21.862000Z,,
2026-10-05T23:24:55Z,football_nfl,32677,2026-10-06T00:15:00Z,player_rush_yds,bovada,27950836,Bijan Robinson (ATL),espn:4430807,Over,97.5,135,10862865696,,alternate,2026-10-05T07:34:50.128525Z,2026-10-05T22:51:06.764958Z,2026-10-05T22:51:06.764958Z,2026-10-05T23:09:21.862000Z,,
2026-10-05T23:24:55Z,football_nfl,32677,2026-10-06T00:15:00Z,player_rush_yds,bovada,27950836,Bijan Robinson (ATL),espn:4430807,Under,97.5,-180,10862865697,,alternate,2026-10-05T07:34:50.128525Z,2026-10-05T22:51:06.764958Z,2026-10-05T22:51:06.764958Z,2026-10-05T23:09:21.862000Z,,
2026-10-05T23:24:55Z,football_nfl,32677,2026-10-06T00:15:00Z,player_reception_yds,bovada,27950836,Chris Olave (NOR),espn:4361370,Over,105.5,165,10882174841,,alternate,2026-10-05T18:45:28.985826Z,2026-10-05T22:21:01.159184Z,2026-10-05T22:21:01.159184Z,2026-10-05T23:09:21.862000Z,,
2026-10-05T23:24:55Z,football_nfl,32677,2026-10-06T00:15:00Z,player_reception_yds,bovada,27950836,Chris Olave (NOR),espn:4361370,Under,105.5,-220,10882174842,,alternate,2026-10-05T18:45:28.985826Z,2026-10-05T22:21:01.159184Z,2026-10-05T22:21:01.159184Z,2026-10-05T23:09:21.862000Z,,
2026-10-05T23:24:55Z,football_nfl,32677,2026-10-06T00:15:00Z,player_reception_yds,bovada,27950836,Chris Olave (NOR),espn:4361370,Over,65.5,-280,10882174843,,alternate,2026-10-05T18:45:28.985826Z,2026-10-05T22:21:01.159184Z,2026-10-05T22:21:01.159184Z,2026-10-05T23:09:21.862000Z,,
2026-10-05T23:24:55Z,football_nfl,32677,2026-10-06T00:15:00Z,player_reception_yds,bovada,27950836,Chris Olave (NOR),espn:4361370,Under,65.5,205,10882174844,,alternate,2026-10-05T18:45:28.985826Z,2026-10-05T22:21:01.159184Z,2026-10-05T22:21:01.159184Z,2026-10-05T23:09:21.862000Z,,
2026-10-05T23:24:55Z,football_nfl,32677,2026-10-06T00:15:00Z,player_reception_yds,bovada,27950836,Chris Olave (NOR),espn:4361370,Over,75.5,-180,10882174845,,alternate,2026-10-05T18:45:28.985826Z,2026-10-05T22:21:01.159184Z,2026-10-05T22:21:01.159184Z,2026-10-05T23:09:21.862000Z,,
2026-10-05T23:24:55Z,football_nfl,32677,2026-10-06T00:15:00Z,player_reception_yds,bovada,27950836,Chris Olave (NOR),espn:4361370,Under,75.5,135,10882174846,,alternate,2026-10-05T18:45:28.985826Z,2026-10-05T22:21:01.159184Z,2026-10-05T22:21:01.159184Z,2026-10-05T23:09:21.862000Z,,
2026-10-05T23:24:55Z,football_nfl,32677,2026-10-06T00:15:00Z,player_reception_yds,bovada,27950836,Chris Olave (NOR),espn:4361370,Over,85.5,-120,10882174847,,alternate,2026-10-05T18:45:28.985826Z,2026-10-05T22:21:01.159184Z,2026-10-05T22:21:01.159184Z,2026-10-05T23:09:21.862000Z,,
2026-10-05T23:24:55Z,football_nfl,32677,2026-10-06T00:15:00Z,player_reception_yds,bovada,27950836,Chris Olave (NOR),espn:4361370,Under,85.5,-110,10882174848,,alternate,2026-10-05T18:45:28.985826Z,2026-10-05T22:21:01.159184Z,2026-10-05T22:21:01.159184Z,2026-10-05T23:09:21.862000Z,,
2026-10-05T23:24:55Z,football_nfl,32677,2026-10-06T00:15:00Z,player_reception_yds,bovada,27950836,Chris Olave (NOR),espn:4361370,Over,95.5,120,10882174849,,alternate,2026-10-05T18:45:28.985826Z,2026-10-05T22:21:01.159184Z,2026-10-05T22:21:01.159184Z,2026-10-05T23:09:21.862000Z,,
2026-10-05T23:24:55Z,football_nfl,32677,2026-10-06T00:15:00Z,player_reception_yds,bovada,27950836,Chris Olave (NOR),espn:4361370,Under,95.5,-160,10882174850,,alternate,2026-10-05T18:45:28.985826Z,2026-10-05T22:21:01.159184Z,2026-10-05T22:21:01.159184Z,2026-10-05T23:09:21.862000Z,,
2026-10-05T23:24:55Z,football_nfl,32677,2026-10-06T00:15:00Z,player_pass_yds,bovada,27950836,Michael Penix Jr. (ATL),espn:4360423,Over,195.5,-260,10884554765,,alternate,2026-10-05T16:31:08.372427Z,2026-10-05T23:26:51.990764Z,2026-10-05T23:26:51.990764Z,2026-10-05T23:09:21.862000Z,,
2026-10-05T23:24:55Z,football_nfl,32677,2026-10-06T00:15:00Z,player_pass_yds,bovada,27950836,Michael Penix Jr. (ATL),espn:4360423,Under,195.5,190,10884554766,,alternate,2026-10-05T16:31:08.372427Z,2026-10-05T23:26:51.990764Z,2026-10-05T23:26:51.990764Z,2026-10-05T23:09:21.862000Z,,
2026-10-05T23:24:55Z,football_nfl,32677,2026-10-06T00:15:00Z,player_pass_yds,bovada,27950836,Michael Penix Jr. (ATL),espn:4360423,Over,205.5,-200,10884554767,,alternate,2026-10-05T16:31:08.372427Z,2026-10-05T23:26:51.990764Z,2026-10-05T23:26:51.990764Z,2026-10-05T23:09:21.862000Z,,
2026-10-05T23:24:55Z,football_nfl,32677,2026-10-06T00:15:00Z,player_pass_yds,bovada,27950836,Michael Penix Jr. (ATL),espn:4360423,Under,205.5,150,10884554768,,alternate,2026-10-05T16:31:08.372427Z,2026-10-05T23:26:51.990764Z,2026-10-05T23:26:51.990764Z,2026-10-05T23:09:21.862000Z,,
2026-10-05T23:24:55Z,football_nfl,32677,2026-10-06T00:15:00Z,player_pass_yds,bovada,27950836,Michael Penix Jr. (ATL),espn:4360423,Over,215.5,-150,10884554769,,alternate,2026-10-05T16:31:08.372427Z,2026-10-05T23:26:51.990764Z,2026-10-05T23:26:51.990764Z,2026-10-05T23:09:21.862000Z,,
2026-10-05T23:24:55Z,football_nfl,32677,2026-10-06T00:15:00Z,player_pass_yds,bovada,27950836,Michael Penix Jr. (ATL),espn:4360423,Under,215.5,115,10884554770,,alternate,2026-10-05T16:31:08.372427Z,2026-10-05T23:26:51.990764Z,2026-10-05T23:26:51.990764Z,2026-10-05T23:09:21.862000Z,,
2026-10-05T23:24:55Z,football_nfl,32677,2026-10-06T00:15:00Z,player_pass_yds,bovada,27950836,Michael Penix Jr. (ATL),espn:4360423,Over,225.5,-120,10884554771,,alternate,2026-10-05T16:31:08.372427Z,2026-10-05T23:26:51.990764Z,2026-10-05T23:26:51.990764Z,2026-10-05T23:09:21.862000Z,,
2026-10-05T23:24:55Z,football_nfl,32677,2026-10-06T00:15:00Z,player_pass_yds,bovada,27950836,Michael Penix Jr. (ATL),espn:4360423,Under,225.5,-110,10884554772,,alternate,2026-10-05T16:31:08.372427Z,2026-10-05T23:26:51.990764Z,2026-10-05T23:26:51.990764Z,2026-10-05T23:09:21.862000Z,,
2026-10-05T23:24:55Z,football_nfl,32677,2026-10-06T00:15:00Z,player_pass_yds,bovada,27950836,Michael Penix Jr. (ATL),espn:4360423,Over,235.5,105,10884554775,,alternate,2026-10-05T16:31:08.372427Z,2026-10-05T23:26:51.990764Z,2026-10-05T23:26:51.990764Z,2026-10-05T23:09:21.862000Z,,
2026-10-05T23:24:55Z,football_nfl,32677,2026-10-06T00:15:00Z,player_pass_yds,bovada,27950836,Michael Penix Jr. (ATL),espn:4360423,Under,235.5,-135,10884554776,,alternate,2026-10-05T16:31:08.372427Z,2026-10-05T23:26:51.990764Z,2026-10-05T23:26:51.990764Z,2026-10-05T23:09:21.862000Z,,
2026-10-05T23:24:55Z,football_nfl,32677,2026-10-06T00:15:00Z,player_pass_yds,bovada,27950836,Michael Penix Jr. (ATL),espn:4360423,Over,245.5,135,10884554779,,alternate,2026-10-05T16:31:08.372427Z,2026-10-05T23:26:51.990764Z,2026-10-05T23:26:51.990764Z,2026-10-05T23:09:21.862000Z,,
2026-10-05T23:24:55Z,football_nfl,32677,2026-10-06T00:15:00Z,player_pass_yds,bovada,27950836,Michael Penix Jr. (ATL),espn:4360423,Under,245.5,-180,10884554780,,alternate,2026-10-05T16:31:08.372427Z,2026-10-05T23:26:51.990764Z,2026-10-05T23:26:51.990764Z,2026-10-05T23:09:21.862000Z,,
2026-10-05T23:24:55Z,football_nfl,32677,2026-10-06T00:15:00Z,player_pass_yds,bovada,27950836,Michael Penix Jr. (ATL),espn:4360423,Over,255.5,165,10884554783,,alternate,2026-10-05T16:31:08.372427Z,2026-10-05T23:26:51.990764Z,2026-10-05T23:26:51.990764Z,2026-10-05T23:09:21.862000Z,,
2026-10-05T23:24:55Z,football_nfl,32677,2026-10-06T00:15:00Z,player_pass_yds,bovada,27950836,Michael Penix Jr. (ATL),espn:4360423,Under,255.5,-220,10884554784,,alternate,2026-10-05T16:31:08.372427Z,2026-10-05T23:26:51.990764Z,2026-10-05T23:26:51.990764Z,2026-10-05T23:09:21.862000Z,,
2026-10-05T23:24:55Z,football_nfl,32677,2026-10-06T00:15:00Z,player_pass_yds,bovada,27950836,Michael Penix Jr. (ATL),espn:4360423,Over,196.5,-260,10892642116,,alternate,2026-10-05T22:46:57.528810Z,2026-10-05T23:04:56.828280Z,2026-10-05T23:04:56.828280Z,2026-10-05T23:09:21.862000Z,,
2026-10-05T23:24:55Z,football_nfl,32677,2026-10-06T00:15:00Z,player_pass_yds,bovada,27950836,Michael Penix Jr. (ATL),espn:4360423,Under,196.5,190,10892642117,,alternate,2026-10-05T22:46:57.528810Z,2026-10-05T23:04:56.828280Z,2026-10-05T23:04:56.828280Z,2026-10-05T23:09:21.862000Z,,
2026-10-05T23:24:55Z,football_nfl,32677,2026-10-06T00:15:00Z,player_pass_yds,bovada,27950836,Michael Penix Jr. (ATL),espn:4360423,Over,206.5,-200,10892642118,,alternate,2026-10-05T22:46:57.528810Z,2026-10-05T23:04:56.828280Z,2026-10-05T23:04:56.828280Z,2026-10-05T23:09:21.862000Z,,
2026-10-05T23:24:55Z,football_nfl,32677,2026-10-06T00:15:00Z,player_pass_yds,bovada,27950836,Michael Penix Jr. (ATL),espn:4360423,Under,206.5,150,10892642119,,alternate,2026-10-05T22:46:57.528810Z,2026-10-05T23:04:56.828280Z,2026-10-05T23:04:56.828280Z,2026-10-05T23:09:21.862000Z,,
2026-10-05T23:24:55Z,football_nfl,32677,2026-10-06T00:15:00Z,player_pass_yds,bovada,27950836,Michael Penix Jr. (ATL),espn:4360423,Over,216.5,-150,10892642120,,alternate,2026-10-05T22:46:57.528810Z,2026-10-05T23:04:56.828280Z,2026-10-05T23:04:56.828280Z,2026-10-05T23:09:21.862000Z,,
2026-10-05T23:24:55Z,football_nfl,32677,2026-10-06T00:15:00Z,player_pass_yds,bovada,27950836,Michael Penix Jr. (ATL),espn:4360423,Under,216.5,115,10892642121,,alternate,2026-10-05T22:46:57.528810Z,2026-10-05T23:04:56.828280Z,2026-10-05T23:04:56.828280Z,2026-10-05T23:09:21.862000Z,,
2026-10-05T23:24:55Z,football_nfl,32677,2026-10-06T00:15:00Z,player_pass_yds,bovada,27950836,Michael Penix Jr. (ATL),espn:4360423,Over,226.5,-120,10892642122,,alternate,2026-10-05T22:46:57.528810Z,2026-10-05T23:04:56.828280Z,2026-10-05T23:04:56.828280Z,2026-10-05T23:09:21.862000Z,,
2026-10-05T23:24:55Z,football_nfl,32677,2026-10-06T00:15:00Z,player_pass_yds,bovada,27950836,Michael Penix Jr. (ATL),espn:4360423,Under,226.5,-110,10892642123,,alternate,2026-10-05T22:46:57.528810Z,2026-10-05T23:04:56.828280Z,2026-10-05T23:04:56.828280Z,2026-10-05T23:09:21.862000Z,,
2026-10-05T23:24:55Z,football_nfl,32677,2026-10-06T00:15:00Z,player_pass_yds,bovada,27950836,Tyler Shough (NOR),espn:4360689,Over,231.5,-245,10892642124,,alternate,2026-10-05T12:04:48.936676Z,2026-10-05T22:21:01.159184Z,2026-10-05T22:21:01.159184Z,2026-10-05T23:09:21.862000Z,,
2026-10-05T23:24:55Z,football_nfl,32677,2026-10-06T00:15:00Z,player_pass_yds,bovada,27950836,Tyler Shough (NOR),espn:4360689,Under,231.5,180,10892642125,,alternate,2026-10-05T12:04:48.936676Z,2026-10-05T22:21:01.159184Z,2026-10-05T22:21:01.159184Z,2026-10-05T23:09:21.862000Z,,
2026-10-05T23:24:55Z,football_nfl,32677,2026-10-06T00:15:00Z,player_pass_yds,bovada,27950836,Michael Penix Jr. (ATL),espn:4360423,Over,236.5,105,10892642126,,alternate,2026-10-05T22:46:57.528810Z,2026-10-05T23:04:56.828280Z,2026-10-05T23:04:56.828280Z,2026-10-05T23:09:21.862000Z,,
2026-10-05T23:24:55Z,football_nfl,32677,2026-10-06T00:15:00Z,player_pass_yds,bovada,27950836,Michael Penix Jr. (ATL),espn:4360423,Under,236.5,-135,10892642127,,alternate,2026-10-05T22:46:57.528810Z,2026-10-05T23:04:56.828280Z,2026-10-05T23:04:56.828280Z,2026-10-05T23:09:21.862000Z,,
2026-10-05T23:24:55Z,football_nfl,32677,2026-10-06T00:15:00Z,player_pass_yds,bovada,27950836,Tyler Shough (NOR),espn:4360689,Over,241.5,-185,10892642128,,alternate,2026-10-05T12:04:48.936676Z,2026-10-05T22:21:01.159184Z,2026-10-05T22:21:01.159184Z,2026-10-05T23:09:21.862000Z,,
2026-10-05T23:24:55Z,football_nfl,32677,2026-10-06T00:15:00Z,player_pass_yds,bovada,27950836,Tyler Shough (NOR),espn:4360689,Under,241.5,140,10892642129,,alternate,2026-10-05T12:04:48.936676Z,2026-10-05T22:21:01.159184Z,2026-10-05T22:21:01.159184Z,2026-10-05T23:09:21.862000Z,,
2026-10-05T23:24:55Z,football_nfl,32677,2026-10-06T00:15:00Z,player_pass_yds,bovada,27950836,Michael Penix Jr. (ATL),espn:4360423,Over,246.5,135,10892642130,,alternate,2026-10-05T22:46:57.528810Z,2026-10-05T23:04:56.828280Z,2026-10-05T23:04:56.828280Z,2026-10-05T23:09:21.862000Z,,
2026-10-05T23:24:55Z,football_nfl,32677,2026-10-06T00:15:00Z,player_pass_yds,bovada,27950836,Michael Penix Jr. (ATL),espn:4360423,Under,246.5,-180,10892642131,,alternate,2026-10-05T22:46:57.528810Z,2026-10-05T23:04:56.828280Z,2026-10-05T23:04:56.828280Z,2026-10-05T23:09:21.862000Z,,
2026-10-05T23:24:55Z,football_nfl,32677,2026-10-06T00:15:00Z,player_pass_yds,bovada,27950836,Tyler Shough (NOR),espn:4360689,Over,251.5,-145,10892642133,,alternate,2026-10-05T12:04:48.936676Z,2026-10-05T22:21:01.159184Z,2026-10-05T22:21:01.159184Z,2026-10-05T23:09:21.862000Z,,
2026-10-05T23:24:55Z,football_nfl,32677,2026-10-06T00:15:00Z,player_pass_yds,bovada,27950836,Tyler Shough (NOR),espn:4360689,Under,251.5,110,10892642134,,alternate,2026-10-05T12:04:48.936676Z,2026-10-05T22:21:01.159184Z,2026-10-05T22:21:01.159184Z,2026-10-05T23:09:21.862000Z,,
2026-10-05T23:24:55Z,football_nfl,32677,2026-10-06T00:15:00Z,player_pass_yds,bovada,27950836,Michael Penix Jr. (ATL),espn:4360423,Over,256.5,165,10892642135,,alternate,2026-10-05T22:46:57.528810Z,2026-10-05T23:04:56.828280Z,2026-10-05T23:04:56.828280Z,2026-10-05T23:09:21.862000Z,,
2026-10-05T23:24:55Z,football_nfl,32677,2026-10-06T00:15:00Z,player_pass_yds,bovada,27950836,Michael Penix Jr. (ATL),espn:4360423,Under,256.5,-220,10892642137,,alternate,2026-10-05T22:46:57.528810Z,2026-10-05T23:04:56.828280Z,2026-10-05T23:04:56.828280Z,2026-10-05T23:09:21.862000Z,,
2026-10-05T23:24:55Z,football_nfl,32677,2026-10-06T00:15:00Z,player_pass_yds,bovada,27950836,Tyler Shough (NOR),espn:4360689,Over,261.5,-115,10892642138,,alternate,2026-10-05T12:04:48.936676Z,2026-10-05T22:21:01.159184Z,2026-10-05T22:21:01.159184Z,2026-10-05T23:09:21.862000Z,,
2026-10-05T23:24:55Z,football_nfl,32677,2026-10-06T00:15:00Z,player_pass_yds,bovada,27950836,Tyler Shough (NOR),espn:4360689,Under,261.5,-115,10892642139,,alternate,2026-10-05T12:04:48.936676Z,2026-10-05T22:21:01.159184Z,2026-10-05T22:21:01.159184Z,2026-10-05T23:09:21.862000Z,,
2026-10-05T23:24:55Z,football_nfl,32677,2026-10-06T00:15:00Z,player_pass_yds,bovada,27950836,Tyler Shough (NOR),espn:4360689,Over,271.5,110,10892642140,,alternate,2026-10-05T12:04:48.936676Z,2026-10-05T22:21:01.159184Z,2026-10-05T22:21:01.159184Z,2026-10-05T23:09:21.862000Z,,
2026-10-05T23:24:55Z,football_nfl,32677,2026-10-06T00:15:00Z,player_pass_yds,bovada,27950836,Tyler Shough (NOR),espn:4360689,Under,271.5,-145,10892642141,,alternate,2026-10-05T12:04:48.936676Z,2026-10-05T22:21:01.159184Z,2026-10-05T22:21:01.159184Z,2026-10-05T23:09:21.862000Z,,
2026-10-05T23:24:55Z,football_nfl,32677,2026-10-06T00:15:00Z,player_pass_yds,bovada,27950836,Tyler Shough (NOR),espn:4360689,Over,281.5,140,10892642142,,alternate,2026-10-05T12:04:48.936676Z,2026-10-05T22:21:01.159184Z,2026-10-05T22:21:01.159184Z,2026-10-05T23:09:21.862000Z,,
2026-10-05T23:24:55Z,football_nfl,32677,2026-10-06T00:15:00Z,player_pass_yds,bovada,27950836,Tyler Shough (NOR),espn:4360689,Under,281.5,-185,10892642143,,alternate,2026-10-05T12:04:48.936676Z,2026-10-05T22:21:01.159184Z,2026-10-05T22:21:01.159184Z,2026-10-05T23:09:21.862000Z,,
2026-10-05T23:24:55Z,football_nfl,32677,2026-10-06T00:15:00Z,player_pass_yds,bovada,27950836,Tyler Shough (NOR),espn:4360689,Over,291.5,170,10892642144,,alternate,2026-10-05T12:04:48.936676Z,2026-10-05T22:21:01.159184Z,2026-10-05T22:21:01.159184Z,2026-10-05T23:09:21.862000Z,,
2026-10-05T23:24:55Z,football_nfl,32677,2026-10-06T00:15:00Z,player_pass_yds,bovada,27950836,Tyler Shough (NOR),espn:4360689,Under,291.5,-230,10892642145,,alternate,2026-10-05T12:04:48.936676Z,2026-10-05T22:21:01.159184Z,2026-10-05T22:21:01.159184Z,2026-10-05T23:09:21.862000Z,,
2026-10-05T23:24:55Z,football_nfl,32677,2026-10-06T00:15:00Z,player_reception_yds,bovada,27950836,Bryce Lance (NOR),espn:4879276,10+ Receiving Yards,,-240,10892642147,,milestone,2026-10-05T23:18:31.204258Z,2026-10-05T23:26:51.990764Z,2026-10-05T23:26:51.990764Z,2026-10-05T23:09:21.862000Z,,
2026-10-05T23:24:55Z,football_nfl,32677,2026-10-06T00:15:00Z,player_reception_yds,bovada,27950836,Bryce Lance (NOR),espn:4879276,100+ Receiving Yards,,2800,10892642146,,milestone,2026-10-05T17:22:28.336049Z,2026-10-05T23:26:51.990764Z,2026-10-05T23:26:51.990764Z,2026-10-05T23:09:21.862000Z,,
2026-10-05T23:24:55Z,football_nfl,32677,2026-10-06T00:15:00Z,player_reception_yds,bovada,27950836,Bryce Lance (NOR),espn:4879276,125+ Receiving Yards,,3300,10892642148,,milestone,2026-10-05T18:17:31.868521Z,2026-10-05T23:26:51.990764Z,2026-10-05T23:26:51.990764Z,2026-10-05T23:09:21.862000Z,,
2026-10-05T23:24:55Z,football_nfl,32677,2026-10-06T00:15:00Z,player_reception_yds,bovada,27950836,Bryce Lance (NOR),espn:4879276,20+ Receiving Yards,,110,10892642149,,milestone,2026-10-05T23:18:31.204258Z,2026-10-05T23:26:51.990764Z,2026-10-05T23:26:51.990764Z,2026-10-05T23:09:21.862000Z,,
2026-10-05T23:24:55Z,football_nfl,32677,2026-10-06T00:15:00Z,player_reception_yds,bovada,27950836,Bryce Lance (NOR),espn:4879276,30+ Receiving Yards,,220,10892642150,,milestone,2026-10-05T23:18:31.204258Z,2026-10-05T23:26:51.990764Z,2026-10-05T23:26:51.990764Z,2026-10-05T23:09:21.862000Z,,
2026-10-05T23:24:55Z,football_nfl,32677,2026-10-06T00:15:00Z,player_reception_yds,bovada,27950836,Bryce Lance (NOR),espn:4879276,40+ Receiving Yards,,380,10892642151,,milestone,2026-10-05T23:18:31.204258Z,2026-10-05T23:26:51.990764Z,2026-10-05T23:26:51.990764Z,2026-10-05T23:09:21.862000Z,,
2026-10-05T23:24:55Z,football_nfl,32677,2026-10-06T00:15:00Z,player_reception_yds,bovada,27950836,Bryce Lance (NOR),espn:4879276,50+ Receiving Yards,,600,10892642152,,milestone,2026-10-05T23:18:31.204258Z,2026-10-05T23:26:51.990764Z,2026-10-05T23:26:51.990764Z,2026-10-05T23:09:21.862000Z,,
2026-10-05T23:24:55Z,football_nfl,32677,2026-10-06T00:15:00Z,player_reception_yds,bovada,27950836,Bryce Lance (NOR),espn:4879276,60+ Receiving Yards,,900,10892642153,,milestone,2026-10-05T23:06:13.440059Z,2026-10-05T23:26:51.990764Z,2026-10-05T23:26:51.990764Z,2026-10-05T23:09:21.862000Z,,
2026-10-05T23:24:55Z,football_nfl,32677,2026-10-06T00:15:00Z,player_reception_yds,bovada,27950836,Bryce Lance (NOR),espn:4879276,70+ Receiving Yards,,1300,10892642154,,milestone,2026-10-05T23:06:13.440059Z,2026-10-05T23:26:51.990764Z,2026-10-05T23:26:51.990764Z,2026-10-05T23:09:21.862000Z,,
2026-10-05T23:24:55Z,football_nfl,32677,2026-10-06T00:15:00Z,player_reception_yds,bovada,27950836,Bryce Lance (NOR),espn:4879276,80+ Receiving Yards,,1800,10892642155,,milestone,2026-10-05T23:06:13.440059Z,2026-10-05T23:26:51.990764Z,2026-10-05T23:26:51.990764Z,2026-10-05T23:09:21.862000Z,,
2026-10-05T23:24:55Z,football_nfl,32677,2026-10-06T00:15:00Z,player_reception_yds,bovada,27950836,Bryce Lance (NOR),espn:4879276,90+ Receiving Yards,,2400,10892642156,,milestone,2026-10-05T23:18:31.204258Z,2026-10-05T23:26:51.990764Z,2026-10-05T23:26:51.990764Z,2026-10-05T23:09:21.862000Z,,
2026-10-05T23:24:55Z,football_nfl,32677,2026-10-06T00:15:00Z,player_reception_yds,bovada,27950836,Chris Olave (NOR),espn:4361370,Over,107.5,165,10892642157,,alternate,2026-10-05T23:06:13.440059Z,2026-10-05T23:19:42.524849Z,2026-10-05T23:19:42.524849Z,2026-10-05T23:09:21.862000Z,,
2026-10-05T23:24:55Z,football_nfl,32677,2026-10-06T00:15:00Z,player_reception_yds,bovada,27950836,Chris Olave (NOR),espn:4361370,Under,107.5,-220,10892642158,,alternate,2026-10-05T23:06:13.440059Z,2026-10-05T23:19:42.524849Z,2026-10-05T23:19:42.524849Z,2026-10-05T23:09:21.862000Z,,
2026-10-05T23:24:55Z,football_nfl,32677,2026-10-06T00:15:00Z,player_reception_yds,bovada,27950836,Bijan Robinson (ATL),espn:4430807,Over,27.5,-220,10892642159,,alternate,2026-10-05T12:04:48.936676Z,2026-10-05T19:24:58.330646Z,2026-10-05T19:24:58.330646Z,2026-10-05T23:09:21.862000Z,,
2026-10-05T23:24:55Z,football_nfl,32677,2026-10-06T00:15:00Z,player_reception_yds,bovada,27950836,Bijan Robinson (ATL),espn:4430807,Under,27.5,165,10892642160,,alternate,2026-10-05T12:04:48.936676Z,2026-10-05T19:24:58.330646Z,2026-10-05T19:24:58.330646Z,2026-10-05T23:09:21.862000Z,,
2026-10-05T23:24:55Z,football_nfl,32677,2026-10-06T00:15:00Z,player_reception_yds,bovada,27950836,Bijan Robinson (ATL),espn:4430807,Over,32.5,-160,10892642161,,alternate,2026-10-05T12:04:48.936676Z,2026-10-05T19:24:58.330646Z,2026-10-05T19:24:58.330646Z,2026-10-05T23:09:21.862000Z,,
2026-10-05T23:24:55Z,football_nfl,32677,2026-10-06T00:15:00Z,player_reception_yds,bovada,27950836,Bijan Robinson (ATL),espn:4430807,Under,32.5,120,10892642162,,alternate,2026-10-05T12:04:48.936676Z,2026-10-05T19:24:58.330646Z,2026-10-05T19:24:58.330646Z,2026-10-05T23:09:21.862000Z,,
2026-10-05T23:24:55Z,football_nfl,32677,2026-10-06T00:15:00Z,player_reception_yds,bovada,27950836,Devaughn Vele (NOR),espn:4569559,Over,35.5,-220,10892642163,,alternate,2026-10-05T23:20:48.943492Z,2026-10-05T23:26:51.990764Z,2026-10-05T23:26:51.990764Z,2026-10-05T23:09:21.862000Z,,
2026-10-05T23:24:55Z,football_nfl,32677,2026-10-06T00:15:00Z,player_reception_yds,bovada,27950836,Devaughn Vele (NOR),espn:4569559,Under,35.5,165,10892642164,,alternate,2026-10-05T23:20:48.943492Z,2026-10-05T23:26:51.990764Z,2026-10-05T23:26:51.990764Z,2026-10-05T23:09:21.862000Z,,
2026-10-05T23:24:55Z,football_nfl,32677,2026-10-06T00:15:00Z,player_reception_yds,bovada,27950836,Bijan Robinson (ATL),espn:4430807,Over,37.5,-115,10892642165,,alternate,2026-10-05T12:04:48.936676Z,2026-10-05T19:24:58.330646Z,2026-10-05T19:24:58.330646Z,2026-10-05T23:09:21.862000Z,,
2026-10-05T23:24:55Z,football_nfl,32677,2026-10-06T00:15:00Z,player_reception_yds,bovada,27950836,Bijan Robinson (ATL),espn:4430807,Under,37.5,-115,10892642166,,alternate,2026-10-05T12:04:48.936676Z,2026-10-05T19:24:58.330646Z,2026-10-05T19:24:58.330646Z,2026-10-05T23:09:21.862000Z,,
2026-10-05T23:24:55Z,football_nfl,32677,2026-10-06T00:15:00Z,player_reception_yds,bovada,27950836,Devaughn Vele (NOR),espn:4569559,Over,40.5,-165,10892642167,,alternate,2026-10-05T23:20:48.943492Z,2026-10-05T23:26:51.990764Z,2026-10-05T23:26:51.990764Z,2026-10-05T23:09:21.862000Z,,
2026-10-05T23:24:55Z,football_nfl,32677,2026-10-06T00:15:00Z,player_reception_yds,bovada,27950836,Devaughn Vele (NOR),espn:4569559,Under,40.5,125,10892642168,,alternate,2026-10-05T23:20:48.943492Z,2026-10-05T23:26:51.990764Z,2026-10-05T23:26:51.990764Z,2026-10-05T23:09:21.862000Z,,
2026-10-05T23:24:55Z,football_nfl,32677,2026-10-06T00:15:00Z,player_reception_yds,bovada,27950836,Bijan Robinson (ATL),espn:4430807,Over,42.5,115,10892642169,,alternate,2026-10-05T12:04:48.936676Z,2026-10-05T19:24:58.330646Z,2026-10-05T19:24:58.330646Z,2026-10-05T23:09:21.862000Z,,
2026-10-05T23:24:55Z,football_nfl,32677,2026-10-06T00:15:00Z,player_reception_yds,bovada,27950836,Bijan Robinson (ATL),espn:4430807,Under,42.5,-150,10892642170,,alternate,2026-10-05T12:04:48.936676Z,2026-10-05T19:24:58.330646Z,2026-10-05T19:24:58.330646Z,2026-10-05T23:09:21.862000Z,,
2026-10-05T23:24:55Z,football_nfl,32677,2026-10-06T00:15:00Z,player_reception_yds,bovada,27950836,Devaughn Vele (NOR),espn:4569559,Over,45.5,-125,10892642171,,alternate,2026-10-05T23:20:48.943492Z,2026-10-05T23:26:51.990764Z,2026-10-05T23:26:51.990764Z,2026-10-05T23:09:21.862000Z,,
2026-10-05T23:24:55Z,football_nfl,32677,2026-10-06T00:15:00Z,player_reception_yds,bovada,27950836,Devaughn Vele (NOR),espn:4569559,Under,45.5,-105,10892642172,,alternate,2026-10-05T23:20:48.943492Z,2026-10-05T23:26:51.990764Z,2026-10-05T23:26:51.990764Z,2026-10-05T23:09:21.862000Z,,
2026-10-05T23:24:55Z,football_nfl,32677,2026-10-06T00:15:00Z,player_reception_yds,bovada,27950836,Bijan Robinson (ATL),espn:4430807,Over,47.5,150,10892642173,,alternate,2026-10-05T12:04:48.936676Z,2026-10-05T19:24:58.330646Z,2026-10-05T19:24:58.330646Z,2026-10-05T23:09:21.862000Z,,
2026-10-05T23:24:55Z,football_nfl,32677,2026-10-06T00:15:00Z,player_reception_yds,bovada,27950836,Bijan Robinson (ATL),espn:4430807,Under,47.5,-200,10892642174,,alternate,2026-10-05T12:04:48.936676Z,2026-10-05T19:24:58.330646Z,2026-10-05T19:24:58.330646Z,2026-10-05T23:09:21.862000Z,,
2026-10-05T23:24:55Z,football_nfl,32677,2026-10-06T00:15:00Z,player_reception_yds,bovada,27950836,Devaughn Vele (NOR),espn:4569559,Over,50.5,105,10892642175,,alternate,2026-10-05T23:20:48.943492Z,2026-10-05T23:26:51.990764Z,2026-10-05T23:26:51.990764Z,2026-10-05T23:09:21.862000Z,,
2026-10-05T23:24:55Z,football_nfl,32677,2026-10-06T00:15:00Z,player_reception_yds,bovada,27950836,Devaughn Vele (NOR),espn:4569559,Under,50.5,-135,10892642176,,alternate,2026-10-05T23:20:48.943492Z,2026-10-05T23:26:51.990764Z,2026-10-05T23:26:51.990764Z,2026-10-05T23:09:21.862000Z,,
2026-10-05T23:24:55Z,football_nfl,32677,2026-10-06T00:15:00Z,player_reception_yds,bovada,27950836,Devaughn Vele (NOR),espn:4569559,Over,55.5,130,10892642177,,alternate,2026-10-05T23:20:48.943492Z,2026-10-05T23:26:51.990764Z,2026-10-05T23:26:51.990764Z,2026-10-05T23:09:21.862000Z,,
2026-10-05T23:24:55Z,football_nfl,32677,2026-10-06T00:15:00Z,player_reception_yds,bovada,27950836,Devaughn Vele (NOR),espn:4569559,Under,55.5,-170,10892642178,,alternate,2026-10-05T23:20:48.943492Z,2026-10-05T23:26:51.990764Z,2026-10-05T23:26:51.990764Z,2026-10-05T23:09:21.862000Z,,
2026-10-05T23:24:55Z,football_nfl,32677,2026-10-06T00:15:00Z,player_reception_yds,bovada,27950836,Chris Olave (NOR),espn:4361370,Over,67.5,-280,10892642179,,alternate,2026-10-05T23:06:13.440059Z,2026-10-05T23:19:42.524849Z,2026-10-05T23:19:42.524849Z,2026-10-05T23:09:21.862000Z,,
2026-10-05T23:24:55Z,football_nfl,32677,2026-10-06T00:15:00Z,player_reception_yds,bovada,27950836,Chris Olave (NOR),espn:4361370,Under,67.5,205,10892642180,,alternate,2026-10-05T23:06:13.440059Z,2026-10-05T23:19:42.524849Z,2026-10-05T23:19:42.524849Z,2026-10-05T23:09:21.862000Z,,
2026-10-05T23:24:55Z,football_nfl,32677,2026-10-06T00:15:00Z,player_reception_yds,bovada,27950836,Chris Olave (NOR),espn:4361370,Over,77.5,-180,10892642181,,alternate,2026-10-05T23:06:13.440059Z,2026-10-05T23:19:42.524849Z,2026-10-05T23:19:42.524849Z,2026-10-05T23:09:21.862000Z,,
2026-10-05T23:24:55Z,football_nfl,32677,2026-10-06T00:15:00Z,player_reception_yds,bovada,27950836,Chris Olave (NOR),espn:4361370,Under,77.5,135,10892642182,,alternate,2026-10-05T23:06:13.440059Z,2026-10-05T23:19:42.524849Z,2026-10-05T23:19:42.524849Z,2026-10-05T23:09:21.862000Z,,
2026-10-05T23:24:55Z,football_nfl,32677,2026-10-06T00:15:00Z,player_reception_yds,bovada,27950836,Chris Olave (NOR),espn:4361370,Over,87.5,-120,10892642183,,alternate,2026-10-05T23:06:13.440059Z,2026-10-05T23:19:42.524849Z,2026-10-05T23:19:42.524849Z,2026-10-05T23:09:21.862000Z,,
2026-10-05T23:24:55Z,football_nfl,32677,2026-10-06T00:15:00Z,player_reception_yds,bovada,27950836,Chris Olave (NOR),espn:4361370,Under,87.5,-110,10892642184,,alternate,2026-10-05T23:06:13.440059Z,2026-10-05T23:19:42.524849Z,2026-10-05T23:19:42.524849Z,2026-10-05T23:09:21.862000Z,,
2026-10-05T23:24:55Z,football_nfl,32677,2026-10-06T00:15:00Z,player_reception_yds,bovada,27950836,Chris Olave (NOR),espn:4361370,Over,97.5,120,10892642185,,alternate,2026-10-05T23:06:13.440059Z,2026-10-05T23:19:42.524849Z,2026-10-05T23:19:42.524849Z,2026-10-05T23:09:21.862000Z,,
2026-10-05T23:24:55Z,football_nfl,32677,2026-10-06T00:15:00Z,player_reception_yds,bovada,27950836,Chris Olave (NOR),espn:4361370,Under,97.5,-160,10892642186,,alternate,2026-10-05T23:06:13.440059Z,2026-10-05T23:19:42.524849Z,2026-10-05T23:19:42.524849Z,2026-10-05T23:09:21.862000Z,,
2026-10-05T23:24:55Z,football_nfl,32677,2026-10-06T00:15:00Z,player_rush_yds,bovada,27950836,Brian Robinson (ATL),espn:4241474,Over,20.5,-275,10892642187,,alternate,2026-10-05T23:06:13.440059Z,2026-10-05T23:26:51.990764Z,2026-10-05T23:26:51.990764Z,2026-10-05T23:09:21.862000Z,,
2026-10-05T23:24:55Z,football_nfl,32677,2026-10-06T00:15:00Z,player_rush_yds,bovada,27950836,Brian Robinson (ATL),espn:4241474,Under,20.5,200,10892642188,,alternate,2026-10-05T23:06:13.440059Z,2026-10-05T23:26:51.990764Z,2026-10-05T23:26:51.990764Z,2026-10-05T23:09:21.862000Z,,
2026-10-05T23:24:55Z,football_nfl,32677,2026-10-06T00:15:00Z,player_rush_yds,bovada,27950836,Brian Robinson (ATL),espn:4241474,Over,25.5,-165,10892642189,,alternate,2026-10-05T23:06:13.440059Z,2026-10-05T23:26:51.990764Z,2026-10-05T23:26:51.990764Z,2026-10-05T23:09:21.862000Z,,
2026-10-05T23:24:55Z,football_nfl,32677,2026-10-06T00:15:00Z,player_rush_yds,bovada,27950836,Brian Robinson (ATL),espn:4241474,Under,25.5,125,10892642190,,alternate,2026-10-05T23:06:13.440059Z,2026-10-05T23:26:51.990764Z,2026-10-05T23:26:51.990764Z,2026-10-05T23:09:21.862000Z,,
2026-10-05T23:24:55Z,football_nfl,32677,2026-10-06T00:15:00Z,player_rush_yds,bovada,27950836,Alvin Kamara (NOR),espn:3054850,Over,26.5,-275,10892642191,,alternate,2026-10-05T19:43:38.520547Z,2026-10-05T20:16:49.591162Z,2026-10-05T20:16:49.591162Z,2026-10-05T23:09:21.862000Z,,
2026-10-05T23:24:55Z,football_nfl,32677,2026-10-06T00:15:00Z,player_rush_yds,bovada,27950836,Alvin Kamara (NOR),espn:3054850,Under,26.5,200,10892642192,,alternate,2026-10-05T19:43:38.520547Z,2026-10-05T20:16:49.591162Z,2026-10-05T20:16:49.591162Z,2026-10-05T23:09:21.862000Z,,
2026-10-05T23:24:55Z,football_nfl,32677,2026-10-06T00:15:00Z,player_rush_yds,bovada,27950836,Brian Robinson (ATL),espn:4241474,Over,30.5,-110,10892642193,,alternate,2026-10-05T23:06:13.440059Z,2026-10-05T23:26:51.990764Z,2026-10-05T23:26:51.990764Z,2026-10-05T23:09:21.862000Z,,
2026-10-05T23:24:55Z,football_nfl,32677,2026-10-06T00:15:00Z,player_rush_yds,bovada,27950836,Brian Robinson (ATL),espn:4241474,Under,30.5,-120,10892642194,,alternate,2026-10-05T23:06:13.440059Z,2026-10-05T23:26:51.990764Z,2026-10-05T23:26:51.990764Z,2026-10-05T23:09:21.862000Z,,
2026-10-05T23:24:55Z,football_nfl,32677,2026-10-06T00:15:00Z,player_rush_yds,bovada,27950836,Alvin Kamara (NOR),espn:3054850,Over,31.5,-170,10892642195,,alternate,2026-10-05T19:43:38.520547Z,2026-10-05T20:16:49.591162Z,2026-10-05T20:16:49.591162Z,2026-10-05T23:09:21.862000Z,,
2026-10-05T23:24:55Z,football_nfl,32677,2026-10-06T00:15:00Z,player_rush_yds,bovada,27950836,Alvin Kamara (NOR),espn:3054850,Under,31.5,130,10892642196,,alternate,2026-10-05T19:43:38.520547Z,2026-10-05T20:16:49.591162Z,2026-10-05T20:16:49.591162Z,2026-10-05T23:09:21.862000Z,,
2026-10-05T23:24:55Z,football_nfl,32677,2026-10-06T00:15:00Z,player_rush_yds,bovada,27950836,Brian Robinson (ATL),espn:4241474,Over,35.5,130,10892642197,,alternate,2026-10-05T23:06:13.440059Z,2026-10-05T23:26:51.990764Z,2026-10-05T23:26:51.990764Z,2026-10-05T23:09:21.862000Z,,
2026-10-05T23:24:55Z,football_nfl,32677,2026-10-06T00:15:00Z,player_rush_yds,bovada,27950836,Brian Robinson (ATL),espn:4241474,Under,35.5,-170,10892642198,,alternate,2026-10-05T23:06:13.440059Z,2026-10-05T23:26:51.990764Z,2026-10-05T23:26:51.990764Z,2026-10-05T23:09:21.862000Z,,
2026-10-05T23:24:55Z,football_nfl,32677,2026-10-06T00:15:00Z,player_rush_yds,bovada,27950836,Alvin Kamara (NOR),espn:3054850,Over,36.5,-120,10892642199,,alternate,2026-10-05T19:43:38.520547Z,2026-10-05T20:16:49.591162Z,2026-10-05T20:16:49.591162Z,2026-10-05T23:09:21.862000Z,,
2026-10-05T23:24:55Z,football_nfl,32677,2026-10-06T00:15:00Z,player_rush_yds,bovada,27950836,Alvin Kamara (NOR),espn:3054850,Under,36.5,-110,10892642200,,alternate,2026-10-05T19:43:38.520547Z,2026-10-05T20:16:49.591162Z,2026-10-05T20:16:49.591162Z,2026-10-05T23:09:21.862000Z,,
2026-10-05T23:24:55Z,football_nfl,32677,2026-10-06T00:15:00Z,player_rush_yds,bovada,27950836,Brian Robinson (ATL),espn:4241474,Over,40.5,180,10892642201,,alternate,2026-10-05T23:06:13.440059Z,2026-10-05T23:26:51.990764Z,2026-10-05T23:26:51.990764Z,2026-10-05T23:09:21.862000Z,,
2026-10-05T23:24:55Z,football_nfl,32677,2026-10-06T00:15:00Z,player_rush_yds,bovada,27950836,Brian Robinson (ATL),espn:4241474,Under,40.5,-245,10892642202,,alternate,2026-10-05T23:06:13.440059Z,2026-10-05T23:26:51.990764Z,2026-10-05T23:26:51.990764Z,2026-10-05T23:09:21.862000Z,,
2026-10-05T23:24:55Z,football_nfl,32677,2026-10-06T00:15:00Z,player_rush_yds,bovada,27950836,Alvin Kamara (NOR),espn:3054850,Over,41.5,115,10892642203,,alternate,2026-10-05T19:43:38.520547Z,2026-10-05T20:16:49.591162Z,2026-10-05T20:16:49.591162Z,2026-10-05T23:09:21.862000Z,,
2026-10-05T23:24:55Z,football_nfl,32677,2026-10-06T00:15:00Z,player_rush_yds,bovada,27950836,Alvin Kamara (NOR),espn:3054850,Under,41.5,-150,10892642204,,alternate,2026-10-05T19:43:38.520547Z,2026-10-05T20:16:49.591162Z,2026-10-05T20:16:49.591162Z,2026-10-05T23:09:21.862000Z,,
2026-10-05T23:24:55Z,football_nfl,32677,2026-10-06T00:15:00Z,player_rush_yds,bovada,27950836,Alvin Kamara (NOR),espn:3054850,Over,46.5,160,10892642205,,alternate,2026-10-05T19:43:38.520547Z,2026-10-05T20:16:49.591162Z,2026-10-05T20:16:49.591162Z,2026-10-05T23:09:21.862000Z,,
2026-10-05T23:24:55Z,football_nfl,32677,2026-10-06T00:15:00Z,player_rush_yds,bovada,27950836,Alvin Kamara (NOR),espn:3054850,Under,46.5,-215,10892642206,,alternate,2026-10-05T19:43:38.520547Z,2026-10-05T20:16:49.591162Z,2026-10-05T20:16:49.591162Z,2026-10-05T23:09:21.862000Z,,
2026-10-05T23:24:55Z,football_nfl,32677,2026-10-06T00:15:00Z,player_reception_yds,bovada,27950836,Bijan Robinson (ATL),espn:4430807,Over,26.5,-220,10897189926,,alternate,2026-10-05T17:06:50.581256Z,2026-10-05T23:26:51.990764Z,2026-10-05T23:26:51.990764Z,2026-10-05T23:09:21.862000Z,,
2026-10-05T23:24:55Z,football_nfl,32677,2026-10-06T00:15:00Z,player_reception_yds,bovada,27950836,Bijan Robinson (ATL),espn:4430807,Under,26.5,165,10897189927,,alternate,2026-10-05T17:06:50.581256Z,2026-10-05T23:26:51.990764Z,2026-10-05T23:26:51.990764Z,2026-10-05T23:09:21.862000Z,,
2026-10-05T23:24:55Z,football_nfl,32677,2026-10-06T00:15:00Z,player_reception_yds,bovada,27950836,Bijan Robinson (ATL),espn:4430807,Over,31.5,-160,10897189928,,alternate,2026-10-05T17:06:50.581256Z,2026-10-05T23:26:51.990764Z,2026-10-05T23:26:51.990764Z,2026-10-05T23:09:21.862000Z,,
2026-10-05T23:24:55Z,football_nfl,32677,2026-10-06T00:15:00Z,player_reception_yds,bovada,27950836,Bijan Robinson (ATL),espn:4430807,Under,31.5,120,10897189929,,alternate,2026-10-05T17:06:50.581256Z,2026-10-05T23:26:51.990764Z,2026-10-05T23:26:51.990764Z,2026-10-05T23:09:21.862000Z,,
2026-10-05T23:24:55Z,football_nfl,32677,2026-10-06T00:15:00Z,player_reception_yds,bovada,27950836,Bijan Robinson (ATL),espn:4430807,Over,36.5,-115,10897189930,,alternate,2026-10-05T17:06:50.581256Z,2026-10-05T23:26:51.990764Z,2026-10-05T23:26:51.990764Z,2026-10-05T23:09:21.862000Z,,
2026-10-05T23:24:55Z,football_nfl,32677,2026-10-06T00:15:00Z,player_reception_yds,bovada,27950836,Bijan Robinson (ATL),espn:4430807,Under,36.5,-115,10897189931,,alternate,2026-10-05T17:06:50.581256Z,2026-10-05T23:26:51.990764Z,2026-10-05T23:26:51.990764Z,2026-10-05T23:09:21.862000Z,,
2026-10-05T23:24:55Z,football_nfl,32677,2026-10-06T00:15:00Z,player_reception_yds,bovada,27950836,Bijan Robinson (ATL),espn:4430807,Over,41.5,115,10897189932,,alternate,2026-10-05T17:06:50.581256Z,2026-10-05T23:26:51.990764Z,2026-10-05T23:26:51.990764Z,2026-10-05T23:09:21.862000Z,,
2026-10-05T23:24:55Z,football_nfl,32677,2026-10-06T00:15:00Z,player_reception_yds,bovada,27950836,Bijan Robinson (ATL),espn:4430807,Under,41.5,-150,10897189933,,alternate,2026-10-05T17:06:50.581256Z,2026-10-05T23:26:51.990764Z,2026-10-05T23:26:51.990764Z,2026-10-05T23:09:21.862000Z,,
2026-10-05T23:24:55Z,football_nfl,32677,2026-10-06T00:15:00Z,player_reception_yds,bovada,27950836,Bijan Robinson (ATL),espn:4430807,Over,46.5,150,10897189934,,alternate,2026-10-05T17:06:50.581256Z,2026-10-05T23:26:51.990764Z,2026-10-05T23:26:51.990764Z,2026-10-05T23:09:21.862000Z,,
2026-10-05T23:24:55Z,football_nfl,32677,2026-10-06T00:15:00Z,player_reception_yds,bovada,27950836,Bijan Robinson (ATL),espn:4430807,Under,46.5,-200,10897189935,,alternate,2026-10-05T17:06:50.581256Z,2026-10-05T23:26:51.990764Z,2026-10-05T23:26:51.990764Z,2026-10-05T23:09:21.862000Z,,
2026-10-05T23:24:55Z,football_nfl,32677,2026-10-06T00:15:00Z,player_rush_yds,bovada,27950836,Bijan Robinson (ATL),espn:4430807,Over,108.5,200,10900482794,,alternate,2026-10-05T12:52:54.150870Z,2026-10-05T23:16:52.783549Z,2026-10-05T23:16:52.783549Z,2026-10-05T23:09:21.862000Z,,
2026-10-05T23:24:55Z,football_nfl,32677,2026-10-06T00:15:00Z,player_rush_yds,bovada,27950836,Bijan Robinson (ATL),espn:4430807,Under,108.5,-275,10900482798,,alternate,2026-10-05T12:52:54.150870Z,2026-10-05T23:16:52.783549Z,2026-10-05T23:16:52.783549Z,2026-10-05T23:09:21.862000Z,,
2026-10-05T23:24:55Z,football_nfl,32677,2026-10-06T00:15:00Z,player_rush_yds,bovada,27950836,Bijan Robinson (ATL),espn:4430807,Over,68.5,-320,10900482804,,alternate,2026-10-05T12:52:54.150870Z,2026-10-05T23:16:52.783549Z,2026-10-05T23:16:52.783549Z,2026-10-05T23:09:21.862000Z,,
2026-10-05T23:24:55Z,football_nfl,32677,2026-10-06T00:15:00Z,player_rush_yds,bovada,27950836,Bijan Robinson (ATL),espn:4430807,Under,68.5,230,10900482805,,alternate,2026-10-05T12:52:54.150870Z,2026-10-05T23:16:52.783549Z,2026-10-05T23:16:52.783549Z,2026-10-05T23:09:21.862000Z,,
2026-10-05T23:24:55Z,football_nfl,32677,2026-10-06T00:15:00Z,player_rush_yds,bovada,27950836,Bijan Robinson (ATL),espn:4430807,Over,78.5,-185,10900482806,,alternate,2026-10-05T12:52:54.150870Z,2026-10-05T23:16:52.783549Z,2026-10-05T23:16:52.783549Z,2026-10-05T23:09:21.862000Z,,
2026-10-05T23:24:55Z,football_nfl,32677,2026-10-06T00:15:00Z,player_rush_yds,bovada,27950836,Bijan Robinson (ATL),espn:4430807,Under,78.5,140,10900482807,,alternate,2026-10-05T12:52:54.150870Z,2026-10-05T23:16:52.783549Z,2026-10-05T23:16:52.783549Z,2026-10-05T23:09:21.862000Z,,
2026-10-05T23:24:55Z,football_nfl,32677,2026-10-06T00:15:00Z,player_rush_yds,bovada,27950836,Bijan Robinson (ATL),espn:4430807,Over,88.5,-115,10900482808,,alternate,2026-10-05T12:52:54.150870Z,2026-10-05T23:16:52.783549Z,2026-10-05T23:16:52.783549Z,2026-10-05T23:09:21.862000Z,,
2026-10-05T23:24:55Z,football_nfl,32677,2026-10-06T00:15:00Z,player_rush_yds,bovada,27950836,Bijan Robinson (ATL),espn:4430807,Under,88.5,-115,10900482809,,alternate,2026-10-05T12:52:54.150870Z,2026-10-05T23:16:52.783549Z,2026-10-05T23:16:52.783549Z,2026-10-05T23:09:21.862000Z,,
2026-10-05T23:24:55Z,football_nfl,32677,2026-10-06T00:15:00Z,player_rush_yds,bovada,27950836,Bijan Robinson (ATL),espn:4430807,Over,98.5,135,10900482810,,alternate,2026-10-05T12:52:54.150870Z,2026-10-05T23:16:52.783549Z,2026-10-05T23:16:52.783549Z,2026-10-05T23:09:21.862000Z,,
2026-10-05T23:24:55Z,football_nfl,32677,2026-10-06T00:15:00Z,player_rush_yds,bovada,27950836,Bijan Robinson (ATL),espn:4430807,Under,98.5,-180,10900482811,,alternate,2026-10-05T12:52:54.150870Z,2026-10-05T23:16:52.783549Z,2026-10-05T23:16:52.783549Z,2026-10-05T23:09:21.862000Z,,
2026-10-05T23:24:55Z,football_nfl,32677,2026-10-06T00:15:00Z,player_reception_yds,bovada,27950836,Drake London (ATL),espn:4426502,Over,100.5,170,10915308816,,alternate,2026-10-05T22:22:36.318243Z,2026-10-05T23:26:51.990764Z,2026-10-05T23:26:51.990764Z,2026-10-05T23:09:21.862000Z,,
2026-10-05T23:24:55Z,football_nfl,32677,2026-10-06T00:15:00Z,player_reception_yds,bovada,27950836,Drake London (ATL),espn:4426502,Under,100.5,-230,10915308817,,alternate,2026-10-05T22:22:36.318243Z,2026-10-05T23:26:51.990764Z,2026-10-05T23:26:51.990764Z,2026-10-05T23:09:21.862000Z,,
2026-10-05T23:24:55Z,football_nfl,32677,2026-10-06T00:15:00Z,player_reception_yds,bovada,27950836,Drake London (ATL),espn:4426502,Over,60.5,-300,10915308818,,alternate,2026-10-05T22:22:36.318243Z,2026-10-05T23:26:51.990764Z,2026-10-05T23:26:51.990764Z,2026-10-05T23:09:21.862000Z,,
2026-10-05T23:24:55Z,football_nfl,32677,2026-10-06T00:15:00Z,player_reception_yds,bovada,27950836,Drake London (ATL),espn:4426502,Under,60.5,215,10915308819,,alternate,2026-10-05T22:22:36.318243Z,2026-10-05T23:26:51.990764Z,2026-10-05T23:26:51.990764Z,2026-10-05T23:09:21.862000Z,,
2026-10-05T23:24:55Z,football_nfl,32677,2026-10-06T00:15:00Z,player_reception_yds,bovada,27950836,Drake London (ATL),espn:4426502,Over,70.5,-180,10915308820,,alternate,2026-10-05T22:22:36.318243Z,2026-10-05T23:26:51.990764Z,2026-10-05T23:26:51.990764Z,2026-10-05T23:09:21.862000Z,,
2026-10-05T23:24:55Z,football_nfl,32677,2026-10-06T00:15:00Z,player_reception_yds,bovada,27950836,Drake London (ATL),espn:4426502,Under,70.5,135,10915308821,,alternate,2026-10-05T22:22:36.318243Z,2026-10-05T23:26:51.990764Z,2026-10-05T23:26:51.990764Z,2026-10-05T23:09:21.862000Z,,
2026-10-05T23:24:55Z,football_nfl,32677,2026-10-06T00:15:00Z,player_reception_yds,bovada,27950836,Drake London (ATL),espn:4426502,Over,80.5,-120,10915308822,,alternate,2026-10-05T22:22:36.318243Z,2026-10-05T23:26:51.990764Z,2026-10-05T23:26:51.990764Z,2026-10-05T23:09:21.862000Z,,
2026-10-05T23:24:55Z,football_nfl,32677,2026-10-06T00:15:00Z,player_reception_yds,bovada,27950836,Drake London (ATL),espn:4426502,Under,80.5,-110,10915308823,,alternate,2026-10-05T22:22:36.318243Z,2026-10-05T23:26:51.990764Z,2026-10-05T23:26:51.990764Z,2026-10-05T23:09:21.862000Z,,
2026-10-05T23:24:55Z,football_nfl,32677,2026-10-06T00:15:00Z,player_reception_yds,bovada,27950836,Drake London (ATL),espn:4426502,Over,90.5,120,10915308824,,alternate,2026-10-05T22:22:36.318243Z,2026-10-05T23:26:51.990764Z,2026-10-05T23:26:51.990764Z,2026-10-05T23:09:21.862000Z,,
2026-10-05T23:24:55Z,football_nfl,32677,2026-10-06T00:15:00Z,player_reception_yds,bovada,27950836,Drake London (ATL),espn:4426502,Under,90.5,-160,10915308825,,alternate,2026-10-05T22:22:36.318243Z,2026-10-05T23:26:51.990764Z,2026-10-05T23:26:51.990764Z,2026-10-05T23:09:21.862000Z,,
2026-10-05T23:24:55Z,football_nfl,32677,2026-10-06T00:15:00Z,player_reception_yds,bovada,27950836,Kyle Pitts (ATL),espn:4360248,Over,20.5,-275,10938101024,,alternate,2026-10-05T22:22:36.318243Z,2026-10-05T23:16:52.783549Z,2026-10-05T23:16:52.783549Z,2026-10-05T23:09:21.862000Z,,
2026-10-05T23:24:55Z,football_nfl,32677,2026-10-06T00:15:00Z,player_reception_yds,bovada,27950836,Kyle Pitts (ATL),espn:4360248,Under,20.5,200,10938101026,,alternate,2026-10-05T22:22:36.318243Z,2026-10-05T23:16:52.783549Z,2026-10-05T23:16:52.783549Z,2026-10-05T23:09:21.862000Z,,
2026-10-05T23:24:55Z,football_nfl,32677,2026-10-06T00:15:00Z,player_reception_yds,bovada,27950836,Kyle Pitts (ATL),espn:4360248,Over,25.5,-180,10938101028,,alternate,2026-10-05T22:22:36.318243Z,2026-10-05T23:16:52.783549Z,2026-10-05T23:16:52.783549Z,2026-10-05T23:09:21.862000Z,,
2026-10-05T23:24:55Z,football_nfl,32677,2026-10-06T00:15:00Z,player_reception_yds,bovada,27950836,Kyle Pitts (ATL),espn:4360248,Under,25.5,135,10938101030,,alternate,2026-10-05T22:22:36.318243Z,2026-10-05T23:16:52.783549Z,2026-10-05T23:16:52.783549Z,2026-10-05T23:09:21.862000Z,,
2026-10-05T23:24:55Z,football_nfl,32677,2026-10-06T00:15:00Z,player_reception_yds,bovada,27950836,Kyle Pitts (ATL),espn:4360248,Over,30.5,-125,10938101033,,alternate,2026-10-05T22:22:36.318243Z,2026-10-05T23:16:52.783549Z,2026-10-05T23:16:52.783549Z,2026-10-05T23:09:21.862000Z,,
2026-10-05T23:24:55Z,football_nfl,32677,2026-10-06T00:15:00Z,player_reception_yds,bovada,27950836,Kyle Pitts (ATL),espn:4360248,Under,30.5,-105,10938101035,,alternate,2026-10-05T22:22:36.318243Z,2026-10-05T23:16:52.783549Z,2026-10-05T23:16:52.783549Z,2026-10-05T23:09:21.862000Z,,
2026-10-05T23:24:55Z,football_nfl,32677,2026-10-06T00:15:00Z,player_reception_yds,bovada,27950836,Kyle Pitts (ATL),espn:4360248,Over,35.5,110,10938101038,,alternate,2026-10-05T22:22:36.318243Z,2026-10-05T23:16:52.783549Z,2026-10-05T23:16:52.783549Z,2026-10-05T23:09:21.862000Z,,
2026-10-05T23:24:55Z,football_nfl,32677,2026-10-06T00:15:00Z,player_reception_yds,bovada,27950836,Kyle Pitts (ATL),espn:4360248,Under,35.5,-145,10938101041,,alternate,2026-10-05T22:22:36.318243Z,2026-10-05T23:16:52.783549Z,2026-10-05T23:16:52.783549Z,2026-10-05T23:09:21.862000Z,,
2026-10-05T23:24:55Z,football_nfl,32677,2026-10-06T00:15:00Z,player_reception_yds,bovada,27950836,Kyle Pitts (ATL),espn:4360248,Over,40.5,145,10938101043,,alternate,2026-10-05T22:22:36.318243Z,2026-10-05T23:16:52.783549Z,2026-10-05T23:16:52.783549Z,2026-10-05T23:09:21.862000Z,,
2026-10-05T23:24:55Z,football_nfl,32677,2026-10-06T00:15:00Z,player_reception_yds,bovada,27950836,Kyle Pitts (ATL),espn:4360248,Under,40.5,-190,10938101046,,alternate,2026-10-05T22:22:36.318243Z,2026-10-05T23:16:52.783549Z,2026-10-05T23:16:52.783549Z,2026-10-05T23:09:21.862000Z,,
2026-10-05T23:24:55Z,football_nfl,32677,2026-10-06T00:15:00Z,player_reception_yds,bovada,27950836,Bryce Lance (NOR),espn:4879276,Over,15.5,-120,10938101050,,main,2026-10-05T23:20:48.943492Z,2026-10-05T23:26:51.990764Z,2026-10-05T23:26:51.990764Z,2026-10-05T23:09:21.862000Z,,
2026-10-05T23:24:55Z,football_nfl,32677,2026-10-06T00:15:00Z,player_reception_yds,bovada,27950836,Bryce Lance (NOR),espn:4879276,Under,15.5,-110,10938101052,,main,2026-10-05T23:20:48.943492Z,2026-10-05T23:26:51.990764Z,2026-10-05T23:26:51.990764Z,2026-10-05T23:09:21.862000Z,,
2026-10-05T23:24:55Z,football_nfl,32677,2026-10-06T00:15:00Z,player_reception_yds,bovada,27950836,Zachariah Branch (ATL),espn:4870612,Over,4.5,-120,10938101053,,main,2026-10-05T23:20:48.943492Z,2026-10-05T23:26:51.990764Z,2026-10-05T23:26:51.990764Z,2026-10-05T23:09:21.862000Z,,
2026-10-05T23:24:55Z,football_nfl,32677,2026-10-06T00:15:00Z,player_reception_yds,bovada,27950836,Zachariah Branch (ATL),espn:4870612,Under,4.5,-110,10938101054,,main,2026-10-05T23:20:48.943492Z,2026-10-05T23:26:51.990764Z,2026-10-05T23:26:51.990764Z,2026-10-05T23:09:21.862000Z,,
2026-10-05T23:24:55Z,football_nfl,32677,2026-10-06T00:15:00Z,player_receptions,bovada,27950836,Bryce Lance (NOR),espn:4879276,Over,1.5,115,10938101056,,main,2026-10-05T23:20:48.943492Z,2026-10-05T23:26:51.990764Z,2026-10-05T23:26:51.990764Z,2026-10-05T23:09:21.862000Z,,
2026-10-05T23:24:55Z,football_nfl,32677,2026-10-06T00:15:00Z,player_receptions,bovada,27950836,Bryce Lance (NOR),espn:4879276,Under,1.5,-150,10938101058,,main,2026-10-05T23:20:48.943492Z,2026-10-05T23:26:51.990764Z,2026-10-05T23:26:51.990764Z,2026-10-05T23:09:21.862000Z,,
2026-10-05T23:24:55Z,football_nfl,32677,2026-10-06T00:15:00Z,player_receptions,bovada,27950836,Zachariah Branch (ATL),espn:4870612,Over,0.5,-165,10938101061,,main,2026-10-05T23:20:48.943492Z,2026-10-05T23:26:51.990764Z,2026-10-05T23:26:51.990764Z,2026-10-05T23:09:21.862000Z,,
2026-10-05T23:24:55Z,football_nfl,32677,2026-10-06T00:15:00Z,player_receptions,bovada,27950836,Zachariah Branch (ATL),espn:4870612,Under,0.5,125,10938101066,,main,2026-10-05T23:20:48.943492Z,2026-10-05T23:26:51.990764Z,2026-10-05T23:26:51.990764Z,2026-10-05T23:09:21.862000Z,,
2026-10-05T23:24:55Z,football_nfl,32677,2026-10-06T00:15:00Z,player_reception_yds,bovada,27950836,Drake London (ATL),espn:4426502,Over,102.5,170,10940674042,,alternate,2026-10-05T16:39:36.391080Z,2026-10-05T18:26:28.039504Z,2026-10-05T18:26:28.039504Z,2026-10-05T23:09:21.862000Z,,
2026-10-05T23:24:55Z,football_nfl,32677,2026-10-06T00:15:00Z,player_reception_yds,bovada,27950836,Drake London (ATL),espn:4426502,Under,102.5,-230,10940674043,,alternate,2026-10-05T16:39:36.391080Z,2026-10-05T18:26:28.039504Z,2026-10-05T18:26:28.039504Z,2026-10-05T23:09:21.862000Z,,
2026-10-05T23:24:55Z,football_nfl,32677,2026-10-06T00:15:00Z,player_reception_yds,bovada,27950836,Kyle Pitts (ATL),espn:4360248,Over,21.5,-240,10940674044,,alternate,2026-10-05T23:06:13.440059Z,2026-10-05T23:26:51.990764Z,2026-10-05T23:26:51.990764Z,2026-10-05T23:09:21.862000Z,,
2026-10-05T23:24:55Z,football_nfl,32677,2026-10-06T00:15:00Z,player_reception_yds,bovada,27950836,Kyle Pitts (ATL),espn:4360248,Under,21.5,175,10940674045,,alternate,2026-10-05T23:06:13.440059Z,2026-10-05T23:26:51.990764Z,2026-10-05T23:26:51.990764Z,2026-10-05T23:09:21.862000Z,,
2026-10-05T23:24:55Z,football_nfl,32677,2026-10-06T00:15:00Z,player_reception_yds,bovada,27950836,Kyle Pitts (ATL),espn:4360248,Over,26.5,-160,10940674048,,alternate,2026-10-05T23:06:13.440059Z,2026-10-05T23:26:51.990764Z,2026-10-05T23:26:51.990764Z,2026-10-05T23:09:21.862000Z,,
2026-10-05T23:24:55Z,football_nfl,32677,2026-10-06T00:15:00Z,player_reception_yds,bovada,27950836,Kyle Pitts (ATL),espn:4360248,Under,26.5,120,10940674049,,alternate,2026-10-05T23:06:13.440059Z,2026-10-05T23:26:51.990764Z,2026-10-05T23:26:51.990764Z,2026-10-05T23:09:21.862000Z,,
2026-10-05T23:24:55Z,football_nfl,32677,2026-10-06T00:15:00Z,player_reception_yds,bovada,27950836,Kyle Pitts (ATL),espn:4360248,Over,31.5,-115,10940674052,,alternate,2026-10-05T23:06:13.440059Z,2026-10-05T23:26:51.990764Z,2026-10-05T23:26:51.990764Z,2026-10-05T23:09:21.862000Z,,
2026-10-05T23:24:55Z,football_nfl,32677,2026-10-06T00:15:00Z,player_reception_yds,bovada,27950836,Kyle Pitts (ATL),espn:4360248,Under,31.5,-115,10940674053,,alternate,2026-10-05T23:06:13.440059Z,2026-10-05T23:26:51.990764Z,2026-10-05T23:26:51.990764Z,2026-10-05T23:09:21.862000Z,,
2026-10-05T23:24:55Z,football_nfl,32677,2026-10-06T00:15:00Z,player_reception_yds,bovada,27950836,Kyle Pitts (ATL),espn:4360248,Over,36.5,115,10940674056,,alternate,2026-10-05T16:31:08.372427Z,2026-10-05T23:26:51.990764Z,2026-10-05T23:26:51.990764Z,2026-10-05T23:09:21.862000Z,,
2026-10-05T23:24:55Z,football_nfl,32677,2026-10-06T00:15:00Z,player_reception_yds,bovada,27950836,Kyle Pitts (ATL),espn:4360248,Under,36.5,-150,10940674057,,alternate,2026-10-05T16:31:08.372427Z,2026-10-05T23:26:51.990764Z,2026-10-05T23:26:51.990764Z,2026-10-05T23:09:21.862000Z,,
2026-10-05T23:24:55Z,football_nfl,32677,2026-10-06T00:15:00Z,player_reception_yds,bovada,27950836,Kyle Pitts (ATL),espn:4360248,Over,41.5,155,10940674060,,alternate,2026-10-05T23:06:13.440059Z,2026-10-05T23:26:51.990764Z,2026-10-05T23:26:51.990764Z,2026-10-05T23:09:21.862000Z,,
2026-10-05T23:24:55Z,football_nfl,32677,2026-10-06T00:15:00Z,player_reception_yds,bovada,27950836,Kyle Pitts (ATL),espn:4360248,Under,41.5,-210,10940674061,,alternate,2026-10-05T23:06:13.440059Z,2026-10-05T23:26:51.990764Z,2026-10-05T23:26:51.990764Z,2026-10-05T23:09:21.862000Z,,
2026-10-05T23:24:55Z,football_nfl,32677,2026-10-06T00:15:00Z,player_reception_yds,bovada,27950836,Drake London (ATL),espn:4426502,Over,62.5,-290,10940674064,,alternate,2026-10-05T16:39:36.391080Z,2026-10-05T18:26:28.039504Z,2026-10-05T18:26:28.039504Z,2026-10-05T23:09:21.862000Z,,
2026-10-05T23:24:55Z,football_nfl,32677,2026-10-06T00:15:00Z,player_reception_yds,bovada,27950836,Drake London (ATL),espn:4426502,Under,62.5,210,10940674065,,alternate,2026-10-05T16:39:36.391080Z,2026-10-05T18:26:28.039504Z,2026-10-05T18:26:28.039504Z,2026-10-05T23:09:21.862000Z,,
2026-10-05T23:24:55Z,football_nfl,32677,2026-10-06T00:15:00Z,player_reception_yds,bovada,27950836,Drake London (ATL),espn:4426502,Over,72.5,-180,10940674066,,alternate,2026-10-05T16:39:36.391080Z,2026-10-05T18:26:28.039504Z,2026-10-05T18:26:28.039504Z,2026-10-05T23:09:21.862000Z,,
2026-10-05T23:24:55Z,football_nfl,32677,2026-10-06T00:15:00Z,player_reception_yds,bovada,27950836,Drake London (ATL),espn:4426502,Under,72.5,135,10940674067,,alternate,2026-10-05T16:39:36.391080Z,2026-10-05T18:26:28.039504Z,2026-10-05T18:26:28.039504Z,2026-10-05T23:09:21.862000Z,,
2026-10-05T23:24:55Z,football_nfl,32677,2026-10-06T00:15:00Z,player_reception_yds,bovada,27950836,Drake London (ATL),espn:4426502,Over,82.5,-120,10940674068,,alternate,2026-10-05T16:39:36.391080Z,2026-10-05T18:26:28.039504Z,2026-10-05T18:26:28.039504Z,2026-10-05T23:09:21.862000Z,,
2026-10-05T23:24:55Z,football_nfl,32677,2026-10-06T00:15:00Z,player_reception_yds,bovada,27950836,Drake London (ATL),espn:4426502,Under,82.5,-110,10940674069,,alternate,2026-10-05T16:39:36.391080Z,2026-10-05T18:26:28.039504Z,2026-10-05T18:26:28.039504Z,2026-10-05T23:09:21.862000Z,,
2026-10-05T23:24:55Z,football_nfl,32677,2026-10-06T00:15:00Z,player_reception_yds,bovada,27950836,Drake London (ATL),espn:4426502,Over,92.5,120,10940674070,,alternate,2026-10-05T16:39:36.391080Z,2026-10-05T18:26:28.039504Z,2026-10-05T18:26:28.039504Z,2026-10-05T23:09:21.862000Z,,
2026-10-05T23:24:55Z,football_nfl,32677,2026-10-06T00:15:00Z,player_reception_yds,bovada,27950836,Drake London (ATL),espn:4426502,Under,92.5,-160,10940674071,,alternate,2026-10-05T16:39:36.391080Z,2026-10-05T18:26:28.039504Z,2026-10-05T18:26:28.039504Z,2026-10-05T23:09:21.862000Z,,
2026-10-05T23:24:55Z,football_nfl,32677,2026-10-06T00:15:00Z,player_rush_yds,bovada,27950836,Alvin Kamara (NOR),espn:3054850,Over,28.5,-250,10940674080,,alternate,2026-10-05T19:14:59.617414Z,2026-10-05T19:24:58.330646Z,2026-10-05T19:24:58.330646Z,2026-10-05T23:09:21.862000Z,,
2026-10-05T23:24:55Z,football_nfl,32677,2026-10-06T00:15:00Z,player_rush_yds,bovada,27950836,Alvin Kamara (NOR),espn:3054850,Under,28.5,185,10940674081,,alternate,2026-10-05T19:14:59.617414Z,2026-10-05T19:24:58.330646Z,2026-10-05T19:24:58.330646Z,2026-10-05T23:09:21.862000Z,,
2026-10-05T23:24:55Z,football_nfl,32677,2026-10-06T00:15:00Z,player_rush_yds,bovada,27950836,Alvin Kamara (NOR),espn:3054850,Over,33.5,-165,10940674084,,alternate,2026-10-05T19:14:59.617414Z,2026-10-05T19:24:58.330646Z,2026-10-05T19:24:58.330646Z,2026-10-05T23:09:21.862000Z,,
2026-10-05T23:24:55Z,football_nfl,32677,2026-10-06T00:15:00Z,player_rush_yds,bovada,27950836,Alvin Kamara (NOR),espn:3054850,Under,33.5,125,10940674085,,alternate,2026-10-05T19:14:59.617414Z,2026-10-05T19:24:58.330646Z,2026-10-05T19:24:58.330646Z,2026-10-05T23:09:21.862000Z,,
2026-10-05T23:24:55Z,football_nfl,32677,2026-10-06T00:15:00Z,player_rush_yds,bovada,27950836,Alvin Kamara (NOR),espn:3054850,Over,38.5,-115,10940674088,,alternate,2026-10-05T19:14:59.617414Z,2026-10-05T19:24:58.330646Z,2026-10-05T19:24:58.330646Z,2026-10-05T23:09:21.862000Z,,
2026-10-05T23:24:55Z,football_nfl,32677,2026-10-06T00:15:00Z,player_rush_yds,bovada,27950836,Alvin Kamara (NOR),espn:3054850,Under,38.5,-115,10940674089,,alternate,2026-10-05T19:14:59.617414Z,2026-10-05T19:24:58.330646Z,2026-10-05T19:24:58.330646Z,2026-10-05T23:09:21.862000Z,,
2026-10-05T23:24:55Z,football_nfl,32677,2026-10-06T00:15:00Z,player_rush_yds,bovada,27950836,Alvin Kamara (NOR),espn:3054850,Over,43.5,120,10940674090,,alternate,2026-10-05T19:14:59.617414Z,2026-10-05T19:24:58.330646Z,2026-10-05T19:24:58.330646Z,2026-10-05T23:09:21.862000Z,,
2026-10-05T23:24:55Z,football_nfl,32677,2026-10-06T00:15:00Z,player_rush_yds,bovada,27950836,Alvin Kamara (NOR),espn:3054850,Under,43.5,-160,10940674091,,alternate,2026-10-05T19:14:59.617414Z,2026-10-05T19:24:58.330646Z,2026-10-05T19:24:58.330646Z,2026-10-05T23:09:21.862000Z,,
2026-10-05T23:24:55Z,football_nfl,32677,2026-10-06T00:15:00Z,player_rush_yds,bovada,27950836,Alvin Kamara (NOR),espn:3054850,Over,48.5,165,10940674092,,alternate,2026-10-05T19:14:59.617414Z,2026-10-05T19:24:58.330646Z,2026-10-05T19:24:58.330646Z,2026-10-05T23:09:21.862000Z,,
2026-10-05T23:24:55Z,football_nfl,32677,2026-10-06T00:15:00Z,player_rush_yds,bovada,27950836,Alvin Kamara (NOR),espn:3054850,Under,48.5,-220,10940674093,,alternate,2026-10-05T19:14:59.617414Z,2026-10-05T19:24:58.330646Z,2026-10-05T19:24:58.330646Z,2026-10-05T23:09:21.862000Z,,
2026-10-05T23:24:55Z,football_nfl,32677,2026-10-06T00:15:00Z,player_reception_yds,bovada,27950836,Juwan Johnson (NOR),espn:3929645,Over,35.5,-200,10947627218,,alternate,2026-10-05T17:22:28.336049Z,2026-10-05T23:04:56.828280Z,2026-10-05T23:04:56.828280Z,2026-10-05T23:09:21.862000Z,,
2026-10-05T23:24:55Z,football_nfl,32677,2026-10-06T00:15:00Z,player_reception_yds,bovada,27950836,Juwan Johnson (NOR),espn:3929645,Under,35.5,150,10947627219,,alternate,2026-10-05T17:22:28.336049Z,2026-10-05T23:04:56.828280Z,2026-10-05T23:04:56.828280Z,2026-10-05T23:09:21.862000Z,,
2026-10-05T23:24:55Z,football_nfl,32677,2026-10-06T00:15:00Z,player_reception_yds,bovada,27950836,Juwan Johnson (NOR),espn:3929645,Over,40.5,-150,10947627220,,alternate,2026-10-05T17:22:28.336049Z,2026-10-05T23:04:56.828280Z,2026-10-05T23:04:56.828280Z,2026-10-05T23:09:21.862000Z,,
2026-10-05T23:24:55Z,football_nfl,32677,2026-10-06T00:15:00Z,player_reception_yds,bovada,27950836,Juwan Johnson (NOR),espn:3929645,Under,40.5,115,10947627221,,alternate,2026-10-05T17:22:28.336049Z,2026-10-05T23:04:56.828280Z,2026-10-05T23:04:56.828280Z,2026-10-05T23:09:21.862000Z,,
2026-10-05T23:24:55Z,football_nfl,32677,2026-10-06T00:15:00Z,player_reception_yds,bovada,27950836,Juwan Johnson (NOR),espn:3929645,Over,45.5,-115,10947627222,,alternate,2026-10-05T17:22:28.336049Z,2026-10-05T23:04:56.828280Z,2026-10-05T23:04:56.828280Z,2026-10-05T23:09:21.862000Z,,
2026-10-05T23:24:55Z,football_nfl,32677,2026-10-06T00:15:00Z,player_reception_yds,bovada,27950836,Juwan Johnson (NOR),espn:3929645,Under,45.5,-115,10947627223,,alternate,2026-10-05T17:22:28.336049Z,2026-10-05T23:04:56.828280Z,2026-10-05T23:04:56.828280Z,2026-10-05T23:09:21.862000Z,,
2026-10-05T23:24:55Z,football_nfl,32677,2026-10-06T00:15:00Z,player_reception_yds,bovada,27950836,Juwan Johnson (NOR),espn:3929645,Over,50.5,110,10947627224,,alternate,2026-10-05T17:22:28.336049Z,2026-10-05T23:04:56.828280Z,2026-10-05T23:04:56.828280Z,2026-10-05T23:09:21.862000Z,,
2026-10-05T23:24:55Z,football_nfl,32677,2026-10-06T00:15:00Z,player_reception_yds,bovada,27950836,Juwan Johnson (NOR),espn:3929645,Under,50.5,-145,10947627225,,alternate,2026-10-05T17:22:28.336049Z,2026-10-05T23:04:56.828280Z,2026-10-05T23:04:56.828280Z,2026-10-05T23:09:21.862000Z,,
2026-10-05T23:24:55Z,football_nfl,32677,2026-10-06T00:15:00Z,player_reception_yds,bovada,27950836,Juwan Johnson (NOR),espn:3929645,Over,55.5,140,10947627226,,alternate,2026-10-05T17:22:28.336049Z,2026-10-05T23:04:56.828280Z,2026-10-05T23:04:56.828280Z,2026-10-05T23:09:21.862000Z,,
2026-10-05T23:24:55Z,football_nfl,32677,2026-10-06T00:15:00Z,player_reception_yds,bovada,27950836,Juwan Johnson (NOR),espn:3929645,Under,55.5,-185,10947627227,,alternate,2026-10-05T17:22:28.336049Z,2026-10-05T23:04:56.828280Z,2026-10-05T23:04:56.828280Z,2026-10-05T23:09:21.862000Z,,
2026-10-05T23:24:55Z,football_nfl,32677,2026-10-06T00:15:00Z,player_rush_yds,bovada,27950836,Bijan Robinson (ATL),espn:4430807,Over,106.5,200,10947627228,,alternate,2026-10-05T17:06:50.581256Z,2026-10-05T19:01:54.782899Z,2026-10-05T19:01:54.782899Z,2026-10-05T23:09:21.862000Z,,
2026-10-05T23:24:55Z,football_nfl,32677,2026-10-06T00:15:00Z,player_rush_yds,bovada,27950836,Bijan Robinson (ATL),espn:4430807,Under,106.5,-275,10947627229,,alternate,2026-10-05T17:06:50.581256Z,2026-10-05T19:01:54.782899Z,2026-10-05T19:01:54.782899Z,2026-10-05T23:09:21.862000Z,,
2026-10-05T23:24:55Z,football_nfl,32677,2026-10-06T00:15:00Z,player_rush_yds,bovada,27950836,Bijan Robinson (ATL),espn:4430807,Over,66.5,-320,10947627230,,alternate,2026-10-05T17:06:50.581256Z,2026-10-05T19:01:54.782899Z,2026-10-05T19:01:54.782899Z,2026-10-05T23:09:21.862000Z,,
2026-10-05T23:24:55Z,football_nfl,32677,2026-10-06T00:15:00Z,player_rush_yds,bovada,27950836,Bijan Robinson (ATL),espn:4430807,Under,66.5,230,10947627231,,alternate,2026-10-05T17:06:50.581256Z,2026-10-05T19:01:54.782899Z,2026-10-05T19:01:54.782899Z,2026-10-05T23:09:21.862000Z,,
2026-10-05T23:24:55Z,football_nfl,32677,2026-10-06T00:15:00Z,player_rush_yds,bovada,27950836,Bijan Robinson (ATL),espn:4430807,Over,76.5,-185,10947627232,,alternate,2026-10-05T17:06:50.581256Z,2026-10-05T19:01:54.782899Z,2026-10-05T19:01:54.782899Z,2026-10-05T23:09:21.862000Z,,
2026-10-05T23:24:55Z,football_nfl,32677,2026-10-06T00:15:00Z,player_rush_yds,bovada,27950836,Bijan Robinson (ATL),espn:4430807,Under,76.5,140,10947627233,,alternate,2026-10-05T17:06:50.581256Z,2026-10-05T19:01:54.782899Z,2026-10-05T19:01:54.782899Z,2026-10-05T23:09:21.862000Z,,
2026-10-05T23:24:55Z,football_nfl,32677,2026-10-06T00:15:00Z,player_rush_yds,bovada,27950836,Bijan Robinson (ATL),espn:4430807,Over,86.5,-115,10947627234,,main,2026-10-05T17:06:50.581256Z,2026-10-05T19:01:54.782899Z,2026-10-05T19:01:54.782899Z,2026-10-05T23:09:21.862000Z,,
2026-10-05T23:24:55Z,football_nfl,32677,2026-10-06T00:15:00Z,player_rush_yds,bovada,27950836,Bijan Robinson (ATL),espn:4430807,Under,86.5,-115,10947627235,,main,2026-10-05T17:06:50.581256Z,2026-10-05T19:01:54.782899Z,2026-10-05T19:01:54.782899Z,2026-10-05T23:09:21.862000Z,,
2026-10-05T23:24:55Z,football_nfl,32677,2026-10-06T00:15:00Z,player_rush_yds,bovada,27950836,Bijan Robinson (ATL),espn:4430807,Over,96.5,135,10947627236,,alternate,2026-10-05T17:06:50.581256Z,2026-10-05T19:01:54.782899Z,2026-10-05T19:01:54.782899Z,2026-10-05T23:09:21.862000Z,,
2026-10-05T23:24:55Z,football_nfl,32677,2026-10-06T00:15:00Z,player_rush_yds,bovada,27950836,Bijan Robinson (ATL),espn:4430807,Under,96.5,-180,10947627237,,alternate,2026-10-05T17:06:50.581256Z,2026-10-05T19:01:54.782899Z,2026-10-05T19:01:54.782899Z,2026-10-05T23:09:21.862000Z,,
2026-10-05T23:24:55Z,football_nfl,32677,2026-10-06T00:15:00Z,player_reception_yds,bovada,27950836,Devaughn Vele (NOR),espn:4569559,Over,33.5,-230,10949255711,,alternate,2026-10-05T21:38:42.204970Z,2026-10-05T22:04:47.856745Z,2026-10-05T22:04:47.856745Z,2026-10-05T23:09:21.862000Z,,
2026-10-05T23:24:55Z,football_nfl,32677,2026-10-06T00:15:00Z,player_reception_yds,bovada,27950836,Devaughn Vele (NOR),espn:4569559,Under,33.5,170,10949255712,,alternate,2026-10-05T21:38:42.204970Z,2026-10-05T22:04:47.856745Z,2026-10-05T22:04:47.856745Z,2026-10-05T23:09:21.862000Z,,
2026-10-05T23:24:55Z,football_nfl,32677,2026-10-06T00:15:00Z,player_reception_yds,bovada,27950836,Devaughn Vele (NOR),espn:4569559,Over,38.5,-165,10949255713,,alternate,2026-10-05T21:38:42.204970Z,2026-10-05T22:04:47.856745Z,2026-10-05T22:04:47.856745Z,2026-10-05T23:09:21.862000Z,,
2026-10-05T23:24:55Z,football_nfl,32677,2026-10-06T00:15:00Z,player_reception_yds,bovada,27950836,Devaughn Vele (NOR),espn:4569559,Under,38.5,125,10949255714,,alternate,2026-10-05T21:38:42.204970Z,2026-10-05T22:04:47.856745Z,2026-10-05T22:04:47.856745Z,2026-10-05T23:09:21.862000Z,,
2026-10-05T23:24:55Z,football_nfl,32677,2026-10-06T00:15:00Z,player_reception_yds,bovada,27950836,Devaughn Vele (NOR),espn:4569559,Over,43.5,-125,10949255715,,alternate,2026-10-05T21:38:42.204970Z,2026-10-05T22:04:47.856745Z,2026-10-05T22:04:47.856745Z,2026-10-05T23:09:21.862000Z,,
2026-10-05T23:24:55Z,football_nfl,32677,2026-10-06T00:15:00Z,player_reception_yds,bovada,27950836,Devaughn Vele (NOR),espn:4569559,Under,43.5,-105,10949255716,,alternate,2026-10-05T21:38:42.204970Z,2026-10-05T22:04:47.856745Z,2026-10-05T22:04:47.856745Z,2026-10-05T23:09:21.862000Z,,
2026-10-05T23:24:55Z,football_nfl,32677,2026-10-06T00:15:00Z,player_reception_yds,bovada,27950836,Devaughn Vele (NOR),espn:4569559,Over,48.5,105,10949255717,,alternate,2026-10-05T21:38:42.204970Z,2026-10-05T22:04:47.856745Z,2026-10-05T22:04:47.856745Z,2026-10-05T23:09:21.862000Z,,
2026-10-05T23:24:55Z,football_nfl,32677,2026-10-06T00:15:00Z,player_reception_yds,bovada,27950836,Devaughn Vele (NOR),espn:4569559,Under,48.5,-135,10949255718,,alternate,2026-10-05T21:38:42.204970Z,2026-10-05T22:04:47.856745Z,2026-10-05T22:04:47.856745Z,2026-10-05T23:09:21.862000Z,,
2026-10-05T23:24:55Z,football_nfl,32677,2026-10-06T00:15:00Z,player_reception_yds,bovada,27950836,Devaughn Vele (NOR),espn:4569559,Over,53.5,130,10949255719,,alternate,2026-10-05T21:38:42.204970Z,2026-10-05T22:04:47.856745Z,2026-10-05T22:04:47.856745Z,2026-10-05T23:09:21.862000Z,,
2026-10-05T23:24:55Z,football_nfl,32677,2026-10-06T00:15:00Z,player_reception_yds,bovada,27950836,Devaughn Vele (NOR),espn:4569559,Under,53.5,-170,10949255720,,alternate,2026-10-05T21:38:42.204970Z,2026-10-05T22:04:47.856745Z,2026-10-05T22:04:47.856745Z,2026-10-05T23:09:21.862000Z,,
2026-10-05T23:24:55Z,football_nfl,32677,2026-10-06T00:15:00Z,player_reception_yds,bovada,27950836,Drake London (ATL),espn:4426502,Over,101.5,170,10962348533,,alternate,2026-10-05T18:23:13.823605Z,2026-10-05T23:19:42.524849Z,2026-10-05T23:19:42.524849Z,2026-10-05T23:09:21.862000Z,,
2026-10-05T23:24:55Z,football_nfl,32677,2026-10-06T00:15:00Z,player_reception_yds,bovada,27950836,Drake London (ATL),espn:4426502,Under,101.5,-230,10962348534,,alternate,2026-10-05T18:23:13.823605Z,2026-10-05T23:19:42.524849Z,2026-10-05T23:19:42.524849Z,2026-10-05T23:09:21.862000Z,,
2026-10-05T23:24:55Z,football_nfl,32677,2026-10-06T00:15:00Z,player_reception_yds,bovada,27950836,Chris Olave (NOR),espn:4361370,Over,106.5,165,10962348535,,alternate,2026-10-05T18:23:13.823605Z,2026-10-05T23:26:51.990764Z,2026-10-05T23:26:51.990764Z,2026-10-05T23:09:21.862000Z,,
2026-10-05T23:24:55Z,football_nfl,32677,2026-10-06T00:15:00Z,player_reception_yds,bovada,27950836,Chris Olave (NOR),espn:4361370,Under,106.5,-220,10962348536,,alternate,2026-10-05T18:23:13.823605Z,2026-10-05T23:26:51.990764Z,2026-10-05T23:26:51.990764Z,2026-10-05T23:09:21.862000Z,,
2026-10-05T23:24:55Z,football_nfl,32677,2026-10-06T00:15:00Z,player_reception_yds,bovada,27950836,Drake London (ATL),espn:4426502,Over,61.5,-290,10962348537,,alternate,2026-10-05T18:23:13.823605Z,2026-10-05T23:19:42.524849Z,2026-10-05T23:19:42.524849Z,2026-10-05T23:09:21.862000Z,,
2026-10-05T23:24:55Z,football_nfl,32677,2026-10-06T00:15:00Z,player_reception_yds,bovada,27950836,Drake London (ATL),espn:4426502,Under,61.5,210,10962348538,,alternate,2026-10-05T18:23:13.823605Z,2026-10-05T23:19:42.524849Z,2026-10-05T23:19:42.524849Z,2026-10-05T23:09:21.862000Z,,
2026-10-05T23:24:55Z,football_nfl,32677,2026-10-06T00:15:00Z,player_reception_yds,bovada,27950836,Chris Olave (NOR),espn:4361370,Over,66.5,-280,10962348539,,alternate,2026-10-05T18:23:13.823605Z,2026-10-05T23:26:51.990764Z,2026-10-05T23:26:51.990764Z,2026-10-05T23:09:21.862000Z,,
2026-10-05T23:24:55Z,football_nfl,32677,2026-10-06T00:15:00Z,player_reception_yds,bovada,27950836,Chris Olave (NOR),espn:4361370,Under,66.5,205,10962348540,,alternate,2026-10-05T18:23:13.823605Z,2026-10-05T23:26:51.990764Z,2026-10-05T23:26:51.990764Z,2026-10-05T23:09:21.862000Z,,
2026-10-05T23:24:55Z,football_nfl,32677,2026-10-06T00:15:00Z,player_reception_yds,bovada,27950836,Drake London (ATL),espn:4426502,Over,71.5,-180,10962348541,,alternate,2026-10-05T18:23:13.823605Z,2026-10-05T23:19:42.524849Z,2026-10-05T23:19:42.524849Z,2026-10-05T23:09:21.862000Z,,
2026-10-05T23:24:55Z,football_nfl,32677,2026-10-06T00:15:00Z,player_reception_yds,bovada,27950836,Drake London (ATL),espn:4426502,Under,71.5,135,10962348542,,alternate,2026-10-05T18:23:13.823605Z,2026-10-05T23:19:42.524849Z,2026-10-05T23:19:42.524849Z,2026-10-05T23:09:21.862000Z,,
2026-10-05T23:24:55Z,football_nfl,32677,2026-10-06T00:15:00Z,player_reception_yds,bovada,27950836,Chris Olave (NOR),espn:4361370,Over,76.5,-180,10962348543,,alternate,2026-10-05T18:23:13.823605Z,2026-10-05T23:26:51.990764Z,2026-10-05T23:26:51.990764Z,2026-10-05T23:09:21.862000Z,,
2026-10-05T23:24:55Z,football_nfl,32677,2026-10-06T00:15:00Z,player_reception_yds,bovada,27950836,Chris Olave (NOR),espn:4361370,Under,76.5,135,10962348544,,alternate,2026-10-05T18:23:13.823605Z,2026-10-05T23:26:51.990764Z,2026-10-05T23:26:51.990764Z,2026-10-05T23:09:21.862000Z,,
2026-10-05T23:24:55Z,football_nfl,32677,2026-10-06T00:15:00Z,player_reception_yds,bovada,27950836,Drake London (ATL),espn:4426502,Over,81.5,-120,10962348545,,alternate,2026-10-05T18:23:13.823605Z,2026-10-05T23:19:42.524849Z,2026-10-05T23:19:42.524849Z,2026-10-05T23:09:21.862000Z,,
2026-10-05T23:24:55Z,football_nfl,32677,2026-10-06T00:15:00Z,player_reception_yds,bovada,27950836,Drake London (ATL),espn:4426502,Under,81.5,-110,10962348546,,alternate,2026-10-05T18:23:13.823605Z,2026-10-05T23:19:42.524849Z,2026-10-05T23:19:42.524849Z,2026-10-05T23:09:21.862000Z,,
2026-10-05T23:24:55Z,football_nfl,32677,2026-10-06T00:15:00Z,player_reception_yds,bovada,27950836,Chris Olave (NOR),espn:4361370,Over,86.5,-120,10962348547,,alternate,2026-10-05T18:23:13.823605Z,2026-10-05T23:26:51.990764Z,2026-10-05T23:26:51.990764Z,2026-10-05T23:09:21.862000Z,,
2026-10-05T23:24:55Z,football_nfl,32677,2026-10-06T00:15:00Z,player_reception_yds,bovada,27950836,Chris Olave (NOR),espn:4361370,Under,86.5,-110,10962348548,,alternate,2026-10-05T18:23:13.823605Z,2026-10-05T23:26:51.990764Z,2026-10-05T23:26:51.990764Z,2026-10-05T23:09:21.862000Z,,
2026-10-05T23:24:55Z,football_nfl,32677,2026-10-06T00:15:00Z,player_reception_yds,bovada,27950836,Drake London (ATL),espn:4426502,Over,91.5,120,10962348549,,alternate,2026-10-05T18:23:13.823605Z,2026-10-05T23:19:42.524849Z,2026-10-05T23:19:42.524849Z,2026-10-05T23:09:21.862000Z,,
2026-10-05T23:24:55Z,football_nfl,32677,2026-10-06T00:15:00Z,player_reception_yds,bovada,27950836,Drake London (ATL),espn:4426502,Under,91.5,-160,10962348550,,alternate,2026-10-05T18:23:13.823605Z,2026-10-05T23:19:42.524849Z,2026-10-05T23:19:42.524849Z,2026-10-05T23:09:21.862000Z,,
2026-10-05T23:24:55Z,football_nfl,32677,2026-10-06T00:15:00Z,player_reception_yds,bovada,27950836,Chris Olave (NOR),espn:4361370,Over,96.5,120,10962348551,,alternate,2026-10-05T18:23:13.823605Z,2026-10-05T23:26:51.990764Z,2026-10-05T23:26:51.990764Z,2026-10-05T23:09:21.862000Z,,
2026-10-05T23:24:55Z,football_nfl,32677,2026-10-06T00:15:00Z,player_reception_yds,bovada,27950836,Chris Olave (NOR),espn:4361370,Under,96.5,-160,10962348552,,alternate,2026-10-05T18:23:13.823605Z,2026-10-05T23:26:51.990764Z,2026-10-05T23:26:51.990764Z,2026-10-05T23:09:21.862000Z,,
2026-10-05T23:24:55Z,football_nfl,32677,2026-10-06T00:15:00Z,player_rush_yds,bovada,27950836,Kendre Miller (NOR),espn:4599739,Over,17.5,-275,10986384301,,alternate,2026-10-05T22:46:57.528810Z,2026-10-05T23:04:56.828280Z,2026-10-05T23:04:56.828280Z,2026-10-05T23:09:21.862000Z,,
2026-10-05T23:24:55Z,football_nfl,32677,2026-10-06T00:15:00Z,player_rush_yds,bovada,27950836,Kendre Miller (NOR),espn:4599739,Under,17.5,200,10986384302,,alternate,2026-10-05T22:46:57.528810Z,2026-10-05T23:04:56.828280Z,2026-10-05T23:04:56.828280Z,2026-10-05T23:09:21.862000Z,,
2026-10-05T23:24:55Z,football_nfl,32677,2026-10-06T00:15:00Z,player_rush_yds,bovada,27950836,Kendre Miller (NOR),espn:4599739,Over,22.5,-165,10986384303,,alternate,2026-10-05T22:46:57.528810Z,2026-10-05T23:04:56.828280Z,2026-10-05T23:04:56.828280Z,2026-10-05T23:09:21.862000Z,,
2026-10-05T23:24:55Z,football_nfl,32677,2026-10-06T00:15:00Z,player_rush_yds,bovada,27950836,Kendre Miller (NOR),espn:4599739,Under,22.5,125,10986384304,,alternate,2026-10-05T22:46:57.528810Z,2026-10-05T23:04:56.828280Z,2026-10-05T23:04:56.828280Z,2026-10-05T23:09:21.862000Z,,
2026-10-05T23:24:55Z,football_nfl,32677,2026-10-06T00:15:00Z,player_rush_yds,bovada,27950836,Alvin Kamara (NOR),espn:3054850,Over,25.5,-245,10986384305,,alternate,2026-10-05T23:06:13.440059Z,2026-10-05T23:26:51.990764Z,2026-10-05T23:26:51.990764Z,2026-10-05T23:09:21.862000Z,,
2026-10-05T23:24:55Z,football_nfl,32677,2026-10-06T00:15:00Z,player_rush_yds,bovada,27950836,Alvin Kamara (NOR),espn:3054850,Under,25.5,180,10986384306,,alternate,2026-10-05T23:06:13.440059Z,2026-10-05T23:26:51.990764Z,2026-10-05T23:26:51.990764Z,2026-10-05T23:09:21.862000Z,,
2026-10-05T23:24:55Z,football_nfl,32677,2026-10-06T00:15:00Z,player_rush_yds,bovada,27950836,Kendre Miller (NOR),espn:4599739,Over,27.5,-105,10986384307,,alternate,2026-10-05T22:46:57.528810Z,2026-10-05T23:04:56.828280Z,2026-10-05T23:04:56.828280Z,2026-10-05T23:09:21.862000Z,,
2026-10-05T23:24:55Z,football_nfl,32677,2026-10-06T00:15:00Z,player_rush_yds,bovada,27950836,Kendre Miller (NOR),espn:4599739,Under,27.5,-125,10986384308,,alternate,2026-10-05T22:46:57.528810Z,2026-10-05T23:04:56.828280Z,2026-10-05T23:04:56.828280Z,2026-10-05T23:09:21.862000Z,,
2026-10-05T23:24:55Z,football_nfl,32677,2026-10-06T00:15:00Z,player_rush_yds,bovada,27950836,Alvin Kamara (NOR),espn:3054850,Over,30.5,-160,10986384309,,alternate,2026-10-05T23:06:13.440059Z,2026-10-05T23:26:51.990764Z,2026-10-05T23:26:51.990764Z,2026-10-05T23:09:21.862000Z,,
2026-10-05T23:24:55Z,football_nfl,32677,2026-10-06T00:15:00Z,player_rush_yds,bovada,27950836,Alvin Kamara (NOR),espn:3054850,Under,30.5,120,10986384310,,alternate,2026-10-05T23:06:13.440059Z,2026-10-05T23:26:51.990764Z,2026-10-05T23:26:51.990764Z,2026-10-05T23:09:21.862000Z,,
2026-10-05T23:24:55Z,football_nfl,32677,2026-10-06T00:15:00Z,player_rush_yds,bovada,27950836,Kendre Miller (NOR),espn:4599739,Over,32.5,140,10986384311,,alternate,2026-10-05T22:46:57.528810Z,2026-10-05T23:04:56.828280Z,2026-10-05T23:04:56.828280Z,2026-10-05T23:09:21.862000Z,,
2026-10-05T23:24:55Z,football_nfl,32677,2026-10-06T00:15:00Z,player_rush_yds,bovada,27950836,Kendre Miller (NOR),espn:4599739,Under,32.5,-185,10986384312,,alternate,2026-10-05T22:46:57.528810Z,2026-10-05T23:04:56.828280Z,2026-10-05T23:04:56.828280Z,2026-10-05T23:09:21.862000Z,,
2026-10-05T23:24:55Z,football_nfl,32677,2026-10-06T00:15:00Z,player_rush_yds,bovada,27950836,Alvin Kamara (NOR),espn:3054850,Over,35.5,-110,10986384313,,alternate,2026-10-05T23:06:13.440059Z,2026-10-05T23:26:51.990764Z,2026-10-05T23:26:51.990764Z,2026-10-05T23:09:21.862000Z,,
2026-10-05T23:24:55Z,football_nfl,32677,2026-10-06T00:15:00Z,player_rush_yds,bovada,27950836,Alvin Kamara (NOR),espn:3054850,Under,35.5,-120,10986384314,,alternate,2026-10-05T23:06:13.440059Z,2026-10-05T23:26:51.990764Z,2026-10-05T23:26:51.990764Z,2026-10-05T23:09:21.862000Z,,
2026-10-05T23:24:55Z,football_nfl,32677,2026-10-06T00:15:00Z,player_rush_yds,bovada,27950836,Kendre Miller (NOR),espn:4599739,Over,37.5,200,10986384315,,alternate,2026-10-05T22:46:57.528810Z,2026-10-05T23:04:56.828280Z,2026-10-05T23:04:56.828280Z,2026-10-05T23:09:21.862000Z,,
2026-10-05T23:24:55Z,football_nfl,32677,2026-10-06T00:15:00Z,player_rush_yds,bovada,27950836,Kendre Miller (NOR),espn:4599739,Under,37.5,-275,10986384316,,alternate,2026-10-05T22:46:57.528810Z,2026-10-05T23:04:56.828280Z,2026-10-05T23:04:56.828280Z,2026-10-05T23:09:21.862000Z,,
2026-10-05T23:24:55Z,football_nfl,32677,2026-10-06T00:15:00Z,player_rush_yds,bovada,27950836,Alvin Kamara (NOR),espn:3054850,Over,40.5,130,10986384317,,alternate,2026-10-05T23:06:13.440059Z,2026-10-05T23:26:51.990764Z,2026-10-05T23:26:51.990764Z,2026-10-05T23:09:21.862000Z,,
2026-10-05T23:24:55Z,football_nfl,32677,2026-10-06T00:15:00Z,player_rush_yds,bovada,27950836,Alvin Kamara (NOR),espn:3054850,Under,40.5,-170,10986384318,,alternate,2026-10-05T23:06:13.440059Z,2026-10-05T23:26:51.990764Z,2026-10-05T23:26:51.990764Z,2026-10-05T23:09:21.862000Z,,
2026-10-05T23:24:55Z,football_nfl,32677,2026-10-06T00:15:00Z,player_rush_yds,bovada,27950836,Alvin Kamara (NOR),espn:3054850,Over,45.5,175,10986384319,,alternate,2026-10-05T23:06:13.440059Z,2026-10-05T23:26:51.990764Z,2026-10-05T23:26:51.990764Z,2026-10-05T23:09:21.862000Z,,
2026-10-05T23:24:55Z,football_nfl,32677,2026-10-06T00:15:00Z,player_rush_yds,bovada,27950836,Alvin Kamara (NOR),espn:3054850,Under,45.5,-240,10986384320,,alternate,2026-10-05T23:06:13.440059Z,2026-10-05T23:26:51.990764Z,2026-10-05T23:26:51.990764Z,2026-10-05T23:09:21.862000Z,,
2026-10-05T23:24:55Z,football_nfl,32677,2026-10-06T00:15:00Z,player_pass_yds,bovada,27950836,Tyler Shough (NOR),espn:4360689,Over,229.5,-250,11011090851,,alternate,2026-10-05T22:22:36.318243Z,2026-10-05T23:04:56.828280Z,2026-10-05T23:04:56.828280Z,2026-10-05T23:09:21.862000Z,,
2026-10-05T23:24:55Z,football_nfl,32677,2026-10-06T00:15:00Z,player_pass_yds,bovada,27950836,Tyler Shough (NOR),espn:4360689,Under,229.5,185,11011090852,,alternate,2026-10-05T22:22:36.318243Z,2026-10-05T23:04:56.828280Z,2026-10-05T23:04:56.828280Z,2026-10-05T23:09:21.862000Z,,
2026-10-05T23:24:55Z,football_nfl,32677,2026-10-06T00:15:00Z,player_pass_yds,bovada,27950836,Tyler Shough (NOR),espn:4360689,Over,239.5,-190,11011090853,,alternate,2026-10-05T22:22:36.318243Z,2026-10-05T23:04:56.828280Z,2026-10-05T23:04:56.828280Z,2026-10-05T23:09:21.862000Z,,
2026-10-05T23:24:55Z,football_nfl,32677,2026-10-06T00:15:00Z,player_pass_yds,bovada,27950836,Tyler Shough (NOR),espn:4360689,Under,239.5,145,11011090854,,alternate,2026-10-05T22:22:36.318243Z,2026-10-05T23:04:56.828280Z,2026-10-05T23:04:56.828280Z,2026-10-05T23:09:21.862000Z,,
2026-10-05T23:24:55Z,football_nfl,32677,2026-10-06T00:15:00Z,player_pass_yds,bovada,27950836,Tyler Shough (NOR),espn:4360689,Over,249.5,-145,11011090855,,alternate,2026-10-05T22:22:36.318243Z,2026-10-05T23:04:56.828280Z,2026-10-05T23:04:56.828280Z,2026-10-05T23:09:21.862000Z,,
2026-10-05T23:24:55Z,football_nfl,32677,2026-10-06T00:15:00Z,player_pass_yds,bovada,27950836,Tyler Shough (NOR),espn:4360689,Under,249.5,110,11011090856,,alternate,2026-10-05T22:22:36.318243Z,2026-10-05T23:04:56.828280Z,2026-10-05T23:04:56.828280Z,2026-10-05T23:09:21.862000Z,,
2026-10-05T23:24:55Z,football_nfl,32677,2026-10-06T00:15:00Z,player_pass_yds,bovada,27950836,Tyler Shough (NOR),espn:4360689,Over,259.5,-115,11011090857,,alternate,2026-10-05T22:22:36.318243Z,2026-10-05T23:04:56.828280Z,2026-10-05T23:04:56.828280Z,2026-10-05T23:09:21.862000Z,,
2026-10-05T23:24:55Z,football_nfl,32677,2026-10-06T00:15:00Z,player_pass_yds,bovada,27950836,Tyler Shough (NOR),espn:4360689,Under,259.5,-115,11011090858,,alternate,2026-10-05T22:22:36.318243Z,2026-10-05T23:04:56.828280Z,2026-10-05T23:04:56.828280Z,2026-10-05T23:09:21.862000Z,,
2026-10-05T23:24:55Z,football_nfl,32677,2026-10-06T00:15:00Z,player_pass_yds,bovada,27950836,Tyler Shough (NOR),espn:4360689,Over,269.5,110,11011090859,,alternate,2026-10-05T22:22:36.318243Z,2026-10-05T23:04:56.828280Z,2026-10-05T23:04:56.828280Z,2026-10-05T23:09:21.862000Z,,
2026-10-05T23:24:55Z,football_nfl,32677,2026-10-06T00:15:00Z,player_pass_yds,bovada,27950836,Tyler Shough (NOR),espn:4360689,Under,269.5,-145,11011090860,,alternate,2026-10-05T22:22:36.318243Z,2026-10-05T23:04:56.828280Z,2026-10-05T23:04:56.828280Z,2026-10-05T23:09:21.862000Z,,
2026-10-05T23:24:55Z,football_nfl,32677,2026-10-06T00:15:00Z,player_pass_yds,bovada,27950836,Tyler Shough (NOR),espn:4360689,Over,279.5,140,11011090861,,alternate,2026-10-05T22:22:36.318243Z,2026-10-05T23:04:56.828280Z,2026-10-05T23:04:56.828280Z,2026-10-05T23:09:21.862000Z,,
2026-10-05T23:24:55Z,football_nfl,32677,2026-10-06T00:15:00Z,player_pass_yds,bovada,27950836,Tyler Shough (NOR),espn:4360689,Under,279.5,-185,11011090862,,alternate,2026-10-05T22:22:36.318243Z,2026-10-05T23:04:56.828280Z,2026-10-05T23:04:56.828280Z,2026-10-05T23:09:21.862000Z,,
2026-10-05T23:24:55Z,football_nfl,32677,2026-10-06T00:15:00Z,player_pass_yds,bovada,27950836,Tyler Shough (NOR),espn:4360689,Over,289.5,170,11011090863,,alternate,2026-10-05T22:22:36.318243Z,2026-10-05T23:04:56.828280Z,2026-10-05T23:04:56.828280Z,2026-10-05T23:09:21.862000Z,,
2026-10-05T23:24:55Z,football_nfl,32677,2026-10-06T00:15:00Z,player_pass_yds,bovada,27950836,Tyler Shough (NOR),espn:4360689,Under,289.5,-230,11011090864,,alternate,2026-10-05T22:22:36.318243Z,2026-10-05T23:04:56.828280Z,2026-10-05T23:04:56.828280Z,2026-10-05T23:09:21.862000Z,,
2026-10-05T23:24:55Z,football_nfl,32677,2026-10-06T00:15:00Z,player_rush_yds,bovada,27950836,Kendre Miller (NOR),espn:4599739,Over,16.5,-310,11011090865,,alternate,2026-10-05T22:22:36.318243Z,2026-10-05T23:26:51.990764Z,2026-10-05T23:26:51.990764Z,2026-10-05T23:09:21.862000Z,,
2026-10-05T23:24:55Z,football_nfl,32677,2026-10-06T00:15:00Z,player_rush_yds,bovada,27950836,Kendre Miller (NOR),espn:4599739,Under,16.5,225,11011090866,,alternate,2026-10-05T22:22:36.318243Z,2026-10-05T23:26:51.990764Z,2026-10-05T23:26:51.990764Z,2026-10-05T23:09:21.862000Z,,
2026-10-05T23:24:55Z,football_nfl,32677,2026-10-06T00:15:00Z,player_rush_yds,bovada,27950836,Kendre Miller (NOR),espn:4599739,Over,21.5,-180,11011090867,,alternate,2026-10-05T22:22:36.318243Z,2026-10-05T23:26:51.990764Z,2026-10-05T23:26:51.990764Z,2026-10-05T23:09:21.862000Z,,
2026-10-05T23:24:55Z,football_nfl,32677,2026-10-06T00:15:00Z,player_rush_yds,bovada,27950836,Kendre Miller (NOR),espn:4599739,Under,21.5,135,11011090868,,alternate,2026-10-05T22:22:36.318243Z,2026-10-05T23:26:51.990764Z,2026-10-05T23:26:51.990764Z,2026-10-05T23:09:21.862000Z,,
2026-10-05T23:24:55Z,football_nfl,32677,2026-10-06T00:15:00Z,player_rush_yds,bovada,27950836,Kendre Miller (NOR),espn:4599739,Over,26.5,-115,11011090869,,alternate,2026-10-05T22:22:36.318243Z,2026-10-05T23:26:51.990764Z,2026-10-05T23:26:51.990764Z,2026-10-05T23:09:21.862000Z,,
2026-10-05T23:24:55Z,football_nfl,32677,2026-10-06T00:15:00Z,player_rush_yds,bovada,27950836,Kendre Miller (NOR),espn:4599739,Under,26.5,-115,11011090870,,alternate,2026-10-05T22:22:36.318243Z,2026-10-05T23:26:51.990764Z,2026-10-05T23:26:51.990764Z,2026-10-05T23:09:21.862000Z,,
2026-10-05T23:24:55Z,football_nfl,32677,2026-10-06T00:15:00Z,player_rush_yds,bovada,27950836,Kendre Miller (NOR),espn:4599739,Over,31.5,130,11011090871,,alternate,2026-10-05T22:22:36.318243Z,2026-10-05T23:26:51.990764Z,2026-10-05T23:26:51.990764Z,2026-10-05T23:09:21.862000Z,,
2026-10-05T23:24:55Z,football_nfl,32677,2026-10-06T00:15:00Z,player_rush_yds,bovada,27950836,Kendre Miller (NOR),espn:4599739,Under,31.5,-170,11011090872,,alternate,2026-10-05T22:22:36.318243Z,2026-10-05T23:26:51.990764Z,2026-10-05T23:26:51.990764Z,2026-10-05T23:09:21.862000Z,,
2026-10-05T23:24:55Z,football_nfl,32677,2026-10-06T00:15:00Z,player_rush_yds,bovada,27950836,Kendre Miller (NOR),espn:4599739,Over,36.5,180,11011090873,,alternate,2026-10-05T22:22:36.318243Z,2026-10-05T23:26:51.990764Z,2026-10-05T23:26:51.990764Z,2026-10-05T23:09:21.862000Z,,
2026-10-05T23:24:55Z,football_nfl,32677,2026-10-06T00:15:00Z,player_rush_yds,bovada,27950836,Kendre Miller (NOR),espn:4599739,Under,36.5,-245,11011090874,,alternate,2026-10-05T22:22:36.318243Z,2026-10-05T23:26:51.990764Z,2026-10-05T23:26:51.990764Z,2026-10-05T23:09:21.862000Z,,
2026-10-05T23:24:55Z,football_nfl,32677,2026-10-06T00:15:00Z,player_reception_yds,bovada,27950836,Devaughn Vele (NOR),espn:4569559,Over,36.5,-215,11019399507,,alternate,2026-10-05T23:06:13.440059Z,2026-10-05T23:19:42.524849Z,2026-10-05T23:19:42.524849Z,2026-10-05T23:09:21.862000Z,,
2026-10-05T23:24:55Z,football_nfl,32677,2026-10-06T00:15:00Z,player_reception_yds,bovada,27950836,Devaughn Vele (NOR),espn:4569559,Under,36.5,160,11019399508,,alternate,2026-10-05T23:06:13.440059Z,2026-10-05T23:19:42.524849Z,2026-10-05T23:19:42.524849Z,2026-10-05T23:09:21.862000Z,,
2026-10-05T23:24:55Z,football_nfl,32677,2026-10-06T00:15:00Z,player_reception_yds,bovada,27950836,Devaughn Vele (NOR),espn:4569559,Over,41.5,-160,11019399509,,alternate,2026-10-05T23:06:13.440059Z,2026-10-05T23:19:42.524849Z,2026-10-05T23:19:42.524849Z,2026-10-05T23:09:21.862000Z,,
2026-10-05T23:24:55Z,football_nfl,32677,2026-10-06T00:15:00Z,player_reception_yds,bovada,27950836,Devaughn Vele (NOR),espn:4569559,Under,41.5,120,11019399510,,alternate,2026-10-05T23:06:13.440059Z,2026-10-05T23:19:42.524849Z,2026-10-05T23:19:42.524849Z,2026-10-05T23:09:21.862000Z,,
2026-10-05T23:24:55Z,football_nfl,32677,2026-10-06T00:15:00Z,player_reception_yds,bovada,27950836,Devaughn Vele (NOR),espn:4569559,Over,46.5,-120,11019399511,,alternate,2026-10-05T23:06:13.440059Z,2026-10-05T23:19:42.524849Z,2026-10-05T23:19:42.524849Z,2026-10-05T23:09:21.862000Z,,
2026-10-05T23:24:55Z,football_nfl,32677,2026-10-06T00:15:00Z,player_reception_yds,bovada,27950836,Devaughn Vele (NOR),espn:4569559,Under,46.5,-110,11019399512,,alternate,2026-10-05T23:06:13.440059Z,2026-10-05T23:19:42.524849Z,2026-10-05T23:19:42.524849Z,2026-10-05T23:09:21.862000Z,,
2026-10-05T23:24:55Z,football_nfl,32677,2026-10-06T00:15:00Z,player_reception_yds,bovada,27950836,Devaughn Vele (NOR),espn:4569559,Over,51.5,110,11019399513,,alternate,2026-10-05T23:06:13.440059Z,2026-10-05T23:19:42.524849Z,2026-10-05T23:19:42.524849Z,2026-10-05T23:09:21.862000Z,,
2026-10-05T23:24:55Z,football_nfl,32677,2026-10-06T00:15:00Z,player_reception_yds,bovada,27950836,Devaughn Vele (NOR),espn:4569559,Under,51.5,-145,11019399514,,alternate,2026-10-05T23:06:13.440059Z,2026-10-05T23:19:42.524849Z,2026-10-05T23:19:42.524849Z,2026-10-05T23:09:21.862000Z,,
2026-10-05T23:24:55Z,football_nfl,32677,2026-10-06T00:15:00Z,player_reception_yds,bovada,27950836,Devaughn Vele (NOR),espn:4569559,Over,56.5,135,11019399515,,alternate,2026-10-05T23:06:13.440059Z,2026-10-05T23:19:42.524849Z,2026-10-05T23:19:42.524849Z,2026-10-05T23:09:21.862000Z,,
2026-10-05T23:24:55Z,football_nfl,32677,2026-10-06T00:15:00Z,player_reception_yds,bovada,27950836,Devaughn Vele (NOR),espn:4569559,Under,56.5,-180,11019399516,,alternate,2026-10-05T23:06:13.440059Z,2026-10-05T23:19:42.524849Z,2026-10-05T23:19:42.524849Z,2026-10-05T23:09:21.862000Z,,
2026-10-05T23:24:55Z,football_nfl,32677,2026-10-06T00:15:00Z,player_reception_yds,bovada,27950836,Juwan Johnson (NOR),espn:3929645,Over,57.5,140,11019399517,,alternate,2026-10-05T23:06:13.440059Z,2026-10-05T23:26:51.990764Z,2026-10-05T23:26:51.990764Z,2026-10-05T23:09:21.862000Z,,
2026-10-05T23:24:55Z,football_nfl,32677,2026-10-06T00:15:00Z,player_reception_yds,bovada,27950836,Juwan Johnson (NOR),espn:3929645,Under,57.5,-185,11019399518,,alternate,2026-10-05T23:06:13.440059Z,2026-10-05T23:26:51.990764Z,2026-10-05T23:26:51.990764Z,2026-10-05T23:09:21.862000Z,,
2026-10-05T23:24:55Z,football_nfl,32677,2026-10-06T00:15:00Z,player_rush_yds,bovada,27950836,Bijan Robinson (ATL),espn:4430807,Over,100.5,135,11019399519,,alternate,2026-10-05T23:06:13.440059Z,2026-10-05T23:26:51.990764Z,2026-10-05T23:26:51.990764Z,2026-10-05T23:09:21.862000Z,,
2026-10-05T23:24:55Z,football_nfl,32677,2026-10-06T00:15:00Z,player_rush_yds,bovada,27950836,Bijan Robinson (ATL),espn:4430807,Under,100.5,-180,11019399520,,alternate,2026-10-05T23:06:13.440059Z,2026-10-05T23:26:51.990764Z,2026-10-05T23:26:51.990764Z,2026-10-05T23:09:21.862000Z,,
2026-10-05T23:24:55Z,football_nfl,32677,2026-10-06T00:15:00Z,player_rush_yds,bovada,27950836,Bijan Robinson (ATL),espn:4430807,Over,110.5,200,11019399521,,alternate,2026-10-05T23:06:13.440059Z,2026-10-05T23:26:51.990764Z,2026-10-05T23:26:51.990764Z,2026-10-05T23:09:21.862000Z,,
2026-10-05T23:24:55Z,football_nfl,32677,2026-10-06T00:15:00Z,player_rush_yds,bovada,27950836,Bijan Robinson (ATL),espn:4430807,Under,110.5,-275,11019399522,,alternate,2026-10-05T23:06:13.440059Z,2026-10-05T23:26:51.990764Z,2026-10-05T23:26:51.990764Z,2026-10-05T23:09:21.862000Z,,
2026-10-05T23:24:55Z,football_nfl,32677,2026-10-06T00:15:00Z,player_rush_yds,bovada,27950836,Bijan Robinson (ATL),espn:4430807,Over,70.5,-310,11019399523,,alternate,2026-10-05T23:06:13.440059Z,2026-10-05T23:26:51.990764Z,2026-10-05T23:26:51.990764Z,2026-10-05T23:09:21.862000Z,,
2026-10-05T23:24:55Z,football_nfl,32677,2026-10-06T00:15:00Z,player_rush_yds,bovada,27950836,Bijan Robinson (ATL),espn:4430807,Under,70.5,225,11019399524,,alternate,2026-10-05T23:06:13.440059Z,2026-10-05T23:26:51.990764Z,2026-10-05T23:26:51.990764Z,2026-10-05T23:09:21.862000Z,,
2026-10-05T23:24:55Z,football_nfl,32677,2026-10-06T00:15:00Z,player_rush_yds,bovada,27950836,Bijan Robinson (ATL),espn:4430807,Over,80.5,-185,11019399525,,alternate,2026-10-05T23:06:13.440059Z,2026-10-05T23:26:51.990764Z,2026-10-05T23:26:51.990764Z,2026-10-05T23:09:21.862000Z,,
2026-10-05T23:24:55Z,football_nfl,32677,2026-10-06T00:15:00Z,player_rush_yds,bovada,27950836,Bijan Robinson (ATL),espn:4430807,Under,80.5,140,11019399526,,alternate,2026-10-05T23:06:13.440059Z,2026-10-05T23:26:51.990764Z,2026-10-05T23:26:51.990764Z,2026-10-05T23:09:21.862000Z,,
2026-10-05T23:24:55Z,football_nfl,32677,2026-10-06T00:15:00Z,player_rush_yds,bovada,27950836,Bijan Robinson (ATL),espn:4430807,Over,90.5,-115,11019399527,,alternate,2026-10-05T23:06:13.440059Z,2026-10-05T23:26:51.990764Z,2026-10-05T23:26:51.990764Z,2026-10-05T23:09:21.862000Z,,
2026-10-05T23:24:55Z,football_nfl,32677,2026-10-06T00:15:00Z,player_rush_yds,bovada,27950836,Bijan Robinson (ATL),espn:4430807,Under,90.5,-115,11019399528,,alternate,2026-10-05T23:06:13.440059Z,2026-10-05T23:26:51.990764Z,2026-10-05T23:26:51.990764Z,2026-10-05T23:09:21.862000Z,,
2026-10-05T23:24:55Z,football_nfl,32677,2026-10-06T00:15:00Z,player_rush_yds,bovada,27950836,Alvin Kamara (NOR),espn:3054850,Over,24.5,-280,11020033103,,alternate,2026-10-05T23:09:25.033930Z,2026-10-05T23:16:52.783549Z,2026-10-05T23:16:52.783549Z,2026-10-05T23:09:21.862000Z,,
2026-10-05T23:24:55Z,football_nfl,32677,2026-10-06T00:15:00Z,player_rush_yds,bovada,27950836,Alvin Kamara (NOR),espn:3054850,Under,24.5,205,11020033104,,alternate,2026-10-05T23:09:25.033930Z,2026-10-05T23:16:52.783549Z,2026-10-05T23:16:52.783549Z,2026-10-05T23:09:21.862000Z,,
2026-10-05T23:24:55Z,football_nfl,32677,2026-10-06T00:15:00Z,player_rush_yds,bovada,27950836,Alvin Kamara (NOR),espn:3054850,Over,29.5,-180,11020033105,,alternate,2026-10-05T23:09:25.033930Z,2026-10-05T23:16:52.783549Z,2026-10-05T23:16:52.783549Z,2026-10-05T23:09:21.862000Z,,
2026-10-05T23:24:55Z,football_nfl,32677,2026-10-06T00:15:00Z,player_rush_yds,bovada,27950836,Alvin Kamara (NOR),espn:3054850,Under,29.5,135,11020033106,,alternate,2026-10-05T23:09:25.033930Z,2026-10-05T23:16:52.783549Z,2026-10-05T23:16:52.783549Z,2026-10-05T23:09:21.862000Z,,
2026-10-05T23:24:55Z,football_nfl,32677,2026-10-06T00:15:00Z,player_rush_yds,bovada,27950836,Alvin Kamara (NOR),espn:3054850,Over,34.5,-120,11020033107,,alternate,2026-10-05T23:09:25.033930Z,2026-10-05T23:16:52.783549Z,2026-10-05T23:16:52.783549Z,2026-10-05T23:09:21.862000Z,,
2026-10-05T23:24:55Z,football_nfl,32677,2026-10-06T00:15:00Z,player_rush_yds,bovada,27950836,Alvin Kamara (NOR),espn:3054850,Under,34.5,-110,11020033108,,alternate,2026-10-05T23:09:25.033930Z,2026-10-05T23:16:52.783549Z,2026-10-05T23:16:52.783549Z,2026-10-05T23:09:21.862000Z,,
2026-10-05T23:24:55Z,football_nfl,32677,2026-10-06T00:15:00Z,player_rush_yds,bovada,27950836,Alvin Kamara (NOR),espn:3054850,Over,39.5,120,11020033109,,alternate,2026-10-05T23:09:25.033930Z,2026-10-05T23:16:52.783549Z,2026-10-05T23:16:52.783549Z,2026-10-05T23:09:21.862000Z,,
2026-10-05T23:24:55Z,football_nfl,32677,2026-10-06T00:15:00Z,player_rush_yds,bovada,27950836,Alvin Kamara (NOR),espn:3054850,Under,39.5,-160,11020033110,,alternate,2026-10-05T23:09:25.033930Z,2026-10-05T23:16:52.783549Z,2026-10-05T23:16:52.783549Z,2026-10-05T23:09:21.862000Z,,
2026-10-05T23:24:55Z,football_nfl,32677,2026-10-06T00:15:00Z,player_rush_yds,bovada,27950836,Alvin Kamara (NOR),espn:3054850,Over,44.5,160,11020033111,,alternate,2026-10-05T23:09:25.033930Z,2026-10-05T23:16:52.783549Z,2026-10-05T23:16:52.783549Z,2026-10-05T23:09:21.862000Z,,
2026-10-05T23:24:55Z,football_nfl,32677,2026-10-06T00:15:00Z,player_rush_yds,bovada,27950836,Alvin Kamara (NOR),espn:3054850,Under,44.5,-215,11020033112,,alternate,2026-10-05T23:09:25.033930Z,2026-10-05T23:16:52.783549Z,2026-10-05T23:16:52.783549Z,2026-10-05T23:09:21.862000Z,,
2026-10-05T23:24:55Z,football_nfl,32677,2026-10-06T00:15:00Z,player_pass_attempts,draftkings,34118279,Michael Penix Jr.,espn:4360423,22+ Passing Attempts,,-2900,9639132382,0QA374144871#2301935317_13L88808Q11676393060Q20,milestone,2026-10-05T22:10:54.864135Z,2026-10-05T23:25:44.717128Z,2026-10-05T23:25:44.717128Z,,,
2026-10-05T23:24:55Z,football_nfl,32677,2026-10-06T00:15:00Z,player_pass_attempts,draftkings,34118279,Michael Penix Jr.,espn:4360423,24+ Passing Attempts,,-1040,9639132383,0QA374144871#2301935318_13L88808Q1551954801Q20,milestone,2026-10-05T22:10:54.864135Z,2026-10-05T23:25:44.717128Z,2026-10-05T23:25:44.717128Z,,,
2026-10-05T23:24:55Z,football_nfl,32677,2026-10-06T00:15:00Z,player_pass_attempts,draftkings,34118279,Michael Penix Jr.,espn:4360423,26+ Passing Attempts,,-489,9639132384,0QA374144871#2301935319_13L88808Q1-1683408246Q20,milestone,2026-10-05T22:28:10.137561Z,2026-10-05T23:25:44.717128Z,2026-10-05T23:25:44.717128Z,,,
2026-10-05T23:24:55Z,football_nfl,32677,2026-10-06T00:15:00Z,player_pass_attempts,draftkings,34118279,Michael Penix Jr.,espn:4360423,28+ Passing Attempts,,-262,9639132385,0QA374144871#2301935320_13L88808Q1373241209Q20,milestone,2026-10-05T22:28:10.137561Z,2026-10-05T23:25:44.717128Z,2026-10-05T23:25:44.717128Z,,,
2026-10-05T23:24:55Z,football_nfl,32677,2026-10-06T00:15:00Z,player_pass_attempts,draftkings,34118279,Michael Penix Jr.,espn:4360423,30+ Passing Attempts,,-151,9639132386,0QA374144871#2301935321_13L88808Q1-923159703Q20,milestone,2026-10-05T22:28:10.137561Z,2026-10-05T23:25:44.717128Z,2026-10-05T23:25:44.717128Z,,,
2026-10-05T23:24:55Z,football_nfl,32677,2026-10-06T00:15:00Z,player_pass_attempts,draftkings,34118279,Michael Penix Jr.,espn:4360423,31+ Passing Attempts,,-117,9639132387,0QA374144871#2301935322_13L88808Q1-2110447884Q20,milestone,2026-10-05T22:28:10.137561Z,2026-10-05T23:25:44.717128Z,2026-10-05T23:25:44.717128Z,,,
2026-10-05T23:24:55Z,football_nfl,32677,2026-10-06T00:15:00Z,player_pass_attempts,draftkings,34118279,Michael Penix Jr.,espn:4360423,32+ Passing Attempts,,109,9639132388,0QA374144871#2301935323_13L88808Q11659593690Q20,milestone,2026-10-05T22:28:10.137561Z,2026-10-05T23:25:44.717128Z,2026-10-05T23:25:44.717128Z,,,
2026-10-05T23:24:55Z,football_nfl,32677,2026-10-06T00:15:00Z,player_pass_attempts,draftkings,34118279,Michael Penix Jr.,espn:4360423,34+ Passing Attempts,,175,9639132389,0QA374144871#2301935324_13L88808Q1-423965071Q20,milestone,2026-10-05T22:28:10.137561Z,2026-10-05T23:25:44.717128Z,2026-10-05T23:25:44.717128Z,,,
2026-10-05T23:24:55Z,football_nfl,32677,2026-10-06T00:15:00Z,player_pass_attempts,draftkings,34118279,Michael Penix Jr.,espn:4360423,36+ Passing Attempts,,279,9639132390,0QA374144871#2301935325_13L88808Q1-940744476Q20,milestone,2026-10-05T22:28:10.137561Z,2026-10-05T23:25:44.717128Z,2026-10-05T23:25:44.717128Z,,,
2026-10-05T23:24:55Z,football_nfl,32677,2026-10-06T00:15:00Z,player_pass_attempts,draftkings,34118279,Michael Penix Jr.,espn:4360423,38+ Passing Attempts,,429,9639132391,0QA374144871#2301935326_13L88808Q1352849985Q20,milestone,2026-10-05T22:28:10.137561Z,2026-10-05T23:25:44.717128Z,2026-10-05T23:25:44.717128Z,,,
2026-10-05T23:24:55Z,football_nfl,32677,2026-10-06T00:15:00Z,player_pass_attempts,draftkings,34118279,Michael Penix Jr.,espn:4360423,40+ Passing Attempts,,660,9639132392,0QA374144871#2301935328_13L88808Q1-1180270845Q20,milestone,2026-10-05T22:28:10.137561Z,2026-10-05T23:25:44.717128Z,2026-10-05T23:25:44.717128Z,,,
2026-10-05T23:24:55Z,football_nfl,32677,2026-10-06T00:15:00Z,player_pass_attempts,draftkings,34118279,Michael Penix Jr.,espn:4360423,42+ Passing Attempts,,980,9639132393,0QA374144871#2301935330_13L88808Q1539286528Q20,milestone,2026-10-05T22:28:10.137561Z,2026-10-05T23:25:44.717128Z,2026-10-05T23:25:44.717128Z,,,
2026-10-05T23:24:55Z,football_nfl,32677,2026-10-06T00:15:00Z,player_pass_attempts,draftkings,34118279,Michael Penix Jr.,espn:4360423,44+ Passing Attempts,,1480,9639132396,0QA374144871#2301935331_13L88808Q11887105947Q20,milestone,2026-10-05T22:10:54.864135Z,2026-10-05T23:25:44.717128Z,2026-10-05T23:25:44.717128Z,,,
2026-10-05T23:24:55Z,football_nfl,32677,2026-10-06T00:15:00Z,player_pass_attempts,draftkings,34118279,Michael Penix Jr.,espn:4360423,Over,30.5,-118,9639132397,0QA374144877#2301935391_13L88808Q1-1779018863Q20,main,2026-10-05T05:19:34.204876Z,2026-10-05T23:25:44.717128Z,2026-10-05T23:25:44.717128Z,,,
2026-10-05T23:24:55Z,football_nfl,32677,2026-10-06T00:15:00Z,player_pass_attempts,draftkings,34118279,Michael Penix Jr.,espn:4360423,Under,30.5,-108,9639132398,0QA374144877#2301935392_13L88808Q1-1879748411Q20,main,2026-10-05T05:19:34.204876Z,2026-10-05T23:25:44.717128Z,2026-10-05T23:25:44.717128Z,,,
2026-10-05T23:24:55Z,football_nfl,32677,2026-10-06T00:15:00Z,player_pass_attempts,draftkings,34118279,Tyler Shough,espn:4360689,28+ Passing Attempts,,-2800,9639132410,0QA374144264#2301933028_13L88808Q1373241209Q20,milestone,2026-10-05T22:43:51.206461Z,2026-10-05T23:25:44.717128Z,2026-10-05T23:25:44.717128Z,,,
2026-10-05T23:24:55Z,football_nfl,32677,2026-10-06T00:15:00Z,player_pass_attempts,draftkings,34118279,Tyler Shough,espn:4360689,30+ Passing Attempts,,-1160,9639132411,0QA374144264#2301933053_13L88808Q1-923159703Q20,milestone,2026-10-05T22:43:51.206461Z,2026-10-05T23:25:44.717128Z,2026-10-05T23:25:44.717128Z,,,
2026-10-05T23:24:55Z,football_nfl,32677,2026-10-06T00:15:00Z,player_pass_attempts,draftkings,34118279,Tyler Shough,espn:4360689,32+ Passing Attempts,,-563,9639132412,0QA374144264#2301933057_13L88808Q11659593690Q20,milestone,2026-10-05T22:43:51.206461Z,2026-10-05T23:25:44.717128Z,2026-10-05T23:25:44.717128Z,,,
2026-10-05T23:24:55Z,football_nfl,32677,2026-10-06T00:15:00Z,player_pass_attempts,draftkings,34118279,Tyler Shough,espn:4360689,34+ Passing Attempts,,-320,9639132415,0QA374144264#2301933074_13L88808Q1-423965071Q20,milestone,2026-10-05T22:43:51.206461Z,2026-10-05T23:25:44.717128Z,2026-10-05T23:25:44.717128Z,,,
2026-10-05T23:24:55Z,football_nfl,32677,2026-10-06T00:15:00Z,player_pass_attempts,draftkings,34118279,Tyler Shough,espn:4360689,36+ Passing Attempts,,-190,9639132416,0QA374144264#2301933094_13L88808Q1-940744476Q20,milestone,2026-10-05T22:43:51.206461Z,2026-10-05T23:25:44.717128Z,2026-10-05T23:25:44.717128Z,,,
2026-10-05T23:24:55Z,football_nfl,32677,2026-10-06T00:15:00Z,player_pass_attempts,draftkings,34118279,Tyler Shough,espn:4360689,38+ Passing Attempts,,-117,9639132417,0QA374144264#2301933110_13L88808Q1352849985Q20,milestone,2026-10-05T22:43:51.206461Z,2026-10-05T23:25:44.717128Z,2026-10-05T23:25:44.717128Z,,,
2026-10-05T23:24:55Z,football_nfl,32677,2026-10-06T00:15:00Z,player_pass_attempts,draftkings,34118279,Tyler Shough,espn:4360689,40+ Passing Attempts,,133,9639132418,0QA374144264#2301933124_13L88808Q1-1180270845Q20,milestone,2026-10-05T22:43:51.206461Z,2026-10-05T23:25:44.717128Z,2026-10-05T23:25:44.717128Z,,,
2026-10-05T23:24:55Z,football_nfl,32677,2026-10-06T00:15:00Z,player_pass_attempts,draftkings,34118279,Tyler Shough,espn:4360689,42+ Passing Attempts,,204,9639132419,0QA374144264#2301933132_13L88808Q1539286528Q20,milestone,2026-10-05T22:43:51.206461Z,2026-10-05T23:25:44.717128Z,2026-10-05T23:25:44.717128Z,,,
2026-10-05T23:24:55Z,football_nfl,32677,2026-10-06T00:15:00Z,player_pass_attempts,draftkings,34118279,Tyler Shough,espn:4360689,44+ Passing Attempts,,308,9639132420,0QA374144264#2301933139_13L88808Q11887105947Q20,milestone,2026-10-05T22:43:51.206461Z,2026-10-05T23:25:44.717128Z,2026-10-05T23:25:44.717128Z,,,
2026-10-05T23:24:55Z,football_nfl,32677,2026-10-06T00:15:00Z,player_pass_attempts,draftkings,34118279,Tyler Shough,espn:4360689,46+ Passing Attempts,,461,9732763526,0QA374144264#2301937613_13L88808Q1260032437Q20,milestone,2026-10-05T22:43:51.206461Z,2026-10-05T23:25:44.717128Z,2026-10-05T23:25:44.717128Z,,,
2026-10-05T23:24:55Z,football_nfl,32677,2026-10-06T00:15:00Z,player_pass_attempts,draftkings,34118279,Tyler Shough,espn:4360689,48+ Passing Attempts,,690,9780702996,0QA374144264#2305115376_13L88808Q1288543348Q20,milestone,2026-10-05T22:43:51.206461Z,2026-10-05T23:25:44.717128Z,2026-10-05T23:25:44.717128Z,,,
2026-10-05T23:24:55Z,football_nfl,32677,2026-10-06T00:15:00Z,player_pass_attempts,draftkings,34118279,Tyler Shough,espn:4360689,50+ Passing Attempts,,1020,10497696828,0QA374144264#2307908258_13L88808Q11641889609Q20,milestone,2026-10-05T22:43:51.206461Z,2026-10-05T23:25:44.717128Z,2026-10-05T23:25:44.717128Z,,,
2026-10-05T23:24:55Z,football_nfl,32677,2026-10-06T00:15:00Z,player_pass_attempts,draftkings,34118279,Tyler Shough,espn:4360689,Over,37.5,-117,9639132421,0QA374144341#2310606364_13L88808Q11996377578Q20,main,2026-10-05T22:43:51.206461Z,2026-10-05T23:25:44.717128Z,2026-10-05T23:25:44.717128Z,,,
2026-10-05T23:24:55Z,football_nfl,32677,2026-10-06T00:15:00Z,player_pass_attempts,draftkings,34118279,Tyler Shough,espn:4360689,Under,37.5,-109,9639132422,0QA374144341#2310606365_13L88808Q1-1266036599Q20,main,2026-10-05T22:43:51.206461Z,2026-10-05T23:25:44.717128Z,2026-10-05T23:25:44.717128Z,,,
2026-10-05T23:24:55Z,football_nfl,32677,2026-10-06T00:15:00Z,player_pass_completions,draftkings,34118279,Michael Penix Jr.,espn:4360423,14+ Passing Completions,,-3000,9639132424,0QA374144869#2301935302_13L88808Q1973497612Q20,milestone,2026-10-05T22:47:48.875715Z,2026-10-05T23:25:44.717128Z,2026-10-05T23:25:44.717128Z,,,
2026-10-05T23:24:55Z,football_nfl,32677,2026-10-06T00:15:00Z,player_pass_completions,draftkings,34118279,Michael Penix Jr.,espn:4360423,16+ Passing Completions,,-740,9639132425,0QA374144869#2301935303_13L88808Q1684519945Q20,milestone,2026-10-05T22:28:10.137561Z,2026-10-05T23:25:44.717128Z,2026-10-05T23:25:44.717128Z,,,
2026-10-05T23:24:55Z,football_nfl,32677,2026-10-06T00:15:00Z,player_pass_completions,draftkings,34118279,Michael Penix Jr.,espn:4360423,18+ Passing Completions,,-295,9639132427,0QA374144869#2301935305_13L88808Q1-77800544Q20,milestone,2026-10-05T22:47:48.875715Z,2026-10-05T23:25:44.717128Z,2026-10-05T23:25:44.717128Z,,,
2026-10-05T23:24:55Z,football_nfl,32677,2026-10-06T00:15:00Z,player_pass_completions,draftkings,34118279,Michael Penix Jr.,espn:4360423,20+ Passing Completions,,-136,9639132430,0QA374144869#2301935309_13L88808Q11395765699Q20,milestone,2026-10-05T22:47:48.875715Z,2026-10-05T23:25:44.717128Z,2026-10-05T23:25:44.717128Z,,,
2026-10-05T23:24:55Z,football_nfl,32677,2026-10-06T00:15:00Z,player_pass_completions,draftkings,34118279,Michael Penix Jr.,espn:4360423,21+ Passing Completions,,103,9639132431,0QA374144869#2301952076_13L88808Q11458705750Q20,milestone,2026-10-05T22:47:48.875715Z,2026-10-05T23:25:44.717128Z,2026-10-05T23:25:44.717128Z,,,
2026-10-05T23:24:55Z,football_nfl,32677,2026-10-06T00:15:00Z,player_pass_completions,draftkings,34118279,Michael Penix Jr.,espn:4360423,22+ Passing Completions,,146,9639132432,0QA374144869#2301935310_13L88808Q1-1637862784Q20,milestone,2026-10-05T22:47:48.875715Z,2026-10-05T23:25:44.717128Z,2026-10-05T23:25:44.717128Z,,,
2026-10-05T23:24:55Z,football_nfl,32677,2026-10-06T00:15:00Z,player_pass_completions,draftkings,34118279,Michael Penix Jr.,espn:4360423,24+ Passing Completions,,287,9639132434,0QA374144869#2301935311_13L88808Q1341995091Q20,milestone,2026-10-05T22:47:48.875715Z,2026-10-05T23:25:44.717128Z,2026-10-05T23:25:44.717128Z,,,
2026-10-05T23:24:55Z,football_nfl,32677,2026-10-06T00:15:00Z,player_pass_completions,draftkings,34118279,Michael Penix Jr.,espn:4360423,26+ Passing Completions,,544,9639132435,0QA374144869#2301935312_13L88808Q111672884Q20,milestone,2026-10-05T22:47:48.875715Z,2026-10-05T23:25:44.717128Z,2026-10-05T23:25:44.717128Z,,,
2026-10-05T23:24:55Z,football_nfl,32677,2026-10-06T00:15:00Z,player_pass_completions,draftkings,34118279,Michael Penix Jr.,espn:4360423,28+ Passing Completions,,1020,9639132436,0QA374144869#2301935555_13L88808Q11830844640Q20,milestone,2026-10-05T22:47:48.875715Z,2026-10-05T23:25:44.717128Z,2026-10-05T23:25:44.717128Z,,,
2026-10-05T23:24:55Z,football_nfl,32677,2026-10-06T00:15:00Z,player_pass_completions,draftkings,34118279,Michael Penix Jr.,espn:4360423,Over,20.5,104,9639132443,0QA374144866#2301952074_13L88808Q11817943715Q20,main,2026-10-05T21:52:28.279638Z,2026-10-05T23:25:44.717128Z,2026-10-05T23:25:44.717128Z,,,
2026-10-05T23:24:55Z,football_nfl,32677,2026-10-06T00:15:00Z,player_pass_completions,draftkings,34118279,Michael Penix Jr.,espn:4360423,Under,20.5,-132,9639132444,0QA374144866#2301952075_13L88808Q1167019687Q20,main,2026-10-05T21:52:28.279638Z,2026-10-05T23:25:44.717128Z,2026-10-05T23:25:44.717128Z,,,
2026-10-05T23:24:55Z,football_nfl,32677,2026-10-06T00:15:00Z,player_pass_completions,draftkings,34118279,Tyler Shough,espn:4360689,18+ Passing Completions,,-1780,9639132445,0QA374144077#2301931183_13L88808Q1-77800544Q20,milestone,2026-10-05T22:47:48.875715Z,2026-10-05T23:25:44.717128Z,2026-10-05T23:25:44.717128Z,,,
2026-10-05T23:24:55Z,football_nfl,32677,2026-10-06T00:15:00Z,player_pass_completions,draftkings,34118279,Tyler Shough,espn:4360689,20+ Passing Completions,,-596,9639132446,0QA374144077#2301931255_13L88808Q11395765699Q20,milestone,2026-10-05T22:47:48.875715Z,2026-10-05T23:25:44.717128Z,2026-10-05T23:25:44.717128Z,,,
2026-10-05T23:24:55Z,football_nfl,32677,2026-10-06T00:15:00Z,player_pass_completions,draftkings,34118279,Tyler Shough,espn:4360689,22+ Passing Completions,,-247,9639132448,0QA374144077#2301931346_13L88808Q1-1637862784Q20,milestone,2026-10-05T22:47:48.875715Z,2026-10-05T23:25:44.717128Z,2026-10-05T23:25:44.717128Z,,,
2026-10-05T23:24:55Z,football_nfl,32677,2026-10-06T00:15:00Z,player_pass_completions,draftkings,34118279,Tyler Shough,espn:4360689,24+ Passing Completions,,-118,9639132449,0QA374144077#2301931391_13L88808Q1341995091Q20,milestone,2026-10-05T22:47:48.875715Z,2026-10-05T23:25:44.717128Z,2026-10-05T23:25:44.717128Z,,,
2026-10-05T23:24:55Z,football_nfl,32677,2026-10-06T00:15:00Z,player_pass_completions,draftkings,34118279,Tyler Shough,espn:4360689,26+ Passing Completions,,169,9639132450,0QA374144077#2301931491_13L88808Q111672884Q20,milestone,2026-10-05T22:47:48.875715Z,2026-10-05T23:25:44.717128Z,2026-10-05T23:25:44.717128Z,,,
2026-10-05T23:24:55Z,football_nfl,32677,2026-10-06T00:15:00Z,player_pass_completions,draftkings,34118279,Tyler Shough,espn:4360689,28+ Passing Completions,,331,9639132451,0QA374144077#2301931563_13L88808Q11830844640Q20,milestone,2026-10-05T22:47:48.875715Z,2026-10-05T23:25:44.717128Z,2026-10-05T23:25:44.717128Z,,,
2026-10-05T23:24:55Z,football_nfl,32677,2026-10-06T00:15:00Z,player_pass_completions,draftkings,34118279,Tyler Shough,espn:4360689,30+ Passing Completions,,640,9639132452,0QA374144077#2301931638_13L88808Q1363638742Q20,milestone,2026-10-05T22:47:48.875715Z,2026-10-05T23:25:44.717128Z,2026-10-05T23:25:44.717128Z,,,
2026-10-05T23:24:55Z,football_nfl,32677,2026-10-06T00:15:00Z,player_pass_completions,draftkings,34118279,Tyler Shough,espn:4360689,32+ Passing Completions,,1180,9639132453,0QA374144077#2301937583_13L88808Q11153192543Q20,milestone,2026-10-05T22:47:48.875715Z,2026-10-05T23:25:44.717128Z,2026-10-05T23:25:44.717128Z,,,
2026-10-05T23:24:55Z,football_nfl,32677,2026-10-06T00:15:00Z,player_pass_completions,draftkings,34118279,Tyler Shough,espn:4360689,Over,23.5,-119,9639132455,0QA374144342#2302387076_13L88808Q1-1070674311Q20,main,2026-10-05T22:18:18.232511Z,2026-10-05T23:25:44.717128Z,2026-10-05T23:25:44.717128Z,,,
2026-10-05T23:24:55Z,football_nfl,32677,2026-10-06T00:15:00Z,player_pass_completions,draftkings,34118279,Tyler Shough,espn:4360689,Under,23.5,-107,9639132462,0QA374144342#2302387077_13L88808Q1-1339975206Q20,main,2026-10-05T22:18:18.232511Z,2026-10-05T23:25:44.717128Z,2026-10-05T23:25:44.717128Z,,,
2026-10-05T23:24:55Z,football_nfl,32677,2026-10-06T00:15:00Z,player_pass_tds,draftkings,34118279,Michael Penix Jr.,espn:4360423,1+ Passing Touchdowns,,-483,9639132467,0QA374144846#2301935119_13L88808Q1-192366120Q20,milestone,2026-10-05T22:47:48.875715Z,2026-10-05T23:25:44.717128Z,2026-10-05T23:25:44.717128Z,,,
2026-10-05T23:24:55Z,football_nfl,32677,2026-10-06T00:15:00Z,player_pass_tds,draftkings,34118279,Michael Penix Jr.,espn:4360423,2+ Passing Touchdowns,,116,9639132473,0QA374144846#2301935137_13L88808Q1-2015862131Q20,milestone,2026-10-05T22:47:48.875715Z,2026-10-05T23:25:44.717128Z,2026-10-05T23:25:44.717128Z,,,
2026-10-05T23:24:55Z,football_nfl,32677,2026-10-06T00:15:00Z,player_pass_tds,draftkings,34118279,Michael Penix Jr.,espn:4360423,3+ Passing Touchdowns,,466,9639132474,0QA374144846#2301935145_13L88808Q1-1741100560Q20,milestone,2026-10-05T22:47:48.875715Z,2026-10-05T23:25:44.717128Z,2026-10-05T23:25:44.717128Z,,,
2026-10-05T23:24:55Z,football_nfl,32677,2026-10-06T00:15:00Z,player_pass_tds,draftkings,34118279,Michael Penix Jr.,espn:4360423,4+ Passing Touchdowns,,1600,9639132475,0QA374144846#2301935154_13L88808Q1-1467457148Q20,milestone,2026-10-05T22:28:10.137561Z,2026-10-05T23:25:44.717128Z,2026-10-05T23:25:44.717128Z,,,
2026-10-05T23:24:55Z,football_nfl,32677,2026-10-06T00:15:00Z,player_pass_tds,draftkings,34118279,Michael Penix Jr.,espn:4360423,Over,1.5,117,9639132476,0QA374144845#2301935099_13L88808Q1-23661583Q20,main,2026-10-05T11:41:30.886702Z,2026-10-05T23:25:44.717128Z,2026-10-05T23:25:44.717128Z,,,
2026-10-05T23:24:55Z,football_nfl,32677,2026-10-06T00:15:00Z,player_pass_tds,draftkings,34118279,Michael Penix Jr.,espn:4360423,Under,1.5,-149,9639132477,0QA374144845#2301935104_13L88808Q1-1720642580Q20,main,2026-10-05T11:41:30.886702Z,2026-10-05T23:25:44.717128Z,2026-10-05T23:25:44.717128Z,,,
2026-10-05T23:24:55Z,football_nfl,32677,2026-10-06T00:15:00Z,player_pass_tds,draftkings,34118279,Tyler Shough,espn:4360689,1+ Passing Touchdowns,,-810,9639132478,0QA374143983#2301931959_13L88808Q1-192366120Q20,milestone,2026-10-05T22:28:10.137561Z,2026-10-05T23:25:44.717128Z,2026-10-05T23:25:44.717128Z,,,
2026-10-05T23:24:55Z,football_nfl,32677,2026-10-06T00:15:00Z,player_pass_tds,draftkings,34118279,Tyler Shough,espn:4360689,2+ Passing Touchdowns,,-132,9639132481,0QA374143983#2301932027_13L88808Q1-2015862131Q20,milestone,2026-10-05T22:28:10.137561Z,2026-10-05T23:25:44.717128Z,2026-10-05T23:25:44.717128Z,,,
2026-10-05T23:24:55Z,football_nfl,32677,2026-10-06T00:15:00Z,player_pass_tds,draftkings,34118279,Tyler Shough,espn:4360689,3+ Passing Touchdowns,,298,9639132482,0QA374143983#2301932068_13L88808Q1-1741100560Q20,milestone,2026-10-05T22:28:10.137561Z,2026-10-05T23:25:44.717128Z,2026-10-05T23:25:44.717128Z,,,
2026-10-05T23:24:55Z,football_nfl,32677,2026-10-06T00:15:00Z,player_pass_tds,draftkings,34118279,Tyler Shough,espn:4360689,4+ Passing Touchdowns,,1000,9639132483,0QA374143983#2301932129_13L88808Q1-1467457148Q20,milestone,2026-10-05T22:28:10.137561Z,2026-10-05T23:25:44.717128Z,2026-10-05T23:25:44.717128Z,,,
2026-10-05T23:24:55Z,football_nfl,32677,2026-10-06T00:15:00Z,player_pass_tds,draftkings,34118279,Tyler Shough,espn:4360689,5+ Passing Touchdowns,,2600,9639132484,0QA374143983#2301932200_13L88808Q1-2043264885Q20,milestone,2026-10-05T22:28:10.137561Z,2026-10-05T23:25:44.717128Z,2026-10-05T23:25:44.717128Z,,,
2026-10-05T23:24:55Z,football_nfl,32677,2026-10-06T00:15:00Z,player_pass_tds,draftkings,34118279,Tyler Shough,espn:4360689,Over,1.5,-131,9639132485,0QA374143768#2301930522_13L88808Q1-23661583Q20,main,2026-10-05T22:28:10.137561Z,2026-10-05T23:25:44.717128Z,2026-10-05T23:25:44.717128Z,,,
2026-10-05T23:24:55Z,football_nfl,32677,2026-10-06T00:15:00Z,player_pass_tds,draftkings,34118279,Tyler Shough,espn:4360689,Under,1.5,103,9639132486,0QA374143768#2301930627_13L88808Q1-1720642580Q20,main,2026-10-05T22:28:10.137561Z,2026-10-05T23:25:44.717128Z,2026-10-05T23:25:44.717128Z,,,
2026-10-05T23:24:55Z,football_nfl,32677,2026-10-06T00:15:00Z,player_pass_yds,draftkings,34118279,Michael Penix Jr.,espn:4360423,150+ Passing Yards,,-1160,9639132487,0QA374144857#2301935194_13L88808Q1-522551082Q20,milestone,2026-10-05T22:47:45.913643Z,2026-10-05T23:25:44.717128Z,2026-10-05T23:25:44.717128Z,,,
2026-10-05T23:24:55Z,football_nfl,32677,2026-10-06T00:15:00Z,player_pass_yds,draftkings,34118279,Michael Penix Jr.,espn:4360423,160+ Passing Yards,,-780,9639132488,0QA374144857#2301935198_13L88808Q1111260859Q20,milestone,2026-10-05T22:28:10.137561Z,2026-10-05T23:25:44.717128Z,2026-10-05T23:25:44.717128Z,,,
2026-10-05T23:24:55Z,football_nfl,32677,2026-10-06T00:15:00Z,player_pass_yds,draftkings,34118279,Michael Penix Jr.,espn:4360423,170+ Passing Yards,,-547,9639132489,0QA374144857#2301935201_13L88808Q1-1394528295Q20,milestone,2026-10-05T22:47:45.913643Z,2026-10-05T23:25:44.717128Z,2026-10-05T23:25:44.717128Z,,,
2026-10-05T23:24:55Z,football_nfl,32677,2026-10-06T00:15:00Z,player_pass_yds,draftkings,34118279,Michael Penix Jr.,espn:4360423,180+ Passing Yards,,-397,9639132490,0QA374144857#2301935204_13L88808Q1-2069844962Q20,milestone,2026-10-05T22:28:10.137561Z,2026-10-05T23:25:44.717128Z,2026-10-05T23:25:44.717128Z,,,
2026-10-05T23:24:55Z,football_nfl,32677,2026-10-06T00:15:00Z,player_pass_yds,draftkings,34118279,Michael Penix Jr.,espn:4360423,190+ Passing Yards,,-294,9639132491,0QA374144857#2301935207_13L88808Q1-921453900Q20,milestone,2026-10-05T22:47:45.913643Z,2026-10-05T23:25:44.717128Z,2026-10-05T23:25:44.717128Z,,,
2026-10-05T23:24:55Z,football_nfl,32677,2026-10-06T00:15:00Z,player_pass_yds,draftkings,34118279,Michael Penix Jr.,espn:4360423,200+ Passing Yards,,-221,9639132492,0QA374144857#2301935209_13L88808Q11625228795Q20,milestone,2026-10-05T22:47:45.913643Z,2026-10-05T23:25:44.717128Z,2026-10-05T23:25:44.717128Z,,,
2026-10-05T23:24:55Z,football_nfl,32677,2026-10-06T00:15:00Z,player_pass_yds,draftkings,34118279,Michael Penix Jr.,espn:4360423,210+ Passing Yards,,-169,9639132493,0QA374144857#2301935211_13L88808Q1635054301Q20,milestone,2026-10-05T22:47:45.913643Z,2026-10-05T23:25:44.717128Z,2026-10-05T23:25:44.717128Z,,,
2026-10-05T23:24:55Z,football_nfl,32677,2026-10-06T00:15:00Z,player_pass_yds,draftkings,34118279,Michael Penix Jr.,espn:4360423,220+ Passing Yards,,-130,9639132505,0QA374144857#2301935215_13L88808Q11941056665Q20,milestone,2026-10-05T22:47:45.913643Z,2026-10-05T23:25:44.717128Z,2026-10-05T23:25:44.717128Z,,,
2026-10-05T23:24:55Z,football_nfl,32677,2026-10-06T00:15:00Z,player_pass_yds,draftkings,34118279,Michael Penix Jr.,espn:4360423,226+ Passing Yards,,-112,9689115760,0QA374144857#2304712537_13L88808Q1432707076Q20,milestone,2026-10-05T22:48:42.848539Z,2026-10-05T23:25:44.717128Z,2026-10-05T23:25:44.717128Z,,,
2026-10-05T23:24:55Z,football_nfl,32677,2026-10-06T00:15:00Z,player_pass_yds,draftkings,34118279,Michael Penix Jr.,espn:4360423,230+ Passing Yards,,-101,9639132507,0QA374144857#2301935218_13L88808Q1253970529Q20,milestone,2026-10-05T22:47:45.913643Z,2026-10-05T23:25:44.717128Z,2026-10-05T23:25:44.717128Z,,,
2026-10-05T23:24:55Z,football_nfl,32677,2026-10-06T00:15:00Z,player_pass_yds,draftkings,34118279,Michael Penix Jr.,espn:4360423,240+ Passing Yards,,127,9639132508,0QA374144857#2301935221_13L88808Q1465809616Q20,milestone,2026-10-05T22:47:45.913643Z,2026-10-05T23:25:44.717128Z,2026-10-05T23:25:44.717128Z,,,
2026-10-05T23:24:55Z,football_nfl,32677,2026-10-06T00:15:00Z,player_pass_yds,draftkings,34118279,Michael Penix Jr.,espn:4360423,250+ Passing Yards,,161,9639132509,0QA374144857#2301935223_13L88808Q1-2079442314Q20,milestone,2026-10-05T22:47:45.913643Z,2026-10-05T23:25:44.717128Z,2026-10-05T23:25:44.717128Z,,,
2026-10-05T23:24:55Z,football_nfl,32677,2026-10-06T00:15:00Z,player_pass_yds,draftkings,34118279,Michael Penix Jr.,espn:4360423,260+ Passing Yards,,204,9639132513,0QA374144857#2301935226_13L88808Q11980911392Q20,milestone,2026-10-05T22:47:45.913643Z,2026-10-05T23:25:44.717128Z,2026-10-05T23:25:44.717128Z,,,
2026-10-05T23:24:55Z,football_nfl,32677,2026-10-06T00:15:00Z,player_pass_yds,draftkings,34118279,Michael Penix Jr.,espn:4360423,270+ Passing Yards,,261,9639132514,0QA374144857#2301935229_13L88808Q149411363Q20,milestone,2026-10-05T22:47:45.913643Z,2026-10-05T23:25:44.717128Z,2026-10-05T23:25:44.717128Z,,,
2026-10-05T23:24:55Z,football_nfl,32677,2026-10-06T00:15:00Z,player_pass_yds,draftkings,34118279,Michael Penix Jr.,espn:4360423,280+ Passing Yards,,329,9639132515,0QA374144857#2301935231_13L88808Q1-1866665635Q20,milestone,2026-10-05T22:47:45.913643Z,2026-10-05T23:25:44.717128Z,2026-10-05T23:25:44.717128Z,,,
2026-10-05T23:24:55Z,football_nfl,32677,2026-10-06T00:15:00Z,player_pass_yds,draftkings,34118279,Michael Penix Jr.,espn:4360423,290+ Passing Yards,,413,9639132516,0QA374144857#2301935235_13L88808Q12109628571Q20,milestone,2026-10-05T22:47:45.913643Z,2026-10-05T23:25:44.717128Z,2026-10-05T23:25:44.717128Z,,,
2026-10-05T23:24:55Z,football_nfl,32677,2026-10-06T00:15:00Z,player_pass_yds,draftkings,34118279,Michael Penix Jr.,espn:4360423,300+ Passing Yards,,520,9639132519,0QA374144857#2301935239_13L88808Q1-2038384185Q20,milestone,2026-10-05T22:28:10.137561Z,2026-10-05T23:25:44.717128Z,2026-10-05T23:25:44.717128Z,,,
2026-10-05T23:24:55Z,football_nfl,32677,2026-10-06T00:15:00Z,player_pass_yds,draftkings,34118279,Michael Penix Jr.,espn:4360423,310+ Passing Yards,,660,9639132520,0QA374144857#2301935249_13L88808Q11829919126Q20,milestone,2026-10-05T22:28:10.137561Z,2026-10-05T23:25:44.717128Z,2026-10-05T23:25:44.717128Z,,,
2026-10-05T23:24:55Z,football_nfl,32677,2026-10-06T00:15:00Z,player_pass_yds,draftkings,34118279,Michael Penix Jr.,espn:4360423,320+ Passing Yards,,840,9639132521,0QA374144857#2301935256_13L88808Q1-255816587Q20,milestone,2026-10-05T22:47:45.913643Z,2026-10-05T23:25:44.717128Z,2026-10-05T23:25:44.717128Z,,,
2026-10-05T23:24:55Z,football_nfl,32677,2026-10-06T00:15:00Z,player_pass_yds,draftkings,34118279,Michael Penix Jr.,espn:4360423,330+ Passing Yards,,1040,9639132522,0QA374144857#2301935260_13L88808Q11555396191Q20,milestone,2026-10-05T22:47:45.913643Z,2026-10-05T23:25:44.717128Z,2026-10-05T23:25:44.717128Z,,,
2026-10-05T23:24:55Z,football_nfl,32677,2026-10-06T00:15:00Z,player_pass_yds,draftkings,34118279,Michael Penix Jr.,espn:4360423,340+ Passing Yards,,1340,9639132523,0QA374144857#2301935265_13L88808Q1-907731293Q20,milestone,2026-10-05T22:47:45.913643Z,2026-10-05T23:25:44.717128Z,2026-10-05T23:25:44.717128Z,,,
2026-10-05T23:24:55Z,football_nfl,32677,2026-10-06T00:15:00Z,player_pass_yds,draftkings,34118279,Michael Penix Jr.,espn:4360423,350+ Passing Yards,,1660,9639132529,0QA374144857#2301935271_13L88808Q1583497125Q20,milestone,2026-10-05T22:47:45.913643Z,2026-10-05T23:25:44.717128Z,2026-10-05T23:25:44.717128Z,,,
2026-10-05T23:24:55Z,football_nfl,32677,2026-10-06T00:15:00Z,player_pass_yds,draftkings,34118279,Michael Penix Jr.,espn:4360423,360+ Passing Yards,,2100,9639132531,0QA374144857#2301935276_13L88808Q1670914619Q20,milestone,2026-10-05T22:28:10.137561Z,2026-10-05T23:25:44.717128Z,2026-10-05T23:25:44.717128Z,,,
2026-10-05T23:24:55Z,football_nfl,32677,2026-10-06T00:15:00Z,player_pass_yds,draftkings,34118279,Michael Penix Jr.,espn:4360423,370+ Passing Yards,,2600,9639132538,0QA374144857#2302387059_13L88808Q133593224Q20,milestone,2026-10-05T22:18:08.702672Z,2026-10-05T23:25:44.717128Z,2026-10-05T23:25:44.717128Z,,,
2026-10-05T23:24:55Z,football_nfl,32677,2026-10-06T00:15:00Z,player_pass_yds,draftkings,34118279,Michael Penix Jr.,espn:4360423,380+ Passing Yards,,3200,9687759442,0QA374144857#2304702594_13L88808Q1-893782875Q20,milestone,2026-10-05T22:18:08.702672Z,2026-10-05T23:25:44.717128Z,2026-10-05T23:25:44.717128Z,,,
2026-10-05T23:24:55Z,football_nfl,32677,2026-10-06T00:15:00Z,player_pass_yds,draftkings,34118279,Michael Penix Jr.,espn:4360423,390+ Passing Yards,,3900,9689115777,0QA374144857#2304702878_13L88808Q1-2047917122Q20,milestone,2026-10-05T22:47:45.913643Z,2026-10-05T23:25:44.717128Z,2026-10-05T23:25:44.717128Z,,,
2026-10-05T23:24:55Z,football_nfl,32677,2026-10-06T00:15:00Z,player_pass_yds,draftkings,34118279,Michael Penix Jr.,espn:4360423,Over,225.5,-111,9639132543,0QA374144836#2304712531_13L88808Q1-1152071549Q20,main,2026-10-05T22:48:42.848539Z,2026-10-05T23:25:44.717128Z,2026-10-05T23:25:44.717128Z,,,
2026-10-05T23:24:55Z,football_nfl,32677,2026-10-06T00:15:00Z,player_pass_yds,draftkings,34118279,Michael Penix Jr.,espn:4360423,Under,225.5,-113,9639132545,0QA374144836#2304712532_13L88808Q11469278833Q20,main,2026-10-05T22:48:42.848539Z,2026-10-05T23:25:44.717128Z,2026-10-05T23:25:44.717128Z,,,
2026-10-05T23:24:55Z,football_nfl,32677,2026-10-06T00:15:00Z,player_pass_yds,draftkings,34118279,Tyler Shough,espn:4360689,180+ Passing Yards,,-1080,9639132546,0QA374144451#2301933297_13L88808Q1-2069844962Q20,milestone,2026-10-05T22:47:48.875715Z,2026-10-05T23:25:44.717128Z,2026-10-05T23:25:44.717128Z,,,
2026-10-05T23:24:55Z,football_nfl,32677,2026-10-06T00:15:00Z,player_pass_yds,draftkings,34118279,Tyler Shough,espn:4360689,190+ Passing Yards,,-760,9639132547,0QA374144451#2301933300_13L88808Q1-921453900Q20,milestone,2026-10-05T22:47:48.875715Z,2026-10-05T23:25:44.717128Z,2026-10-05T23:25:44.717128Z,,,
2026-10-05T23:24:55Z,football_nfl,32677,2026-10-06T00:15:00Z,player_pass_yds,draftkings,34118279,Tyler Shough,espn:4360689,200+ Passing Yards,,-547,9639132548,0QA374144451#2301933302_13L88808Q11625228795Q20,milestone,2026-10-05T22:47:48.875715Z,2026-10-05T23:25:44.717128Z,2026-10-05T23:25:44.717128Z,,,
2026-10-05T23:24:55Z,football_nfl,32677,2026-10-06T00:15:00Z,player_pass_yds,draftkings,34118279,Tyler Shough,espn:4360689,210+ Passing Yards,,-402,9639132549,0QA374144451#2301933304_13L88808Q1635054301Q20,milestone,2026-10-05T22:47:48.875715Z,2026-10-05T23:25:44.717128Z,2026-10-05T23:25:44.717128Z,,,
2026-10-05T23:24:55Z,football_nfl,32677,2026-10-06T00:15:00Z,player_pass_yds,draftkings,34118279,Tyler Shough,espn:4360689,220+ Passing Yards,,-300,9639132551,0QA374144451#2301933306_13L88808Q11941056665Q20,milestone,2026-10-05T22:47:48.875715Z,2026-10-05T23:25:44.717128Z,2026-10-05T23:25:44.717128Z,,,
2026-10-05T23:24:55Z,football_nfl,32677,2026-10-06T00:15:00Z,player_pass_yds,draftkings,34118279,Tyler Shough,espn:4360689,230+ Passing Yards,,-231,9639132552,0QA374144451#2301933308_13L88808Q1253970529Q20,milestone,2026-10-05T22:47:48.875715Z,2026-10-05T23:25:44.717128Z,2026-10-05T23:25:44.717128Z,,,
2026-10-05T23:24:55Z,football_nfl,32677,2026-10-06T00:15:00Z,player_pass_yds,draftkings,34118279,Tyler Shough,espn:4360689,240+ Passing Yards,,-179,9639132553,0QA374144451#2301933310_13L88808Q1465809616Q20,milestone,2026-10-05T22:47:48.875715Z,2026-10-05T23:25:44.717128Z,2026-10-05T23:25:44.717128Z,,,
2026-10-05T23:24:55Z,football_nfl,32677,2026-10-06T00:15:00Z,player_pass_yds,draftkings,34118279,Tyler Shough,espn:4360689,250+ Passing Yards,,-139,9639132554,0QA374144451#2301933311_13L88808Q1-2079442314Q20,milestone,2026-10-05T22:47:48.875715Z,2026-10-05T23:25:44.717128Z,2026-10-05T23:25:44.717128Z,,,
2026-10-05T23:24:55Z,football_nfl,32677,2026-10-06T00:15:00Z,player_pass_yds,draftkings,34118279,Tyler Shough,espn:4360689,259+ Passing Yards,,-111,10258222441,0QA374144451#2301942873_13L88808Q11950661094Q20,milestone,2026-10-05T11:14:50.826650Z,2026-10-05T23:25:44.717128Z,2026-10-05T23:25:44.717128Z,,,
2026-10-05T23:24:55Z,football_nfl,32677,2026-10-06T00:15:00Z,player_pass_yds,draftkings,34118279,Tyler Shough,espn:4360689,260+ Passing Yards,,-108,9639132556,0QA374144451#2301933312_13L88808Q11980911392Q20,milestone,2026-10-05T22:47:48.875715Z,2026-10-05T23:25:44.717128Z,2026-10-05T23:25:44.717128Z,,,
2026-10-05T23:24:55Z,football_nfl,32677,2026-10-06T00:15:00Z,player_pass_yds,draftkings,34118279,Tyler Shough,espn:4360689,270+ Passing Yards,,118,9639132557,0QA374144451#2301933313_13L88808Q149411363Q20,milestone,2026-10-05T22:47:48.875715Z,2026-10-05T23:25:44.717128Z,2026-10-05T23:25:44.717128Z,,,
2026-10-05T23:24:55Z,football_nfl,32677,2026-10-06T00:15:00Z,player_pass_yds,draftkings,34118279,Tyler Shough,espn:4360689,280+ Passing Yards,,149,9639132558,0QA374144451#2301933314_13L88808Q1-1866665635Q20,milestone,2026-10-05T22:47:48.875715Z,2026-10-05T23:25:44.717128Z,2026-10-05T23:25:44.717128Z,,,
2026-10-05T23:24:55Z,football_nfl,32677,2026-10-06T00:15:00Z,player_pass_yds,draftkings,34118279,Tyler Shough,espn:4360689,290+ Passing Yards,,189,9639132559,0QA374144451#2301933315_13L88808Q12109628571Q20,milestone,2026-10-05T22:47:48.875715Z,2026-10-05T23:25:44.717128Z,2026-10-05T23:25:44.717128Z,,,
2026-10-05T23:24:55Z,football_nfl,32677,2026-10-06T00:15:00Z,player_pass_yds,draftkings,34118279,Tyler Shough,espn:4360689,300+ Passing Yards,,239,9639132560,0QA374144451#2301933316_13L88808Q1-2038384185Q20,milestone,2026-10-05T22:47:48.875715Z,2026-10-05T23:25:44.717128Z,2026-10-05T23:25:44.717128Z,,,
2026-10-05T23:24:55Z,football_nfl,32677,2026-10-06T00:15:00Z,player_pass_yds,draftkings,34118279,Tyler Shough,espn:4360689,310+ Passing Yards,,297,9639132561,0QA374144451#2301933317_13L88808Q11829919126Q20,milestone,2026-10-05T22:47:48.875715Z,2026-10-05T23:25:44.717128Z,2026-10-05T23:25:44.717128Z,,,
2026-10-05T23:24:55Z,football_nfl,32677,2026-10-06T00:15:00Z,player_pass_yds,draftkings,34118279,Tyler Shough,espn:4360689,320+ Passing Yards,,375,9639132562,0QA374144451#2301933318_13L88808Q1-255816587Q20,milestone,2026-10-05T22:47:48.875715Z,2026-10-05T23:25:44.717128Z,2026-10-05T23:25:44.717128Z,,,
2026-10-05T23:24:55Z,football_nfl,32677,2026-10-06T00:15:00Z,player_pass_yds,draftkings,34118279,Tyler Shough,espn:4360689,330+ Passing Yards,,479,9639132563,0QA374144451#2301933319_13L88808Q11555396191Q20,milestone,2026-10-05T22:47:48.875715Z,2026-10-05T23:25:44.717128Z,2026-10-05T23:25:44.717128Z,,,
2026-10-05T23:24:55Z,football_nfl,32677,2026-10-06T00:15:00Z,player_pass_yds,draftkings,34118279,Tyler Shough,espn:4360689,340+ Passing Yards,,600,9639132564,0QA374144451#2301933320_13L88808Q1-907731293Q20,milestone,2026-10-05T22:47:48.875715Z,2026-10-05T23:25:44.717128Z,2026-10-05T23:25:44.717128Z,,,
2026-10-05T23:24:55Z,football_nfl,32677,2026-10-06T00:15:00Z,player_pass_yds,draftkings,34118279,Tyler Shough,espn:4360689,350+ Passing Yards,,760,9639132565,0QA374144451#2301933321_13L88808Q1583497125Q20,milestone,2026-10-05T22:47:48.875715Z,2026-10-05T23:25:44.717128Z,2026-10-05T23:25:44.717128Z,,,
2026-10-05T23:24:55Z,football_nfl,32677,2026-10-06T00:15:00Z,player_pass_yds,draftkings,34118279,Tyler Shough,espn:4360689,360+ Passing Yards,,970,9639132566,0QA374144451#2301933322_13L88808Q1670914619Q20,milestone,2026-10-05T22:47:48.875715Z,2026-10-05T23:25:44.717128Z,2026-10-05T23:25:44.717128Z,,,
2026-10-05T23:24:55Z,football_nfl,32677,2026-10-06T00:15:00Z,player_pass_yds,draftkings,34118279,Tyler Shough,espn:4360689,370+ Passing Yards,,1220,9639132568,0QA374144451#2301933323_13L88808Q133593224Q20,milestone,2026-10-05T22:47:48.875715Z,2026-10-05T23:25:44.717128Z,2026-10-05T23:25:44.717128Z,,,
2026-10-05T23:24:55Z,football_nfl,32677,2026-10-06T00:15:00Z,player_pass_yds,draftkings,34118279,Tyler Shough,espn:4360689,380+ Passing Yards,,1300,9639132569,0QA374144451#2301933324_13L88808Q1-893782875Q20,milestone,2026-10-05T22:10:54.864135Z,2026-10-05T23:25:44.717128Z,2026-10-05T23:25:44.717128Z,,,
2026-10-05T23:24:55Z,football_nfl,32677,2026-10-06T00:15:00Z,player_pass_yds,draftkings,34118279,Tyler Shough,espn:4360689,390+ Passing Yards,,1580,9639132572,0QA374144451#2301933325_13L88808Q1-2047917122Q20,milestone,2026-10-05T22:47:48.875715Z,2026-10-05T23:25:44.717128Z,2026-10-05T23:25:44.717128Z,,,
2026-10-05T23:24:55Z,football_nfl,32677,2026-10-06T00:15:00Z,player_pass_yds,draftkings,34118279,Tyler Shough,espn:4360689,400+ Passing Yards,,1860,9639132573,0QA374144451#2301933326_13L88808Q1-1985556318Q20,milestone,2026-10-05T22:47:48.875715Z,2026-10-05T23:25:44.717128Z,2026-10-05T23:25:44.717128Z,,,
2026-10-05T23:24:55Z,football_nfl,32677,2026-10-06T00:15:00Z,player_pass_yds,draftkings,34118279,Tyler Shough,espn:4360689,410+ Passing Yards,,2200,9639132574,0QA374144451#2301937645_13L88808Q1-1166565344Q20,milestone,2026-10-05T22:47:48.875715Z,2026-10-05T23:25:44.717128Z,2026-10-05T23:25:44.717128Z,,,
2026-10-05T23:24:55Z,football_nfl,32677,2026-10-06T00:15:00Z,player_pass_yds,draftkings,34118279,Tyler Shough,espn:4360689,420+ Passing Yards,,2400,9687759472,0QA374144451#2302095926_13L88808Q1-2035912169Q20,milestone,2026-10-05T22:47:48.875715Z,2026-10-05T23:25:44.717128Z,2026-10-05T23:25:44.717128Z,,,
2026-10-05T23:24:55Z,football_nfl,32677,2026-10-06T00:15:00Z,player_pass_yds,draftkings,34118279,Tyler Shough,espn:4360689,Over,258.5,-111,9639132575,0QA374143821#2301942863_13L88808Q11853556843Q20,main,2026-10-05T22:48:42.848539Z,2026-10-05T23:25:44.717128Z,2026-10-05T23:25:44.717128Z,,,
2026-10-05T23:24:55Z,football_nfl,32677,2026-10-06T00:15:00Z,player_pass_yds,draftkings,34118279,Tyler Shough,espn:4360689,Under,258.5,-113,9639132576,0QA374143821#2301942864_13L88808Q1-1231325273Q20,main,2026-10-05T22:48:42.848539Z,2026-10-05T23:25:44.717128Z,2026-10-05T23:25:44.717128Z,,,
2026-10-05T23:24:55Z,football_nfl,32677,2026-10-06T00:15:00Z,player_rush_yds,draftkings,34118279,Alvin Kamara,espn:3054850,10+ Rushing Yards,,-2900,10006796430,0QA374144248#2301932706_13L88808Q1713919674Q20,milestone,2026-10-05T22:55:43.447515Z,2026-10-05T23:25:44.717128Z,2026-10-05T23:25:44.717128Z,,,
2026-10-05T23:24:55Z,football_nfl,32677,2026-10-06T00:15:00Z,player_rush_yds,draftkings,34118279,Alvin Kamara,espn:3054850,100+ Rushing Yards,,2600,9640196530,0QA374144248#2302485686_13L88808Q1-1268627652Q20,milestone,2026-10-05T22:57:07.755959Z,2026-10-05T23:25:44.717128Z,2026-10-05T23:25:44.717128Z,,,
2026-10-05T23:24:55Z,football_nfl,32677,2026-10-06T00:15:00Z,player_rush_yds,draftkings,34118279,Alvin Kamara,espn:3054850,110+ Rushing Yards,,3800,9640196531,0QA374144248#2302485687_13L88808Q1-640917729Q20,milestone,2026-10-05T22:58:02.172487Z,2026-10-05T23:25:44.717128Z,2026-10-05T23:25:44.717128Z,,,
2026-10-05T23:24:55Z,football_nfl,32677,2026-10-06T00:15:00Z,player_rush_yds,draftkings,34118279,Alvin Kamara,espn:3054850,15+ Rushing Yards,,-1040,9640196533,0QA374144248#2301932749_13L88808Q11708874668Q20,milestone,2026-10-05T22:57:07.755959Z,2026-10-05T23:25:44.717128Z,2026-10-05T23:25:44.717128Z,,,
2026-10-05T23:24:55Z,football_nfl,32677,2026-10-06T00:15:00Z,player_rush_yds,draftkings,34118279,Alvin Kamara,espn:3054850,20+ Rushing Yards,,-508,9640196534,0QA374144248#2301932798_13L88808Q1-784319172Q20,milestone,2026-10-05T22:57:07.755959Z,2026-10-05T23:25:44.717128Z,2026-10-05T23:25:44.717128Z,,,
2026-10-05T23:24:55Z,football_nfl,32677,2026-10-06T00:15:00Z,player_rush_yds,draftkings,34118279,Alvin Kamara,espn:3054850,25+ Rushing Yards,,-288,9640196535,0QA374144248#2301932861_13L88808Q11842635267Q20,milestone,2026-10-05T22:57:07.755959Z,2026-10-05T23:25:44.717128Z,2026-10-05T23:25:44.717128Z,,,
2026-10-05T23:24:55Z,football_nfl,32677,2026-10-06T00:15:00Z,player_rush_yds,draftkings,34118279,Alvin Kamara,espn:3054850,30+ Rushing Yards,,-177,9640196536,0QA374144248#2301932888_13L88808Q1451706787Q20,milestone,2026-10-05T22:57:07.755959Z,2026-10-05T23:25:44.717128Z,2026-10-05T23:25:44.717128Z,,,
2026-10-05T23:24:55Z,football_nfl,32677,2026-10-06T00:15:00Z,player_rush_yds,draftkings,34118279,Alvin Kamara,espn:3054850,36+ Rushing Yards,,-109,10984692219,0QA374144248#2304152479_13L88808Q1422296633Q20,milestone,2026-10-05T22:58:02.172487Z,2026-10-05T23:25:44.717128Z,2026-10-05T23:25:44.717128Z,,,
2026-10-05T23:24:55Z,football_nfl,32677,2026-10-06T00:15:00Z,player_rush_yds,draftkings,34118279,Alvin Kamara,espn:3054850,40+ Rushing Yards,,123,9640196537,0QA374144248#2301932907_13L88808Q1-424241391Q20,milestone,2026-10-05T22:57:07.755959Z,2026-10-05T23:25:44.717128Z,2026-10-05T23:25:44.717128Z,,,
2026-10-05T23:24:55Z,football_nfl,32677,2026-10-06T00:15:00Z,player_rush_yds,draftkings,34118279,Alvin Kamara,espn:3054850,50+ Rushing Yards,,234,9640196539,0QA374144248#2301932980_13L88808Q1166871894Q20,milestone,2026-10-05T22:57:07.755959Z,2026-10-05T23:25:44.717128Z,2026-10-05T23:25:44.717128Z,,,
2026-10-05T23:24:55Z,football_nfl,32677,2026-10-06T00:15:00Z,player_rush_yds,draftkings,34118279,Alvin Kamara,espn:3054850,60+ Rushing Yards,,422,9640196540,0QA374144248#2301933003_13L88808Q1657416373Q20,milestone,2026-10-05T22:57:07.755959Z,2026-10-05T23:25:44.717128Z,2026-10-05T23:25:44.717128Z,,,
2026-10-05T23:24:55Z,football_nfl,32677,2026-10-06T00:15:00Z,player_rush_yds,draftkings,34118279,Alvin Kamara,espn:3054850,70+ Rushing Yards,,690,9640196541,0QA374144248#2301933024_13L88808Q1-367574207Q20,milestone,2026-10-05T22:57:07.755959Z,2026-10-05T23:25:44.717128Z,2026-10-05T23:25:44.717128Z,,,
2026-10-05T23:24:55Z,football_nfl,32677,2026-10-06T00:15:00Z,player_rush_yds,draftkings,34118279,Alvin Kamara,espn:3054850,80+ Rushing Yards,,1120,9640196542,0QA374144248#2301933050_13L88808Q1704614569Q20,milestone,2026-10-05T22:57:07.755959Z,2026-10-05T23:25:44.717128Z,2026-10-05T23:25:44.717128Z,,,
2026-10-05T23:24:55Z,football_nfl,32677,2026-10-06T00:15:00Z,player_rush_yds,draftkings,34118279,Alvin Kamara,espn:3054850,90+ Rushing Yards,,1720,9640196543,0QA374144248#2302485685_13L88808Q11636333470Q20,milestone,2026-10-05T22:57:07.755959Z,2026-10-05T23:25:44.717128Z,2026-10-05T23:25:44.717128Z,,,
2026-10-05T23:24:55Z,football_nfl,32677,2026-10-06T00:15:00Z,player_rush_yds,draftkings,34118279,Alvin Kamara,espn:3054850,Over,35.5,-109,9640196544,0QA374144105#2304152477_13L88808Q1-1723433615Q20,main,2026-10-05T22:58:02.172487Z,2026-10-05T23:25:44.717128Z,2026-10-05T23:25:44.717128Z,,,
2026-10-05T23:24:55Z,football_nfl,32677,2026-10-06T00:15:00Z,player_rush_yds,draftkings,34118279,Alvin Kamara,espn:3054850,Under,35.5,-115,9640196545,0QA374144105#2304152478_13L88808Q1-1676783752Q20,main,2026-10-05T22:58:02.172487Z,2026-10-05T23:25:44.717128Z,2026-10-05T23:25:44.717128Z,,,
2026-10-05T23:24:55Z,football_nfl,32677,2026-10-06T00:15:00Z,player_rush_yds,draftkings,34118279,Kendre Miller,espn:4599739,10+ Rushing Yards,,-499,9640196546,0QA374144434#2301932720_13L88808Q1713919674Q20,milestone,2026-10-05T22:56:39.061535Z,2026-10-05T23:25:44.717128Z,2026-10-05T23:25:44.717128Z,,,
2026-10-05T23:24:55Z,football_nfl,32677,2026-10-06T00:15:00Z,player_rush_yds,draftkings,34118279,Kendre Miller,espn:4599739,100+ Rushing Yards,,2500,9977198152,0QA374144434#2304150615_13L88808Q1-1268627652Q20,milestone,2026-10-05T22:56:39.061535Z,2026-10-05T23:25:44.717128Z,2026-10-05T23:25:44.717128Z,,,
2026-10-05T23:24:55Z,football_nfl,32677,2026-10-06T00:15:00Z,player_rush_yds,draftkings,34118279,Kendre Miller,espn:4599739,110+ Rushing Yards,,3500,10885824362,0QA374144434#2310108309_13L88808Q1-640917729Q20,milestone,2026-10-05T22:56:39.061535Z,2026-10-05T23:25:44.717128Z,2026-10-05T23:25:44.717128Z,,,
2026-10-05T23:24:55Z,football_nfl,32677,2026-10-06T00:15:00Z,player_rush_yds,draftkings,34118279,Kendre Miller,espn:4599739,15+ Rushing Yards,,-290,9640196547,0QA374144434#2301932734_13L88808Q11708874668Q20,milestone,2026-10-05T22:56:39.061535Z,2026-10-05T23:25:44.717128Z,2026-10-05T23:25:44.717128Z,,,
2026-10-05T23:24:55Z,football_nfl,32677,2026-10-06T00:15:00Z,player_rush_yds,draftkings,34118279,Kendre Miller,espn:4599739,20+ Rushing Yards,,-192,9640196548,0QA374144434#2301932756_13L88808Q1-784319172Q20,milestone,2026-10-05T22:47:48.875715Z,2026-10-05T23:25:44.717128Z,2026-10-05T23:25:44.717128Z,,,
2026-10-05T23:24:55Z,football_nfl,32677,2026-10-06T00:15:00Z,player_rush_yds,draftkings,34118279,Kendre Miller,espn:4599739,25+ Rushing Yards,,-132,9640196550,0QA374144434#2301932776_13L88808Q11842635267Q20,milestone,2026-10-05T22:56:39.061535Z,2026-10-05T23:25:44.717128Z,2026-10-05T23:25:44.717128Z,,,
2026-10-05T23:24:55Z,football_nfl,32677,2026-10-06T00:15:00Z,player_rush_yds,draftkings,34118279,Kendre Miller,espn:4599739,27+ Rushing Yards,,-114,9992813828,0QA374144434#2304150611_13L88808Q1-1487033805Q20,milestone,2026-10-05T22:56:39.061535Z,2026-10-05T23:25:44.717128Z,2026-10-05T23:25:44.717128Z,,,
2026-10-05T23:24:55Z,football_nfl,32677,2026-10-06T00:15:00Z,player_rush_yds,draftkings,34118279,Kendre Miller,espn:4599739,30+ Rushing Yards,,108,9640196551,0QA374144434#2301932815_13L88808Q1451706787Q20,milestone,2026-10-05T22:56:39.061535Z,2026-10-05T23:25:44.717128Z,2026-10-05T23:25:44.717128Z,,,
2026-10-05T23:24:55Z,football_nfl,32677,2026-10-06T00:15:00Z,player_rush_yds,draftkings,34118279,Kendre Miller,espn:4599739,40+ Rushing Yards,,195,9640196552,0QA374144434#2301932855_13L88808Q1-424241391Q20,milestone,2026-10-05T22:56:39.061535Z,2026-10-05T23:25:44.717128Z,2026-10-05T23:25:44.717128Z,,,
2026-10-05T23:24:55Z,football_nfl,32677,2026-10-06T00:15:00Z,player_rush_yds,draftkings,34118279,Kendre Miller,espn:4599739,50+ Rushing Yards,,331,9640196553,0QA374144434#2301932885_13L88808Q1166871894Q20,milestone,2026-10-05T22:56:39.061535Z,2026-10-05T23:25:44.717128Z,2026-10-05T23:25:44.717128Z,,,
2026-10-05T23:24:55Z,football_nfl,32677,2026-10-06T00:15:00Z,player_rush_yds,draftkings,34118279,Kendre Miller,espn:4599739,60+ Rushing Yards,,541,9640196554,0QA374144434#2302913150_13L88808Q1657416373Q20,milestone,2026-10-05T22:56:39.061535Z,2026-10-05T23:25:44.717128Z,2026-10-05T23:25:44.717128Z,,,
2026-10-05T23:24:55Z,football_nfl,32677,2026-10-06T00:15:00Z,player_rush_yds,draftkings,34118279,Kendre Miller,espn:4599739,70+ Rushing Yards,,850,9640196555,0QA374144434#2304150612_13L88808Q1-367574207Q20,milestone,2026-10-05T22:56:39.061535Z,2026-10-05T23:25:44.717128Z,2026-10-05T23:25:44.717128Z,,,
2026-10-05T23:24:55Z,football_nfl,32677,2026-10-06T00:15:00Z,player_rush_yds,draftkings,34118279,Kendre Miller,espn:4599739,80+ Rushing Yards,,1260,9640196556,0QA374144434#2304150613_13L88808Q1704614569Q20,milestone,2026-10-05T22:56:39.061535Z,2026-10-05T23:25:44.717128Z,2026-10-05T23:25:44.717128Z,,,
2026-10-05T23:24:55Z,football_nfl,32677,2026-10-06T00:15:00Z,player_rush_yds,draftkings,34118279,Kendre Miller,espn:4599739,90+ Rushing Yards,,1840,9689115836,0QA374144434#2304150614_13L88808Q11636333470Q20,milestone,2026-10-05T22:56:39.061535Z,2026-10-05T23:25:44.717128Z,2026-10-05T23:25:44.717128Z,,,
2026-10-05T23:24:55Z,football_nfl,32677,2026-10-06T00:15:00Z,player_rush_yds,draftkings,34118279,Kendre Miller,espn:4599739,Over,26.5,-116,9640196557,0QA374143798#2304150550_13L88808Q1-896342053Q20,main,2026-10-05T22:48:42.848539Z,2026-10-05T23:25:44.717128Z,2026-10-05T23:25:44.717128Z,,,
2026-10-05T23:24:55Z,football_nfl,32677,2026-10-06T00:15:00Z,player_rush_yds,draftkings,34118279,Kendre Miller,espn:4599739,Under,26.5,-108,9640196558,0QA374143798#2304150551_13L88808Q1-879902258Q20,main,2026-10-05T22:48:42.848539Z,2026-10-05T23:25:44.717128Z,2026-10-05T23:25:44.717128Z,,,
2026-10-05T23:24:55Z,football_nfl,32677,2026-10-06T00:15:00Z,player_rush_yds,draftkings,34118279,Bijan Robinson,espn:4430807,100+ Rushing Yards,,134,9641267921,0QA374144058#2301932386_13L88808Q1-1268627652Q20,milestone,2026-10-05T23:13:29.807914Z,2026-10-05T23:25:44.717128Z,2026-10-05T23:25:44.717128Z,,,
2026-10-05T23:24:55Z,football_nfl,32677,2026-10-06T00:15:00Z,player_rush_yds,draftkings,34118279,Bijan Robinson,espn:4430807,110+ Rushing Yards,,191,9641267924,0QA374144058#2301932419_13L88808Q1-640917729Q20,milestone,2026-10-05T23:13:29.807914Z,2026-10-05T23:25:44.717128Z,2026-10-05T23:25:44.717128Z,,,
2026-10-05T23:24:55Z,football_nfl,32677,2026-10-06T00:15:00Z,player_rush_yds,draftkings,34118279,Bijan Robinson,espn:4430807,120+ Rushing Yards,,271,9641267925,0QA374144058#2301932486_13L88808Q1-625095313Q20,milestone,2026-10-05T23:13:29.807914Z,2026-10-05T23:25:44.717128Z,2026-10-05T23:25:44.717128Z,,,
2026-10-05T23:24:55Z,football_nfl,32677,2026-10-06T00:15:00Z,player_rush_yds,draftkings,34118279,Bijan Robinson,espn:4430807,130+ Rushing Yards,,379,9641267926,0QA374144058#2301932532_13L88808Q1-1426305180Q20,milestone,2026-10-05T23:13:29.807914Z,2026-10-05T23:25:44.717128Z,2026-10-05T23:25:44.717128Z,,,
2026-10-05T23:24:55Z,football_nfl,32677,2026-10-06T00:15:00Z,player_rush_yds,draftkings,34118279,Bijan Robinson,espn:4430807,140+ Rushing Yards,,525,9641267927,0QA374144058#2301932588_13L88808Q1-725971820Q20,milestone,2026-10-05T23:13:29.807914Z,2026-10-05T23:25:44.717128Z,2026-10-05T23:25:44.717128Z,,,
2026-10-05T23:24:55Z,football_nfl,32677,2026-10-06T00:15:00Z,player_rush_yds,draftkings,34118279,Bijan Robinson,espn:4430807,150+ Rushing Yards,,740,9641267928,0QA374144058#2301932629_13L88808Q1-1471016192Q20,milestone,2026-10-05T23:13:29.807914Z,2026-10-05T23:25:44.717128Z,2026-10-05T23:25:44.717128Z,,,
2026-10-05T23:24:55Z,football_nfl,32677,2026-10-06T00:15:00Z,player_rush_yds,draftkings,34118279,Bijan Robinson,espn:4430807,160+ Rushing Yards,,1060,9641267929,0QA374144058#2301932663_13L88808Q12012045267Q20,milestone,2026-10-05T23:13:29.807914Z,2026-10-05T23:25:44.717128Z,2026-10-05T23:25:44.717128Z,,,
2026-10-05T23:24:55Z,football_nfl,32677,2026-10-06T00:15:00Z,player_rush_yds,draftkings,34118279,Bijan Robinson,espn:4430807,170+ Rushing Yards,,1440,9641267930,0QA374144058#2301932708_13L88808Q1939360680Q20,milestone,2026-10-05T23:13:29.807914Z,2026-10-05T23:25:44.717128Z,2026-10-05T23:25:44.717128Z,,,
2026-10-05T23:24:55Z,football_nfl,32677,2026-10-06T00:15:00Z,player_rush_yds,draftkings,34118279,Bijan Robinson,espn:4430807,180+ Rushing Yards,,1940,9641267931,0QA374144058#2302029210_13L88808Q1-1805575901Q20,milestone,2026-10-05T23:13:29.807914Z,2026-10-05T23:25:44.717128Z,2026-10-05T23:25:44.717128Z,,,
2026-10-05T23:24:55Z,football_nfl,32677,2026-10-06T00:15:00Z,player_rush_yds,draftkings,34118279,Bijan Robinson,espn:4430807,190+ Rushing Yards,,2500,9641267932,0QA374144058#2304185640_13L88808Q11024915817Q20,milestone,2026-10-05T23:13:29.807914Z,2026-10-05T23:25:44.717128Z,2026-10-05T23:25:44.717128Z,,,
2026-10-05T23:24:55Z,football_nfl,32677,2026-10-06T00:15:00Z,player_rush_yds,draftkings,34118279,Bijan Robinson,espn:4430807,200+ Rushing Yards,,3300,9641267933,0QA374144058#2304185641_13L88808Q1877191547Q20,milestone,2026-10-05T23:13:29.807914Z,2026-10-05T23:25:44.717128Z,2026-10-05T23:25:44.717128Z,,,
2026-10-05T23:24:55Z,football_nfl,32677,2026-10-06T00:15:00Z,player_rush_yds,draftkings,34118279,Bijan Robinson,espn:4430807,40+ Rushing Yards,,-1840,9641267934,0QA374144058#2301931980_13L88808Q1-424241391Q20,milestone,2026-10-05T23:13:29.807914Z,2026-10-05T23:25:44.717128Z,2026-10-05T23:25:44.717128Z,,,
2026-10-05T23:24:55Z,football_nfl,32677,2026-10-06T00:15:00Z,player_rush_yds,draftkings,34118279,Bijan Robinson,espn:4430807,50+ Rushing Yards,,-820,9641267935,0QA374144058#2301932043_13L88808Q1166871894Q20,milestone,2026-10-05T23:13:29.807914Z,2026-10-05T23:25:44.717128Z,2026-10-05T23:25:44.717128Z,,,
2026-10-05T23:24:55Z,football_nfl,32677,2026-10-06T00:15:00Z,player_rush_yds,draftkings,34118279,Bijan Robinson,espn:4430807,60+ Rushing Yards,,-428,9641267936,0QA374144058#2301932103_13L88808Q1657416373Q20,milestone,2026-10-05T23:13:29.807914Z,2026-10-05T23:25:44.717128Z,2026-10-05T23:25:44.717128Z,,,
2026-10-05T23:24:55Z,football_nfl,32677,2026-10-06T00:15:00Z,player_rush_yds,draftkings,34118279,Bijan Robinson,espn:4430807,70+ Rushing Yards,,-253,9641267937,0QA374144058#2301932174_13L88808Q1-367574207Q20,milestone,2026-10-05T23:13:29.807914Z,2026-10-05T23:25:44.717128Z,2026-10-05T23:25:44.717128Z,,,
2026-10-05T23:24:55Z,football_nfl,32677,2026-10-06T00:15:00Z,player_rush_yds,draftkings,34118279,Bijan Robinson,espn:4430807,80+ Rushing Yards,,-159,9641267938,0QA374144058#2301932326_13L88808Q1704614569Q20,milestone,2026-10-05T23:13:29.807914Z,2026-10-05T23:25:44.717128Z,2026-10-05T23:25:44.717128Z,,,
2026-10-05T23:24:55Z,football_nfl,32677,2026-10-06T00:15:00Z,player_rush_yds,draftkings,34118279,Bijan Robinson,espn:4430807,89+ Rushing Yards,,-112,10255459740,0QA374144058#2304251244_13L88808Q1148700164Q20,milestone,2026-10-05T22:47:48.875715Z,2026-10-05T23:25:44.717128Z,2026-10-05T23:25:44.717128Z,,,
2026-10-05T23:24:55Z,football_nfl,32677,2026-10-06T00:15:00Z,player_rush_yds,draftkings,34118279,Bijan Robinson,espn:4430807,90+ Rushing Yards,,-108,9641267940,0QA374144058#2301932351_13L88808Q11636333470Q20,milestone,2026-10-05T23:13:29.807914Z,2026-10-05T23:25:44.717128Z,2026-10-05T23:25:44.717128Z,,,
2026-10-05T23:24:55Z,football_nfl,32677,2026-10-06T00:15:00Z,player_rush_yds,draftkings,34118279,Bijan Robinson,espn:4430807,Over,88.5,-112,9641267941,0QA374144040#2304251242_13L88808Q1-553053437Q20,main,2026-10-05T23:13:29.807914Z,2026-10-05T23:25:44.717128Z,2026-10-05T23:25:44.717128Z,,,
2026-10-05T23:24:55Z,football_nfl,32677,2026-10-06T00:15:00Z,player_rush_yds,draftkings,34118279,Bijan Robinson,espn:4430807,Under,88.5,-112,9641267942,0QA374144040#2304251243_13L88808Q1-1694590167Q20,main,2026-10-05T23:13:29.807914Z,2026-10-05T23:25:44.717128Z,2026-10-05T23:25:44.717128Z,,,
2026-10-05T23:24:55Z,football_nfl,32677,2026-10-06T00:15:00Z,player_rush_yds,draftkings,34118279,Brian Robinson Jr.,espn:4241474,10+ Rushing Yards,,-1260,9641267944,0QA374143749#2301930396_13L88808Q1713919674Q20,milestone,2026-10-05T22:43:32.787956Z,2026-10-05T23:25:44.717128Z,2026-10-05T23:25:44.717128Z,,,
2026-10-05T23:24:55Z,football_nfl,32677,2026-10-06T00:15:00Z,player_rush_yds,draftkings,34118279,Brian Robinson Jr.,espn:4241474,100+ Rushing Yards,,2800,9641267943,0QA374143749#2304239944_13L88808Q1-1268627652Q20,milestone,2026-10-05T22:43:32.787956Z,2026-10-05T23:25:44.717128Z,2026-10-05T23:25:44.717128Z,,,
2026-10-05T23:24:55Z,football_nfl,32677,2026-10-06T00:15:00Z,player_rush_yds,draftkings,34118279,Brian Robinson Jr.,espn:4241474,110+ Rushing Yards,,3900,9641267945,0QA374143749#2304246413_13L88808Q1-640917729Q20,milestone,2026-10-05T22:28:10.137561Z,2026-10-05T23:25:44.717128Z,2026-10-05T23:25:44.717128Z,,,
2026-10-05T23:24:55Z,football_nfl,32677,2026-10-06T00:15:00Z,player_rush_yds,draftkings,34118279,Brian Robinson Jr.,espn:4241474,15+ Rushing Yards,,-528,9641267946,0QA374143749#2301930446_13L88808Q11708874668Q20,milestone,2026-10-05T22:43:32.787956Z,2026-10-05T23:25:44.717128Z,2026-10-05T23:25:44.717128Z,,,
2026-10-05T23:24:55Z,football_nfl,32677,2026-10-06T00:15:00Z,player_rush_yds,draftkings,34118279,Brian Robinson Jr.,espn:4241474,20+ Rushing Yards,,-289,9641267947,0QA374143749#2301930557_13L88808Q1-784319172Q20,milestone,2026-10-05T22:43:32.787956Z,2026-10-05T23:25:44.717128Z,2026-10-05T23:25:44.717128Z,,,
2026-10-05T23:24:55Z,football_nfl,32677,2026-10-06T00:15:00Z,player_rush_yds,draftkings,34118279,Brian Robinson Jr.,espn:4241474,25+ Rushing Yards,,-178,9641267948,0QA374143749#2301930754_13L88808Q11842635267Q20,milestone,2026-10-05T22:43:32.787956Z,2026-10-05T23:25:44.717128Z,2026-10-05T23:25:44.717128Z,,,
2026-10-05T23:24:55Z,football_nfl,32677,2026-10-06T00:15:00Z,player_rush_yds,draftkings,34118279,Brian Robinson Jr.,espn:4241474,30+ Rushing Yards,,-117,9641267949,0QA374143749#2301930867_13L88808Q1451706787Q20,milestone,2026-10-05T22:43:32.787956Z,2026-10-05T23:25:44.717128Z,2026-10-05T23:25:44.717128Z,,,
2026-10-05T23:24:55Z,football_nfl,32677,2026-10-06T00:15:00Z,player_rush_yds,draftkings,34118279,Brian Robinson Jr.,espn:4241474,31+ Rushing Yards,,-108,9821996203,0QA374143749#2304968001_13L88808Q1-873722996Q20,milestone,2026-10-05T22:44:33.859638Z,2026-10-05T23:25:44.717128Z,2026-10-05T23:25:44.717128Z,,,
2026-10-05T23:24:55Z,football_nfl,32677,2026-10-06T00:15:00Z,player_rush_yds,draftkings,34118279,Brian Robinson Jr.,espn:4241474,40+ Rushing Yards,,169,9641267951,0QA374143749#2301930928_13L88808Q1-424241391Q20,milestone,2026-10-05T22:43:32.787956Z,2026-10-05T23:25:44.717128Z,2026-10-05T23:25:44.717128Z,,,
2026-10-05T23:24:55Z,football_nfl,32677,2026-10-06T00:15:00Z,player_rush_yds,draftkings,34118279,Brian Robinson Jr.,espn:4241474,50+ Rushing Yards,,307,9641267952,0QA374143749#2301931022_13L88808Q1166871894Q20,milestone,2026-10-05T22:43:32.787956Z,2026-10-05T23:25:44.717128Z,2026-10-05T23:25:44.717128Z,,,
2026-10-05T23:24:55Z,football_nfl,32677,2026-10-06T00:15:00Z,player_rush_yds,draftkings,34118279,Brian Robinson Jr.,espn:4241474,60+ Rushing Yards,,509,9641267953,0QA374143749#2301931083_13L88808Q1657416373Q20,milestone,2026-10-05T22:43:32.787956Z,2026-10-05T23:25:44.717128Z,2026-10-05T23:25:44.717128Z,,,
2026-10-05T23:24:55Z,football_nfl,32677,2026-10-06T00:15:00Z,player_rush_yds,draftkings,34118279,Brian Robinson Jr.,espn:4241474,70+ Rushing Yards,,820,9641267954,0QA374143749#2301931168_13L88808Q1-367574207Q20,milestone,2026-10-05T22:43:32.787956Z,2026-10-05T23:25:44.717128Z,2026-10-05T23:25:44.717128Z,,,
2026-10-05T23:24:55Z,football_nfl,32677,2026-10-06T00:15:00Z,player_rush_yds,draftkings,34118279,Brian Robinson Jr.,espn:4241474,80+ Rushing Yards,,1280,9641267955,0QA374143749#2301931237_13L88808Q1704614569Q20,milestone,2026-10-05T22:43:32.787956Z,2026-10-05T23:25:44.717128Z,2026-10-05T23:25:44.717128Z,,,
2026-10-05T23:24:55Z,football_nfl,32677,2026-10-06T00:15:00Z,player_rush_yds,draftkings,34118279,Brian Robinson Jr.,espn:4241474,90+ Rushing Yards,,1960,9641267956,0QA374143749#2301931330_13L88808Q11636333470Q20,milestone,2026-10-05T22:43:32.787956Z,2026-10-05T23:25:44.717128Z,2026-10-05T23:25:44.717128Z,,,
2026-10-05T23:24:55Z,football_nfl,32677,2026-10-06T00:15:00Z,player_rush_yds,draftkings,34118279,Brian Robinson Jr.,espn:4241474,Over,30.5,-108,9641267957,0QA374143812#2304967999_13L88808Q11764487607Q20,main,2026-10-05T22:44:33.859638Z,2026-10-05T23:25:44.717128Z,2026-10-05T23:25:44.717128Z,,,
2026-10-05T23:24:55Z,football_nfl,32677,2026-10-06T00:15:00Z,player_rush_yds,draftkings,34118279,Brian Robinson Jr.,espn:4241474,Under,30.5,-116,9641267958,0QA374143812#2304968000_13L88808Q1-1025513803Q20,main,2026-10-05T22:44:33.859638Z,2026-10-05T23:25:44.717128Z,2026-10-05T23:25:44.717128Z,,,
2026-10-05T23:24:55Z,football_nfl,32677,2026-10-06T00:15:00Z,player_reception_yds,draftkings,34118279,Bijan Robinson,espn:4430807,100+ Receiving Yards,,1920,9643403478,0QA374144375#2301933013_13L88808Q11757535264Q20,milestone,2026-10-05T23:02:31.341608Z,2026-10-05T23:25:44.717128Z,2026-10-05T23:25:44.717128Z,,,
2026-10-05T23:24:55Z,football_nfl,32677,2026-10-06T00:15:00Z,player_reception_yds,draftkings,34118279,Bijan Robinson,espn:4430807,110+ Receiving Yards,,2700,9643403479,0QA374144375#2301933032_13L88808Q11776581571Q20,milestone,2026-10-05T22:47:48.875715Z,2026-10-05T23:25:44.717128Z,2026-10-05T23:25:44.717128Z,,,
2026-10-05T23:24:55Z,football_nfl,32677,2026-10-06T00:15:00Z,player_reception_yds,draftkings,34118279,Bijan Robinson,espn:4430807,120+ Receiving Yards,,3800,9643403480,0QA374144375#2301933042_13L88808Q1-2036699519Q20,milestone,2026-10-05T22:52:35.769617Z,2026-10-05T23:25:44.717128Z,2026-10-05T23:25:44.717128Z,,,
2026-10-05T23:24:55Z,football_nfl,32677,2026-10-06T00:15:00Z,player_reception_yds,draftkings,34118279,Bijan Robinson,espn:4430807,15+ Receiving Yards,,-730,9643403481,0QA374144375#2301932777_13L88808Q1-347953252Q20,milestone,2026-10-05T23:02:31.341608Z,2026-10-05T23:25:44.717128Z,2026-10-05T23:25:44.717128Z,,,
2026-10-05T23:24:55Z,football_nfl,32677,2026-10-06T00:15:00Z,player_reception_yds,draftkings,34118279,Bijan Robinson,espn:4430807,25+ Receiving Yards,,-264,9643403482,0QA374144375#2301932816_13L88808Q144673524Q20,milestone,2026-10-05T23:02:31.341608Z,2026-10-05T23:25:44.717128Z,2026-10-05T23:25:44.717128Z,,,
2026-10-05T23:24:55Z,football_nfl,32677,2026-10-06T00:15:00Z,player_reception_yds,draftkings,34118279,Bijan Robinson,espn:4430807,37+ Receiving Yards,,-113,10829180389,0QA374144375#2304702628_13L88808Q11779181877Q20,milestone,2026-10-05T23:02:31.341608Z,2026-10-05T23:25:44.717128Z,2026-10-05T23:25:44.717128Z,,,
2026-10-05T23:24:55Z,football_nfl,32677,2026-10-06T00:15:00Z,player_reception_yds,draftkings,34118279,Bijan Robinson,espn:4430807,40+ Receiving Yards,,107,9643403484,0QA374144375#2301932848_13L88808Q1627513418Q20,milestone,2026-10-05T23:02:31.341608Z,2026-10-05T23:25:44.717128Z,2026-10-05T23:25:44.717128Z,,,
2026-10-05T23:24:55Z,football_nfl,32677,2026-10-06T00:15:00Z,player_reception_yds,draftkings,34118279,Bijan Robinson,espn:4430807,50+ Receiving Yards,,189,9643403485,0QA374144375#2301932899_13L88808Q11993669656Q20,milestone,2026-10-05T23:02:31.341608Z,2026-10-05T23:25:44.717128Z,2026-10-05T23:25:44.717128Z,,,
2026-10-05T23:24:55Z,football_nfl,32677,2026-10-06T00:15:00Z,player_reception_yds,draftkings,34118279,Bijan Robinson,espn:4430807,60+ Receiving Yards,,317,9643403486,0QA374144375#2301932917_13L88808Q1338230796Q20,milestone,2026-10-05T23:02:31.341608Z,2026-10-05T23:25:44.717128Z,2026-10-05T23:25:44.717128Z,,,
2026-10-05T23:24:55Z,football_nfl,32677,2026-10-06T00:15:00Z,player_reception_yds,draftkings,34118279,Bijan Robinson,espn:4430807,70+ Receiving Yards,,517,9643403487,0QA374144375#2301932932_13L88808Q1-2016709064Q20,milestone,2026-10-05T23:02:31.341608Z,2026-10-05T23:25:44.717128Z,2026-10-05T23:25:44.717128Z,,,
2026-10-05T23:24:55Z,football_nfl,32677,2026-10-06T00:15:00Z,player_reception_yds,draftkings,34118279,Bijan Robinson,espn:4430807,80+ Receiving Yards,,830,9643403488,0QA374144375#2301932963_13L88808Q11271577035Q20,milestone,2026-10-05T23:02:31.341608Z,2026-10-05T23:25:44.717128Z,2026-10-05T23:25:44.717128Z,,,
2026-10-05T23:24:55Z,football_nfl,32677,2026-10-06T00:15:00Z,player_reception_yds,draftkings,34118279,Bijan Robinson,espn:4430807,90+ Receiving Yards,,1280,9643403489,0QA374144375#2301932991_13L88808Q157084223Q20,milestone,2026-10-05T23:02:31.341608Z,2026-10-05T23:25:44.717128Z,2026-10-05T23:25:44.717128Z,,,
2026-10-05T23:24:55Z,football_nfl,32677,2026-10-06T00:15:00Z,player_reception_yds,draftkings,34118279,Bijan Robinson,espn:4430807,Over,36.5,-112,9643403490,0QA374144008#2304702592_13L88808Q1473749250Q20,main,2026-10-05T19:08:56.076670Z,2026-10-05T23:25:44.717128Z,2026-10-05T23:25:44.717128Z,,,
2026-10-05T23:24:55Z,football_nfl,32677,2026-10-06T00:15:00Z,player_reception_yds,draftkings,34118279,Bijan Robinson,espn:4430807,Under,36.5,-112,9643403491,0QA374144008#2304702593_13L88808Q1582081354Q20,main,2026-10-05T19:08:56.076670Z,2026-10-05T23:25:44.717128Z,2026-10-05T23:25:44.717128Z,,,
2026-10-05T23:24:55Z,football_nfl,32677,2026-10-06T00:15:00Z,player_reception_yds,draftkings,34118279,Drake London,espn:4426502,100+ Receiving Yards,,174,9643403492,0QA374144249#2301932344_13L88808Q11757535264Q20,milestone,2026-10-05T23:26:12.363549Z,2026-10-05T23:26:12.353828Z,2026-10-05T23:26:12.353828Z,,,
2026-10-05T23:24:55Z,football_nfl,32677,2026-10-06T00:15:00Z,player_reception_yds,draftkings,34118279,Drake London,espn:4426502,110+ Receiving Yards,,240,9643403493,0QA374144249#2301932363_13L88808Q11776581571Q20,milestone,2026-10-05T23:26:12.363549Z,2026-10-05T23:26:12.353828Z,2026-10-05T23:26:12.353828Z,,,
2026-10-05T23:24:55Z,football_nfl,32677,2026-10-06T00:15:00Z,player_reception_yds,draftkings,34118279,Drake London,espn:4426502,120+ Receiving Yards,,328,9643403494,0QA374144249#2301932398_13L88808Q1-2036699519Q20,milestone,2026-10-05T23:26:12.363549Z,2026-10-05T23:26:12.353828Z,2026-10-05T23:26:12.353828Z,,,
2026-10-05T23:24:55Z,football_nfl,32677,2026-10-06T00:15:00Z,player_reception_yds,draftkings,34118279,Drake London,espn:4426502,130+ Receiving Yards,,459,9643403495,0QA374144249#2301932438_13L88808Q1-545753065Q20,milestone,2026-10-05T23:26:12.363549Z,2026-10-05T23:26:12.353828Z,2026-10-05T23:26:12.353828Z,,,
2026-10-05T23:24:55Z,football_nfl,32677,2026-10-06T00:15:00Z,player_reception_yds,draftkings,34118279,Drake London,espn:4426502,140+ Receiving Yards,,620,9643403496,0QA374144249#2301932509_13L88808Q11861959271Q20,milestone,2026-10-05T23:26:12.363549Z,2026-10-05T23:26:12.353828Z,2026-10-05T23:26:12.353828Z,,,
2026-10-05T23:24:55Z,football_nfl,32677,2026-10-06T00:15:00Z,player_reception_yds,draftkings,34118279,Drake London,espn:4426502,150+ Receiving Yards,,860,9643403497,0QA374144249#2301932533_13L88808Q11550558023Q20,milestone,2026-10-05T23:26:12.363549Z,2026-10-05T23:26:12.353828Z,2026-10-05T23:26:12.353828Z,,,
2026-10-05T23:24:55Z,football_nfl,32677,2026-10-06T00:15:00Z,player_reception_yds,draftkings,34118279,Drake London,espn:4426502,160+ Receiving Yards,,1160,9643403498,0QA374144249#2301932589_13L88808Q1-329990294Q20,milestone,2026-10-05T23:26:12.363549Z,2026-10-05T23:26:12.353828Z,2026-10-05T23:26:12.353828Z,,,
2026-10-05T23:24:55Z,football_nfl,32677,2026-10-06T00:15:00Z,player_reception_yds,draftkings,34118279,Drake London,espn:4426502,170+ Receiving Yards,,1580,9643403499,0QA374144249#2301932631_13L88808Q118187946Q20,milestone,2026-10-05T23:26:12.363549Z,2026-10-05T23:26:12.353828Z,2026-10-05T23:26:12.353828Z,,,
2026-10-05T23:24:55Z,football_nfl,32677,2026-10-06T00:15:00Z,player_reception_yds,draftkings,34118279,Drake London,espn:4426502,180+ Receiving Yards,,2100,9643403500,0QA374144249#2301954441_13L88808Q1-1251639520Q20,milestone,2026-10-05T23:26:12.363549Z,2026-10-05T23:26:12.353828Z,2026-10-05T23:26:12.353828Z,,,
2026-10-05T23:24:55Z,football_nfl,32677,2026-10-06T00:15:00Z,player_reception_yds,draftkings,34118279,Drake London,espn:4426502,190+ Receiving Yards,,2700,9682364041,0QA374144249#2304664163_13L88808Q1124304952Q20,milestone,2026-10-05T23:26:12.363549Z,2026-10-05T23:26:12.353828Z,2026-10-05T23:26:12.353828Z,,,
2026-10-05T23:24:55Z,football_nfl,32677,2026-10-06T00:15:00Z,player_reception_yds,draftkings,34118279,Drake London,espn:4426502,200+ Receiving Yards,,3500,9770583490,0QA374144249#2304968188_13L88808Q1-2111813119Q20,milestone,2026-10-05T23:26:12.363549Z,2026-10-05T23:26:12.353828Z,2026-10-05T23:26:12.353828Z,,,
2026-10-05T23:24:55Z,football_nfl,32677,2026-10-06T00:15:00Z,player_reception_yds,draftkings,34118279,Drake London,espn:4426502,25+ Receiving Yards,,-2100,9643403501,0QA374144249#2301931883_13L88808Q144673524Q20,milestone,2026-10-05T23:26:12.363549Z,2026-10-05T23:26:12.353828Z,2026-10-05T23:26:12.353828Z,,,
2026-10-05T23:24:55Z,football_nfl,32677,2026-10-06T00:15:00Z,player_reception_yds,draftkings,34118279,Drake London,espn:4426502,40+ Receiving Yards,,-710,9643403779,0QA374144249#2301931902_13L88808Q1627513418Q20,milestone,2026-10-05T23:26:12.363549Z,2026-10-05T23:26:12.353828Z,2026-10-05T23:26:12.353828Z,,,
2026-10-05T23:24:55Z,football_nfl,32677,2026-10-06T00:15:00Z,player_reception_yds,draftkings,34118279,Drake London,espn:4426502,50+ Receiving Yards,,-408,9643403780,0QA374144249#2301931995_13L88808Q11993669656Q20,milestone,2026-10-05T23:26:12.363549Z,2026-10-05T23:26:12.353828Z,2026-10-05T23:26:12.353828Z,,,
2026-10-05T23:24:55Z,football_nfl,32677,2026-10-06T00:15:00Z,player_reception_yds,draftkings,34118279,Drake London,espn:4426502,60+ Receiving Yards,,-255,9643403781,0QA374144249#2301932063_13L88808Q1338230796Q20,milestone,2026-10-05T23:26:12.363549Z,2026-10-05T23:26:12.353828Z,2026-10-05T23:26:12.353828Z,,,
2026-10-05T23:24:55Z,football_nfl,32677,2026-10-06T00:15:00Z,player_reception_yds,draftkings,34118279,Drake London,espn:4426502,70+ Receiving Yards,,-169,9643403782,0QA374144249#2301932165_13L88808Q1-2016709064Q20,milestone,2026-10-05T23:26:12.363549Z,2026-10-05T23:26:12.353828Z,2026-10-05T23:26:12.353828Z,,,
2026-10-05T23:24:55Z,football_nfl,32677,2026-10-06T00:15:00Z,player_reception_yds,draftkings,34118279,Drake London,espn:4426502,80+ Receiving Yards,,-115,9643403783,0QA374144249#2301932248_13L88808Q11271577035Q20,milestone,2026-10-05T23:26:12.363549Z,2026-10-05T23:26:12.353828Z,2026-10-05T23:26:12.353828Z,,,
2026-10-05T23:24:55Z,football_nfl,32677,2026-10-06T00:15:00Z,player_reception_yds,draftkings,34118279,Drake London,espn:4426502,81+ Receiving Yards,,-111,10195262764,0QA374144249#2306866161_13L88808Q1-1724069331Q20,milestone,2026-10-05T23:26:12.363549Z,2026-10-05T23:26:12.353828Z,2026-10-05T23:26:12.353828Z,,,
2026-10-05T23:24:55Z,football_nfl,32677,2026-10-06T00:15:00Z,player_reception_yds,draftkings,34118279,Drake London,espn:4426502,90+ Receiving Yards,,123,9643403784,0QA374144249#2301932274_13L88808Q157084223Q20,milestone,2026-10-05T23:26:12.363549Z,2026-10-05T23:26:12.353828Z,2026-10-05T23:26:12.353828Z,,,
2026-10-05T23:24:55Z,football_nfl,32677,2026-10-06T00:15:00Z,player_reception_yds,draftkings,34118279,Drake London,espn:4426502,Over,80.5,-113,9643403785,0QA374144279#2306866156_13L88808Q1-452385338Q20,main,2026-10-05T23:08:03.934391Z,2026-10-05T23:25:44.717128Z,2026-10-05T23:25:44.717128Z,,,
2026-10-05T23:24:55Z,football_nfl,32677,2026-10-06T00:15:00Z,player_reception_yds,draftkings,34118279,Drake London,espn:4426502,Under,80.5,-111,9643403786,0QA374144279#2306866157_13L88808Q1188781802Q20,main,2026-10-05T23:08:03.934391Z,2026-10-05T23:25:44.717128Z,2026-10-05T23:25:44.717128Z,,,
2026-10-05T23:24:55Z,football_nfl,32677,2026-10-06T00:15:00Z,player_reception_yds,draftkings,34118279,Jahan Dotson,espn:4361409,100+ Receiving Yards,,3200,10992223279,0QA374143706#2310538931_13L88808Q11757535264Q20,milestone,2026-10-05T23:16:07.638159Z,2026-10-05T23:25:44.717128Z,2026-10-05T23:25:44.717128Z,,,
2026-10-05T23:24:55Z,football_nfl,32677,2026-10-06T00:15:00Z,player_reception_yds,draftkings,34118279,Jahan Dotson,espn:4361409,15+ Receiving Yards,,-153,9643403787,0QA374143706#2301930299_13L88808Q1-347953252Q20,milestone,2026-10-05T23:16:07.638159Z,2026-10-05T23:25:44.717128Z,2026-10-05T23:25:44.717128Z,,,
2026-10-05T23:24:55Z,football_nfl,32677,2026-10-06T00:15:00Z,player_reception_yds,draftkings,34118279,Jahan Dotson,espn:4361409,19+ Receiving Yards,,-114,9643403788,0QA374143706#2304265833_13L88808Q11487023233Q20,milestone,2026-10-05T22:56:40.621388Z,2026-10-05T23:25:44.717128Z,2026-10-05T23:25:44.717128Z,,,
2026-10-05T23:24:55Z,football_nfl,32677,2026-10-06T00:15:00Z,player_reception_yds,draftkings,34118279,Jahan Dotson,espn:4361409,25+ Receiving Yards,,129,9643403789,0QA374143706#2301930406_13L88808Q144673524Q20,milestone,2026-10-05T22:56:40.621388Z,2026-10-05T23:25:44.717128Z,2026-10-05T23:25:44.717128Z,,,
2026-10-05T23:24:55Z,football_nfl,32677,2026-10-06T00:15:00Z,player_reception_yds,draftkings,34118279,Jahan Dotson,espn:4361409,40+ Receiving Yards,,284,9643403790,0QA374143706#2301930516_13L88808Q1627513418Q20,milestone,2026-10-05T23:16:07.638159Z,2026-10-05T23:25:44.717128Z,2026-10-05T23:25:44.717128Z,,,
2026-10-05T23:24:55Z,football_nfl,32677,2026-10-06T00:15:00Z,player_reception_yds,draftkings,34118279,Jahan Dotson,espn:4361409,50+ Receiving Yards,,454,9643403791,0QA374143706#2301930648_13L88808Q11993669656Q20,milestone,2026-10-05T23:16:07.638159Z,2026-10-05T23:25:44.717128Z,2026-10-05T23:25:44.717128Z,,,
2026-10-05T23:24:55Z,football_nfl,32677,2026-10-06T00:15:00Z,player_reception_yds,draftkings,34118279,Jahan Dotson,espn:4361409,60+ Receiving Yards,,690,9643403792,0QA374143706#2301930783_13L88808Q1338230796Q20,milestone,2026-10-05T23:16:07.638159Z,2026-10-05T23:25:44.717128Z,2026-10-05T23:25:44.717128Z,,,
2026-10-05T23:24:55Z,football_nfl,32677,2026-10-06T00:15:00Z,player_reception_yds,draftkings,34118279,Jahan Dotson,espn:4361409,70+ Receiving Yards,,1060,9643403793,0QA374143706#2301930879_13L88808Q1-2016709064Q20,milestone,2026-10-05T23:16:07.638159Z,2026-10-05T23:25:44.717128Z,2026-10-05T23:25:44.717128Z,,,
2026-10-05T23:24:55Z,football_nfl,32677,2026-10-06T00:15:00Z,player_reception_yds,draftkings,34118279,Jahan Dotson,espn:4361409,80+ Receiving Yards,,1580,9643403794,0QA374143706#2301930962_13L88808Q11271577035Q20,milestone,2026-10-05T23:16:07.638159Z,2026-10-05T23:25:44.717128Z,2026-10-05T23:25:44.717128Z,,,
2026-10-05T23:24:55Z,football_nfl,32677,2026-10-06T00:15:00Z,player_reception_yds,draftkings,34118279,Jahan Dotson,espn:4361409,90+ Receiving Yards,,2300,9643403795,0QA374143706#2301931071_13L88808Q157084223Q20,milestone,2026-10-05T22:56:40.621388Z,2026-10-05T23:25:44.717128Z,2026-10-05T23:25:44.717128Z,,,
2026-10-05T23:24:55Z,football_nfl,32677,2026-10-06T00:15:00Z,player_reception_yds,draftkings,34118279,Jahan Dotson,espn:4361409,Over,18.5,-116,9643403796,0QA374143545#2304265831_13L88808Q1-1008436097Q20,main,2026-10-05T22:47:08.400269Z,2026-10-05T23:25:44.717128Z,2026-10-05T23:25:44.717128Z,,,
2026-10-05T23:24:55Z,football_nfl,32677,2026-10-06T00:15:00Z,player_reception_yds,draftkings,34118279,Jahan Dotson,espn:4361409,Under,18.5,-108,9643403797,0QA374143545#2304265832_13L88808Q11229084021Q20,main,2026-10-05T22:47:08.400269Z,2026-10-05T23:25:44.717128Z,2026-10-05T23:25:44.717128Z,,,
2026-10-05T23:24:55Z,football_nfl,32677,2026-10-06T00:15:00Z,player_reception_yds,draftkings,34118279,Kyle Pitts Sr.,espn:4360248,100+ Receiving Yards,,2100,9643403798,0QA374143567#2301930401_13L88808Q11757535264Q20,milestone,2026-10-05T23:26:12.363549Z,2026-10-05T23:26:12.353828Z,2026-10-05T23:26:12.353828Z,,,
2026-10-05T23:24:55Z,football_nfl,32677,2026-10-06T00:15:00Z,player_reception_yds,draftkings,34118279,Kyle Pitts Sr.,espn:4360248,110+ Receiving Yards,,3000,9643403799,0QA374143567#2301930511_13L88808Q11776581571Q20,milestone,2026-10-05T22:52:35.769617Z,2026-10-05T23:26:12.353828Z,2026-10-05T23:26:12.353828Z,,,
2026-10-05T23:24:55Z,football_nfl,32677,2026-10-06T00:15:00Z,player_reception_yds,draftkings,34118279,Kyle Pitts Sr.,espn:4360248,120+ Receiving Yards,,4000,11005462423,0QA374143567#2301942840_13L88808Q1-2036699519Q20,milestone,2026-10-05T23:12:17.857664Z,2026-10-05T23:26:12.353828Z,2026-10-05T23:26:12.353828Z,,,
2026-10-05T23:24:55Z,football_nfl,32677,2026-10-06T00:15:00Z,player_reception_yds,draftkings,34118279,Kyle Pitts Sr.,espn:4360248,15+ Receiving Yards,,-375,9643403800,0QA374143567#2301930033_13L88808Q1-347953252Q20,milestone,2026-10-05T23:26:12.363549Z,2026-10-05T23:26:12.353828Z,2026-10-05T23:26:12.353828Z,,,
2026-10-05T23:24:55Z,football_nfl,32677,2026-10-06T00:15:00Z,player_reception_yds,draftkings,34118279,Kyle Pitts Sr.,espn:4360248,25+ Receiving Yards,,-170,9643403801,0QA374143567#2301930059_13L88808Q144673524Q20,milestone,2026-10-05T23:26:12.363549Z,2026-10-05T23:26:12.353828Z,2026-10-05T23:26:12.353828Z,,,
2026-10-05T23:24:55Z,football_nfl,32677,2026-10-06T00:15:00Z,player_reception_yds,draftkings,34118279,Kyle Pitts Sr.,espn:4360248,32+ Receiving Yards,,-109,10938342101,0QA374143567#2301930110_13L88808Q1-842126705Q20,milestone,2026-10-05T22:44:33.859638Z,2026-10-05T23:26:12.353828Z,2026-10-05T23:26:12.353828Z,,,
2026-10-05T23:24:55Z,football_nfl,32677,2026-10-06T00:15:00Z,player_reception_yds,draftkings,34118279,Kyle Pitts Sr.,espn:4360248,40+ Receiving Yards,,144,9643403803,0QA374143567#2301930141_13L88808Q1627513418Q20,milestone,2026-10-05T23:26:12.363549Z,2026-10-05T23:26:12.353828Z,2026-10-05T23:26:12.353828Z,,,
2026-10-05T23:24:55Z,football_nfl,32677,2026-10-06T00:15:00Z,player_reception_yds,draftkings,34118279,Kyle Pitts Sr.,espn:4360248,50+ Receiving Yards,,237,9643403804,0QA374143567#2301930167_13L88808Q11993669656Q20,milestone,2026-10-05T23:26:12.363549Z,2026-10-05T23:26:12.353828Z,2026-10-05T23:26:12.353828Z,,,
2026-10-05T23:24:55Z,football_nfl,32677,2026-10-06T00:15:00Z,player_reception_yds,draftkings,34118279,Kyle Pitts Sr.,espn:4360248,60+ Receiving Yards,,382,9643403805,0QA374143567#2301930204_13L88808Q1338230796Q20,milestone,2026-10-05T23:26:12.363549Z,2026-10-05T23:26:12.353828Z,2026-10-05T23:26:12.353828Z,,,
2026-10-05T23:24:55Z,football_nfl,32677,2026-10-06T00:15:00Z,player_reception_yds,draftkings,34118279,Kyle Pitts Sr.,espn:4360248,70+ Receiving Yards,,610,9643403806,0QA374143567#2301930254_13L88808Q1-2016709064Q20,milestone,2026-10-05T23:12:17.857664Z,2026-10-05T23:26:12.353828Z,2026-10-05T23:26:12.353828Z,,,
2026-10-05T23:24:55Z,football_nfl,32677,2026-10-06T00:15:00Z,player_reception_yds,draftkings,34118279,Kyle Pitts Sr.,espn:4360248,80+ Receiving Yards,,930,9643403807,0QA374143567#2301930293_13L88808Q11271577035Q20,milestone,2026-10-05T23:26:12.363549Z,2026-10-05T23:26:12.353828Z,2026-10-05T23:26:12.353828Z,,,
2026-10-05T23:24:55Z,football_nfl,32677,2026-10-06T00:15:00Z,player_reception_yds,draftkings,34118279,Kyle Pitts Sr.,espn:4360248,90+ Receiving Yards,,1420,9643403808,0QA374143567#2301930342_13L88808Q157084223Q20,milestone,2026-10-05T23:26:12.363549Z,2026-10-05T23:26:12.353828Z,2026-10-05T23:26:12.353828Z,,,
2026-10-05T23:24:55Z,football_nfl,32677,2026-10-06T00:15:00Z,player_reception_yds,draftkings,34118279,Kyle Pitts Sr.,espn:4360248,Over,31.5,-109,9643403809,0QA374144082#2301931908_13L88808Q1521963119Q20,main,2026-10-05T23:13:29.807914Z,2026-10-05T23:26:09.350092Z,2026-10-05T23:26:09.350092Z,,,
2026-10-05T23:24:55Z,football_nfl,32677,2026-10-06T00:15:00Z,player_reception_yds,draftkings,34118279,Kyle Pitts Sr.,espn:4360248,Under,31.5,-115,9643403810,0QA374144082#2301931955_13L88808Q1-1029314882Q20,main,2026-10-05T23:13:29.807914Z,2026-10-05T23:26:09.350092Z,2026-10-05T23:26:09.350092Z,,,
2026-10-05T23:24:55Z,football_nfl,32677,2026-10-06T00:15:00Z,player_receptions,draftkings,34118279,Bijan Robinson,espn:4430807,10+ Receptions,,2400,9643403811,0QA374143562#2301929701_13L88808Q1-222257408Q20,milestone,2026-10-05T22:52:35.769617Z,2026-10-05T23:25:44.717128Z,2026-10-05T23:25:44.717128Z,,,
2026-10-05T23:24:55Z,football_nfl,32677,2026-10-06T00:15:00Z,player_receptions,draftkings,34118279,Bijan Robinson,espn:4430807,2+ Receptions,,-2100,9643403812,0QA374143562#2304185540_13L88808Q1-78964909Q20,milestone,2026-10-05T22:52:35.769617Z,2026-10-05T23:25:44.717128Z,2026-10-05T23:25:44.717128Z,,,
2026-10-05T23:24:55Z,football_nfl,32677,2026-10-06T00:15:00Z,player_receptions,draftkings,34118279,Bijan Robinson,espn:4430807,3+ Receptions,,-535,9643403813,0QA374143562#2301929694_13L88808Q1-1007188401Q20,milestone,2026-10-05T22:52:35.769617Z,2026-10-05T23:25:44.717128Z,2026-10-05T23:25:44.717128Z,,,
2026-10-05T23:24:55Z,football_nfl,32677,2026-10-06T00:15:00Z,player_receptions,draftkings,34118279,Bijan Robinson,espn:4430807,4+ Receptions,,-202,9643403814,0QA374143562#2301929695_13L88808Q11124471851Q20,milestone,2026-10-05T22:52:35.769617Z,2026-10-05T23:25:44.717128Z,2026-10-05T23:25:44.717128Z,,,
2026-10-05T23:24:55Z,football_nfl,32677,2026-10-06T00:15:00Z,player_receptions,draftkings,34118279,Bijan Robinson,espn:4430807,5+ Receptions,,109,9643403815,0QA374143562#2301929696_13L88808Q12134732303Q20,milestone,2026-10-05T22:52:35.769617Z,2026-10-05T23:25:44.717128Z,2026-10-05T23:25:44.717128Z,,,
2026-10-05T23:24:55Z,football_nfl,32677,2026-10-06T00:15:00Z,player_receptions,draftkings,34118279,Bijan Robinson,espn:4430807,6+ Receptions,,221,9643403816,0QA374143562#2301929697_13L88808Q1-61638999Q20,milestone,2026-10-05T22:52:35.769617Z,2026-10-05T23:25:44.717128Z,2026-10-05T23:25:44.717128Z,,,
2026-10-05T23:24:55Z,football_nfl,32677,2026-10-06T00:15:00Z,player_receptions,draftkings,34118279,Bijan Robinson,espn:4430807,7+ Receptions,,430,9643403817,0QA374143562#2301929698_13L88808Q11495395552Q20,milestone,2026-10-05T22:52:35.769617Z,2026-10-05T23:25:44.717128Z,2026-10-05T23:25:44.717128Z,,,
2026-10-05T23:24:55Z,football_nfl,32677,2026-10-06T00:15:00Z,player_receptions,draftkings,34118279,Bijan Robinson,espn:4430807,8+ Receptions,,790,9643403818,0QA374143562#2301929699_13L88808Q1-1412470928Q20,milestone,2026-10-05T22:52:35.769617Z,2026-10-05T23:25:44.717128Z,2026-10-05T23:25:44.717128Z,,,
2026-10-05T23:24:55Z,football_nfl,32677,2026-10-06T00:15:00Z,player_receptions,draftkings,34118279,Bijan Robinson,espn:4430807,9+ Receptions,,1420,9643403819,0QA374143562#2301929700_13L88808Q1-1736336334Q20,milestone,2026-10-05T22:52:35.769617Z,2026-10-05T23:25:44.717128Z,2026-10-05T23:25:44.717128Z,,,
2026-10-05T23:24:55Z,football_nfl,32677,2026-10-06T00:15:00Z,player_receptions,draftkings,34118279,Bijan Robinson,espn:4430807,Over,4.5,110,9643403820,0QA374144165#2301932644_13L88808Q11445674842Q20,main,2026-10-05T22:52:35.769617Z,2026-10-05T23:25:44.717128Z,2026-10-05T23:25:44.717128Z,,,
2026-10-05T23:24:55Z,football_nfl,32677,2026-10-06T00:15:00Z,player_receptions,draftkings,34118279,Bijan Robinson,espn:4430807,Under,4.5,-140,9643403821,0QA374144165#2301932686_13L88808Q1-2138696Q20,main,2026-10-05T22:52:35.769617Z,2026-10-05T23:25:44.717128Z,2026-10-05T23:25:44.717128Z,,,
2026-10-05T23:24:55Z,football_nfl,32677,2026-10-06T00:15:00Z,player_receptions,draftkings,34118279,Drake London,espn:4426502,10+ Receptions,,660,9643403822,0QA374144449#2301933273_13L88808Q1-222257408Q20,milestone,2026-10-05T23:12:42.184984Z,2026-10-05T23:25:44.717128Z,2026-10-05T23:25:44.717128Z,,,
2026-10-05T23:24:55Z,football_nfl,32677,2026-10-06T00:15:00Z,player_receptions,draftkings,34118279,Drake London,espn:4426502,11+ Receptions,,1140,9643403823,0QA374144449#2301933275_13L88808Q1-334647515Q20,milestone,2026-10-05T23:12:42.184984Z,2026-10-05T23:25:44.717128Z,2026-10-05T23:25:44.717128Z,,,
2026-10-05T23:24:55Z,football_nfl,32677,2026-10-06T00:15:00Z,player_receptions,draftkings,34118279,Drake London,espn:4426502,12+ Receptions,,1800,9686412865,0QA374144449#2301954221_13L88808Q1-893059143Q20,milestone,2026-10-05T23:12:42.184984Z,2026-10-05T23:25:44.717128Z,2026-10-05T23:25:44.717128Z,,,
2026-10-05T23:24:55Z,football_nfl,32677,2026-10-06T00:15:00Z,player_receptions,draftkings,34118279,Drake London,espn:4426502,13+ Receptions,,2700,9709455581,0QA374144449#2304817051_13L88808Q11044157326Q20,milestone,2026-10-05T22:10:54.864135Z,2026-10-05T23:25:44.717128Z,2026-10-05T23:25:44.717128Z,,,
2026-10-05T23:24:55Z,football_nfl,32677,2026-10-06T00:15:00Z,player_receptions,draftkings,34118279,Drake London,espn:4426502,3+ Receptions,,-3500,9643403824,0QA374144449#2301933245_13L88808Q1-1007188401Q20,milestone,2026-10-05T23:12:42.184984Z,2026-10-05T23:25:44.717128Z,2026-10-05T23:25:44.717128Z,,,
2026-10-05T23:24:55Z,football_nfl,32677,2026-10-06T00:15:00Z,player_receptions,draftkings,34118279,Drake London,espn:4426502,4+ Receptions,,-840,9643403825,0QA374144449#2301933246_13L88808Q11124471851Q20,milestone,2026-10-05T23:12:42.184984Z,2026-10-05T23:25:44.717128Z,2026-10-05T23:25:44.717128Z,,,
2026-10-05T23:24:55Z,football_nfl,32677,2026-10-06T00:15:00Z,player_receptions,draftkings,34118279,Drake London,espn:4426502,5+ Receptions,,-340,9643403826,0QA374144449#2301933250_13L88808Q12134732303Q20,milestone,2026-10-05T23:12:42.184984Z,2026-10-05T23:25:44.717128Z,2026-10-05T23:25:44.717128Z,,,
2026-10-05T23:24:55Z,football_nfl,32677,2026-10-06T00:15:00Z,player_receptions,draftkings,34118279,Drake London,espn:4426502,6+ Receptions,,-164,9643403827,0QA374144449#2301933257_13L88808Q1-61638999Q20,milestone,2026-10-05T23:12:42.184984Z,2026-10-05T23:25:44.717128Z,2026-10-05T23:25:44.717128Z,,,
2026-10-05T23:24:55Z,football_nfl,32677,2026-10-06T00:15:00Z,player_receptions,draftkings,34118279,Drake London,espn:4426502,7+ Receptions,,115,9643403828,0QA374144449#2301933264_13L88808Q11495395552Q20,milestone,2026-10-05T23:12:42.184984Z,2026-10-05T23:25:44.717128Z,2026-10-05T23:25:44.717128Z,,,
2026-10-05T23:24:55Z,football_nfl,32677,2026-10-06T00:15:00Z,player_receptions,draftkings,34118279,Drake London,espn:4426502,8+ Receptions,,209,9643403829,0QA374144449#2301933269_13L88808Q1-1412470928Q20,milestone,2026-10-05T23:12:42.184984Z,2026-10-05T23:25:44.717128Z,2026-10-05T23:25:44.717128Z,,,
2026-10-05T23:24:55Z,football_nfl,32677,2026-10-06T00:15:00Z,player_receptions,draftkings,34118279,Drake London,espn:4426502,9+ Receptions,,369,9643403830,0QA374144449#2301933271_13L88808Q1-1736336334Q20,milestone,2026-10-05T23:12:42.184984Z,2026-10-05T23:25:44.717128Z,2026-10-05T23:25:44.717128Z,,,
2026-10-05T23:24:55Z,football_nfl,32677,2026-10-06T00:15:00Z,player_receptions,draftkings,34118279,Drake London,espn:4426502,Over,6.5,114,9643403831,0QA374143728#2310336335_13L88808Q1-122753611Q20,main,2026-10-05T22:18:08.702672Z,2026-10-05T23:25:44.717128Z,2026-10-05T23:25:44.717128Z,,,
2026-10-05T23:24:55Z,football_nfl,32677,2026-10-06T00:15:00Z,player_receptions,draftkings,34118279,Drake London,espn:4426502,Under,6.5,-146,9643403832,0QA374143728#2310336336_13L88808Q1-1523053588Q20,main,2026-10-05T22:18:08.702672Z,2026-10-05T23:25:44.717128Z,2026-10-05T23:25:44.717128Z,,,
2026-10-05T23:24:55Z,football_nfl,32677,2026-10-06T00:15:00Z,player_receptions,draftkings,34118279,Jahan Dotson,espn:4361409,2+ Receptions,,-138,9643403833,0QA374143822#2301931051_13L88808Q1-78964909Q20,milestone,2026-10-05T22:56:40.621388Z,2026-10-05T23:25:44.717128Z,2026-10-05T23:25:44.717128Z,,,
2026-10-05T23:24:55Z,football_nfl,32677,2026-10-06T00:15:00Z,player_receptions,draftkings,34118279,Jahan Dotson,espn:4361409,3+ Receptions,,221,9643403834,0QA374143822#2301931124_13L88808Q1-1007188401Q20,milestone,2026-10-05T22:56:40.621388Z,2026-10-05T23:25:44.717128Z,2026-10-05T23:25:44.717128Z,,,
2026-10-05T23:24:55Z,football_nfl,32677,2026-10-06T00:15:00Z,player_receptions,draftkings,34118279,Jahan Dotson,espn:4361409,4+ Receptions,,591,9643403835,0QA374143822#2301931204_13L88808Q11124471851Q20,milestone,2026-10-05T22:56:40.621388Z,2026-10-05T23:25:44.717128Z,2026-10-05T23:25:44.717128Z,,,
2026-10-05T23:24:55Z,football_nfl,32677,2026-10-06T00:15:00Z,player_receptions,draftkings,34118279,Jahan Dotson,espn:4361409,5+ Receptions,,1400,9643403836,0QA374143822#2301931227_13L88808Q12134732303Q20,milestone,2026-10-05T22:56:40.621388Z,2026-10-05T23:25:44.717128Z,2026-10-05T23:25:44.717128Z,,,
2026-10-05T23:24:55Z,football_nfl,32677,2026-10-06T00:15:00Z,player_receptions,draftkings,34118279,Jahan Dotson,espn:4361409,6+ Receptions,,2600,9643403837,0QA374143822#2301931320_13L88808Q1-61638999Q20,milestone,2026-10-05T22:56:40.621388Z,2026-10-05T23:25:44.717128Z,2026-10-05T23:25:44.717128Z,,,
2026-10-05T23:24:55Z,football_nfl,32677,2026-10-06T00:15:00Z,player_receptions,draftkings,34118279,Jahan Dotson,espn:4361409,Over,1.5,-135,9643403838,0QA374144376#2301931890_13L88808Q1-1669482518Q20,main,2026-10-05T23:06:58.121089Z,2026-10-05T23:25:44.717128Z,2026-10-05T23:25:44.717128Z,,,
2026-10-05T23:24:55Z,football_nfl,32677,2026-10-06T00:15:00Z,player_receptions,draftkings,34118279,Jahan Dotson,espn:4361409,Under,1.5,106,9643403839,0QA374144376#2301931899_13L88808Q1-847255388Q20,main,2026-10-05T23:06:58.121089Z,2026-10-05T23:25:44.717128Z,2026-10-05T23:25:44.717128Z,,,
2026-10-05T23:24:55Z,football_nfl,32677,2026-10-06T00:15:00Z,player_receptions,draftkings,34118279,Kyle Pitts Sr.,espn:4360248,2+ Receptions,,-504,9643403840,0QA374143716#2301930459_13L88808Q1-78964909Q20,milestone,2026-10-05T22:47:48.875715Z,2026-10-05T23:25:44.717128Z,2026-10-05T23:25:44.717128Z,,,
2026-10-05T23:24:55Z,football_nfl,32677,2026-10-06T00:15:00Z,player_receptions,draftkings,34118279,Kyle Pitts Sr.,espn:4360248,3+ Receptions,,-168,9643403841,0QA374143716#2301930496_13L88808Q1-1007188401Q20,milestone,2026-10-05T22:47:48.875715Z,2026-10-05T23:25:44.717128Z,2026-10-05T23:25:44.717128Z,,,
2026-10-05T23:24:55Z,football_nfl,32677,2026-10-06T00:15:00Z,player_receptions,draftkings,34118279,Kyle Pitts Sr.,espn:4360248,4+ Receptions,,139,9643403842,0QA374143716#2301930580_13L88808Q11124471851Q20,milestone,2026-10-05T22:47:48.875715Z,2026-10-05T23:25:44.717128Z,2026-10-05T23:25:44.717128Z,,,
2026-10-05T23:24:55Z,football_nfl,32677,2026-10-06T00:15:00Z,player_receptions,draftkings,34118279,Kyle Pitts Sr.,espn:4360248,5+ Receptions,,295,9643403843,0QA374143716#2301930673_13L88808Q12134732303Q20,milestone,2026-10-05T22:47:48.875715Z,2026-10-05T23:25:44.717128Z,2026-10-05T23:25:44.717128Z,,,
2026-10-05T23:24:55Z,football_nfl,32677,2026-10-06T00:15:00Z,player_receptions,draftkings,34118279,Kyle Pitts Sr.,espn:4360248,6+ Receptions,,600,9643403844,0QA374143716#2301930750_13L88808Q1-61638999Q20,milestone,2026-10-05T22:47:48.875715Z,2026-10-05T23:25:44.717128Z,2026-10-05T23:25:44.717128Z,,,
2026-10-05T23:24:55Z,football_nfl,32677,2026-10-06T00:15:00Z,player_receptions,draftkings,34118279,Kyle Pitts Sr.,espn:4360248,7+ Receptions,,1160,9643403845,0QA374143716#2301930864_13L88808Q11495395552Q20,milestone,2026-10-05T22:47:48.875715Z,2026-10-05T23:25:44.717128Z,2026-10-05T23:25:44.717128Z,,,
2026-10-05T23:24:55Z,football_nfl,32677,2026-10-06T00:15:00Z,player_receptions,draftkings,34118279,Kyle Pitts Sr.,espn:4360248,8+ Receptions,,1960,9643403846,0QA374143716#2301930917_13L88808Q1-1412470928Q20,milestone,2026-10-05T22:47:48.875715Z,2026-10-05T23:25:44.717128Z,2026-10-05T23:25:44.717128Z,,,
2026-10-05T23:24:55Z,football_nfl,32677,2026-10-06T00:15:00Z,player_receptions,draftkings,34118279,Kyle Pitts Sr.,espn:4360248,Over,2.5,-169,9643403847,0QA374144013#2302028996_13L88808Q1-2107084182Q20,main,2026-10-05T22:28:10.137561Z,2026-10-05T23:25:44.717128Z,2026-10-05T23:25:44.717128Z,,,
2026-10-05T23:24:55Z,football_nfl,32677,2026-10-06T00:15:00Z,player_receptions,draftkings,34118279,Kyle Pitts Sr.,espn:4360248,Under,2.5,132,9643403848,0QA374144013#2302028997_13L88808Q11045072483Q20,main,2026-10-05T22:28:10.137561Z,2026-10-05T23:25:44.717128Z,2026-10-05T23:25:44.717128Z,,,
2026-10-05T23:24:55Z,football_nfl,32677,2026-10-06T00:15:00Z,player_reception_yds,draftkings,34118279,Alvin Kamara,espn:3054850,15+ Receiving Yards,,-140,9645481975,0QA374143832#2301930685_13L88808Q1-347953252Q20,milestone,2026-10-05T23:01:47.122057Z,2026-10-05T23:25:44.717128Z,2026-10-05T23:25:44.717128Z,,,
2026-10-05T23:24:55Z,football_nfl,32677,2026-10-06T00:15:00Z,player_reception_yds,draftkings,34118279,Alvin Kamara,espn:3054850,17+ Receiving Yards,,-113,9689116325,0QA374143832#2304149954_13L88808Q1-1515812058Q20,milestone,2026-10-05T23:01:47.122057Z,2026-10-05T23:25:44.717128Z,2026-10-05T23:25:44.717128Z,,,
2026-10-05T23:24:55Z,football_nfl,32677,2026-10-06T00:15:00Z,player_reception_yds,draftkings,34118279,Alvin Kamara,espn:3054850,25+ Receiving Yards,,182,9645481977,0QA374143832#2301930805_13L88808Q144673524Q20,milestone,2026-10-05T23:01:47.122057Z,2026-10-05T23:25:44.717128Z,2026-10-05T23:25:44.717128Z,,,
2026-10-05T23:24:55Z,football_nfl,32677,2026-10-06T00:15:00Z,player_reception_yds,draftkings,34118279,Alvin Kamara,espn:3054850,40+ Receiving Yards,,543,9645481978,0QA374143832#2301930838_13L88808Q1627513418Q20,milestone,2026-10-05T23:01:47.122057Z,2026-10-05T23:25:44.717128Z,2026-10-05T23:25:44.717128Z,,,
2026-10-05T23:24:55Z,football_nfl,32677,2026-10-06T00:15:00Z,player_reception_yds,draftkings,34118279,Alvin Kamara,espn:3054850,50+ Receiving Yards,,930,9645481979,0QA374143832#2301930994_13L88808Q11993669656Q20,milestone,2026-10-05T23:01:47.122057Z,2026-10-05T23:25:44.717128Z,2026-10-05T23:25:44.717128Z,,,
2026-10-05T23:24:55Z,football_nfl,32677,2026-10-06T00:15:00Z,player_reception_yds,draftkings,34118279,Alvin Kamara,espn:3054850,60+ Receiving Yards,,1460,9645481980,0QA374143832#2301931077_13L88808Q1338230796Q20,milestone,2026-10-05T23:01:47.122057Z,2026-10-05T23:25:44.717128Z,2026-10-05T23:25:44.717128Z,,,
2026-10-05T23:24:55Z,football_nfl,32677,2026-10-06T00:15:00Z,player_reception_yds,draftkings,34118279,Alvin Kamara,espn:3054850,70+ Receiving Yards,,2100,9645481981,0QA374143832#2301931162_13L88808Q1-2016709064Q20,milestone,2026-10-05T23:01:47.122057Z,2026-10-05T23:25:44.717128Z,2026-10-05T23:25:44.717128Z,,,
2026-10-05T23:24:55Z,football_nfl,32677,2026-10-06T00:15:00Z,player_reception_yds,draftkings,34118279,Alvin Kamara,espn:3054850,80+ Receiving Yards,,3200,9645481982,0QA374143832#2302029064_13L88808Q11271577035Q20,milestone,2026-10-05T23:01:47.122057Z,2026-10-05T23:25:44.717128Z,2026-10-05T23:25:44.717128Z,,,
2026-10-05T23:24:55Z,football_nfl,32677,2026-10-06T00:15:00Z,player_reception_yds,draftkings,34118279,Alvin Kamara,espn:3054850,Over,16.5,-111,9645481984,0QA374144384#2304149977_13L88808Q1-1766943055Q20,main,2026-10-05T22:58:02.172487Z,2026-10-05T23:25:44.717128Z,2026-10-05T23:25:44.717128Z,,,
2026-10-05T23:24:55Z,football_nfl,32677,2026-10-06T00:15:00Z,player_reception_yds,draftkings,34118279,Alvin Kamara,espn:3054850,Under,16.5,-113,9645481985,0QA374144384#2304149978_13L88808Q1861045653Q20,main,2026-10-05T22:58:02.172487Z,2026-10-05T23:25:44.717128Z,2026-10-05T23:25:44.717128Z,,,
2026-10-05T23:24:55Z,football_nfl,32677,2026-10-06T00:15:00Z,player_reception_yds,draftkings,34118279,Chris Olave,espn:4361370,100+ Receiving Yards,,145,9645481986,0QA374143703#2301931312_13L88808Q11757535264Q20,milestone,2026-10-05T23:04:07.082469Z,2026-10-05T23:25:44.717128Z,2026-10-05T23:25:44.717128Z,,,
2026-10-05T23:24:55Z,football_nfl,32677,2026-10-06T00:15:00Z,player_reception_yds,draftkings,34118279,Chris Olave,espn:4361370,110+ Receiving Yards,,206,9645481987,0QA374143703#2301931348_13L88808Q11776581571Q20,milestone,2026-10-05T23:03:25.182208Z,2026-10-05T23:25:44.717128Z,2026-10-05T23:25:44.717128Z,,,
2026-10-05T23:24:55Z,football_nfl,32677,2026-10-06T00:15:00Z,player_reception_yds,draftkings,34118279,Chris Olave,espn:4361370,120+ Receiving Yards,,288,9645481988,0QA374143703#2301931425_13L88808Q1-2036699519Q20,milestone,2026-10-05T23:04:07.082469Z,2026-10-05T23:25:44.717128Z,2026-10-05T23:25:44.717128Z,,,
2026-10-05T23:24:55Z,football_nfl,32677,2026-10-06T00:15:00Z,player_reception_yds,draftkings,34118279,Chris Olave,espn:4361370,130+ Receiving Yards,,400,9645481989,0QA374143703#2301931476_13L88808Q1-545753065Q20,milestone,2026-10-05T23:04:07.082469Z,2026-10-05T23:25:44.717128Z,2026-10-05T23:25:44.717128Z,,,
2026-10-05T23:24:55Z,football_nfl,32677,2026-10-06T00:15:00Z,player_reception_yds,draftkings,34118279,Chris Olave,espn:4361370,140+ Receiving Yards,,561,9645481990,0QA374143703#2301931538_13L88808Q11861959271Q20,milestone,2026-10-05T23:04:07.082469Z,2026-10-05T23:25:44.717128Z,2026-10-05T23:25:44.717128Z,,,
2026-10-05T23:24:55Z,football_nfl,32677,2026-10-06T00:15:00Z,player_reception_yds,draftkings,34118279,Chris Olave,espn:4361370,150+ Receiving Yards,,780,9645481991,0QA374143703#2301931617_13L88808Q11550558023Q20,milestone,2026-10-05T23:03:25.182208Z,2026-10-05T23:25:44.717128Z,2026-10-05T23:25:44.717128Z,,,
2026-10-05T23:24:55Z,football_nfl,32677,2026-10-06T00:15:00Z,player_reception_yds,draftkings,34118279,Chris Olave,espn:4361370,160+ Receiving Yards,,1020,9645481992,0QA374143703#2301931726_13L88808Q1-329990294Q20,milestone,2026-10-05T23:04:07.082469Z,2026-10-05T23:25:44.717128Z,2026-10-05T23:25:44.717128Z,,,
2026-10-05T23:24:55Z,football_nfl,32677,2026-10-06T00:15:00Z,player_reception_yds,draftkings,34118279,Chris Olave,espn:4361370,170+ Receiving Yards,,1420,9645481993,0QA374143703#2301931778_13L88808Q118187946Q20,milestone,2026-10-05T23:03:25.182208Z,2026-10-05T23:25:44.717128Z,2026-10-05T23:25:44.717128Z,,,
2026-10-05T23:24:55Z,football_nfl,32677,2026-10-06T00:15:00Z,player_reception_yds,draftkings,34118279,Chris Olave,espn:4361370,180+ Receiving Yards,,1940,9645481994,0QA374143703#2301931848_13L88808Q1-1251639520Q20,milestone,2026-10-05T23:03:25.182208Z,2026-10-05T23:25:44.717128Z,2026-10-05T23:25:44.717128Z,,,
2026-10-05T23:24:55Z,football_nfl,32677,2026-10-06T00:15:00Z,player_reception_yds,draftkings,34118279,Chris Olave,espn:4361370,190+ Receiving Yards,,2500,9645481995,0QA374143703#2301941827_13L88808Q1124304952Q20,milestone,2026-10-05T23:03:25.182208Z,2026-10-05T23:25:44.717128Z,2026-10-05T23:25:44.717128Z,,,
2026-10-05T23:24:55Z,football_nfl,32677,2026-10-06T00:15:00Z,player_reception_yds,draftkings,34118279,Chris Olave,espn:4361370,200+ Receiving Yards,,3500,9645481996,0QA374143703#2304173413_13L88808Q1-2111813119Q20,milestone,2026-10-05T23:03:25.182208Z,2026-10-05T23:25:44.717128Z,2026-10-05T23:25:44.717128Z,,,
2026-10-05T23:24:55Z,football_nfl,32677,2026-10-06T00:15:00Z,player_reception_yds,draftkings,34118279,Chris Olave,espn:4361370,40+ Receiving Yards,,-1160,9645481997,0QA374143703#2301930489_13L88808Q1627513418Q20,milestone,2026-10-05T23:03:25.182208Z,2026-10-05T23:25:44.717128Z,2026-10-05T23:25:44.717128Z,,,
2026-10-05T23:24:55Z,football_nfl,32677,2026-10-06T00:15:00Z,player_reception_yds,draftkings,34118279,Chris Olave,espn:4361370,50+ Receiving Yards,,-597,9645481998,0QA374143703#2301930637_13L88808Q11993669656Q20,milestone,2026-10-05T23:04:07.082469Z,2026-10-05T23:25:44.717128Z,2026-10-05T23:25:44.717128Z,,,
2026-10-05T23:24:55Z,football_nfl,32677,2026-10-06T00:15:00Z,player_reception_yds,draftkings,34118279,Chris Olave,espn:4361370,60+ Receiving Yards,,-353,9645481999,0QA374143703#2301930751_13L88808Q1338230796Q20,milestone,2026-10-05T23:04:07.082469Z,2026-10-05T23:25:44.717128Z,2026-10-05T23:25:44.717128Z,,,
2026-10-05T23:24:55Z,football_nfl,32677,2026-10-06T00:15:00Z,player_reception_yds,draftkings,34118279,Chris Olave,espn:4361370,70+ Receiving Yards,,-219,9645482000,0QA374143703#2301930862_13L88808Q1-2016709064Q20,milestone,2026-10-05T23:03:25.182208Z,2026-10-05T23:25:44.717128Z,2026-10-05T23:25:44.717128Z,,,
2026-10-05T23:24:55Z,football_nfl,32677,2026-10-06T00:15:00Z,player_reception_yds,draftkings,34118279,Chris Olave,espn:4361370,80+ Receiving Yards,,-146,9645482001,0QA374143703#2301931100_13L88808Q11271577035Q20,milestone,2026-10-05T23:04:07.082469Z,2026-10-05T23:25:44.717128Z,2026-10-05T23:25:44.717128Z,,,
2026-10-05T23:24:55Z,football_nfl,32677,2026-10-06T00:15:00Z,player_reception_yds,draftkings,34118279,Chris Olave,espn:4361370,87+ Receiving Yards,,-110,9645482002,0QA374143703#2304286718_13L88808Q1232256860Q20,milestone,2026-10-05T23:04:07.082469Z,2026-10-05T23:25:44.717128Z,2026-10-05T23:25:44.717128Z,,,
2026-10-05T23:24:55Z,football_nfl,32677,2026-10-06T00:15:00Z,player_reception_yds,draftkings,34118279,Chris Olave,espn:4361370,90+ Receiving Yards,,102,9645482003,0QA374143703#2301931187_13L88808Q157084223Q20,milestone,2026-10-05T23:03:25.182208Z,2026-10-05T23:25:44.717128Z,2026-10-05T23:25:44.717128Z,,,
2026-10-05T23:24:55Z,football_nfl,32677,2026-10-06T00:15:00Z,player_reception_yds,draftkings,34118279,Chris Olave,espn:4361370,Over,86.5,-110,9645482004,0QA374143623#2304286712_13L88808Q1-1436851905Q20,main,2026-10-05T23:05:14.070409Z,2026-10-05T23:25:44.717128Z,2026-10-05T23:25:44.717128Z,,,
2026-10-05T23:24:55Z,football_nfl,32677,2026-10-06T00:15:00Z,player_reception_yds,draftkings,34118279,Chris Olave,espn:4361370,Under,86.5,-114,9645482005,0QA374143623#2304286713_13L88808Q1-138493723Q20,main,2026-10-05T23:05:14.070409Z,2026-10-05T23:25:44.717128Z,2026-10-05T23:25:44.717128Z,,,
2026-10-05T23:24:55Z,football_nfl,32677,2026-10-06T00:15:00Z,player_reception_yds,draftkings,34118279,Devaughn Vele,espn:4569559,100+ Receiving Yards,,690,9645482006,0QA374144453#2301933363_13L88808Q11757535264Q20,milestone,2026-10-05T23:06:39.557037Z,2026-10-05T23:25:44.717128Z,2026-10-05T23:25:44.717128Z,,,
2026-10-05T23:24:55Z,football_nfl,32677,2026-10-06T00:15:00Z,player_reception_yds,draftkings,34118279,Devaughn Vele,espn:4569559,110+ Receiving Yards,,980,9645482007,0QA374144453#2301933364_13L88808Q11776581571Q20,milestone,2026-10-05T23:06:39.557037Z,2026-10-05T23:25:44.717128Z,2026-10-05T23:25:44.717128Z,,,
2026-10-05T23:24:55Z,football_nfl,32677,2026-10-06T00:15:00Z,player_reception_yds,draftkings,34118279,Devaughn Vele,espn:4569559,120+ Receiving Yards,,1360,9645482008,0QA374144453#2301933365_13L88808Q1-2036699519Q20,milestone,2026-10-05T23:06:39.557037Z,2026-10-05T23:25:44.717128Z,2026-10-05T23:25:44.717128Z,,,
2026-10-05T23:24:55Z,football_nfl,32677,2026-10-06T00:15:00Z,player_reception_yds,draftkings,34118279,Devaughn Vele,espn:4569559,130+ Receiving Yards,,1880,9645482009,0QA374144453#2301933366_13L88808Q1-545753065Q20,milestone,2026-10-05T23:06:39.557037Z,2026-10-05T23:25:44.717128Z,2026-10-05T23:25:44.717128Z,,,
2026-10-05T23:24:55Z,football_nfl,32677,2026-10-06T00:15:00Z,player_reception_yds,draftkings,34118279,Devaughn Vele,espn:4569559,140+ Receiving Yards,,2600,9645482010,0QA374144453#2301933367_13L88808Q11861959271Q20,milestone,2026-10-05T23:02:23.097940Z,2026-10-05T23:25:44.717128Z,2026-10-05T23:25:44.717128Z,,,
2026-10-05T23:24:55Z,football_nfl,32677,2026-10-06T00:15:00Z,player_reception_yds,draftkings,34118279,Devaughn Vele,espn:4569559,15+ Receiving Yards,,-700,9645482011,0QA374144453#2301933354_13L88808Q1-347953252Q20,milestone,2026-10-05T23:06:39.557037Z,2026-10-05T23:25:44.717128Z,2026-10-05T23:25:44.717128Z,,,
2026-10-05T23:24:55Z,football_nfl,32677,2026-10-06T00:15:00Z,player_reception_yds,draftkings,34118279,Devaughn Vele,espn:4569559,150+ Receiving Yards,,3400,11008148240,0QA374144453#2301942022_13L88808Q11550558023Q20,milestone,2026-10-05T22:53:47.194711Z,2026-10-05T23:25:44.717128Z,2026-10-05T23:25:44.717128Z,,,
2026-10-05T23:24:55Z,football_nfl,32677,2026-10-06T00:15:00Z,player_reception_yds,draftkings,34118279,Devaughn Vele,espn:4569559,25+ Receiving Yards,,-329,9645482012,0QA374144453#2301933355_13L88808Q144673524Q20,milestone,2026-10-05T23:06:39.557037Z,2026-10-05T23:25:44.717128Z,2026-10-05T23:25:44.717128Z,,,
2026-10-05T23:24:55Z,football_nfl,32677,2026-10-06T00:15:00Z,player_reception_yds,draftkings,34118279,Devaughn Vele,espn:4569559,40+ Receiving Yards,,-149,9645482013,0QA374144453#2301933356_13L88808Q1627513418Q20,milestone,2026-10-05T23:06:39.557037Z,2026-10-05T23:25:44.717128Z,2026-10-05T23:25:44.717128Z,,,
2026-10-05T23:24:55Z,football_nfl,32677,2026-10-06T00:15:00Z,player_reception_yds,draftkings,34118279,Devaughn Vele,espn:4569559,46+ Receiving Yards,,-114,9645482014,0QA374144453#2301937641_13L88808Q11888653544Q20,milestone,2026-10-05T23:06:39.557037Z,2026-10-05T23:25:44.717128Z,2026-10-05T23:25:44.717128Z,,,
2026-10-05T23:24:55Z,football_nfl,32677,2026-10-06T00:15:00Z,player_reception_yds,draftkings,34118279,Devaughn Vele,espn:4569559,50+ Receiving Yards,,104,9645482015,0QA374144453#2301933358_13L88808Q11993669656Q20,milestone,2026-10-05T23:06:39.557037Z,2026-10-05T23:25:44.717128Z,2026-10-05T23:25:44.717128Z,,,
2026-10-05T23:24:55Z,football_nfl,32677,2026-10-06T00:15:00Z,player_reception_yds,draftkings,34118279,Devaughn Vele,espn:4569559,60+ Receiving Yards,,158,9645482016,0QA374144453#2301933359_13L88808Q1338230796Q20,milestone,2026-10-05T23:06:39.557037Z,2026-10-05T23:25:44.717128Z,2026-10-05T23:25:44.717128Z,,,
2026-10-05T23:24:55Z,football_nfl,32677,2026-10-06T00:15:00Z,player_reception_yds,draftkings,34118279,Devaughn Vele,espn:4569559,70+ Receiving Yards,,232,9645482017,0QA374144453#2301933360_13L88808Q1-2016709064Q20,milestone,2026-10-05T23:06:39.557037Z,2026-10-05T23:25:44.717128Z,2026-10-05T23:25:44.717128Z,,,
2026-10-05T23:24:55Z,football_nfl,32677,2026-10-06T00:15:00Z,player_reception_yds,draftkings,34118279,Devaughn Vele,espn:4569559,80+ Receiving Yards,,340,9645482018,0QA374144453#2301933361_13L88808Q11271577035Q20,milestone,2026-10-05T23:06:39.557037Z,2026-10-05T23:25:44.717128Z,2026-10-05T23:25:44.717128Z,,,
2026-10-05T23:24:55Z,football_nfl,32677,2026-10-06T00:15:00Z,player_reception_yds,draftkings,34118279,Devaughn Vele,espn:4569559,90+ Receiving Yards,,481,9645482019,0QA374144453#2301933362_13L88808Q157084223Q20,milestone,2026-10-05T23:06:39.557037Z,2026-10-05T23:25:44.717128Z,2026-10-05T23:25:44.717128Z,,,
2026-10-05T23:24:55Z,football_nfl,32677,2026-10-06T00:15:00Z,player_reception_yds,draftkings,34118279,Devaughn Vele,espn:4569559,Over,45.5,-114,9645482020,0QA374143528#2301937551_13L88808Q1487907875Q20,main,2026-10-05T23:06:39.557037Z,2026-10-05T23:25:44.717128Z,2026-10-05T23:25:44.717128Z,,,
2026-10-05T23:24:55Z,football_nfl,32677,2026-10-06T00:15:00Z,player_reception_yds,draftkings,34118279,Devaughn Vele,espn:4569559,Under,45.5,-110,9645482021,0QA374143528#2301937552_13L88808Q1-796291587Q20,main,2026-10-05T23:06:39.557037Z,2026-10-05T23:25:44.717128Z,2026-10-05T23:25:44.717128Z,,,
2026-10-05T23:24:55Z,football_nfl,32677,2026-10-06T00:15:00Z,player_reception_yds,draftkings,34118279,Juwan Johnson,espn:3929645,100+ Receiving Yards,,810,9645482022,0QA374144232#2301931996_13L88808Q11757535264Q20,milestone,2026-10-05T23:03:25.182208Z,2026-10-05T23:25:44.717128Z,2026-10-05T23:25:44.717128Z,,,
2026-10-05T23:24:55Z,football_nfl,32677,2026-10-06T00:15:00Z,player_reception_yds,draftkings,34118279,Juwan Johnson,espn:3929645,110+ Receiving Yards,,1180,9645482023,0QA374144232#2301932085_13L88808Q11776581571Q20,milestone,2026-10-05T23:03:25.182208Z,2026-10-05T23:25:44.717128Z,2026-10-05T23:25:44.717128Z,,,
2026-10-05T23:24:55Z,football_nfl,32677,2026-10-06T00:15:00Z,player_reception_yds,draftkings,34118279,Juwan Johnson,espn:3929645,120+ Receiving Yards,,1700,9645482024,0QA374144232#2301932160_13L88808Q1-2036699519Q20,milestone,2026-10-05T23:03:25.182208Z,2026-10-05T23:25:44.717128Z,2026-10-05T23:25:44.717128Z,,,
2026-10-05T23:24:55Z,football_nfl,32677,2026-10-06T00:15:00Z,player_reception_yds,draftkings,34118279,Juwan Johnson,espn:3929645,130+ Receiving Yards,,2400,9687759862,0QA374144232#2301932243_13L88808Q1-545753065Q20,milestone,2026-10-05T23:03:25.182208Z,2026-10-05T23:25:44.717128Z,2026-10-05T23:25:44.717128Z,,,
2026-10-05T23:24:55Z,football_nfl,32677,2026-10-06T00:15:00Z,player_reception_yds,draftkings,34118279,Juwan Johnson,espn:3929645,140+ Receiving Yards,,3200,10159450299,0QA374144232#2302485694_13L88808Q11861959271Q20,milestone,2026-10-05T22:55:12.937073Z,2026-10-05T23:25:44.717128Z,2026-10-05T23:25:44.717128Z,,,
2026-10-05T23:24:55Z,football_nfl,32677,2026-10-06T00:15:00Z,player_reception_yds,draftkings,34118279,Juwan Johnson,espn:3929645,15+ Receiving Yards,,-1200,9645482025,0QA374144232#2301931375_13L88808Q1-347953252Q20,milestone,2026-10-05T23:03:25.182208Z,2026-10-05T23:25:44.717128Z,2026-10-05T23:25:44.717128Z,,,
2026-10-05T23:24:55Z,football_nfl,32677,2026-10-06T00:15:00Z,player_reception_yds,draftkings,34118279,Juwan Johnson,espn:3929645,25+ Receiving Yards,,-441,9645482026,0QA374144232#2301931383_13L88808Q144673524Q20,milestone,2026-10-05T23:03:25.182208Z,2026-10-05T23:25:44.717128Z,2026-10-05T23:25:44.717128Z,,,
2026-10-05T23:24:55Z,football_nfl,32677,2026-10-06T00:15:00Z,player_reception_yds,draftkings,34118279,Juwan Johnson,espn:3929645,40+ Receiving Yards,,-168,9645482028,0QA374144232#2301931576_13L88808Q1627513418Q20,milestone,2026-10-05T23:03:25.182208Z,2026-10-05T23:25:44.717128Z,2026-10-05T23:25:44.717128Z,,,
2026-10-05T23:24:55Z,football_nfl,32677,2026-10-06T00:15:00Z,player_reception_yds,draftkings,34118279,Juwan Johnson,espn:3929645,48+ Receiving Yards,,-110,10980775166,0QA374144232#2310489517_13L88808Q1235469520Q20,milestone,2026-10-05T23:03:25.182208Z,2026-10-05T23:25:44.717128Z,2026-10-05T23:25:44.717128Z,,,
2026-10-05T23:24:55Z,football_nfl,32677,2026-10-06T00:15:00Z,player_reception_yds,draftkings,34118279,Juwan Johnson,espn:3929645,50+ Receiving Yards,,100,9645482029,0QA374144232#2301931674_13L88808Q11993669656Q20,milestone,2026-10-05T23:03:25.182208Z,2026-10-05T23:25:44.717128Z,2026-10-05T23:25:44.717128Z,,,
2026-10-05T23:24:55Z,football_nfl,32677,2026-10-06T00:15:00Z,player_reception_yds,draftkings,34118279,Juwan Johnson,espn:3929645,60+ Receiving Yards,,162,9645482030,0QA374144232#2301931765_13L88808Q1338230796Q20,milestone,2026-10-05T23:03:25.182208Z,2026-10-05T23:25:44.717128Z,2026-10-05T23:25:44.717128Z,,,
2026-10-05T23:24:55Z,football_nfl,32677,2026-10-06T00:15:00Z,player_reception_yds,draftkings,34118279,Juwan Johnson,espn:3929645,70+ Receiving Yards,,248,9645482031,0QA374144232#2301931797_13L88808Q1-2016709064Q20,milestone,2026-10-05T23:03:25.182208Z,2026-10-05T23:25:44.717128Z,2026-10-05T23:25:44.717128Z,,,
2026-10-05T23:24:55Z,football_nfl,32677,2026-10-06T00:15:00Z,player_reception_yds,draftkings,34118279,Juwan Johnson,espn:3929645,80+ Receiving Yards,,369,9645482032,0QA374144232#2301931866_13L88808Q11271577035Q20,milestone,2026-10-05T23:03:25.182208Z,2026-10-05T23:25:44.717128Z,2026-10-05T23:25:44.717128Z,,,
2026-10-05T23:24:55Z,football_nfl,32677,2026-10-06T00:15:00Z,player_reception_yds,draftkings,34118279,Juwan Johnson,espn:3929645,90+ Receiving Yards,,546,9645482033,0QA374144232#2301931937_13L88808Q157084223Q20,milestone,2026-10-05T23:03:25.182208Z,2026-10-05T23:25:44.717128Z,2026-10-05T23:25:44.717128Z,,,
2026-10-05T23:24:55Z,football_nfl,32677,2026-10-06T00:15:00Z,player_reception_yds,draftkings,34118279,Juwan Johnson,espn:3929645,Over,47.5,-110,9645482034,0QA374143815#2310489509_13L88808Q1525019533Q20,main,2026-10-05T23:03:25.182208Z,2026-10-05T23:25:44.717128Z,2026-10-05T23:25:44.717128Z,,,
2026-10-05T23:24:55Z,football_nfl,32677,2026-10-06T00:15:00Z,player_reception_yds,draftkings,34118279,Juwan Johnson,espn:3929645,Under,47.5,-114,9645482035,0QA374143815#2310489510_13L88808Q11830758385Q20,main,2026-10-05T23:03:25.182208Z,2026-10-05T23:25:44.717128Z,2026-10-05T23:25:44.717128Z,,,
2026-10-05T23:24:55Z,football_nfl,32677,2026-10-06T00:15:00Z,player_receptions,draftkings,34118279,Alvin Kamara,espn:3054850,2+ Receptions,,-587,9645482046,0QA374144024#2301932119_13L88808Q1-78964909Q20,milestone,2026-10-05T23:04:43.558634Z,2026-10-05T23:25:44.717128Z,2026-10-05T23:25:44.717128Z,,,
2026-10-05T23:24:55Z,football_nfl,32677,2026-10-06T00:15:00Z,player_receptions,draftkings,34118279,Alvin Kamara,espn:3054850,3+ Receptions,,-176,9645482047,0QA374144024#2301932193_13L88808Q1-1007188401Q20,milestone,2026-10-05T23:04:43.558634Z,2026-10-05T23:25:44.717128Z,2026-10-05T23:25:44.717128Z,,,
2026-10-05T23:24:55Z,football_nfl,32677,2026-10-06T00:15:00Z,player_receptions,draftkings,34118279,Alvin Kamara,espn:3054850,4+ Receptions,,141,9645482048,0QA374144024#2301932207_13L88808Q11124471851Q20,milestone,2026-10-05T23:04:43.558634Z,2026-10-05T23:25:44.717128Z,2026-10-05T23:25:44.717128Z,,,
2026-10-05T23:24:55Z,football_nfl,32677,2026-10-06T00:15:00Z,player_receptions,draftkings,34118279,Alvin Kamara,espn:3054850,5+ Receptions,,322,9645482049,0QA374144024#2301932266_13L88808Q12134732303Q20,milestone,2026-10-05T23:04:43.558634Z,2026-10-05T23:25:44.717128Z,2026-10-05T23:25:44.717128Z,,,
2026-10-05T23:24:55Z,football_nfl,32677,2026-10-06T00:15:00Z,player_receptions,draftkings,34118279,Alvin Kamara,espn:3054850,6+ Receptions,,700,9645482050,0QA374144024#2301932339_13L88808Q1-61638999Q20,milestone,2026-10-05T23:04:43.558634Z,2026-10-05T23:25:44.717128Z,2026-10-05T23:25:44.717128Z,,,
2026-10-05T23:24:55Z,football_nfl,32677,2026-10-06T00:15:00Z,player_receptions,draftkings,34118279,Alvin Kamara,espn:3054850,7+ Receptions,,1420,9645482051,0QA374144024#2301942000_13L88808Q11495395552Q20,milestone,2026-10-05T23:04:43.558634Z,2026-10-05T23:25:44.717128Z,2026-10-05T23:25:44.717128Z,,,
2026-10-05T23:24:55Z,football_nfl,32677,2026-10-06T00:15:00Z,player_receptions,draftkings,34118279,Alvin Kamara,espn:3054850,8+ Receptions,,2500,9645482052,0QA374144024#2302485604_13L88808Q1-1412470928Q20,milestone,2026-10-05T23:04:43.558634Z,2026-10-05T23:25:44.717128Z,2026-10-05T23:25:44.717128Z,,,
2026-10-05T23:24:55Z,football_nfl,32677,2026-10-06T00:15:00Z,player_receptions,draftkings,34118279,Alvin Kamara,espn:3054850,Over,2.5,-178,9645482053,0QA374144010#2301941505_13L88808Q1-2107084182Q20,main,2026-10-05T23:05:14.070409Z,2026-10-05T23:25:44.717128Z,2026-10-05T23:25:44.717128Z,,,
2026-10-05T23:24:55Z,football_nfl,32677,2026-10-06T00:15:00Z,player_receptions,draftkings,34118279,Alvin Kamara,espn:3054850,Under,2.5,139,9645482054,0QA374144010#2301941506_13L88808Q11045072483Q20,main,2026-10-05T23:05:14.070409Z,2026-10-05T23:25:44.717128Z,2026-10-05T23:25:44.717128Z,,,
2026-10-05T23:24:55Z,football_nfl,32677,2026-10-06T00:15:00Z,player_receptions,draftkings,34118279,Chris Olave,espn:4361370,10+ Receptions,,404,9645482055,0QA374143929#2301931226_13L88808Q1-222257408Q20,milestone,2026-10-05T23:04:31.763903Z,2026-10-05T23:25:44.717128Z,2026-10-05T23:25:44.717128Z,,,
2026-10-05T23:24:55Z,football_nfl,32677,2026-10-06T00:15:00Z,player_receptions,draftkings,34118279,Chris Olave,espn:4361370,11+ Receptions,,710,9645482056,0QA374143929#2301931319_13L88808Q1-334647515Q20,milestone,2026-10-05T23:04:31.763903Z,2026-10-05T23:25:44.717128Z,2026-10-05T23:25:44.717128Z,,,
2026-10-05T23:24:55Z,football_nfl,32677,2026-10-06T00:15:00Z,player_receptions,draftkings,34118279,Chris Olave,espn:4361370,12+ Receptions,,1220,9645482057,0QA374143929#2301931390_13L88808Q1-893059143Q20,milestone,2026-10-05T23:04:31.763903Z,2026-10-05T23:25:44.717128Z,2026-10-05T23:25:44.717128Z,,,
2026-10-05T23:24:55Z,football_nfl,32677,2026-10-06T00:15:00Z,player_receptions,draftkings,34118279,Chris Olave,espn:4361370,13+ Receptions,,1980,9645482058,0QA374143929#2304149969_13L88808Q11044157326Q20,milestone,2026-10-05T23:04:31.763903Z,2026-10-05T23:25:44.717128Z,2026-10-05T23:25:44.717128Z,,,
2026-10-05T23:24:55Z,football_nfl,32677,2026-10-06T00:15:00Z,player_receptions,draftkings,34118279,Chris Olave,espn:4361370,14+ Receptions,,2800,9645482059,0QA374143929#2304173415_13L88808Q1-723076985Q20,milestone,2026-10-05T23:04:31.763903Z,2026-10-05T23:25:44.717128Z,2026-10-05T23:25:44.717128Z,,,
2026-10-05T23:24:55Z,football_nfl,32677,2026-10-06T00:15:00Z,player_receptions,draftkings,34118279,Chris Olave,espn:4361370,4+ Receptions,,-1720,9645482060,0QA374143929#2301930786_13L88808Q11124471851Q20,milestone,2026-10-05T23:04:31.763903Z,2026-10-05T23:25:44.717128Z,2026-10-05T23:25:44.717128Z,,,
2026-10-05T23:24:55Z,football_nfl,32677,2026-10-06T00:15:00Z,player_receptions,draftkings,34118279,Chris Olave,espn:4361370,5+ Receptions,,-630,9645482061,0QA374143929#2301930883_13L88808Q12134732303Q20,milestone,2026-10-05T23:04:31.763903Z,2026-10-05T23:25:44.717128Z,2026-10-05T23:25:44.717128Z,,,
2026-10-05T23:24:55Z,football_nfl,32677,2026-10-06T00:15:00Z,player_receptions,draftkings,34118279,Chris Olave,espn:4361370,6+ Receptions,,-280,9645482062,0QA374143929#2301930933_13L88808Q1-61638999Q20,milestone,2026-10-05T23:04:31.763903Z,2026-10-05T23:25:44.717128Z,2026-10-05T23:25:44.717128Z,,,
2026-10-05T23:24:55Z,football_nfl,32677,2026-10-06T00:15:00Z,player_receptions,draftkings,34118279,Chris Olave,espn:4361370,7+ Receptions,,-140,9645482063,0QA374143929#2301931026_13L88808Q11495395552Q20,milestone,2026-10-05T23:04:31.763903Z,2026-10-05T23:25:44.717128Z,2026-10-05T23:25:44.717128Z,,,
2026-10-05T23:24:55Z,football_nfl,32677,2026-10-06T00:15:00Z,player_receptions,draftkings,34118279,Chris Olave,espn:4361370,8+ Receptions,,131,9645482064,0QA374143929#2301931078_13L88808Q1-1412470928Q20,milestone,2026-10-05T23:04:31.763903Z,2026-10-05T23:25:44.717128Z,2026-10-05T23:25:44.717128Z,,,
2026-10-05T23:24:55Z,football_nfl,32677,2026-10-06T00:15:00Z,player_receptions,draftkings,34118279,Chris Olave,espn:4361370,9+ Receptions,,232,9645482065,0QA374143929#2301931163_13L88808Q1-1736336334Q20,milestone,2026-10-05T23:04:31.763903Z,2026-10-05T23:25:44.717128Z,2026-10-05T23:25:44.717128Z,,,
2026-10-05T23:24:55Z,football_nfl,32677,2026-10-06T00:15:00Z,player_receptions,draftkings,34118279,Chris Olave,espn:4361370,Over,6.5,-139,9645482066,0QA374144334#2301942018_13L88808Q1-122753611Q20,main,2026-10-05T23:04:31.763903Z,2026-10-05T23:25:44.717128Z,2026-10-05T23:25:44.717128Z,,,
2026-10-05T23:24:55Z,football_nfl,32677,2026-10-06T00:15:00Z,player_receptions,draftkings,34118279,Chris Olave,espn:4361370,Under,6.5,109,9645482067,0QA374144334#2301942019_13L88808Q1-1523053588Q20,main,2026-10-05T23:04:31.763903Z,2026-10-05T23:25:44.717128Z,2026-10-05T23:25:44.717128Z,,,
2026-10-05T23:24:55Z,football_nfl,32677,2026-10-06T00:15:00Z,player_receptions,draftkings,34118279,Devaughn Vele,espn:4569559,2+ Receptions,,-1660,9645482069,0QA374143758#2301930813_13L88808Q1-78964909Q20,milestone,2026-10-05T23:06:02.451163Z,2026-10-05T23:25:44.717128Z,2026-10-05T23:25:44.717128Z,,,
2026-10-05T23:24:55Z,football_nfl,32677,2026-10-06T00:15:00Z,player_receptions,draftkings,34118279,Devaughn Vele,espn:4569559,3+ Receptions,,-414,9645482070,0QA374143758#2301930910_13L88808Q1-1007188401Q20,milestone,2026-10-05T23:06:02.451163Z,2026-10-05T23:25:44.717128Z,2026-10-05T23:25:44.717128Z,,,
2026-10-05T23:24:55Z,football_nfl,32677,2026-10-06T00:15:00Z,player_receptions,draftkings,34118279,Devaughn Vele,espn:4569559,4+ Receptions,,-155,9645482071,0QA374143758#2301931008_13L88808Q11124471851Q20,milestone,2026-10-05T23:06:02.451163Z,2026-10-05T23:25:44.717128Z,2026-10-05T23:25:44.717128Z,,,
2026-10-05T23:24:55Z,football_nfl,32677,2026-10-06T00:15:00Z,player_receptions,draftkings,34118279,Devaughn Vele,espn:4569559,5+ Receptions,,140,9645482072,0QA374143758#2301931042_13L88808Q12134732303Q20,milestone,2026-10-05T23:06:02.451163Z,2026-10-05T23:25:44.717128Z,2026-10-05T23:25:44.717128Z,,,
2026-10-05T23:24:55Z,football_nfl,32677,2026-10-06T00:15:00Z,player_receptions,draftkings,34118279,Devaughn Vele,espn:4569559,6+ Receptions,,290,9645482073,0QA374143758#2301931107_13L88808Q1-61638999Q20,milestone,2026-10-05T23:06:02.451163Z,2026-10-05T23:25:44.717128Z,2026-10-05T23:25:44.717128Z,,,
2026-10-05T23:24:55Z,football_nfl,32677,2026-10-06T00:15:00Z,player_receptions,draftkings,34118279,Devaughn Vele,espn:4569559,7+ Receptions,,592,9645482074,0QA374143758#2301931192_13L88808Q11495395552Q20,milestone,2026-10-05T23:06:02.451163Z,2026-10-05T23:25:44.717128Z,2026-10-05T23:25:44.717128Z,,,
2026-10-05T23:24:55Z,football_nfl,32677,2026-10-06T00:15:00Z,player_receptions,draftkings,34118279,Devaughn Vele,espn:4569559,8+ Receptions,,1160,9645482075,0QA374143758#2301931234_13L88808Q1-1412470928Q20,milestone,2026-10-05T23:06:02.451163Z,2026-10-05T23:25:44.717128Z,2026-10-05T23:25:44.717128Z,,,
2026-10-05T23:24:55Z,football_nfl,32677,2026-10-06T00:15:00Z,player_receptions,draftkings,34118279,Devaughn Vele,espn:4569559,9+ Receptions,,2000,9645482076,0QA374143758#2301931328_13L88808Q1-1736336334Q20,milestone,2026-10-05T23:06:02.451163Z,2026-10-05T23:25:44.717128Z,2026-10-05T23:25:44.717128Z,,,
2026-10-05T23:24:55Z,football_nfl,32677,2026-10-06T00:15:00Z,player_receptions,draftkings,34118279,Devaughn Vele,espn:4569559,Over,3.5,-153,9645482077,0QA374143897#2301931695_13L88808Q1730991375Q20,main,2026-10-05T22:57:35.638672Z,2026-10-05T23:25:44.717128Z,2026-10-05T23:25:44.717128Z,,,
2026-10-05T23:24:55Z,football_nfl,32677,2026-10-06T00:15:00Z,player_receptions,draftkings,34118279,Devaughn Vele,espn:4569559,Under,3.5,120,9645482078,0QA374143897#2301931714_13L88808Q1-616481466Q20,main,2026-10-05T22:57:35.638672Z,2026-10-05T23:25:44.717128Z,2026-10-05T23:25:44.717128Z,,,
2026-10-05T23:24:55Z,football_nfl,32677,2026-10-06T00:15:00Z,player_receptions,draftkings,34118279,Juwan Johnson,espn:3929645,10+ Receptions,,2700,10939012798,0QA374144440#2304149984_13L88808Q1-222257408Q20,milestone,2026-10-05T23:06:34.254389Z,2026-10-05T23:25:44.717128Z,2026-10-05T23:25:44.717128Z,,,
2026-10-05T23:24:55Z,football_nfl,32677,2026-10-06T00:15:00Z,player_receptions,draftkings,34118279,Juwan Johnson,espn:3929645,2+ Receptions,,-2000,9645482079,0QA374144440#2301932935_13L88808Q1-78964909Q20,milestone,2026-10-05T23:06:34.254389Z,2026-10-05T23:25:44.717128Z,2026-10-05T23:25:44.717128Z,,,
2026-10-05T23:24:55Z,football_nfl,32677,2026-10-06T00:15:00Z,player_receptions,draftkings,34118279,Juwan Johnson,espn:3929645,3+ Receptions,,-492,9645482080,0QA374144440#2301932965_13L88808Q1-1007188401Q20,milestone,2026-10-05T23:06:34.254389Z,2026-10-05T23:25:44.717128Z,2026-10-05T23:25:44.717128Z,,,
2026-10-05T23:24:55Z,football_nfl,32677,2026-10-06T00:15:00Z,player_receptions,draftkings,34118279,Juwan Johnson,espn:3929645,4+ Receptions,,-190,9645482081,0QA374144440#2301932993_13L88808Q11124471851Q20,milestone,2026-10-05T23:06:34.254389Z,2026-10-05T23:25:44.717128Z,2026-10-05T23:25:44.717128Z,,,
2026-10-05T23:24:55Z,football_nfl,32677,2026-10-06T00:15:00Z,player_receptions,draftkings,34118279,Juwan Johnson,espn:3929645,5+ Receptions,,117,9645482082,0QA374144440#2301933015_13L88808Q12134732303Q20,milestone,2026-10-05T23:06:34.254389Z,2026-10-05T23:25:44.717128Z,2026-10-05T23:25:44.717128Z,,,
2026-10-05T23:24:55Z,football_nfl,32677,2026-10-06T00:15:00Z,player_receptions,draftkings,34118279,Juwan Johnson,espn:3929645,6+ Receptions,,246,9645482083,0QA374144440#2301933036_13L88808Q1-61638999Q20,milestone,2026-10-05T23:06:34.254389Z,2026-10-05T23:25:44.717128Z,2026-10-05T23:25:44.717128Z,,,
2026-10-05T23:24:55Z,football_nfl,32677,2026-10-06T00:15:00Z,player_receptions,draftkings,34118279,Juwan Johnson,espn:3929645,7+ Receptions,,494,9645482084,0QA374144440#2301933041_13L88808Q11495395552Q20,milestone,2026-10-05T23:06:34.254389Z,2026-10-05T23:25:44.717128Z,2026-10-05T23:25:44.717128Z,,,
2026-10-05T23:24:55Z,football_nfl,32677,2026-10-06T00:15:00Z,player_receptions,draftkings,34118279,Juwan Johnson,espn:3929645,8+ Receptions,,950,9645482085,0QA374144440#2301933066_13L88808Q1-1412470928Q20,milestone,2026-10-05T23:06:34.254389Z,2026-10-05T23:25:44.717128Z,2026-10-05T23:25:44.717128Z,,,
2026-10-05T23:24:55Z,football_nfl,32677,2026-10-06T00:15:00Z,player_receptions,draftkings,34118279,Juwan Johnson,espn:3929645,9+ Receptions,,1760,9645482086,0QA374144440#2301933086_13L88808Q1-1736336334Q20,milestone,2026-10-05T23:06:34.254389Z,2026-10-05T23:25:44.717128Z,2026-10-05T23:25:44.717128Z,,,
2026-10-05T23:24:55Z,football_nfl,32677,2026-10-06T00:15:00Z,player_receptions,draftkings,34118279,Juwan Johnson,espn:3929645,Over,4.5,118,9645482087,0QA374143509#2304149870_13L88808Q11445674842Q20,main,2026-10-05T22:57:35.638672Z,2026-10-05T23:25:44.717128Z,2026-10-05T23:25:44.717128Z,,,
2026-10-05T23:24:55Z,football_nfl,32677,2026-10-06T00:15:00Z,player_receptions,draftkings,34118279,Juwan Johnson,espn:3929645,Under,4.5,-151,9645482088,0QA374143509#2304149871_13L88808Q1-2138696Q20,main,2026-10-05T22:57:35.638672Z,2026-10-05T23:25:44.717128Z,2026-10-05T23:25:44.717128Z,,,
2026-10-05T23:24:55Z,football_nfl,32677,2026-10-06T00:15:00Z,player_reception_yds,draftkings,34118279,Austin Hooper,espn:3043275,15+ Receiving Yards,,233,9648539085,0QA374143977#2301931483_13L88808Q1-347953252Q20,milestone,2026-10-05T23:18:16.236696Z,2026-10-05T23:25:44.717128Z,2026-10-05T23:25:44.717128Z,,,
2026-10-05T23:24:55Z,football_nfl,32677,2026-10-06T00:15:00Z,player_reception_yds,draftkings,34118279,Austin Hooper,espn:3043275,25+ Receiving Yards,,511,9648539086,0QA374143977#2301931546_13L88808Q144673524Q20,milestone,2026-10-05T23:18:16.236696Z,2026-10-05T23:25:44.717128Z,2026-10-05T23:25:44.717128Z,,,
2026-10-05T23:24:55Z,football_nfl,32677,2026-10-06T00:15:00Z,player_reception_yds,draftkings,34118279,Austin Hooper,espn:3043275,40+ Receiving Yards,,1360,9648539088,0QA374143977#2301931624_13L88808Q1627513418Q20,milestone,2026-10-05T23:18:16.236696Z,2026-10-05T23:25:44.717128Z,2026-10-05T23:25:44.717128Z,,,
2026-10-05T23:24:55Z,football_nfl,32677,2026-10-06T00:15:00Z,player_reception_yds,draftkings,34118279,Austin Hooper,espn:3043275,50+ Receiving Yards,,2300,9648539093,0QA374143977#2301931668_13L88808Q11993669656Q20,milestone,2026-10-05T23:08:33.510962Z,2026-10-05T23:25:44.717128Z,2026-10-05T23:25:44.717128Z,,,
2026-10-05T23:24:55Z,football_nfl,32677,2026-10-06T00:15:00Z,player_reception_yds,draftkings,34118279,Austin Hooper,espn:3043275,60+ Receiving Yards,,3500,9648539098,0QA374143977#2301931760_13L88808Q1338230796Q20,milestone,2026-10-05T23:17:40.986968Z,2026-10-05T23:25:44.717128Z,2026-10-05T23:25:44.717128Z,,,
2026-10-05T23:24:55Z,football_nfl,32677,2026-10-06T00:15:00Z,player_reception_yds,draftkings,34118279,Austin Hooper,espn:3043275,7+ Receiving Yards,,-106,10944180205,0QA374143977#2301952073_13L88808Q11905459241Q20,milestone,2026-10-05T23:18:16.236696Z,2026-10-05T23:25:44.717128Z,2026-10-05T23:25:44.717128Z,,,
2026-10-05T23:24:55Z,football_nfl,32677,2026-10-06T00:15:00Z,player_reception_yds,draftkings,34118279,Austin Hooper,espn:3043275,Over,6.5,-106,9648539103,0QA374144320#2301952077_13L88808Q1-291429181Q20,main,2026-10-05T23:18:48.710408Z,2026-10-05T23:25:44.717128Z,2026-10-05T23:25:44.717128Z,,,
2026-10-05T23:24:55Z,football_nfl,32677,2026-10-06T00:15:00Z,player_reception_yds,draftkings,34118279,Austin Hooper,espn:3043275,Under,6.5,-118,9648539104,0QA374144320#2301952078_13L88808Q1-1263895043Q20,main,2026-10-05T23:18:48.710408Z,2026-10-05T23:25:44.717128Z,2026-10-05T23:25:44.717128Z,,,
2026-10-05T23:24:55Z,football_nfl,32677,2026-10-06T00:15:00Z,player_receptions,draftkings,34118279,Austin Hooper,espn:3043275,2+ Receptions,,224,9648539105,0QA374144330#2301932444_13L88808Q1-78964909Q20,milestone,2026-10-05T22:59:12.179766Z,2026-10-05T23:25:44.717128Z,2026-10-05T23:25:44.717128Z,,,
2026-10-05T23:24:55Z,football_nfl,32677,2026-10-06T00:15:00Z,player_receptions,draftkings,34118279,Austin Hooper,espn:3043275,3+ Receptions,,750,9648539107,0QA374144330#2301932474_13L88808Q1-1007188401Q20,milestone,2026-10-05T22:59:12.179766Z,2026-10-05T23:25:44.717128Z,2026-10-05T23:25:44.717128Z,,,
2026-10-05T23:24:55Z,football_nfl,32677,2026-10-06T00:15:00Z,player_receptions,draftkings,34118279,Austin Hooper,espn:3043275,4+ Receptions,,2100,9648539109,0QA374144330#2301932545_13L88808Q11124471851Q20,milestone,2026-10-05T22:59:12.179766Z,2026-10-05T23:25:44.717128Z,2026-10-05T23:25:44.717128Z,,,
2026-10-05T23:24:55Z,football_nfl,32677,2026-10-06T00:15:00Z,player_receptions,draftkings,34118279,Austin Hooper,espn:3043275,Over,0.5,-206,9648539115,0QA374144167#2301932296_13L88808Q11748027846Q20,main,2026-10-05T22:59:12.179766Z,2026-10-05T23:25:44.717128Z,2026-10-05T23:25:44.717128Z,,,
2026-10-05T23:24:55Z,football_nfl,32677,2026-10-06T00:15:00Z,player_receptions,draftkings,34118279,Austin Hooper,espn:3043275,Under,0.5,160,9648539117,0QA374144167#2301932301_13L88808Q11828871616Q20,main,2026-10-05T22:59:12.179766Z,2026-10-05T23:25:44.717128Z,2026-10-05T23:25:44.717128Z,,,
2026-10-05T23:24:55Z,football_nfl,32677,2026-10-06T00:15:00Z,player_rush_yds,draftkings,34118279,Tyler Shough,espn:4360689,Over,17.5,-107,9689116480,0QA374143750#2301930625_13L88808Q1-1416981242Q20,main,2026-10-05T22:47:48.875715Z,2026-10-05T23:25:44.717128Z,2026-10-05T23:25:44.717128Z,,,
2026-10-05T23:24:55Z,football_nfl,32677,2026-10-06T00:15:00Z,player_rush_yds,draftkings,34118279,Tyler Shough,espn:4360689,Under,17.5,-118,9689116481,0QA374143750#2301930758_13L88808Q1-1814404542Q20,main,2026-10-05T22:47:48.875715Z,2026-10-05T23:25:44.717128Z,2026-10-05T23:25:44.717128Z,,,
2026-10-05T23:24:55Z,football_nfl,32677,2026-10-06T00:15:00Z,player_rush_yds,draftkings,34118279,Michael Penix Jr.,espn:4360423,10+ Rushing Yards,,231,9747400298,0QA374144850#2301935122_13L88808Q1713919674Q20,milestone,2026-10-05T22:58:09.141989Z,2026-10-05T23:25:44.717128Z,2026-10-05T23:25:44.717128Z,,,
2026-10-05T23:24:55Z,football_nfl,32677,2026-10-06T00:15:00Z,player_rush_yds,draftkings,34118279,Michael Penix Jr.,espn:4360423,15+ Rushing Yards,,448,9747400299,0QA374144850#2301935131_13L88808Q11708874668Q20,milestone,2026-10-05T22:58:09.141989Z,2026-10-05T23:25:44.717128Z,2026-10-05T23:25:44.717128Z,,,
2026-10-05T23:24:55Z,football_nfl,32677,2026-10-06T00:15:00Z,player_rush_yds,draftkings,34118279,Michael Penix Jr.,espn:4360423,20+ Rushing Yards,,800,9747400300,0QA374144850#2301935147_13L88808Q1-784319172Q20,milestone,2026-10-05T21:52:10.767965Z,2026-10-05T23:25:44.717128Z,2026-10-05T23:25:44.717128Z,,,
2026-10-05T23:24:55Z,football_nfl,32677,2026-10-06T00:15:00Z,player_rush_yds,draftkings,34118279,Michael Penix Jr.,espn:4360423,25+ Rushing Yards,,1320,9747400301,0QA374144850#2301935156_13L88808Q11842635267Q20,milestone,2026-10-05T22:58:09.141989Z,2026-10-05T23:25:44.717128Z,2026-10-05T23:25:44.717128Z,,,
2026-10-05T23:24:55Z,football_nfl,32677,2026-10-06T00:15:00Z,player_rush_yds,draftkings,34118279,Michael Penix Jr.,espn:4360423,30+ Rushing Yards,,2100,9747400302,0QA374144850#2301935162_13L88808Q1451706787Q20,milestone,2026-10-05T22:58:09.141989Z,2026-10-05T23:25:44.717128Z,2026-10-05T23:25:44.717128Z,,,
2026-10-05T23:24:55Z,football_nfl,32677,2026-10-06T00:15:00Z,player_rush_yds,draftkings,34118279,Michael Penix Jr.,espn:4360423,4+ Rushing Yards,,-119,10945643168,0QA374144850#2304968683_13L88808Q1-732051785Q20,milestone,2026-10-05T22:58:09.141989Z,2026-10-05T23:25:44.717128Z,2026-10-05T23:25:44.717128Z,,,
2026-10-05T23:24:55Z,football_nfl,32677,2026-10-06T00:15:00Z,player_rush_yds,draftkings,34118279,Michael Penix Jr.,espn:4360423,40+ Rushing Yards,,4000,9747400303,0QA374144850#2301935167_13L88808Q1-424241391Q20,milestone,2026-10-05T22:58:09.141989Z,2026-10-05T23:25:44.717128Z,2026-10-05T23:25:44.717128Z,,,
2026-10-05T23:24:55Z,football_nfl,32677,2026-10-06T00:15:00Z,player_rush_yds,draftkings,34118279,Michael Penix Jr.,espn:4360423,Over,3.5,-122,9747400318,0QA374144868#2304968690_13L88808Q1207847687Q20,main,2026-10-05T16:56:28.611416Z,2026-10-05T23:25:44.717128Z,2026-10-05T23:25:44.717128Z,,,
2026-10-05T23:24:55Z,football_nfl,32677,2026-10-06T00:15:00Z,player_rush_yds,draftkings,34118279,Michael Penix Jr.,espn:4360423,Under,3.5,-103,9747400322,0QA374144868#2304968691_13L88808Q1-663537394Q20,main,2026-10-05T16:56:28.611416Z,2026-10-05T23:25:44.717128Z,2026-10-05T23:25:44.717128Z,,,
2026-10-05T23:24:55Z,football_nfl,32677,2026-10-06T00:15:00Z,player_reception_yds,draftkings,34118279,Olamide Zaccheaus,espn:3917914,15+ Receiving Yards,,157,9906173840,0QA374143713#2301930239_13L88808Q1-347953252Q20,milestone,2026-10-05T23:26:12.363549Z,2026-10-05T23:26:12.353828Z,2026-10-05T23:26:12.353828Z,,,
2026-10-05T23:24:55Z,football_nfl,32677,2026-10-06T00:15:00Z,player_reception_yds,draftkings,34118279,Olamide Zaccheaus,espn:3917914,25+ Receiving Yards,,365,9906173841,0QA374143713#2301930279_13L88808Q144673524Q20,milestone,2026-10-05T23:26:12.363549Z,2026-10-05T23:26:12.353828Z,2026-10-05T23:26:12.353828Z,,,
2026-10-05T23:24:55Z,football_nfl,32677,2026-10-06T00:15:00Z,player_reception_yds,draftkings,34118279,Olamide Zaccheaus,espn:3917914,40+ Receiving Yards,,1020,9906173842,0QA374143713#2301930326_13L88808Q1627513418Q20,milestone,2026-10-05T23:26:12.363549Z,2026-10-05T23:26:12.353828Z,2026-10-05T23:26:12.353828Z,,,
2026-10-05T23:24:55Z,football_nfl,32677,2026-10-06T00:15:00Z,player_reception_yds,draftkings,34118279,Olamide Zaccheaus,espn:3917914,50+ Receiving Yards,,1780,9906173843,0QA374143713#2301930336_13L88808Q11993669656Q20,milestone,2026-10-05T23:26:12.363549Z,2026-10-05T23:26:12.353828Z,2026-10-05T23:26:12.353828Z,,,
2026-10-05T23:24:55Z,football_nfl,32677,2026-10-06T00:15:00Z,player_reception_yds,draftkings,34118279,Olamide Zaccheaus,espn:3917914,60+ Receiving Yards,,2800,9906173844,0QA374143713#2301930369_13L88808Q1338230796Q20,milestone,2026-10-05T23:26:12.363549Z,2026-10-05T23:26:12.353828Z,2026-10-05T23:26:12.353828Z,,,
2026-10-05T23:24:55Z,football_nfl,32677,2026-10-06T00:15:00Z,player_reception_yds,draftkings,34118279,Olamide Zaccheaus,espn:3917914,9+ Receiving Yards,,-114,10281268744,0QA374143713#2301954058_13L88808Q1-691295195Q20,milestone,2026-10-05T22:47:48.875715Z,2026-10-05T23:26:12.353828Z,2026-10-05T23:26:12.353828Z,,,
2026-10-05T23:24:55Z,football_nfl,32677,2026-10-06T00:15:00Z,player_reception_yds,draftkings,34118279,Olamide Zaccheaus,espn:3917914,Over,8.5,-115,9906173846,0QA374143632#2301954052_13L88808Q1362015947Q20,main,2026-10-05T22:37:50.436377Z,2026-10-05T23:26:09.350092Z,2026-10-05T23:26:09.350092Z,,,
2026-10-05T23:24:55Z,football_nfl,32677,2026-10-06T00:15:00Z,player_reception_yds,draftkings,34118279,Olamide Zaccheaus,espn:3917914,Under,8.5,-109,9906173847,0QA374143632#2301954053_13L88808Q1-1349259294Q20,main,2026-10-05T22:37:50.436377Z,2026-10-05T23:26:09.350092Z,2026-10-05T23:26:09.350092Z,,,
2026-10-05T23:24:55Z,football_nfl,32677,2026-10-06T00:15:00Z,player_receptions,draftkings,34118279,Olamide Zaccheaus,espn:3917914,2+ Receptions,,119,9906173848,0QA374144171#2301932312_13L88808Q1-78964909Q20,milestone,2026-10-05T23:26:12.363549Z,2026-10-05T23:26:12.353828Z,2026-10-05T23:26:12.353828Z,,,
2026-10-05T23:24:55Z,football_nfl,32677,2026-10-06T00:15:00Z,player_receptions,draftkings,34118279,Olamide Zaccheaus,espn:3917914,3+ Receptions,,381,9906173849,0QA374144171#2301932356_13L88808Q1-1007188401Q20,milestone,2026-10-05T23:26:12.363549Z,2026-10-05T23:26:12.353828Z,2026-10-05T23:26:12.353828Z,,,
2026-10-05T23:24:55Z,football_nfl,32677,2026-10-06T00:15:00Z,player_receptions,draftkings,34118279,Olamide Zaccheaus,espn:3917914,4+ Receptions,,1060,9906173850,0QA374144171#2301932390_13L88808Q11124471851Q20,milestone,2026-10-05T23:26:12.363549Z,2026-10-05T23:26:12.353828Z,2026-10-05T23:26:12.353828Z,,,
2026-10-05T23:24:55Z,football_nfl,32677,2026-10-06T00:15:00Z,player_receptions,draftkings,34118279,Olamide Zaccheaus,espn:3917914,5+ Receptions,,2400,10195263725,0QA374144171#2301932427_13L88808Q12134732303Q20,milestone,2026-10-05T23:26:12.363549Z,2026-10-05T23:26:12.353828Z,2026-10-05T23:26:12.353828Z,,,
2026-10-05T23:24:55Z,football_nfl,32677,2026-10-06T00:15:00Z,player_receptions,draftkings,34118279,Olamide Zaccheaus,espn:3917914,Over,1.5,119,9906173851,0QA374144336#2301931823_13L88808Q1-1669482518Q20,main,2026-10-05T23:26:09.360207Z,2026-10-05T23:26:09.350092Z,2026-10-05T23:26:09.350092Z,,,
2026-10-05T23:24:55Z,football_nfl,32677,2026-10-06T00:15:00Z,player_receptions,draftkings,34118279,Olamide Zaccheaus,espn:3917914,Under,1.5,-153,9906173852,0QA374144336#2301931891_13L88808Q1-847255388Q20,main,2026-10-05T23:26:09.360207Z,2026-10-05T23:26:09.350092Z,2026-10-05T23:26:09.350092Z,,,
2026-10-05T23:24:55Z,football_nfl,32677,2026-10-06T00:15:00Z,player_rush_yds,draftkings,34118279,Tyler Shough,espn:4360689,10+ Rushing Yards,,-285,9967695828,0QA374143503#2301929839_13L88808Q1713919674Q20,milestone,2026-10-05T22:47:48.875715Z,2026-10-05T23:25:44.717128Z,2026-10-05T23:25:44.717128Z,,,
2026-10-05T23:24:55Z,football_nfl,32677,2026-10-06T00:15:00Z,player_rush_yds,draftkings,34118279,Tyler Shough,espn:4360689,15+ Rushing Yards,,-148,9967695829,0QA374143503#2301929860_13L88808Q11708874668Q20,milestone,2026-10-05T22:47:48.875715Z,2026-10-05T23:25:44.717128Z,2026-10-05T23:25:44.717128Z,,,
2026-10-05T23:24:55Z,football_nfl,32677,2026-10-06T00:15:00Z,player_rush_yds,draftkings,34118279,Tyler Shough,espn:4360689,18+ Rushing Yards,,-107,10255462783,0QA374143503#2301929876_13L88808Q1699308794Q20,milestone,2026-10-05T22:47:48.875715Z,2026-10-05T23:25:44.717128Z,2026-10-05T23:25:44.717128Z,,,
2026-10-05T23:24:55Z,football_nfl,32677,2026-10-06T00:15:00Z,player_rush_yds,draftkings,34118279,Tyler Shough,espn:4360689,20+ Rushing Yards,,114,9967695831,0QA374143503#2301929889_13L88808Q1-784319172Q20,milestone,2026-10-05T22:47:48.875715Z,2026-10-05T23:25:44.717128Z,2026-10-05T23:25:44.717128Z,,,
2026-10-05T23:24:55Z,football_nfl,32677,2026-10-06T00:15:00Z,player_rush_yds,draftkings,34118279,Tyler Shough,espn:4360689,25+ Rushing Yards,,183,9967695832,0QA374143503#2301929901_13L88808Q11842635267Q20,milestone,2026-10-05T22:47:48.875715Z,2026-10-05T23:25:44.717128Z,2026-10-05T23:25:44.717128Z,,,
2026-10-05T23:24:55Z,football_nfl,32677,2026-10-06T00:15:00Z,player_rush_yds,draftkings,34118279,Tyler Shough,espn:4360689,30+ Rushing Yards,,284,9967695833,0QA374143503#2301929913_13L88808Q1451706787Q20,milestone,2026-10-05T22:47:48.875715Z,2026-10-05T23:25:44.717128Z,2026-10-05T23:25:44.717128Z,,,
2026-10-05T23:24:55Z,football_nfl,32677,2026-10-06T00:15:00Z,player_rush_yds,draftkings,34118279,Tyler Shough,espn:4360689,40+ Rushing Yards,,596,9967695834,0QA374143503#2301929923_13L88808Q1-424241391Q20,milestone,2026-10-05T22:47:48.875715Z,2026-10-05T23:25:44.717128Z,2026-10-05T23:25:44.717128Z,,,
2026-10-05T23:24:55Z,football_nfl,32677,2026-10-06T00:15:00Z,player_rush_yds,draftkings,34118279,Tyler Shough,espn:4360689,50+ Rushing Yards,,1140,9967695835,0QA374143503#2301929927_13L88808Q1166871894Q20,milestone,2026-10-05T22:47:48.875715Z,2026-10-05T23:25:44.717128Z,2026-10-05T23:25:44.717128Z,,,
2026-10-05T23:24:55Z,football_nfl,32677,2026-10-06T00:15:00Z,player_rush_yds,draftkings,34118279,Tyler Shough,espn:4360689,60+ Rushing Yards,,1940,9967695836,0QA374143503#2301929947_13L88808Q1657416373Q20,milestone,2026-10-05T22:47:48.875715Z,2026-10-05T23:25:44.717128Z,2026-10-05T23:25:44.717128Z,,,
2026-10-05T23:24:55Z,football_nfl,32677,2026-10-06T00:15:00Z,player_rush_yds,draftkings,34118279,Tyler Shough,espn:4360689,70+ Rushing Yards,,3000,9967695837,0QA374143503#2301929971_13L88808Q1-367574207Q20,milestone,2026-10-05T22:28:10.137561Z,2026-10-05T23:25:44.717128Z,2026-10-05T23:25:44.717128Z,,,
2026-10-05T23:24:55Z,football_nfl,32677,2026-10-06T00:15:00Z,player_reception_yds,draftkings,34118279,Zachariah Branch,espn:4870612,100+ Receiving Yards,,3200,10998979382,0QA374143622#2310566618_13L88808Q11757535264Q20,milestone,2026-10-05T23:08:57.498233Z,2026-10-05T23:26:16.973327Z,2026-10-05T23:26:16.973327Z,,,
2026-10-05T23:24:55Z,football_nfl,32677,2026-10-06T00:15:00Z,player_reception_yds,draftkings,34118279,Zachariah Branch,espn:4870612,110+ Receiving Yards,,4000,11019774422,0QA374143622#2310625590_13L88808Q11776581571Q20,milestone,2026-10-05T23:08:03.934391Z,2026-10-05T23:26:16.973327Z,2026-10-05T23:26:16.973327Z,,,
2026-10-05T23:24:55Z,football_nfl,32677,2026-10-06T00:15:00Z,player_reception_yds,draftkings,34118279,Zachariah Branch,espn:4870612,15+ Receiving Yards,,169,10887193587,0QA374143622#2301930112_13L88808Q1-347953252Q20,milestone,2026-10-05T23:26:16.977676Z,2026-10-05T23:26:16.973327Z,2026-10-05T23:26:16.973327Z,,,
2026-10-05T23:24:55Z,football_nfl,32677,2026-10-06T00:15:00Z,player_reception_yds,draftkings,34118279,Zachariah Branch,espn:4870612,25+ Receiving Yards,,285,10887193588,0QA374143622#2301930142_13L88808Q144673524Q20,milestone,2026-10-05T23:26:16.977676Z,2026-10-05T23:26:16.973327Z,2026-10-05T23:26:16.973327Z,,,
2026-10-05T23:24:55Z,football_nfl,32677,2026-10-06T00:15:00Z,player_reception_yds,draftkings,34118279,Zachariah Branch,espn:4870612,40+ Receiving Yards,,515,10887193589,0QA374143622#2301930168_13L88808Q1627513418Q20,milestone,2026-10-05T23:26:16.977676Z,2026-10-05T23:26:16.973327Z,2026-10-05T23:26:16.973327Z,,,
2026-10-05T23:24:55Z,football_nfl,32677,2026-10-06T00:15:00Z,player_reception_yds,draftkings,34118279,Zachariah Branch,espn:4870612,5+ Receiving Yards,,-113,10889908438,0QA374143622#2302029054_13L88808Q1-1194353027Q20,milestone,2026-10-05T23:26:16.977676Z,2026-10-05T23:26:16.973327Z,2026-10-05T23:26:16.973327Z,,,
2026-10-05T23:24:55Z,football_nfl,32677,2026-10-06T00:15:00Z,player_reception_yds,draftkings,34118279,Zachariah Branch,espn:4870612,50+ Receiving Yards,,750,10887193591,0QA374143622#2301930205_13L88808Q11993669656Q20,milestone,2026-10-05T23:26:16.977676Z,2026-10-05T23:26:16.973327Z,2026-10-05T23:26:16.973327Z,,,
2026-10-05T23:24:55Z,football_nfl,32677,2026-10-06T00:15:00Z,player_reception_yds,draftkings,34118279,Zachariah Branch,espn:4870612,6+ Receiving Yards,,-108,10998979388,0QA374143622#2310566929_13L88808Q1643517261Q20,milestone,2026-10-05T23:25:44.911021Z,2026-10-05T23:25:44.911021Z,2026-10-05T23:26:16.973327Z,,,
2026-10-05T23:24:55Z,football_nfl,32677,2026-10-06T00:15:00Z,player_reception_yds,draftkings,34118279,Zachariah Branch,espn:4870612,60+ Receiving Yards,,1080,10955228641,0QA374143622#2302029055_13L88808Q1338230796Q20,milestone,2026-10-05T23:26:16.977676Z,2026-10-05T23:26:16.973327Z,2026-10-05T23:26:16.973327Z,,,
2026-10-05T23:24:55Z,football_nfl,32677,2026-10-06T00:15:00Z,player_reception_yds,draftkings,34118279,Zachariah Branch,espn:4870612,70+ Receiving Yards,,1460,10959783841,0QA374143622#2310421734_13L88808Q1-2016709064Q20,milestone,2026-10-05T23:26:16.977676Z,2026-10-05T23:26:16.973327Z,2026-10-05T23:26:16.973327Z,,,
2026-10-05T23:24:55Z,football_nfl,32677,2026-10-06T00:15:00Z,player_reception_yds,draftkings,34118279,Zachariah Branch,espn:4870612,80+ Receiving Yards,,2000,10959783842,0QA374143622#2310421888_13L88808Q11271577035Q20,milestone,2026-10-05T23:26:16.977676Z,2026-10-05T23:26:16.973327Z,2026-10-05T23:26:16.973327Z,,,
2026-10-05T23:24:55Z,football_nfl,32677,2026-10-06T00:15:00Z,player_reception_yds,draftkings,34118279,Zachariah Branch,espn:4870612,90+ Receiving Yards,,2600,10983893304,0QA374143622#2310505405_13L88808Q157084223Q20,milestone,2026-10-05T23:24:51.697360Z,2026-10-05T23:26:16.973327Z,2026-10-05T23:26:16.973327Z,,,
2026-10-05T23:24:55Z,football_nfl,32677,2026-10-06T00:15:00Z,player_reception_yds,draftkings,34118279,Zachariah Branch,espn:4870612,Over,5.5,-108,10887193592,0QA374143714#2310566926_13L88808Q11516087027Q20,main,2026-10-05T23:25:44.911021Z,2026-10-05T23:25:44.717128Z,2026-10-05T23:25:44.717128Z,,,
2026-10-05T23:24:55Z,football_nfl,32677,2026-10-06T00:15:00Z,player_reception_yds,draftkings,34118279,Zachariah Branch,espn:4870612,Under,5.5,-116,10887193593,0QA374143714#2310566927_13L88808Q1585233849Q20,main,2026-10-05T23:25:44.911021Z,2026-10-05T23:25:44.717128Z,2026-10-05T23:25:44.717128Z,,,
2026-10-05T23:24:55Z,football_nfl,32677,2026-10-06T00:15:00Z,player_receptions,draftkings,34118279,Zachariah Branch,espn:4870612,2+ Receptions,,202,10887193594,0QA374143636#2301930054_13L88808Q1-78964909Q20,milestone,2026-10-05T23:06:58.121089Z,2026-10-05T23:25:44.717128Z,2026-10-05T23:25:44.717128Z,,,
2026-10-05T23:24:55Z,football_nfl,32677,2026-10-06T00:15:00Z,player_receptions,draftkings,34118279,Zachariah Branch,espn:4870612,3+ Receptions,,512,10887193595,0QA374143636#2301930064_13L88808Q1-1007188401Q20,milestone,2026-10-05T23:06:58.121089Z,2026-10-05T23:25:44.717128Z,2026-10-05T23:25:44.717128Z,,,
2026-10-05T23:24:55Z,football_nfl,32677,2026-10-06T00:15:00Z,player_receptions,draftkings,34118279,Zachariah Branch,espn:4870612,4+ Receptions,,1100,10889908443,0QA374143636#2301954047_13L88808Q11124471851Q20,milestone,2026-10-05T23:06:58.121089Z,2026-10-05T23:25:44.717128Z,2026-10-05T23:25:44.717128Z,,,
2026-10-05T23:24:55Z,football_nfl,32677,2026-10-06T00:15:00Z,player_receptions,draftkings,34118279,Zachariah Branch,espn:4870612,5+ Receptions,,2000,10998979397,0QA374143636#2310566704_13L88808Q12134732303Q20,milestone,2026-10-05T23:06:58.121089Z,2026-10-05T23:25:44.717128Z,2026-10-05T23:25:44.717128Z,,,
2026-10-05T23:24:55Z,football_nfl,32677,2026-10-06T00:15:00Z,player_receptions,draftkings,34118279,Zachariah Branch,espn:4870612,Over,0.5,-159,10887193596,0QA374143889#2301931256_13L88808Q11748027846Q20,main,2026-10-05T23:06:58.121089Z,2026-10-05T23:25:44.717128Z,2026-10-05T23:25:44.717128Z,,,
2026-10-05T23:24:55Z,football_nfl,32677,2026-10-06T00:15:00Z,player_receptions,draftkings,34118279,Zachariah Branch,espn:4870612,Under,0.5,125,10887193597,0QA374143889#2301931347_13L88808Q11828871616Q20,main,2026-10-05T23:06:58.121089Z,2026-10-05T23:25:44.717128Z,2026-10-05T23:25:44.717128Z,,,
2026-10-05T23:24:55Z,football_nfl,32677,2026-10-06T00:15:00Z,player_reception_yds,draftkings,34118279,Bryce Lance,espn:4879276,15+ Receiving Yards,,-126,10888541684,0QA374143707#2301930449_13L88808Q1-347953252Q20,milestone,2026-10-05T23:01:47.122057Z,2026-10-05T23:25:44.717128Z,2026-10-05T23:25:44.717128Z,,,
2026-10-05T23:24:55Z,football_nfl,32677,2026-10-06T00:15:00Z,player_reception_yds,draftkings,34118279,Bryce Lance,espn:4879276,16+ Receiving Yards,,-116,10957322520,0QA374143707#2301942254_13L88808Q1-1293423617Q20,milestone,2026-10-05T22:57:07.755959Z,2026-10-05T23:25:44.717128Z,2026-10-05T23:25:44.717128Z,,,
2026-10-05T23:24:55Z,football_nfl,32677,2026-10-06T00:15:00Z,player_reception_yds,draftkings,34118279,Bryce Lance,espn:4879276,25+ Receiving Yards,,167,10888541685,0QA374143707#2301930575_13L88808Q144673524Q20,milestone,2026-10-05T23:01:47.122057Z,2026-10-05T23:25:44.717128Z,2026-10-05T23:25:44.717128Z,,,
2026-10-05T23:24:55Z,football_nfl,32677,2026-10-06T00:15:00Z,player_reception_yds,draftkings,34118279,Bryce Lance,espn:4879276,40+ Receiving Yards,,383,10888541686,0QA374143707#2301930670_13L88808Q1627513418Q20,milestone,2026-10-05T23:01:47.122057Z,2026-10-05T23:25:44.717128Z,2026-10-05T23:25:44.717128Z,,,
2026-10-05T23:24:55Z,football_nfl,32677,2026-10-06T00:15:00Z,player_reception_yds,draftkings,34118279,Bryce Lance,espn:4879276,50+ Receiving Yards,,640,10888541687,0QA374143707#2301930731_13L88808Q11993669656Q20,milestone,2026-10-05T23:01:47.122057Z,2026-10-05T23:25:44.717128Z,2026-10-05T23:25:44.717128Z,,,
2026-10-05T23:24:55Z,football_nfl,32677,2026-10-06T00:15:00Z,player_reception_yds,draftkings,34118279,Bryce Lance,espn:4879276,60+ Receiving Yards,,1040,10888541688,0QA374143707#2301930852_13L88808Q1338230796Q20,milestone,2026-10-05T22:50:06.485020Z,2026-10-05T23:25:44.717128Z,2026-10-05T23:25:44.717128Z,,,
2026-10-05T23:24:55Z,football_nfl,32677,2026-10-06T00:15:00Z,player_reception_yds,draftkings,34118279,Bryce Lance,espn:4879276,70+ Receiving Yards,,1620,10888541689,0QA374143707#2301930979_13L88808Q1-2016709064Q20,milestone,2026-10-05T23:01:47.122057Z,2026-10-05T23:25:44.717128Z,2026-10-05T23:25:44.717128Z,,,
2026-10-05T23:24:55Z,football_nfl,32677,2026-10-06T00:15:00Z,player_reception_yds,draftkings,34118279,Bryce Lance,espn:4879276,80+ Receiving Yards,,2400,10888541690,0QA374143707#2301931041_13L88808Q11271577035Q20,milestone,2026-10-05T23:01:47.122057Z,2026-10-05T23:25:44.717128Z,2026-10-05T23:25:44.717128Z,,,
2026-10-05T23:24:55Z,football_nfl,32677,2026-10-06T00:15:00Z,player_reception_yds,draftkings,34118279,Bryce Lance,espn:4879276,90+ Receiving Yards,,3400,10939014445,0QA374143707#2301931103_13L88808Q157084223Q20,milestone,2026-10-05T23:01:47.122057Z,2026-10-05T23:25:44.717128Z,2026-10-05T23:25:44.717128Z,,,
2026-10-05T23:24:55Z,football_nfl,32677,2026-10-06T00:15:00Z,player_reception_yds,draftkings,34118279,Bryce Lance,espn:4879276,Over,15.5,-116,10888541691,0QA374143701#2301942257_13L88808Q1-862874724Q20,main,2026-10-05T23:01:47.122057Z,2026-10-05T23:25:44.717128Z,2026-10-05T23:25:44.717128Z,,,
2026-10-05T23:24:55Z,football_nfl,32677,2026-10-06T00:15:00Z,player_reception_yds,draftkings,34118279,Bryce Lance,espn:4879276,Under,15.5,-108,10888541692,0QA374143701#2301942258_13L88808Q1-796812523Q20,main,2026-10-05T23:01:47.122057Z,2026-10-05T23:25:44.717128Z,2026-10-05T23:25:44.717128Z,,,
2026-10-05T23:24:55Z,football_nfl,32677,2026-10-06T00:15:00Z,player_receptions,draftkings,34118279,Bryce Lance,espn:4879276,2+ Receptions,,114,10888541693,0QA374144084#2301932481_13L88808Q1-78964909Q20,milestone,2026-10-05T23:06:34.254389Z,2026-10-05T23:25:44.717128Z,2026-10-05T23:25:44.717128Z,,,
2026-10-05T23:24:55Z,football_nfl,32677,2026-10-06T00:15:00Z,player_receptions,draftkings,34118279,Bryce Lance,espn:4879276,3+ Receptions,,363,10888541694,0QA374144084#2301932528_13L88808Q1-1007188401Q20,milestone,2026-10-05T23:06:34.254389Z,2026-10-05T23:25:44.717128Z,2026-10-05T23:25:44.717128Z,,,
2026-10-05T23:24:55Z,football_nfl,32677,2026-10-06T00:15:00Z,player_receptions,draftkings,34118279,Bryce Lance,espn:4879276,4+ Receptions,,1000,10888541695,0QA374144084#2301932584_13L88808Q11124471851Q20,milestone,2026-10-05T23:06:34.254389Z,2026-10-05T23:25:44.717128Z,2026-10-05T23:25:44.717128Z,,,
2026-10-05T23:24:55Z,football_nfl,32677,2026-10-06T00:15:00Z,player_receptions,draftkings,34118279,Bryce Lance,espn:4879276,5+ Receptions,,2300,10888541696,0QA374144084#2301932627_13L88808Q12134732303Q20,milestone,2026-10-05T23:06:34.254389Z,2026-10-05T23:25:44.717128Z,2026-10-05T23:25:44.717128Z,,,
2026-10-05T23:24:55Z,football_nfl,32677,2026-10-06T00:15:00Z,player_receptions,draftkings,34118279,Bryce Lance,espn:4879276,Over,1.5,114,10888541697,0QA374143887#2301930800_13L88808Q1-1669482518Q20,main,2026-10-05T23:03:25.182208Z,2026-10-05T23:25:44.717128Z,2026-10-05T23:25:44.717128Z,,,
2026-10-05T23:24:55Z,football_nfl,32677,2026-10-06T00:15:00Z,player_receptions,draftkings,34118279,Bryce Lance,espn:4879276,Under,1.5,-146,10888541698,0QA374143887#2301930833_13L88808Q1-847255388Q20,main,2026-10-05T23:03:25.182208Z,2026-10-05T23:25:44.717128Z,2026-10-05T23:25:44.717128Z,,,
2026-10-05T23:24:55Z,football_nfl,32677,2026-10-06T00:15:00Z,player_reception_yds,draftkings,34118279,Kendre Miller,espn:4599739,15+ Receiving Yards,,203,11017200121,0QA374143935#2301931197_13L88808Q1-347953252Q20,milestone,2026-10-05T23:06:39.557037Z,2026-10-05T23:25:44.717128Z,2026-10-05T23:25:44.717128Z,,,
2026-10-05T23:24:55Z,football_nfl,32677,2026-10-06T00:15:00Z,player_reception_yds,draftkings,34118279,Kendre Miller,espn:4599739,25+ Receiving Yards,,369,11017200128,0QA374143935#2301931278_13L88808Q144673524Q20,milestone,2026-10-05T23:06:39.557037Z,2026-10-05T23:25:44.717128Z,2026-10-05T23:25:44.717128Z,,,
2026-10-05T23:24:55Z,football_nfl,32677,2026-10-06T00:15:00Z,player_reception_yds,draftkings,34118279,Kendre Miller,espn:4599739,40+ Receiving Yards,,880,11017200138,0QA374143935#2307909779_13L88808Q1627513418Q20,milestone,2026-10-05T23:05:40.340203Z,2026-10-05T23:25:44.717128Z,2026-10-05T23:25:44.717128Z,,,
2026-10-05T23:24:55Z,football_nfl,32677,2026-10-06T00:15:00Z,player_reception_yds,draftkings,34118279,Kendre Miller,espn:4599739,50+ Receiving Yards,,1360,11017200139,0QA374143935#2310620967_13L88808Q11993669656Q20,milestone,2026-10-05T23:05:40.340203Z,2026-10-05T23:25:44.717128Z,2026-10-05T23:25:44.717128Z,,,
2026-10-05T23:24:55Z,football_nfl,32677,2026-10-06T00:15:00Z,player_reception_yds,draftkings,34118279,Kendre Miller,espn:4599739,60+ Receiving Yards,,1960,11017200141,0QA374143935#2310621152_13L88808Q1338230796Q20,milestone,2026-10-05T23:08:03.934391Z,2026-10-05T23:25:44.717128Z,2026-10-05T23:25:44.717128Z,,,
2026-10-05T23:24:55Z,football_nfl,32677,2026-10-06T00:15:00Z,player_reception_yds,draftkings,34118279,Kendre Miller,espn:4599739,7+ Receiving Yards,,-105,11018956700,0QA374143935#2310624745_13L88808Q11905459241Q20,milestone,2026-10-05T23:08:03.934391Z,2026-10-05T23:25:44.717128Z,2026-10-05T23:25:44.717128Z,,,
2026-10-05T23:24:55Z,football_nfl,32677,2026-10-06T00:15:00Z,player_reception_yds,draftkings,34118279,Kendre Miller,espn:4599739,70+ Receiving Yards,,2800,11018701173,0QA374143935#2310624363_13L88808Q1-2016709064Q20,milestone,2026-10-05T23:06:30.948733Z,2026-10-05T23:25:44.717128Z,2026-10-05T23:25:44.717128Z,,,
2026-10-05T23:24:55Z,football_nfl,32677,2026-10-06T00:15:00Z,player_reception_yds,draftkings,34118279,Kendre Miller,espn:4599739,80+ Receiving Yards,,3900,11018956701,0QA374143935#2310624746_13L88808Q11271577035Q20,milestone,2026-10-05T23:08:03.934391Z,2026-10-05T23:25:44.717128Z,2026-10-05T23:25:44.717128Z,,,
2026-10-05T23:24:55Z,football_nfl,32677,2026-10-06T00:15:00Z,player_reception_yds,draftkings,34118279,Kendre Miller,espn:4599739,Over,6.5,-105,11017200142,0QA374143914#2310624747_13L88808Q1-291429181Q20,main,2026-10-05T23:08:03.934391Z,2026-10-05T23:25:44.717128Z,2026-10-05T23:25:44.717128Z,,,
2026-10-05T23:24:55Z,football_nfl,32677,2026-10-06T00:15:00Z,player_reception_yds,draftkings,34118279,Kendre Miller,espn:4599739,Under,6.5,-120,11017200143,0QA374143914#2310624748_13L88808Q1-1263895043Q20,main,2026-10-05T23:08:03.934391Z,2026-10-05T23:25:44.717128Z,2026-10-05T23:25:44.717128Z,,,
2026-10-05T23:24:55Z,football_nfl,32677,2026-10-06T00:15:00Z,player_receptions,draftkings,34118279,Kendre Miller,espn:4599739,2+ Receptions,,165,11017417978,0QA374144012#2301931415_13L88808Q1-78964909Q20,milestone,2026-10-05T23:05:40.340203Z,2026-10-05T23:25:44.717128Z,2026-10-05T23:25:44.717128Z,,,
2026-10-05T23:24:55Z,football_nfl,32677,2026-10-06T00:15:00Z,player_receptions,draftkings,34118279,Kendre Miller,espn:4599739,3+ Receptions,,450,11017417979,0QA374144012#2305109502_13L88808Q1-1007188401Q20,milestone,2026-10-05T23:05:40.340203Z,2026-10-05T23:25:44.717128Z,2026-10-05T23:25:44.717128Z,,,
2026-10-05T23:24:55Z,football_nfl,32677,2026-10-06T00:15:00Z,player_receptions,draftkings,34118279,Kendre Miller,espn:4599739,4+ Receptions,,1060,11017417980,0QA374144012#2310621024_13L88808Q11124471851Q20,milestone,2026-10-05T23:05:40.340203Z,2026-10-05T23:25:44.717128Z,2026-10-05T23:25:44.717128Z,,,
2026-10-05T23:24:55Z,football_nfl,32677,2026-10-06T00:15:00Z,player_receptions,draftkings,34118279,Kendre Miller,espn:4599739,5+ Receptions,,2200,11018701179,0QA374144012#2310624366_13L88808Q12134732303Q20,milestone,2026-10-05T23:06:30.948733Z,2026-10-05T23:25:44.717128Z,2026-10-05T23:25:44.717128Z,,,
2026-10-05T23:24:55Z,football_nfl,32677,2026-10-06T00:15:00Z,player_receptions,draftkings,34118279,Kendre Miller,espn:4599739,Over,1.5,166,11017417981,0QA374143682#2310624749_13L88808Q1-1669482518Q20,main,2026-10-05T23:06:30.948733Z,2026-10-05T23:25:44.717128Z,2026-10-05T23:25:44.717128Z,,,
2026-10-05T23:24:55Z,football_nfl,32677,2026-10-06T00:15:00Z,player_receptions,draftkings,34118279,Kendre Miller,espn:4599739,Under,1.5,-215,11017417982,0QA374143682#2310624750_13L88808Q1-847255388Q20,main,2026-10-05T23:06:30.948733Z,2026-10-05T23:25:44.717128Z,2026-10-05T23:25:44.717128Z,,,
2026-10-05T23:24:55Z,football_nfl,32677,2026-10-06T00:15:00Z,player_pass_yds,fanatics,5453713,Michael Penix Jr.,espn:4360423,Over,220.5,-120,9627140379,1774036393,main,2026-10-05T23:25:39.825090Z,2026-10-05T23:26:13.113493Z,2026-10-05T23:26:13.113493Z,,,
2026-10-05T23:24:55Z,football_nfl,32677,2026-10-06T00:15:00Z,player_pass_yds,fanatics,5453713,Michael Penix Jr.,espn:4360423,Under,220.5,-110,9627140380,1774036398,main,2026-10-05T23:25:39.825090Z,2026-10-05T23:26:13.113493Z,2026-10-05T23:26:13.113493Z,,,
2026-10-05T23:24:55Z,football_nfl,32677,2026-10-06T00:15:00Z,player_pass_yds,fanatics,5453713,Michael Penix,espn:4360423,150+ Passing Yards,,-950,9627140381,1774036427,milestone,2026-10-05T23:26:13.191079Z,2026-10-05T23:26:13.113493Z,2026-10-05T23:26:13.113493Z,,,
2026-10-05T23:24:55Z,football_nfl,32677,2026-10-06T00:15:00Z,player_pass_yds,fanatics,5453713,Michael Penix,espn:4360423,175+ Passing Yards,,-400,9627140382,1774036429,milestone,2026-10-05T23:26:13.191079Z,2026-10-05T23:26:13.113493Z,2026-10-05T23:26:13.113493Z,,,
2026-10-05T23:24:55Z,football_nfl,32677,2026-10-06T00:15:00Z,player_pass_yds,fanatics,5453713,Michael Penix,espn:4360423,200+ Passing Yards,,-190,9627140384,1774036431,milestone,2026-10-05T23:26:13.191079Z,2026-10-05T23:26:13.113493Z,2026-10-05T23:26:13.113493Z,,,
2026-10-05T23:24:55Z,football_nfl,32677,2026-10-06T00:15:00Z,player_pass_yds,fanatics,5453713,Michael Penix,espn:4360423,225+ Passing Yards,,-105,9627140386,1774036433,milestone,2026-10-05T23:26:13.191079Z,2026-10-05T23:26:13.113493Z,2026-10-05T23:26:13.113493Z,,,
2026-10-05T23:24:55Z,football_nfl,32677,2026-10-06T00:15:00Z,player_pass_yds,fanatics,5453713,Michael Penix,espn:4360423,250+ Passing Yards,,170,9627140388,1774036435,milestone,2026-10-05T23:26:13.191079Z,2026-10-05T23:26:13.113493Z,2026-10-05T23:26:13.113493Z,,,
2026-10-05T23:24:55Z,football_nfl,32677,2026-10-06T00:15:00Z,player_pass_yds,fanatics,5453713,Michael Penix,espn:4360423,275+ Passing Yards,,310,9627140390,1774036437,milestone,2026-10-05T23:26:13.191079Z,2026-10-05T23:26:13.113493Z,2026-10-05T23:26:13.113493Z,,,
2026-10-05T23:24:55Z,football_nfl,32677,2026-10-06T00:15:00Z,player_pass_yds,fanatics,5453713,Michael Penix,espn:4360423,300+ Passing Yards,,525,9627140392,1774036439,milestone,2026-10-05T23:26:13.191079Z,2026-10-05T23:26:13.113493Z,2026-10-05T23:26:13.113493Z,,,
2026-10-05T23:24:55Z,football_nfl,32677,2026-10-06T00:15:00Z,player_pass_yds,fanatics,5453713,Michael Penix,espn:4360423,325+ Passing Yards,,950,9627140394,1774036441,milestone,2026-10-05T23:26:13.191079Z,2026-10-05T23:26:13.113493Z,2026-10-05T23:26:13.113493Z,,,
2026-10-05T23:24:55Z,football_nfl,32677,2026-10-06T00:15:00Z,player_pass_yds,fanatics,5453713,Michael Penix,espn:4360423,350+ Passing Yards,,1500,9639298573,1774036443,milestone,2026-10-05T20:29:14.803977Z,2026-10-05T23:24:56.663703Z,2026-10-05T23:26:13.113493Z,,,
2026-10-05T23:24:55Z,football_nfl,32677,2026-10-06T00:15:00Z,player_pass_yds,fanatics,5453713,Tyler Shough,espn:4360689,175+ Passing Yards,,-950,9627140383,1774036403,milestone,2026-10-05T23:26:13.191079Z,2026-10-05T23:26:13.113493Z,2026-10-05T23:26:13.113493Z,,,
2026-10-05T23:24:55Z,football_nfl,32677,2026-10-06T00:15:00Z,player_pass_yds,fanatics,5453713,Tyler Shough,espn:4360689,200+ Passing Yards,,-450,9627140385,1774036405,milestone,2026-10-05T23:05:37.616273Z,2026-10-05T23:26:13.113493Z,2026-10-05T23:26:13.113493Z,,,
2026-10-05T23:24:55Z,football_nfl,32677,2026-10-06T00:15:00Z,player_pass_yds,fanatics,5453713,Tyler Shough,espn:4360689,225+ Passing Yards,,-230,9627140387,1774036407,milestone,2026-10-05T23:26:13.191079Z,2026-10-05T23:26:13.113493Z,2026-10-05T23:26:13.113493Z,,,
2026-10-05T23:24:55Z,football_nfl,32677,2026-10-06T00:15:00Z,player_pass_yds,fanatics,5453713,Tyler Shough,espn:4360689,250+ Passing Yards,,-140,9627140389,1774036409,milestone,2026-10-05T23:26:13.191079Z,2026-10-05T23:26:13.113493Z,2026-10-05T23:26:13.113493Z,,,
2026-10-05T23:24:55Z,football_nfl,32677,2026-10-06T00:15:00Z,player_pass_yds,fanatics,5453713,Tyler Shough,espn:4360689,275+ Passing Yards,,125,9627140391,1774036411,milestone,2026-10-05T23:26:13.191079Z,2026-10-05T23:26:13.113493Z,2026-10-05T23:26:13.113493Z,,,
2026-10-05T23:24:55Z,football_nfl,32677,2026-10-06T00:15:00Z,player_pass_yds,fanatics,5453713,Tyler Shough,espn:4360689,300+ Passing Yards,,200,9627140393,1774036413,milestone,2026-10-05T23:26:13.191079Z,2026-10-05T23:26:13.113493Z,2026-10-05T23:26:13.113493Z,,,
2026-10-05T23:24:55Z,football_nfl,32677,2026-10-06T00:15:00Z,player_pass_yds,fanatics,5453713,Tyler Shough,espn:4360689,325+ Passing Yards,,340,9627140395,1774036415,milestone,2026-10-05T23:12:45.523981Z,2026-10-05T23:26:13.113493Z,2026-10-05T23:26:13.113493Z,,,
2026-10-05T23:24:55Z,football_nfl,32677,2026-10-06T00:15:00Z,player_pass_yds,fanatics,5453713,Tyler Shough,espn:4360689,350+ Passing Yards,,525,9627140396,1774036417,milestone,2026-10-05T23:17:44.408788Z,2026-10-05T23:26:13.113493Z,2026-10-05T23:26:13.113493Z,,,
2026-10-05T23:24:55Z,football_nfl,32677,2026-10-06T00:15:00Z,player_pass_yds,fanatics,5453713,Tyler Shough,espn:4360689,375+ Passing Yards,,900,9627140397,1774036419,milestone,2026-10-05T23:26:13.191079Z,2026-10-05T23:26:13.113493Z,2026-10-05T23:26:13.113493Z,,,
2026-10-05T23:24:55Z,football_nfl,32677,2026-10-06T00:15:00Z,player_pass_yds,fanatics,5453713,Tyler Shough,espn:4360689,400+ Passing Yards,,1500,10889974490,1774036421,milestone,2026-10-05T23:26:13.191079Z,2026-10-05T23:26:13.113493Z,2026-10-05T23:26:13.113493Z,,,
2026-10-05T23:24:55Z,football_nfl,32677,2026-10-06T00:15:00Z,player_pass_yds,fanatics,5453713,Tyler Shough,espn:4360689,Over,255.5,-120,9627140398,1774036392,main,2026-10-05T23:26:13.191079Z,2026-10-05T23:26:13.113493Z,2026-10-05T23:26:13.113493Z,,,
2026-10-05T23:24:55Z,football_nfl,32677,2026-10-06T00:15:00Z,player_pass_yds,fanatics,5453713,Tyler Shough,espn:4360689,Under,255.5,-110,9627140399,1774036399,main,2026-10-05T23:26:13.191079Z,2026-10-05T23:26:13.113493Z,2026-10-05T23:26:13.113493Z,,,
2026-10-05T23:24:55Z,football_nfl,32677,2026-10-06T00:15:00Z,player_reception_yds,fanatics,5453713,Alvin Kamara,espn:3054850,Over,15.5,-120,9627140400,1774035482,main,2026-10-05T23:26:13.191079Z,2026-10-05T23:26:13.113493Z,2026-10-05T23:26:13.113493Z,,,
2026-10-05T23:24:55Z,football_nfl,32677,2026-10-06T00:15:00Z,player_reception_yds,fanatics,5453713,Alvin Kamara,espn:3054850,Under,15.5,-110,9627140401,1774035488,main,2026-10-05T23:26:13.191079Z,2026-10-05T23:26:13.113493Z,2026-10-05T23:26:13.113493Z,,,
2026-10-05T23:24:55Z,football_nfl,32677,2026-10-06T00:15:00Z,player_reception_yds,fanatics,5453713,Austin Hooper,espn:3043275,Over,10.5,140,9627140402,1774909149,main,2026-10-05T23:26:13.191079Z,2026-10-05T23:26:13.113493Z,2026-10-05T23:26:13.113493Z,,,
2026-10-05T23:24:55Z,football_nfl,32677,2026-10-06T00:15:00Z,player_reception_yds,fanatics,5453713,Austin Hooper,espn:3043275,Under,10.5,-195,9627140403,1774909151,main,2026-10-05T23:26:13.191079Z,2026-10-05T23:26:13.113493Z,2026-10-05T23:26:13.113493Z,,,
2026-10-05T23:24:55Z,football_nfl,32677,2026-10-06T00:15:00Z,player_reception_yds,fanatics,5453713,Bijan Robinson,espn:4430807,Over,35.5,-120,9627140404,1775120837,main,2026-10-05T23:13:50.824277Z,2026-10-05T23:26:13.113493Z,2026-10-05T23:26:13.113493Z,,,
2026-10-05T23:24:55Z,football_nfl,32677,2026-10-06T00:15:00Z,player_reception_yds,fanatics,5453713,Bijan Robinson,espn:4430807,Under,35.5,-110,9627140405,1775120839,main,2026-10-05T23:13:50.824277Z,2026-10-05T23:26:13.113493Z,2026-10-05T23:26:13.113493Z,,,
2026-10-05T23:24:55Z,football_nfl,32677,2026-10-06T00:15:00Z,player_reception_yds,fanatics,5453713,Chris Olave,espn:4361370,Over,85.5,-115,9627140406,1774035881,main,2026-10-05T23:13:50.824277Z,2026-10-05T23:26:13.113493Z,2026-10-05T23:26:13.113493Z,,,
2026-10-05T23:24:55Z,football_nfl,32677,2026-10-06T00:15:00Z,player_reception_yds,fanatics,5453713,Chris Olave,espn:4361370,Under,85.5,-115,9627140407,1774035883,main,2026-10-05T23:13:50.824277Z,2026-10-05T23:26:13.113493Z,2026-10-05T23:26:13.113493Z,,,
2026-10-05T23:24:55Z,football_nfl,32677,2026-10-06T00:15:00Z,player_reception_yds,fanatics,5453713,Devaughn Vele,espn:4569559,Over,45.5,-115,9627140408,1774036485,main,2026-10-05T22:59:56.545332Z,2026-10-05T23:26:13.113493Z,2026-10-05T23:26:13.113493Z,,,
2026-10-05T23:24:55Z,football_nfl,32677,2026-10-06T00:15:00Z,player_reception_yds,fanatics,5453713,Devaughn Vele,espn:4569559,Under,45.5,-115,9627140409,1774036493,main,2026-10-05T22:59:56.545332Z,2026-10-05T23:26:13.113493Z,2026-10-05T23:26:13.113493Z,,,
2026-10-05T23:24:55Z,football_nfl,32677,2026-10-06T00:15:00Z,player_reception_yds,fanatics,5453713,Drake London,espn:4426502,Over,75.5,-135,9627140410,1774995569,main,2026-10-05T23:17:44.408788Z,2026-10-05T23:26:13.113493Z,2026-10-05T23:26:13.113493Z,,,
2026-10-05T23:24:55Z,football_nfl,32677,2026-10-06T00:15:00Z,player_reception_yds,fanatics,5453713,Drake London,espn:4426502,Under,75.5,100,9627140411,1774995571,main,2026-10-05T23:17:44.408788Z,2026-10-05T23:26:13.113493Z,2026-10-05T23:26:13.113493Z,,,
2026-10-05T23:24:55Z,football_nfl,32677,2026-10-06T00:15:00Z,player_reception_yds,fanatics,5453713,Jahan Dotson,espn:4361409,Over,20.5,100,9627140412,1774035749,main,2026-10-05T23:25:39.825090Z,2026-10-05T23:26:13.113493Z,2026-10-05T23:26:13.113493Z,,,
2026-10-05T23:24:55Z,football_nfl,32677,2026-10-06T00:15:00Z,player_reception_yds,fanatics,5453713,Jahan Dotson,espn:4361409,Under,20.5,-135,9627140413,1774035752,main,2026-10-05T23:25:39.825090Z,2026-10-05T23:26:13.113493Z,2026-10-05T23:26:13.113493Z,,,
2026-10-05T23:24:55Z,football_nfl,32677,2026-10-06T00:15:00Z,player_reception_yds,fanatics,5453713,Juwan Johnson,espn:3929645,Over,45.5,-125,9627140414,1788357011,main,2026-10-05T23:26:13.191079Z,2026-10-05T23:26:13.113493Z,2026-10-05T23:26:13.113493Z,,,
2026-10-05T23:24:55Z,football_nfl,32677,2026-10-06T00:15:00Z,player_reception_yds,fanatics,5453713,Juwan Johnson,espn:3929645,Under,45.5,-105,9627140415,1788357013,main,2026-10-05T23:26:13.191079Z,2026-10-05T23:26:13.113493Z,2026-10-05T23:26:13.113493Z,,,
2026-10-05T23:24:55Z,football_nfl,32677,2026-10-06T00:15:00Z,player_reception_yds,fanatics,5453713,Kyle Pitts Sr.,espn:4360248,Over,30.5,-115,9627140416,1774470801,main,2026-10-05T23:17:44.408788Z,2026-10-05T23:26:13.113493Z,2026-10-05T23:26:13.113493Z,,,
2026-10-05T23:24:55Z,football_nfl,32677,2026-10-06T00:15:00Z,player_reception_yds,fanatics,5453713,Kyle Pitts Sr.,espn:4360248,Under,30.5,-115,9627140417,1774470803,main,2026-10-05T23:17:44.408788Z,2026-10-05T23:26:13.113493Z,2026-10-05T23:26:13.113493Z,,,
2026-10-05T23:24:55Z,football_nfl,32677,2026-10-06T00:15:00Z,player_reception_yds,fanatics,5453713,Noah Fant,espn:4036131,Over,15.5,-135,9627140418,1774036489,main,2026-10-05T22:45:03.171505Z,2026-10-05T22:45:03.171505Z,2026-10-05T22:45:58.023896Z,,,2026-10-05T22:45:58.023896Z
2026-10-05T23:24:55Z,football_nfl,32677,2026-10-06T00:15:00Z,player_reception_yds,fanatics,5453713,Noah Fant,espn:4036131,Under,15.5,100,9627140419,1774036496,main,2026-10-05T22:45:03.171505Z,2026-10-05T22:45:03.171505Z,2026-10-05T22:45:58.023896Z,,,2026-10-05T22:45:58.023896Z
2026-10-05T23:24:55Z,football_nfl,32677,2026-10-06T00:15:00Z,player_reception_yds,fanatics,5453713,Alvin Kamara,espn:3054850,10+ Receiving Yards,,-230,9627140423,1774035473,milestone,2026-10-05T23:26:13.191079Z,2026-10-05T23:26:13.113493Z,2026-10-05T23:26:13.113493Z,,,
2026-10-05T23:24:55Z,football_nfl,32677,2026-10-06T00:15:00Z,player_reception_yds,fanatics,5453713,Alvin Kamara,espn:3054850,20+ Receiving Yards,,115,9627140912,1774035478,milestone,2026-10-05T23:26:13.191079Z,2026-10-05T23:26:13.113493Z,2026-10-05T23:26:13.113493Z,,,
2026-10-05T23:24:55Z,football_nfl,32677,2026-10-06T00:15:00Z,player_reception_yds,fanatics,5453713,Alvin Kamara,espn:3054850,25+ Receiving Yards,,170,9627140920,1774035486,milestone,2026-10-05T23:26:13.191079Z,2026-10-05T23:26:13.113493Z,2026-10-05T23:26:13.113493Z,,,
2026-10-05T23:24:55Z,football_nfl,32677,2026-10-06T00:15:00Z,player_reception_yds,fanatics,5453713,Alvin Kamara,espn:3054850,30+ Receiving Yards,,240,9627140928,1774035493,milestone,2026-10-05T23:26:13.191079Z,2026-10-05T23:26:13.113493Z,2026-10-05T23:26:13.113493Z,,,
2026-10-05T23:24:55Z,football_nfl,32677,2026-10-06T00:15:00Z,player_reception_yds,fanatics,5453713,Alvin Kamara,espn:3054850,40+ Receiving Yards,,430,9627140937,1774035499,milestone,2026-10-05T23:26:13.191079Z,2026-10-05T23:26:13.113493Z,2026-10-05T23:26:13.113493Z,,,
2026-10-05T23:24:55Z,football_nfl,32677,2026-10-06T00:15:00Z,player_reception_yds,fanatics,5453713,Alvin Kamara,espn:3054850,50+ Receiving Yards,,750,9627140947,1774035509,milestone,2026-10-05T23:26:13.191079Z,2026-10-05T23:26:13.113493Z,2026-10-05T23:26:13.113493Z,,,
2026-10-05T23:24:55Z,football_nfl,32677,2026-10-06T00:15:00Z,player_reception_yds,fanatics,5453713,Alvin Kamara,espn:3054850,60+ Receiving Yards,,1100,9627140957,1774035514,milestone,2026-10-05T23:17:44.408788Z,2026-10-05T23:24:56.663703Z,2026-10-05T23:26:13.113493Z,,,
2026-10-05T23:24:55Z,football_nfl,32677,2026-10-06T00:15:00Z,player_reception_yds,fanatics,5453713,Austin Hooper,espn:3043275,10+ Receiving Yards,,120,9627140424,1774036707,milestone,2026-10-05T23:26:13.191079Z,2026-10-05T23:26:13.113493Z,2026-10-05T23:26:13.113493Z,,,
2026-10-05T23:24:55Z,football_nfl,32677,2026-10-06T00:15:00Z,player_reception_yds,fanatics,5453713,Austin Hooper,espn:3043275,20+ Receiving Yards,,300,9627140913,1774036709,milestone,2026-10-05T23:26:13.191079Z,2026-10-05T23:26:13.113493Z,2026-10-05T23:26:13.113493Z,,,
2026-10-05T23:24:55Z,football_nfl,32677,2026-10-06T00:15:00Z,player_reception_yds,fanatics,5453713,Austin Hooper,espn:3043275,25+ Receiving Yards,,430,9627140921,1774036711,milestone,2026-10-05T23:26:13.191079Z,2026-10-05T23:26:13.113493Z,2026-10-05T23:26:13.113493Z,,,
2026-10-05T23:24:55Z,football_nfl,32677,2026-10-06T00:15:00Z,player_reception_yds,fanatics,5453713,Austin Hooper,espn:3043275,30+ Receiving Yards,,600,9627140929,1774036713,milestone,2026-10-05T23:26:13.191079Z,2026-10-05T23:26:13.113493Z,2026-10-05T23:26:13.113493Z,,,
2026-10-05T23:24:55Z,football_nfl,32677,2026-10-06T00:15:00Z,player_reception_yds,fanatics,5453713,Austin Hooper,espn:3043275,40+ Receiving Yards,,1100,9627140938,1774036715,milestone,2026-10-05T22:57:04.308515Z,2026-10-05T23:26:13.113493Z,2026-10-05T23:26:13.113493Z,,,
2026-10-05T23:24:55Z,football_nfl,32677,2026-10-06T00:15:00Z,player_reception_yds,fanatics,5453713,Bijan Robinson,espn:4430807,20+ Receiving Yards,,-450,9627140914,1774036821,milestone,2026-10-05T23:26:13.191079Z,2026-10-05T23:26:13.113493Z,2026-10-05T23:26:13.113493Z,,,
2026-10-05T23:24:55Z,football_nfl,32677,2026-10-06T00:15:00Z,player_reception_yds,fanatics,5453713,Bijan Robinson,espn:4430807,25+ Receiving Yards,,-275,9627140922,1774036823,milestone,2026-10-05T23:17:44.408788Z,2026-10-05T23:26:13.113493Z,2026-10-05T23:26:13.113493Z,,,
2026-10-05T23:24:55Z,football_nfl,32677,2026-10-06T00:15:00Z,player_reception_yds,fanatics,5453713,Bijan Robinson,espn:4430807,30+ Receiving Yards,,-185,9627140930,1774036825,milestone,2026-10-05T23:26:13.191079Z,2026-10-05T23:26:13.113493Z,2026-10-05T23:26:13.113493Z,,,
2026-10-05T23:24:55Z,football_nfl,32677,2026-10-06T00:15:00Z,player_reception_yds,fanatics,5453713,Bijan Robinson,espn:4430807,40+ Receiving Yards,,105,9627140939,1774036827,milestone,2026-10-05T23:13:50.824277Z,2026-10-05T23:26:13.113493Z,2026-10-05T23:26:13.113493Z,,,
2026-10-05T23:24:55Z,football_nfl,32677,2026-10-06T00:15:00Z,player_reception_yds,fanatics,5453713,Bijan Robinson,espn:4430807,50+ Receiving Yards,,185,9627140949,1774036829,milestone,2026-10-05T23:26:13.191079Z,2026-10-05T23:26:13.113493Z,2026-10-05T23:26:13.113493Z,,,
2026-10-05T23:24:55Z,football_nfl,32677,2026-10-06T00:15:00Z,player_reception_yds,fanatics,5453713,Bijan Robinson,espn:4430807,60+ Receiving Yards,,285,9627140958,1774036831,milestone,2026-10-05T23:26:13.191079Z,2026-10-05T23:26:13.113493Z,2026-10-05T23:26:13.113493Z,,,
2026-10-05T23:24:55Z,football_nfl,32677,2026-10-06T00:15:00Z,player_reception_yds,fanatics,5453713,Bijan Robinson,espn:4430807,70+ Receiving Yards,,450,9627140966,1774036833,milestone,2026-10-05T23:13:50.824277Z,2026-10-05T23:26:13.113493Z,2026-10-05T23:26:13.113493Z,,,
2026-10-05T23:24:55Z,football_nfl,32677,2026-10-06T00:15:00Z,player_reception_yds,fanatics,5453713,Bijan Robinson,espn:4430807,75+ Receiving Yards,,575,9627140972,1774036835,milestone,2026-10-05T23:26:13.191079Z,2026-10-05T23:26:13.113493Z,2026-10-05T23:26:13.113493Z,,,
2026-10-05T23:24:55Z,football_nfl,32677,2026-10-06T00:15:00Z,player_reception_yds,fanatics,5453713,Bijan Robinson,espn:4430807,80+ Receiving Yards,,700,9627140978,1774036837,milestone,2026-10-05T23:26:13.191079Z,2026-10-05T23:26:13.113493Z,2026-10-05T23:26:13.113493Z,,,
2026-10-05T23:24:55Z,football_nfl,32677,2026-10-06T00:15:00Z,player_reception_yds,fanatics,5453713,Bijan Robinson,espn:4430807,90+ Receiving Yards,,1100,9627140983,1774036839,milestone,2026-10-05T23:00:55.212993Z,2026-10-05T23:26:13.113493Z,2026-10-05T23:26:13.113493Z,,,
2026-10-05T23:24:55Z,football_nfl,32677,2026-10-06T00:15:00Z,player_reception_yds,fanatics,5453713,Bryce Lance,espn:4879276,10+ Receiving Yards,,-210,10882266505,1788024428,milestone,2026-10-05T23:26:13.191079Z,2026-10-05T23:26:13.113493Z,2026-10-05T23:26:13.113493Z,,,
2026-10-05T23:24:55Z,football_nfl,32677,2026-10-06T00:15:00Z,player_reception_yds,fanatics,5453713,Bryce Lance,espn:4879276,20+ Receiving Yards,,115,10882266661,1788024431,milestone,2026-10-05T23:26:13.191079Z,2026-10-05T23:26:13.113493Z,2026-10-05T23:26:13.113493Z,,,
2026-10-05T23:24:55Z,football_nfl,32677,2026-10-06T00:15:00Z,player_reception_yds,fanatics,5453713,Bryce Lance,espn:4879276,25+ Receiving Yards,,160,10882266671,1788024433,milestone,2026-10-05T23:26:13.191079Z,2026-10-05T23:26:13.113493Z,2026-10-05T23:26:13.113493Z,,,
2026-10-05T23:24:55Z,football_nfl,32677,2026-10-06T00:15:00Z,player_reception_yds,fanatics,5453713,Bryce Lance,espn:4879276,30+ Receiving Yards,,215,10882266681,1788024437,milestone,2026-10-05T23:26:13.191079Z,2026-10-05T23:26:13.113493Z,2026-10-05T23:26:13.113493Z,,,
2026-10-05T23:24:55Z,football_nfl,32677,2026-10-06T00:15:00Z,player_reception_yds,fanatics,5453713,Bryce Lance,espn:4879276,40+ Receiving Yards,,360,10882266691,1788024443,milestone,2026-10-05T23:26:13.191079Z,2026-10-05T23:26:13.113493Z,2026-10-05T23:26:13.113493Z,,,
2026-10-05T23:24:55Z,football_nfl,32677,2026-10-06T00:15:00Z,player_reception_yds,fanatics,5453713,Bryce Lance,espn:4879276,50+ Receiving Yards,,575,10882266702,1788024445,milestone,2026-10-05T23:26:13.191079Z,2026-10-05T23:26:13.113493Z,2026-10-05T23:26:13.113493Z,,,
2026-10-05T23:24:55Z,football_nfl,32677,2026-10-06T00:15:00Z,player_reception_yds,fanatics,5453713,Bryce Lance,espn:4879276,60+ Receiving Yards,,950,10887264430,1788024448,milestone,2026-10-05T23:17:44.408788Z,2026-10-05T23:26:13.113493Z,2026-10-05T23:26:13.113493Z,,,
2026-10-05T23:24:55Z,football_nfl,32677,2026-10-06T00:15:00Z,player_reception_yds,fanatics,5453713,Chris Olave,espn:4361370,100+ Receiving Yards,,135,9627140420,1774035689,milestone,2026-10-05T23:12:45.523981Z,2026-10-05T23:26:13.113493Z,2026-10-05T23:26:13.113493Z,,,
2026-10-05T23:24:55Z,football_nfl,32677,2026-10-06T00:15:00Z,player_reception_yds,fanatics,5453713,Chris Olave,espn:4361370,110+ Receiving Yards,,190,9627140428,1774035695,milestone,2026-10-05T23:26:13.191079Z,2026-10-05T23:26:13.113493Z,2026-10-05T23:26:13.113493Z,,,
2026-10-05T23:24:55Z,football_nfl,32677,2026-10-06T00:15:00Z,player_reception_yds,fanatics,5453713,Chris Olave,espn:4361370,120+ Receiving Yards,,260,9627140431,1774035701,milestone,2026-10-05T23:17:44.408788Z,2026-10-05T23:26:13.113493Z,2026-10-05T23:26:13.113493Z,,,
2026-10-05T23:24:55Z,football_nfl,32677,2026-10-06T00:15:00Z,player_reception_yds,fanatics,5453713,Chris Olave,espn:4361370,125+ Receiving Yards,,300,9627140433,1774035706,milestone,2026-10-05T23:17:44.408788Z,2026-10-05T23:26:13.113493Z,2026-10-05T23:26:13.113493Z,,,
2026-10-05T23:24:55Z,football_nfl,32677,2026-10-06T00:15:00Z,player_reception_yds,fanatics,5453713,Chris Olave,espn:4361370,130+ Receiving Yards,,340,9627140435,1774035711,milestone,2026-10-05T23:12:45.523981Z,2026-10-05T23:26:13.113493Z,2026-10-05T23:26:13.113493Z,,,
2026-10-05T23:24:55Z,football_nfl,32677,2026-10-06T00:15:00Z,player_reception_yds,fanatics,5453713,Chris Olave,espn:4361370,140+ Receiving Yards,,475,9627140437,1774035718,milestone,2026-10-05T23:17:44.408788Z,2026-10-05T23:26:13.113493Z,2026-10-05T23:26:13.113493Z,,,
2026-10-05T23:24:55Z,football_nfl,32677,2026-10-06T00:15:00Z,player_reception_yds,fanatics,5453713,Chris Olave,espn:4361370,150+ Receiving Yards,,650,9627140439,1774035723,milestone,2026-10-05T23:17:44.408788Z,2026-10-05T23:26:13.113493Z,2026-10-05T23:26:13.113493Z,,,
2026-10-05T23:24:55Z,football_nfl,32677,2026-10-06T00:15:00Z,player_reception_yds,fanatics,5453713,Chris Olave,espn:4361370,160+ Receiving Yards,,850,9627140440,1774035730,milestone,2026-10-05T23:17:44.408788Z,2026-10-05T23:26:13.113493Z,2026-10-05T23:26:13.113493Z,,,
2026-10-05T23:24:55Z,football_nfl,32677,2026-10-06T00:15:00Z,player_reception_yds,fanatics,5453713,Chris Olave,espn:4361370,170+ Receiving Yards,,1100,9627140911,1774035733,milestone,2026-10-05T23:13:50.824277Z,2026-10-05T23:26:13.113493Z,2026-10-05T23:26:13.113493Z,,,
2026-10-05T23:24:55Z,football_nfl,32677,2026-10-06T00:15:00Z,player_reception_yds,fanatics,5453713,Chris Olave,espn:4361370,40+ Receiving Yards,,-1400,9627140940,1774035649,milestone,2026-10-05T23:17:44.408788Z,2026-10-05T23:26:13.113493Z,2026-10-05T23:26:13.113493Z,,,
2026-10-05T23:24:55Z,football_nfl,32677,2026-10-06T00:15:00Z,player_reception_yds,fanatics,5453713,Chris Olave,espn:4361370,50+ Receiving Yards,,-700,9627140950,1774035654,milestone,2026-10-05T23:26:13.191079Z,2026-10-05T23:26:13.113493Z,2026-10-05T23:26:13.113493Z,,,
2026-10-05T23:24:55Z,football_nfl,32677,2026-10-06T00:15:00Z,player_reception_yds,fanatics,5453713,Chris Olave,espn:4361370,60+ Receiving Yards,,-375,9627140959,1774035659,milestone,2026-10-05T23:12:45.523981Z,2026-10-05T23:26:13.113493Z,2026-10-05T23:26:13.113493Z,,,
2026-10-05T23:24:55Z,football_nfl,32677,2026-10-06T00:15:00Z,player_reception_yds,fanatics,5453713,Chris Olave,espn:4361370,70+ Receiving Yards,,-235,9627140967,1774035665,milestone,2026-10-05T23:17:44.408788Z,2026-10-05T23:26:13.113493Z,2026-10-05T23:26:13.113493Z,,,
2026-10-05T23:24:55Z,football_nfl,32677,2026-10-06T00:15:00Z,player_reception_yds,fanatics,5453713,Chris Olave,espn:4361370,75+ Receiving Yards,,-185,9627140973,1774035671,milestone,2026-10-05T23:26:13.191079Z,2026-10-05T23:26:13.113493Z,2026-10-05T23:26:13.113493Z,,,
2026-10-05T23:24:55Z,football_nfl,32677,2026-10-06T00:15:00Z,player_reception_yds,fanatics,5453713,Chris Olave,espn:4361370,80+ Receiving Yards,,-150,9627140979,1774035677,milestone,2026-10-05T23:12:45.523981Z,2026-10-05T23:26:13.113493Z,2026-10-05T23:26:13.113493Z,,,
2026-10-05T23:24:55Z,football_nfl,32677,2026-10-06T00:15:00Z,player_reception_yds,fanatics,5453713,Chris Olave,espn:4361370,90+ Receiving Yards,,100,9627140984,1774035683,milestone,2026-10-05T23:26:13.191079Z,2026-10-05T23:26:13.113493Z,2026-10-05T23:26:13.113493Z,,,
2026-10-05T23:24:55Z,football_nfl,32677,2026-10-06T00:15:00Z,player_reception_yds,fanatics,5453713,Devaughn Vele,espn:4569559,100+ Receiving Yards,,700,9627140421,1774036675,milestone,2026-10-05T23:26:13.191079Z,2026-10-05T23:26:13.113493Z,2026-10-05T23:26:13.113493Z,,,
2026-10-05T23:24:55Z,football_nfl,32677,2026-10-06T00:15:00Z,player_reception_yds,fanatics,5453713,Devaughn Vele,espn:4569559,110+ Receiving Yards,,950,9627140429,1774036677,milestone,2026-10-05T23:26:13.191079Z,2026-10-05T23:26:13.113493Z,2026-10-05T23:26:13.113493Z,,,
2026-10-05T23:24:55Z,football_nfl,32677,2026-10-06T00:15:00Z,player_reception_yds,fanatics,5453713,Devaughn Vele,espn:4569559,20+ Receiving Yards,,-650,9627140915,1774036655,milestone,2026-10-05T23:17:44.408788Z,2026-10-05T23:26:13.113493Z,2026-10-05T23:26:13.113493Z,,,
2026-10-05T23:24:55Z,football_nfl,32677,2026-10-06T00:15:00Z,player_reception_yds,fanatics,5453713,Devaughn Vele,espn:4569559,25+ Receiving Yards,,-425,9627140923,1774036657,milestone,2026-10-05T23:17:44.408788Z,2026-10-05T23:26:13.113493Z,2026-10-05T23:26:13.113493Z,,,
2026-10-05T23:24:55Z,football_nfl,32677,2026-10-06T00:15:00Z,player_reception_yds,fanatics,5453713,Devaughn Vele,espn:4569559,30+ Receiving Yards,,-280,9627140931,1774036659,milestone,2026-10-05T23:26:13.191079Z,2026-10-05T23:26:13.113493Z,2026-10-05T23:26:13.113493Z,,,
2026-10-05T23:24:55Z,football_nfl,32677,2026-10-06T00:15:00Z,player_reception_yds,fanatics,5453713,Devaughn Vele,espn:4569559,40+ Receiving Yards,,-155,9627140941,1774036661,milestone,2026-10-05T23:07:07.878694Z,2026-10-05T23:26:13.113493Z,2026-10-05T23:26:13.113493Z,,,
2026-10-05T23:24:55Z,football_nfl,32677,2026-10-06T00:15:00Z,player_reception_yds,fanatics,5453713,Devaughn Vele,espn:4569559,50+ Receiving Yards,,105,9627140951,1774036663,milestone,2026-10-05T23:26:13.191079Z,2026-10-05T23:26:13.113493Z,2026-10-05T23:26:13.113493Z,,,
2026-10-05T23:24:55Z,football_nfl,32677,2026-10-06T00:15:00Z,player_reception_yds,fanatics,5453713,Devaughn Vele,espn:4569559,60+ Receiving Yards,,165,9627140960,1774036665,milestone,2026-10-05T23:26:13.191079Z,2026-10-05T23:26:13.113493Z,2026-10-05T23:26:13.113493Z,,,
2026-10-05T23:24:55Z,football_nfl,32677,2026-10-06T00:15:00Z,player_reception_yds,fanatics,5453713,Devaughn Vele,espn:4569559,70+ Receiving Yards,,240,9627140968,1774036667,milestone,2026-10-05T23:26:13.191079Z,2026-10-05T23:26:13.113493Z,2026-10-05T23:26:13.113493Z,,,
2026-10-05T23:24:55Z,football_nfl,32677,2026-10-06T00:15:00Z,player_reception_yds,fanatics,5453713,Devaughn Vele,espn:4569559,75+ Receiving Yards,,300,9627140974,1774036669,milestone,2026-10-05T23:26:13.191079Z,2026-10-05T23:26:13.113493Z,2026-10-05T23:26:13.113493Z,,,
2026-10-05T23:24:55Z,football_nfl,32677,2026-10-06T00:15:00Z,player_reception_yds,fanatics,5453713,Devaughn Vele,espn:4569559,80+ Receiving Yards,,360,9627140980,1774036671,milestone,2026-10-05T23:26:13.191079Z,2026-10-05T23:26:13.113493Z,2026-10-05T23:26:13.113493Z,,,
2026-10-05T23:24:55Z,football_nfl,32677,2026-10-06T00:15:00Z,player_reception_yds,fanatics,5453713,Devaughn Vele,espn:4569559,90+ Receiving Yards,,525,9627140985,1774036673,milestone,2026-10-05T23:26:13.191079Z,2026-10-05T23:26:13.113493Z,2026-10-05T23:26:13.113493Z,,,
2026-10-05T23:24:55Z,football_nfl,32677,2026-10-06T00:15:00Z,player_reception_yds,fanatics,5453713,Drake London,espn:4426502,100+ Receiving Yards,,170,9627140422,1774036783,milestone,2026-10-05T23:26:13.191079Z,2026-10-05T23:26:13.113493Z,2026-10-05T23:26:13.113493Z,,,
2026-10-05T23:24:55Z,football_nfl,32677,2026-10-06T00:15:00Z,player_reception_yds,fanatics,5453713,Drake London,espn:4426502,110+ Receiving Yards,,240,9627140430,1774036785,milestone,2026-10-05T23:13:50.824277Z,2026-10-05T23:26:13.113493Z,2026-10-05T23:26:13.113493Z,,,
2026-10-05T23:24:55Z,football_nfl,32677,2026-10-06T00:15:00Z,player_reception_yds,fanatics,5453713,Drake London,espn:4426502,120+ Receiving Yards,,320,9627140432,1774036787,milestone,2026-10-05T23:13:50.824277Z,2026-10-05T23:26:13.113493Z,2026-10-05T23:26:13.113493Z,,,
2026-10-05T23:24:55Z,football_nfl,32677,2026-10-06T00:15:00Z,player_reception_yds,fanatics,5453713,Drake London,espn:4426502,125+ Receiving Yards,,380,9627140434,1774036789,milestone,2026-10-05T23:26:13.191079Z,2026-10-05T23:26:13.113493Z,2026-10-05T23:26:13.113493Z,,,
2026-10-05T23:24:55Z,football_nfl,32677,2026-10-06T00:15:00Z,player_reception_yds,fanatics,5453713,Drake London,espn:4426502,130+ Receiving Yards,,430,9627140436,1774036791,milestone,2026-10-05T23:26:13.191079Z,2026-10-05T23:26:13.113493Z,2026-10-05T23:26:13.113493Z,,,
2026-10-05T23:24:55Z,football_nfl,32677,2026-10-06T00:15:00Z,player_reception_yds,fanatics,5453713,Drake London,espn:4426502,140+ Receiving Yards,,575,9627140438,1774036793,milestone,2026-10-05T23:13:50.824277Z,2026-10-05T23:26:13.113493Z,2026-10-05T23:26:13.113493Z,,,
2026-10-05T23:24:55Z,football_nfl,32677,2026-10-06T00:15:00Z,player_reception_yds,fanatics,5453713,Drake London,espn:4426502,150+ Receiving Yards,,800,9642500966,1774036795,milestone,2026-10-05T23:26:13.191079Z,2026-10-05T23:26:13.113493Z,2026-10-05T23:26:13.113493Z,,,
2026-10-05T23:24:55Z,football_nfl,32677,2026-10-06T00:15:00Z,player_reception_yds,fanatics,5453713,Drake London,espn:4426502,160+ Receiving Yards,,1100,9688510886,1774036797,milestone,2026-10-05T23:26:13.191079Z,2026-10-05T23:26:13.113493Z,2026-10-05T23:26:13.113493Z,,,
2026-10-05T23:24:55Z,football_nfl,32677,2026-10-06T00:15:00Z,player_reception_yds,fanatics,5453713,Drake London,espn:4426502,40+ Receiving Yards,,-850,9627140942,1774036769,milestone,2026-10-05T23:26:13.191079Z,2026-10-05T23:26:13.113493Z,2026-10-05T23:26:13.113493Z,,,
2026-10-05T23:24:55Z,football_nfl,32677,2026-10-06T00:15:00Z,player_reception_yds,fanatics,5453713,Drake London,espn:4426502,50+ Receiving Yards,,-450,9627140952,1774036771,milestone,2026-10-05T23:26:13.191079Z,2026-10-05T23:26:13.113493Z,2026-10-05T23:26:13.113493Z,,,
2026-10-05T23:24:55Z,football_nfl,32677,2026-10-06T00:15:00Z,player_reception_yds,fanatics,5453713,Drake London,espn:4426502,60+ Receiving Yards,,-275,9627140961,1774036773,milestone,2026-10-05T23:26:13.191079Z,2026-10-05T23:26:13.113493Z,2026-10-05T23:26:13.113493Z,,,
2026-10-05T23:24:55Z,football_nfl,32677,2026-10-06T00:15:00Z,player_reception_yds,fanatics,5453713,Drake London,espn:4426502,70+ Receiving Yards,,-170,9627140969,1774036775,milestone,2026-10-05T23:12:45.523981Z,2026-10-05T23:26:13.113493Z,2026-10-05T23:26:13.113493Z,,,
2026-10-05T23:24:55Z,football_nfl,32677,2026-10-06T00:15:00Z,player_reception_yds,fanatics,5453713,Drake London,espn:4426502,75+ Receiving Yards,,-140,9627140975,1774036777,milestone,2026-10-05T23:11:29.950947Z,2026-10-05T23:26:13.113493Z,2026-10-05T23:26:13.113493Z,,,
2026-10-05T23:24:55Z,football_nfl,32677,2026-10-06T00:15:00Z,player_reception_yds,fanatics,5453713,Drake London,espn:4426502,80+ Receiving Yards,,-115,9627140981,1774036779,milestone,2026-10-05T23:26:13.191079Z,2026-10-05T23:26:13.113493Z,2026-10-05T23:26:13.113493Z,,,
2026-10-05T23:24:55Z,football_nfl,32677,2026-10-06T00:15:00Z,player_reception_yds,fanatics,5453713,Drake London,espn:4426502,90+ Receiving Yards,,125,9627140986,1774036781,milestone,2026-10-05T23:17:44.408788Z,2026-10-05T23:26:13.113493Z,2026-10-05T23:26:13.113493Z,,,
2026-10-05T23:24:55Z,football_nfl,32677,2026-10-06T00:15:00Z,player_reception_yds,fanatics,5453713,Jahan Dotson,espn:4361409,10+ Receiving Yards,,-275,9627140425,1774035823,milestone,2026-10-05T23:26:13.191079Z,2026-10-05T23:26:13.113493Z,2026-10-05T23:26:13.113493Z,,,
2026-10-05T23:24:55Z,football_nfl,32677,2026-10-06T00:15:00Z,player_reception_yds,fanatics,5453713,Jahan Dotson,espn:4361409,20+ Receiving Yards,,-110,9627140916,1774035825,milestone,2026-10-05T23:26:13.191079Z,2026-10-05T23:26:13.113493Z,2026-10-05T23:26:13.113493Z,,,
2026-10-05T23:24:55Z,football_nfl,32677,2026-10-06T00:15:00Z,player_reception_yds,fanatics,5453713,Jahan Dotson,espn:4361409,25+ Receiving Yards,,125,9627140924,1774035827,milestone,2026-10-05T23:26:13.191079Z,2026-10-05T23:26:13.113493Z,2026-10-05T23:26:13.113493Z,,,
2026-10-05T23:24:55Z,football_nfl,32677,2026-10-06T00:15:00Z,player_reception_yds,fanatics,5453713,Jahan Dotson,espn:4361409,30+ Receiving Yards,,170,9627140933,1774035829,milestone,2026-10-05T23:26:13.191079Z,2026-10-05T23:26:13.113493Z,2026-10-05T23:26:13.113493Z,,,
2026-10-05T23:24:55Z,football_nfl,32677,2026-10-06T00:15:00Z,player_reception_yds,fanatics,5453713,Jahan Dotson,espn:4361409,40+ Receiving Yards,,285,9627140943,1774035831,milestone,2026-10-05T23:26:13.191079Z,2026-10-05T23:26:13.113493Z,2026-10-05T23:26:13.113493Z,,,
2026-10-05T23:24:55Z,football_nfl,32677,2026-10-06T00:15:00Z,player_reception_yds,fanatics,5453713,Jahan Dotson,espn:4361409,50+ Receiving Yards,,475,9627140953,1774035833,milestone,2026-10-05T23:17:44.408788Z,2026-10-05T23:26:13.113493Z,2026-10-05T23:26:13.113493Z,,,
2026-10-05T23:24:55Z,football_nfl,32677,2026-10-06T00:15:00Z,player_reception_yds,fanatics,5453713,Jahan Dotson,espn:4361409,60+ Receiving Yards,,750,9627140962,1774035835,milestone,2026-10-05T23:17:44.408788Z,2026-10-05T23:26:13.113493Z,2026-10-05T23:26:13.113493Z,,,
2026-10-05T23:24:55Z,football_nfl,32677,2026-10-06T00:15:00Z,player_reception_yds,fanatics,5453713,Jahan Dotson,espn:4361409,70+ Receiving Yards,,1100,9636203524,1774035837,milestone,2026-10-05T23:26:13.191079Z,2026-10-05T23:26:13.113493Z,2026-10-05T23:26:13.113493Z,,,
2026-10-05T23:24:55Z,football_nfl,32677,2026-10-06T00:15:00Z,player_reception_yds,fanatics,5453713,Juwan Johnson,espn:3929645,100+ Receiving Yards,,800,9688301021,1774036621,milestone,2026-10-05T23:26:13.191079Z,2026-10-05T23:26:13.113493Z,2026-10-05T23:26:13.113493Z,,,
2026-10-05T23:24:55Z,football_nfl,32677,2026-10-06T00:15:00Z,player_reception_yds,fanatics,5453713,Juwan Johnson,espn:3929645,110+ Receiving Yards,,1100,10968129511,1774036623,milestone,2026-10-05T23:12:45.523981Z,2026-10-05T23:26:13.113493Z,2026-10-05T23:26:13.113493Z,,,
2026-10-05T23:24:55Z,football_nfl,32677,2026-10-06T00:15:00Z,player_reception_yds,fanatics,5453713,Juwan Johnson,espn:3929645,20+ Receiving Yards,,-900,9627140917,1774036601,milestone,2026-10-05T23:26:13.191079Z,2026-10-05T23:26:13.113493Z,2026-10-05T23:26:13.113493Z,,,
2026-10-05T23:24:55Z,football_nfl,32677,2026-10-06T00:15:00Z,player_reception_yds,fanatics,5453713,Juwan Johnson,espn:3929645,25+ Receiving Yards,,-550,9627140925,1774036603,milestone,2026-10-05T23:26:13.191079Z,2026-10-05T23:26:13.113493Z,2026-10-05T23:26:13.113493Z,,,
2026-10-05T23:24:55Z,football_nfl,32677,2026-10-06T00:15:00Z,player_reception_yds,fanatics,5453713,Juwan Johnson,espn:3929645,30+ Receiving Yards,,-350,9627140934,1774036605,milestone,2026-10-05T23:26:13.191079Z,2026-10-05T23:26:13.113493Z,2026-10-05T23:26:13.113493Z,,,
2026-10-05T23:24:55Z,football_nfl,32677,2026-10-06T00:15:00Z,player_reception_yds,fanatics,5453713,Juwan Johnson,espn:3929645,40+ Receiving Yards,,-180,9627140944,1774036607,milestone,2026-10-05T23:17:44.408788Z,2026-10-05T23:26:13.113493Z,2026-10-05T23:26:13.113493Z,,,
2026-10-05T23:24:55Z,football_nfl,32677,2026-10-06T00:15:00Z,player_reception_yds,fanatics,5453713,Juwan Johnson,espn:3929645,50+ Receiving Yards,,100,9627140954,1774036609,milestone,2026-10-05T23:13:50.824277Z,2026-10-05T23:26:13.113493Z,2026-10-05T23:26:13.113493Z,,,
2026-10-05T23:24:55Z,football_nfl,32677,2026-10-06T00:15:00Z,player_reception_yds,fanatics,5453713,Juwan Johnson,espn:3929645,60+ Receiving Yards,,160,9627140963,1774036611,milestone,2026-10-05T23:13:50.824277Z,2026-10-05T23:26:13.113493Z,2026-10-05T23:26:13.113493Z,,,
2026-10-05T23:24:55Z,football_nfl,32677,2026-10-06T00:15:00Z,player_reception_yds,fanatics,5453713,Juwan Johnson,espn:3929645,70+ Receiving Yards,,240,9627140970,1774036613,milestone,2026-10-05T23:26:13.191079Z,2026-10-05T23:26:13.113493Z,2026-10-05T23:26:13.113493Z,,,
2026-10-05T23:24:55Z,football_nfl,32677,2026-10-06T00:15:00Z,player_reception_yds,fanatics,5453713,Juwan Johnson,espn:3929645,75+ Receiving Yards,,300,9627140976,1774036615,milestone,2026-10-05T23:26:13.191079Z,2026-10-05T23:26:13.113493Z,2026-10-05T23:26:13.113493Z,,,
2026-10-05T23:24:55Z,football_nfl,32677,2026-10-06T00:15:00Z,player_reception_yds,fanatics,5453713,Juwan Johnson,espn:3929645,80+ Receiving Yards,,360,9627140982,1774036617,milestone,2026-10-05T23:26:13.191079Z,2026-10-05T23:26:13.113493Z,2026-10-05T23:26:13.113493Z,,,
2026-10-05T23:24:55Z,football_nfl,32677,2026-10-06T00:15:00Z,player_reception_yds,fanatics,5453713,Juwan Johnson,espn:3929645,90+ Receiving Yards,,525,9627140987,1774036619,milestone,2026-10-05T23:26:13.191079Z,2026-10-05T23:26:13.113493Z,2026-10-05T23:26:13.113493Z,,,
2026-10-05T23:24:55Z,football_nfl,32677,2026-10-06T00:15:00Z,player_reception_yds,fanatics,5453713,Kendre Miller,espn:4599739,10+ Receiving Yards,,140,11021607185,1789320992,milestone,2026-10-05T23:26:13.191079Z,2026-10-05T23:26:13.113493Z,2026-10-05T23:26:13.113493Z,,,
2026-10-05T23:24:55Z,football_nfl,32677,2026-10-06T00:15:00Z,player_reception_yds,fanatics,5453713,Kendre Miller,espn:4599739,20+ Receiving Yards,,380,11021607545,1789320994,milestone,2026-10-05T23:26:13.191079Z,2026-10-05T23:26:13.113493Z,2026-10-05T23:26:13.113493Z,,,
2026-10-05T23:24:55Z,football_nfl,32677,2026-10-06T00:15:00Z,player_reception_yds,fanatics,5453713,Kendre Miller,espn:4599739,25+ Receiving Yards,,550,11021607555,1789320996,milestone,2026-10-05T23:26:13.191079Z,2026-10-05T23:26:13.113493Z,2026-10-05T23:26:13.113493Z,,,
2026-10-05T23:24:55Z,football_nfl,32677,2026-10-06T00:15:00Z,player_reception_yds,fanatics,5453713,Kendre Miller,espn:4599739,30+ Receiving Yards,,800,11021607565,1789320998,milestone,2026-10-05T23:26:13.191079Z,2026-10-05T23:26:13.113493Z,2026-10-05T23:26:13.113493Z,,,
2026-10-05T23:24:55Z,football_nfl,32677,2026-10-06T00:15:00Z,player_reception_yds,fanatics,5453713,Kyle Pitts,espn:4360248,10+ Receiving Yards,,-850,9627140426,1774035757,milestone,2026-10-05T23:26:13.191079Z,2026-10-05T23:26:13.113493Z,2026-10-05T23:26:13.113493Z,,,
2026-10-05T23:24:55Z,football_nfl,32677,2026-10-06T00:15:00Z,player_reception_yds,fanatics,5453713,Kyle Pitts,espn:4360248,20+ Receiving Yards,,-275,9627140918,1774035759,milestone,2026-10-05T23:17:44.408788Z,2026-10-05T23:26:13.113493Z,2026-10-05T23:26:13.113493Z,,,
2026-10-05T23:24:55Z,football_nfl,32677,2026-10-06T00:15:00Z,player_reception_yds,fanatics,5453713,Kyle Pitts,espn:4360248,25+ Receiving Yards,,-180,9627140926,1774035761,milestone,2026-10-05T23:17:44.408788Z,2026-10-05T23:26:13.113493Z,2026-10-05T23:26:13.113493Z,,,
2026-10-05T23:24:55Z,football_nfl,32677,2026-10-06T00:15:00Z,player_reception_yds,fanatics,5453713,Kyle Pitts,espn:4360248,30+ Receiving Yards,,-125,9627140935,1774035763,milestone,2026-10-05T23:07:07.878694Z,2026-10-05T23:26:13.113493Z,2026-10-05T23:26:13.113493Z,,,
2026-10-05T23:24:55Z,football_nfl,32677,2026-10-06T00:15:00Z,player_reception_yds,fanatics,5453713,Kyle Pitts,espn:4360248,40+ Receiving Yards,,150,9627140945,1774035765,milestone,2026-10-05T23:17:44.408788Z,2026-10-05T23:26:13.113493Z,2026-10-05T23:26:13.113493Z,,,
2026-10-05T23:24:55Z,football_nfl,32677,2026-10-06T00:15:00Z,player_reception_yds,fanatics,5453713,Kyle Pitts,espn:4360248,50+ Receiving Yards,,250,9627140955,1774035767,milestone,2026-10-05T23:26:13.191079Z,2026-10-05T23:26:13.113493Z,2026-10-05T23:26:13.113493Z,,,
2026-10-05T23:24:55Z,football_nfl,32677,2026-10-06T00:15:00Z,player_reception_yds,fanatics,5453713,Kyle Pitts,espn:4360248,60+ Receiving Yards,,400,9627140964,1774035769,milestone,2026-10-05T23:26:13.191079Z,2026-10-05T23:26:13.113493Z,2026-10-05T23:26:13.113493Z,,,
2026-10-05T23:24:55Z,football_nfl,32677,2026-10-06T00:15:00Z,player_reception_yds,fanatics,5453713,Kyle Pitts,espn:4360248,70+ Receiving Yards,,600,9627140971,1774035771,milestone,2026-10-05T23:17:44.408788Z,2026-10-05T23:26:13.113493Z,2026-10-05T23:26:13.113493Z,,,
2026-10-05T23:24:55Z,football_nfl,32677,2026-10-06T00:15:00Z,player_reception_yds,fanatics,5453713,Kyle Pitts,espn:4360248,75+ Receiving Yards,,750,9627140977,1774035773,milestone,2026-10-05T23:17:44.408788Z,2026-10-05T23:26:13.113493Z,2026-10-05T23:26:13.113493Z,,,
2026-10-05T23:24:55Z,football_nfl,32677,2026-10-06T00:15:00Z,player_reception_yds,fanatics,5453713,Kyle Pitts,espn:4360248,80+ Receiving Yards,,950,9664494195,1774035775,milestone,2026-10-05T23:26:13.191079Z,2026-10-05T23:26:13.113493Z,2026-10-05T23:26:13.113493Z,,,
2026-10-05T23:24:55Z,football_nfl,32677,2026-10-06T00:15:00Z,player_reception_yds,fanatics,5453713,Olamide Zaccheaus,espn:3917914,10+ Receiving Yards,,100,9887109825,1777537729,milestone,2026-10-05T23:26:13.191079Z,2026-10-05T23:26:13.113493Z,2026-10-05T23:26:13.113493Z,,,
2026-10-05T23:24:55Z,football_nfl,32677,2026-10-06T00:15:00Z,player_reception_yds,fanatics,5453713,Olamide Zaccheaus,espn:3917914,20+ Receiving Yards,,225,9887109953,1777537731,milestone,2026-10-05T23:26:13.191079Z,2026-10-05T23:26:13.113493Z,2026-10-05T23:26:13.113493Z,,,
2026-10-05T23:24:55Z,football_nfl,32677,2026-10-06T00:15:00Z,player_reception_yds,fanatics,5453713,Olamide Zaccheaus,espn:3917914,25+ Receiving Yards,,320,9887109962,1777537735,milestone,2026-10-05T23:26:13.191079Z,2026-10-05T23:26:13.113493Z,2026-10-05T23:26:13.113493Z,,,
2026-10-05T23:24:55Z,football_nfl,32677,2026-10-06T00:15:00Z,player_reception_yds,fanatics,5453713,Olamide Zaccheaus,espn:3917914,30+ Receiving Yards,,430,9887109971,1777537739,milestone,2026-10-05T23:26:13.191079Z,2026-10-05T23:26:13.113493Z,2026-10-05T23:26:13.113493Z,,,
2026-10-05T23:24:55Z,football_nfl,32677,2026-10-06T00:15:00Z,player_reception_yds,fanatics,5453713,Olamide Zaccheaus,espn:3917914,40+ Receiving Yards,,750,9887109982,1777537741,milestone,2026-10-05T23:26:13.191079Z,2026-10-05T23:26:13.113493Z,2026-10-05T23:26:13.113493Z,,,
2026-10-05T23:24:55Z,football_nfl,32677,2026-10-06T00:15:00Z,player_reception_yds,fanatics,5453713,Olamide Zaccheaus,espn:3917914,50+ Receiving Yards,,1100,9987034450,1777537743,milestone,2026-10-05T23:17:44.408788Z,2026-10-05T23:24:56.663703Z,2026-10-05T23:26:13.113493Z,,,
2026-10-05T23:24:55Z,football_nfl,32677,2026-10-06T00:15:00Z,player_rush_yds,fanatics,5453713,Alvin Kamara,espn:3054850,Over,35.5,-115,9627140988,1776339114,main,2026-10-05T23:26:26.795006Z,2026-10-05T23:26:26.760247Z,2026-10-05T23:26:26.760247Z,,,
2026-10-05T23:24:55Z,football_nfl,32677,2026-10-06T00:15:00Z,player_rush_yds,fanatics,5453713,Alvin Kamara,espn:3054850,Under,35.5,-115,9627140989,1776339116,main,2026-10-05T23:26:26.795006Z,2026-10-05T23:26:26.760247Z,2026-10-05T23:26:26.760247Z,,,
2026-10-05T23:24:55Z,football_nfl,32677,2026-10-06T00:15:00Z,player_rush_yds,fanatics,5453713,Bijan Robinson,espn:4430807,Over,85.5,-135,9627140990,1774036458,main,2026-10-05T23:26:28.267415Z,2026-10-05T23:26:28.255217Z,2026-10-05T23:26:28.255217Z,,,
2026-10-05T23:24:55Z,football_nfl,32677,2026-10-06T00:15:00Z,player_rush_yds,fanatics,5453713,Bijan Robinson,espn:4430807,Under,85.5,100,9627140991,1774036466,main,2026-10-05T23:26:28.267415Z,2026-10-05T23:26:28.255217Z,2026-10-05T23:26:28.255217Z,,,
2026-10-05T23:24:55Z,football_nfl,32677,2026-10-06T00:15:00Z,player_rush_yds,fanatics,5453713,Brian Robinson,espn:4241474,Over,30.5,100,9627140992,1774035739,main,2026-10-05T23:25:39.825090Z,2026-10-05T23:26:13.113493Z,2026-10-05T23:26:13.113493Z,,,
2026-10-05T23:24:55Z,football_nfl,32677,2026-10-06T00:15:00Z,player_rush_yds,fanatics,5453713,Brian Robinson,espn:4241474,Under,30.5,-135,9627140993,1774035742,main,2026-10-05T23:25:39.825090Z,2026-10-05T23:26:13.113493Z,2026-10-05T23:26:13.113493Z,,,
2026-10-05T23:24:55Z,football_nfl,32677,2026-10-06T00:15:00Z,player_rush_yds,fanatics,5453713,Kendre Miller,espn:4599739,Over,25.5,-120,9627140994,1776373497,main,2026-10-05T23:26:13.191079Z,2026-10-05T23:26:13.113493Z,2026-10-05T23:26:13.113493Z,,,
2026-10-05T23:24:55Z,football_nfl,32677,2026-10-06T00:15:00Z,player_rush_yds,fanatics,5453713,Kendre Miller,espn:4599739,Under,25.5,-110,9627140995,1776373499,main,2026-10-05T23:26:13.191079Z,2026-10-05T23:26:13.113493Z,2026-10-05T23:26:13.113493Z,,,
2026-10-05T23:24:55Z,football_nfl,32677,2026-10-06T00:15:00Z,player_rush_yds,fanatics,5453713,Alvin Kamara,espn:3054850,20+ Rushing Yards,,-525,9627141005,1774036453,milestone,2026-10-05T23:26:13.191079Z,2026-10-05T23:26:13.113493Z,2026-10-05T23:26:13.113493Z,,,
2026-10-05T23:24:55Z,football_nfl,32677,2026-10-06T00:15:00Z,player_rush_yds,fanatics,5453713,Alvin Kamara,espn:3054850,25+ Rushing Yards,,-320,9627141008,1774036456,milestone,2026-10-05T23:17:44.408788Z,2026-10-05T23:26:13.113493Z,2026-10-05T23:26:13.113493Z,,,
2026-10-05T23:24:55Z,football_nfl,32677,2026-10-06T00:15:00Z,player_rush_yds,fanatics,5453713,Alvin Kamara,espn:3054850,30+ Rushing Yards,,-195,9627141011,1774036467,milestone,2026-10-05T23:11:29.950947Z,2026-10-05T23:26:13.113493Z,2026-10-05T23:26:13.113493Z,,,
2026-10-05T23:24:55Z,football_nfl,32677,2026-10-06T00:15:00Z,player_rush_yds,fanatics,5453713,Alvin Kamara,espn:3054850,40+ Rushing Yards,,110,9627141014,1774036475,milestone,2026-10-05T23:12:45.523981Z,2026-10-05T23:26:13.113493Z,2026-10-05T23:26:13.113493Z,,,
2026-10-05T23:24:55Z,football_nfl,32677,2026-10-06T00:15:00Z,player_rush_yds,fanatics,5453713,Alvin Kamara,espn:3054850,50+ Rushing Yards,,200,9627141017,1774036477,milestone,2026-10-05T23:05:37.616273Z,2026-10-05T23:26:13.113493Z,2026-10-05T23:26:13.113493Z,,,
2026-10-05T23:24:55Z,football_nfl,32677,2026-10-06T00:15:00Z,player_rush_yds,fanatics,5453713,Alvin Kamara,espn:3054850,60+ Rushing Yards,,330,9627141021,1774036479,milestone,2026-10-05T23:26:13.191079Z,2026-10-05T23:26:13.113493Z,2026-10-05T23:26:13.113493Z,,,
2026-10-05T23:24:55Z,football_nfl,32677,2026-10-06T00:15:00Z,player_rush_yds,fanatics,5453713,Alvin Kamara,espn:3054850,70+ Rushing Yards,,550,9627141024,1774036487,milestone,2026-10-05T23:12:45.523981Z,2026-10-05T23:26:13.113493Z,2026-10-05T23:26:13.113493Z,,,
2026-10-05T23:24:55Z,football_nfl,32677,2026-10-06T00:15:00Z,player_rush_yds,fanatics,5453713,Alvin Kamara,espn:3054850,75+ Rushing Yards,,700,9627141027,1774036492,milestone,2026-10-05T23:26:13.191079Z,2026-10-05T23:26:13.113493Z,2026-10-05T23:26:13.113493Z,,,
2026-10-05T23:24:55Z,football_nfl,32677,2026-10-06T00:15:00Z,player_rush_yds,fanatics,5453713,Alvin Kamara,espn:3054850,80+ Rushing Yards,,850,9627141030,1774036497,milestone,2026-10-05T23:11:29.950947Z,2026-10-05T23:26:13.113493Z,2026-10-05T23:26:13.113493Z,,,
2026-10-05T23:24:55Z,football_nfl,32677,2026-10-06T00:15:00Z,player_rush_yds,fanatics,5453713,Bijan Robinson,espn:4430807,100+ Rushing Yards,,125,9627140996,1774035685,milestone,2026-10-05T23:26:13.191079Z,2026-10-05T23:26:13.113493Z,2026-10-05T23:26:13.113493Z,,,
2026-10-05T23:24:55Z,football_nfl,32677,2026-10-06T00:15:00Z,player_rush_yds,fanatics,5453713,Bijan Robinson,espn:4430807,110+ Rushing Yards,,185,9627140998,1774035688,milestone,2026-10-05T23:26:13.191079Z,2026-10-05T23:26:13.113493Z,2026-10-05T23:26:13.113493Z,,,
2026-10-05T23:24:55Z,football_nfl,32677,2026-10-06T00:15:00Z,player_rush_yds,fanatics,5453713,Bijan Robinson,espn:4430807,120+ Rushing Yards,,260,9627140999,1774035691,milestone,2026-10-05T23:26:13.191079Z,2026-10-05T23:26:13.113493Z,2026-10-05T23:26:13.113493Z,,,
2026-10-05T23:24:55Z,football_nfl,32677,2026-10-06T00:15:00Z,player_rush_yds,fanatics,5453713,Bijan Robinson,espn:4430807,125+ Rushing Yards,,310,9627141000,1774035694,milestone,2026-10-05T23:26:13.191079Z,2026-10-05T23:26:13.113493Z,2026-10-05T23:26:13.113493Z,,,
2026-10-05T23:24:55Z,football_nfl,32677,2026-10-06T00:15:00Z,player_rush_yds,fanatics,5453713,Bijan Robinson,espn:4430807,130+ Rushing Yards,,360,9627141001,1774035697,milestone,2026-10-05T23:26:13.191079Z,2026-10-05T23:26:13.113493Z,2026-10-05T23:26:13.113493Z,,,
2026-10-05T23:24:55Z,football_nfl,32677,2026-10-06T00:15:00Z,player_rush_yds,fanatics,5453713,Bijan Robinson,espn:4430807,140+ Rushing Yards,,525,9627141002,1774035699,milestone,2026-10-05T23:17:44.408788Z,2026-10-05T23:26:13.113493Z,2026-10-05T23:26:13.113493Z,,,
2026-10-05T23:24:55Z,football_nfl,32677,2026-10-06T00:15:00Z,player_rush_yds,fanatics,5453713,Bijan Robinson,espn:4430807,150+ Rushing Yards,,700,9627141003,1774035703,milestone,2026-10-05T23:26:13.191079Z,2026-10-05T23:26:13.113493Z,2026-10-05T23:26:13.113493Z,,,
2026-10-05T23:24:55Z,football_nfl,32677,2026-10-06T00:15:00Z,player_rush_yds,fanatics,5453713,Bijan Robinson,espn:4430807,160+ Rushing Yards,,950,9627141004,1774035707,milestone,2026-10-05T23:17:44.408788Z,2026-10-05T23:26:13.113493Z,2026-10-05T23:26:13.113493Z,,,
2026-10-05T23:24:55Z,football_nfl,32677,2026-10-06T00:15:00Z,player_rush_yds,fanatics,5453713,Bijan Robinson,espn:4430807,50+ Rushing Yards,,-1300,9627141018,1774035667,milestone,2026-10-05T23:17:44.408788Z,2026-10-05T23:26:13.113493Z,2026-10-05T23:26:13.113493Z,,,
2026-10-05T23:24:55Z,football_nfl,32677,2026-10-06T00:15:00Z,player_rush_yds,fanatics,5453713,Bijan Robinson,espn:4430807,60+ Rushing Yards,,-600,9627141022,1774035670,milestone,2026-10-05T23:17:44.408788Z,2026-10-05T23:26:13.113493Z,2026-10-05T23:26:13.113493Z,,,
2026-10-05T23:24:55Z,football_nfl,32677,2026-10-06T00:15:00Z,player_rush_yds,fanatics,5453713,Bijan Robinson,espn:4430807,70+ Rushing Yards,,-330,9627141025,1774035673,milestone,2026-10-05T23:26:13.191079Z,2026-10-05T23:26:13.113493Z,2026-10-05T23:26:13.113493Z,,,
2026-10-05T23:24:55Z,football_nfl,32677,2026-10-06T00:15:00Z,player_rush_yds,fanatics,5453713,Bijan Robinson,espn:4430807,75+ Rushing Yards,,-245,9627141028,1774035675,milestone,2026-10-05T23:26:13.191079Z,2026-10-05T23:26:13.113493Z,2026-10-05T23:26:13.113493Z,,,
2026-10-05T23:24:55Z,football_nfl,32677,2026-10-06T00:15:00Z,player_rush_yds,fanatics,5453713,Bijan Robinson,espn:4430807,80+ Rushing Yards,,-185,9627141031,1774035679,milestone,2026-10-05T23:17:44.408788Z,2026-10-05T23:26:13.113493Z,2026-10-05T23:26:13.113493Z,,,
2026-10-05T23:24:55Z,football_nfl,32677,2026-10-06T00:15:00Z,player_rush_yds,fanatics,5453713,Bijan Robinson,espn:4430807,90+ Rushing Yards,,-120,9627141033,1774035682,milestone,2026-10-05T23:26:13.191079Z,2026-10-05T23:26:13.113493Z,2026-10-05T23:26:13.113493Z,,,
2026-10-05T23:24:55Z,football_nfl,32677,2026-10-06T00:15:00Z,player_rush_yds,fanatics,5453713,Brian Robinson,espn:4241474,10+ Rushing Yards,,-1400,10037340863,1774035564,milestone,2026-10-05T23:26:13.191079Z,2026-10-05T23:26:13.113493Z,2026-10-05T23:26:13.113493Z,,,
2026-10-05T23:24:55Z,football_nfl,32677,2026-10-06T00:15:00Z,player_rush_yds,fanatics,5453713,Brian Robinson,espn:4241474,20+ Rushing Yards,,-300,9627141006,1774035567,milestone,2026-10-05T23:26:13.191079Z,2026-10-05T23:26:13.113493Z,2026-10-05T23:26:13.113493Z,,,
2026-10-05T23:24:55Z,football_nfl,32677,2026-10-06T00:15:00Z,player_rush_yds,fanatics,5453713,Brian Robinson,espn:4241474,25+ Rushing Yards,,-170,9627141009,1774035571,milestone,2026-10-05T23:26:13.191079Z,2026-10-05T23:26:13.113493Z,2026-10-05T23:26:13.113493Z,,,
2026-10-05T23:24:55Z,football_nfl,32677,2026-10-06T00:15:00Z,player_rush_yds,fanatics,5453713,Brian Robinson,espn:4241474,30+ Rushing Yards,,-110,9627141012,1774035574,milestone,2026-10-05T23:26:13.191079Z,2026-10-05T23:26:13.113493Z,2026-10-05T23:26:13.113493Z,,,
2026-10-05T23:24:55Z,football_nfl,32677,2026-10-06T00:15:00Z,player_rush_yds,fanatics,5453713,Brian Robinson,espn:4241474,40+ Rushing Yards,,190,9627141015,1774035577,milestone,2026-10-05T23:26:13.191079Z,2026-10-05T23:26:13.113493Z,2026-10-05T23:26:13.113493Z,,,
2026-10-05T23:24:55Z,football_nfl,32677,2026-10-06T00:15:00Z,player_rush_yds,fanatics,5453713,Brian Robinson,espn:4241474,50+ Rushing Yards,,360,9627141019,1774035580,milestone,2026-10-05T23:05:37.616273Z,2026-10-05T23:26:13.113493Z,2026-10-05T23:26:13.113493Z,,,
2026-10-05T23:24:55Z,football_nfl,32677,2026-10-06T00:15:00Z,player_rush_yds,fanatics,5453713,Brian Robinson,espn:4241474,60+ Rushing Yards,,600,9627141023,1774035583,milestone,2026-10-05T23:17:44.408788Z,2026-10-05T23:26:13.113493Z,2026-10-05T23:26:13.113493Z,,,
2026-10-05T23:24:55Z,football_nfl,32677,2026-10-06T00:15:00Z,player_rush_yds,fanatics,5453713,Brian Robinson,espn:4241474,70+ Rushing Yards,,950,9627141026,1774035586,milestone,2026-10-05T23:17:44.408788Z,2026-10-05T23:26:13.113493Z,2026-10-05T23:26:13.113493Z,,,
2026-10-05T23:24:55Z,football_nfl,32677,2026-10-06T00:15:00Z,player_rush_yds,fanatics,5453713,Kendre Miller,espn:4599739,10+ Rushing Yards,,-1100,9627140997,1774035471,milestone,2026-10-05T23:17:44.408788Z,2026-10-05T23:26:13.113493Z,2026-10-05T23:26:13.113493Z,,,
2026-10-05T23:24:55Z,football_nfl,32677,2026-10-06T00:15:00Z,player_rush_yds,fanatics,5453713,Kendre Miller,espn:4599739,20+ Rushing Yards,,-235,9627141007,1774035475,milestone,2026-10-05T23:17:44.408788Z,2026-10-05T23:26:13.113493Z,2026-10-05T23:26:13.113493Z,,,
2026-10-05T23:24:55Z,football_nfl,32677,2026-10-06T00:15:00Z,player_rush_yds,fanatics,5453713,Kendre Miller,espn:4599739,25+ Rushing Yards,,-135,9627141010,1774035479,milestone,2026-10-05T23:26:13.191079Z,2026-10-05T23:26:13.113493Z,2026-10-05T23:26:13.113493Z,,,
2026-10-05T23:24:55Z,football_nfl,32677,2026-10-06T00:15:00Z,player_rush_yds,fanatics,5453713,Kendre Miller,espn:4599739,30+ Rushing Yards,,115,9627141013,1774035483,milestone,2026-10-05T23:26:13.191079Z,2026-10-05T23:26:13.113493Z,2026-10-05T23:26:13.113493Z,,,
2026-10-05T23:24:55Z,football_nfl,32677,2026-10-06T00:15:00Z,player_rush_yds,fanatics,5453713,Kendre Miller,espn:4599739,40+ Rushing Yards,,240,9627141016,1774035489,milestone,2026-10-05T23:26:13.191079Z,2026-10-05T23:26:13.113493Z,2026-10-05T23:26:13.113493Z,,,
2026-10-05T23:24:55Z,football_nfl,32677,2026-10-06T00:15:00Z,player_rush_yds,fanatics,5453713,Kendre Miller,espn:4599739,50+ Rushing Yards,,450,9627141020,1774035491,milestone,2026-10-05T23:26:13.191079Z,2026-10-05T23:26:13.113493Z,2026-10-05T23:26:13.113493Z,,,
2026-10-05T23:24:55Z,football_nfl,32677,2026-10-06T00:15:00Z,player_rush_yds,fanatics,5453713,Kendre Miller,espn:4599739,60+ Rushing Yards,,800,9694669209,1774035495,milestone,2026-10-05T23:26:13.191079Z,2026-10-05T23:26:13.113493Z,2026-10-05T23:26:13.113493Z,,,
2026-10-05T23:24:55Z,football_nfl,32677,2026-10-06T00:15:00Z,player_rush_yds,fanatics,5453713,Michael Penix,espn:4360423,10+ Rushing Yards,,170,9688961285,1775151970,milestone,2026-10-05T23:26:13.191079Z,2026-10-05T23:26:13.113493Z,2026-10-05T23:26:13.113493Z,,,
2026-10-05T23:24:55Z,football_nfl,32677,2026-10-06T00:15:00Z,player_rush_yds,fanatics,5453713,Michael Penix,espn:4360423,20+ Rushing Yards,,475,9688961301,1775151972,milestone,2026-10-05T23:17:44.408788Z,2026-10-05T23:26:13.113493Z,2026-10-05T23:26:13.113493Z,,,
2026-10-05T23:24:55Z,football_nfl,32677,2026-10-06T00:15:00Z,player_rush_yds,fanatics,5453713,Michael Penix,espn:4360423,25+ Rushing Yards,,750,9688961306,1775151974,milestone,2026-10-05T23:02:03.853342Z,2026-10-05T23:26:13.113493Z,2026-10-05T23:26:13.113493Z,,,
2026-10-05T23:24:55Z,football_nfl,32677,2026-10-06T00:15:00Z,player_rush_yds,fanatics,5453713,Michael Penix,espn:4360423,30+ Rushing Yards,,1100,9688961311,1775151976,milestone,2026-10-05T23:13:50.824277Z,2026-10-05T23:26:13.113493Z,2026-10-05T23:26:13.113493Z,,,
2026-10-05T23:24:55Z,football_nfl,32677,2026-10-06T00:15:00Z,player_rush_yds,fanatics,5453713,Tyler Shough,espn:4360689,10+ Rushing Yards,,-350,9688226352,1775144740,milestone,2026-10-05T23:26:13.191079Z,2026-10-05T23:26:13.113493Z,2026-10-05T23:26:13.113493Z,,,
2026-10-05T23:24:55Z,football_nfl,32677,2026-10-06T00:15:00Z,player_rush_yds,fanatics,5453713,Tyler Shough,espn:4360689,20+ Rushing Yards,,100,9688226363,1775144742,milestone,2026-10-05T23:12:45.523981Z,2026-10-05T23:26:13.113493Z,2026-10-05T23:26:13.113493Z,,,
2026-10-05T23:24:55Z,football_nfl,32677,2026-10-06T00:15:00Z,player_rush_yds,fanatics,5453713,Tyler Shough,espn:4360689,25+ Rushing Yards,,155,9688226367,1775144744,milestone,2026-10-05T23:26:13.191079Z,2026-10-05T23:26:13.113493Z,2026-10-05T23:26:13.113493Z,,,
2026-10-05T23:24:55Z,football_nfl,32677,2026-10-06T00:15:00Z,player_rush_yds,fanatics,5453713,Tyler Shough,espn:4360689,30+ Rushing Yards,,225,9688226371,1775144746,milestone,2026-10-05T23:26:13.191079Z,2026-10-05T23:26:13.113493Z,2026-10-05T23:26:13.113493Z,,,
2026-10-05T23:24:55Z,football_nfl,32677,2026-10-06T00:15:00Z,player_rush_yds,fanatics,5453713,Tyler Shough,espn:4360689,40+ Rushing Yards,,450,9688226375,1775144752,milestone,2026-10-05T23:26:13.191079Z,2026-10-05T23:26:13.113493Z,2026-10-05T23:26:13.113493Z,,,
2026-10-05T23:24:55Z,football_nfl,32677,2026-10-06T00:15:00Z,player_rush_yds,fanatics,5453713,Tyler Shough,espn:4360689,50+ Rushing Yards,,850,9688226380,1775144754,milestone,2026-10-05T23:26:13.191079Z,2026-10-05T23:26:13.113493Z,2026-10-05T23:26:13.113493Z,,,
2026-10-05T23:24:55Z,football_nfl,32677,2026-10-06T00:15:00Z,player_rush_yds,fanatics,5453713,Michael Penix Jr.,espn:4360423,Over,5.5,-105,9688139364,1775143466,main,2026-10-05T23:17:44.408788Z,2026-10-05T23:26:13.113493Z,2026-10-05T23:26:13.113493Z,,,
2026-10-05T23:24:55Z,football_nfl,32677,2026-10-06T00:15:00Z,player_rush_yds,fanatics,5453713,Michael Penix Jr.,espn:4360423,Under,5.5,-125,9688139401,1775143468,main,2026-10-05T23:17:44.408788Z,2026-10-05T23:26:13.113493Z,2026-10-05T23:26:13.113493Z,,,
2026-10-05T23:24:55Z,football_nfl,32677,2026-10-06T00:15:00Z,player_rush_yds,fanatics,5453713,Tyler Shough,espn:4360689,Over,15.5,-155,9688226394,1775144798,main,2026-10-05T23:26:13.191079Z,2026-10-05T23:26:13.113493Z,2026-10-05T23:26:13.113493Z,,,
2026-10-05T23:24:55Z,football_nfl,32677,2026-10-06T00:15:00Z,player_rush_yds,fanatics,5453713,Tyler Shough,espn:4360689,Under,15.5,115,9688226395,1775144800,main,2026-10-05T23:26:13.191079Z,2026-10-05T23:26:13.113493Z,2026-10-05T23:26:13.113493Z,,,
2026-10-05T23:24:55Z,football_nfl,32677,2026-10-06T00:15:00Z,player_reception_yds,fanatics,5453713,Olamide Zaccheaus,espn:3917914,Over,10.5,105,9887110096,1777537733,main,2026-10-05T23:11:29.950947Z,2026-10-05T23:26:13.113493Z,2026-10-05T23:26:13.113493Z,,,
2026-10-05T23:24:55Z,football_nfl,32677,2026-10-06T00:15:00Z,player_reception_yds,fanatics,5453713,Olamide Zaccheaus,espn:3917914,Under,10.5,-140,9887110097,1777537737,main,2026-10-05T23:11:29.950947Z,2026-10-05T23:26:13.113493Z,2026-10-05T23:26:13.113493Z,,,
2026-10-05T23:24:55Z,football_nfl,32677,2026-10-06T00:15:00Z,player_reception_yds,fanatics,5453713,Bryce Lance,espn:4879276,Over,15.5,-115,10882266813,1788116874,main,2026-10-05T23:26:13.191079Z,2026-10-05T23:26:13.113493Z,2026-10-05T23:26:13.113493Z,,,
2026-10-05T23:24:55Z,football_nfl,32677,2026-10-06T00:15:00Z,player_reception_yds,fanatics,5453713,Bryce Lance,espn:4879276,Under,15.5,-115,10882266814,1788116876,main,2026-10-05T23:26:13.191079Z,2026-10-05T23:26:13.113493Z,2026-10-05T23:26:13.113493Z,,,
2026-10-05T23:24:55Z,football_nfl,32677,2026-10-06T00:15:00Z,player_reception_yds,fanatics,5453713,Zachariah Branch,espn:4870612,Over,10.5,145,10999043225,1789208831,main,2026-10-05T23:13:01.943902Z,2026-10-05T23:26:13.191079Z,2026-10-05T23:26:28.255217Z,,,2026-10-05T23:26:28.255217Z
2026-10-05T23:24:55Z,football_nfl,32677,2026-10-06T00:15:00Z,player_reception_yds,fanatics,5453713,Zachariah Branch,espn:4870612,Under,10.5,-205,10999043226,1789208833,main,2026-10-05T23:13:01.943902Z,2026-10-05T23:26:13.191079Z,2026-10-05T23:26:28.255217Z,,,2026-10-05T23:26:28.255217Z
2026-10-05T23:24:55Z,football_nfl,32677,2026-10-06T00:15:00Z,player_reception_yds,fanatics,5453713,Kendre Miller,espn:4599739,Over,10.5,160,11018534801,1789307030,main,2026-10-05T23:26:13.191079Z,2026-10-05T23:26:13.113493Z,2026-10-05T23:26:13.113493Z,,,
2026-10-05T23:24:55Z,football_nfl,32677,2026-10-06T00:15:00Z,player_reception_yds,fanatics,5453713,Kendre Miller,espn:4599739,Under,10.5,-230,11018534802,1789307034,main,2026-10-05T23:26:13.191079Z,2026-10-05T23:26:13.113493Z,2026-10-05T23:26:13.113493Z,,,
2026-10-05T23:24:55Z,football_nfl,32677,2026-10-06T00:15:00Z,player_pass_tds,fanduel,36104928,Michael Penix Jr.,espn:4360423,Over,1.5,104,9622054278,717.189237841:41155937,main,2026-10-05T16:29:48.993889Z,2026-10-05T23:26:57.814863Z,2026-10-05T23:26:57.814863Z,,,
2026-10-05T23:24:55Z,football_nfl,32677,2026-10-06T00:15:00Z,player_pass_tds,fanduel,36104928,Michael Penix Jr.,espn:4360423,Under,1.5,-135,9622054279,717.189237841:41155938,main,2026-10-05T16:29:48.993889Z,2026-10-05T23:26:57.814863Z,2026-10-05T23:26:57.814863Z,,,
2026-10-05T23:24:55Z,football_nfl,32677,2026-10-06T00:15:00Z,player_pass_tds,fanduel,36104928,Tyler Shough,espn:4360689,Over,1.5,-132,9622054280,717.189237837:41066836,main,2026-10-05T22:51:59.769832Z,2026-10-05T23:26:57.814863Z,2026-10-05T23:26:57.814863Z,,,
2026-10-05T23:24:55Z,football_nfl,32677,2026-10-06T00:15:00Z,player_pass_tds,fanduel,36104928,Tyler Shough,espn:4360689,Under,1.5,102,9622054281,717.189237837:41066844,main,2026-10-05T22:51:59.769832Z,2026-10-05T23:26:57.814863Z,2026-10-05T23:26:57.814863Z,,,
2026-10-05T23:24:55Z,football_nfl,32677,2026-10-06T00:15:00Z,player_pass_yds,fanduel,36104928,Michael Penix Jr.,espn:4360423,Over,224.5,-113,9622054282,717.189237836:41155937,main,2026-10-05T00:16:04.101018Z,2026-10-05T23:26:57.814863Z,2026-10-05T23:26:57.814863Z,,,
2026-10-05T23:24:55Z,football_nfl,32677,2026-10-06T00:15:00Z,player_pass_yds,fanduel,36104928,Michael Penix Jr.,espn:4360423,Under,224.5,-113,9622054283,717.189237836:41155938,main,2026-10-05T00:16:04.101018Z,2026-10-05T23:26:57.814863Z,2026-10-05T23:26:57.814863Z,,,
2026-10-05T23:24:55Z,football_nfl,32677,2026-10-06T00:15:00Z,player_pass_yds,fanduel,36104928,Tyler Shough,espn:4360689,Over,258.5,-113,9622054284,717.189237843:41066836,main,2026-10-05T22:51:59.769832Z,2026-10-05T23:26:57.814863Z,2026-10-05T23:26:57.814863Z,,,
2026-10-05T23:24:55Z,football_nfl,32677,2026-10-06T00:15:00Z,player_pass_yds,fanduel,36104928,Tyler Shough,espn:4360689,Under,258.5,-113,9622054285,717.189237843:41066844,main,2026-10-05T22:51:59.769832Z,2026-10-05T23:26:57.814863Z,2026-10-05T23:26:57.814863Z,,,
2026-10-05T23:24:55Z,football_nfl,32677,2026-10-06T00:15:00Z,player_pass_tds,fanduel,36104928,Michael Penix Jr.,espn:4360423,1+ Passing Touchdowns,,-550,9625002287,717.189243924:78131680,milestone,2026-10-05T22:42:31.735262Z,2026-10-05T23:26:57.814863Z,2026-10-05T23:26:57.814863Z,,,
2026-10-05T23:24:55Z,football_nfl,32677,2026-10-06T00:15:00Z,player_pass_tds,fanduel,36104928,Michael Penix Jr.,espn:4360423,2+ Passing Touchdowns,,102,9625002288,717.189243924:78131684,milestone,2026-10-05T22:51:59.769832Z,2026-10-05T23:26:57.814863Z,2026-10-05T23:26:57.814863Z,,,
2026-10-05T23:24:55Z,football_nfl,32677,2026-10-06T00:15:00Z,player_pass_tds,fanduel,36104928,Michael Penix Jr.,espn:4360423,3+ Passing Touchdowns,,390,9625002289,717.189243924:78131686,milestone,2026-10-05T13:19:46.931738Z,2026-10-05T23:26:57.814863Z,2026-10-05T23:26:57.814863Z,,,
2026-10-05T23:24:55Z,football_nfl,32677,2026-10-06T00:15:00Z,player_pass_tds,fanduel,36104928,Michael Penix Jr.,espn:4360423,4+ Passing Touchdowns,,1260,9625002290,717.189243924:78131683,milestone,2026-10-05T12:49:35.897737Z,2026-10-05T23:26:57.814863Z,2026-10-05T23:26:57.814863Z,,,
2026-10-05T23:24:55Z,football_nfl,32677,2026-10-06T00:15:00Z,player_pass_yds,fanduel,36104928,Michael Penix Jr.,espn:4360423,150+ Passing Yards,,-850,9625002291,717.189243885:78131692,milestone,2026-10-05T23:16:13.745378Z,2026-10-05T23:26:57.814863Z,2026-10-05T23:26:57.814863Z,,,
2026-10-05T23:24:55Z,football_nfl,32677,2026-10-06T00:15:00Z,player_pass_yds,fanduel,36104928,Michael Penix Jr.,espn:4360423,175+ Passing Yards,,-400,9625002292,717.189243885:78131690,milestone,2026-10-05T22:51:58.544713Z,2026-10-05T23:26:57.814863Z,2026-10-05T23:26:57.814863Z,,,
2026-10-05T23:24:55Z,football_nfl,32677,2026-10-06T00:15:00Z,player_pass_yds,fanduel,36104928,Michael Penix Jr.,espn:4360423,200+ Passing Yards,,-215,9625002293,717.189243885:78131688,milestone,2026-10-05T22:46:41.257093Z,2026-10-05T23:26:57.814863Z,2026-10-05T23:26:57.814863Z,,,
2026-10-05T23:24:55Z,football_nfl,32677,2026-10-06T00:15:00Z,player_pass_yds,fanduel,36104928,Michael Penix Jr.,espn:4360423,225+ Passing Yards,,-114,9625002294,717.189243885:78131687,milestone,2026-09-30T06:50:21.615118Z,2026-10-05T23:26:57.814863Z,2026-10-05T23:26:57.814863Z,,,
2026-10-05T23:24:55Z,football_nfl,32677,2026-10-06T00:15:00Z,player_pass_yds,fanduel,36104928,Michael Penix Jr.,espn:4360423,250+ Passing Yards,,162,9625002295,717.189243885:78131689,milestone,2026-10-05T23:16:13.745378Z,2026-10-05T23:26:57.814863Z,2026-10-05T23:26:57.814863Z,,,
2026-10-05T23:24:55Z,football_nfl,32677,2026-10-06T00:15:00Z,player_pass_yds,fanduel,36104928,Michael Penix Jr.,espn:4360423,275+ Passing Yards,,270,9625002296,717.189243885:78131700,milestone,2026-10-05T22:42:31.735262Z,2026-10-05T23:26:57.814863Z,2026-10-05T23:26:57.814863Z,,,
2026-10-05T23:24:55Z,football_nfl,32677,2026-10-06T00:15:00Z,player_pass_yds,fanduel,36104928,Michael Penix Jr.,espn:4360423,300+ Passing Yards,,470,9625002297,717.189243885:78131696,milestone,2026-10-05T10:01:10.349073Z,2026-10-05T23:26:57.814863Z,2026-10-05T23:26:57.814863Z,,,
2026-10-05T23:24:55Z,football_nfl,32677,2026-10-06T00:15:00Z,player_pass_yds,fanduel,36104928,Michael Penix Jr.,espn:4360423,325+ Passing Yards,,750,9625002298,717.189243885:78131699,milestone,2026-10-05T12:49:34.869361Z,2026-10-05T23:26:57.814863Z,2026-10-05T23:26:57.814863Z,,,
2026-10-05T23:24:55Z,football_nfl,32677,2026-10-06T00:15:00Z,player_pass_yds,fanduel,36104928,Michael Penix Jr.,espn:4360423,350+ Passing Yards,,1200,9625002299,717.189243885:78131691,milestone,2026-10-05T22:51:58.544713Z,2026-10-05T23:26:57.814863Z,2026-10-05T23:26:57.814863Z,,,
2026-10-05T23:24:55Z,football_nfl,32677,2026-10-06T00:15:00Z,player_reception_yds,fanduel,36104928,Alvin Kamara,espn:3054850,Over,15.5,-113,9625002300,717.189243783:14942377,main,2026-10-05T17:07:51.802239Z,2026-10-05T23:26:57.814863Z,2026-10-05T23:26:57.814863Z,,,
2026-10-05T23:24:55Z,football_nfl,32677,2026-10-06T00:15:00Z,player_reception_yds,fanduel,36104928,Alvin Kamara,espn:3054850,Under,15.5,-113,9625002301,717.189243783:14942376,main,2026-10-05T17:07:51.802239Z,2026-10-05T23:26:57.814863Z,2026-10-05T23:26:57.814863Z,,,
2026-10-05T23:24:55Z,football_nfl,32677,2026-10-06T00:15:00Z,player_reception_yds,fanduel,36104928,Austin Hooper,espn:3043275,10+ Receiving Yards,,122,9625002302,717.189243893:73882177,milestone,2026-10-05T22:46:41.257093Z,2026-10-05T23:26:57.814863Z,2026-10-05T23:26:57.814863Z,,,
2026-10-05T23:24:55Z,football_nfl,32677,2026-10-06T00:15:00Z,player_reception_yds,fanduel,36104928,Austin Hooper,espn:3043275,15+ Receiving Yards,,210,9625002303,717.189243893:73882171,milestone,2026-10-05T22:51:59.769832Z,2026-10-05T23:26:57.814863Z,2026-10-05T23:26:57.814863Z,,,
2026-10-05T23:24:55Z,football_nfl,32677,2026-10-06T00:15:00Z,player_reception_yds,fanduel,36104928,Austin Hooper,espn:3043275,20+ Receiving Yards,,320,9625002304,717.189243893:73882183,milestone,2026-10-05T23:08:08.154248Z,2026-10-05T23:26:57.814863Z,2026-10-05T23:26:57.814863Z,,,
2026-10-05T23:24:55Z,football_nfl,32677,2026-10-06T00:15:00Z,player_reception_yds,fanduel,36104928,Austin Hooper,espn:3043275,25+ Receiving Yards,,520,9625002305,717.189243893:38178067,milestone,2026-10-05T22:51:59.769832Z,2026-10-05T23:26:57.814863Z,2026-10-05T23:26:57.814863Z,,,
2026-10-05T23:24:55Z,football_nfl,32677,2026-10-06T00:15:00Z,player_reception_yds,fanduel,36104928,Austin Hooper,espn:3043275,30+ Receiving Yards,,750,9625002306,717.189243893:73882184,milestone,2026-10-05T22:46:41.257093Z,2026-10-05T23:26:57.814863Z,2026-10-05T23:26:57.814863Z,,,
2026-10-05T23:24:55Z,football_nfl,32677,2026-10-06T00:15:00Z,player_reception_yds,fanduel,36104928,Austin Hooper,espn:3043275,40+ Receiving Yards,,1280,9625002307,717.189243893:38178063,milestone,2026-10-05T22:51:59.769832Z,2026-10-05T23:26:57.814863Z,2026-10-05T23:26:57.814863Z,,,
2026-10-05T23:24:55Z,football_nfl,32677,2026-10-06T00:15:00Z,player_reception_yds,fanduel,36104928,Austin Hooper,espn:3043275,5+ Receiving Yards,,-166,9625002309,717.189243893:73882170,milestone,2026-10-05T22:50:13.028688Z,2026-10-05T23:26:57.814863Z,2026-10-05T23:26:57.814863Z,,,
2026-10-05T23:24:55Z,football_nfl,32677,2026-10-06T00:15:00Z,player_reception_yds,fanduel,36104928,Austin Hooper,espn:3043275,Over,7.5,-106,9625002311,717.189243742:12103341,main,2026-10-05T14:10:35.284055Z,2026-10-05T23:26:57.814863Z,2026-10-05T23:26:57.814863Z,,,
2026-10-05T23:24:55Z,football_nfl,32677,2026-10-06T00:15:00Z,player_reception_yds,fanduel,36104928,Austin Hooper,espn:3043275,Under,7.5,-120,9625002312,717.189243742:12103342,main,2026-10-05T14:10:35.284055Z,2026-10-05T23:26:57.814863Z,2026-10-05T23:26:57.814863Z,,,
2026-10-05T23:24:55Z,football_nfl,32677,2026-10-06T00:15:00Z,player_reception_yds,fanduel,36104928,Bijan Robinson,espn:4430807,10+ Receiving Yards,,-1450,10961571042,717.189243923:73619477,milestone,2026-10-05T22:46:16.195696Z,2026-10-05T23:26:57.814863Z,2026-10-05T23:26:57.814863Z,,,
2026-10-05T23:24:55Z,football_nfl,32677,2026-10-06T00:15:00Z,player_reception_yds,fanduel,36104928,Bijan Robinson,espn:4430807,100+ Receiving Yards,,1500,9625002313,717.189243923:48309358,milestone,2026-10-05T23:26:26.730200Z,2026-10-05T23:26:57.814863Z,2026-10-05T23:26:57.814863Z,,,
2026-10-05T23:24:55Z,football_nfl,32677,2026-10-06T00:15:00Z,player_reception_yds,fanduel,36104928,Bijan Robinson,espn:4430807,15+ Receiving Yards,,-670,9625002315,717.189243923:73619460,milestone,2026-10-05T22:29:30.199458Z,2026-10-05T23:26:57.814863Z,2026-10-05T23:26:57.814863Z,,,
2026-10-05T23:24:55Z,football_nfl,32677,2026-10-06T00:15:00Z,player_reception_yds,fanduel,36104928,Bijan Robinson,espn:4430807,20+ Receiving Yards,,-390,9625002316,717.189243923:73619457,milestone,2026-10-05T22:51:59.769832Z,2026-10-05T23:26:57.814863Z,2026-10-05T23:26:57.814863Z,,,
2026-10-05T23:24:55Z,football_nfl,32677,2026-10-06T00:15:00Z,player_reception_yds,fanduel,36104928,Bijan Robinson,espn:4430807,25+ Receiving Yards,,-250,9625002317,717.189243923:48309365,milestone,2026-10-05T22:51:59.769832Z,2026-10-05T23:26:57.814863Z,2026-10-05T23:26:57.814863Z,,,
2026-10-05T23:24:55Z,football_nfl,32677,2026-10-06T00:15:00Z,player_reception_yds,fanduel,36104928,Bijan Robinson,espn:4430807,30+ Receiving Yards,,-174,9625002318,717.189243923:73619432,milestone,2026-10-05T22:45:53.584624Z,2026-10-05T23:26:57.814863Z,2026-10-05T23:26:57.814863Z,,,
2026-10-05T23:24:55Z,football_nfl,32677,2026-10-06T00:15:00Z,player_reception_yds,fanduel,36104928,Bijan Robinson,espn:4430807,40+ Receiving Yards,,114,9625002319,717.189243923:48309348,milestone,2026-10-05T22:51:59.769832Z,2026-10-05T23:26:57.814863Z,2026-10-05T23:26:57.814863Z,,,
2026-10-05T23:24:55Z,football_nfl,32677,2026-10-06T00:15:00Z,player_reception_yds,fanduel,36104928,Bijan Robinson,espn:4430807,50+ Receiving Yards,,194,9625002320,717.189243923:48309359,milestone,2026-10-05T23:08:08.154248Z,2026-10-05T23:26:57.814863Z,2026-10-05T23:26:57.814863Z,,,
2026-10-05T23:24:55Z,football_nfl,32677,2026-10-06T00:15:00Z,player_reception_yds,fanduel,36104928,Bijan Robinson,espn:4430807,60+ Receiving Yards,,320,9625002321,717.189243923:48309376,milestone,2026-10-05T21:18:35.870148Z,2026-10-05T23:26:57.814863Z,2026-10-05T23:26:57.814863Z,,,
2026-10-05T23:24:55Z,football_nfl,32677,2026-10-06T00:15:00Z,player_reception_yds,fanduel,36104928,Bijan Robinson,espn:4430807,70+ Receiving Yards,,490,9625002322,717.189243923:48309351,milestone,2026-10-05T22:51:59.769832Z,2026-10-05T23:26:57.814863Z,2026-10-05T23:26:57.814863Z,,,
2026-10-05T23:24:55Z,football_nfl,32677,2026-10-06T00:15:00Z,player_reception_yds,fanduel,36104928,Bijan Robinson,espn:4430807,80+ Receiving Yards,,750,9625002323,717.189243923:48309382,milestone,2026-10-05T18:18:02.852819Z,2026-10-05T23:26:57.814863Z,2026-10-05T23:26:57.814863Z,,,
2026-10-05T23:24:55Z,football_nfl,32677,2026-10-06T00:15:00Z,player_reception_yds,fanduel,36104928,Bijan Robinson,espn:4430807,90+ Receiving Yards,,1100,9625002324,717.189243923:48309357,milestone,2026-10-05T21:17:02.678944Z,2026-10-05T23:26:57.814863Z,2026-10-05T23:26:57.814863Z,,,
2026-10-05T23:24:55Z,football_nfl,32677,2026-10-06T00:15:00Z,player_reception_yds,fanduel,36104928,Bijan Robinson,espn:4430807,Over,35.5,-113,9625002325,717.189243756:41066843,main,2026-10-05T18:18:57.087066Z,2026-10-05T23:26:57.814863Z,2026-10-05T23:26:57.814863Z,,,
2026-10-05T23:24:55Z,football_nfl,32677,2026-10-06T00:15:00Z,player_reception_yds,fanduel,36104928,Bijan Robinson,espn:4430807,Under,35.5,-113,9625002326,717.189243756:41066848,main,2026-10-05T18:18:57.087066Z,2026-10-05T23:26:57.814863Z,2026-10-05T23:26:57.814863Z,,,
2026-10-05T23:24:55Z,football_nfl,32677,2026-10-06T00:15:00Z,player_reception_yds,fanduel,36104928,Chris Olave,espn:4361370,Over,85.5,-113,9625002327,717.189243704:41158858,main,2026-10-05T22:51:59.769832Z,2026-10-05T23:26:57.814863Z,2026-10-05T23:26:57.814863Z,,,
2026-10-05T23:24:55Z,football_nfl,32677,2026-10-06T00:15:00Z,player_reception_yds,fanduel,36104928,Chris Olave,espn:4361370,Under,85.5,-113,9625002328,717.189243704:41158859,main,2026-10-05T22:51:59.769832Z,2026-10-05T23:26:57.814863Z,2026-10-05T23:26:57.814863Z,,,
2026-10-05T23:24:55Z,football_nfl,32677,2026-10-06T00:15:00Z,player_reception_yds,fanduel,36104928,Devaughn Vele,espn:4569559,Over,44.5,-113,9625002329,717.189243760:41522434,main,2026-10-05T00:16:04.101018Z,2026-10-05T23:26:57.814863Z,2026-10-05T23:26:57.814863Z,,,
2026-10-05T23:24:55Z,football_nfl,32677,2026-10-06T00:15:00Z,player_reception_yds,fanduel,36104928,Devaughn Vele,espn:4569559,Under,44.5,-113,9625002330,717.189243760:41522432,main,2026-10-05T00:16:04.101018Z,2026-10-05T23:26:57.814863Z,2026-10-05T23:26:57.814863Z,,,
2026-10-05T23:24:55Z,football_nfl,32677,2026-10-06T00:15:00Z,player_reception_yds,fanduel,36104928,Drake London,espn:4426502,100+ Receiving Yards,,178,9625002331,717.189243962:48388799,milestone,2026-10-05T23:26:26.730200Z,2026-10-05T23:26:57.814863Z,2026-10-05T23:26:57.814863Z,,,
2026-10-05T23:24:55Z,football_nfl,32677,2026-10-06T00:15:00Z,player_reception_yds,fanduel,36104928,Drake London,espn:4426502,110+ Receiving Yards,,235,9625002332,717.189243962:48388796,milestone,2026-10-05T22:51:59.769832Z,2026-10-05T23:26:57.814863Z,2026-10-05T23:26:57.814863Z,,,
2026-10-05T23:24:55Z,football_nfl,32677,2026-10-06T00:15:00Z,player_reception_yds,fanduel,36104928,Drake London,espn:4426502,125+ Receiving Yards,,370,9625002333,717.189243962:48388794,milestone,2026-10-05T22:42:31.735262Z,2026-10-05T23:26:57.814863Z,2026-10-05T23:26:57.814863Z,,,
2026-10-05T23:24:55Z,football_nfl,32677,2026-10-06T00:15:00Z,player_reception_yds,fanduel,36104928,Drake London,espn:4426502,150+ Receiving Yards,,750,9625002334,717.189243962:48388800,milestone,2026-10-05T21:17:02.678944Z,2026-10-05T23:26:57.814863Z,2026-10-05T23:26:57.814863Z,,,
2026-10-05T23:24:55Z,football_nfl,32677,2026-10-06T00:15:00Z,player_reception_yds,fanduel,36104928,Drake London,espn:4426502,175+ Receiving Yards,,1280,9677066832,717.189243962:64189403,milestone,2026-10-05T22:46:42.292959Z,2026-10-05T23:26:57.814863Z,2026-10-05T23:26:57.814863Z,,,
2026-10-05T23:24:55Z,football_nfl,32677,2026-10-06T00:15:00Z,player_reception_yds,fanduel,36104928,Drake London,espn:4426502,40+ Receiving Yards,,-900,9625002337,717.189243962:48388801,milestone,2026-10-05T22:51:59.769832Z,2026-10-05T23:26:57.814863Z,2026-10-05T23:26:57.814863Z,,,
2026-10-05T23:24:55Z,football_nfl,32677,2026-10-06T00:15:00Z,player_reception_yds,fanduel,36104928,Drake London,espn:4426502,50+ Receiving Yards,,-450,9625002338,717.189243962:48388802,milestone,2026-10-05T21:18:36.808574Z,2026-10-05T23:26:57.814863Z,2026-10-05T23:26:57.814863Z,,,
2026-10-05T23:24:55Z,football_nfl,32677,2026-10-06T00:15:00Z,player_reception_yds,fanduel,36104928,Drake London,espn:4426502,60+ Receiving Yards,,-275,9625002339,717.189243962:48388803,milestone,2026-10-05T22:51:59.769832Z,2026-10-05T23:26:57.814863Z,2026-10-05T23:26:57.814863Z,,,
2026-10-05T23:24:55Z,football_nfl,32677,2026-10-06T00:15:00Z,player_reception_yds,fanduel,36104928,Drake London,espn:4426502,70+ Receiving Yards,,-180,9625002340,717.189243962:48388795,milestone,2026-10-05T23:26:26.730200Z,2026-10-05T23:26:57.814863Z,2026-10-05T23:26:57.814863Z,,,
2026-10-05T23:24:55Z,football_nfl,32677,2026-10-06T00:15:00Z,player_reception_yds,fanduel,36104928,Drake London,espn:4426502,80+ Receiving Yards,,-118,9625002341,717.189243962:48388793,milestone,2026-10-05T21:17:02.678944Z,2026-10-05T23:26:57.814863Z,2026-10-05T23:26:57.814863Z,,,
2026-10-05T23:24:55Z,football_nfl,32677,2026-10-06T00:15:00Z,player_reception_yds,fanduel,36104928,Drake London,espn:4426502,90+ Receiving Yards,,122,9625002342,717.189243962:48388798,milestone,2026-10-05T22:50:13.028688Z,2026-10-05T23:26:57.814863Z,2026-10-05T23:26:57.814863Z,,,
2026-10-05T23:24:55Z,football_nfl,32677,2026-10-06T00:15:00Z,player_reception_yds,fanduel,36104928,Drake London,espn:4426502,Over,80.5,-113,9625002343,717.189243797:41172406,main,2026-10-05T21:17:02.678944Z,2026-10-05T23:26:57.814863Z,2026-10-05T23:26:57.814863Z,,,
2026-10-05T23:24:55Z,football_nfl,32677,2026-10-06T00:15:00Z,player_reception_yds,fanduel,36104928,Drake London,espn:4426502,Under,80.5,-113,9625002344,717.189243797:41172405,main,2026-10-05T21:17:02.678944Z,2026-10-05T23:26:57.814863Z,2026-10-05T23:26:57.814863Z,,,
2026-10-05T23:24:55Z,football_nfl,32677,2026-10-06T00:15:00Z,player_reception_yds,fanduel,36104928,Jahan Dotson,espn:4361409,10+ Receiving Yards,,-270,9625002345,717.189243888:73536615,milestone,2026-10-05T22:41:01.803992Z,2026-10-05T23:26:57.814863Z,2026-10-05T23:26:57.814863Z,,,
2026-10-05T23:24:55Z,football_nfl,32677,2026-10-06T00:15:00Z,player_reception_yds,fanduel,36104928,Jahan Dotson,espn:4361409,15+ Receiving Yards,,-172,9625002346,717.189243888:73536609,milestone,2026-10-05T16:29:47.862961Z,2026-10-05T23:26:57.814863Z,2026-10-05T23:26:57.814863Z,,,
2026-10-05T23:24:55Z,football_nfl,32677,2026-10-06T00:15:00Z,player_reception_yds,fanduel,36104928,Jahan Dotson,espn:4361409,20+ Receiving Yards,,-114,9625002347,717.189243888:73536617,milestone,2026-10-05T09:52:13.910146Z,2026-10-05T23:26:57.814863Z,2026-10-05T23:26:57.814863Z,,,
2026-10-05T23:24:55Z,football_nfl,32677,2026-10-06T00:15:00Z,player_reception_yds,fanduel,36104928,Jahan Dotson,espn:4361409,25+ Receiving Yards,,124,9625002348,717.189243888:48311979,milestone,2026-10-05T22:51:58.544713Z,2026-10-05T23:26:57.814863Z,2026-10-05T23:26:57.814863Z,,,
2026-10-05T23:24:55Z,football_nfl,32677,2026-10-06T00:15:00Z,player_reception_yds,fanduel,36104928,Jahan Dotson,espn:4361409,30+ Receiving Yards,,172,9625002349,717.189243888:73536611,milestone,2026-10-05T23:26:26.730200Z,2026-10-05T23:26:57.814863Z,2026-10-05T23:26:57.814863Z,,,
2026-10-05T23:24:55Z,football_nfl,32677,2026-10-06T00:15:00Z,player_reception_yds,fanduel,36104928,Jahan Dotson,espn:4361409,40+ Receiving Yards,,280,9625002350,717.189243888:48311962,milestone,2026-10-05T21:17:01.771890Z,2026-10-05T23:26:57.814863Z,2026-10-05T23:26:57.814863Z,,,
2026-10-05T23:24:55Z,football_nfl,32677,2026-10-06T00:15:00Z,player_reception_yds,fanduel,36104928,Jahan Dotson,espn:4361409,5+ Receiving Yards,,-470,9625002352,717.189243888:73536613,milestone,2026-10-05T22:51:58.544713Z,2026-10-05T23:26:57.814863Z,2026-10-05T23:26:57.814863Z,,,
2026-10-05T23:24:55Z,football_nfl,32677,2026-10-06T00:15:00Z,player_reception_yds,fanduel,36104928,Jahan Dotson,espn:4361409,50+ Receiving Yards,,430,9625002351,717.189243888:48311960,milestone,2026-10-05T22:50:12.086029Z,2026-10-05T23:26:57.814863Z,2026-10-05T23:26:57.814863Z,,,
2026-10-05T23:24:55Z,football_nfl,32677,2026-10-06T00:15:00Z,player_reception_yds,fanduel,36104928,Jahan Dotson,espn:4361409,60+ Receiving Yards,,640,9625002353,717.189243888:48311958,milestone,2026-10-05T22:51:58.544713Z,2026-10-05T23:26:57.814863Z,2026-10-05T23:26:57.814863Z,,,
2026-10-05T23:24:55Z,football_nfl,32677,2026-10-06T00:15:00Z,player_reception_yds,fanduel,36104928,Jahan Dotson,espn:4361409,70+ Receiving Yards,,920,9625002354,717.189243888:48311974,milestone,2026-10-05T09:52:13.910146Z,2026-10-05T23:26:57.814863Z,2026-10-05T23:26:57.814863Z,,,
2026-10-05T23:24:55Z,football_nfl,32677,2026-10-06T00:15:00Z,player_reception_yds,fanduel,36104928,Jahan Dotson,espn:4361409,80+ Receiving Yards,,1280,9625002355,717.189243888:48311959,milestone,2026-10-05T16:29:47.862961Z,2026-10-05T23:26:57.814863Z,2026-10-05T23:26:57.814863Z,,,
2026-10-05T23:24:55Z,football_nfl,32677,2026-10-06T00:15:00Z,player_reception_yds,fanduel,36104928,Jahan Dotson,espn:4361409,Over,19.5,-113,9625002356,717.189243743:41155779,main,2026-10-05T09:52:13.910146Z,2026-10-05T23:26:57.814863Z,2026-10-05T23:26:57.814863Z,,,
2026-10-05T23:24:55Z,football_nfl,32677,2026-10-06T00:15:00Z,player_reception_yds,fanduel,36104928,Jahan Dotson,espn:4361409,Under,19.5,-113,9625002357,717.189243743:41155780,main,2026-10-05T09:52:13.910146Z,2026-10-05T23:26:57.814863Z,2026-10-05T23:26:57.814863Z,,,
2026-10-05T23:24:55Z,football_nfl,32677,2026-10-06T00:15:00Z,player_reception_yds,fanduel,36104928,Juwan Johnson,espn:3929645,Over,46.5,-113,9625002358,717.189243736:40916525,main,2026-10-05T22:46:42.292959Z,2026-10-05T23:26:57.814863Z,2026-10-05T23:26:57.814863Z,,,
2026-10-05T23:24:55Z,football_nfl,32677,2026-10-06T00:15:00Z,player_reception_yds,fanduel,36104928,Juwan Johnson,espn:3929645,Under,46.5,-113,9625002359,717.189243736:40916523,main,2026-10-05T22:46:42.292959Z,2026-10-05T23:26:57.814863Z,2026-10-05T23:26:57.814863Z,,,
2026-10-05T23:24:55Z,football_nfl,32677,2026-10-06T00:15:00Z,player_reception_yds,fanduel,36104928,Kyle Pitts,espn:4360248,10+ Receiving Yards,,-800,9625002360,717.189243963:73619450,milestone,2026-10-05T22:43:27.084717Z,2026-10-05T23:26:57.814863Z,2026-10-05T23:26:57.814863Z,,,
2026-10-05T23:24:55Z,football_nfl,32677,2026-10-06T00:15:00Z,player_reception_yds,fanduel,36104928,Kyle Pitts,espn:4360248,15+ Receiving Yards,,-440,9625002361,717.189243963:73619493,milestone,2026-10-05T23:26:26.730200Z,2026-10-05T23:26:57.814863Z,2026-10-05T23:26:57.814863Z,,,
2026-10-05T23:24:55Z,football_nfl,32677,2026-10-06T00:15:00Z,player_reception_yds,fanduel,36104928,Kyle Pitts,espn:4360248,20+ Receiving Yards,,-275,9625002362,717.189243963:73619409,milestone,2026-10-05T22:43:27.084717Z,2026-10-05T23:26:57.814863Z,2026-10-05T23:26:57.814863Z,,,
2026-10-05T23:24:55Z,football_nfl,32677,2026-10-06T00:15:00Z,player_reception_yds,fanduel,36104928,Kyle Pitts,espn:4360248,25+ Receiving Yards,,-188,9625002363,717.189243963:40905884,milestone,2026-10-05T22:43:27.084717Z,2026-10-05T23:26:57.814863Z,2026-10-05T23:26:57.814863Z,,,
2026-10-05T23:24:55Z,football_nfl,32677,2026-10-06T00:15:00Z,player_reception_yds,fanduel,36104928,Kyle Pitts,espn:4360248,30+ Receiving Yards,,-132,9625002364,717.189243963:73619499,milestone,2026-10-05T22:43:27.084717Z,2026-10-05T23:26:57.814863Z,2026-10-05T23:26:57.814863Z,,,
2026-10-05T23:24:55Z,football_nfl,32677,2026-10-06T00:15:00Z,player_reception_yds,fanduel,36104928,Kyle Pitts,espn:4360248,40+ Receiving Yards,,142,9625002365,717.189243963:40905892,milestone,2026-10-05T22:50:13.028688Z,2026-10-05T23:26:57.814863Z,2026-10-05T23:26:57.814863Z,,,
2026-10-05T23:24:55Z,football_nfl,32677,2026-10-06T00:15:00Z,player_reception_yds,fanduel,36104928,Kyle Pitts,espn:4360248,50+ Receiving Yards,,235,9625002366,717.189243963:40905894,milestone,2026-10-05T22:50:13.028688Z,2026-10-05T23:26:57.814863Z,2026-10-05T23:26:57.814863Z,,,
2026-10-05T23:24:55Z,football_nfl,32677,2026-10-06T00:15:00Z,player_reception_yds,fanduel,36104928,Kyle Pitts,espn:4360248,60+ Receiving Yards,,390,9625002368,717.189243963:40905887,milestone,2026-10-05T22:46:42.292959Z,2026-10-05T23:26:57.814863Z,2026-10-05T23:26:57.814863Z,,,
2026-10-05T23:24:55Z,football_nfl,32677,2026-10-06T00:15:00Z,player_reception_yds,fanduel,36104928,Kyle Pitts,espn:4360248,70+ Receiving Yards,,630,9625002369,717.189243963:40905881,milestone,2026-10-05T22:43:27.084717Z,2026-10-05T23:26:57.814863Z,2026-10-05T23:26:57.814863Z,,,
2026-10-05T23:24:55Z,football_nfl,32677,2026-10-06T00:15:00Z,player_reception_yds,fanduel,36104928,Kyle Pitts,espn:4360248,80+ Receiving Yards,,880,9625002370,717.189243963:40905888,milestone,2026-10-05T22:43:27.084717Z,2026-10-05T23:26:57.814863Z,2026-10-05T23:26:57.814863Z,,,
2026-10-05T23:24:55Z,football_nfl,32677,2026-10-06T00:15:00Z,player_reception_yds,fanduel,36104928,Kyle Pitts,espn:4360248,90+ Receiving Yards,,1280,9625002371,717.189243963:40905864,milestone,2026-10-05T21:18:36.808574Z,2026-10-05T23:26:57.814863Z,2026-10-05T23:26:57.814863Z,,,
2026-10-05T23:24:55Z,football_nfl,32677,2026-10-06T00:15:00Z,player_reception_yds,fanduel,36104928,Kyle Pitts,espn:4360248,Over,31.5,-113,9625002372,717.189243710:40878305,main,2026-10-05T22:43:27.084717Z,2026-10-05T23:26:57.814863Z,2026-10-05T23:26:57.814863Z,,,
2026-10-05T23:24:55Z,football_nfl,32677,2026-10-06T00:15:00Z,player_reception_yds,fanduel,36104928,Kyle Pitts,espn:4360248,Under,31.5,-113,9625002373,717.189243710:40878308,main,2026-10-05T22:43:27.084717Z,2026-10-05T23:26:57.814863Z,2026-10-05T23:26:57.814863Z,,,
2026-10-05T23:24:55Z,football_nfl,32677,2026-10-06T00:15:00Z,player_reception_yds,fanduel,36104928,Noah Fant,espn:4036131,Over,16.5,-113,9625002374,717.189243748:16545785,main,2026-10-05T00:16:04.101018Z,2026-10-05T22:44:20.437644Z,2026-10-05T22:45:40.235347Z,,,2026-10-05T22:45:37.124795Z
2026-10-05T23:24:55Z,football_nfl,32677,2026-10-06T00:15:00Z,player_reception_yds,fanduel,36104928,Noah Fant,espn:4036131,Under,16.5,-113,9625002375,717.189243748:16545786,main,2026-10-05T00:16:04.101018Z,2026-10-05T22:44:20.437644Z,2026-10-05T22:45:40.235347Z,,,2026-10-05T22:45:37.124795Z
2026-10-05T23:24:55Z,football_nfl,32677,2026-10-06T00:15:00Z,player_receptions,fanduel,36104928,Alvin Kamara,espn:3054850,Over,3.5,130,9625002376,717.189243723:14942377,main,2026-10-05T21:54:46.368604Z,2026-10-05T23:26:57.814863Z,2026-10-05T23:26:57.814863Z,,,
2026-10-05T23:24:55Z,football_nfl,32677,2026-10-06T00:15:00Z,player_receptions,fanduel,36104928,Alvin Kamara,espn:3054850,Under,3.5,-174,9625002377,717.189243723:14942376,main,2026-10-05T21:54:46.368604Z,2026-10-05T23:26:57.814863Z,2026-10-05T23:26:57.814863Z,,,
2026-10-05T23:24:55Z,football_nfl,32677,2026-10-06T00:15:00Z,player_receptions,fanduel,36104928,Austin Hooper,espn:3043275,1+ Receptions,,-260,9625002378,717.189243930:64717625,milestone,2026-10-05T23:16:13.745378Z,2026-10-05T23:26:57.814863Z,2026-10-05T23:26:57.814863Z,,,
2026-10-05T23:24:55Z,football_nfl,32677,2026-10-06T00:15:00Z,player_receptions,fanduel,36104928,Austin Hooper,espn:3043275,2+ Receptions,,182,9625002379,717.189243930:64717639,milestone,2026-10-05T14:10:35.284055Z,2026-10-05T23:26:57.814863Z,2026-10-05T23:26:57.814863Z,,,
2026-10-05T23:24:55Z,football_nfl,32677,2026-10-06T00:15:00Z,player_receptions,fanduel,36104928,Austin Hooper,espn:3043275,3+ Receptions,,580,9625002380,717.189243930:64717628,milestone,2026-10-05T22:51:58.544713Z,2026-10-05T23:26:57.814863Z,2026-10-05T23:26:57.814863Z,,,
2026-10-05T23:24:55Z,football_nfl,32677,2026-10-06T00:15:00Z,player_receptions,fanduel,36104928,Austin Hooper,espn:3043275,4+ Receptions,,1280,9625002381,717.189243930:64717621,milestone,2026-10-05T22:41:01.803992Z,2026-10-05T23:26:57.814863Z,2026-10-05T23:26:57.814863Z,,,
2026-10-05T23:24:55Z,football_nfl,32677,2026-10-06T00:15:00Z,player_receptions,fanduel,36104928,Austin Hooper,espn:3043275,Over,1.5,194,9625002383,717.189243745:12103341,main,2026-10-05T14:10:36.393025Z,2026-10-05T23:26:57.814863Z,2026-10-05T23:26:57.814863Z,,,
2026-10-05T23:24:55Z,football_nfl,32677,2026-10-06T00:15:00Z,player_receptions,fanduel,36104928,Austin Hooper,espn:3043275,Under,1.5,-270,9625002384,717.189243745:12103342,main,2026-10-05T14:10:36.393025Z,2026-10-05T23:26:57.814863Z,2026-10-05T23:26:57.814863Z,,,
2026-10-05T23:24:55Z,football_nfl,32677,2026-10-06T00:15:00Z,player_receptions,fanduel,36104928,Bijan Robinson,espn:4430807,10+ Receptions,,1500,9625002385,717.189243947:61438000,milestone,2026-10-05T18:18:02.852819Z,2026-10-05T23:26:57.814863Z,2026-10-05T23:26:57.814863Z,,,
2026-10-05T23:24:55Z,football_nfl,32677,2026-10-06T00:15:00Z,player_receptions,fanduel,36104928,Bijan Robinson,espn:4430807,3+ Receptions,,-450,9625002387,717.189243947:61437975,milestone,2026-10-05T23:26:26.730200Z,2026-10-05T23:26:57.814863Z,2026-10-05T23:26:57.814863Z,,,
2026-10-05T23:24:55Z,football_nfl,32677,2026-10-06T00:15:00Z,player_receptions,fanduel,36104928,Bijan Robinson,espn:4430807,4+ Receptions,,-192,9625002388,717.189243947:61438002,milestone,2026-10-05T23:26:26.730200Z,2026-10-05T23:26:57.814863Z,2026-10-05T23:26:57.814863Z,,,
2026-10-05T23:24:55Z,football_nfl,32677,2026-10-06T00:15:00Z,player_receptions,fanduel,36104928,Bijan Robinson,espn:4430807,5+ Receptions,,112,9625002389,717.189243947:61438040,milestone,2026-10-05T23:21:27.050324Z,2026-10-05T23:26:57.814863Z,2026-10-05T23:26:57.814863Z,,,
2026-10-05T23:24:55Z,football_nfl,32677,2026-10-06T00:15:00Z,player_receptions,fanduel,36104928,Bijan Robinson,espn:4430807,6+ Receptions,,205,9625002390,717.189243947:61437980,milestone,2026-10-05T22:51:59.769832Z,2026-10-05T23:26:57.814863Z,2026-10-05T23:26:57.814863Z,,,
2026-10-05T23:24:55Z,football_nfl,32677,2026-10-06T00:15:00Z,player_receptions,fanduel,36104928,Bijan Robinson,espn:4430807,7+ Receptions,,360,9625002391,717.189243947:61437996,milestone,2026-10-05T22:51:59.769832Z,2026-10-05T23:26:57.814863Z,2026-10-05T23:26:57.814863Z,,,
2026-10-05T23:24:55Z,football_nfl,32677,2026-10-06T00:15:00Z,player_receptions,fanduel,36104928,Bijan Robinson,espn:4430807,8+ Receptions,,630,9625002392,717.189243947:61438003,milestone,2026-10-05T22:51:59.769832Z,2026-10-05T23:26:57.814863Z,2026-10-05T23:26:57.814863Z,,,
2026-10-05T23:24:55Z,football_nfl,32677,2026-10-06T00:15:00Z,player_receptions,fanduel,36104928,Bijan Robinson,espn:4430807,9+ Receptions,,920,9625002393,717.189243947:61437984,milestone,2026-10-05T22:51:59.769832Z,2026-10-05T23:26:57.814863Z,2026-10-05T23:26:57.814863Z,,,
2026-10-05T23:24:55Z,football_nfl,32677,2026-10-06T00:15:00Z,player_receptions,fanduel,36104928,Bijan Robinson,espn:4430807,Over,4.5,118,9625002394,717.189243758:41066843,main,2026-10-05T18:18:02.852819Z,2026-10-05T23:26:57.814863Z,2026-10-05T23:26:57.814863Z,,,
2026-10-05T23:24:55Z,football_nfl,32677,2026-10-06T00:15:00Z,player_receptions,fanduel,36104928,Bijan Robinson,espn:4430807,Under,4.5,-158,9625002395,717.189243758:41066848,main,2026-10-05T18:18:02.852819Z,2026-10-05T23:26:57.814863Z,2026-10-05T23:26:57.814863Z,,,
2026-10-05T23:24:55Z,football_nfl,32677,2026-10-06T00:15:00Z,player_receptions,fanduel,36104928,Chris Olave,espn:4361370,Over,6.5,-132,9625002396,717.189243778:41158858,main,2026-10-05T13:10:33.355415Z,2026-10-05T23:26:57.814863Z,2026-10-05T23:26:57.814863Z,,,
2026-10-05T23:24:55Z,football_nfl,32677,2026-10-06T00:15:00Z,player_receptions,fanduel,36104928,Chris Olave,espn:4361370,Under,6.5,100,9625002397,717.189243778:41158859,main,2026-10-05T13:10:33.355415Z,2026-10-05T23:26:57.814863Z,2026-10-05T23:26:57.814863Z,,,
2026-10-05T23:24:55Z,football_nfl,32677,2026-10-06T00:15:00Z,player_receptions,fanduel,36104928,Devaughn Vele,espn:4569559,Over,3.5,-172,9625002398,717.189243706:41522434,main,2026-09-30T14:40:07.401646Z,2026-10-05T23:26:57.814863Z,2026-10-05T23:26:57.814863Z,,,
2026-10-05T23:24:55Z,football_nfl,32677,2026-10-06T00:15:00Z,player_receptions,fanduel,36104928,Devaughn Vele,espn:4569559,Under,3.5,128,9625002399,717.189243706:41522432,main,2026-09-30T14:40:07.401646Z,2026-10-05T23:26:57.814863Z,2026-10-05T23:26:57.814863Z,,,
2026-10-05T23:24:55Z,football_nfl,32677,2026-10-06T00:15:00Z,player_receptions,fanduel,36104928,Drake London,espn:4426502,10+ Receptions,,640,9625002400,717.189243902:61437958,milestone,2026-10-05T22:51:59.769832Z,2026-10-05T23:26:57.814863Z,2026-10-05T23:26:57.814863Z,,,
2026-10-05T23:24:55Z,football_nfl,32677,2026-10-06T00:15:00Z,player_receptions,fanduel,36104928,Drake London,espn:4426502,11+ Receptions,,920,9677066895,717.189243902:64189397,milestone,2026-10-05T21:17:01.771890Z,2026-10-05T23:26:57.814863Z,2026-10-05T23:26:57.814863Z,,,
2026-10-05T23:24:55Z,football_nfl,32677,2026-10-06T00:15:00Z,player_receptions,fanduel,36104928,Drake London,espn:4426502,12+ Receptions,,1400,9697395018,717.189243902:64189379,milestone,2026-10-05T22:51:59.769832Z,2026-10-05T23:26:57.814863Z,2026-10-05T23:26:57.814863Z,,,
2026-10-05T23:24:55Z,football_nfl,32677,2026-10-06T00:15:00Z,player_receptions,fanduel,36104928,Drake London,espn:4426502,4+ Receptions,,-750,9625002402,717.189243902:61437962,milestone,2026-10-05T22:46:41.257093Z,2026-10-05T23:26:57.814863Z,2026-10-05T23:26:57.814863Z,,,
2026-10-05T23:24:55Z,football_nfl,32677,2026-10-06T00:15:00Z,player_receptions,fanduel,36104928,Drake London,espn:4426502,5+ Receptions,,-320,9625002403,717.189243902:61437986,milestone,2026-10-05T21:17:01.771890Z,2026-10-05T23:26:57.814863Z,2026-10-05T23:26:57.814863Z,,,
2026-10-05T23:24:55Z,football_nfl,32677,2026-10-06T00:15:00Z,player_receptions,fanduel,36104928,Drake London,espn:4426502,6+ Receptions,,-158,9625002404,717.189243902:61437954,milestone,2026-10-05T21:17:01.771890Z,2026-10-05T23:26:57.814863Z,2026-10-05T23:26:57.814863Z,,,
2026-10-05T23:24:55Z,football_nfl,32677,2026-10-06T00:15:00Z,player_receptions,fanduel,36104928,Drake London,espn:4426502,7+ Receptions,,122,9625002405,717.189243902:61437982,milestone,2026-10-05T23:19:11.664735Z,2026-10-05T23:26:57.814863Z,2026-10-05T23:26:57.814863Z,,,
2026-10-05T23:24:55Z,football_nfl,32677,2026-10-06T00:15:00Z,player_receptions,fanduel,36104928,Drake London,espn:4426502,8+ Receptions,,220,9625002406,717.189243902:61438015,milestone,2026-10-05T21:17:01.771890Z,2026-10-05T23:26:57.814863Z,2026-10-05T23:26:57.814863Z,,,
2026-10-05T23:24:55Z,football_nfl,32677,2026-10-06T00:15:00Z,player_receptions,fanduel,36104928,Drake London,espn:4426502,9+ Receptions,,370,9625002407,717.189243902:61438024,milestone,2026-10-05T21:54:46.368604Z,2026-10-05T23:26:57.814863Z,2026-10-05T23:26:57.814863Z,,,
2026-10-05T23:24:55Z,football_nfl,32677,2026-10-06T00:15:00Z,player_receptions,fanduel,36104928,Drake London,espn:4426502,Over,5.5,-154,9625002408,717.189243713:41172406,main,2026-10-05T21:17:01.771890Z,2026-10-05T23:26:57.814863Z,2026-10-05T23:26:57.814863Z,,,
2026-10-05T23:24:55Z,football_nfl,32677,2026-10-06T00:15:00Z,player_receptions,fanduel,36104928,Drake London,espn:4426502,Under,5.5,116,9625002409,717.189243713:41172405,main,2026-10-05T21:17:01.771890Z,2026-10-05T23:26:57.814863Z,2026-10-05T23:26:57.814863Z,,,
2026-10-05T23:24:55Z,football_nfl,32677,2026-10-06T00:15:00Z,player_receptions,fanduel,36104928,Jahan Dotson,espn:4361409,1+ Receptions,,-670,9625002410,717.189243899:61364614,milestone,2026-10-05T22:51:59.769832Z,2026-10-05T23:26:57.814863Z,2026-10-05T23:26:57.814863Z,,,
2026-10-05T23:24:55Z,football_nfl,32677,2026-10-06T00:15:00Z,player_receptions,fanduel,36104928,Jahan Dotson,espn:4361409,2+ Receptions,,-138,9625002411,717.189243899:61364610,milestone,2026-10-05T22:46:41.257093Z,2026-10-05T23:26:57.814863Z,2026-10-05T23:26:57.814863Z,,,
2026-10-05T23:24:55Z,football_nfl,32677,2026-10-06T00:15:00Z,player_receptions,fanduel,36104928,Jahan Dotson,espn:4361409,3+ Receptions,,220,9625002412,717.189243899:61364620,milestone,2026-10-05T14:53:07.792604Z,2026-10-05T23:26:57.814863Z,2026-10-05T23:26:57.814863Z,,,
2026-10-05T23:24:55Z,football_nfl,32677,2026-10-06T00:15:00Z,player_receptions,fanduel,36104928,Jahan Dotson,espn:4361409,4+ Receptions,,550,9625002413,717.189243899:61364613,milestone,2026-10-05T13:19:46.931738Z,2026-10-05T23:26:57.814863Z,2026-10-05T23:26:57.814863Z,,,
2026-10-05T23:24:55Z,football_nfl,32677,2026-10-06T00:15:00Z,player_receptions,fanduel,36104928,Jahan Dotson,espn:4361409,5+ Receptions,,1200,9625002414,717.189243899:61364612,milestone,2026-10-05T13:25:42.821690Z,2026-10-05T23:26:57.814863Z,2026-10-05T23:26:57.814863Z,,,
2026-10-05T23:24:55Z,football_nfl,32677,2026-10-06T00:15:00Z,player_receptions,fanduel,36104928,Jahan Dotson,espn:4361409,Over,1.5,-138,9625002415,717.189243750:41155779,main,2026-10-05T09:52:14.935800Z,2026-10-05T23:26:57.814863Z,2026-10-05T23:26:57.814863Z,,,
2026-10-05T23:24:55Z,football_nfl,32677,2026-10-06T00:15:00Z,player_receptions,fanduel,36104928,Jahan Dotson,espn:4361409,Under,1.5,104,9625002416,717.189243750:41155780,main,2026-10-05T09:52:14.935800Z,2026-10-05T23:26:57.814863Z,2026-10-05T23:26:57.814863Z,,,
2026-10-05T23:24:55Z,football_nfl,32677,2026-10-06T00:15:00Z,player_receptions,fanduel,36104928,Juwan Johnson,espn:3929645,Over,4.5,116,9625002417,717.189243779:40916525,main,2026-10-05T22:51:59.769832Z,2026-10-05T23:26:57.814863Z,2026-10-05T23:26:57.814863Z,,,
2026-10-05T23:24:55Z,football_nfl,32677,2026-10-06T00:15:00Z,player_receptions,fanduel,36104928,Juwan Johnson,espn:3929645,Under,4.5,-154,9625002418,717.189243779:40916523,main,2026-10-05T22:51:59.769832Z,2026-10-05T23:26:57.814863Z,2026-10-05T23:26:57.814863Z,,,
2026-10-05T23:24:55Z,football_nfl,32677,2026-10-06T00:15:00Z,player_receptions,fanduel,36104928,Kyle Pitts,espn:4360248,2+ Receptions,,-500,9625002419,717.189243958:61438043,milestone,2026-10-05T22:46:41.257093Z,2026-10-05T23:26:57.814863Z,2026-10-05T23:26:57.814863Z,,,
2026-10-05T23:24:55Z,football_nfl,32677,2026-10-06T00:15:00Z,player_receptions,fanduel,36104928,Kyle Pitts,espn:4360248,3+ Receptions,,-160,9625002420,717.189243958:61437972,milestone,2026-10-05T22:45:53.584624Z,2026-10-05T23:26:57.814863Z,2026-10-05T23:26:57.814863Z,,,
2026-10-05T23:24:55Z,football_nfl,32677,2026-10-06T00:15:00Z,player_receptions,fanduel,36104928,Kyle Pitts,espn:4360248,4+ Receptions,,154,9625002421,717.189243958:61438025,milestone,2026-10-05T22:51:59.769832Z,2026-10-05T23:26:57.814863Z,2026-10-05T23:26:57.814863Z,,,
2026-10-05T23:24:55Z,football_nfl,32677,2026-10-06T00:15:00Z,player_receptions,fanduel,36104928,Kyle Pitts,espn:4360248,5+ Receptions,,320,9625002422,717.189243958:61438038,milestone,2026-10-05T22:51:59.769832Z,2026-10-05T23:26:57.814863Z,2026-10-05T23:26:57.814863Z,,,
2026-10-05T23:24:55Z,football_nfl,32677,2026-10-06T00:15:00Z,player_receptions,fanduel,36104928,Kyle Pitts,espn:4360248,6+ Receptions,,640,9625002423,717.189243958:61438041,milestone,2026-10-05T22:51:59.769832Z,2026-10-05T23:26:57.814863Z,2026-10-05T23:26:57.814863Z,,,
2026-10-05T23:24:55Z,football_nfl,32677,2026-10-06T00:15:00Z,player_receptions,fanduel,36104928,Kyle Pitts,espn:4360248,7+ Receptions,,1200,9625002424,717.189243958:61438032,milestone,2026-10-05T15:03:49.099032Z,2026-10-05T23:26:57.814863Z,2026-10-05T23:26:57.814863Z,,,
2026-10-05T23:24:55Z,football_nfl,32677,2026-10-06T00:15:00Z,player_receptions,fanduel,36104928,Kyle Pitts,espn:4360248,Over,2.5,-158,9625002425,717.189243752:40878305,main,2026-10-05T22:43:25.996707Z,2026-10-05T23:26:57.814863Z,2026-10-05T23:26:57.814863Z,,,
2026-10-05T23:24:55Z,football_nfl,32677,2026-10-06T00:15:00Z,player_receptions,fanduel,36104928,Kyle Pitts,espn:4360248,Under,2.5,118,9625002426,717.189243752:40878308,main,2026-10-05T22:43:25.996707Z,2026-10-05T23:26:57.814863Z,2026-10-05T23:26:57.814863Z,,,
2026-10-05T23:24:55Z,football_nfl,32677,2026-10-06T00:15:00Z,player_receptions,fanduel,36104928,Noah Fant,espn:4036131,Over,1.5,-178,9625002427,717.189243715:16545785,main,2026-10-05T00:23:26.156690Z,2026-10-05T22:44:20.437644Z,2026-10-05T22:45:40.235347Z,,,2026-10-05T22:45:37.124795Z
2026-10-05T23:24:55Z,football_nfl,32677,2026-10-06T00:15:00Z,player_receptions,fanduel,36104928,Noah Fant,espn:4036131,Under,1.5,132,9625002428,717.189243715:16545786,main,2026-10-05T00:23:26.156690Z,2026-10-05T22:44:20.437644Z,2026-10-05T22:45:40.235347Z,,,2026-10-05T22:45:37.124795Z
2026-10-05T23:24:55Z,football_nfl,32677,2026-10-06T00:15:00Z,player_rush_yds,fanduel,36104928,Alvin Kamara,espn:3054850,Over,35.5,-113,9625002429,717.189243767:14942377,main,2026-10-05T23:19:11.664735Z,2026-10-05T23:26:57.814863Z,2026-10-05T23:26:57.814863Z,,,
2026-10-05T23:24:55Z,football_nfl,32677,2026-10-06T00:15:00Z,player_rush_yds,fanduel,36104928,Alvin Kamara,espn:3054850,Under,35.5,-113,9625002430,717.189243767:14942376,main,2026-10-05T23:19:11.664735Z,2026-10-05T23:26:57.814863Z,2026-10-05T23:26:57.814863Z,,,
2026-10-05T23:24:55Z,football_nfl,32677,2026-10-06T00:15:00Z,player_rush_yds,fanduel,36104928,Bijan Robinson,espn:4430807,100+ Rushing Yards,,142,9625002431,717.189243907:48309358,milestone,2026-10-05T23:16:13.745378Z,2026-10-05T23:26:57.814863Z,2026-10-05T23:26:57.814863Z,,,
2026-10-05T23:24:55Z,football_nfl,32677,2026-10-06T00:15:00Z,player_rush_yds,fanduel,36104928,Bijan Robinson,espn:4430807,110+ Rushing Yards,,205,9625002432,717.189243907:48309350,milestone,2026-10-05T22:56:48.856207Z,2026-10-05T23:26:57.814863Z,2026-10-05T23:26:57.814863Z,,,
2026-10-05T23:24:55Z,football_nfl,32677,2026-10-06T00:15:00Z,player_rush_yds,fanduel,36104928,Bijan Robinson,espn:4430807,125+ Rushing Yards,,350,9625002433,717.189243907:48309398,milestone,2026-10-05T22:43:25.996707Z,2026-10-05T23:26:57.814863Z,2026-10-05T23:26:57.814863Z,,,
2026-10-05T23:24:55Z,football_nfl,32677,2026-10-06T00:15:00Z,player_rush_yds,fanduel,36104928,Bijan Robinson,espn:4430807,150+ Rushing Yards,,750,9625002434,717.189243907:48309372,milestone,2026-10-05T12:49:34.869361Z,2026-10-05T23:26:57.814863Z,2026-10-05T23:26:57.814863Z,,,
2026-10-05T23:24:55Z,football_nfl,32677,2026-10-06T00:15:00Z,player_rush_yds,fanduel,36104928,Bijan Robinson,espn:4430807,175+ Rushing Yards,,1500,9625002435,717.189243907:64189352,milestone,2026-10-05T22:51:59.769832Z,2026-10-05T23:26:57.814863Z,2026-10-05T23:26:57.814863Z,,,
2026-10-05T23:24:55Z,football_nfl,32677,2026-10-06T00:15:00Z,player_rush_yds,fanduel,36104928,Bijan Robinson,espn:4430807,50+ Rushing Yards,,-1100,9625002436,717.189243907:48309359,milestone,2026-10-05T22:51:59.769832Z,2026-10-05T23:26:57.814863Z,2026-10-05T23:26:57.814863Z,,,
2026-10-05T23:24:55Z,football_nfl,32677,2026-10-06T00:15:00Z,player_rush_yds,fanduel,36104928,Bijan Robinson,espn:4430807,60+ Rushing Yards,,-490,9625002437,717.189243907:48309376,milestone,2026-10-05T23:18:10.435329Z,2026-10-05T23:26:57.814863Z,2026-10-05T23:26:57.814863Z,,,
2026-10-05T23:24:55Z,football_nfl,32677,2026-10-06T00:15:00Z,player_rush_yds,fanduel,36104928,Bijan Robinson,espn:4430807,70+ Rushing Yards,,-270,9625002438,717.189243907:48309351,milestone,2026-10-05T13:19:46.931738Z,2026-10-05T23:26:57.814863Z,2026-10-05T23:26:57.814863Z,,,
2026-10-05T23:24:55Z,football_nfl,32677,2026-10-06T00:15:00Z,player_rush_yds,fanduel,36104928,Bijan Robinson,espn:4430807,80+ Rushing Yards,,-162,9625002439,717.189243907:48309382,milestone,2026-10-05T23:16:13.745378Z,2026-10-05T23:26:57.814863Z,2026-10-05T23:26:57.814863Z,,,
2026-10-05T23:24:55Z,football_nfl,32677,2026-10-06T00:15:00Z,player_rush_yds,fanduel,36104928,Bijan Robinson,espn:4430807,90+ Rushing Yards,,-106,9625002440,717.189243907:48309357,milestone,2026-10-05T22:51:59.769832Z,2026-10-05T23:26:57.814863Z,2026-10-05T23:26:57.814863Z,,,
2026-10-05T23:24:55Z,football_nfl,32677,2026-10-06T00:15:00Z,player_rush_yds,fanduel,36104928,Bijan Robinson,espn:4430807,Over,87.5,-113,9625002441,717.189243769:41066843,main,2026-10-05T04:02:51.949712Z,2026-10-05T23:26:57.814863Z,2026-10-05T23:26:57.814863Z,,,
2026-10-05T23:24:55Z,football_nfl,32677,2026-10-06T00:15:00Z,player_rush_yds,fanduel,36104928,Bijan Robinson,espn:4430807,Under,87.5,-113,9625002442,717.189243769:41066848,main,2026-10-05T04:02:51.949712Z,2026-10-05T23:26:57.814863Z,2026-10-05T23:26:57.814863Z,,,
2026-10-05T23:24:55Z,football_nfl,32677,2026-10-06T00:15:00Z,player_rush_yds,fanduel,36104928,Brian Robinson Jr.,espn:4241474,10+ Rushing Yards,,-1100,9625002443,717.189243897:73619295,milestone,2026-10-05T13:28:50.156355Z,2026-10-05T23:26:57.814863Z,2026-10-05T23:26:57.814863Z,,,
2026-10-05T23:24:55Z,football_nfl,32677,2026-10-06T00:15:00Z,player_rush_yds,fanduel,36104928,Brian Robinson Jr.,espn:4241474,15+ Rushing Yards,,-450,9625002444,717.189243897:73619309,milestone,2026-10-05T22:51:59.769832Z,2026-10-05T23:26:57.814863Z,2026-10-05T23:26:57.814863Z,,,
2026-10-05T23:24:55Z,football_nfl,32677,2026-10-06T00:15:00Z,player_rush_yds,fanduel,36104928,Brian Robinson Jr.,espn:4241474,20+ Rushing Yards,,-260,9625002445,717.189243897:73619316,milestone,2026-10-05T23:26:26.730200Z,2026-10-05T23:26:57.814863Z,2026-10-05T23:26:57.814863Z,,,
2026-10-05T23:24:55Z,football_nfl,32677,2026-10-06T00:15:00Z,player_rush_yds,fanduel,36104928,Brian Robinson Jr.,espn:4241474,25+ Rushing Yards,,-158,9625002446,717.189243897:42291328,milestone,2026-10-05T22:51:59.769832Z,2026-10-05T23:26:57.814863Z,2026-10-05T23:26:57.814863Z,,,
2026-10-05T23:24:55Z,football_nfl,32677,2026-10-06T00:15:00Z,player_rush_yds,fanduel,36104928,Brian Robinson Jr.,espn:4241474,30+ Rushing Yards,,-106,9625002447,717.189243897:73619390,milestone,2026-10-05T22:43:25.996707Z,2026-10-05T23:26:57.814863Z,2026-10-05T23:26:57.814863Z,,,
2026-10-05T23:24:55Z,football_nfl,32677,2026-10-06T00:15:00Z,player_rush_yds,fanduel,36104928,Brian Robinson Jr.,espn:4241474,40+ Rushing Yards,,188,9625002448,717.189243897:42291301,milestone,2026-10-05T22:46:41.257093Z,2026-10-05T23:26:57.814863Z,2026-10-05T23:26:57.814863Z,,,
2026-10-05T23:24:55Z,football_nfl,32677,2026-10-06T00:15:00Z,player_rush_yds,fanduel,36104928,Brian Robinson Jr.,espn:4241474,50+ Rushing Yards,,320,9625002449,717.189243897:42291304,milestone,2026-10-05T13:28:50.156355Z,2026-10-05T23:26:57.814863Z,2026-10-05T23:26:57.814863Z,,,
2026-10-05T23:24:55Z,football_nfl,32677,2026-10-06T00:15:00Z,player_rush_yds,fanduel,36104928,Brian Robinson Jr.,espn:4241474,60+ Rushing Yards,,550,9625002450,717.189243897:42291251,milestone,2026-10-05T22:51:59.769832Z,2026-10-05T23:26:57.814863Z,2026-10-05T23:26:57.814863Z,,,
2026-10-05T23:24:55Z,football_nfl,32677,2026-10-06T00:15:00Z,player_rush_yds,fanduel,36104928,Brian Robinson Jr.,espn:4241474,70+ Rushing Yards,,850,9625002451,717.189243897:42291356,milestone,2026-10-05T22:51:59.769832Z,2026-10-05T23:26:57.814863Z,2026-10-05T23:26:57.814863Z,,,
2026-10-05T23:24:55Z,football_nfl,32677,2026-10-06T00:15:00Z,player_rush_yds,fanduel,36104928,Brian Robinson Jr.,espn:4241474,80+ Rushing Yards,,1200,9625002452,717.189243897:42291278,milestone,2026-10-05T13:10:33.355415Z,2026-10-05T23:26:57.814863Z,2026-10-05T23:26:57.814863Z,,,
2026-10-05T23:24:55Z,football_nfl,32677,2026-10-06T00:15:00Z,player_rush_yds,fanduel,36104928,Brian Robinson Jr.,espn:4241474,90+ Rushing Yards,,1700,9625002453,717.189243897:42291291,milestone,2026-10-05T22:42:31.735262Z,2026-10-05T23:26:57.814863Z,2026-10-05T23:26:57.814863Z,,,
2026-10-05T23:24:55Z,football_nfl,32677,2026-10-06T00:15:00Z,player_rush_yds,fanduel,36104928,Brian Robinson Jr.,espn:4241474,Over,28.5,-113,9625002454,717.189243771:41172134,main,2026-10-05T13:28:50.156355Z,2026-10-05T23:26:57.814863Z,2026-10-05T23:26:57.814863Z,,,
2026-10-05T23:24:55Z,football_nfl,32677,2026-10-06T00:15:00Z,player_rush_yds,fanduel,36104928,Brian Robinson Jr.,espn:4241474,Under,28.5,-113,9625002455,717.189243771:41172135,main,2026-10-05T13:28:50.156355Z,2026-10-05T23:26:57.814863Z,2026-10-05T23:26:57.814863Z,,,
2026-10-05T23:24:55Z,football_nfl,32677,2026-10-06T00:15:00Z,player_rush_yds,fanduel,36104928,Kendre Miller,espn:4599739,Over,27.5,-113,9625002456,717.189243720:48093066,main,2026-10-05T23:19:11.664735Z,2026-10-05T23:26:57.814863Z,2026-10-05T23:26:57.814863Z,,,
2026-10-05T23:24:55Z,football_nfl,32677,2026-10-06T00:15:00Z,player_rush_yds,fanduel,36104928,Kendre Miller,espn:4599739,Under,27.5,-113,9625002457,717.189243720:48093067,main,2026-10-05T23:19:11.664735Z,2026-10-05T23:26:57.814863Z,2026-10-05T23:26:57.814863Z,,,
2026-10-05T23:24:55Z,football_nfl,32677,2026-10-06T00:15:00Z,player_reception_yds,fanduel,36104928,Chris Olave,espn:4361370,100+ Receiving Yards,,148,9625435768,717.189243937:48388568,milestone,2026-10-05T22:51:59.769832Z,2026-10-05T23:26:57.814863Z,2026-10-05T23:26:57.814863Z,,,
2026-10-05T23:24:55Z,football_nfl,32677,2026-10-06T00:15:00Z,player_reception_yds,fanduel,36104928,Chris Olave,espn:4361370,110+ Receiving Yards,,205,9625435769,717.189243937:48388569,milestone,2026-10-05T22:51:59.769832Z,2026-10-05T23:26:57.814863Z,2026-10-05T23:26:57.814863Z,,,
2026-10-05T23:24:55Z,football_nfl,32677,2026-10-06T00:15:00Z,player_reception_yds,fanduel,36104928,Chris Olave,espn:4361370,125+ Receiving Yards,,320,9625435770,717.189243937:48388566,milestone,2026-10-05T22:51:59.769832Z,2026-10-05T23:26:57.814863Z,2026-10-05T23:26:57.814863Z,,,
2026-10-05T23:24:55Z,football_nfl,32677,2026-10-06T00:15:00Z,player_reception_yds,fanduel,36104928,Chris Olave,espn:4361370,150+ Receiving Yards,,700,9625435771,717.189243937:48388565,milestone,2026-10-05T23:26:26.730200Z,2026-10-05T23:26:57.814863Z,2026-10-05T23:26:57.814863Z,,,
2026-10-05T23:24:55Z,football_nfl,32677,2026-10-06T00:15:00Z,player_reception_yds,fanduel,36104928,Chris Olave,espn:4361370,175+ Receiving Yards,,1280,9625435772,717.189243937:64131802,milestone,2026-10-05T22:51:59.769832Z,2026-10-05T23:26:57.814863Z,2026-10-05T23:26:57.814863Z,,,
2026-10-05T23:24:55Z,football_nfl,32677,2026-10-06T00:15:00Z,player_reception_yds,fanduel,36104928,Chris Olave,espn:4361370,40+ Receiving Yards,,-1400,9625435773,717.189243937:48388559,milestone,2026-10-05T22:51:59.769832Z,2026-10-05T23:26:57.814863Z,2026-10-05T23:26:57.814863Z,,,
2026-10-05T23:24:55Z,football_nfl,32677,2026-10-06T00:15:00Z,player_reception_yds,fanduel,36104928,Chris Olave,espn:4361370,50+ Receiving Yards,,-600,9625435774,717.189243937:48388558,milestone,2026-10-05T22:51:59.769832Z,2026-10-05T23:26:57.814863Z,2026-10-05T23:26:57.814863Z,,,
2026-10-05T23:24:55Z,football_nfl,32677,2026-10-06T00:15:00Z,player_reception_yds,fanduel,36104928,Chris Olave,espn:4361370,60+ Receiving Yards,,-350,9625435775,717.189243937:48388562,milestone,2026-10-05T22:51:59.769832Z,2026-10-05T23:26:57.814863Z,2026-10-05T23:26:57.814863Z,,,
2026-10-05T23:24:55Z,football_nfl,32677,2026-10-06T00:15:00Z,player_reception_yds,fanduel,36104928,Chris Olave,espn:4361370,70+ Receiving Yards,,-225,9625435776,717.189243937:48388564,milestone,2026-10-05T22:51:59.769832Z,2026-10-05T23:26:57.814863Z,2026-10-05T23:26:57.814863Z,,,
2026-10-05T23:24:55Z,football_nfl,32677,2026-10-06T00:15:00Z,player_reception_yds,fanduel,36104928,Chris Olave,espn:4361370,80+ Receiving Yards,,-146,9625435777,717.189243937:48388560,milestone,2026-10-05T22:51:59.769832Z,2026-10-05T23:26:57.814863Z,2026-10-05T23:26:57.814863Z,,,
2026-10-05T23:24:55Z,football_nfl,32677,2026-10-06T00:15:00Z,player_reception_yds,fanduel,36104928,Chris Olave,espn:4361370,90+ Receiving Yards,,102,9625435778,717.189243937:48388563,milestone,2026-10-05T22:51:59.769832Z,2026-10-05T23:26:57.814863Z,2026-10-05T23:26:57.814863Z,,,
2026-10-05T23:24:55Z,football_nfl,32677,2026-10-06T00:15:00Z,player_reception_yds,fanduel,36104928,Devaughn Vele,espn:4569559,100+ Receiving Yards,,880,9625435779,717.189243921:48161339,milestone,2026-10-05T23:16:13.745378Z,2026-10-05T23:26:57.814863Z,2026-10-05T23:26:57.814863Z,,,
2026-10-05T23:24:55Z,football_nfl,32677,2026-10-06T00:15:00Z,player_reception_yds,fanduel,36104928,Devaughn Vele,espn:4569559,110+ Receiving Yards,,1200,9625435780,717.189243921:48161308,milestone,2026-10-05T17:21:01.664380Z,2026-10-05T23:26:57.814863Z,2026-10-05T23:26:57.814863Z,,,
2026-10-05T23:24:55Z,football_nfl,32677,2026-10-06T00:15:00Z,player_reception_yds,fanduel,36104928,Devaughn Vele,espn:4569559,15+ Receiving Yards,,-1200,9625435782,717.189243921:74159856,milestone,2026-10-05T22:45:53.584624Z,2026-10-05T23:26:57.814863Z,2026-10-05T23:26:57.814863Z,,,
2026-10-05T23:24:55Z,football_nfl,32677,2026-10-06T00:15:00Z,player_reception_yds,fanduel,36104928,Devaughn Vele,espn:4569559,20+ Receiving Yards,,-650,9625435783,717.189243921:74159865,milestone,2026-10-05T22:50:13.028688Z,2026-10-05T23:26:57.814863Z,2026-10-05T23:26:57.814863Z,,,
2026-10-05T23:24:55Z,football_nfl,32677,2026-10-06T00:15:00Z,player_reception_yds,fanduel,36104928,Devaughn Vele,espn:4569559,25+ Receiving Yards,,-420,9625435784,717.189243921:48161363,milestone,2026-10-04T22:49:30.779032Z,2026-10-05T23:26:57.814863Z,2026-10-05T23:26:57.814863Z,,,
2026-10-05T23:24:55Z,football_nfl,32677,2026-10-06T00:15:00Z,player_reception_yds,fanduel,36104928,Devaughn Vele,espn:4569559,30+ Receiving Yards,,-280,9625435785,717.189243921:74159866,milestone,2026-10-05T23:18:10.435329Z,2026-10-05T23:26:57.814863Z,2026-10-05T23:26:57.814863Z,,,
2026-10-05T23:24:55Z,football_nfl,32677,2026-10-06T00:15:00Z,player_reception_yds,fanduel,36104928,Devaughn Vele,espn:4569559,40+ Receiving Yards,,-154,9625435786,717.189243921:48161353,milestone,2026-10-05T22:46:41.257093Z,2026-10-05T23:26:57.814863Z,2026-10-05T23:26:57.814863Z,,,
2026-10-05T23:24:55Z,football_nfl,32677,2026-10-06T00:15:00Z,player_reception_yds,fanduel,36104928,Devaughn Vele,espn:4569559,50+ Receiving Yards,,116,9625435787,717.189243921:48161327,milestone,2026-10-05T22:46:41.257093Z,2026-10-05T23:26:57.814863Z,2026-10-05T23:26:57.814863Z,,,
2026-10-05T23:24:55Z,football_nfl,32677,2026-10-06T00:15:00Z,player_reception_yds,fanduel,36104928,Devaughn Vele,espn:4569559,60+ Receiving Yards,,188,9625435788,717.189243921:48161325,milestone,2026-10-05T22:29:30.199458Z,2026-10-05T23:26:57.814863Z,2026-10-05T23:26:57.814863Z,,,
2026-10-05T23:24:55Z,football_nfl,32677,2026-10-06T00:15:00Z,player_reception_yds,fanduel,36104928,Devaughn Vele,espn:4569559,70+ Receiving Yards,,280,9625435789,717.189243921:48161345,milestone,2026-10-05T22:43:27.084717Z,2026-10-05T23:26:57.814863Z,2026-10-05T23:26:57.814863Z,,,
2026-10-05T23:24:55Z,football_nfl,32677,2026-10-06T00:15:00Z,player_reception_yds,fanduel,36104928,Devaughn Vele,espn:4569559,80+ Receiving Yards,,410,9625435790,717.189243921:48161310,milestone,2026-10-05T22:43:27.084717Z,2026-10-05T23:26:57.814863Z,2026-10-05T23:26:57.814863Z,,,
2026-10-05T23:24:55Z,football_nfl,32677,2026-10-06T00:15:00Z,player_reception_yds,fanduel,36104928,Devaughn Vele,espn:4569559,90+ Receiving Yards,,630,9625435791,717.189243921:48161341,milestone,2026-10-05T13:24:20.215515Z,2026-10-05T23:26:57.814863Z,2026-10-05T23:26:57.814863Z,,,
2026-10-05T23:24:55Z,football_nfl,32677,2026-10-06T00:15:00Z,player_receptions,fanduel,36104928,Alvin Kamara,espn:3054850,2+ Receptions,,-550,9625435792,717.189243890:61438717,milestone,2026-10-05T22:51:59.769832Z,2026-10-05T23:26:57.814863Z,2026-10-05T23:26:57.814863Z,,,
2026-10-05T23:24:55Z,football_nfl,32677,2026-10-06T00:15:00Z,player_receptions,fanduel,36104928,Alvin Kamara,espn:3054850,3+ Receptions,,-180,9625435793,717.189243890:61438727,milestone,2026-10-05T23:16:13.745378Z,2026-10-05T23:26:57.814863Z,2026-10-05T23:26:57.814863Z,,,
2026-10-05T23:24:55Z,football_nfl,32677,2026-10-06T00:15:00Z,player_receptions,fanduel,36104928,Alvin Kamara,espn:3054850,4+ Receptions,,134,9625435794,717.189243890:61438718,milestone,2026-10-05T23:18:10.435329Z,2026-10-05T23:26:57.814863Z,2026-10-05T23:26:57.814863Z,,,
2026-10-05T23:24:55Z,football_nfl,32677,2026-10-06T00:15:00Z,player_receptions,fanduel,36104928,Alvin Kamara,espn:3054850,5+ Receptions,,270,9625435795,717.189243890:61438735,milestone,2026-10-05T22:46:41.257093Z,2026-10-05T23:26:57.814863Z,2026-10-05T23:26:57.814863Z,,,
2026-10-05T23:24:55Z,football_nfl,32677,2026-10-06T00:15:00Z,player_receptions,fanduel,36104928,Alvin Kamara,espn:3054850,6+ Receptions,,520,9625435796,717.189243890:61438734,milestone,2026-10-05T22:46:41.257093Z,2026-10-05T23:26:57.814863Z,2026-10-05T23:26:57.814863Z,,,
2026-10-05T23:24:55Z,football_nfl,32677,2026-10-06T00:15:00Z,player_receptions,fanduel,36104928,Alvin Kamara,espn:3054850,7+ Receptions,,880,9625435797,717.189243890:61438729,milestone,2026-10-05T17:07:51.802239Z,2026-10-05T23:26:57.814863Z,2026-10-05T23:26:57.814863Z,,,
2026-10-05T23:24:55Z,football_nfl,32677,2026-10-06T00:15:00Z,player_receptions,fanduel,36104928,Alvin Kamara,espn:3054850,8+ Receptions,,1400,9625435798,717.189243890:61438725,milestone,2026-10-05T22:51:59.769832Z,2026-10-05T23:26:57.814863Z,2026-10-05T23:26:57.814863Z,,,
2026-10-05T23:24:55Z,football_nfl,32677,2026-10-06T00:15:00Z,player_receptions,fanduel,36104928,Juwan Johnson,espn:3929645,3+ Receptions,,-490,9625435800,717.189243928:62443140,milestone,2026-10-05T23:16:13.745378Z,2026-10-05T23:26:57.814863Z,2026-10-05T23:26:57.814863Z,,,
2026-10-05T23:24:55Z,football_nfl,32677,2026-10-06T00:15:00Z,player_receptions,fanduel,36104928,Juwan Johnson,espn:3929645,4+ Receptions,,-198,9625435801,717.189243928:62443141,milestone,2026-10-05T23:26:26.730200Z,2026-10-05T23:26:57.814863Z,2026-10-05T23:26:57.814863Z,,,
2026-10-05T23:24:55Z,football_nfl,32677,2026-10-06T00:15:00Z,player_receptions,fanduel,36104928,Juwan Johnson,espn:3929645,5+ Receptions,,116,9625435802,717.189243928:62443146,milestone,2026-10-05T22:51:59.769832Z,2026-10-05T23:26:57.814863Z,2026-10-05T23:26:57.814863Z,,,
2026-10-05T23:24:55Z,football_nfl,32677,2026-10-06T00:15:00Z,player_receptions,fanduel,36104928,Juwan Johnson,espn:3929645,6+ Receptions,,225,9625435803,717.189243928:62443145,milestone,2026-10-05T23:18:09.543191Z,2026-10-05T23:26:57.814863Z,2026-10-05T23:26:57.814863Z,,,
2026-10-05T23:24:55Z,football_nfl,32677,2026-10-06T00:15:00Z,player_receptions,fanduel,36104928,Juwan Johnson,espn:3929645,7+ Receptions,,400,9625435804,717.189243928:62443143,milestone,2026-10-05T22:56:48.856207Z,2026-10-05T23:26:57.814863Z,2026-10-05T23:26:57.814863Z,,,
2026-10-05T23:24:55Z,football_nfl,32677,2026-10-06T00:15:00Z,player_receptions,fanduel,36104928,Juwan Johnson,espn:3929645,8+ Receptions,,700,9625435805,717.189243928:62443144,milestone,2026-10-05T22:56:48.856207Z,2026-10-05T23:26:57.814863Z,2026-10-05T23:26:57.814863Z,,,
2026-10-05T23:24:55Z,football_nfl,32677,2026-10-06T00:15:00Z,player_receptions,fanduel,36104928,Juwan Johnson,espn:3929645,9+ Receptions,,1200,10906331551,717.189243928:62443138,milestone,2026-10-05T22:51:59.769832Z,2026-10-05T23:26:57.814863Z,2026-10-05T23:26:57.814863Z,,,
2026-10-05T23:24:55Z,football_nfl,32677,2026-10-06T00:15:00Z,player_receptions,fanduel,36104928,Noah Fant,espn:4036131,1+ Receptions,,-850,9625435806,717.189243932:61721841,milestone,2026-10-05T22:43:25.996707Z,2026-10-05T22:44:20.437644Z,2026-10-05T22:45:40.235347Z,,,2026-10-05T22:45:37.124795Z
2026-10-05T23:24:55Z,football_nfl,32677,2026-10-06T00:15:00Z,player_receptions,fanduel,36104928,Noah Fant,espn:4036131,2+ Receptions,,-180,9625435807,717.189243932:61721844,milestone,2026-10-05T19:31:39.484960Z,2026-10-05T22:44:20.437644Z,2026-10-05T22:45:40.235347Z,,,2026-10-05T22:45:37.124795Z
2026-10-05T23:24:55Z,football_nfl,32677,2026-10-06T00:15:00Z,player_receptions,fanduel,36104928,Noah Fant,espn:4036131,3+ Receptions,,168,9625435808,717.189243932:61721837,milestone,2026-10-05T22:43:25.996707Z,2026-10-05T22:44:20.437644Z,2026-10-05T22:45:40.235347Z,,,2026-10-05T22:45:37.124795Z
2026-10-05T23:24:55Z,football_nfl,32677,2026-10-06T00:15:00Z,player_receptions,fanduel,36104928,Noah Fant,espn:4036131,4+ Receptions,,390,9625435809,717.189243932:61721836,milestone,2026-10-05T22:29:30.199458Z,2026-10-05T22:44:20.437644Z,2026-10-05T22:45:40.235347Z,,,2026-10-05T22:45:37.124795Z
2026-10-05T23:24:55Z,football_nfl,32677,2026-10-06T00:15:00Z,player_receptions,fanduel,36104928,Noah Fant,espn:4036131,5+ Receptions,,750,9625435810,717.189243932:61721838,milestone,2026-10-05T22:42:31.735262Z,2026-10-05T22:44:20.437644Z,2026-10-05T22:45:40.235347Z,,,2026-10-05T22:45:37.124795Z
2026-10-05T23:24:55Z,football_nfl,32677,2026-10-06T00:15:00Z,player_receptions,fanduel,36104928,Noah Fant,espn:4036131,6+ Receptions,,1400,9625435811,717.189243932:61721843,milestone,2026-10-05T22:41:01.803992Z,2026-10-05T22:44:20.437644Z,2026-10-05T22:45:40.235347Z,,,2026-10-05T22:45:37.124795Z
2026-10-05T23:24:55Z,football_nfl,32677,2026-10-06T00:15:00Z,player_rush_yds,fanduel,36104928,Alvin Kamara,espn:3054850,100+ Rushing Yards,,1280,9625435812,717.189243959:38177148,milestone,2026-10-05T17:08:37.858070Z,2026-10-05T23:26:57.814863Z,2026-10-05T23:26:57.814863Z,,,
2026-10-05T23:24:55Z,football_nfl,32677,2026-10-06T00:15:00Z,player_rush_yds,fanduel,36104928,Alvin Kamara,espn:3054850,15+ Rushing Yards,,-850,9625435814,717.189243959:73617515,milestone,2026-10-05T23:26:26.730200Z,2026-10-05T23:26:57.814863Z,2026-10-05T23:26:57.814863Z,,,
2026-10-05T23:24:55Z,football_nfl,32677,2026-10-06T00:15:00Z,player_rush_yds,fanduel,36104928,Alvin Kamara,espn:3054850,20+ Rushing Yards,,-440,9625435815,717.189243959:73617573,milestone,2026-10-05T23:19:11.664735Z,2026-10-05T23:26:57.814863Z,2026-10-05T23:26:57.814863Z,,,
2026-10-05T23:24:55Z,football_nfl,32677,2026-10-06T00:15:00Z,player_rush_yds,fanduel,36104928,Alvin Kamara,espn:3054850,25+ Rushing Yards,,-270,9625435816,717.189243959:38177149,milestone,2026-10-05T23:19:11.664735Z,2026-10-05T23:26:57.814863Z,2026-10-05T23:26:57.814863Z,,,
2026-10-05T23:24:55Z,football_nfl,32677,2026-10-06T00:15:00Z,player_rush_yds,fanduel,36104928,Alvin Kamara,espn:3054850,30+ Rushing Yards,,-180,9625435817,717.189243959:73617512,milestone,2026-10-05T23:19:11.664735Z,2026-10-05T23:26:57.814863Z,2026-10-05T23:26:57.814863Z,,,
2026-10-05T23:24:55Z,football_nfl,32677,2026-10-06T00:15:00Z,player_rush_yds,fanduel,36104928,Alvin Kamara,espn:3054850,40+ Rushing Yards,,114,9625435818,717.189243959:38177143,milestone,2026-10-05T23:19:11.664735Z,2026-10-05T23:26:57.814863Z,2026-10-05T23:26:57.814863Z,,,
2026-10-05T23:24:55Z,football_nfl,32677,2026-10-06T00:15:00Z,player_rush_yds,fanduel,36104928,Alvin Kamara,espn:3054850,50+ Rushing Yards,,194,9625435819,717.189243959:38177147,milestone,2026-10-05T23:19:11.664735Z,2026-10-05T23:26:57.814863Z,2026-10-05T23:26:57.814863Z,,,
2026-10-05T23:24:55Z,football_nfl,32677,2026-10-06T00:15:00Z,player_rush_yds,fanduel,36104928,Alvin Kamara,espn:3054850,60+ Rushing Yards,,320,9625435820,717.189243959:38177152,milestone,2026-10-05T23:19:11.664735Z,2026-10-05T23:26:57.814863Z,2026-10-05T23:26:57.814863Z,,,
2026-10-05T23:24:55Z,football_nfl,32677,2026-10-06T00:15:00Z,player_rush_yds,fanduel,36104928,Alvin Kamara,espn:3054850,70+ Rushing Yards,,490,9625435821,717.189243959:38177144,milestone,2026-10-05T23:19:11.664735Z,2026-10-05T23:26:57.814863Z,2026-10-05T23:26:57.814863Z,,,
2026-10-05T23:24:55Z,football_nfl,32677,2026-10-06T00:15:00Z,player_rush_yds,fanduel,36104928,Alvin Kamara,espn:3054850,80+ Rushing Yards,,750,9625435822,717.189243959:38177145,milestone,2026-10-05T23:19:11.664735Z,2026-10-05T23:26:57.814863Z,2026-10-05T23:26:57.814863Z,,,
2026-10-05T23:24:55Z,football_nfl,32677,2026-10-06T00:15:00Z,player_rush_yds,fanduel,36104928,Alvin Kamara,espn:3054850,90+ Rushing Yards,,1000,9625435823,717.189243959:38177150,milestone,2026-10-05T23:19:11.664735Z,2026-10-05T23:26:57.814863Z,2026-10-05T23:26:57.814863Z,,,
2026-10-05T23:24:55Z,football_nfl,32677,2026-10-06T00:15:00Z,player_reception_yds,fanduel,36104928,Juwan Johnson,espn:3929645,100+ Receiving Yards,,850,9625438012,717.189243929:41092171,milestone,2026-10-05T22:46:41.257093Z,2026-10-05T23:26:57.814863Z,2026-10-05T23:26:57.814863Z,,,
2026-10-05T23:24:55Z,football_nfl,32677,2026-10-06T00:15:00Z,player_reception_yds,fanduel,36104928,Juwan Johnson,espn:3929645,110+ Receiving Yards,,1100,9625438014,717.189243929:41092175,milestone,2026-10-05T23:16:13.745378Z,2026-10-05T23:26:57.814863Z,2026-10-05T23:26:57.814863Z,,,
2026-10-05T23:24:55Z,football_nfl,32677,2026-10-06T00:15:00Z,player_reception_yds,fanduel,36104928,Juwan Johnson,espn:3929645,15+ Receiving Yards,,-1450,9625438015,717.189243929:73617487,milestone,2026-10-05T22:46:41.257093Z,2026-10-05T23:26:57.814863Z,2026-10-05T23:26:57.814863Z,,,
2026-10-05T23:24:55Z,football_nfl,32677,2026-10-06T00:15:00Z,player_reception_yds,fanduel,36104928,Juwan Johnson,espn:3929645,20+ Receiving Yards,,-750,9625438016,717.189243929:73617577,milestone,2026-10-05T22:46:41.257093Z,2026-10-05T23:26:57.814863Z,2026-10-05T23:26:57.814863Z,,,
2026-10-05T23:24:55Z,football_nfl,32677,2026-10-06T00:15:00Z,player_reception_yds,fanduel,36104928,Juwan Johnson,espn:3929645,25+ Receiving Yards,,-470,9625438017,717.189243929:41092174,milestone,2026-10-05T23:08:08.154248Z,2026-10-05T23:26:57.814863Z,2026-10-05T23:26:57.814863Z,,,
2026-10-05T23:24:55Z,football_nfl,32677,2026-10-06T00:15:00Z,player_reception_yds,fanduel,36104928,Juwan Johnson,espn:3929645,30+ Receiving Yards,,-320,9625438018,717.189243929:73617589,milestone,2026-10-05T22:46:41.257093Z,2026-10-05T23:26:57.814863Z,2026-10-05T23:26:57.814863Z,,,
2026-10-05T23:24:55Z,football_nfl,32677,2026-10-06T00:15:00Z,player_reception_yds,fanduel,36104928,Juwan Johnson,espn:3929645,40+ Receiving Yards,,-174,9625438019,717.189243929:41092177,milestone,2026-10-05T22:50:13.028688Z,2026-10-05T23:26:57.814863Z,2026-10-05T23:26:57.814863Z,,,
2026-10-05T23:24:55Z,football_nfl,32677,2026-10-06T00:15:00Z,player_reception_yds,fanduel,36104928,Juwan Johnson,espn:3929645,50+ Receiving Yards,,102,9625438020,717.189243929:41092188,milestone,2026-10-05T22:46:41.257093Z,2026-10-05T23:26:57.814863Z,2026-10-05T23:26:57.814863Z,,,
2026-10-05T23:24:55Z,football_nfl,32677,2026-10-06T00:15:00Z,player_reception_yds,fanduel,36104928,Juwan Johnson,espn:3929645,60+ Receiving Yards,,172,9625438021,717.189243929:41092178,milestone,2026-10-05T22:51:59.769832Z,2026-10-05T23:26:57.814863Z,2026-10-05T23:26:57.814863Z,,,
2026-10-05T23:24:55Z,football_nfl,32677,2026-10-06T00:15:00Z,player_reception_yds,fanduel,36104928,Juwan Johnson,espn:3929645,70+ Receiving Yards,,265,9625438022,717.189243929:41092172,milestone,2026-10-05T22:51:59.769832Z,2026-10-05T23:26:57.814863Z,2026-10-05T23:26:57.814863Z,,,
2026-10-05T23:24:55Z,football_nfl,32677,2026-10-06T00:15:00Z,player_reception_yds,fanduel,36104928,Juwan Johnson,espn:3929645,80+ Receiving Yards,,400,9625438023,717.189243929:41092170,milestone,2026-10-05T22:51:59.769832Z,2026-10-05T23:26:57.814863Z,2026-10-05T23:26:57.814863Z,,,
2026-10-05T23:24:55Z,football_nfl,32677,2026-10-06T00:15:00Z,player_reception_yds,fanduel,36104928,Juwan Johnson,espn:3929645,90+ Receiving Yards,,580,9625438024,717.189243929:41092182,milestone,2026-10-05T23:16:13.745378Z,2026-10-05T23:26:57.814863Z,2026-10-05T23:26:57.814863Z,,,
2026-10-05T23:24:55Z,football_nfl,32677,2026-10-06T00:15:00Z,player_pass_tds,fanduel,36104928,Tyler Shough,espn:4360689,1+ Passing Touchdowns,,-750,9625998643,717.189243934:60088937,milestone,2026-10-05T22:43:25.996707Z,2026-10-05T23:26:57.814863Z,2026-10-05T23:26:57.814863Z,,,
2026-10-05T23:24:55Z,football_nfl,32677,2026-10-06T00:15:00Z,player_pass_tds,fanduel,36104928,Tyler Shough,espn:4360689,2+ Passing Touchdowns,,-136,9625998644,717.189243934:60088939,milestone,2026-10-05T22:42:31.735262Z,2026-10-05T23:26:57.814863Z,2026-10-05T23:26:57.814863Z,,,
2026-10-05T23:24:55Z,football_nfl,32677,2026-10-06T00:15:00Z,player_pass_tds,fanduel,36104928,Tyler Shough,espn:4360689,3+ Passing Touchdowns,,290,9625998645,717.189243934:60088944,milestone,2026-10-05T22:51:59.769832Z,2026-10-05T23:26:57.814863Z,2026-10-05T23:26:57.814863Z,,,
2026-10-05T23:24:55Z,football_nfl,32677,2026-10-06T00:15:00Z,player_pass_tds,fanduel,36104928,Tyler Shough,espn:4360689,4+ Passing Touchdowns,,920,9625998646,717.189243934:60088932,milestone,2026-10-05T13:19:46.931738Z,2026-10-05T23:26:57.814863Z,2026-10-05T23:26:57.814863Z,,,
2026-10-05T23:24:55Z,football_nfl,32677,2026-10-06T00:15:00Z,player_pass_yds,fanduel,36104928,Tyler Shough,espn:4360689,175+ Passing Yards,,-1100,9625998647,717.189243922:90605768,milestone,2026-10-05T16:29:48.993889Z,2026-10-05T23:26:57.814863Z,2026-10-05T23:26:57.814863Z,,,
2026-10-05T23:24:55Z,football_nfl,32677,2026-10-06T00:15:00Z,player_pass_yds,fanduel,36104928,Tyler Shough,espn:4360689,200+ Passing Yards,,-500,9625998648,717.189243922:50452622,milestone,2026-10-05T23:03:45.175643Z,2026-10-05T23:26:57.814863Z,2026-10-05T23:26:57.814863Z,,,
2026-10-05T23:24:55Z,football_nfl,32677,2026-10-06T00:15:00Z,player_pass_yds,fanduel,36104928,Tyler Shough,espn:4360689,225+ Passing Yards,,-270,9625998649,717.189243922:50452618,milestone,2026-10-05T22:51:59.769832Z,2026-10-05T23:26:57.814863Z,2026-10-05T23:26:57.814863Z,,,
2026-10-05T23:24:55Z,football_nfl,32677,2026-10-06T00:15:00Z,player_pass_yds,fanduel,36104928,Tyler Shough,espn:4360689,250+ Passing Yards,,-144,9625998650,717.189243922:50452616,milestone,2026-10-05T22:51:59.769832Z,2026-10-05T23:26:57.814863Z,2026-10-05T23:26:57.814863Z,,,
2026-10-05T23:24:55Z,football_nfl,32677,2026-10-06T00:15:00Z,player_pass_yds,fanduel,36104928,Tyler Shough,espn:4360689,275+ Passing Yards,,128,9625998651,717.189243922:50452617,milestone,2026-10-05T22:51:59.769832Z,2026-10-05T23:26:57.814863Z,2026-10-05T23:26:57.814863Z,,,
2026-10-05T23:24:55Z,football_nfl,32677,2026-10-06T00:15:00Z,player_pass_yds,fanduel,36104928,Tyler Shough,espn:4360689,300+ Passing Yards,,225,9625998652,717.189243922:50452619,milestone,2026-10-05T22:42:31.735262Z,2026-10-05T23:26:57.814863Z,2026-10-05T23:26:57.814863Z,,,
2026-10-05T23:24:55Z,football_nfl,32677,2026-10-06T00:15:00Z,player_pass_yds,fanduel,36104928,Tyler Shough,espn:4360689,325+ Passing Yards,,370,9625998653,717.189243922:50452620,milestone,2026-10-05T22:51:59.769832Z,2026-10-05T23:26:57.814863Z,2026-10-05T23:26:57.814863Z,,,
2026-10-05T23:24:55Z,football_nfl,32677,2026-10-06T00:15:00Z,player_pass_yds,fanduel,36104928,Tyler Shough,espn:4360689,350+ Passing Yards,,640,9625998654,717.189243922:50452623,milestone,2026-10-05T22:51:59.769832Z,2026-10-05T23:26:57.814863Z,2026-10-05T23:26:57.814863Z,,,
2026-10-05T23:24:55Z,football_nfl,32677,2026-10-06T00:15:00Z,player_pass_yds,fanduel,36104928,Tyler Shough,espn:4360689,375+ Passing Yards,,1000,9625998655,717.189243922:90605775,milestone,2026-10-05T22:51:59.769832Z,2026-10-05T23:26:57.814863Z,2026-10-05T23:26:57.814863Z,,,
2026-10-05T23:24:55Z,football_nfl,32677,2026-10-06T00:15:00Z,player_pass_yds,fanduel,36104928,Tyler Shough,espn:4360689,400+ Passing Yards,,1700,9625998656,717.189243922:50452621,milestone,2026-10-05T13:19:46.931738Z,2026-10-05T23:26:57.814863Z,2026-10-05T23:26:57.814863Z,,,
2026-10-05T23:24:55Z,football_nfl,32677,2026-10-06T00:15:00Z,player_reception_yds,fanduel,36104928,Alvin Kamara,espn:3054850,10+ Receiving Yards,,-245,9625998657,717.189243949:73617581,milestone,2026-10-05T22:45:53.584624Z,2026-10-05T23:26:57.814863Z,2026-10-05T23:26:57.814863Z,,,
2026-10-05T23:24:55Z,football_nfl,32677,2026-10-06T00:15:00Z,player_reception_yds,fanduel,36104928,Alvin Kamara,espn:3054850,15+ Receiving Yards,,-130,9625998658,717.189243949:73617515,milestone,2026-10-05T17:07:51.802239Z,2026-10-05T23:26:57.814863Z,2026-10-05T23:26:57.814863Z,,,
2026-10-05T23:24:55Z,football_nfl,32677,2026-10-06T00:15:00Z,player_reception_yds,fanduel,36104928,Alvin Kamara,espn:3054850,20+ Receiving Yards,,130,9625998659,717.189243949:73617573,milestone,2026-10-05T22:42:31.735262Z,2026-10-05T23:26:57.814863Z,2026-10-05T23:26:57.814863Z,,,
2026-10-05T23:24:55Z,football_nfl,32677,2026-10-06T00:15:00Z,player_reception_yds,fanduel,36104928,Alvin Kamara,espn:3054850,25+ Receiving Yards,,200,9625998660,717.189243949:38177149,milestone,2026-10-05T22:51:59.769832Z,2026-10-05T23:26:57.814863Z,2026-10-05T23:26:57.814863Z,,,
2026-10-05T23:24:55Z,football_nfl,32677,2026-10-06T00:15:00Z,player_reception_yds,fanduel,36104928,Alvin Kamara,espn:3054850,30+ Receiving Yards,,290,9625998661,717.189243949:73617512,milestone,2026-10-05T22:50:12.086029Z,2026-10-05T23:26:57.814863Z,2026-10-05T23:26:57.814863Z,,,
2026-10-05T23:24:55Z,football_nfl,32677,2026-10-06T00:15:00Z,player_reception_yds,fanduel,36104928,Alvin Kamara,espn:3054850,40+ Receiving Yards,,550,9625998662,717.189243949:38177143,milestone,2026-10-05T23:19:11.664735Z,2026-10-05T23:26:57.814863Z,2026-10-05T23:26:57.814863Z,,,
2026-10-05T23:24:55Z,football_nfl,32677,2026-10-06T00:15:00Z,player_reception_yds,fanduel,36104928,Alvin Kamara,espn:3054850,5+ Receiving Yards,,-580,9625998664,717.189243949:73617561,milestone,2026-10-05T22:41:01.803992Z,2026-10-05T23:26:57.814863Z,2026-10-05T23:26:57.814863Z,,,
2026-10-05T23:24:55Z,football_nfl,32677,2026-10-06T00:15:00Z,player_reception_yds,fanduel,36104928,Alvin Kamara,espn:3054850,50+ Receiving Yards,,880,9625998663,717.189243949:38177147,milestone,2026-10-05T22:45:53.584624Z,2026-10-05T23:26:57.814863Z,2026-10-05T23:26:57.814863Z,,,
2026-10-05T23:24:55Z,football_nfl,32677,2026-10-06T00:15:00Z,player_reception_yds,fanduel,36104928,Alvin Kamara,espn:3054850,60+ Receiving Yards,,1280,9625998665,717.189243949:38177152,milestone,2026-10-05T22:46:41.257093Z,2026-10-05T23:26:57.814863Z,2026-10-05T23:26:57.814863Z,,,
2026-10-05T23:24:55Z,football_nfl,32677,2026-10-06T00:15:00Z,player_reception_yds,fanduel,36104928,Noah Fant,espn:4036131,10+ Receiving Yards,,-240,9625998666,717.189243914:73637013,milestone,2026-10-05T22:43:25.996707Z,2026-10-05T22:44:20.437644Z,2026-10-05T22:45:40.235347Z,,,2026-10-05T22:45:37.124795Z
2026-10-05T23:24:55Z,football_nfl,32677,2026-10-06T00:15:00Z,player_reception_yds,fanduel,36104928,Noah Fant,espn:4036131,15+ Receiving Yards,,-138,9625998667,717.189243914:73636943,milestone,2026-10-05T13:25:42.821690Z,2026-10-05T22:44:20.437644Z,2026-10-05T22:45:40.235347Z,,,2026-10-05T22:45:37.124795Z
2026-10-05T23:24:55Z,football_nfl,32677,2026-10-06T00:15:00Z,player_reception_yds,fanduel,36104928,Noah Fant,espn:4036131,20+ Receiving Yards,,116,9625998668,717.189243914:73637016,milestone,2026-10-05T21:18:35.870148Z,2026-10-05T22:44:20.437644Z,2026-10-05T22:45:40.235347Z,,,2026-10-05T22:45:37.124795Z
2026-10-05T23:24:55Z,football_nfl,32677,2026-10-06T00:15:00Z,player_reception_yds,fanduel,36104928,Noah Fant,espn:4036131,25+ Receiving Yards,,172,9625998669,717.189243914:40905624,milestone,2026-10-05T22:42:31.735262Z,2026-10-05T22:44:20.437644Z,2026-10-05T22:45:40.235347Z,,,2026-10-05T22:45:37.124795Z
2026-10-05T23:24:55Z,football_nfl,32677,2026-10-06T00:15:00Z,player_reception_yds,fanduel,36104928,Noah Fant,espn:4036131,30+ Receiving Yards,,235,9625998670,717.189243914:73636915,milestone,2026-10-05T22:42:31.735262Z,2026-10-05T22:44:20.437644Z,2026-10-05T22:45:40.235347Z,,,2026-10-05T22:45:37.124795Z
2026-10-05T23:24:55Z,football_nfl,32677,2026-10-06T00:15:00Z,player_reception_yds,fanduel,36104928,Noah Fant,espn:4036131,40+ Receiving Yards,,450,9625998671,717.189243914:40905613,milestone,2026-10-05T22:29:30.199458Z,2026-10-05T22:44:20.437644Z,2026-10-05T22:45:40.235347Z,,,2026-10-05T22:45:37.124795Z
2026-10-05T23:24:55Z,football_nfl,32677,2026-10-06T00:15:00Z,player_reception_yds,fanduel,36104928,Noah Fant,espn:4036131,5+ Receiving Yards,,-490,9625998673,717.189243914:73636956,milestone,2026-10-05T22:41:01.803992Z,2026-10-05T22:44:20.437644Z,2026-10-05T22:45:40.235347Z,,,2026-10-05T22:45:37.124795Z
2026-10-05T23:24:55Z,football_nfl,32677,2026-10-06T00:15:00Z,player_reception_yds,fanduel,36104928,Noah Fant,espn:4036131,50+ Receiving Yards,,750,9625998672,717.189243914:40905618,milestone,2026-10-05T22:42:31.735262Z,2026-10-05T22:44:20.437644Z,2026-10-05T22:45:40.235347Z,,,2026-10-05T22:45:37.124795Z
2026-10-05T23:24:55Z,football_nfl,32677,2026-10-06T00:15:00Z,player_reception_yds,fanduel,36104928,Noah Fant,espn:4036131,60+ Receiving Yards,,1200,9625998674,717.189243914:40905596,milestone,2026-10-05T22:42:31.735262Z,2026-10-05T22:44:20.437644Z,2026-10-05T22:45:40.235347Z,,,2026-10-05T22:45:37.124795Z
2026-10-05T23:24:55Z,football_nfl,32677,2026-10-06T00:15:00Z,player_receptions,fanduel,36104928,Chris Olave,espn:4361370,10+ Receptions,,390,9625998675,717.189243941:61449162,milestone,2026-10-05T22:41:01.803992Z,2026-10-05T23:26:57.814863Z,2026-10-05T23:26:57.814863Z,,,
2026-10-05T23:24:55Z,football_nfl,32677,2026-10-06T00:15:00Z,player_receptions,fanduel,36104928,Chris Olave,espn:4361370,11+ Receptions,,630,9625998676,717.189243941:64187839,milestone,2026-10-05T22:51:59.769832Z,2026-10-05T23:26:57.814863Z,2026-10-05T23:26:57.814863Z,,,
2026-10-05T23:24:55Z,football_nfl,32677,2026-10-06T00:15:00Z,player_receptions,fanduel,36104928,Chris Olave,espn:4361370,12+ Receptions,,920,9625998677,717.189243941:64187847,milestone,2026-10-05T13:10:33.355415Z,2026-10-05T23:26:57.814863Z,2026-10-05T23:26:57.814863Z,,,
2026-10-05T23:24:55Z,football_nfl,32677,2026-10-06T00:15:00Z,player_receptions,fanduel,36104928,Chris Olave,espn:4361370,13+ Receptions,,1400,9625998678,717.189243941:64187837,milestone,2026-10-05T14:53:07.792604Z,2026-10-05T23:26:57.814863Z,2026-10-05T23:26:57.814863Z,,,
2026-10-05T23:24:55Z,football_nfl,32677,2026-10-06T00:15:00Z,player_receptions,fanduel,36104928,Chris Olave,espn:4361370,4+ Receptions,,-1600,10904199314,717.189243941:61449166,milestone,2026-10-05T22:51:59.769832Z,2026-10-05T23:26:57.814863Z,2026-10-05T23:26:57.814863Z,,,
2026-10-05T23:24:55Z,football_nfl,32677,2026-10-06T00:15:00Z,player_receptions,fanduel,36104928,Chris Olave,espn:4361370,5+ Receptions,,-550,9625998679,717.189243941:61449165,milestone,2026-10-05T22:51:59.769832Z,2026-10-05T23:26:57.814863Z,2026-10-05T23:26:57.814863Z,,,
2026-10-05T23:24:55Z,football_nfl,32677,2026-10-06T00:15:00Z,player_receptions,fanduel,36104928,Chris Olave,espn:4361370,6+ Receptions,,-260,9625998680,717.189243941:61449168,milestone,2026-10-05T22:51:59.769832Z,2026-10-05T23:26:57.814863Z,2026-10-05T23:26:57.814863Z,,,
2026-10-05T23:24:55Z,football_nfl,32677,2026-10-06T00:15:00Z,player_receptions,fanduel,36104928,Chris Olave,espn:4361370,7+ Receptions,,-136,9625998681,717.189243941:61449167,milestone,2026-10-05T22:51:59.769832Z,2026-10-05T23:26:57.814863Z,2026-10-05T23:26:57.814863Z,,,
2026-10-05T23:24:55Z,football_nfl,32677,2026-10-06T00:15:00Z,player_receptions,fanduel,36104928,Chris Olave,espn:4361370,8+ Receptions,,136,9625998682,717.189243941:61449163,milestone,2026-10-05T22:51:59.769832Z,2026-10-05T23:26:57.814863Z,2026-10-05T23:26:57.814863Z,,,
2026-10-05T23:24:55Z,football_nfl,32677,2026-10-06T00:15:00Z,player_receptions,fanduel,36104928,Chris Olave,espn:4361370,9+ Receptions,,230,9625998683,717.189243941:61449164,milestone,2026-10-05T23:26:26.730200Z,2026-10-05T23:26:57.814863Z,2026-10-05T23:26:57.814863Z,,,
2026-10-05T23:24:55Z,football_nfl,32677,2026-10-06T00:15:00Z,player_receptions,fanduel,36104928,Devaughn Vele,espn:4569559,3+ Receptions,,-440,9625998684,717.189243942:74112410,milestone,2026-10-05T22:43:25.996707Z,2026-10-05T23:26:57.814863Z,2026-10-05T23:26:57.814863Z,,,
2026-10-05T23:24:55Z,football_nfl,32677,2026-10-06T00:15:00Z,player_receptions,fanduel,36104928,Devaughn Vele,espn:4569559,4+ Receptions,,-174,9625998685,717.189243942:74112418,milestone,2026-10-05T22:51:58.544713Z,2026-10-05T23:26:57.814863Z,2026-10-05T23:26:57.814863Z,,,
2026-10-05T23:24:55Z,football_nfl,32677,2026-10-06T00:15:00Z,player_receptions,fanduel,36104928,Devaughn Vele,espn:4569559,5+ Receptions,,128,9625998686,717.189243942:74112429,milestone,2026-10-05T23:26:26.730200Z,2026-10-05T23:26:57.814863Z,2026-10-05T23:26:57.814863Z,,,
2026-10-05T23:24:55Z,football_nfl,32677,2026-10-06T00:15:00Z,player_receptions,fanduel,36104928,Devaughn Vele,espn:4569559,6+ Receptions,,240,9625998687,717.189243942:74112425,milestone,2026-10-05T22:51:58.544713Z,2026-10-05T23:26:57.814863Z,2026-10-05T23:26:57.814863Z,,,
2026-10-05T23:24:55Z,football_nfl,32677,2026-10-06T00:15:00Z,player_receptions,fanduel,36104928,Devaughn Vele,espn:4569559,7+ Receptions,,470,9625998688,717.189243942:74112420,milestone,2026-10-05T22:51:58.544713Z,2026-10-05T23:26:57.814863Z,2026-10-05T23:26:57.814863Z,,,
2026-10-05T23:24:55Z,football_nfl,32677,2026-10-06T00:15:00Z,player_receptions,fanduel,36104928,Devaughn Vele,espn:4569559,8+ Receptions,,850,9625998689,717.189243942:74112422,milestone,2026-10-05T22:41:01.803992Z,2026-10-05T23:26:57.814863Z,2026-10-05T23:26:57.814863Z,,,
2026-10-05T23:24:55Z,football_nfl,32677,2026-10-06T00:15:00Z,player_receptions,fanduel,36104928,Devaughn Vele,espn:4569559,9+ Receptions,,1280,9625998690,717.189243942:74112419,milestone,2026-10-05T22:51:58.544713Z,2026-10-05T23:26:57.814863Z,2026-10-05T23:26:57.814863Z,,,
2026-10-05T23:24:55Z,football_nfl,32677,2026-10-06T00:15:00Z,player_rush_yds,fanduel,36104928,Kendre Miller,espn:4599739,10+ Rushing Yards,,-600,9625998691,717.189243945:77517163,milestone,2026-10-05T23:19:11.664735Z,2026-10-05T23:26:57.814863Z,2026-10-05T23:26:57.814863Z,,,
2026-10-05T23:24:55Z,football_nfl,32677,2026-10-06T00:15:00Z,player_rush_yds,fanduel,36104928,Kendre Miller,espn:4599739,15+ Rushing Yards,,-320,9625998692,717.189243945:77517160,milestone,2026-10-05T23:19:11.664735Z,2026-10-05T23:26:57.814863Z,2026-10-05T23:26:57.814863Z,,,
2026-10-05T23:24:55Z,football_nfl,32677,2026-10-06T00:15:00Z,player_rush_yds,fanduel,36104928,Kendre Miller,espn:4599739,20+ Rushing Yards,,-210,9625998693,717.189243945:77517165,milestone,2026-10-05T23:19:11.664735Z,2026-10-05T23:26:57.814863Z,2026-10-05T23:26:57.814863Z,,,
2026-10-05T23:24:55Z,football_nfl,32677,2026-10-06T00:15:00Z,player_rush_yds,fanduel,36104928,Kendre Miller,espn:4599739,25+ Rushing Yards,,-140,9625998694,717.189243945:48955642,milestone,2026-10-05T23:19:11.664735Z,2026-10-05T23:26:57.814863Z,2026-10-05T23:26:57.814863Z,,,
2026-10-05T23:24:55Z,football_nfl,32677,2026-10-06T00:15:00Z,player_rush_yds,fanduel,36104928,Kendre Miller,espn:4599739,30+ Rushing Yards,,-102,9625998695,717.189243945:77517167,milestone,2026-10-05T23:19:11.664735Z,2026-10-05T23:26:57.814863Z,2026-10-05T23:26:57.814863Z,,,
2026-10-05T23:24:55Z,football_nfl,32677,2026-10-06T00:15:00Z,player_rush_yds,fanduel,36104928,Kendre Miller,espn:4599739,40+ Rushing Yards,,174,9625998696,717.189243945:48955601,milestone,2026-10-05T23:19:11.664735Z,2026-10-05T23:26:57.814863Z,2026-10-05T23:26:57.814863Z,,,
2026-10-05T23:24:55Z,football_nfl,32677,2026-10-06T00:15:00Z,player_rush_yds,fanduel,36104928,Kendre Miller,espn:4599739,5+ Rushing Yards,,-1800,9625998698,717.189243945:77517161,milestone,2026-10-05T23:19:11.664735Z,2026-10-05T23:26:57.814863Z,2026-10-05T23:26:57.814863Z,,,
2026-10-05T23:24:55Z,football_nfl,32677,2026-10-06T00:15:00Z,player_rush_yds,fanduel,36104928,Kendre Miller,espn:4599739,50+ Rushing Yards,,270,9625998697,717.189243945:48955665,milestone,2026-10-05T23:19:11.664735Z,2026-10-05T23:26:57.814863Z,2026-10-05T23:26:57.814863Z,,,
2026-10-05T23:24:55Z,football_nfl,32677,2026-10-06T00:15:00Z,player_rush_yds,fanduel,36104928,Kendre Miller,espn:4599739,60+ Rushing Yards,,400,9778138937,717.189243945:48955613,milestone,2026-10-05T23:19:11.664735Z,2026-10-05T23:26:57.814863Z,2026-10-05T23:26:57.814863Z,,,
2026-10-05T23:24:55Z,football_nfl,32677,2026-10-06T00:15:00Z,player_rush_yds,fanduel,36104928,Kendre Miller,espn:4599739,70+ Rushing Yards,,580,9790435807,717.189243945:48955653,milestone,2026-10-05T23:19:11.664735Z,2026-10-05T23:26:57.814863Z,2026-10-05T23:26:57.814863Z,,,
2026-10-05T23:24:55Z,football_nfl,32677,2026-10-06T00:15:00Z,player_rush_yds,fanduel,36104928,Kendre Miller,espn:4599739,80+ Rushing Yards,,800,9790435808,717.189243945:48955623,milestone,2026-10-05T23:19:11.664735Z,2026-10-05T23:26:57.814863Z,2026-10-05T23:26:57.814863Z,,,
2026-10-05T23:24:55Z,football_nfl,32677,2026-10-06T00:15:00Z,player_rush_yds,fanduel,36104928,Michael Penix Jr.,espn:4360423,Over,4.5,-113,9679722526,717.189336151:41155937,main,2026-10-05T10:49:04.912375Z,2026-10-05T23:26:57.814863Z,2026-10-05T23:26:57.814863Z,,,
2026-10-05T23:24:55Z,football_nfl,32677,2026-10-06T00:15:00Z,player_rush_yds,fanduel,36104928,Michael Penix Jr.,espn:4360423,Under,4.5,-113,9679722527,717.189336151:41155938,main,2026-10-05T10:49:04.912375Z,2026-10-05T23:26:57.814863Z,2026-10-05T23:26:57.814863Z,,,
2026-10-05T23:24:55Z,football_nfl,32677,2026-10-06T00:15:00Z,player_rush_yds,fanduel,36104928,Tyler Shough,espn:4360689,Over,16.5,-113,9679722528,717.189336143:41066836,main,2026-10-05T00:16:04.101018Z,2026-10-05T23:26:57.814863Z,2026-10-05T23:26:57.814863Z,,,
2026-10-05T23:24:55Z,football_nfl,32677,2026-10-06T00:15:00Z,player_rush_yds,fanduel,36104928,Tyler Shough,espn:4360689,Under,16.5,-113,9679722529,717.189336143:41066844,main,2026-10-05T00:16:04.101018Z,2026-10-05T23:26:57.814863Z,2026-10-05T23:26:57.814863Z,,,
2026-10-05T23:24:55Z,football_nfl,32677,2026-10-06T00:15:00Z,player_rush_yds,fanduel,36104928,Michael Penix Jr.,espn:4360423,10+ Rushing Yards,,188,9682311025,717.189336154:88434734,milestone,2026-10-05T22:56:48.856207Z,2026-10-05T23:26:57.814863Z,2026-10-05T23:26:57.814863Z,,,
2026-10-05T23:24:55Z,football_nfl,32677,2026-10-06T00:15:00Z,player_rush_yds,fanduel,36104928,Michael Penix Jr.,espn:4360423,15+ Rushing Yards,,350,9682311026,717.189336154:88434737,milestone,2026-10-05T22:51:59.769832Z,2026-10-05T23:26:57.814863Z,2026-10-05T23:26:57.814863Z,,,
2026-10-05T23:24:55Z,football_nfl,32677,2026-10-06T00:15:00Z,player_rush_yds,fanduel,36104928,Michael Penix Jr.,espn:4360423,20+ Rushing Yards,,580,9682311027,717.189336154:88434735,milestone,2026-10-05T22:46:41.257093Z,2026-10-05T23:26:57.814863Z,2026-10-05T23:26:57.814863Z,,,
2026-10-05T23:24:55Z,football_nfl,32677,2026-10-06T00:15:00Z,player_rush_yds,fanduel,36104928,Michael Penix Jr.,espn:4360423,25+ Rushing Yards,,880,9682311028,717.189336154:78171428,milestone,2026-10-05T16:29:48.993889Z,2026-10-05T23:26:57.814863Z,2026-10-05T23:26:57.814863Z,,,
2026-10-05T23:24:55Z,football_nfl,32677,2026-10-06T00:15:00Z,player_rush_yds,fanduel,36104928,Michael Penix Jr.,espn:4360423,5+ Rushing Yards,,-114,9682311029,717.189336154:88434736,milestone,2026-10-05T10:49:04.912375Z,2026-10-05T23:26:57.814863Z,2026-10-05T23:26:57.814863Z,,,
2026-10-05T23:24:55Z,football_nfl,32677,2026-10-06T00:15:00Z,player_rush_yds,fanduel,36104928,Tyler Shough,espn:4360689,10+ Rushing Yards,,-300,9682311030,717.189336148:90605777,milestone,2026-10-05T22:51:59.769832Z,2026-10-05T23:26:57.814863Z,2026-10-05T23:26:57.814863Z,,,
2026-10-05T23:24:55Z,football_nfl,32677,2026-10-06T00:15:00Z,player_rush_yds,fanduel,36104928,Tyler Shough,espn:4360689,15+ Rushing Yards,,-148,9682311100,717.189336148:90605769,milestone,2026-10-05T22:42:31.735262Z,2026-10-05T23:26:57.814863Z,2026-10-05T23:26:57.814863Z,,,
2026-10-05T23:24:55Z,football_nfl,32677,2026-10-06T00:15:00Z,player_rush_yds,fanduel,36104928,Tyler Shough,espn:4360689,20+ Rushing Yards,,120,9682311101,717.189336148:90605774,milestone,2026-10-05T22:46:41.257093Z,2026-10-05T23:26:57.814863Z,2026-10-05T23:26:57.814863Z,,,
2026-10-05T23:24:55Z,football_nfl,32677,2026-10-06T00:15:00Z,player_rush_yds,fanduel,36104928,Tyler Shough,espn:4360689,25+ Rushing Yards,,194,9682311102,717.189336148:50452642,milestone,2026-10-05T16:29:48.993889Z,2026-10-05T23:26:57.814863Z,2026-10-05T23:26:57.814863Z,,,
2026-10-05T23:24:55Z,football_nfl,32677,2026-10-06T00:15:00Z,player_rush_yds,fanduel,36104928,Tyler Shough,espn:4360689,30+ Rushing Yards,,300,9682311103,717.189336148:90605770,milestone,2026-10-05T22:50:13.028688Z,2026-10-05T23:26:57.814863Z,2026-10-05T23:26:57.814863Z,,,
2026-10-05T23:24:55Z,football_nfl,32677,2026-10-06T00:15:00Z,player_rush_yds,fanduel,36104928,Tyler Shough,espn:4360689,40+ Rushing Yards,,640,9682311104,717.189336148:50452633,milestone,2026-10-05T23:26:26.730200Z,2026-10-05T23:26:57.814863Z,2026-10-05T23:26:57.814863Z,,,
2026-10-05T23:24:55Z,football_nfl,32677,2026-10-06T00:15:00Z,player_rush_yds,fanduel,36104928,Tyler Shough,espn:4360689,5+ Rushing Yards,,-800,9682311105,717.189336148:90605771,milestone,2026-10-05T23:16:13.745378Z,2026-10-05T23:26:57.814863Z,2026-10-05T23:26:57.814863Z,,,
2026-10-05T23:24:55Z,football_nfl,32677,2026-10-06T00:15:00Z,player_reception_yds,fanduel,36104928,Olamide Zaccheaus,espn:3917914,Over,8.5,-113,9873413486,717.189535565:16552465,main,2026-10-05T17:53:35.026096Z,2026-10-05T23:26:57.814863Z,2026-10-05T23:26:57.814863Z,,,
2026-10-05T23:24:55Z,football_nfl,32677,2026-10-06T00:15:00Z,player_reception_yds,fanduel,36104928,Olamide Zaccheaus,espn:3917914,Under,8.5,-113,9873413487,717.189535565:16552466,main,2026-10-05T17:53:35.026096Z,2026-10-05T23:26:57.814863Z,2026-10-05T23:26:57.814863Z,,,
2026-10-05T23:24:55Z,football_nfl,32677,2026-10-06T00:15:00Z,player_receptions,fanduel,36104928,Olamide Zaccheaus,espn:3917914,Over,1.5,136,9873413488,717.189535557:16552465,main,2026-10-05T17:53:23.253781Z,2026-10-05T23:26:57.814863Z,2026-10-05T23:26:57.814863Z,,,
2026-10-05T23:24:55Z,football_nfl,32677,2026-10-06T00:15:00Z,player_receptions,fanduel,36104928,Olamide Zaccheaus,espn:3917914,Under,1.5,-182,9873413489,717.189535557:16552466,main,2026-10-05T17:53:23.253781Z,2026-10-05T23:26:57.814863Z,2026-10-05T23:26:57.814863Z,,,
2026-10-05T23:24:55Z,football_nfl,32677,2026-10-06T00:15:00Z,player_receptions,fanduel,36104928,Olamide Zaccheaus,espn:3917914,1+ Receptions,,-350,10131066871,717.189535563:64997417,milestone,2026-10-05T18:45:16.857115Z,2026-10-05T23:26:57.814863Z,2026-10-05T23:26:57.814863Z,,,
2026-10-05T23:24:55Z,football_nfl,32677,2026-10-06T00:15:00Z,player_receptions,fanduel,36104928,Olamide Zaccheaus,espn:3917914,2+ Receptions,,134,10131066872,717.189535563:64997421,milestone,2026-10-05T23:08:08.154248Z,2026-10-05T23:26:57.814863Z,2026-10-05T23:26:57.814863Z,,,
2026-10-05T23:24:55Z,football_nfl,32677,2026-10-06T00:15:00Z,player_receptions,fanduel,36104928,Olamide Zaccheaus,espn:3917914,3+ Receptions,,390,10131066873,717.189535563:64997418,milestone,2026-10-05T22:43:25.996707Z,2026-10-05T23:26:57.814863Z,2026-10-05T23:26:57.814863Z,,,
2026-10-05T23:24:55Z,football_nfl,32677,2026-10-06T00:15:00Z,player_receptions,fanduel,36104928,Olamide Zaccheaus,espn:3917914,4+ Receptions,,920,10131066874,717.189535563:64997428,milestone,2026-10-05T17:56:18.645248Z,2026-10-05T23:26:57.814863Z,2026-10-05T23:26:57.814863Z,,,
2026-10-05T23:24:55Z,football_nfl,32677,2026-10-06T00:15:00Z,player_reception_yds,fanduel,36104928,Olamide Zaccheaus,espn:3917914,10+ Receiving Yards,,100,10853887803,717.189535562:73619308,milestone,2026-10-05T23:26:26.730200Z,2026-10-05T23:26:57.814863Z,2026-10-05T23:26:57.814863Z,,,
2026-10-05T23:24:55Z,football_nfl,32677,2026-10-06T00:15:00Z,player_reception_yds,fanduel,36104928,Olamide Zaccheaus,espn:3917914,15+ Receiving Yards,,172,10853887804,717.189535562:73619382,milestone,2026-10-05T23:19:11.664735Z,2026-10-05T23:26:57.814863Z,2026-10-05T23:26:57.814863Z,,,
2026-10-05T23:24:55Z,football_nfl,32677,2026-10-06T00:15:00Z,player_reception_yds,fanduel,36104928,Olamide Zaccheaus,espn:3917914,20+ Receiving Yards,,270,10853887805,717.189535562:73619298,milestone,2026-10-05T22:56:48.856207Z,2026-10-05T23:26:57.814863Z,2026-10-05T23:26:57.814863Z,,,
2026-10-05T23:24:55Z,football_nfl,32677,2026-10-06T00:15:00Z,player_reception_yds,fanduel,36104928,Olamide Zaccheaus,espn:3917914,25+ Receiving Yards,,400,10853887806,717.189535562:41075672,milestone,2026-10-05T23:26:26.730200Z,2026-10-05T23:26:57.814863Z,2026-10-05T23:26:57.814863Z,,,
2026-10-05T23:24:55Z,football_nfl,32677,2026-10-06T00:15:00Z,player_reception_yds,fanduel,36104928,Olamide Zaccheaus,espn:3917914,30+ Receiving Yards,,580,10853887807,717.189535562:73619333,milestone,2026-10-05T23:26:26.730200Z,2026-10-05T23:26:57.814863Z,2026-10-05T23:26:57.814863Z,,,
2026-10-05T23:24:55Z,football_nfl,32677,2026-10-06T00:15:00Z,player_reception_yds,fanduel,36104928,Olamide Zaccheaus,espn:3917914,40+ Receiving Yards,,920,10957264214,717.189535562:41075671,milestone,2026-10-05T17:56:18.645248Z,2026-10-05T23:26:57.814863Z,2026-10-05T23:26:57.814863Z,,,
2026-10-05T23:24:55Z,football_nfl,32677,2026-10-06T00:15:00Z,player_reception_yds,fanduel,36104928,Olamide Zaccheaus,espn:3917914,5+ Receiving Yards,,-210,10853887808,717.189535562:73619363,milestone,2026-10-05T23:26:26.730200Z,2026-10-05T23:26:57.814863Z,2026-10-05T23:26:57.814863Z,,,
2026-10-05T23:24:55Z,football_nfl,32677,2026-10-06T00:15:00Z,player_reception_yds,fanduel,36104928,Zachariah Branch,espn:4870612,10+ Receiving Yards,,134,10876588091,717.190141628:103580878,milestone,2026-10-05T23:26:26.730200Z,2026-10-05T23:26:57.814863Z,2026-10-05T23:26:57.814863Z,,,
2026-10-05T23:24:55Z,football_nfl,32677,2026-10-06T00:15:00Z,player_reception_yds,fanduel,36104928,Zachariah Branch,espn:4870612,15+ Receiving Yards,,198,10876588092,717.190141628:103580852,milestone,2026-10-05T23:26:26.730200Z,2026-10-05T23:26:57.814863Z,2026-10-05T23:26:57.814863Z,,,
2026-10-05T23:24:55Z,football_nfl,32677,2026-10-06T00:15:00Z,player_reception_yds,fanduel,36104928,Zachariah Branch,espn:4870612,20+ Receiving Yards,,280,10876588093,717.190141628:103580849,milestone,2026-10-05T23:26:26.730200Z,2026-10-05T23:26:57.814863Z,2026-10-05T23:26:57.814863Z,,,
2026-10-05T23:24:55Z,football_nfl,32677,2026-10-06T00:15:00Z,player_reception_yds,fanduel,36104928,Zachariah Branch,espn:4870612,25+ Receiving Yards,,390,10876588094,717.190141628:103580858,milestone,2026-10-05T23:26:26.730200Z,2026-10-05T23:26:57.814863Z,2026-10-05T23:26:57.814863Z,,,
2026-10-05T23:24:55Z,football_nfl,32677,2026-10-06T00:15:00Z,player_reception_yds,fanduel,36104928,Zachariah Branch,espn:4870612,30+ Receiving Yards,,490,10876588095,717.190141628:103580854,milestone,2026-10-05T23:26:26.730200Z,2026-10-05T23:26:57.814863Z,2026-10-05T23:26:57.814863Z,,,
2026-10-05T23:24:55Z,football_nfl,32677,2026-10-06T00:15:00Z,player_reception_yds,fanduel,36104928,Zachariah Branch,espn:4870612,40+ Receiving Yards,,800,10930344261,717.190141628:103580876,milestone,2026-10-05T23:26:26.730200Z,2026-10-05T23:26:57.814863Z,2026-10-05T23:26:57.814863Z,,,
2026-10-05T23:24:55Z,football_nfl,32677,2026-10-06T00:15:00Z,player_reception_yds,fanduel,36104928,Zachariah Branch,espn:4870612,5+ Receiving Yards,,-128,10876588096,717.190141628:103580865,milestone,2026-10-05T23:26:26.730200Z,2026-10-05T23:26:57.814863Z,2026-10-05T23:26:57.814863Z,,,
2026-10-05T23:24:55Z,football_nfl,32677,2026-10-06T00:15:00Z,player_reception_yds,fanduel,36104928,Zachariah Branch,espn:4870612,Over,5.5,-113,10876588097,717.190141629:103580838,main,2026-10-05T23:26:26.730200Z,2026-10-05T23:26:57.814863Z,2026-10-05T23:26:57.814863Z,,,
2026-10-05T23:24:55Z,football_nfl,32677,2026-10-06T00:15:00Z,player_reception_yds,fanduel,36104928,Zachariah Branch,espn:4870612,Under,5.5,-113,10876588098,717.190141629:103580859,main,2026-10-05T23:26:26.730200Z,2026-10-05T23:26:57.814863Z,2026-10-05T23:26:57.814863Z,,,
2026-10-05T23:24:55Z,football_nfl,32677,2026-10-06T00:15:00Z,player_receptions,fanduel,36104928,Zachariah Branch,espn:4870612,1+ Receptions,,-168,10876588099,717.190141627:103580857,milestone,2026-10-05T23:26:26.730200Z,2026-10-05T23:26:57.814863Z,2026-10-05T23:26:57.814863Z,,,
2026-10-05T23:24:55Z,football_nfl,32677,2026-10-06T00:15:00Z,player_receptions,fanduel,36104928,Zachariah Branch,espn:4870612,2+ Receptions,,230,10876588100,717.190141627:103580843,milestone,2026-10-05T23:26:26.730200Z,2026-10-05T23:26:57.814863Z,2026-10-05T23:26:57.814863Z,,,
2026-10-05T23:24:55Z,football_nfl,32677,2026-10-06T00:15:00Z,player_receptions,fanduel,36104928,Zachariah Branch,espn:4870612,3+ Receptions,,580,10876588101,717.190141627:103580873,milestone,2026-10-05T23:26:26.730200Z,2026-10-05T23:26:57.814863Z,2026-10-05T23:26:57.814863Z,,,
2026-10-05T23:24:55Z,football_nfl,32677,2026-10-06T00:15:00Z,player_receptions,fanduel,36104928,Zachariah Branch,espn:4870612,Over,0.5,-166,10876588102,717.190141626:103580838,main,2026-10-05T23:26:26.730200Z,2026-10-05T23:26:57.814863Z,2026-10-05T23:26:57.814863Z,,,
2026-10-05T23:24:55Z,football_nfl,32677,2026-10-06T00:15:00Z,player_receptions,fanduel,36104928,Zachariah Branch,espn:4870612,Under,0.5,124,10876588103,717.190141626:103580859,main,2026-10-05T23:26:26.730200Z,2026-10-05T23:26:57.814863Z,2026-10-05T23:26:57.814863Z,,,
2026-10-05T23:24:55Z,football_nfl,32677,2026-10-06T00:15:00Z,player_reception_yds,fanduel,36104928,Bryce Lance,espn:4879276,10+ Receiving Yards,,-192,10877742439,717.190142998:103013165,milestone,2026-10-05T22:56:48.856207Z,2026-10-05T23:26:57.814863Z,2026-10-05T23:26:57.814863Z,,,
2026-10-05T23:24:55Z,football_nfl,32677,2026-10-06T00:15:00Z,player_reception_yds,fanduel,36104928,Bryce Lance,espn:4879276,15+ Receiving Yards,,-125,10877742440,717.190142998:103013164,milestone,2026-10-05T23:26:26.730200Z,2026-10-05T23:26:57.814863Z,2026-10-05T23:26:57.814863Z,,,
2026-10-05T23:24:55Z,football_nfl,32677,2026-10-06T00:15:00Z,player_reception_yds,fanduel,36104928,Bryce Lance,espn:4879276,20+ Receiving Yards,,116,10877742441,717.190142998:103013158,milestone,2026-10-05T22:51:59.769832Z,2026-10-05T23:26:57.814863Z,2026-10-05T23:26:57.814863Z,,,
2026-10-05T23:24:55Z,football_nfl,32677,2026-10-06T00:15:00Z,player_reception_yds,fanduel,36104928,Bryce Lance,espn:4879276,25+ Receiving Yards,,162,10877742442,717.190142998:103013162,milestone,2026-10-05T22:45:53.584624Z,2026-10-05T23:26:57.814863Z,2026-10-05T23:26:57.814863Z,,,
2026-10-05T23:24:55Z,football_nfl,32677,2026-10-06T00:15:00Z,player_reception_yds,fanduel,36104928,Bryce Lance,espn:4879276,30+ Receiving Yards,,205,10877742443,717.190142998:103013169,milestone,2026-10-05T22:51:59.769832Z,2026-10-05T23:26:57.814863Z,2026-10-05T23:26:57.814863Z,,,
2026-10-05T23:24:55Z,football_nfl,32677,2026-10-06T00:15:00Z,player_reception_yds,fanduel,36104928,Bryce Lance,espn:4879276,40+ Receiving Yards,,350,10877742444,717.190142998:103013171,milestone,2026-10-05T23:18:10.435329Z,2026-10-05T23:26:57.814863Z,2026-10-05T23:26:57.814863Z,,,
2026-10-05T23:24:55Z,football_nfl,32677,2026-10-06T00:15:00Z,player_reception_yds,fanduel,36104928,Bryce Lance,espn:4879276,5+ Receiving Yards,,-320,10877742446,717.190142998:103013178,milestone,2026-10-05T22:41:01.803992Z,2026-10-05T23:26:57.814863Z,2026-10-05T23:26:57.814863Z,,,
2026-10-05T23:24:55Z,football_nfl,32677,2026-10-06T00:15:00Z,player_reception_yds,fanduel,36104928,Bryce Lance,espn:4879276,50+ Receiving Yards,,520,10877742445,717.190142998:103013177,milestone,2026-10-05T22:51:59.769832Z,2026-10-05T23:26:57.814863Z,2026-10-05T23:26:57.814863Z,,,
2026-10-05T23:24:55Z,football_nfl,32677,2026-10-06T00:15:00Z,player_reception_yds,fanduel,36104928,Bryce Lance,espn:4879276,60+ Receiving Yards,,750,10887188926,717.190142998:103013183,milestone,2026-10-05T22:46:41.257093Z,2026-10-05T23:26:57.814863Z,2026-10-05T23:26:57.814863Z,,,
2026-10-05T23:24:55Z,football_nfl,32677,2026-10-06T00:15:00Z,player_reception_yds,fanduel,36104928,Bryce Lance,espn:4879276,Over,15.5,-113,10877742447,717.190142984:103013163,main,2026-10-05T22:29:30.199458Z,2026-10-05T23:26:57.814863Z,2026-10-05T23:26:57.814863Z,,,
2026-10-05T23:24:55Z,football_nfl,32677,2026-10-06T00:15:00Z,player_reception_yds,fanduel,36104928,Bryce Lance,espn:4879276,Under,15.5,-113,10877742448,717.190142984:103013166,main,2026-10-05T22:29:30.199458Z,2026-10-05T23:26:57.814863Z,2026-10-05T23:26:57.814863Z,,,
2026-10-05T23:24:55Z,football_nfl,32677,2026-10-06T00:15:00Z,player_receptions,fanduel,36104928,Bryce Lance,espn:4879276,1+ Receptions,,-400,10877742449,717.190142995:103013188,milestone,2026-10-05T22:29:30.199458Z,2026-10-05T23:26:57.814863Z,2026-10-05T23:26:57.814863Z,,,
2026-10-05T23:24:55Z,football_nfl,32677,2026-10-06T00:15:00Z,player_receptions,fanduel,36104928,Bryce Lance,espn:4879276,2+ Receptions,,118,10877742450,717.190142995:103013192,milestone,2026-10-05T22:56:48.856207Z,2026-10-05T23:26:57.814863Z,2026-10-05T23:26:57.814863Z,,,
2026-10-05T23:24:55Z,football_nfl,32677,2026-10-06T00:15:00Z,player_receptions,fanduel,36104928,Bryce Lance,espn:4879276,3+ Receptions,,350,10877742451,717.190142995:103013187,milestone,2026-10-05T22:45:52.685727Z,2026-10-05T23:26:57.814863Z,2026-10-05T23:26:57.814863Z,,,
2026-10-05T23:24:55Z,football_nfl,32677,2026-10-06T00:15:00Z,player_receptions,fanduel,36104928,Bryce Lance,espn:4879276,4+ Receptions,,850,10877742452,717.190142995:103013198,milestone,2026-10-05T22:43:25.996707Z,2026-10-05T23:26:57.814863Z,2026-10-05T23:26:57.814863Z,,,
2026-10-05T23:24:55Z,football_nfl,32677,2026-10-06T00:15:00Z,player_receptions,fanduel,36104928,Bryce Lance,espn:4879276,Over,1.5,118,10877742453,717.190142989:103013163,main,2026-10-05T22:29:30.199458Z,2026-10-05T23:26:57.814863Z,2026-10-05T23:26:57.814863Z,,,
2026-10-05T23:24:55Z,football_nfl,32677,2026-10-06T00:15:00Z,player_receptions,fanduel,36104928,Bryce Lance,espn:4879276,Under,1.5,-158,10877742454,717.190142989:103013166,main,2026-10-05T22:29:30.199458Z,2026-10-05T23:26:57.814863Z,2026-10-05T23:26:57.814863Z,,,
2026-10-05T23:24:55Z,football_nfl,32677,2026-10-06T00:15:00Z,player_reception_yds,fanduel,36104928,Kendre Miller,espn:4599739,Over,5.5,-113,11014843913,717.190233704:48093066,main,2026-10-05T22:56:48.856207Z,2026-10-05T23:26:57.814863Z,2026-10-05T23:26:57.814863Z,,,
2026-10-05T23:24:55Z,football_nfl,32677,2026-10-06T00:15:00Z,player_reception_yds,fanduel,36104928,Kendre Miller,espn:4599739,Under,5.5,-113,11014843914,717.190233704:48093067,main,2026-10-05T22:56:48.856207Z,2026-10-05T23:26:57.814863Z,2026-10-05T23:26:57.814863Z,,,
2026-10-05T23:24:55Z,football_nfl,32677,2026-10-06T00:15:00Z,player_receptions,fanduel,36104928,Kendre Miller,espn:4599739,Over,0.5,-275,11014843915,717.190233699:48093066,main,2026-10-05T23:18:10.435329Z,2026-10-05T23:26:57.814863Z,2026-10-05T23:26:57.814863Z,,,
2026-10-05T23:24:55Z,football_nfl,32677,2026-10-06T00:15:00Z,player_receptions,fanduel,36104928,Kendre Miller,espn:4599739,Under,0.5,198,11014843916,717.190233699:48093067,main,2026-10-05T23:18:10.435329Z,2026-10-05T23:26:57.814863Z,2026-10-05T23:26:57.814863Z,,,
2026-10-05T23:24:55Z,football_nfl,32677,2026-10-06T00:15:00Z,player_reception_yds,fanduel,36104928,Kendre Miller,espn:4599739,10+ Receiving Yards,,158,11015288622,717.190233702:77517163,milestone,2026-10-05T22:56:48.856207Z,2026-10-05T23:26:57.814863Z,2026-10-05T23:26:57.814863Z,,,
2026-10-05T23:24:55Z,football_nfl,32677,2026-10-06T00:15:00Z,player_reception_yds,fanduel,36104928,Kendre Miller,espn:4599739,15+ Receiving Yards,,270,11015288623,717.190233702:77517160,milestone,2026-10-05T22:56:48.856207Z,2026-10-05T23:26:57.814863Z,2026-10-05T23:26:57.814863Z,,,
2026-10-05T23:24:55Z,football_nfl,32677,2026-10-06T00:15:00Z,player_reception_yds,fanduel,36104928,Kendre Miller,espn:4599739,20+ Receiving Yards,,410,11015288624,717.190233702:77517165,milestone,2026-10-05T23:16:13.745378Z,2026-10-05T23:26:57.814863Z,2026-10-05T23:26:57.814863Z,,,
2026-10-05T23:24:55Z,football_nfl,32677,2026-10-06T00:15:00Z,player_reception_yds,fanduel,36104928,Kendre Miller,espn:4599739,25+ Receiving Yards,,630,11015288625,717.190233702:48955642,milestone,2026-10-05T22:56:48.856207Z,2026-10-05T23:26:57.814863Z,2026-10-05T23:26:57.814863Z,,,
2026-10-05T23:24:55Z,football_nfl,32677,2026-10-06T00:15:00Z,player_reception_yds,fanduel,36104928,Kendre Miller,espn:4599739,30+ Receiving Yards,,880,11018013288,717.190233702:77517167,milestone,2026-10-05T23:18:09.543191Z,2026-10-05T23:26:57.814863Z,2026-10-05T23:26:57.814863Z,,,
2026-10-05T23:24:55Z,football_nfl,32677,2026-10-06T00:15:00Z,player_reception_yds,fanduel,36104928,Kendre Miller,espn:4599739,5+ Receiving Yards,,-136,11015288626,717.190233702:77517161,milestone,2026-10-05T22:56:48.856207Z,2026-10-05T23:26:57.814863Z,2026-10-05T23:26:57.814863Z,,,
2026-10-05T23:24:55Z,football_nfl,32677,2026-10-06T00:15:00Z,player_receptions,fanduel,36104928,Kendre Miller,espn:4599739,1+ Receptions,,-270,11015288628,717.190233703:78199783,milestone,2026-10-05T23:18:09.543191Z,2026-10-05T23:26:57.814863Z,2026-10-05T23:26:57.814863Z,,,
2026-10-05T23:24:55Z,football_nfl,32677,2026-10-06T00:15:00Z,player_receptions,fanduel,36104928,Kendre Miller,espn:4599739,2+ Receptions,,162,11015288629,717.190233703:78199782,milestone,2026-10-05T23:26:26.730200Z,2026-10-05T23:26:57.814863Z,2026-10-05T23:26:57.814863Z,,,
2026-10-05T23:24:55Z,football_nfl,32677,2026-10-06T00:15:00Z,player_receptions,fanduel,36104928,Kendre Miller,espn:4599739,3+ Receptions,,410,11015288641,717.190233703:78199769,milestone,2026-10-05T23:18:09.543191Z,2026-10-05T23:26:57.814863Z,2026-10-05T23:26:57.814863Z,,,
2026-10-05T23:24:55Z,football_nfl,32677,2026-10-06T00:15:00Z,player_receptions,fanduel,36104928,Kendre Miller,espn:4599739,4+ Receptions,,920,11018013293,717.190233703:78199774,milestone,2026-10-05T22:59:18.884291Z,2026-10-05T23:26:57.814863Z,2026-10-05T23:26:57.814863Z,,,
2026-10-05T23:24:55Z,football_nfl,32677,2026-10-06T00:15:00Z,player_pass_yds,hardrock,3637145959005290894,Tyler Shough,espn:4360689,200+ Passing Yards,,-750,9760831951,4476558000944972186,milestone,2026-10-05T23:25:05.221509Z,2026-10-05T23:26:15.388692Z,2026-10-05T23:26:15.388692Z,,,
2026-10-05T23:24:55Z,football_nfl,32677,2026-10-06T00:15:00Z,player_pass_yds,hardrock,3637145959005290894,Tyler Shough,espn:4360689,225+ Passing Yards,,-325,9760831952,5435824721574887835,milestone,2026-10-05T20:11:54.272755Z,2026-10-05T23:26:15.388692Z,2026-10-05T23:26:15.388692Z,,,
2026-10-05T23:24:55Z,football_nfl,32677,2026-10-06T00:15:00Z,player_pass_yds,hardrock,3637145959005290894,Tyler Shough,espn:4360689,250+ Passing Yards,,-165,9760831953,3706442464664617374,milestone,2026-10-05T22:00:44.938202Z,2026-10-05T23:26:15.388692Z,2026-10-05T23:26:15.388692Z,,,
2026-10-05T23:24:55Z,football_nfl,32677,2026-10-06T00:15:00Z,player_pass_yds,hardrock,3637145959005290894,Tyler Shough,espn:4360689,275+ Passing Yards,,115,9760831954,5003479157347320223,milestone,2026-10-05T20:11:54.272755Z,2026-10-05T23:26:15.388692Z,2026-10-05T23:26:15.388692Z,,,
2026-10-05T23:24:55Z,football_nfl,32677,2026-10-06T00:15:00Z,player_pass_yds,hardrock,3637145959005290894,Tyler Shough,espn:4360689,300+ Passing Yards,,210,9760831955,9016186425334432158,milestone,2026-10-05T15:06:51.187269Z,2026-10-05T23:26:15.388692Z,2026-10-05T23:26:15.388692Z,,,
2026-10-05T23:24:55Z,football_nfl,32677,2026-10-06T00:15:00Z,player_pass_yds,hardrock,3637145959005290894,Tyler Shough,espn:4360689,325+ Passing Yards,,350,9760831956,1702340630484746652,milestone,2026-10-05T20:11:54.272755Z,2026-10-05T23:26:15.388692Z,2026-10-05T23:26:15.388692Z,,,
2026-10-05T23:24:55Z,football_nfl,32677,2026-10-06T00:15:00Z,player_pass_tds,hardrock,3637145959005290894,Michael Penix Jr.,espn:4360423,Over,1.5,110,9623256799,3189481646659338650,main,2026-10-04T08:36:41.321103Z,2026-10-05T23:26:15.388692Z,2026-10-05T23:26:15.388692Z,,,
2026-10-05T23:24:55Z,football_nfl,32677,2026-10-06T00:15:00Z,player_pass_tds,hardrock,3637145959005290894,Michael Penix Jr.,espn:4360423,Under,1.5,-140,9623256800,14443909363138970,main,2026-10-05T14:38:50.431457Z,2026-10-05T23:26:15.388692Z,2026-10-05T23:26:15.388692Z,,,
2026-10-05T23:24:55Z,football_nfl,32677,2026-10-06T00:15:00Z,player_pass_tds,hardrock,3637145959005290894,Tyler Shough,espn:4360689,Over,1.5,-140,9623256801,1109227637139702168,main,2026-10-05T16:23:38.225892Z,2026-10-05T23:26:15.388692Z,2026-10-05T23:26:15.388692Z,,,
2026-10-05T23:24:55Z,football_nfl,32677,2026-10-06T00:15:00Z,player_pass_tds,hardrock,3637145959005290894,Tyler Shough,espn:4360689,Under,1.5,110,9623256802,2057235358701191576,main,2026-10-05T18:43:52.014493Z,2026-10-05T23:26:15.388692Z,2026-10-05T23:26:15.388692Z,,,
2026-10-05T23:24:55Z,football_nfl,32677,2026-10-06T00:15:00Z,player_pass_yds,hardrock,3637145959005290894,Michael Penix Jr.,espn:4360423,175+ Passing Yards,,-550,9760831961,7183100001218855341,milestone,2026-10-05T16:18:27.057507Z,2026-10-05T23:26:15.388692Z,2026-10-05T23:26:15.388692Z,,,
2026-10-05T23:24:55Z,football_nfl,32677,2026-10-06T00:15:00Z,player_pass_yds,hardrock,3637145959005290894,Michael Penix Jr.,espn:4360423,200+ Passing Yards,,-250,9760831962,5417688947289620901,milestone,2026-10-05T22:00:44.938202Z,2026-10-05T23:26:15.388692Z,2026-10-05T23:26:15.388692Z,,,
2026-10-05T23:24:55Z,football_nfl,32677,2026-10-06T00:15:00Z,player_pass_yds,hardrock,3637145959005290894,Michael Penix Jr.,espn:4360423,225+ Passing Yards,,-125,9760831963,7912683140852875680,milestone,2026-10-05T20:06:03.991733Z,2026-10-05T23:26:15.388692Z,2026-10-05T23:26:15.388692Z,,,
2026-10-05T23:24:55Z,football_nfl,32677,2026-10-06T00:15:00Z,player_pass_yds,hardrock,3637145959005290894,Michael Penix Jr.,espn:4360423,250+ Passing Yards,,145,9760831964,8696309476015341987,milestone,2026-10-05T22:00:44.938202Z,2026-10-05T23:26:15.388692Z,2026-10-05T23:26:15.388692Z,,,
2026-10-05T23:24:55Z,football_nfl,32677,2026-10-06T00:15:00Z,player_pass_yds,hardrock,3637145959005290894,Michael Penix Jr.,espn:4360423,275+ Passing Yards,,260,9760831965,2553399584281985450,milestone,2026-10-05T20:06:03.991733Z,2026-10-05T23:26:15.388692Z,2026-10-05T23:26:15.388692Z,,,
2026-10-05T23:24:55Z,football_nfl,32677,2026-10-06T00:15:00Z,player_pass_yds,hardrock,3637145959005290894,Michael Penix Jr.,espn:4360423,300+ Passing Yards,,450,9760831966,3057802742547480987,milestone,2026-10-05T20:06:03.991733Z,2026-10-05T23:26:15.388692Z,2026-10-05T23:26:15.388692Z,,,
2026-10-05T23:24:55Z,football_nfl,32677,2026-10-06T00:15:00Z,player_pass_yds,hardrock,3637145959005290894,Michael Penix Jr.,espn:4360423,325+ Passing Yards,,750,9760831967,3039788344037998997,milestone,2026-10-05T21:15:36.670793Z,2026-10-05T23:26:15.388692Z,2026-10-05T23:26:15.388692Z,,,
2026-10-05T23:24:55Z,football_nfl,32677,2026-10-06T00:15:00Z,player_reception_yds,hardrock,3637145959005290894,Alvin Kamara,espn:3054850,25+ Receiving Yards,,155,9760832044,1461731941178016134,milestone,2026-10-05T22:49:21.484505Z,2026-10-05T23:26:15.388692Z,2026-10-05T23:26:15.388692Z,,,
2026-10-05T23:24:55Z,football_nfl,32677,2026-10-06T00:15:00Z,player_reception_yds,hardrock,3637145959005290894,Alvin Kamara,espn:3054850,40+ Receiving Yards,,375,9760832045,7891183359202820489,milestone,2026-10-05T17:08:37.706682Z,2026-10-05T23:26:15.388692Z,2026-10-05T23:26:15.388692Z,,,
2026-10-05T23:24:55Z,football_nfl,32677,2026-10-06T00:15:00Z,player_reception_yds,hardrock,3637145959005290894,Alvin Kamara,espn:3054850,50+ Receiving Yards,,600,9760832046,9063808112179413426,milestone,2026-10-05T18:23:52.273034Z,2026-10-05T23:26:15.388692Z,2026-10-05T23:26:15.388692Z,,,
2026-10-05T23:24:55Z,football_nfl,32677,2026-10-06T00:15:00Z,player_reception_yds,hardrock,3637145959005290894,Alvin Kamara,espn:3054850,65+ Receiving Yards,,1300,9760832047,11572861164716425,milestone,2026-10-05T17:08:37.706682Z,2026-10-05T23:26:15.388692Z,2026-10-05T23:26:15.388692Z,,,
2026-10-05T23:24:55Z,football_nfl,32677,2026-10-06T00:15:00Z,player_reception_yds,hardrock,3637145959005290894,Alvin Kamara,espn:3054850,80+ Receiving Yards,,3000,9760832048,2722739836841755015,milestone,2026-10-02T10:10:14.902204Z,2026-10-05T23:26:15.388692Z,2026-10-05T23:26:15.388692Z,,,
2026-10-05T23:24:55Z,football_nfl,32677,2026-10-06T00:15:00Z,player_reception_yds,hardrock,3637145959005290894,Austin Hooper,espn:3043275,25+ Receiving Yards,,450,9760832049,5316165163181801898,milestone,2026-10-05T21:36:41.722924Z,2026-10-05T23:26:15.388692Z,2026-10-05T23:26:15.388692Z,,,
2026-10-05T23:24:55Z,football_nfl,32677,2026-10-06T00:15:00Z,player_reception_yds,hardrock,3637145959005290894,Austin Hooper,espn:3043275,40+ Receiving Yards,,1200,9760832050,2250902666802758058,milestone,2026-10-05T20:17:48.938408Z,2026-10-05T23:26:15.388692Z,2026-10-05T23:26:15.388692Z,,,
2026-10-05T23:24:55Z,football_nfl,32677,2026-10-06T00:15:00Z,player_reception_yds,hardrock,3637145959005290894,Austin Hooper,espn:3043275,50+ Receiving Yards,,2500,9760832051,1350182741328658858,milestone,2026-10-05T22:13:57.418649Z,2026-10-05T23:26:15.388692Z,2026-10-05T23:26:15.388692Z,,,
2026-10-05T23:24:55Z,football_nfl,32677,2026-10-06T00:15:00Z,player_reception_yds,hardrock,3637145959005290894,Jahan Dotson,espn:4361409,25+ Receiving Yards,,120,9760832053,3966656923763343750,milestone,2026-10-05T21:13:32.944875Z,2026-10-05T23:26:15.388692Z,2026-10-05T23:26:15.388692Z,,,
2026-10-05T23:24:55Z,football_nfl,32677,2026-10-06T00:15:00Z,player_reception_yds,hardrock,3637145959005290894,Jahan Dotson,espn:4361409,40+ Receiving Yards,,275,9760832054,2462454648221598089,milestone,2026-10-05T22:13:57.418649Z,2026-10-05T23:26:15.388692Z,2026-10-05T23:26:15.388692Z,,,
2026-10-05T23:24:55Z,football_nfl,32677,2026-10-06T00:15:00Z,player_reception_yds,hardrock,3637145959005290894,Jahan Dotson,espn:4361409,50+ Receiving Yards,,450,9760832055,1867979497408692619,milestone,2026-10-05T13:32:12.857553Z,2026-10-05T23:26:15.388692Z,2026-10-05T23:26:15.388692Z,,,
2026-10-05T23:24:55Z,football_nfl,32677,2026-10-06T00:15:00Z,player_reception_yds,hardrock,3637145959005290894,Jahan Dotson,espn:4361409,65+ Receiving Yards,,850,9760832056,6533708711364526471,milestone,2026-10-05T20:28:04.994879Z,2026-10-05T23:26:15.388692Z,2026-10-05T23:26:15.388692Z,,,
2026-10-05T23:24:55Z,football_nfl,32677,2026-10-06T00:15:00Z,player_reception_yds,hardrock,3637145959005290894,Jahan Dotson,espn:4361409,80+ Receiving Yards,,1750,9760832057,6092355947882217906,milestone,2026-10-05T08:45:19.211242Z,2026-10-05T23:26:15.388692Z,2026-10-05T23:26:15.388692Z,,,
2026-10-05T23:24:55Z,football_nfl,32677,2026-10-06T00:15:00Z,player_reception_yds,hardrock,3637145959005290894,Kyle Pitts Sr.,espn:4360248,100+ Receiving Yards,,1750,9760832058,8297604638270685618,milestone,2026-10-05T22:55:42.837395Z,2026-10-05T23:26:15.388692Z,2026-10-05T23:26:15.388692Z,,,
2026-10-05T23:24:55Z,football_nfl,32677,2026-10-06T00:15:00Z,player_reception_yds,hardrock,3637145959005290894,Kyle Pitts Sr.,espn:4360248,25+ Receiving Yards,,-195,9760832059,3559817830276923825,milestone,2026-10-05T22:45:06.652622Z,2026-10-05T23:26:15.388692Z,2026-10-05T23:26:15.388692Z,,,
2026-10-05T23:24:55Z,football_nfl,32677,2026-10-06T00:15:00Z,player_reception_yds,hardrock,3637145959005290894,Kyle Pitts Sr.,espn:4360248,40+ Receiving Yards,,130,9760832060,2141183947655217545,milestone,2026-10-05T22:45:06.652622Z,2026-10-05T23:26:15.388692Z,2026-10-05T23:26:15.388692Z,,,
2026-10-05T23:24:55Z,football_nfl,32677,2026-10-06T00:15:00Z,player_reception_yds,hardrock,3637145959005290894,Kyle Pitts Sr.,espn:4360248,50+ Receiving Yards,,210,9760832061,4082235387051901318,milestone,2026-10-05T23:19:18.708800Z,2026-10-05T23:26:15.388692Z,2026-10-05T23:26:15.388692Z,,,
2026-10-05T23:24:55Z,football_nfl,32677,2026-10-06T00:15:00Z,player_reception_yds,hardrock,3637145959005290894,Kyle Pitts Sr.,espn:4360248,65+ Receiving Yards,,425,9760832062,1416104407648567730,milestone,2026-10-05T20:28:04.994879Z,2026-10-05T23:26:15.388692Z,2026-10-05T23:26:15.388692Z,,,
2026-10-05T23:24:55Z,football_nfl,32677,2026-10-06T00:15:00Z,player_reception_yds,hardrock,3637145959005290894,Kyle Pitts Sr.,espn:4360248,80+ Receiving Yards,,750,9760832063,8874065390574109067,milestone,2026-10-05T23:10:18.558528Z,2026-10-05T23:26:15.388692Z,2026-10-05T23:26:15.388692Z,,,
2026-10-05T23:24:55Z,football_nfl,32677,2026-10-06T00:15:00Z,player_receptions,hardrock,3637145959005290894,Bijan Robinson,espn:4430807,10+ Receptions,,2500,9760832068,2031915134921867684,milestone,2026-10-05T18:19:41.950332Z,2026-10-05T23:26:15.388692Z,2026-10-05T23:26:15.388692Z,,,
2026-10-05T23:24:55Z,football_nfl,32677,2026-10-06T00:15:00Z,player_receptions,hardrock,3637145959005290894,Bijan Robinson,espn:4430807,3+ Receptions,,-525,9760832069,4234175352706040234,milestone,2026-10-05T19:09:24.584156Z,2026-10-05T23:26:15.388692Z,2026-10-05T23:26:15.388692Z,,,
2026-10-05T23:24:55Z,football_nfl,32677,2026-10-06T00:15:00Z,player_receptions,hardrock,3637145959005290894,Bijan Robinson,espn:4430807,4+ Receptions,,-200,9760832070,7553328278078095791,milestone,2026-10-05T18:34:34.752242Z,2026-10-05T23:26:15.388692Z,2026-10-05T23:26:15.388692Z,,,
2026-10-05T23:24:55Z,football_nfl,32677,2026-10-06T00:15:00Z,player_receptions,hardrock,3637145959005290894,Bijan Robinson,espn:4430807,5+ Receptions,,110,9760832071,1706530061844349354,milestone,2026-10-05T19:09:24.584156Z,2026-10-05T23:26:15.388692Z,2026-10-05T23:26:15.388692Z,,,
2026-10-05T23:24:55Z,football_nfl,32677,2026-10-06T00:15:00Z,player_receptions,hardrock,3637145959005290894,Bijan Robinson,espn:4430807,6+ Receptions,,210,9760832072,3327825927697727914,milestone,2026-10-05T19:09:24.584156Z,2026-10-05T23:26:15.388692Z,2026-10-05T23:26:15.388692Z,,,
2026-10-05T23:24:55Z,football_nfl,32677,2026-10-06T00:15:00Z,player_receptions,hardrock,3637145959005290894,Bijan Robinson,espn:4430807,7+ Receptions,,400,9760832073,6994881924284154282,milestone,2026-10-05T22:53:03.185022Z,2026-10-05T23:26:15.388692Z,2026-10-05T23:26:15.388692Z,,,
2026-10-05T23:24:55Z,football_nfl,32677,2026-10-06T00:15:00Z,player_receptions,hardrock,3637145959005290894,Bijan Robinson,espn:4430807,8+ Receptions,,700,9760832074,626792051182272932,milestone,2026-10-05T22:53:03.185022Z,2026-10-05T23:26:15.388692Z,2026-10-05T23:26:15.388692Z,,,
2026-10-05T23:24:55Z,football_nfl,32677,2026-10-06T00:15:00Z,player_rush_yds,hardrock,3637145959005290894,Alvin Kamara,espn:3054850,100+ Rushing Yards,,1750,9760832077,6402699701891760519,milestone,2026-10-05T22:55:42.837395Z,2026-10-05T23:26:15.388692Z,2026-10-05T23:26:15.388692Z,,,
2026-10-05T23:24:55Z,football_nfl,32677,2026-10-06T00:15:00Z,player_rush_yds,hardrock,3637145959005290894,Alvin Kamara,espn:3054850,25+ Rushing Yards,,-300,9760832078,1306595248545333639,milestone,2026-10-05T23:07:14.773624Z,2026-10-05T23:26:15.388692Z,2026-10-05T23:26:15.388692Z,,,
2026-10-05T23:24:55Z,football_nfl,32677,2026-10-06T00:15:00Z,player_rush_yds,hardrock,3637145959005290894,Alvin Kamara,espn:3054850,40+ Rushing Yards,,105,9760832079,1803398582439641481,milestone,2026-10-05T20:28:04.994879Z,2026-10-05T23:26:15.388692Z,2026-10-05T23:26:15.388692Z,,,
2026-10-05T23:24:55Z,football_nfl,32677,2026-10-06T00:15:00Z,player_rush_yds,hardrock,3637145959005290894,Alvin Kamara,espn:3054850,50+ Rushing Yards,,195,9760832080,4817432633057345926,milestone,2026-10-05T23:22:29.215269Z,2026-10-05T23:26:15.388692Z,2026-10-05T23:26:15.388692Z,,,
2026-10-05T23:24:55Z,football_nfl,32677,2026-10-06T00:15:00Z,player_rush_yds,hardrock,3637145959005290894,Alvin Kamara,espn:3054850,65+ Rushing Yards,,400,9760832081,1412711314765250955,milestone,2026-10-05T16:38:08.311663Z,2026-10-05T23:26:15.388692Z,2026-10-05T23:26:15.388692Z,,,
2026-10-05T23:24:55Z,football_nfl,32677,2026-10-06T00:15:00Z,player_rush_yds,hardrock,3637145959005290894,Alvin Kamara,espn:3054850,80+ Rushing Yards,,750,9760832082,2574640018626838962,milestone,2026-10-05T17:19:00.588293Z,2026-10-05T23:26:15.388692Z,2026-10-05T23:26:15.388692Z,,,
2026-10-05T23:24:55Z,football_nfl,32677,2026-10-06T00:15:00Z,player_rush_yds,hardrock,3637145959005290894,Brian Robinson Jr.,espn:4241474,25+ Rushing Yards,,-175,9760832099,3102514004933869994,milestone,2026-10-05T20:28:04.994879Z,2026-10-05T23:26:15.388692Z,2026-10-05T23:26:15.388692Z,,,
2026-10-05T23:24:55Z,football_nfl,32677,2026-10-06T00:15:00Z,player_rush_yds,hardrock,3637145959005290894,Brian Robinson Jr.,espn:4241474,40+ Rushing Yards,,180,9760832101,5552472202223419818,milestone,2026-10-05T20:28:04.994879Z,2026-10-05T23:26:15.388692Z,2026-10-05T23:26:15.388692Z,,,
2026-10-05T23:24:55Z,football_nfl,32677,2026-10-06T00:15:00Z,player_rush_yds,hardrock,3637145959005290894,Brian Robinson Jr.,espn:4241474,50+ Rushing Yards,,325,9760832103,2381938064554590634,milestone,2026-10-05T22:13:57.418649Z,2026-10-05T23:26:15.388692Z,2026-10-05T23:26:15.388692Z,,,
2026-10-05T23:24:55Z,football_nfl,32677,2026-10-06T00:15:00Z,player_rush_yds,hardrock,3637145959005290894,Brian Robinson Jr.,espn:4241474,65+ Rushing Yards,,700,9760832105,4248680110099661230,milestone,2026-10-05T19:29:44.978828Z,2026-10-05T23:26:15.388692Z,2026-10-05T23:26:15.388692Z,,,
2026-10-05T23:24:55Z,football_nfl,32677,2026-10-06T00:15:00Z,player_rush_yds,hardrock,3637145959005290894,Brian Robinson Jr.,espn:4241474,80+ Rushing Yards,,1600,9760832106,2951643417416958383,milestone,2026-10-05T22:13:57.418649Z,2026-10-05T23:26:15.388692Z,2026-10-05T23:26:15.388692Z,,,
2026-10-05T23:24:55Z,football_nfl,32677,2026-10-06T00:15:00Z,player_rush_yds,hardrock,3637145959005290894,Kendre Miller,espn:4599739,25+ Rushing Yards,,-140,9760832107,3081526526982881711,milestone,2026-10-05T23:21:27.593073Z,2026-10-05T23:26:15.388692Z,2026-10-05T23:26:15.388692Z,,,
2026-10-05T23:24:55Z,football_nfl,32677,2026-10-06T00:15:00Z,player_rush_yds,hardrock,3637145959005290894,Kendre Miller,espn:4599739,40+ Rushing Yards,,210,9760832108,1442216262620021162,milestone,2026-10-05T23:20:28.302483Z,2026-10-05T23:26:15.388692Z,2026-10-05T23:26:15.388692Z,,,
2026-10-05T23:24:55Z,football_nfl,32677,2026-10-06T00:15:00Z,player_rush_yds,hardrock,3637145959005290894,Kendre Miller,espn:4599739,50+ Rushing Yards,,375,9760832109,6951244506800980399,milestone,2026-10-05T23:21:27.593073Z,2026-10-05T23:26:15.388692Z,2026-10-05T23:26:15.388692Z,,,
2026-10-05T23:24:55Z,football_nfl,32677,2026-10-06T00:15:00Z,player_rush_yds,hardrock,3637145959005290894,Kendre Miller,espn:4599739,65+ Rushing Yards,,750,9760832110,8810105252998152618,milestone,2026-10-05T22:11:05.830272Z,2026-10-05T23:26:15.388692Z,2026-10-05T23:26:15.388692Z,,,
2026-10-05T23:24:55Z,football_nfl,32677,2026-10-06T00:15:00Z,player_rush_yds,hardrock,3637145959005290894,Kendre Miller,espn:4599739,80+ Rushing Yards,,1500,9760832111,5162189554828050862,milestone,2026-10-05T23:21:27.593073Z,2026-10-05T23:26:15.388692Z,2026-10-05T23:26:15.388692Z,,,
2026-10-05T23:24:55Z,football_nfl,32677,2026-10-06T00:15:00Z,player_reception_yds,hardrock,3637145959005290894,Chris Olave,espn:4361370,100+ Receiving Yards,,125,9760832112,113999756635799953,milestone,2026-10-05T23:26:16.036167Z,2026-10-05T23:26:15.388692Z,2026-10-05T23:26:15.388692Z,,,
2026-10-05T23:24:55Z,football_nfl,32677,2026-10-06T00:15:00Z,player_reception_yds,hardrock,3637145959005290894,Chris Olave,espn:4361370,50+ Receiving Yards,,-750,9760832113,2545943555415867803,milestone,2026-10-05T23:19:18.708800Z,2026-10-05T23:26:15.388692Z,2026-10-05T23:26:15.388692Z,,,
2026-10-05T23:24:55Z,football_nfl,32677,2026-10-06T00:15:00Z,player_reception_yds,hardrock,3637145959005290894,Chris Olave,espn:4361370,65+ Receiving Yards,,-300,9760832114,2942260322624471445,milestone,2026-10-05T18:53:31.017071Z,2026-10-05T23:26:15.388692Z,2026-10-05T23:26:15.388692Z,,,
2026-10-05T23:24:55Z,football_nfl,32677,2026-10-06T00:15:00Z,player_reception_yds,hardrock,3637145959005290894,Chris Olave,espn:4361370,80+ Receiving Yards,,-165,9760832115,5896621678179516803,milestone,2026-10-05T23:26:16.036167Z,2026-10-05T23:26:15.388692Z,2026-10-05T23:26:15.388692Z,,,
2026-10-05T23:24:55Z,football_nfl,32677,2026-10-06T00:15:00Z,player_reception_yds,hardrock,3637145959005290894,Bijan Robinson,espn:4430807,100+ Receiving Yards,,1750,9760832132,7756508337444880798,milestone,2026-10-05T22:00:44.938202Z,2026-10-05T23:26:15.388692Z,2026-10-05T23:26:15.388692Z,,,
2026-10-05T23:24:55Z,football_nfl,32677,2026-10-06T00:15:00Z,player_reception_yds,hardrock,3637145959005290894,Bijan Robinson,espn:4430807,25+ Receiving Yards,,-275,9760832133,73367373150814617,milestone,2026-10-05T22:13:57.418649Z,2026-10-05T23:26:15.388692Z,2026-10-05T23:26:15.388692Z,,,
2026-10-05T23:24:55Z,football_nfl,32677,2026-10-06T00:15:00Z,player_reception_yds,hardrock,3637145959005290894,Bijan Robinson,espn:4430807,40+ Receiving Yards,,100,9760832134,6243298862648394130,milestone,2026-10-05T18:19:41.950332Z,2026-10-05T23:26:15.388692Z,2026-10-05T23:26:15.388692Z,,,
2026-10-05T23:24:55Z,football_nfl,32677,2026-10-06T00:15:00Z,player_reception_yds,hardrock,3637145959005290894,Bijan Robinson,espn:4430807,50+ Receiving Yards,,175,9760832135,1505512054654632343,milestone,2026-10-05T18:19:41.950332Z,2026-10-05T23:26:15.388692Z,2026-10-05T23:26:15.388692Z,,,
2026-10-05T23:24:55Z,football_nfl,32677,2026-10-06T00:15:00Z,player_reception_yds,hardrock,3637145959005290894,Bijan Robinson,espn:4430807,65+ Receiving Yards,,375,9760832136,2844787586029978025,milestone,2026-10-05T22:13:57.418649Z,2026-10-05T23:26:15.388692Z,2026-10-05T23:26:15.388692Z,,,
2026-10-05T23:24:55Z,football_nfl,32677,2026-10-06T00:15:00Z,player_reception_yds,hardrock,3637145959005290894,Bijan Robinson,espn:4430807,80+ Receiving Yards,,650,9760832137,7603385950114283925,milestone,2026-10-05T13:32:12.857553Z,2026-10-05T23:26:15.388692Z,2026-10-05T23:26:15.388692Z,,,
2026-10-05T23:24:55Z,football_nfl,32677,2026-10-06T00:15:00Z,player_pass_attempts,hardrock,3637145959005290894,Michael Penix Jr.,espn:4360423,Over,31.5,-105,9639321506,1290725393376084365,main,2026-10-05T22:09:59.476207Z,2026-10-05T23:26:15.388692Z,2026-10-05T23:26:15.388692Z,,,
2026-10-05T23:24:55Z,football_nfl,32677,2026-10-06T00:15:00Z,player_pass_attempts,hardrock,3637145959005290894,Michael Penix Jr.,espn:4360423,Under,31.5,-125,9639321507,2325427407764455821,main,2026-10-05T22:09:59.476207Z,2026-10-05T23:26:15.388692Z,2026-10-05T23:26:15.388692Z,,,
2026-10-05T23:24:55Z,football_nfl,32677,2026-10-06T00:15:00Z,player_pass_attempts,hardrock,3637145959005290894,Tyler Shough,espn:4360689,Over,37.5,-115,9639321508,2848173622282027405,main,2026-10-05T23:25:05.221509Z,2026-10-05T23:26:15.388692Z,2026-10-05T23:26:15.388692Z,,,
2026-10-05T23:24:55Z,football_nfl,32677,2026-10-06T00:15:00Z,player_pass_attempts,hardrock,3637145959005290894,Tyler Shough,espn:4360689,Under,37.5,-115,9639321509,5816045776719184269,main,2026-10-05T23:25:05.221509Z,2026-10-05T23:26:15.388692Z,2026-10-05T23:26:15.388692Z,,,
2026-10-05T23:24:55Z,football_nfl,32677,2026-10-06T00:15:00Z,player_pass_completions,hardrock,3637145959005290894,Michael Penix Jr.,espn:4360423,Over,19.5,-125,9639321510,7927338893861585317,main,2026-10-05T21:52:53.237363Z,2026-10-05T23:26:15.388692Z,2026-10-05T23:26:15.388692Z,,,
2026-10-05T23:24:55Z,football_nfl,32677,2026-10-06T00:15:00Z,player_pass_completions,hardrock,3637145959005290894,Michael Penix Jr.,espn:4360423,Under,19.5,-105,9639321511,8805540821198832037,main,2026-10-05T21:52:53.237363Z,2026-10-05T23:26:15.388692Z,2026-10-05T23:26:15.388692Z,,,
2026-10-05T23:24:55Z,football_nfl,32677,2026-10-06T00:15:00Z,player_pass_completions,hardrock,3637145959005290894,Tyler Shough,espn:4360689,Over,23.5,-125,9639321512,8776907857334501788,main,2026-10-05T18:13:35.795370Z,2026-10-05T23:26:15.388692Z,2026-10-05T23:26:15.388692Z,,,
2026-10-05T23:24:55Z,football_nfl,32677,2026-10-06T00:15:00Z,player_pass_completions,hardrock,3637145959005290894,Tyler Shough,espn:4360689,Under,23.5,-105,9639321513,4232775833317671324,main,2026-10-05T18:13:35.795370Z,2026-10-05T23:26:15.388692Z,2026-10-05T23:26:15.388692Z,,,
2026-10-05T23:24:55Z,football_nfl,32677,2026-10-06T00:15:00Z,player_rush_yds,hardrock,3637145959005290894,Bijan Robinson,espn:4430807,100+ Rushing Yards,,120,9760832154,1100833076315029909,milestone,2026-10-05T23:20:28.302483Z,2026-10-05T23:26:15.388692Z,2026-10-05T23:26:15.388692Z,,,
2026-10-05T23:24:55Z,football_nfl,32677,2026-10-06T00:15:00Z,player_rush_yds,hardrock,3637145959005290894,Bijan Robinson,espn:4430807,65+ Rushing Yards,,-375,9760832155,6928490994132451740,milestone,2026-10-05T18:18:25.300097Z,2026-10-05T23:26:15.388692Z,2026-10-05T23:26:15.388692Z,,,
2026-10-05T23:24:55Z,football_nfl,32677,2026-10-06T00:15:00Z,player_rush_yds,hardrock,3637145959005290894,Bijan Robinson,espn:4430807,80+ Rushing Yards,,-180,9760832156,1181897869607698843,milestone,2026-10-05T23:12:47.347113Z,2026-10-05T23:26:15.388692Z,2026-10-05T23:26:15.388692Z,,,
2026-10-05T23:24:55Z,football_nfl,32677,2026-10-06T00:15:00Z,player_reception_yds,hardrock,3637145959005290894,Drake London,espn:4426502,100+ Receiving Yards,,160,9760832158,1718736397554286982,milestone,2026-10-05T22:55:42.837395Z,2026-10-05T23:26:15.388692Z,2026-10-05T23:26:15.388692Z,,,
2026-10-05T23:24:55Z,football_nfl,32677,2026-10-06T00:15:00Z,player_reception_yds,hardrock,3637145959005290894,Drake London,espn:4426502,50+ Receiving Yards,,-500,9760832160,5434206090134946186,milestone,2026-10-05T18:02:27.472179Z,2026-10-05T23:26:15.388692Z,2026-10-05T23:26:15.388692Z,,,
2026-10-05T23:24:55Z,football_nfl,32677,2026-10-06T00:15:00Z,player_reception_yds,hardrock,3637145959005290894,Drake London,espn:4426502,65+ Receiving Yards,,-230,9760832161,5163990112492716432,milestone,2026-10-05T22:13:57.418649Z,2026-10-05T23:26:15.388692Z,2026-10-05T23:26:15.388692Z,,,
2026-10-05T23:24:55Z,football_nfl,32677,2026-10-06T00:15:00Z,player_reception_yds,hardrock,3637145959005290894,Drake London,espn:4426502,80+ Receiving Yards,,-130,9760832162,4456924970995548594,milestone,2026-10-05T18:02:27.472179Z,2026-10-05T23:26:15.388692Z,2026-10-05T23:26:15.388692Z,,,
2026-10-05T23:24:55Z,football_nfl,32677,2026-10-06T00:15:00Z,player_receptions,hardrock,3637145959005290894,Drake London,espn:4426502,10+ Receptions,,550,9760832163,8380512148626997665,milestone,2026-10-05T22:18:53.638169Z,2026-10-05T23:26:15.388692Z,2026-10-05T23:26:15.388692Z,,,
2026-10-05T23:24:55Z,football_nfl,32677,2026-10-06T00:15:00Z,player_receptions,hardrock,3637145959005290894,Drake London,espn:4426502,5+ Receptions,,-350,9760832165,6914590469917901206,milestone,2026-10-05T21:18:18.805749Z,2026-10-05T23:26:15.388692Z,2026-10-05T23:26:15.388692Z,,,
2026-10-05T23:24:55Z,football_nfl,32677,2026-10-06T00:15:00Z,player_receptions,hardrock,3637145959005290894,Drake London,espn:4426502,6+ Receptions,,-175,9760832166,2868317310958043556,milestone,2026-10-05T22:18:53.638169Z,2026-10-05T23:26:15.388692Z,2026-10-05T23:26:15.388692Z,,,
2026-10-05T23:24:55Z,football_nfl,32677,2026-10-06T00:15:00Z,player_receptions,hardrock,3637145959005290894,Drake London,espn:4426502,7+ Receptions,,110,9760832167,7191561847001186738,milestone,2026-10-05T22:50:46.629935Z,2026-10-05T23:26:15.388692Z,2026-10-05T23:26:15.388692Z,,,
2026-10-05T23:24:55Z,football_nfl,32677,2026-10-06T00:15:00Z,player_receptions,hardrock,3637145959005290894,Drake London,espn:4426502,8+ Receptions,,190,9760832168,1589083910552289681,milestone,2026-10-05T22:18:53.638169Z,2026-10-05T23:26:15.388692Z,2026-10-05T23:26:15.388692Z,,,
2026-10-05T23:24:55Z,football_nfl,32677,2026-10-06T00:15:00Z,player_receptions,hardrock,3637145959005290894,Jahan Dotson,espn:4361409,2+ Receptions,,-135,9760832169,945622493064987014,milestone,2026-10-05T18:59:13.950568Z,2026-10-05T23:26:15.388692Z,2026-10-05T23:26:15.388692Z,,,
2026-10-05T23:24:55Z,football_nfl,32677,2026-10-06T00:15:00Z,player_receptions,hardrock,3637145959005290894,Jahan Dotson,espn:4361409,3+ Receptions,,210,9760832170,7701021934120731058,milestone,2026-10-05T13:32:12.857553Z,2026-10-05T23:26:15.388692Z,2026-10-05T23:26:15.388692Z,,,
2026-10-05T23:24:55Z,football_nfl,32677,2026-10-06T00:15:00Z,player_receptions,hardrock,3637145959005290894,Jahan Dotson,espn:4361409,4+ Receptions,,500,9760832171,2179819897197035913,milestone,2026-10-05T20:28:04.994879Z,2026-10-05T23:26:15.388692Z,2026-10-05T23:26:15.388692Z,,,
2026-10-05T23:24:55Z,football_nfl,32677,2026-10-06T00:15:00Z,player_receptions,hardrock,3637145959005290894,Jahan Dotson,espn:4361409,5+ Receptions,,1200,9760832172,3476645483647205770,milestone,2026-10-05T22:50:46.629935Z,2026-10-05T23:26:15.388692Z,2026-10-05T23:26:15.388692Z,,,
2026-10-05T23:24:55Z,football_nfl,32677,2026-10-06T00:15:00Z,player_receptions,hardrock,3637145959005290894,Jahan Dotson,espn:4361409,6+ Receptions,,3000,9823325240,5386171725652296072,milestone,2026-10-05T11:45:16.518898Z,2026-10-05T23:23:45.189115Z,2026-10-05T23:23:45.189115Z,,,
2026-10-05T23:24:55Z,football_nfl,32677,2026-10-06T00:15:00Z,player_receptions,hardrock,3637145959005290894,Kyle Pitts Sr.,espn:4360248,2+ Receptions,,-575,9760832173,5099669781779448200,milestone,2026-10-05T22:45:06.652622Z,2026-10-05T23:26:15.388692Z,2026-10-05T23:26:15.388692Z,,,
2026-10-05T23:24:55Z,football_nfl,32677,2026-10-06T00:15:00Z,player_receptions,hardrock,3637145959005290894,Kyle Pitts Sr.,espn:4360248,3+ Receptions,,-175,9760832174,970994823387546020,milestone,2026-10-05T22:45:06.652622Z,2026-10-05T23:26:15.388692Z,2026-10-05T23:26:15.388692Z,,,
2026-10-05T23:24:55Z,football_nfl,32677,2026-10-06T00:15:00Z,player_receptions,hardrock,3637145959005290894,Kyle Pitts Sr.,espn:4360248,4+ Receptions,,135,9760832175,2703754780018344370,milestone,2026-10-05T22:45:06.652622Z,2026-10-05T23:26:15.388692Z,2026-10-05T23:26:15.388692Z,,,
2026-10-05T23:24:55Z,football_nfl,32677,2026-10-06T00:15:00Z,player_receptions,hardrock,3637145959005290894,Kyle Pitts Sr.,espn:4360248,5+ Receptions,,300,9760832176,8501013400351015312,milestone,2026-10-05T20:28:04.994879Z,2026-10-05T23:26:15.388692Z,2026-10-05T23:26:15.388692Z,,,
2026-10-05T23:24:55Z,football_nfl,32677,2026-10-06T00:15:00Z,player_receptions,hardrock,3637145959005290894,Kyle Pitts Sr.,espn:4360248,6+ Receptions,,575,9760832177,6891539483519484324,milestone,2026-10-05T22:55:42.837395Z,2026-10-05T23:26:15.388692Z,2026-10-05T23:26:15.388692Z,,,
2026-10-05T23:24:55Z,football_nfl,32677,2026-10-06T00:15:00Z,player_receptions,hardrock,3637145959005290894,Kyle Pitts Sr.,espn:4360248,7+ Receptions,,1300,9760832178,3601097005771915654,milestone,2026-10-05T20:28:04.994879Z,2026-10-05T23:26:15.388692Z,2026-10-05T23:26:15.388692Z,,,
2026-10-05T23:24:55Z,football_nfl,32677,2026-10-06T00:15:00Z,player_reception_yds,hardrock,3637145959005290894,Devaughn Vele,espn:4569559,100+ Receiving Yards,,750,9760832181,7147831314627035527,milestone,2026-10-05T23:19:18.708800Z,2026-10-05T23:26:15.388692Z,2026-10-05T23:26:15.388692Z,,,
2026-10-05T23:24:55Z,football_nfl,32677,2026-10-06T00:15:00Z,player_reception_yds,hardrock,3637145959005290894,Devaughn Vele,espn:4569559,25+ Receiving Yards,,-450,9760832182,3427858022419005838,milestone,2026-10-05T13:32:12.857553Z,2026-10-05T23:26:15.388692Z,2026-10-05T23:26:15.388692Z,,,
2026-10-05T23:24:55Z,football_nfl,32677,2026-10-06T00:15:00Z,player_reception_yds,hardrock,3637145959005290894,Devaughn Vele,espn:4569559,40+ Receiving Yards,,-165,9760832183,9111400752160571809,milestone,2026-10-05T22:49:21.484505Z,2026-10-05T23:26:15.388692Z,2026-10-05T23:26:15.388692Z,,,
2026-10-05T23:24:55Z,football_nfl,32677,2026-10-06T00:15:00Z,player_reception_yds,hardrock,3637145959005290894,Devaughn Vele,espn:4569559,50+ Receiving Yards,,100,9760832184,7769328063204163979,milestone,2026-10-05T22:49:21.484505Z,2026-10-05T23:26:15.388692Z,2026-10-05T23:26:15.388692Z,,,
2026-10-05T23:24:55Z,football_nfl,32677,2026-10-06T00:15:00Z,player_reception_yds,hardrock,3637145959005290894,Devaughn Vele,espn:4569559,65+ Receiving Yards,,210,9760832185,6511697867260952967,milestone,2026-10-05T20:28:04.994879Z,2026-10-05T23:26:15.388692Z,2026-10-05T23:26:15.388692Z,,,
2026-10-05T23:24:55Z,football_nfl,32677,2026-10-06T00:15:00Z,player_reception_yds,hardrock,3637145959005290894,Devaughn Vele,espn:4569559,80+ Receiving Yards,,375,9760832186,3833181988882350477,milestone,2026-10-05T23:19:18.708800Z,2026-10-05T23:26:15.388692Z,2026-10-05T23:26:15.388692Z,,,
2026-10-05T23:24:55Z,football_nfl,32677,2026-10-06T00:15:00Z,player_receptions,hardrock,3637145959005290894,Chris Olave,espn:4361370,10+ Receptions,,375,9760832187,4237213754305151379,milestone,2026-10-05T10:05:19.902045Z,2026-10-05T23:26:15.388692Z,2026-10-05T23:26:15.388692Z,,,
2026-10-05T23:24:55Z,football_nfl,32677,2026-10-06T00:15:00Z,player_receptions,hardrock,3637145959005290894,Chris Olave,espn:4361370,12+ Receptions,,1000,9760832188,6101704000036536739,milestone,2026-10-05T20:28:04.994879Z,2026-10-05T23:26:15.388692Z,2026-10-05T23:26:15.388692Z,,,
2026-10-05T23:24:55Z,football_nfl,32677,2026-10-06T00:15:00Z,player_receptions,hardrock,3637145959005290894,Chris Olave,espn:4361370,5+ Receptions,,-650,9760832189,2291658715281097111,milestone,2026-10-05T08:45:19.211242Z,2026-10-05T23:26:15.388692Z,2026-10-05T23:26:15.388692Z,,,
2026-10-05T23:24:55Z,football_nfl,32677,2026-10-06T00:15:00Z,player_receptions,hardrock,3637145959005290894,Chris Olave,espn:4361370,6+ Receptions,,-275,9760832190,7119517515822268833,milestone,2026-10-05T22:49:21.484505Z,2026-10-05T23:26:15.388692Z,2026-10-05T23:26:15.388692Z,,,
2026-10-05T23:24:55Z,football_nfl,32677,2026-10-06T00:15:00Z,player_receptions,hardrock,3637145959005290894,Chris Olave,espn:4361370,7+ Receptions,,-140,9760832191,8727302582793535876,milestone,2026-10-05T22:51:50.065239Z,2026-10-05T23:26:15.388692Z,2026-10-05T23:26:15.388692Z,,,
2026-10-05T23:24:55Z,football_nfl,32677,2026-10-06T00:15:00Z,player_receptions,hardrock,3637145959005290894,Chris Olave,espn:4361370,8+ Receptions,,125,9760832192,3669760201256468893,milestone,2026-10-05T22:51:50.065239Z,2026-10-05T23:26:15.388692Z,2026-10-05T23:26:15.388692Z,,,
2026-10-05T23:24:55Z,football_nfl,32677,2026-10-06T00:15:00Z,player_reception_yds,hardrock,3637145959005290894,Juwan Johnson,espn:3929645,100+ Receiving Yards,,750,9760832193,6755555218290770334,milestone,2026-10-05T22:49:21.484505Z,2026-10-05T23:26:15.388692Z,2026-10-05T23:26:15.388692Z,,,
2026-10-05T23:24:55Z,football_nfl,32677,2026-10-06T00:15:00Z,player_reception_yds,hardrock,3637145959005290894,Juwan Johnson,espn:3929645,25+ Receiving Yards,,-475,9760832194,4368647415784407429,milestone,2026-10-05T22:49:21.484505Z,2026-10-05T23:26:15.388692Z,2026-10-05T23:26:15.388692Z,,,
2026-10-05T23:24:55Z,football_nfl,32677,2026-10-06T00:15:00Z,player_reception_yds,hardrock,3637145959005290894,Juwan Johnson,espn:3929645,40+ Receiving Yards,,-170,9760832195,4476733806841299341,milestone,2026-10-05T22:49:21.484505Z,2026-10-05T23:26:15.388692Z,2026-10-05T23:26:15.388692Z,,,
2026-10-05T23:24:55Z,football_nfl,32677,2026-10-06T00:15:00Z,player_reception_yds,hardrock,3637145959005290894,Juwan Johnson,espn:3929645,50+ Receiving Yards,,100,9760832196,4656877791936119183,milestone,2026-10-05T22:49:21.484505Z,2026-10-05T23:26:15.388692Z,2026-10-05T23:26:15.388692Z,,,
2026-10-05T23:24:55Z,football_nfl,32677,2026-10-06T00:15:00Z,player_reception_yds,hardrock,3637145959005290894,Juwan Johnson,espn:3929645,65+ Receiving Yards,,200,9760832197,2747351549931028877,milestone,2026-10-05T22:49:21.484505Z,2026-10-05T23:26:15.388692Z,2026-10-05T23:26:15.388692Z,,,
2026-10-05T23:24:55Z,football_nfl,32677,2026-10-06T00:15:00Z,player_reception_yds,hardrock,3637145959005290894,Juwan Johnson,espn:3929645,80+ Receiving Yards,,375,9760832198,8367843884889407875,milestone,2026-10-05T22:49:21.484505Z,2026-10-05T23:26:15.388692Z,2026-10-05T23:26:15.388692Z,,,
2026-10-05T23:24:55Z,football_nfl,32677,2026-10-06T00:15:00Z,player_receptions,hardrock,3637145959005290894,Alvin Kamara,espn:3054850,2+ Receptions,,-650,9760832201,3379619732889141648,milestone,2026-10-05T16:39:09.653789Z,2026-10-05T23:26:15.388692Z,2026-10-05T23:26:15.388692Z,,,
2026-10-05T23:24:55Z,football_nfl,32677,2026-10-06T00:15:00Z,player_receptions,hardrock,3637145959005290894,Alvin Kamara,espn:3054850,3+ Receptions,,-200,9760832202,525181994066379179,milestone,2026-10-05T23:23:45.659565Z,2026-10-05T23:26:15.388692Z,2026-10-05T23:26:15.388692Z,,,
2026-10-05T23:24:55Z,football_nfl,32677,2026-10-06T00:15:00Z,player_receptions,hardrock,3637145959005290894,Alvin Kamara,espn:3054850,4+ Receptions,,130,9760832203,1362007099827159467,milestone,2026-10-05T13:56:00.405978Z,2026-10-05T23:26:15.388692Z,2026-10-05T23:26:15.388692Z,,,
2026-10-05T23:24:55Z,football_nfl,32677,2026-10-06T00:15:00Z,player_receptions,hardrock,3637145959005290894,Alvin Kamara,espn:3054850,5+ Receptions,,275,9760832204,5482800758871163268,milestone,2026-10-05T14:05:59.920040Z,2026-10-05T23:26:15.388692Z,2026-10-05T23:26:15.388692Z,,,
2026-10-05T23:24:55Z,football_nfl,32677,2026-10-06T00:15:00Z,player_receptions,hardrock,3637145959005290894,Alvin Kamara,espn:3054850,6+ Receptions,,525,9760832205,2312266621202334092,milestone,2026-10-05T23:19:18.708800Z,2026-10-05T23:26:15.388692Z,2026-10-05T23:26:15.388692Z,,,
2026-10-05T23:24:55Z,football_nfl,32677,2026-10-06T00:15:00Z,player_receptions,hardrock,3637145959005290894,Alvin Kamara,espn:3054850,7+ Receptions,,1100,9760832206,6167347902231478702,milestone,2026-10-05T23:19:18.708800Z,2026-10-05T23:26:15.388692Z,2026-10-05T23:26:15.388692Z,,,
2026-10-05T23:24:55Z,football_nfl,32677,2026-10-06T00:15:00Z,player_receptions,hardrock,3637145959005290894,Alvin Kamara,espn:3054850,8+ Receptions,,3000,9760832207,1578179881940943263,milestone,2026-10-05T23:23:45.659565Z,2026-10-05T23:26:15.388692Z,2026-10-05T23:26:15.388692Z,,,
2026-10-05T23:24:55Z,football_nfl,32677,2026-10-06T00:15:00Z,player_receptions,hardrock,3637145959005290894,Devaughn Vele,espn:4569559,3+ Receptions,,-450,9760832208,182978791130399116,milestone,2026-10-05T22:49:21.484505Z,2026-10-05T23:26:15.388692Z,2026-10-05T23:26:15.388692Z,,,
2026-10-05T23:24:55Z,football_nfl,32677,2026-10-06T00:15:00Z,player_receptions,hardrock,3637145959005290894,Devaughn Vele,espn:4569559,4+ Receptions,,-165,9760832209,975612325547606412,milestone,2026-10-05T22:57:11.867309Z,2026-10-05T23:26:15.388692Z,2026-10-05T23:26:15.388692Z,,,
2026-10-05T23:24:55Z,football_nfl,32677,2026-10-06T00:15:00Z,player_receptions,hardrock,3637145959005290894,Devaughn Vele,espn:4569559,5+ Receptions,,130,9760832210,5201959100858106289,milestone,2026-10-05T22:49:21.484505Z,2026-10-05T23:26:15.388692Z,2026-10-05T23:26:15.388692Z,,,
2026-10-05T23:24:55Z,football_nfl,32677,2026-10-06T00:15:00Z,player_receptions,hardrock,3637145959005290894,Devaughn Vele,espn:4569559,6+ Receptions,,250,9760832211,1642145070398439812,milestone,2026-10-05T22:13:57.418649Z,2026-10-05T23:26:15.388692Z,2026-10-05T23:26:15.388692Z,,,
2026-10-05T23:24:55Z,football_nfl,32677,2026-10-06T00:15:00Z,player_receptions,hardrock,3637145959005290894,Devaughn Vele,espn:4569559,7+ Receptions,,475,9760832212,3620351206720930188,milestone,2026-10-05T22:13:57.418649Z,2026-10-05T23:26:15.388692Z,2026-10-05T23:26:15.388692Z,,,
2026-10-05T23:24:55Z,football_nfl,32677,2026-10-06T00:15:00Z,player_receptions,hardrock,3637145959005290894,Devaughn Vele,espn:4569559,8+ Receptions,,850,9760832213,6913608434235605425,milestone,2026-10-05T23:19:18.708800Z,2026-10-05T23:26:15.388692Z,2026-10-05T23:26:15.388692Z,,,
2026-10-05T23:24:55Z,football_nfl,32677,2026-10-06T00:15:00Z,player_receptions,hardrock,3637145959005290894,Juwan Johnson,espn:3929645,3+ Receptions,,-525,9760832214,6864376701590307243,milestone,2026-10-05T22:49:21.484505Z,2026-10-05T23:26:15.388692Z,2026-10-05T23:26:15.388692Z,,,
2026-10-05T23:24:55Z,football_nfl,32677,2026-10-06T00:15:00Z,player_receptions,hardrock,3637145959005290894,Juwan Johnson,espn:3929645,4+ Receptions,,-195,9760832215,343164441157829041,milestone,2026-10-05T22:49:21.484505Z,2026-10-05T23:26:15.388692Z,2026-10-05T23:26:15.388692Z,,,
2026-10-05T23:24:55Z,football_nfl,32677,2026-10-06T00:15:00Z,player_receptions,hardrock,3637145959005290894,Juwan Johnson,espn:3929645,5+ Receptions,,115,9760832216,6909412697864012165,milestone,2026-10-05T22:49:21.484505Z,2026-10-05T23:26:15.388692Z,2026-10-05T23:26:15.388692Z,,,
2026-10-05T23:24:55Z,football_nfl,32677,2026-10-06T00:15:00Z,player_receptions,hardrock,3637145959005290894,Juwan Johnson,espn:3929645,6+ Receptions,,225,9760832217,4693641681197728140,milestone,2026-10-05T23:25:05.221509Z,2026-10-05T23:26:15.388692Z,2026-10-05T23:26:15.388692Z,,,
2026-10-05T23:24:55Z,football_nfl,32677,2026-10-06T00:15:00Z,player_receptions,hardrock,3637145959005290894,Juwan Johnson,espn:3929645,7+ Receptions,,450,9760832218,1676229930859495839,milestone,2026-10-05T22:49:21.484505Z,2026-10-05T23:26:15.388692Z,2026-10-05T23:26:15.388692Z,,,
2026-10-05T23:24:55Z,football_nfl,32677,2026-10-06T00:15:00Z,player_receptions,hardrock,3637145959005290894,Juwan Johnson,espn:3929645,8+ Receptions,,800,9760832219,8773902943595397550,milestone,2026-10-05T22:49:21.484505Z,2026-10-05T23:26:15.388692Z,2026-10-05T23:26:15.388692Z,,,
2026-10-05T23:24:55Z,football_nfl,32677,2026-10-06T00:15:00Z,player_receptions,hardrock,3637145959005290894,Austin Hooper,espn:3043275,2+ Receptions,,195,9760832227,7507153355261739402,milestone,2026-10-05T21:29:51.185236Z,2026-10-05T23:26:15.388692Z,2026-10-05T23:26:15.388692Z,,,
2026-10-05T23:24:55Z,football_nfl,32677,2026-10-06T00:15:00Z,player_receptions,hardrock,3637145959005290894,Austin Hooper,espn:3043275,3+ Receptions,,600,9760832228,4825259777162609027,milestone,2026-10-05T23:25:05.221509Z,2026-10-05T23:26:15.388692Z,2026-10-05T23:26:15.388692Z,,,
2026-10-05T23:24:55Z,football_nfl,32677,2026-10-06T00:15:00Z,player_receptions,hardrock,3637145959005290894,Austin Hooper,espn:3043275,4+ Receptions,,2000,9760832229,6032224477297901973,milestone,2026-10-05T23:21:27.593073Z,2026-10-05T23:26:15.388692Z,2026-10-05T23:26:15.388692Z,,,
2026-10-05T23:24:55Z,football_nfl,32677,2026-10-06T00:15:00Z,player_rush_yds,hardrock,3637145959005290894,Michael Penix Jr.,espn:4360423,25+ Rushing Yards,,1000,9760832236,3010932046840332690,milestone,2026-10-05T11:55:20.106241Z,2026-10-05T23:26:15.388692Z,2026-10-05T23:26:15.388692Z,,,
2026-10-05T23:24:55Z,football_nfl,32677,2026-10-06T00:15:00Z,player_rush_yds,hardrock,3637145959005290894,Tyler Shough,espn:4360689,25+ Rushing Yards,,160,9760832237,1036609385587147169,milestone,2026-10-05T22:55:42.837395Z,2026-10-05T23:26:15.388692Z,2026-10-05T23:26:15.388692Z,,,
2026-10-05T23:24:55Z,football_nfl,32677,2026-10-06T00:15:00Z,player_rush_yds,hardrock,3637145959005290894,Tyler Shough,espn:4360689,40+ Rushing Yards,,450,9760832238,1501606047113150858,milestone,2026-10-05T22:55:42.837395Z,2026-10-05T23:26:15.388692Z,2026-10-05T23:26:15.388692Z,,,
2026-10-05T23:24:55Z,football_nfl,32677,2026-10-06T00:15:00Z,player_rush_yds,hardrock,3637145959005290894,Tyler Shough,espn:4360689,50+ Rushing Yards,,750,9760832239,81846264584601994,milestone,2026-10-05T22:55:42.837395Z,2026-10-05T23:26:15.388692Z,2026-10-05T23:26:15.388692Z,,,
2026-10-05T23:24:55Z,football_nfl,32677,2026-10-06T00:15:00Z,player_rush_yds,hardrock,3637145959005290894,Tyler Shough,espn:4360689,65+ Rushing Yards,,2000,9760832240,842954601610215817,milestone,2026-10-05T22:55:42.837395Z,2026-10-05T23:26:15.388692Z,2026-10-05T23:26:15.388692Z,,,
2026-10-05T23:24:55Z,football_nfl,32677,2026-10-06T00:15:00Z,player_receptions,hardrock,3637145959005290894,Drake London,espn:4426502,12+ Receptions,,1750,9760832245,238231585814610331,milestone,2026-10-05T21:55:20.886723Z,2026-10-05T23:26:15.388692Z,2026-10-05T23:26:15.388692Z,,,
2026-10-05T23:24:55Z,football_nfl,32677,2026-10-06T00:15:00Z,player_pass_tds,hardrock,3637145959005290894,Michael Penix Jr.,espn:4360423,1+ Passing Touchdowns,,-575,9760832309,7512937288935014816,milestone,2026-10-05T14:38:50.431457Z,2026-10-05T23:26:15.388692Z,2026-10-05T23:26:15.388692Z,,,
2026-10-05T23:24:55Z,football_nfl,32677,2026-10-06T00:15:00Z,player_pass_tds,hardrock,3637145959005290894,Michael Penix Jr.,espn:4360423,2+ Passing Touchdowns,,110,9760832310,5026950294626501020,milestone,2026-10-04T08:36:41.321103Z,2026-10-05T23:26:15.388692Z,2026-10-05T23:26:15.388692Z,,,
2026-10-05T23:24:55Z,football_nfl,32677,2026-10-06T00:15:00Z,player_pass_tds,hardrock,3637145959005290894,Michael Penix Jr.,espn:4360423,3+ Passing Touchdowns,,400,9760832311,6900447739612627362,milestone,2026-10-05T14:38:50.431457Z,2026-10-05T23:26:15.388692Z,2026-10-05T23:26:15.388692Z,,,
2026-10-05T23:24:55Z,football_nfl,32677,2026-10-06T00:15:00Z,player_pass_tds,hardrock,3637145959005290894,Michael Penix Jr.,espn:4360423,4+ Passing Touchdowns,,1600,9760832312,4954892700588573080,milestone,2026-10-05T17:12:51.756740Z,2026-10-05T23:26:15.388692Z,2026-10-05T23:26:15.388692Z,,,
2026-10-05T23:24:55Z,football_nfl,32677,2026-10-06T00:15:00Z,player_pass_tds,hardrock,3637145959005290894,Tyler Shough,espn:4360689,2+ Passing Touchdowns,,-140,9760832313,3108825871692202398,milestone,2026-10-05T16:23:38.225892Z,2026-10-05T23:26:15.388692Z,2026-10-05T23:26:15.388692Z,,,
2026-10-05T23:24:55Z,football_nfl,32677,2026-10-06T00:15:00Z,player_pass_tds,hardrock,3637145959005290894,Tyler Shough,espn:4360689,3+ Passing Touchdowns,,260,9760832314,2136048352180175258,milestone,2026-10-05T17:09:35.216007Z,2026-10-05T23:26:15.388692Z,2026-10-05T23:26:15.388692Z,,,
2026-10-05T23:24:55Z,football_nfl,32677,2026-10-06T00:15:00Z,player_pass_tds,hardrock,3637145959005290894,Tyler Shough,espn:4360689,4+ Passing Touchdowns,,850,9760832315,4369833767355941276,milestone,2026-10-05T14:09:56.426685Z,2026-10-05T23:26:15.388692Z,2026-10-05T23:26:15.388692Z,,,
2026-10-05T23:24:55Z,football_nfl,32677,2026-10-06T00:15:00Z,player_pass_yds,hardrock,3637145959005290894,Michael Penix Jr.,espn:4360423,Over,227.5,-115,9760832316,2330648973855031708,main,2026-10-05T20:07:19.261264Z,2026-10-05T23:26:15.388692Z,2026-10-05T23:26:15.388692Z,,,
2026-10-05T23:24:55Z,football_nfl,32677,2026-10-06T00:15:00Z,player_pass_yds,hardrock,3637145959005290894,Michael Penix Jr.,espn:4360423,Under,227.5,-115,9760832317,1601927851337187740,main,2026-10-05T20:07:19.261264Z,2026-10-05T23:26:15.388692Z,2026-10-05T23:26:15.388692Z,,,
2026-10-05T23:24:55Z,football_nfl,32677,2026-10-06T00:15:00Z,player_pass_yds,hardrock,3637145959005290894,Tyler Shough,espn:4360689,Over,262.5,-115,9760832318,3545702660776788376,main,2026-10-05T22:02:00.675049Z,2026-10-05T23:26:15.388692Z,2026-10-05T23:26:15.388692Z,,,
2026-10-05T23:24:55Z,football_nfl,32677,2026-10-06T00:15:00Z,player_pass_yds,hardrock,3637145959005290894,Tyler Shough,espn:4360689,Under,262.5,-115,9760832319,6704104787144737176,main,2026-10-05T22:02:00.675049Z,2026-10-05T23:26:15.388692Z,2026-10-05T23:26:15.388692Z,,,
2026-10-05T23:24:55Z,football_nfl,32677,2026-10-06T00:15:00Z,player_reception_yds,hardrock,3637145959005290894,Alvin Kamara,espn:3054850,Over,16.5,-115,9760832320,8235040227626975666,main,2026-10-05T22:49:21.484505Z,2026-10-05T23:26:15.388692Z,2026-10-05T23:26:15.388692Z,,,
2026-10-05T23:24:55Z,football_nfl,32677,2026-10-06T00:15:00Z,player_reception_yds,hardrock,3637145959005290894,Alvin Kamara,espn:3054850,Under,16.5,-115,9760832321,6263554306373452210,main,2026-10-05T22:50:46.629935Z,2026-10-05T23:26:15.388692Z,2026-10-05T23:26:15.388692Z,,,
2026-10-05T23:24:55Z,football_nfl,32677,2026-10-06T00:15:00Z,player_reception_yds,hardrock,3637145959005290894,Austin Hooper,espn:3043275,Over,6.5,-110,9760832322,8242379021065781673,main,2026-10-05T21:36:41.722924Z,2026-10-05T23:26:15.388692Z,2026-10-05T23:26:15.388692Z,,,
2026-10-05T23:24:55Z,football_nfl,32677,2026-10-06T00:15:00Z,player_reception_yds,hardrock,3637145959005290894,Austin Hooper,espn:3043275,Under,6.5,-120,9760832323,357314945353908649,main,2026-10-05T21:36:41.722924Z,2026-10-05T23:26:15.388692Z,2026-10-05T23:26:15.388692Z,,,
2026-10-05T23:24:55Z,football_nfl,32677,2026-10-06T00:15:00Z,player_reception_yds,hardrock,3637145959005290894,Bijan Robinson,espn:4430807,Over,36.5,-120,9760832324,8930980269956137385,main,2026-10-05T22:13:57.418649Z,2026-10-05T23:26:15.388692Z,2026-10-05T23:26:15.388692Z,,,
2026-10-05T23:24:55Z,football_nfl,32677,2026-10-06T00:15:00Z,player_reception_yds,hardrock,3637145959005290894,Bijan Robinson,espn:4430807,Under,36.5,-110,9760832325,9219175461735760297,main,2026-10-05T22:13:57.418649Z,2026-10-05T23:26:15.388692Z,2026-10-05T23:26:15.388692Z,,,
2026-10-05T23:24:55Z,football_nfl,32677,2026-10-06T00:15:00Z,player_reception_yds,hardrock,3637145959005290894,Chris Olave,espn:4361370,Over,88.5,-115,9760832326,7924719254123970976,main,2026-10-05T22:57:11.867309Z,2026-10-05T23:26:15.388692Z,2026-10-05T23:26:15.388692Z,,,
2026-10-05T23:24:55Z,football_nfl,32677,2026-10-06T00:15:00Z,player_reception_yds,hardrock,3637145959005290894,Chris Olave,espn:4361370,Under,88.5,-115,9760832327,825814788364960160,main,2026-10-05T22:58:46.358650Z,2026-10-05T23:26:15.388692Z,2026-10-05T23:26:15.388692Z,,,
2026-10-05T23:24:55Z,football_nfl,32677,2026-10-06T00:15:00Z,player_reception_yds,hardrock,3637145959005290894,Devaughn Vele,espn:4569559,Over,45.5,-115,9760832328,2585781649123967368,main,2026-10-05T22:53:03.185022Z,2026-10-05T23:26:15.388692Z,2026-10-05T23:26:15.388692Z,,,
2026-10-05T23:24:55Z,football_nfl,32677,2026-10-06T00:15:00Z,player_reception_yds,hardrock,3637145959005290894,Devaughn Vele,espn:4569559,Under,45.5,-115,9760832329,1204548754032689544,main,2026-10-05T21:34:19.631663Z,2026-10-05T23:26:15.388692Z,2026-10-05T23:26:15.388692Z,,,
2026-10-05T23:24:55Z,football_nfl,32677,2026-10-06T00:15:00Z,player_reception_yds,hardrock,3637145959005290894,Drake London,espn:4426502,Over,81.5,-115,9760832330,6933535330142388658,main,2026-10-05T22:20:24.346607Z,2026-10-05T23:26:15.388692Z,2026-10-05T23:26:15.388692Z,,,
2026-10-05T23:24:55Z,football_nfl,32677,2026-10-06T00:15:00Z,player_reception_yds,hardrock,3637145959005290894,Drake London,espn:4426502,Under,81.5,-115,9760832331,6409235409460658610,main,2026-10-05T22:20:24.346607Z,2026-10-05T23:26:15.388692Z,2026-10-05T23:26:15.388692Z,,,
2026-10-05T23:24:55Z,football_nfl,32677,2026-10-06T00:15:00Z,player_reception_yds,hardrock,3637145959005290894,Jahan Dotson,espn:4361409,Over,19.5,-115,9760832332,2596700619926536626,main,2026-10-05T20:53:11.967257Z,2026-10-05T23:26:15.388692Z,2026-10-05T23:26:15.388692Z,,,
2026-10-05T23:24:55Z,football_nfl,32677,2026-10-06T00:15:00Z,player_reception_yds,hardrock,3637145959005290894,Jahan Dotson,espn:4361409,Under,19.5,-115,9760832333,1609585468788310450,main,2026-10-05T20:53:11.967257Z,2026-10-05T23:26:15.388692Z,2026-10-05T23:26:15.388692Z,,,
2026-10-05T23:24:55Z,football_nfl,32677,2026-10-06T00:15:00Z,player_reception_yds,hardrock,3637145959005290894,Juwan Johnson,espn:3929645,Over,46.5,-115,9760832334,151941158426247558,main,2026-10-05T22:49:21.484505Z,2026-10-05T23:26:15.388692Z,2026-10-05T23:26:15.388692Z,,,
2026-10-05T23:24:55Z,football_nfl,32677,2026-10-06T00:15:00Z,player_reception_yds,hardrock,3637145959005290894,Juwan Johnson,espn:3929645,Under,46.5,-115,9760832335,7571709505449361798,main,2026-10-05T22:50:46.629935Z,2026-10-05T23:26:15.388692Z,2026-10-05T23:26:15.388692Z,,,
2026-10-05T23:24:55Z,football_nfl,32677,2026-10-06T00:15:00Z,player_reception_yds,hardrock,3637145959005290894,Kyle Pitts Sr.,espn:4360248,Over,32.5,-115,9760832336,4080440984075370889,main,2026-10-05T22:45:06.652622Z,2026-10-05T23:26:15.388692Z,2026-10-05T23:26:15.388692Z,,,
2026-10-05T23:24:55Z,football_nfl,32677,2026-10-06T00:15:00Z,player_reception_yds,hardrock,3637145959005290894,Kyle Pitts Sr.,espn:4360248,Under,32.5,-115,9760832337,1041830649553617289,main,2026-10-05T23:11:37.540817Z,2026-10-05T23:26:15.388692Z,2026-10-05T23:26:15.388692Z,,,
2026-10-05T23:24:55Z,football_nfl,32677,2026-10-06T00:15:00Z,player_receptions,hardrock,3637145959005290894,Alvin Kamara,espn:3054850,Over,3.5,130,9760832340,4944339128423678385,main,2026-10-05T13:56:00.405978Z,2026-10-05T23:26:15.388692Z,2026-10-05T23:26:15.388692Z,,,
2026-10-05T23:24:55Z,football_nfl,32677,2026-10-06T00:15:00Z,player_receptions,hardrock,3637145959005290894,Alvin Kamara,espn:3054850,Under,3.5,-170,9760832341,6087409008845652401,main,2026-10-05T20:28:04.994879Z,2026-10-05T23:26:15.388692Z,2026-10-05T23:26:15.388692Z,,,
2026-10-05T23:24:55Z,football_nfl,32677,2026-10-06T00:15:00Z,player_receptions,hardrock,3637145959005290894,Austin Hooper,espn:3043275,Over,0.5,-230,9760832342,2161380597572960659,main,2026-10-05T22:13:57.418649Z,2026-10-05T23:26:15.388692Z,2026-10-05T23:26:15.388692Z,,,
2026-10-05T23:24:55Z,football_nfl,32677,2026-10-06T00:15:00Z,player_receptions,hardrock,3637145959005290894,Austin Hooper,espn:3043275,Under,0.5,165,9760832343,7885174248984150419,main,2026-10-05T22:13:57.418649Z,2026-10-05T23:26:15.388692Z,2026-10-05T23:26:15.388692Z,,,
2026-10-05T23:24:55Z,football_nfl,32677,2026-10-06T00:15:00Z,player_receptions,hardrock,3637145959005290894,Bijan Robinson,espn:4430807,Over,4.5,110,9760832344,3762704766715691438,main,2026-10-05T19:09:24.584156Z,2026-10-05T23:26:15.388692Z,2026-10-05T23:26:15.388692Z,,,
2026-10-05T23:24:55Z,football_nfl,32677,2026-10-06T00:15:00Z,player_receptions,hardrock,3637145959005290894,Bijan Robinson,espn:4430807,Under,4.5,-145,9760832345,3533584135673217454,main,2026-10-05T19:09:24.584156Z,2026-10-05T23:26:15.388692Z,2026-10-05T23:26:15.388692Z,,,
2026-10-05T23:24:55Z,football_nfl,32677,2026-10-06T00:15:00Z,player_receptions,hardrock,3637145959005290894,Chris Olave,espn:4361370,Over,6.5,-140,9760832346,5046383943604109739,main,2026-10-05T22:51:50.065239Z,2026-10-05T23:26:15.388692Z,2026-10-05T23:26:15.388692Z,,,
2026-10-05T23:24:55Z,football_nfl,32677,2026-10-06T00:15:00Z,player_receptions,hardrock,3637145959005290894,Chris Olave,espn:4361370,Under,6.5,110,9760832347,161667197767385515,main,2026-10-05T22:51:50.065239Z,2026-10-05T23:26:15.388692Z,2026-10-05T23:26:15.388692Z,,,
2026-10-05T23:24:55Z,football_nfl,32677,2026-10-06T00:15:00Z,player_receptions,hardrock,3637145959005290894,Devaughn Vele,espn:4569559,Over,3.5,-165,9760832348,4373578244398645678,main,2026-10-05T22:57:11.867309Z,2026-10-05T23:26:15.388692Z,2026-10-05T23:26:15.388692Z,,,
2026-10-05T23:24:55Z,football_nfl,32677,2026-10-06T00:15:00Z,player_receptions,hardrock,3637145959005290894,Devaughn Vele,espn:4569559,Under,3.5,125,9760832349,7968295171970433454,main,2026-10-05T22:49:21.484505Z,2026-10-05T23:26:15.388692Z,2026-10-05T23:26:15.388692Z,,,
2026-10-05T23:24:55Z,football_nfl,32677,2026-10-06T00:15:00Z,player_receptions,hardrock,3637145959005290894,Drake London,espn:4426502,Over,6.5,110,9760832350,6737261234590187940,main,2026-10-05T22:50:46.629935Z,2026-10-05T23:26:15.388692Z,2026-10-05T23:26:15.388692Z,,,
2026-10-05T23:24:55Z,football_nfl,32677,2026-10-06T00:15:00Z,player_receptions,hardrock,3637145959005290894,Drake London,espn:4426502,Under,6.5,-145,9760832351,5396877395494044068,main,2026-10-05T22:18:53.638169Z,2026-10-05T23:26:15.388692Z,2026-10-05T23:26:15.388692Z,,,
2026-10-05T23:24:55Z,football_nfl,32677,2026-10-06T00:15:00Z,player_receptions,hardrock,3637145959005290894,Jahan Dotson,espn:4361409,Over,1.5,-135,9760832352,3532588635268448656,main,2026-10-05T18:59:13.950568Z,2026-10-05T23:26:15.388692Z,2026-10-05T23:26:15.388692Z,,,
2026-10-05T23:24:55Z,football_nfl,32677,2026-10-06T00:15:00Z,player_receptions,hardrock,3637145959005290894,Jahan Dotson,espn:4361409,Under,1.5,105,9760832353,595678728269463952,main,2026-10-05T20:28:04.994879Z,2026-10-05T23:26:15.388692Z,2026-10-05T23:26:15.388692Z,,,
2026-10-05T23:24:55Z,football_nfl,32677,2026-10-06T00:15:00Z,player_receptions,hardrock,3637145959005290894,Juwan Johnson,espn:3929645,Over,4.5,115,9760832354,7431830254638989700,main,2026-10-05T22:49:21.484505Z,2026-10-05T23:26:15.388692Z,2026-10-05T23:26:15.388692Z,,,
2026-10-05T23:24:55Z,football_nfl,32677,2026-10-06T00:15:00Z,player_receptions,hardrock,3637145959005290894,Juwan Johnson,espn:3929645,Under,4.5,-150,9760832355,45223178309599620,main,2026-10-05T22:49:21.484505Z,2026-10-05T23:26:15.388692Z,2026-10-05T23:26:15.388692Z,,,
2026-10-05T23:24:55Z,football_nfl,32677,2026-10-06T00:15:00Z,player_receptions,hardrock,3637145959005290894,Kyle Pitts Sr.,espn:4360248,Over,2.5,-175,9760832356,7299678199749935498,main,2026-10-05T22:45:06.652622Z,2026-10-05T23:26:15.388692Z,2026-10-05T23:26:15.388692Z,,,
2026-10-05T23:24:55Z,football_nfl,32677,2026-10-06T00:15:00Z,player_receptions,hardrock,3637145959005290894,Kyle Pitts Sr.,espn:4360248,Under,2.5,135,9760832357,5782528075279499658,main,2026-10-05T23:11:37.540817Z,2026-10-05T23:26:15.388692Z,2026-10-05T23:26:15.388692Z,,,
2026-10-05T23:24:55Z,football_nfl,32677,2026-10-06T00:15:00Z,player_rush_yds,hardrock,3637145959005290894,Alvin Kamara,espn:3054850,Over,36.5,-115,9760832372,2556968667745223090,main,2026-10-05T23:26:16.036167Z,2026-10-05T23:26:15.388692Z,2026-10-05T23:26:15.388692Z,,,
2026-10-05T23:24:55Z,football_nfl,32677,2026-10-06T00:15:00Z,player_rush_yds,hardrock,3637145959005290894,Alvin Kamara,espn:3054850,Under,36.5,-115,9760832373,4163592650437558706,main,2026-10-05T23:26:16.036167Z,2026-10-05T23:26:15.388692Z,2026-10-05T23:26:15.388692Z,,,
2026-10-05T23:24:55Z,football_nfl,32677,2026-10-06T00:15:00Z,player_rush_yds,hardrock,3637145959005290894,Bijan Robinson,espn:4430807,Over,89.5,-115,9760832374,4944365087206015394,main,2026-10-05T23:21:27.593073Z,2026-10-05T23:26:15.388692Z,2026-10-05T23:26:15.388692Z,,,
2026-10-05T23:24:55Z,football_nfl,32677,2026-10-06T00:15:00Z,player_rush_yds,hardrock,3637145959005290894,Bijan Robinson,espn:4430807,Under,89.5,-115,9760832375,7778360705845166498,main,2026-10-05T23:21:27.593073Z,2026-10-05T23:26:15.388692Z,2026-10-05T23:26:15.388692Z,,,
2026-10-05T23:24:55Z,football_nfl,32677,2026-10-06T00:15:00Z,player_rush_yds,hardrock,3637145959005290894,Brian Robinson Jr.,espn:4241474,Over,29.5,-115,9760832376,8162413739400888745,main,2026-10-05T21:35:17.934523Z,2026-10-05T23:26:15.388692Z,2026-10-05T23:26:15.388692Z,,,
2026-10-05T23:24:55Z,football_nfl,32677,2026-10-06T00:15:00Z,player_rush_yds,hardrock,3637145959005290894,Brian Robinson Jr.,espn:4241474,Under,29.5,-115,9760832377,5499744022601793961,main,2026-10-05T21:35:17.934523Z,2026-10-05T23:26:15.388692Z,2026-10-05T23:26:15.388692Z,,,
2026-10-05T23:24:55Z,football_nfl,32677,2026-10-06T00:15:00Z,player_rush_yds,hardrock,3637145959005290894,Kendre Miller,espn:4599739,Over,26.5,-115,9760832378,169773446027411881,main,2026-10-05T23:13:58.667530Z,2026-10-05T23:26:15.388692Z,2026-10-05T23:26:15.388692Z,,,
2026-10-05T23:24:55Z,football_nfl,32677,2026-10-06T00:15:00Z,player_rush_yds,hardrock,3637145959005290894,Kendre Miller,espn:4599739,Under,26.5,-115,9760832379,4164677421737574825,main,2026-10-05T23:13:58.667530Z,2026-10-05T23:26:15.388692Z,2026-10-05T23:26:15.388692Z,,,
2026-10-05T23:24:55Z,football_nfl,32677,2026-10-06T00:15:00Z,player_rush_yds,hardrock,3637145959005290894,Michael Penix Jr.,espn:4360423,Over,4.5,-115,9760832380,6621130098131206538,main,2026-10-05T16:53:52.756082Z,2026-10-05T23:26:15.388692Z,2026-10-05T23:26:15.388692Z,,,
2026-10-05T23:24:55Z,football_nfl,32677,2026-10-06T00:15:00Z,player_rush_yds,hardrock,3637145959005290894,Michael Penix Jr.,espn:4360423,Under,4.5,-115,9760832381,5722675166610325898,main,2026-10-05T16:53:52.756082Z,2026-10-05T23:26:15.388692Z,2026-10-05T23:26:15.388692Z,,,
2026-10-05T23:24:55Z,football_nfl,32677,2026-10-06T00:15:00Z,player_rush_yds,hardrock,3637145959005290894,Tyler Shough,espn:4360689,Over,17.5,-115,9760832382,1044736975539667364,main,2026-10-05T22:30:37.877741Z,2026-10-05T23:26:15.388692Z,2026-10-05T23:26:15.388692Z,,,
2026-10-05T23:24:55Z,football_nfl,32677,2026-10-06T00:15:00Z,player_rush_yds,hardrock,3637145959005290894,Tyler Shough,espn:4360689,Under,17.5,-115,9760832383,1784294884660871588,main,2026-10-05T22:30:37.877741Z,2026-10-05T23:26:15.388692Z,2026-10-05T23:26:15.388692Z,,,
2026-10-05T23:24:55Z,football_nfl,32677,2026-10-06T00:15:00Z,player_reception_yds,hardrock,3637145959005290894,Olamide Zaccheaus,espn:3917914,Over,8.5,-115,9876059040,4826771221653881224,main,2026-10-05T17:55:06.410909Z,2026-10-05T23:26:15.388692Z,2026-10-05T23:26:15.388692Z,,,
2026-10-05T23:24:55Z,football_nfl,32677,2026-10-06T00:15:00Z,player_reception_yds,hardrock,3637145959005290894,Olamide Zaccheaus,espn:3917914,Under,8.5,-115,9876059041,5621445449652240776,main,2026-10-05T17:55:06.410909Z,2026-10-05T23:26:15.388692Z,2026-10-05T23:26:15.388692Z,,,
2026-10-05T23:24:55Z,football_nfl,32677,2026-10-06T00:15:00Z,player_reception_yds,hardrock,3637145959005290894,Olamide Zaccheaus,espn:3917914,25+ Receiving Yards,,350,9876059042,7954134134769713545,milestone,2026-10-05T13:32:12.857553Z,2026-10-05T23:26:15.388692Z,2026-10-05T23:26:15.388692Z,,,
2026-10-05T23:24:55Z,football_nfl,32677,2026-10-06T00:15:00Z,player_reception_yds,hardrock,3637145959005290894,Olamide Zaccheaus,espn:3917914,40+ Receiving Yards,,800,9876059043,6314823870406852995,milestone,2026-10-05T18:18:25.300097Z,2026-10-05T23:26:15.388692Z,2026-10-05T23:26:15.388692Z,,,
2026-10-05T23:24:55Z,football_nfl,32677,2026-10-06T00:15:00Z,player_reception_yds,hardrock,3637145959005290894,Olamide Zaccheaus,espn:3917914,50+ Receiving Yards,,1500,9876059044,5882478306179285425,milestone,2026-10-05T20:17:48.938408Z,2026-10-05T23:26:15.388692Z,2026-10-05T23:26:15.388692Z,,,
2026-10-05T23:24:55Z,football_nfl,32677,2026-10-06T00:15:00Z,player_receptions,hardrock,3637145959005290894,Olamide Zaccheaus,espn:3917914,Over,1.5,135,9893261697,651391581999464865,main,2026-10-05T22:13:57.418649Z,2026-10-05T23:26:15.388692Z,2026-10-05T23:26:15.388692Z,,,
2026-10-05T23:24:55Z,football_nfl,32677,2026-10-06T00:15:00Z,player_receptions,hardrock,3637145959005290894,Olamide Zaccheaus,espn:3917914,Under,1.5,-180,9893261698,1161424239799173537,main,2026-10-05T23:25:05.221509Z,2026-10-05T23:26:15.388692Z,2026-10-05T23:26:15.388692Z,,,
2026-10-05T23:24:55Z,football_nfl,32677,2026-10-06T00:15:00Z,player_receptions,hardrock,3637145959005290894,Olamide Zaccheaus,espn:3917914,2+ Receptions,,135,9893261699,2383025638723420578,milestone,2026-10-05T22:13:57.418649Z,2026-10-05T23:26:15.388692Z,2026-10-05T23:26:15.388692Z,,,
2026-10-05T23:24:55Z,football_nfl,32677,2026-10-06T00:15:00Z,player_receptions,hardrock,3637145959005290894,Olamide Zaccheaus,espn:3917914,3+ Receptions,,425,9893261700,4472695865823330736,milestone,2026-10-05T18:24:51.968781Z,2026-10-05T23:26:15.388692Z,2026-10-05T23:26:15.388692Z,,,
2026-10-05T23:24:55Z,football_nfl,32677,2026-10-06T00:15:00Z,player_receptions,hardrock,3637145959005290894,Olamide Zaccheaus,espn:3917914,4+ Receptions,,1100,9893261701,8026035971818652075,milestone,2026-10-05T22:51:50.065239Z,2026-10-05T23:26:15.388692Z,2026-10-05T23:26:15.388692Z,,,
2026-10-05T23:24:55Z,football_nfl,32677,2026-10-06T00:15:00Z,player_receptions,hardrock,3637145959005290894,Kyle Pitts Sr.,espn:4360248,8+ Receptions,,3000,10364713226,697508880581788054,milestone,2026-10-05T16:39:09.653789Z,2026-10-05T23:26:15.388692Z,2026-10-05T23:26:15.388692Z,,,
2026-10-05T23:24:55Z,football_nfl,32677,2026-10-06T00:15:00Z,player_reception_yds,hardrock,3637145959005290894,Bryce Lance,espn:4879276,Over,15.5,-120,10877843486,6212647840536199577,main,2026-10-05T22:49:21.484505Z,2026-10-05T23:26:15.388692Z,2026-10-05T23:26:15.388692Z,,,
2026-10-05T23:24:55Z,football_nfl,32677,2026-10-06T00:15:00Z,player_reception_yds,hardrock,3637145959005290894,Bryce Lance,espn:4879276,Under,15.5,-110,10877843487,1045787614919131545,main,2026-10-05T22:49:21.484505Z,2026-10-05T23:26:15.388692Z,2026-10-05T23:26:15.388692Z,,,
2026-10-05T23:24:55Z,football_nfl,32677,2026-10-06T00:15:00Z,player_reception_yds,hardrock,3637145959005290894,Bryce Lance,espn:4879276,25+ Receiving Yards,,160,10877843488,7275215877618925971,milestone,2026-10-05T22:55:42.837395Z,2026-10-05T23:26:15.388692Z,2026-10-05T23:26:15.388692Z,,,
2026-10-05T23:24:55Z,football_nfl,32677,2026-10-06T00:15:00Z,player_reception_yds,hardrock,3637145959005290894,Bryce Lance,espn:4879276,40+ Receiving Yards,,375,10877843489,3158925818202292629,milestone,2026-10-05T22:49:21.484505Z,2026-10-05T23:26:15.388692Z,2026-10-05T23:26:15.388692Z,,,
2026-10-05T23:24:55Z,football_nfl,32677,2026-10-06T00:15:00Z,player_reception_yds,hardrock,3637145959005290894,Bryce Lance,espn:4879276,50+ Receiving Yards,,600,10877843490,87470872335614360,milestone,2026-10-05T22:49:21.484505Z,2026-10-05T23:26:15.388692Z,2026-10-05T23:26:15.388692Z,,,
2026-10-05T23:24:55Z,football_nfl,32677,2026-10-06T00:15:00Z,player_reception_yds,hardrock,3637145959005290894,Bryce Lance,espn:4879276,65+ Receiving Yards,,1300,10877843491,5852078395369849237,milestone,2026-10-05T22:30:37.877741Z,2026-10-05T23:26:15.388692Z,2026-10-05T23:26:15.388692Z,,,
2026-10-05T23:24:55Z,football_nfl,32677,2026-10-06T00:15:00Z,player_reception_yds,hardrock,3637145959005290894,Zachariah Branch,espn:4870612,Over,5.5,-115,10877843492,4372889631402885534,main,2026-10-05T23:03:18.868319Z,2026-10-05T23:26:15.388692Z,2026-10-05T23:26:15.388692Z,,,
2026-10-05T23:24:55Z,football_nfl,32677,2026-10-06T00:15:00Z,player_reception_yds,hardrock,3637145959005290894,Zachariah Branch,espn:4870612,Under,5.5,-115,10877843493,125520193769308574,main,2026-10-05T23:03:18.868319Z,2026-10-05T23:26:15.388692Z,2026-10-05T23:26:15.388692Z,,,
2026-10-05T23:24:55Z,football_nfl,32677,2026-10-06T00:15:00Z,player_reception_yds,hardrock,3637145959005290894,Zachariah Branch,espn:4870612,25+ Receiving Yards,,450,10877843494,8136790612163821957,milestone,2026-10-05T21:48:25.970266Z,2026-10-05T23:26:15.388692Z,2026-10-05T23:26:15.388692Z,,,
2026-10-05T23:24:55Z,football_nfl,32677,2026-10-06T00:15:00Z,player_reception_yds,hardrock,3637145959005290894,Zachariah Branch,espn:4870612,40+ Receiving Yards,,1100,10877843495,5939033994007019928,milestone,2026-10-05T22:13:57.418649Z,2026-10-05T23:26:15.388692Z,2026-10-05T23:26:15.388692Z,,,
2026-10-05T23:24:55Z,football_nfl,32677,2026-10-06T00:15:00Z,player_reception_yds,hardrock,3637145959005290894,Zachariah Branch,espn:4870612,50+ Receiving Yards,,2000,10877843496,8154805010673303961,milestone,2026-10-05T21:48:25.970266Z,2026-10-05T23:26:15.388692Z,2026-10-05T23:26:15.388692Z,,,
2026-10-05T23:24:55Z,football_nfl,32677,2026-10-06T00:15:00Z,player_receptions,hardrock,3637145959005290894,Zachariah Branch,espn:4870612,Over,0.5,-165,10877843497,7173453602567094676,main,2026-10-05T21:55:20.886723Z,2026-10-05T23:26:15.388692Z,2026-10-05T23:26:15.388692Z,,,
2026-10-05T23:24:55Z,football_nfl,32677,2026-10-06T00:15:00Z,player_receptions,hardrock,3637145959005290894,Zachariah Branch,espn:4870612,Under,0.5,125,10877843498,7519667823921201556,main,2026-10-05T21:55:20.886723Z,2026-10-05T23:26:15.388692Z,2026-10-05T23:26:15.388692Z,,,
2026-10-05T23:24:55Z,football_nfl,32677,2026-10-06T00:15:00Z,player_receptions,hardrock,3637145959005290894,Zachariah Branch,espn:4870612,2+ Receptions,,275,10877843499,7551755971266216346,milestone,2026-10-05T21:55:20.886723Z,2026-10-05T23:26:15.388692Z,2026-10-05T23:26:15.388692Z,,,
2026-10-05T23:24:55Z,football_nfl,32677,2026-10-06T00:15:00Z,player_receptions,hardrock,3637145959005290894,Zachariah Branch,espn:4870612,3+ Receptions,,850,10877843500,1462889275061305753,milestone,2026-10-05T23:21:27.593073Z,2026-10-05T23:26:15.388692Z,2026-10-05T23:26:15.388692Z,,,
2026-10-05T23:24:55Z,football_nfl,32677,2026-10-06T00:15:00Z,player_receptions,hardrock,3637145959005290894,Bryce Lance,espn:4879276,Over,1.5,110,10883460903,3440011207019463078,main,2026-10-05T22:49:21.484505Z,2026-10-05T23:26:15.388692Z,2026-10-05T23:26:15.388692Z,,,
2026-10-05T23:24:55Z,football_nfl,32677,2026-10-06T00:15:00Z,player_receptions,hardrock,3637145959005290894,Bryce Lance,espn:4879276,Under,1.5,-145,10883460904,256529220421943718,main,2026-10-05T22:49:21.484505Z,2026-10-05T23:26:15.388692Z,2026-10-05T23:26:15.388692Z,,,
2026-10-05T23:24:55Z,football_nfl,32677,2026-10-06T00:15:00Z,player_receptions,hardrock,3637145959005290894,Bryce Lance,espn:4879276,2+ Receptions,,110,10883460905,2785863361143898518,milestone,2026-10-05T22:49:21.484505Z,2026-10-05T23:26:15.388692Z,2026-10-05T23:26:15.388692Z,,,
2026-10-05T23:24:55Z,football_nfl,32677,2026-10-06T00:15:00Z,player_receptions,hardrock,3637145959005290894,Bryce Lance,espn:4879276,3+ Receptions,,325,10883460906,2875935353691308434,milestone,2026-10-05T22:49:21.484505Z,2026-10-05T23:26:15.388692Z,2026-10-05T23:26:15.388692Z,,,
2026-10-05T23:24:55Z,football_nfl,32677,2026-10-06T00:15:00Z,player_receptions,hardrock,3637145959005290894,Bryce Lance,espn:4879276,4+ Receptions,,800,10883460907,4956598381536477577,milestone,2026-10-05T22:49:21.484505Z,2026-10-05T23:26:15.388692Z,2026-10-05T23:26:15.388692Z,,,
2026-10-05T23:24:55Z,football_nfl,32677,2026-10-06T00:15:00Z,player_receptions,hardrock,3637145959005290894,Bryce Lance,espn:4879276,5+ Receptions,,2500,10887275129,4992627178555441549,milestone,2026-10-05T20:28:04.994879Z,2026-10-05T23:26:15.388692Z,2026-10-05T23:26:15.388692Z,,,
2026-10-05T23:24:55Z,football_nfl,32677,2026-10-06T00:15:00Z,player_reception_yds,hardrock,3637145959005290894,Bryce Lance,espn:4879276,80+ Receiving Yards,,3000,10957428272,7489292411823325610,milestone,2026-10-05T17:57:06.422052Z,2026-10-05T23:26:15.388692Z,2026-10-05T23:26:15.388692Z,,,
2026-10-05T23:24:55Z,football_nfl,32677,2026-10-06T00:15:00Z,player_reception_yds,hardrock,3637145959005290894,Kendre Miller,espn:4599739,Over,5.5,-120,11016536471,6950974452326859141,main,2026-10-05T23:04:31.100381Z,2026-10-05T23:26:15.388692Z,2026-10-05T23:26:15.388692Z,,,
2026-10-05T23:24:55Z,football_nfl,32677,2026-10-06T00:15:00Z,player_reception_yds,hardrock,3637145959005290894,Kendre Miller,espn:4599739,Under,5.5,-110,11016536472,2495682967834329477,main,2026-10-05T23:04:31.100381Z,2026-10-05T23:26:15.388692Z,2026-10-05T23:26:15.388692Z,,,
2026-10-05T23:24:55Z,football_nfl,32677,2026-10-06T00:15:00Z,player_reception_yds,hardrock,3637145959005290894,Kendre Miller,espn:4599739,25+ Receiving Yards,,375,11016536473,545659513554993553,milestone,2026-10-05T23:04:31.100381Z,2026-10-05T23:26:15.388692Z,2026-10-05T23:26:15.388692Z,,,
2026-10-05T23:24:55Z,football_nfl,32677,2026-10-06T00:15:00Z,player_reception_yds,hardrock,3637145959005290894,Kendre Miller,espn:4599739,40+ Receiving Yards,,800,11016536474,7301058954610737586,milestone,2026-10-05T23:04:31.100381Z,2026-10-05T23:26:15.388692Z,2026-10-05T23:26:15.388692Z,,,
2026-10-05T23:24:55Z,football_nfl,32677,2026-10-06T00:15:00Z,player_reception_yds,hardrock,3637145959005290894,Kendre Miller,espn:4599739,50+ Receiving Yards,,1400,11016536475,311472332931727776,milestone,2026-10-05T23:04:31.100381Z,2026-10-05T23:26:15.388692Z,2026-10-05T23:26:15.388692Z,,,
2026-10-05T23:24:55Z,football_nfl,32677,2026-10-06T00:15:00Z,player_receptions,hardrock,3637145959005290894,Kendre Miller,espn:4599739,Over,1.5,170,11016785046,1700650848801128858,main,2026-10-05T23:07:14.773624Z,2026-10-05T23:26:15.388692Z,2026-10-05T23:26:15.388692Z,,,
2026-10-05T23:24:55Z,football_nfl,32677,2026-10-06T00:15:00Z,player_receptions,hardrock,3637145959005290894,Kendre Miller,espn:4599739,Under,1.5,-240,11016785061,7380252928868745626,main,2026-10-05T23:19:18.708800Z,2026-10-05T23:26:15.388692Z,2026-10-05T23:26:15.388692Z,,,
2026-10-05T23:24:55Z,football_nfl,32677,2026-10-06T00:15:00Z,player_receptions,hardrock,3637145959005290894,Kendre Miller,espn:4599739,2+ Receptions,,170,11016785065,5595420101546475921,milestone,2026-10-05T23:07:14.773624Z,2026-10-05T23:26:15.388692Z,2026-10-05T23:26:15.388692Z,,,
2026-10-05T23:24:55Z,football_nfl,32677,2026-10-06T00:15:00Z,player_receptions,hardrock,3637145959005290894,Kendre Miller,espn:4599739,3+ Receptions,,550,11016785070,1231432062624465302,milestone,2026-10-05T23:19:18.708800Z,2026-10-05T23:26:15.388692Z,2026-10-05T23:26:15.388692Z,,,
2026-10-05T23:24:55Z,football_nfl,32677,2026-10-06T00:15:00Z,player_receptions,hardrock,3637145959005290894,Kendre Miller,espn:4599739,4+ Receptions,,1750,11016785078,2510454356797686149,milestone,2026-10-05T23:19:18.708800Z,2026-10-05T23:26:15.388692Z,2026-10-05T23:26:15.388692Z,,,
2026-10-05T23:24:55Z,football_nfl,32677,2026-10-06T00:15:00Z,player_reception_yds,hardrock,3637145959005290894,Kendre Miller,espn:4599739,65+ Receiving Yards,,3000,11019048400,1502727829404647814,milestone,2026-10-05T23:04:31.100381Z,2026-10-05T23:26:15.388692Z,2026-10-05T23:26:15.388692Z,,,
2026-10-05T23:24:55Z,football_nfl,32677,2026-10-06T00:15:00Z,player_receptions,hardrock,3637145959005290894,Zachariah Branch,espn:4870612,4+ Receptions,,3000,11022349623,3912847472350855572,milestone,2026-10-05T23:21:27.593073Z,2026-10-05T23:26:15.388692Z,2026-10-05T23:26:15.388692Z,,,
2026-10-05T23:24:55Z,football_nfl,32677,2026-10-06T00:15:00Z,player_pass_tds,kalshi,KXNFLGAME-26OCT05ATLNO,Michael Penix Jr.,espn:4360423,Over,0.5,-400,9770518959,KXNFLPASSTDS-26OCT05ATLNO-ATLMPENIX9-1,alternate,2026-10-05T00:52:42.311843Z,2026-10-05T23:27:08.020590Z,2026-10-05T23:27:08.020590Z,,,
2026-10-05T23:24:55Z,football_nfl,32677,2026-10-06T00:15:00Z,player_pass_tds,kalshi,KXNFLGAME-26OCT05ATLNO,Michael Penix Jr.,espn:4360423,Under,0.5,376,9770518961,KXNFLPASSTDS-26OCT05ATLNO-ATLMPENIX9-1,alternate,2026-10-05T11:04:40.761977Z,2026-10-05T23:27:08.020590Z,2026-10-05T23:27:08.020590Z,,,
2026-10-05T23:24:55Z,football_nfl,32677,2026-10-06T00:15:00Z,player_pass_tds,kalshi,KXNFLGAME-26OCT05ATLNO,Tyler Shough,espn:4360689,Over,0.5,-567,9770518960,KXNFLPASSTDS-26OCT05ATLNO-NOTSHOUGH6-1,alternate,2026-10-05T15:39:36.489442Z,2026-10-05T23:27:08.020590Z,2026-10-05T23:27:08.020590Z,,,
2026-10-05T23:24:55Z,football_nfl,32677,2026-10-06T00:15:00Z,player_pass_tds,kalshi,KXNFLGAME-26OCT05ATLNO,Tyler Shough,espn:4360689,Under,0.5,525,9770518962,KXNFLPASSTDS-26OCT05ATLNO-NOTSHOUGH6-1,alternate,2026-10-05T17:35:57.438115Z,2026-10-05T23:27:08.020590Z,2026-10-05T23:27:08.020590Z,,,
2026-10-05T23:24:55Z,football_nfl,32677,2026-10-06T00:15:00Z,player_pass_tds,kalshi,KXNFLGAME-26OCT05ATLNO,Michael Penix Jr.,espn:4360423,Over,1.5,117,9770518963,KXNFLPASSTDS-26OCT05ATLNO-ATLMPENIX9-2,main,2026-10-05T22:48:47.076334Z,2026-10-05T23:27:08.020590Z,2026-10-05T23:27:08.020590Z,,,
2026-10-05T23:24:55Z,football_nfl,32677,2026-10-06T00:15:00Z,player_pass_tds,kalshi,KXNFLGAME-26OCT05ATLNO,Michael Penix Jr.,espn:4360423,Under,1.5,-122,9770518965,KXNFLPASSTDS-26OCT05ATLNO-ATLMPENIX9-2,main,2026-10-05T22:48:47.076334Z,2026-10-05T23:27:08.020590Z,2026-10-05T23:27:08.020590Z,,,
2026-10-05T23:24:55Z,football_nfl,32677,2026-10-06T00:15:00Z,player_pass_tds,kalshi,KXNFLGAME-26OCT05ATLNO,Tyler Shough,espn:4360689,Over,1.5,-122,9770518964,KXNFLPASSTDS-26OCT05ATLNO-NOTSHOUGH6-2,main,2026-10-05T02:46:03.409845Z,2026-10-05T23:27:08.020590Z,2026-10-05T23:27:08.020590Z,,,
2026-10-05T23:24:55Z,football_nfl,32677,2026-10-06T00:15:00Z,player_pass_tds,kalshi,KXNFLGAME-26OCT05ATLNO,Tyler Shough,espn:4360689,Under,1.5,117,9770518966,KXNFLPASSTDS-26OCT05ATLNO-NOTSHOUGH6-2,main,2026-10-05T10:59:12.827800Z,2026-10-05T23:27:08.020590Z,2026-10-05T23:27:08.020590Z,,,
2026-10-05T23:24:55Z,football_nfl,32677,2026-10-06T00:15:00Z,player_pass_tds,kalshi,KXNFLGAME-26OCT05ATLNO,Michael Penix Jr.,espn:4360423,Over,2.5,488,9770518967,KXNFLPASSTDS-26OCT05ATLNO-ATLMPENIX9-3,alternate,2026-10-05T18:40:52.013625Z,2026-10-05T23:27:08.020590Z,2026-10-05T23:27:08.020590Z,,,
2026-10-05T23:24:55Z,football_nfl,32677,2026-10-06T00:15:00Z,player_pass_tds,kalshi,KXNFLGAME-26OCT05ATLNO,Michael Penix Jr.,espn:4360423,Under,2.5,-525,9770518972,KXNFLPASSTDS-26OCT05ATLNO-ATLMPENIX9-3,alternate,2026-10-05T21:36:35.645926Z,2026-10-05T23:27:08.020590Z,2026-10-05T23:27:08.020590Z,,,
2026-10-05T23:24:55Z,football_nfl,32677,2026-10-06T00:15:00Z,player_pass_tds,kalshi,KXNFLGAME-26OCT05ATLNO,Tyler Shough,espn:4360689,Over,2.5,300,9770518968,KXNFLPASSTDS-26OCT05ATLNO-NOTSHOUGH6-3,alternate,2026-10-05T11:40:10.377154Z,2026-10-05T23:27:08.020590Z,2026-10-05T23:27:08.020590Z,,,
2026-10-05T23:24:55Z,football_nfl,32677,2026-10-06T00:15:00Z,player_pass_tds,kalshi,KXNFLGAME-26OCT05ATLNO,Tyler Shough,espn:4360689,Under,2.5,-317,9770518976,KXNFLPASSTDS-26OCT05ATLNO-NOTSHOUGH6-3,alternate,2026-10-05T11:40:10.377154Z,2026-10-05T23:27:08.020590Z,2026-10-05T23:27:08.020590Z,,,
2026-10-05T23:24:55Z,football_nfl,32677,2026-10-06T00:15:00Z,player_pass_tds,kalshi,KXNFLGAME-26OCT05ATLNO,Michael Penix Jr.,espn:4360423,Over,3.5,1900,9770518984,KXNFLPASSTDS-26OCT05ATLNO-ATLMPENIX9-4,alternate,2026-10-05T14:20:57.337218Z,2026-10-05T23:27:08.020590Z,2026-10-05T23:27:08.020590Z,,,
2026-10-05T23:24:55Z,football_nfl,32677,2026-10-06T00:15:00Z,player_pass_tds,kalshi,KXNFLGAME-26OCT05ATLNO,Michael Penix Jr.,espn:4360423,Under,3.5,-2400,9770519795,KXNFLPASSTDS-26OCT05ATLNO-ATLMPENIX9-4,alternate,2026-10-05T15:54:19.800908Z,2026-10-05T23:27:08.020590Z,2026-10-05T23:27:08.020590Z,,,
2026-10-05T23:24:55Z,football_nfl,32677,2026-10-06T00:15:00Z,player_pass_tds,kalshi,KXNFLGAME-26OCT05ATLNO,Tyler Shough,espn:4360689,Over,3.5,1011,9770518985,KXNFLPASSTDS-26OCT05ATLNO-NOTSHOUGH6-4,alternate,2026-10-04T23:42:33.459253Z,2026-10-05T23:27:08.020590Z,2026-10-05T23:27:08.020590Z,,,
2026-10-05T23:24:55Z,football_nfl,32677,2026-10-06T00:15:00Z,player_pass_tds,kalshi,KXNFLGAME-26OCT05ATLNO,Tyler Shough,espn:4360689,Under,3.5,-1150,9770519998,KXNFLPASSTDS-26OCT05ATLNO-NOTSHOUGH6-4,alternate,2026-10-02T04:38:53.126985Z,2026-10-05T23:27:08.020590Z,2026-10-05T23:27:08.020590Z,,,
2026-10-05T23:24:55Z,football_nfl,32677,2026-10-06T00:15:00Z,player_pass_tds,kalshi,KXNFLGAME-26OCT05ATLNO,Tyler Shough,espn:4360689,Over,4.5,3233,9770519999,KXNFLPASSTDS-26OCT05ATLNO-NOTSHOUGH6-5,alternate,2026-10-05T22:38:40.028531Z,2026-10-05T23:27:08.020590Z,2026-10-05T23:27:08.020590Z,,,
2026-10-05T23:24:55Z,football_nfl,32677,2026-10-06T00:15:00Z,player_pass_tds,kalshi,KXNFLGAME-26OCT05ATLNO,Tyler Shough,espn:4360689,Under,4.5,-4900,9770520000,KXNFLPASSTDS-26OCT05ATLNO-NOTSHOUGH6-5,alternate,2026-10-05T22:38:40.028531Z,2026-10-05T23:27:08.020590Z,2026-10-05T23:27:08.020590Z,,,
2026-10-05T23:24:55Z,football_nfl,32677,2026-10-06T00:15:00Z,player_pass_yds,kalshi,KXNFLGAME-26OCT05ATLNO,Michael Penix Jr.,espn:4360423,Over,149.5,-733,9770520001,KXNFLPASSYDS-26OCT05ATLNO-ATLMPENIX9-150,alternate,2026-10-04T21:59:54.485643Z,2026-10-05T23:27:08.020590Z,2026-10-05T23:27:08.020590Z,,,
2026-10-05T23:24:55Z,football_nfl,32677,2026-10-06T00:15:00Z,player_pass_yds,kalshi,KXNFLGAME-26OCT05ATLNO,Michael Penix Jr.,espn:4360423,Under,149.5,669,9770520002,KXNFLPASSYDS-26OCT05ATLNO-ATLMPENIX9-150,alternate,2026-10-04T21:59:54.485643Z,2026-10-05T23:27:08.020590Z,2026-10-05T23:27:08.020590Z,,,
2026-10-05T23:24:55Z,football_nfl,32677,2026-10-06T00:15:00Z,player_pass_yds,kalshi,KXNFLGAME-26OCT05ATLNO,Michael Penix Jr.,espn:4360423,Over,174.5,-376,9770520003,KXNFLPASSYDS-26OCT05ATLNO-ATLMPENIX9-175,alternate,2026-10-05T00:25:53.074936Z,2026-10-05T23:27:08.020590Z,2026-10-05T23:27:08.020590Z,,,
2026-10-05T23:24:55Z,football_nfl,32677,2026-10-06T00:15:00Z,player_pass_yds,kalshi,KXNFLGAME-26OCT05ATLNO,Michael Penix Jr.,espn:4360423,Under,174.5,355,9770520005,KXNFLPASSYDS-26OCT05ATLNO-ATLMPENIX9-175,alternate,2026-10-05T11:04:02.355881Z,2026-10-05T23:27:08.020590Z,2026-10-05T23:27:08.020590Z,,,
2026-10-05T23:24:55Z,football_nfl,32677,2026-10-06T00:15:00Z,player_pass_yds,kalshi,KXNFLGAME-26OCT05ATLNO,Tyler Shough,espn:4360689,Over,174.5,-809,9770520004,KXNFLPASSYDS-26OCT05ATLNO-NOTSHOUGH6-175,alternate,2026-10-05T11:43:31.064394Z,2026-10-05T23:27:08.020590Z,2026-10-05T23:27:08.020590Z,,,
2026-10-05T23:24:55Z,football_nfl,32677,2026-10-06T00:15:00Z,player_pass_yds,kalshi,KXNFLGAME-26OCT05ATLNO,Tyler Shough,espn:4360689,Under,174.5,733,9770520006,KXNFLPASSYDS-26OCT05ATLNO-NOTSHOUGH6-175,alternate,2026-10-05T11:43:31.064394Z,2026-10-05T23:27:08.020590Z,2026-10-05T23:27:08.020590Z,,,
2026-10-05T23:24:55Z,football_nfl,32677,2026-10-06T00:15:00Z,player_pass_yds,kalshi,KXNFLGAME-26OCT05ATLNO,Michael Penix Jr.,espn:4360423,Over,199.5,-194,9770520007,KXNFLPASSYDS-26OCT05ATLNO-ATLMPENIX9-200,alternate,2026-10-05T22:45:48.602573Z,2026-10-05T23:27:08.020590Z,2026-10-05T23:27:08.020590Z,,,
2026-10-05T23:24:55Z,football_nfl,32677,2026-10-06T00:15:00Z,player_pass_yds,kalshi,KXNFLGAME-26OCT05ATLNO,Michael Penix Jr.,espn:4360423,Under,199.5,186,9770520009,KXNFLPASSYDS-26OCT05ATLNO-ATLMPENIX9-200,alternate,2026-10-05T22:45:48.602573Z,2026-10-05T23:27:08.020590Z,2026-10-05T23:27:08.020590Z,,,
2026-10-05T23:24:55Z,football_nfl,32677,2026-10-06T00:15:00Z,player_pass_yds,kalshi,KXNFLGAME-26OCT05ATLNO,Tyler Shough,espn:4360689,Over,199.5,-426,9770520008,KXNFLPASSYDS-26OCT05ATLNO-NOTSHOUGH6-200,alternate,2026-10-05T09:36:44.660433Z,2026-10-05T23:27:08.020590Z,2026-10-05T23:27:08.020590Z,,,
2026-10-05T23:24:55Z,football_nfl,32677,2026-10-06T00:15:00Z,player_pass_yds,kalshi,KXNFLGAME-26OCT05ATLNO,Tyler Shough,espn:4360689,Under,199.5,400,9770520010,KXNFLPASSYDS-26OCT05ATLNO-NOTSHOUGH6-200,alternate,2026-10-05T08:36:35.392553Z,2026-10-05T23:27:08.020590Z,2026-10-05T23:27:08.020590Z,,,
2026-10-05T23:24:55Z,football_nfl,32677,2026-10-06T00:15:00Z,player_pass_yds,kalshi,KXNFLGAME-26OCT05ATLNO,Michael Penix Jr.,espn:4360423,Over,224.5,-104,9770520011,KXNFLPASSYDS-26OCT05ATLNO-ATLMPENIX9-225,main,2026-10-05T17:56:24.121102Z,2026-10-05T23:27:08.020590Z,2026-10-05T23:27:08.020590Z,,,
2026-10-05T23:24:55Z,football_nfl,32677,2026-10-06T00:15:00Z,player_pass_yds,kalshi,KXNFLGAME-26OCT05ATLNO,Michael Penix Jr.,espn:4360423,Under,224.5,-100,9770520013,KXNFLPASSYDS-26OCT05ATLNO-ATLMPENIX9-225,main,2026-10-05T18:38:31.865287Z,2026-10-05T23:27:08.020590Z,2026-10-05T23:27:08.020590Z,,,
2026-10-05T23:24:55Z,football_nfl,32677,2026-10-06T00:15:00Z,player_pass_yds,kalshi,KXNFLGAME-26OCT05ATLNO,Tyler Shough,espn:4360689,Over,224.5,-233,9770520012,KXNFLPASSYDS-26OCT05ATLNO-NOTSHOUGH6-225,alternate,2026-10-05T09:29:23.708535Z,2026-10-05T23:27:08.020590Z,2026-10-05T23:27:08.020590Z,,,
2026-10-05T23:24:55Z,football_nfl,32677,2026-10-06T00:15:00Z,player_pass_yds,kalshi,KXNFLGAME-26OCT05ATLNO,Tyler Shough,espn:4360689,Under,224.5,223,9770520014,KXNFLPASSYDS-26OCT05ATLNO-NOTSHOUGH6-225,alternate,2026-10-05T11:17:35.793656Z,2026-10-05T23:27:08.020590Z,2026-10-05T23:27:08.020590Z,,,
2026-10-05T23:24:55Z,football_nfl,32677,2026-10-06T00:15:00Z,player_pass_yds,kalshi,KXNFLGAME-26OCT05ATLNO,Michael Penix Jr.,espn:4360423,Over,249.5,170,9770520015,KXNFLPASSYDS-26OCT05ATLNO-ATLMPENIX9-250,alternate,2026-10-05T23:23:08.347955Z,2026-10-05T23:27:08.020590Z,2026-10-05T23:27:08.020590Z,,,
2026-10-05T23:24:55Z,football_nfl,32677,2026-10-06T00:15:00Z,player_pass_yds,kalshi,KXNFLGAME-26OCT05ATLNO,Michael Penix Jr.,espn:4360423,Under,249.5,-178,9770520017,KXNFLPASSYDS-26OCT05ATLNO-ATLMPENIX9-250,alternate,2026-10-05T23:23:08.347955Z,2026-10-05T23:27:08.020590Z,2026-10-05T23:27:08.020590Z,,,
2026-10-05T23:24:55Z,football_nfl,32677,2026-10-06T00:15:00Z,player_pass_yds,kalshi,KXNFLGAME-26OCT05ATLNO,Tyler Shough,espn:4360689,Over,249.5,-133,9770520016,KXNFLPASSYDS-26OCT05ATLNO-NOTSHOUGH6-250,main,2026-10-05T23:09:42.817480Z,2026-10-05T23:27:08.020590Z,2026-10-05T23:27:08.020590Z,,,
2026-10-05T23:24:55Z,football_nfl,32677,2026-10-06T00:15:00Z,player_pass_yds,kalshi,KXNFLGAME-26OCT05ATLNO,Tyler Shough,espn:4360689,Under,249.5,127,9770520018,KXNFLPASSYDS-26OCT05ATLNO-NOTSHOUGH6-250,main,2026-10-05T23:09:42.817480Z,2026-10-05T23:27:08.020590Z,2026-10-05T23:27:08.020590Z,,,
2026-10-05T23:24:55Z,football_nfl,32677,2026-10-06T00:15:00Z,player_pass_yds,kalshi,KXNFLGAME-26OCT05ATLNO,Michael Penix Jr.,espn:4360423,Over,274.5,300,9770520019,KXNFLPASSYDS-26OCT05ATLNO-ATLMPENIX9-275,alternate,2026-10-05T07:02:02.879263Z,2026-10-05T23:27:08.020590Z,2026-10-05T23:27:08.020590Z,,,
2026-10-05T23:24:55Z,football_nfl,32677,2026-10-06T00:15:00Z,player_pass_yds,kalshi,KXNFLGAME-26OCT05ATLNO,Michael Penix Jr.,espn:4360423,Under,274.5,-317,9770520021,KXNFLPASSYDS-26OCT05ATLNO-ATLMPENIX9-275,alternate,2026-10-05T07:02:02.879263Z,2026-10-05T23:27:08.020590Z,2026-10-05T23:27:08.020590Z,,,
2026-10-05T23:24:55Z,football_nfl,32677,2026-10-06T00:15:00Z,player_pass_yds,kalshi,KXNFLGAME-26OCT05ATLNO,Tyler Shough,espn:4360689,Over,274.5,138,9770520020,KXNFLPASSYDS-26OCT05ATLNO-NOTSHOUGH6-275,alternate,2026-10-05T22:31:31.382778Z,2026-10-05T23:27:08.020590Z,2026-10-05T23:27:08.020590Z,,,
2026-10-05T23:24:55Z,football_nfl,32677,2026-10-06T00:15:00Z,player_pass_yds,kalshi,KXNFLGAME-26OCT05ATLNO,Tyler Shough,espn:4360689,Under,274.5,-144,9770520022,KXNFLPASSYDS-26OCT05ATLNO-NOTSHOUGH6-275,alternate,2026-10-05T22:31:31.382778Z,2026-10-05T23:27:08.020590Z,2026-10-05T23:27:08.020590Z,,,
2026-10-05T23:24:55Z,football_nfl,32677,2026-10-06T00:15:00Z,player_pass_yds,kalshi,KXNFLGAME-26OCT05ATLNO,Michael Penix Jr.,espn:4360423,Over,299.5,525,9770520023,KXNFLPASSYDS-26OCT05ATLNO-ATLMPENIX9-300,alternate,2026-10-04T13:42:17.592217Z,2026-10-05T23:27:08.020590Z,2026-10-05T23:27:08.020590Z,,,
2026-10-05T23:24:55Z,football_nfl,32677,2026-10-06T00:15:00Z,player_pass_yds,kalshi,KXNFLGAME-26OCT05ATLNO,Michael Penix Jr.,espn:4360423,Under,299.5,-567,9770520025,KXNFLPASSYDS-26OCT05ATLNO-ATLMPENIX9-300,alternate,2026-10-04T16:42:33.710951Z,2026-10-05T23:27:08.020590Z,2026-10-05T23:27:08.020590Z,,,
2026-10-05T23:24:55Z,football_nfl,32677,2026-10-06T00:15:00Z,player_pass_yds,kalshi,KXNFLGAME-26OCT05ATLNO,Tyler Shough,espn:4360689,Over,299.5,233,9770520024,KXNFLPASSYDS-26OCT05ATLNO-NOTSHOUGH6-300,alternate,2026-10-05T22:52:44.888388Z,2026-10-05T23:27:08.020590Z,2026-10-05T23:27:08.020590Z,,,
2026-10-05T23:24:55Z,football_nfl,32677,2026-10-06T00:15:00Z,player_pass_yds,kalshi,KXNFLGAME-26OCT05ATLNO,Tyler Shough,espn:4360689,Under,299.5,-245,9770520026,KXNFLPASSYDS-26OCT05ATLNO-NOTSHOUGH6-300,alternate,2026-10-05T22:52:44.888388Z,2026-10-05T23:27:08.020590Z,2026-10-05T23:27:08.020590Z,,,
2026-10-05T23:24:55Z,football_nfl,32677,2026-10-06T00:15:00Z,player_pass_yds,kalshi,KXNFLGAME-26OCT05ATLNO,Michael Penix Jr.,espn:4360423,Over,324.5,1011,9770520027,KXNFLPASSYDS-26OCT05ATLNO-ATLMPENIX9-325,alternate,2026-10-05T20:38:10.167227Z,2026-10-05T23:27:08.020590Z,2026-10-05T23:27:08.020590Z,,,
2026-10-05T23:24:55Z,football_nfl,32677,2026-10-06T00:15:00Z,player_pass_yds,kalshi,KXNFLGAME-26OCT05ATLNO,Michael Penix Jr.,espn:4360423,Under,324.5,-1150,9770520029,KXNFLPASSYDS-26OCT05ATLNO-ATLMPENIX9-325,alternate,2026-10-05T20:38:10.167227Z,2026-10-05T23:27:08.020590Z,2026-10-05T23:27:08.020590Z,,,
2026-10-05T23:24:55Z,football_nfl,32677,2026-10-06T00:15:00Z,player_pass_yds,kalshi,KXNFLGAME-26OCT05ATLNO,Tyler Shough,espn:4360689,Over,324.5,426,9770520028,KXNFLPASSYDS-26OCT05ATLNO-NOTSHOUGH6-325,alternate,2026-10-05T23:01:41.653041Z,2026-10-05T23:27:08.020590Z,2026-10-05T23:27:08.020590Z,,,
2026-10-05T23:24:55Z,football_nfl,32677,2026-10-06T00:15:00Z,player_pass_yds,kalshi,KXNFLGAME-26OCT05ATLNO,Tyler Shough,espn:4360689,Under,324.5,-456,9770520030,KXNFLPASSYDS-26OCT05ATLNO-NOTSHOUGH6-325,alternate,2026-10-05T23:01:41.653041Z,2026-10-05T23:27:08.020590Z,2026-10-05T23:27:08.020590Z,,,
2026-10-05T23:24:55Z,football_nfl,32677,2026-10-06T00:15:00Z,player_pass_yds,kalshi,KXNFLGAME-26OCT05ATLNO,Michael Penix Jr.,espn:4360423,Over,349.5,1900,9770520031,KXNFLPASSYDS-26OCT05ATLNO-ATLMPENIX9-350,alternate,2026-10-05T23:06:29.572117Z,2026-10-05T23:27:08.020590Z,2026-10-05T23:27:08.020590Z,,,
2026-10-05T23:24:55Z,football_nfl,32677,2026-10-06T00:15:00Z,player_pass_yds,kalshi,KXNFLGAME-26OCT05ATLNO,Michael Penix Jr.,espn:4360423,Under,349.5,-2400,9770520033,KXNFLPASSYDS-26OCT05ATLNO-ATLMPENIX9-350,alternate,2026-10-05T23:06:29.572117Z,2026-10-05T23:27:08.020590Z,2026-10-05T23:27:08.020590Z,,,
2026-10-05T23:24:55Z,football_nfl,32677,2026-10-06T00:15:00Z,player_pass_yds,kalshi,KXNFLGAME-26OCT05ATLNO,Tyler Shough,espn:4360689,Over,349.5,809,9770520032,KXNFLPASSYDS-26OCT05ATLNO-NOTSHOUGH6-350,alternate,2026-10-05T14:18:57.000583Z,2026-10-05T23:27:08.020590Z,2026-10-05T23:27:08.020590Z,,,
2026-10-05T23:24:55Z,football_nfl,32677,2026-10-06T00:15:00Z,player_pass_yds,kalshi,KXNFLGAME-26OCT05ATLNO,Tyler Shough,espn:4360689,Under,349.5,-900,9770520034,KXNFLPASSYDS-26OCT05ATLNO-NOTSHOUGH6-350,alternate,2026-10-05T14:18:57.000583Z,2026-10-05T23:27:08.020590Z,2026-10-05T23:27:08.020590Z,,,
2026-10-05T23:24:55Z,football_nfl,32677,2026-10-06T00:15:00Z,player_pass_yds,kalshi,KXNFLGAME-26OCT05ATLNO,Tyler Shough,espn:4360689,Over,374.5,1567,9770520035,KXNFLPASSYDS-26OCT05ATLNO-NOTSHOUGH6-375,alternate,2026-10-05T15:09:47.666618Z,2026-10-05T23:27:08.020590Z,2026-10-05T23:27:08.020590Z,,,
2026-10-05T23:24:55Z,football_nfl,32677,2026-10-06T00:15:00Z,player_pass_yds,kalshi,KXNFLGAME-26OCT05ATLNO,Tyler Shough,espn:4360689,Under,374.5,-1900,9770520036,KXNFLPASSYDS-26OCT05ATLNO-NOTSHOUGH6-375,alternate,2026-10-01T01:27:34.801205Z,2026-10-05T23:27:08.020590Z,2026-10-05T23:27:08.020590Z,,,
2026-10-05T23:24:55Z,football_nfl,32677,2026-10-06T00:15:00Z,player_pass_yds,kalshi,KXNFLGAME-26OCT05ATLNO,Tyler Shough,espn:4360689,Over,399.5,2400,9770520037,KXNFLPASSYDS-26OCT05ATLNO-NOTSHOUGH6-400,alternate,2026-10-05T18:42:49.824125Z,2026-10-05T23:27:08.020590Z,2026-10-05T23:27:08.020590Z,,,
2026-10-05T23:24:55Z,football_nfl,32677,2026-10-06T00:15:00Z,player_pass_yds,kalshi,KXNFLGAME-26OCT05ATLNO,Tyler Shough,espn:4360689,Under,399.5,-3233,9770520038,KXNFLPASSYDS-26OCT05ATLNO-NOTSHOUGH6-400,alternate,2026-10-05T21:10:20.659214Z,2026-10-05T23:27:08.020590Z,2026-10-05T23:27:08.020590Z,,,
2026-10-05T23:24:55Z,football_nfl,32677,2026-10-06T00:15:00Z,player_reception_yds,kalshi,KXNFLGAME-26OCT05ATLNO,Chris Olave,espn:4361370,Over,109.5,245,9770520039,KXNFLRECYDS-26OCT05ATLNO-NOCOLAVE12-110,alternate,2026-10-05T18:45:39.565774Z,2026-10-05T23:27:08.020590Z,2026-10-05T23:27:08.020590Z,,,
2026-10-05T23:24:55Z,football_nfl,32677,2026-10-06T00:15:00Z,player_reception_yds,kalshi,KXNFLGAME-26OCT05ATLNO,Chris Olave,espn:4361370,Under,109.5,-257,9770520043,KXNFLRECYDS-26OCT05ATLNO-NOCOLAVE12-110,alternate,2026-10-05T18:45:39.565774Z,2026-10-05T23:27:08.020590Z,2026-10-05T23:27:08.020590Z,,,
2026-10-05T23:24:55Z,football_nfl,32677,2026-10-06T00:15:00Z,player_reception_yds,kalshi,KXNFLGAME-26OCT05ATLNO,Devaughn Vele,espn:4569559,Over,109.5,1567,9770520040,KXNFLRECYDS-26OCT05ATLNO-NODVELE14-110,alternate,2026-10-05T15:51:47.054638Z,2026-10-05T23:27:08.020590Z,2026-10-05T23:27:08.020590Z,,,
2026-10-05T23:24:55Z,football_nfl,32677,2026-10-06T00:15:00Z,player_reception_yds,kalshi,KXNFLGAME-26OCT05ATLNO,Devaughn Vele,espn:4569559,Under,109.5,-1900,9771713023,KXNFLRECYDS-26OCT05ATLNO-NODVELE14-110,alternate,2026-10-05T21:50:58.892298Z,2026-10-05T23:27:08.020590Z,2026-10-05T23:27:08.020590Z,,,
2026-10-05T23:24:55Z,football_nfl,32677,2026-10-06T00:15:00Z,player_reception_yds,kalshi,KXNFLGAME-26OCT05ATLNO,Drake London,espn:4426502,Over,109.5,270,9770520041,KXNFLRECYDS-26OCT05ATLNO-ATLDLONDON5-110,alternate,2026-10-05T18:45:39.565774Z,2026-10-05T23:27:08.020590Z,2026-10-05T23:27:08.020590Z,,,
2026-10-05T23:24:55Z,football_nfl,32677,2026-10-06T00:15:00Z,player_reception_yds,kalshi,KXNFLGAME-26OCT05ATLNO,Drake London,espn:4426502,Under,109.5,-285,9770520044,KXNFLRECYDS-26OCT05ATLNO-ATLDLONDON5-110,alternate,2026-10-05T18:45:39.565774Z,2026-10-05T23:27:08.020590Z,2026-10-05T23:27:08.020590Z,,,
2026-10-05T23:24:55Z,football_nfl,32677,2026-10-06T00:15:00Z,player_reception_yds,kalshi,KXNFLGAME-26OCT05ATLNO,Juwan Johnson,espn:3929645,Over,109.5,1900,9770520042,KXNFLRECYDS-26OCT05ATLNO-NOJJOHNSON83-110,alternate,2026-10-05T23:08:35.959875Z,2026-10-05T23:27:08.020590Z,2026-10-05T23:27:08.020590Z,,,
2026-10-05T23:24:55Z,football_nfl,32677,2026-10-06T00:15:00Z,player_reception_yds,kalshi,KXNFLGAME-26OCT05ATLNO,Juwan Johnson,espn:3929645,Under,109.5,-2400,9771713025,KXNFLRECYDS-26OCT05ATLNO-NOJJOHNSON83-110,alternate,2026-10-05T22:51:27.546380Z,2026-10-05T23:27:08.020590Z,2026-10-05T23:27:08.020590Z,,,
2026-10-05T23:24:55Z,football_nfl,32677,2026-10-06T00:15:00Z,player_reception_yds,kalshi,KXNFLGAME-26OCT05ATLNO,Chris Olave,espn:4361370,Over,119.5,317,9770520045,KXNFLRECYDS-26OCT05ATLNO-NOCOLAVE12-120,alternate,2026-10-05T20:43:39.544466Z,2026-10-05T23:27:08.020590Z,2026-10-05T23:27:08.020590Z,,,
2026-10-05T23:24:55Z,football_nfl,32677,2026-10-06T00:15:00Z,player_reception_yds,kalshi,KXNFLGAME-26OCT05ATLNO,Chris Olave,espn:4361370,Under,119.5,-335,9771713029,KXNFLRECYDS-26OCT05ATLNO-NOCOLAVE12-120,alternate,2026-10-05T20:43:39.544466Z,2026-10-05T23:27:08.020590Z,2026-10-05T23:27:08.020590Z,,,
2026-10-05T23:24:55Z,football_nfl,32677,2026-10-06T00:15:00Z,player_reception_yds,kalshi,KXNFLGAME-26OCT05ATLNO,Devaughn Vele,espn:4569559,Over,119.5,2400,9770520046,KXNFLRECYDS-26OCT05ATLNO-NODVELE14-120,alternate,2026-10-05T16:29:15.294556Z,2026-10-05T23:27:08.020590Z,2026-10-05T23:27:08.020590Z,,,
2026-10-05T23:24:55Z,football_nfl,32677,2026-10-06T00:15:00Z,player_reception_yds,kalshi,KXNFLGAME-26OCT05ATLNO,Devaughn Vele,espn:4569559,Under,119.5,-3233,9771713030,KXNFLRECYDS-26OCT05ATLNO-NODVELE14-120,alternate,2026-10-05T20:12:42.533141Z,2026-10-05T23:27:08.020590Z,2026-10-05T23:27:08.020590Z,,,
2026-10-05T23:24:55Z,football_nfl,32677,2026-10-06T00:15:00Z,player_reception_yds,kalshi,KXNFLGAME-26OCT05ATLNO,Drake London,espn:4426502,Over,119.5,355,9770520047,KXNFLRECYDS-26OCT05ATLNO-ATLDLONDON5-120,alternate,2026-10-05T16:17:42.209055Z,2026-10-05T23:27:08.020590Z,2026-10-05T23:27:08.020590Z,,,
2026-10-05T23:24:55Z,football_nfl,32677,2026-10-06T00:15:00Z,player_reception_yds,kalshi,KXNFLGAME-26OCT05ATLNO,Drake London,espn:4426502,Under,119.5,-376,9771713031,KXNFLRECYDS-26OCT05ATLNO-ATLDLONDON5-120,alternate,2026-10-05T15:00:06.268493Z,2026-10-05T23:27:08.020590Z,2026-10-05T23:27:08.020590Z,,,
2026-10-05T23:24:55Z,football_nfl,32677,2026-10-06T00:15:00Z,player_reception_yds,kalshi,KXNFLGAME-26OCT05ATLNO,Chris Olave,espn:4361370,Over,129.5,488,9770520048,KXNFLRECYDS-26OCT05ATLNO-NOCOLAVE12-130,alternate,2026-10-05T23:16:06.203984Z,2026-10-05T23:27:08.020590Z,2026-10-05T23:27:08.020590Z,,,
2026-10-05T23:24:55Z,football_nfl,32677,2026-10-06T00:15:00Z,player_reception_yds,kalshi,KXNFLGAME-26OCT05ATLNO,Chris Olave,espn:4361370,Under,129.5,-525,9771713034,KXNFLRECYDS-26OCT05ATLNO-NOCOLAVE12-130,alternate,2026-10-05T15:35:34.353642Z,2026-10-05T23:27:08.020590Z,2026-10-05T23:27:08.020590Z,,,
2026-10-05T23:24:55Z,football_nfl,32677,2026-10-06T00:15:00Z,player_reception_yds,kalshi,KXNFLGAME-26OCT05ATLNO,Drake London,espn:4426502,Over,129.5,525,9770520049,KXNFLRECYDS-26OCT05ATLNO-ATLDLONDON5-130,alternate,2026-10-05T12:26:57.761305Z,2026-10-05T23:27:08.020590Z,2026-10-05T23:27:08.020590Z,,,
2026-10-05T23:24:55Z,football_nfl,32677,2026-10-06T00:15:00Z,player_reception_yds,kalshi,KXNFLGAME-26OCT05ATLNO,Drake London,espn:4426502,Under,129.5,-567,9771713035,KXNFLRECYDS-26OCT05ATLNO-ATLDLONDON5-130,alternate,2026-10-05T15:00:06.268493Z,2026-10-05T23:27:08.020590Z,2026-10-05T23:27:08.020590Z,,,
2026-10-05T23:24:55Z,football_nfl,32677,2026-10-06T00:15:00Z,player_reception_yds,kalshi,KXNFLGAME-26OCT05ATLNO,Chris Olave,espn:4361370,Over,139.5,669,9770520050,KXNFLRECYDS-26OCT05ATLNO-NOCOLAVE12-140,alternate,2026-10-05T22:47:50.309085Z,2026-10-05T23:27:08.020590Z,2026-10-05T23:27:08.020590Z,,,
2026-10-05T23:24:55Z,football_nfl,32677,2026-10-06T00:15:00Z,player_reception_yds,kalshi,KXNFLGAME-26OCT05ATLNO,Chris Olave,espn:4361370,Under,139.5,-733,9771713038,KXNFLRECYDS-26OCT05ATLNO-NOCOLAVE12-140,alternate,2026-10-05T22:48:09.437617Z,2026-10-05T23:27:08.020590Z,2026-10-05T23:27:08.020590Z,,,
2026-10-05T23:24:55Z,football_nfl,32677,2026-10-06T00:15:00Z,player_reception_yds,kalshi,KXNFLGAME-26OCT05ATLNO,Drake London,espn:4426502,Over,139.5,809,9770520051,KXNFLRECYDS-26OCT05ATLNO-ATLDLONDON5-140,alternate,2026-10-05T14:43:21.722963Z,2026-10-05T23:27:08.020590Z,2026-10-05T23:27:08.020590Z,,,
2026-10-05T23:24:55Z,football_nfl,32677,2026-10-06T00:15:00Z,player_reception_yds,kalshi,KXNFLGAME-26OCT05ATLNO,Drake London,espn:4426502,Under,139.5,-900,9771713039,KXNFLRECYDS-26OCT05ATLNO-ATLDLONDON5-140,alternate,2026-10-05T12:55:00.989693Z,2026-10-05T23:27:08.020590Z,2026-10-05T23:27:08.020590Z,,,
2026-10-05T23:24:55Z,football_nfl,32677,2026-10-06T00:15:00Z,player_reception_yds,kalshi,KXNFLGAME-26OCT05ATLNO,Alvin Kamara,espn:3054850,Over,14.5,-117,9770520052,KXNFLRECYDS-26OCT05ATLNO-NOAKAMARA41-15,main,2026-10-05T23:27:08.164406Z,2026-10-05T23:27:08.020590Z,2026-10-05T23:27:08.020590Z,,,
2026-10-05T23:24:55Z,football_nfl,32677,2026-10-06T00:15:00Z,player_reception_yds,kalshi,KXNFLGAME-26OCT05ATLNO,Alvin Kamara,espn:3054850,Under,14.5,113,9771713047,KXNFLRECYDS-26OCT05ATLNO-NOAKAMARA41-15,main,2026-10-05T23:27:08.164406Z,2026-10-05T23:27:08.020590Z,2026-10-05T23:27:08.020590Z,,,
2026-10-05T23:24:55Z,football_nfl,32677,2026-10-06T00:15:00Z,player_reception_yds,kalshi,KXNFLGAME-26OCT05ATLNO,Austin Hooper,espn:3043275,Over,14.5,233,9770520053,KXNFLRECYDS-26OCT05ATLNO-ATLAHOOPER81-15,main,2026-10-05T15:20:51.773252Z,2026-10-05T23:27:08.020590Z,2026-10-05T23:27:08.020590Z,,,
2026-10-05T23:24:55Z,football_nfl,32677,2026-10-06T00:15:00Z,player_reception_yds,kalshi,KXNFLGAME-26OCT05ATLNO,Austin Hooper,espn:3043275,Under,14.5,-245,9770520059,KXNFLRECYDS-26OCT05ATLNO-ATLAHOOPER81-15,main,2026-10-05T15:20:51.773252Z,2026-10-05T23:27:08.020590Z,2026-10-05T23:27:08.020590Z,,,
2026-10-05T23:24:55Z,football_nfl,32677,2026-10-06T00:15:00Z,player_reception_yds,kalshi,KXNFLGAME-26OCT05ATLNO,Bijan Robinson,espn:4430807,Over,14.5,-567,9770520054,KXNFLRECYDS-26OCT05ATLNO-ATLBROBINSON7-15,alternate,2026-10-05T19:41:37.605663Z,2026-10-05T23:27:08.020590Z,2026-10-05T23:27:08.020590Z,,,
2026-10-05T23:24:55Z,football_nfl,32677,2026-10-06T00:15:00Z,player_reception_yds,kalshi,KXNFLGAME-26OCT05ATLNO,Bijan Robinson,espn:4430807,Under,14.5,525,9770520060,KXNFLRECYDS-26OCT05ATLNO-ATLBROBINSON7-15,alternate,2026-10-05T19:41:37.605663Z,2026-10-05T23:27:08.020590Z,2026-10-05T23:27:08.020590Z,,,
2026-10-05T23:24:55Z,football_nfl,32677,2026-10-06T00:15:00Z,player_reception_yds,kalshi,KXNFLGAME-26OCT05ATLNO,Bryce Lance,espn:4879276,Over,14.5,-108,10894929651,KXNFLRECYDS-26OCT05ATLNO-NOBLANCE18-15,main,2026-10-05T22:58:24.957384Z,2026-10-05T23:27:08.020590Z,2026-10-05T23:27:08.020590Z,,,
2026-10-05T23:24:55Z,football_nfl,32677,2026-10-06T00:15:00Z,player_reception_yds,kalshi,KXNFLGAME-26OCT05ATLNO,Bryce Lance,espn:4879276,Under,14.5,104,10894929652,KXNFLRECYDS-26OCT05ATLNO-NOBLANCE18-15,main,2026-10-05T23:14:33.491251Z,2026-10-05T23:27:08.020590Z,2026-10-05T23:27:08.020590Z,,,
2026-10-05T23:24:55Z,football_nfl,32677,2026-10-06T00:15:00Z,player_reception_yds,kalshi,KXNFLGAME-26OCT05ATLNO,Jahan Dotson,espn:4361409,Over,14.5,-138,9770520055,KXNFLRECYDS-26OCT05ATLNO-ATLJDOTSON4-15,main,2026-10-05T16:29:15.294556Z,2026-10-05T23:27:08.020590Z,2026-10-05T23:27:08.020590Z,,,
2026-10-05T23:24:55Z,football_nfl,32677,2026-10-06T00:15:00Z,player_reception_yds,kalshi,KXNFLGAME-26OCT05ATLNO,Jahan Dotson,espn:4361409,Under,14.5,133,9770520061,KXNFLRECYDS-26OCT05ATLNO-ATLJDOTSON4-15,main,2026-10-05T13:37:50.068022Z,2026-10-05T23:27:08.020590Z,2026-10-05T23:27:08.020590Z,,,
2026-10-05T23:24:55Z,football_nfl,32677,2026-10-06T00:15:00Z,player_reception_yds,kalshi,KXNFLGAME-26OCT05ATLNO,Juwan Johnson,espn:3929645,Over,14.5,-669,9770520056,KXNFLRECYDS-26OCT05ATLNO-NOJJOHNSON83-15,alternate,2026-10-05T23:15:29.671464Z,2026-10-05T23:27:08.020590Z,2026-10-05T23:27:08.020590Z,,,
2026-10-05T23:24:55Z,football_nfl,32677,2026-10-06T00:15:00Z,player_reception_yds,kalshi,KXNFLGAME-26OCT05ATLNO,Juwan Johnson,espn:3929645,Under,14.5,614,9770520062,KXNFLRECYDS-26OCT05ATLNO-NOJJOHNSON83-15,alternate,2026-10-05T19:25:00.146599Z,2026-10-05T23:27:08.020590Z,2026-10-05T23:27:08.020590Z,,,
2026-10-05T23:24:55Z,football_nfl,32677,2026-10-06T00:15:00Z,player_reception_yds,kalshi,KXNFLGAME-26OCT05ATLNO,Kendre Miller,espn:4599739,Over,14.5,300,11021488625,KXNFLRECYDS-26OCT05ATLNO-NOKMILLER5-15,main,2026-10-05T23:26:03.457455Z,2026-10-05T23:27:08.020590Z,2026-10-05T23:27:08.020590Z,,,
2026-10-05T23:24:55Z,football_nfl,32677,2026-10-06T00:15:00Z,player_reception_yds,kalshi,KXNFLGAME-26OCT05ATLNO,Kendre Miller,espn:4599739,Under,14.5,-317,11021834156,KXNFLRECYDS-26OCT05ATLNO-NOKMILLER5-15,main,2026-10-05T23:26:03.457455Z,2026-10-05T23:27:08.020590Z,2026-10-05T23:27:08.020590Z,,,
2026-10-05T23:24:55Z,football_nfl,32677,2026-10-06T00:15:00Z,player_reception_yds,kalshi,KXNFLGAME-26OCT05ATLNO,Kyle Pitts Sr.,espn:4360248,Over,14.5,-317,9770520057,KXNFLRECYDS-26OCT05ATLNO-ATLKPITTS8-15,alternate,2026-10-05T15:50:51.351446Z,2026-10-05T23:27:08.020590Z,2026-10-05T23:27:08.020590Z,,,
2026-10-05T23:24:55Z,football_nfl,32677,2026-10-06T00:15:00Z,player_reception_yds,kalshi,KXNFLGAME-26OCT05ATLNO,Kyle Pitts Sr.,espn:4360248,Under,14.5,300,9770520063,KXNFLRECYDS-26OCT05ATLNO-ATLKPITTS8-15,alternate,2026-10-05T18:57:23.684165Z,2026-10-05T23:27:08.020590Z,2026-10-05T23:27:08.020590Z,,,
2026-10-05T23:24:55Z,football_nfl,32677,2026-10-06T00:15:00Z,player_reception_yds,kalshi,KXNFLGAME-26OCT05ATLNO,Olamide Zaccheaus,espn:3917914,Over,14.5,212,9911544982,KXNFLRECYDS-26OCT05ATLNO-ATLOZACCHEAUS14-15,main,2026-10-05T13:46:08.202444Z,2026-10-05T23:27:08.020590Z,2026-10-05T23:27:08.020590Z,,,
2026-10-05T23:24:55Z,football_nfl,32677,2026-10-06T00:15:00Z,player_reception_yds,kalshi,KXNFLGAME-26OCT05ATLNO,Olamide Zaccheaus,espn:3917914,Under,14.5,-223,9911544990,KXNFLRECYDS-26OCT05ATLNO-ATLOZACCHEAUS14-15,main,2026-10-05T13:35:07.724958Z,2026-10-05T23:27:08.020590Z,2026-10-05T23:27:08.020590Z,,,
2026-10-05T23:24:55Z,football_nfl,32677,2026-10-06T00:15:00Z,player_reception_yds,kalshi,KXNFLGAME-26OCT05ATLNO,Zachariah Branch,espn:4870612,Over,14.5,245,10894860006,KXNFLRECYDS-26OCT05ATLNO-ATLZBRANCH17-15,alternate,2026-10-05T23:06:29.572117Z,2026-10-05T23:27:08.020590Z,2026-10-05T23:27:08.020590Z,,,
2026-10-05T23:24:55Z,football_nfl,32677,2026-10-06T00:15:00Z,player_reception_yds,kalshi,KXNFLGAME-26OCT05ATLNO,Zachariah Branch,espn:4870612,Under,14.5,-257,10894860019,KXNFLRECYDS-26OCT05ATLNO-ATLZBRANCH17-15,alternate,2026-10-05T23:06:29.572117Z,2026-10-05T23:27:08.020590Z,2026-10-05T23:27:08.020590Z,,,
2026-10-05T23:24:55Z,football_nfl,32677,2026-10-06T00:15:00Z,player_reception_yds,kalshi,KXNFLGAME-26OCT05ATLNO,Chris Olave,espn:4361370,Over,149.5,900,9770520065,KXNFLRECYDS-26OCT05ATLNO-NOCOLAVE12-150,alternate,2026-10-05T22:42:12.273576Z,2026-10-05T23:27:08.020590Z,2026-10-05T23:27:08.020590Z,,,
2026-10-05T23:24:55Z,football_nfl,32677,2026-10-06T00:15:00Z,player_reception_yds,kalshi,KXNFLGAME-26OCT05ATLNO,Chris Olave,espn:4361370,Under,149.5,-1011,9771713056,KXNFLRECYDS-26OCT05ATLNO-NOCOLAVE12-150,alternate,2026-10-05T22:42:12.273576Z,2026-10-05T23:27:08.020590Z,2026-10-05T23:27:08.020590Z,,,
2026-10-05T23:24:55Z,football_nfl,32677,2026-10-06T00:15:00Z,player_reception_yds,kalshi,KXNFLGAME-26OCT05ATLNO,Drake London,espn:4426502,Over,149.5,1011,9770520066,KXNFLRECYDS-26OCT05ATLNO-ATLDLONDON5-150,alternate,2026-10-05T23:08:35.959875Z,2026-10-05T23:27:08.020590Z,2026-10-05T23:27:08.020590Z,,,
2026-10-05T23:24:55Z,football_nfl,32677,2026-10-06T00:15:00Z,player_reception_yds,kalshi,KXNFLGAME-26OCT05ATLNO,Drake London,espn:4426502,Under,149.5,-1150,9771713057,KXNFLRECYDS-26OCT05ATLNO-ATLDLONDON5-150,alternate,2026-10-05T23:02:43.121636Z,2026-10-05T23:27:08.020590Z,2026-10-05T23:27:08.020590Z,,,
2026-10-05T23:24:55Z,football_nfl,32677,2026-10-06T00:15:00Z,player_reception_yds,kalshi,KXNFLGAME-26OCT05ATLNO,Chris Olave,espn:4361370,Over,159.5,1329,9770520067,KXNFLRECYDS-26OCT05ATLNO-NOCOLAVE12-160,alternate,2026-10-05T23:08:35.959875Z,2026-10-05T23:27:08.020590Z,2026-10-05T23:27:08.020590Z,,,
2026-10-05T23:24:55Z,football_nfl,32677,2026-10-06T00:15:00Z,player_reception_yds,kalshi,KXNFLGAME-26OCT05ATLNO,Chris Olave,espn:4361370,Under,159.5,-1567,9771713060,KXNFLRECYDS-26OCT05ATLNO-NOCOLAVE12-160,alternate,2026-10-05T18:52:52.177379Z,2026-10-05T23:27:08.020590Z,2026-10-05T23:27:08.020590Z,,,
2026-10-05T23:24:55Z,football_nfl,32677,2026-10-06T00:15:00Z,player_reception_yds,kalshi,KXNFLGAME-26OCT05ATLNO,Drake London,espn:4426502,Over,159.5,1567,9770520068,KXNFLRECYDS-26OCT05ATLNO-ATLDLONDON5-160,alternate,2026-10-05T15:25:10.397725Z,2026-10-05T23:27:08.020590Z,2026-10-05T23:27:08.020590Z,,,
2026-10-05T23:24:55Z,football_nfl,32677,2026-10-06T00:15:00Z,player_reception_yds,kalshi,KXNFLGAME-26OCT05ATLNO,Drake London,espn:4426502,Under,159.5,-1900,9771713061,KXNFLRECYDS-26OCT05ATLNO-ATLDLONDON5-160,alternate,2026-10-05T15:22:11.470885Z,2026-10-05T23:27:08.020590Z,2026-10-05T23:27:08.020590Z,,,
2026-10-05T23:24:55Z,football_nfl,32677,2026-10-06T00:15:00Z,player_reception_yds,kalshi,KXNFLGAME-26OCT05ATLNO,Chris Olave,espn:4361370,Over,169.5,1567,9770520069,KXNFLRECYDS-26OCT05ATLNO-NOCOLAVE12-170,alternate,2026-10-05T19:37:38.684933Z,2026-10-05T23:27:08.020590Z,2026-10-05T23:27:08.020590Z,,,
2026-10-05T23:24:55Z,football_nfl,32677,2026-10-06T00:15:00Z,player_reception_yds,kalshi,KXNFLGAME-26OCT05ATLNO,Chris Olave,espn:4361370,Under,169.5,-2400,9771713064,KXNFLRECYDS-26OCT05ATLNO-NOCOLAVE12-170,alternate,2026-10-05T23:15:51.930985Z,2026-10-05T23:27:08.020590Z,2026-10-05T23:27:08.020590Z,,,
2026-10-05T23:24:55Z,football_nfl,32677,2026-10-06T00:15:00Z,player_reception_yds,kalshi,KXNFLGAME-26OCT05ATLNO,Drake London,espn:4426502,Over,169.5,1900,9770520070,KXNFLRECYDS-26OCT05ATLNO-ATLDLONDON5-170,alternate,2026-10-05T23:08:35.959875Z,2026-10-05T23:27:08.020590Z,2026-10-05T23:27:08.020590Z,,,
2026-10-05T23:24:55Z,football_nfl,32677,2026-10-06T00:15:00Z,player_reception_yds,kalshi,KXNFLGAME-26OCT05ATLNO,Drake London,espn:4426502,Under,169.5,-2400,9771713065,KXNFLRECYDS-26OCT05ATLNO-ATLDLONDON5-170,alternate,2026-10-05T20:12:42.533141Z,2026-10-05T23:27:08.020590Z,2026-10-05T23:27:08.020590Z,,,
2026-10-05T23:24:55Z,football_nfl,32677,2026-10-06T00:15:00Z,player_reception_yds,kalshi,KXNFLGAME-26OCT05ATLNO,Alvin Kamara,espn:3054850,Over,24.5,233,9770520071,KXNFLRECYDS-26OCT05ATLNO-NOAKAMARA41-25,alternate,2026-10-05T23:05:54.897205Z,2026-10-05T23:27:08.020590Z,2026-10-05T23:27:08.020590Z,,,
2026-10-05T23:24:55Z,football_nfl,32677,2026-10-06T00:15:00Z,player_reception_yds,kalshi,KXNFLGAME-26OCT05ATLNO,Alvin Kamara,espn:3054850,Under,24.5,-245,9771713074,KXNFLRECYDS-26OCT05ATLNO-NOAKAMARA41-25,alternate,2026-10-05T20:25:09.965481Z,2026-10-05T23:27:08.020590Z,2026-10-05T23:27:08.020590Z,,,
2026-10-05T23:24:55Z,football_nfl,32677,2026-10-06T00:15:00Z,player_reception_yds,kalshi,KXNFLGAME-26OCT05ATLNO,Austin Hooper,espn:3043275,Over,24.5,488,9770520072,KXNFLRECYDS-26OCT05ATLNO-ATLAHOOPER81-25,alternate,2026-10-05T14:12:38.985695Z,2026-10-05T23:27:08.020590Z,2026-10-05T23:27:08.020590Z,,,
2026-10-05T23:24:55Z,football_nfl,32677,2026-10-06T00:15:00Z,player_reception_yds,kalshi,KXNFLGAME-26OCT05ATLNO,Austin Hooper,espn:3043275,Under,24.5,-525,9770520079,KXNFLRECYDS-26OCT05ATLNO-ATLAHOOPER81-25,alternate,2026-10-05T14:10:40.536434Z,2026-10-05T23:27:08.020590Z,2026-10-05T23:27:08.020590Z,,,
2026-10-05T23:24:55Z,football_nfl,32677,2026-10-06T00:15:00Z,player_reception_yds,kalshi,KXNFLGAME-26OCT05ATLNO,Bijan Robinson,espn:4430807,Over,24.5,-213,9770520073,KXNFLRECYDS-26OCT05ATLNO-ATLBROBINSON7-25,alternate,2026-10-05T23:27:08.164406Z,2026-10-05T23:27:08.020590Z,2026-10-05T23:27:08.020590Z,,,
2026-10-05T23:24:55Z,football_nfl,32677,2026-10-06T00:15:00Z,player_reception_yds,kalshi,KXNFLGAME-26OCT05ATLNO,Bijan Robinson,espn:4430807,Under,24.5,203,9770520080,KXNFLRECYDS-26OCT05ATLNO-ATLBROBINSON7-25,alternate,2026-10-05T23:27:08.164406Z,2026-10-05T23:27:08.020590Z,2026-10-05T23:27:08.020590Z,,,
2026-10-05T23:24:55Z,football_nfl,32677,2026-10-06T00:15:00Z,player_reception_yds,kalshi,KXNFLGAME-26OCT05ATLNO,Bryce Lance,espn:4879276,Over,24.5,194,10894860023,KXNFLRECYDS-26OCT05ATLNO-NOBLANCE18-25,alternate,2026-10-05T22:11:48.133812Z,2026-10-05T23:27:08.020590Z,2026-10-05T23:27:08.020590Z,,,
2026-10-05T23:24:55Z,football_nfl,32677,2026-10-06T00:15:00Z,player_reception_yds,kalshi,KXNFLGAME-26OCT05ATLNO,Bryce Lance,espn:4879276,Under,24.5,-203,10894860038,KXNFLRECYDS-26OCT05ATLNO-NOBLANCE18-25,alternate,2026-10-05T22:31:25.011811Z,2026-10-05T23:27:08.020590Z,2026-10-05T23:27:08.020590Z,,,
2026-10-05T23:24:55Z,football_nfl,32677,2026-10-06T00:15:00Z,player_reception_yds,kalshi,KXNFLGAME-26OCT05ATLNO,Devaughn Vele,espn:4569559,Over,24.5,-300,9770520074,KXNFLRECYDS-26OCT05ATLNO-NODVELE14-25,alternate,2026-10-05T22:45:11.704115Z,2026-10-05T23:27:08.020590Z,2026-10-05T23:27:08.020590Z,,,
2026-10-05T23:24:55Z,football_nfl,32677,2026-10-06T00:15:00Z,player_reception_yds,kalshi,KXNFLGAME-26OCT05ATLNO,Devaughn Vele,espn:4569559,Under,24.5,285,9770520081,KXNFLRECYDS-26OCT05ATLNO-NODVELE14-25,alternate,2026-10-05T22:44:29.410273Z,2026-10-05T23:27:08.020590Z,2026-10-05T23:27:08.020590Z,,,
2026-10-05T23:24:55Z,football_nfl,32677,2026-10-06T00:15:00Z,player_reception_yds,kalshi,KXNFLGAME-26OCT05ATLNO,Jahan Dotson,espn:4361409,Over,24.5,144,9770520075,KXNFLRECYDS-26OCT05ATLNO-ATLJDOTSON4-25,alternate,2026-10-05T22:39:03.350959Z,2026-10-05T23:27:08.020590Z,2026-10-05T23:27:08.020590Z,,,
2026-10-05T23:24:55Z,football_nfl,32677,2026-10-06T00:15:00Z,player_reception_yds,kalshi,KXNFLGAME-26OCT05ATLNO,Jahan Dotson,espn:4361409,Under,24.5,-150,9770520082,KXNFLRECYDS-26OCT05ATLNO-ATLJDOTSON4-25,alternate,2026-10-05T23:01:41.653041Z,2026-10-05T23:27:08.020590Z,2026-10-05T23:27:08.020590Z,,,
2026-10-05T23:24:55Z,football_nfl,32677,2026-10-06T00:15:00Z,player_reception_yds,kalshi,KXNFLGAME-26OCT05ATLNO,Juwan Johnson,espn:3929645,Over,24.5,-335,9770520076,KXNFLRECYDS-26OCT05ATLNO-NOJJOHNSON83-25,alternate,2026-10-05T18:17:41.295481Z,2026-10-05T23:27:08.020590Z,2026-10-05T23:27:08.020590Z,,,
2026-10-05T23:24:55Z,football_nfl,32677,2026-10-06T00:15:00Z,player_reception_yds,kalshi,KXNFLGAME-26OCT05ATLNO,Juwan Johnson,espn:3929645,Under,24.5,317,9770520083,KXNFLRECYDS-26OCT05ATLNO-NOJJOHNSON83-25,alternate,2026-10-05T18:30:57.755116Z,2026-10-05T23:27:08.020590Z,2026-10-05T23:27:08.020590Z,,,
2026-10-05T23:24:55Z,football_nfl,32677,2026-10-06T00:15:00Z,player_reception_yds,kalshi,KXNFLGAME-26OCT05ATLNO,Kendre Miller,espn:4599739,Over,24.5,733,11021488657,KXNFLRECYDS-26OCT05ATLNO-NOKMILLER5-25,alternate,2026-10-05T23:21:01.430324Z,2026-10-05T23:27:08.020590Z,2026-10-05T23:27:08.020590Z,,,
2026-10-05T23:24:55Z,football_nfl,32677,2026-10-06T00:15:00Z,player_reception_yds,kalshi,KXNFLGAME-26OCT05ATLNO,Kendre Miller,espn:4599739,Under,24.5,-900,11021834190,KXNFLRECYDS-26OCT05ATLNO-NOKMILLER5-25,alternate,2026-10-05T23:25:56.992426Z,2026-10-05T23:27:08.020590Z,2026-10-05T23:27:08.020590Z,,,
2026-10-05T23:24:55Z,football_nfl,32677,2026-10-06T00:15:00Z,player_reception_yds,kalshi,KXNFLGAME-26OCT05ATLNO,Kyle Pitts Sr.,espn:4360248,Over,24.5,-156,9770520077,KXNFLRECYDS-26OCT05ATLNO-ATLKPITTS8-25,main,2026-10-05T22:56:30.119648Z,2026-10-05T23:27:08.020590Z,2026-10-05T23:27:08.020590Z,,,
2026-10-05T23:24:55Z,football_nfl,32677,2026-10-06T00:15:00Z,player_reception_yds,kalshi,KXNFLGAME-26OCT05ATLNO,Kyle Pitts Sr.,espn:4360248,Under,24.5,150,9770520084,KXNFLRECYDS-26OCT05ATLNO-ATLKPITTS8-25,main,2026-10-05T22:56:30.119648Z,2026-10-05T23:27:08.020590Z,2026-10-05T23:27:08.020590Z,,,
2026-10-05T23:24:55Z,football_nfl,32677,2026-10-06T00:15:00Z,player_reception_yds,kalshi,KXNFLGAME-26OCT05ATLNO,Olamide Zaccheaus,espn:3917914,Over,24.5,456,9911545011,KXNFLRECYDS-26OCT05ATLNO-ATLOZACCHEAUS14-25,alternate,2026-10-05T22:03:49.946406Z,2026-10-05T23:27:08.020590Z,2026-10-05T23:27:08.020590Z,,,
2026-10-05T23:24:55Z,football_nfl,32677,2026-10-06T00:15:00Z,player_reception_yds,kalshi,KXNFLGAME-26OCT05ATLNO,Olamide Zaccheaus,espn:3917914,Under,24.5,-488,9911545020,KXNFLRECYDS-26OCT05ATLNO-ATLOZACCHEAUS14-25,alternate,2026-10-05T20:27:28.580669Z,2026-10-05T23:27:08.020590Z,2026-10-05T23:27:08.020590Z,,,
2026-10-05T23:24:55Z,football_nfl,32677,2026-10-06T00:15:00Z,player_reception_yds,kalshi,KXNFLGAME-26OCT05ATLNO,Zachariah Branch,espn:4870612,Over,24.5,488,10894995198,KXNFLRECYDS-26OCT05ATLNO-ATLZBRANCH17-25,alternate,2026-10-05T23:09:41.503002Z,2026-10-05T23:27:08.020590Z,2026-10-05T23:27:08.020590Z,,,
2026-10-05T23:24:55Z,football_nfl,32677,2026-10-06T00:15:00Z,player_reception_yds,kalshi,KXNFLGAME-26OCT05ATLNO,Zachariah Branch,espn:4870612,Under,24.5,-525,10894995199,KXNFLRECYDS-26OCT05ATLNO-ATLZBRANCH17-25,alternate,2026-10-05T23:09:41.503002Z,2026-10-05T23:27:08.020590Z,2026-10-05T23:27:08.020590Z,,,
2026-10-05T23:24:55Z,football_nfl,32677,2026-10-06T00:15:00Z,player_reception_yds,kalshi,KXNFLGAME-26OCT05ATLNO,Alvin Kamara,espn:3054850,Over,39.5,669,9770520086,KXNFLRECYDS-26OCT05ATLNO-NOAKAMARA41-40,alternate,2026-10-05T23:27:08.164406Z,2026-10-05T23:27:08.164406Z,2026-10-05T23:27:09.024729Z,,,
2026-10-05T23:24:55Z,football_nfl,32677,2026-10-06T00:15:00Z,player_reception_yds,kalshi,KXNFLGAME-26OCT05ATLNO,Alvin Kamara,espn:3054850,Under,39.5,-733,9771713091,KXNFLRECYDS-26OCT05ATLNO-NOAKAMARA41-40,alternate,2026-10-05T23:27:08.164406Z,2026-10-05T23:27:08.164406Z,2026-10-05T23:27:09.024729Z,,,
2026-10-05T23:24:55Z,football_nfl,32677,2026-10-06T00:15:00Z,player_reception_yds,kalshi,KXNFLGAME-26OCT05ATLNO,Austin Hooper,espn:3043275,Over,39.5,1329,9770520087,KXNFLRECYDS-26OCT05ATLNO-ATLAHOOPER81-40,alternate,2026-10-05T20:44:15.676024Z,2026-10-05T23:27:08.164406Z,2026-10-05T23:27:09.024729Z,,,
2026-10-05T23:24:55Z,football_nfl,32677,2026-10-06T00:15:00Z,player_reception_yds,kalshi,KXNFLGAME-26OCT05ATLNO,Austin Hooper,espn:3043275,Under,39.5,-1567,9771713092,KXNFLRECYDS-26OCT05ATLNO-ATLAHOOPER81-40,alternate,2026-10-05T20:44:15.676024Z,2026-10-05T23:27:08.164406Z,2026-10-05T23:27:09.024729Z,,,
2026-10-05T23:24:55Z,football_nfl,32677,2026-10-06T00:15:00Z,player_reception_yds,kalshi,KXNFLGAME-26OCT05ATLNO,Bijan Robinson,espn:4430807,Over,39.5,122,9770520088,KXNFLRECYDS-26OCT05ATLNO-ATLBROBINSON7-40,main,2026-10-05T16:01:19.757168Z,2026-10-05T23:27:08.164406Z,2026-10-05T23:27:09.024729Z,,,
2026-10-05T23:24:55Z,football_nfl,32677,2026-10-06T00:15:00Z,player_reception_yds,kalshi,KXNFLGAME-26OCT05ATLNO,Bijan Robinson,espn:4430807,Under,39.5,-127,9770520095,KXNFLRECYDS-26OCT05ATLNO-ATLBROBINSON7-40,main,2026-10-05T16:01:19.757168Z,2026-10-05T23:27:08.164406Z,2026-10-05T23:27:09.024729Z,,,
2026-10-05T23:24:55Z,football_nfl,32677,2026-10-06T00:15:00Z,player_reception_yds,kalshi,KXNFLGAME-26OCT05ATLNO,Bryce Lance,espn:4879276,Over,39.5,426,10894860039,KXNFLRECYDS-26OCT05ATLNO-NOBLANCE18-40,alternate,2026-10-05T23:01:41.653041Z,2026-10-05T23:27:08.164406Z,2026-10-05T23:27:09.024729Z,,,
2026-10-05T23:24:55Z,football_nfl,32677,2026-10-06T00:15:00Z,player_reception_yds,kalshi,KXNFLGAME-26OCT05ATLNO,Bryce Lance,espn:4879276,Under,39.5,-456,10894860040,KXNFLRECYDS-26OCT05ATLNO-NOBLANCE18-40,alternate,2026-10-05T23:01:41.653041Z,2026-10-05T23:27:08.164406Z,2026-10-05T23:27:09.024729Z,,,
2026-10-05T23:24:55Z,football_nfl,32677,2026-10-06T00:15:00Z,player_reception_yds,kalshi,KXNFLGAME-26OCT05ATLNO,Devaughn Vele,espn:4569559,Over,39.5,-133,9770520089,KXNFLRECYDS-26OCT05ATLNO-NODVELE14-40,alternate,2026-10-05T12:37:01.040484Z,2026-10-05T23:27:08.164406Z,2026-10-05T23:27:09.024729Z,,,
2026-10-05T23:24:55Z,football_nfl,32677,2026-10-06T00:15:00Z,player_reception_yds,kalshi,KXNFLGAME-26OCT05ATLNO,Devaughn Vele,espn:4569559,Under,39.5,127,9770520096,KXNFLRECYDS-26OCT05ATLNO-NODVELE14-40,alternate,2026-10-05T12:37:01.040484Z,2026-10-05T23:27:08.164406Z,2026-10-05T23:27:09.024729Z,,,
2026-10-05T23:24:55Z,football_nfl,32677,2026-10-06T00:15:00Z,player_reception_yds,kalshi,KXNFLGAME-26OCT05ATLNO,Drake London,espn:4426502,Over,39.5,-614,9770520090,KXNFLRECYDS-26OCT05ATLNO-ATLDLONDON5-40,alternate,2026-10-05T15:48:45.616001Z,2026-10-05T23:27:08.164406Z,2026-10-05T23:27:09.024729Z,,,
2026-10-05T23:24:55Z,football_nfl,32677,2026-10-06T00:15:00Z,player_reception_yds,kalshi,KXNFLGAME-26OCT05ATLNO,Drake London,espn:4426502,Under,39.5,567,9770520097,KXNFLRECYDS-26OCT05ATLNO-ATLDLONDON5-40,alternate,2026-10-05T19:15:09.745652Z,2026-10-05T23:27:08.164406Z,2026-10-05T23:27:09.024729Z,,,
2026-10-05T23:24:55Z,football_nfl,32677,2026-10-06T00:15:00Z,player_reception_yds,kalshi,KXNFLGAME-26OCT05ATLNO,Jahan Dotson,espn:4361409,Over,39.5,355,9770520091,KXNFLRECYDS-26OCT05ATLNO-ATLJDOTSON4-40,alternate,2026-10-05T22:42:23.253843Z,2026-10-05T23:27:08.164406Z,2026-10-05T23:27:09.024729Z,,,
2026-10-05T23:24:55Z,football_nfl,32677,2026-10-06T00:15:00Z,player_reception_yds,kalshi,KXNFLGAME-26OCT05ATLNO,Jahan Dotson,espn:4361409,Under,39.5,-376,9770520098,KXNFLRECYDS-26OCT05ATLNO-ATLJDOTSON4-40,alternate,2026-10-05T22:42:23.253843Z,2026-10-05T23:27:08.164406Z,2026-10-05T23:27:09.024729Z,,,
2026-10-05T23:24:55Z,football_nfl,32677,2026-10-06T00:15:00Z,player_reception_yds,kalshi,KXNFLGAME-26OCT05ATLNO,Juwan Johnson,espn:3929645,Over,39.5,-144,9770520092,KXNFLRECYDS-26OCT05ATLNO-NOJJOHNSON83-40,alternate,2026-10-05T23:27:09.036296Z,2026-10-05T23:27:09.024729Z,2026-10-05T23:27:09.024729Z,,,
2026-10-05T23:24:55Z,football_nfl,32677,2026-10-06T00:15:00Z,player_reception_yds,kalshi,KXNFLGAME-26OCT05ATLNO,Juwan Johnson,espn:3929645,Under,39.5,138,9770520099,KXNFLRECYDS-26OCT05ATLNO-NOJJOHNSON83-40,alternate,2026-10-05T23:27:09.036296Z,2026-10-05T23:27:09.024729Z,2026-10-05T23:27:09.024729Z,,,
2026-10-05T23:24:55Z,football_nfl,32677,2026-10-06T00:15:00Z,player_reception_yds,kalshi,KXNFLGAME-26OCT05ATLNO,Kendre Miller,espn:4599739,Over,39.5,1150,11021488679,KXNFLRECYDS-26OCT05ATLNO-NOKMILLER5-40,alternate,2026-10-05T23:18:45.389888Z,2026-10-05T23:27:08.164406Z,2026-10-05T23:27:09.024729Z,,,
2026-10-05T23:24:55Z,football_nfl,32677,2026-10-06T00:15:00Z,player_reception_yds,kalshi,KXNFLGAME-26OCT05ATLNO,Kendre Miller,espn:4599739,Under,39.5,-2400,11021834214,KXNFLRECYDS-26OCT05ATLNO-NOKMILLER5-40,alternate,2026-10-05T23:18:45.389888Z,2026-10-05T23:27:08.164406Z,2026-10-05T23:27:09.024729Z,,,
2026-10-05T23:24:55Z,football_nfl,32677,2026-10-06T00:15:00Z,player_reception_yds,kalshi,KXNFLGAME-26OCT05ATLNO,Kyle Pitts Sr.,espn:4360248,Over,39.5,163,9770520093,KXNFLRECYDS-26OCT05ATLNO-ATLKPITTS8-40,alternate,2026-10-05T22:47:22.463109Z,2026-10-05T23:27:08.164406Z,2026-10-05T23:27:09.024729Z,,,
2026-10-05T23:24:55Z,football_nfl,32677,2026-10-06T00:15:00Z,player_reception_yds,kalshi,KXNFLGAME-26OCT05ATLNO,Kyle Pitts Sr.,espn:4360248,Under,39.5,-170,9770520100,KXNFLRECYDS-26OCT05ATLNO-ATLKPITTS8-40,alternate,2026-10-05T22:47:22.463109Z,2026-10-05T23:27:08.164406Z,2026-10-05T23:27:09.024729Z,,,
2026-10-05T23:24:55Z,football_nfl,32677,2026-10-06T00:15:00Z,player_reception_yds,kalshi,KXNFLGAME-26OCT05ATLNO,Olamide Zaccheaus,espn:3917914,Over,39.5,1150,9911545030,KXNFLRECYDS-26OCT05ATLNO-ATLOZACCHEAUS14-40,alternate,2026-10-05T17:11:20.597870Z,2026-10-05T23:27:08.164406Z,2026-10-05T23:27:09.024729Z,,,
2026-10-05T23:24:55Z,football_nfl,32677,2026-10-06T00:15:00Z,player_reception_yds,kalshi,KXNFLGAME-26OCT05ATLNO,Olamide Zaccheaus,espn:3917914,Under,39.5,-1329,9911545040,KXNFLRECYDS-26OCT05ATLNO-ATLOZACCHEAUS14-40,alternate,2026-10-05T17:11:22.004717Z,2026-10-05T23:27:08.164406Z,2026-10-05T23:27:09.024729Z,,,
2026-10-05T23:24:55Z,football_nfl,32677,2026-10-06T00:15:00Z,player_reception_yds,kalshi,KXNFLGAME-26OCT05ATLNO,Zachariah Branch,espn:4870612,Over,39.5,1150,10894884553,KXNFLRECYDS-26OCT05ATLNO-ATLZBRANCH17-40,alternate,2026-10-05T22:04:36.804639Z,2026-10-05T23:27:08.164406Z,2026-10-05T23:27:09.024729Z,,,
2026-10-05T23:24:55Z,football_nfl,32677,2026-10-06T00:15:00Z,player_reception_yds,kalshi,KXNFLGAME-26OCT05ATLNO,Zachariah Branch,espn:4870612,Under,39.5,-1329,10894884555,KXNFLRECYDS-26OCT05ATLNO-ATLZBRANCH17-40,alternate,2026-10-05T23:26:39.340691Z,2026-10-05T23:27:08.164406Z,2026-10-05T23:27:09.024729Z,,,
2026-10-05T23:24:55Z,football_nfl,32677,2026-10-06T00:15:00Z,player_reception_yds,kalshi,KXNFLGAME-26OCT05ATLNO,Alvin Kamara,espn:3054850,Over,49.5,1329,9770520101,KXNFLRECYDS-26OCT05ATLNO-NOAKAMARA41-50,alternate,2026-10-05T19:59:13.963598Z,2026-10-05T23:27:08.020590Z,2026-10-05T23:27:08.020590Z,,,
2026-10-05T23:24:55Z,football_nfl,32677,2026-10-06T00:15:00Z,player_reception_yds,kalshi,KXNFLGAME-26OCT05ATLNO,Alvin Kamara,espn:3054850,Under,49.5,-1567,9771713110,KXNFLRECYDS-26OCT05ATLNO-NOAKAMARA41-50,alternate,2026-10-05T20:02:36.717131Z,2026-10-05T23:27:08.020590Z,2026-10-05T23:27:08.020590Z,,,
2026-10-05T23:24:55Z,football_nfl,32677,2026-10-06T00:15:00Z,player_reception_yds,kalshi,KXNFLGAME-26OCT05ATLNO,Austin Hooper,espn:3043275,Over,49.5,3233,9770520102,KXNFLRECYDS-26OCT05ATLNO-ATLAHOOPER81-50,alternate,2026-10-05T23:17:16.606113Z,2026-10-05T23:27:08.020590Z,2026-10-05T23:27:08.020590Z,,,
2026-10-05T23:24:55Z,football_nfl,32677,2026-10-06T00:15:00Z,player_reception_yds,kalshi,KXNFLGAME-26OCT05ATLNO,Austin Hooper,espn:3043275,Under,49.5,-4900,9771713111,KXNFLRECYDS-26OCT05ATLNO-ATLAHOOPER81-50,alternate,2026-10-05T18:10:11.697951Z,2026-10-05T23:27:08.020590Z,2026-10-05T23:27:08.020590Z,,,
2026-10-05T23:24:55Z,football_nfl,32677,2026-10-06T00:15:00Z,player_reception_yds,kalshi,KXNFLGAME-26OCT05ATLNO,Bijan Robinson,espn:4430807,Over,49.5,223,9770520103,KXNFLRECYDS-26OCT05ATLNO-ATLBROBINSON7-50,alternate,2026-10-05T16:42:50.783118Z,2026-10-05T23:27:08.020590Z,2026-10-05T23:27:08.020590Z,,,
2026-10-05T23:24:55Z,football_nfl,32677,2026-10-06T00:15:00Z,player_reception_yds,kalshi,KXNFLGAME-26OCT05ATLNO,Bijan Robinson,espn:4430807,Under,49.5,-233,9770520111,KXNFLRECYDS-26OCT05ATLNO-ATLBROBINSON7-50,alternate,2026-10-05T16:42:50.783118Z,2026-10-05T23:27:08.020590Z,2026-10-05T23:27:08.020590Z,,,
2026-10-05T23:24:55Z,football_nfl,32677,2026-10-06T00:15:00Z,player_reception_yds,kalshi,KXNFLGAME-26OCT05ATLNO,Bryce Lance,espn:4879276,Over,49.5,733,10894938845,KXNFLRECYDS-26OCT05ATLNO-NOBLANCE18-50,alternate,2026-10-05T23:24:28.010042Z,2026-10-05T23:27:08.020590Z,2026-10-05T23:27:08.020590Z,,,
2026-10-05T23:24:55Z,football_nfl,32677,2026-10-06T00:15:00Z,player_reception_yds,kalshi,KXNFLGAME-26OCT05ATLNO,Bryce Lance,espn:4879276,Under,49.5,-809,10894938846,KXNFLRECYDS-26OCT05ATLNO-NOBLANCE18-50,alternate,2026-10-05T23:02:19.672129Z,2026-10-05T23:27:08.020590Z,2026-10-05T23:27:08.020590Z,,,
2026-10-05T23:24:55Z,football_nfl,32677,2026-10-06T00:15:00Z,player_reception_yds,kalshi,KXNFLGAME-26OCT05ATLNO,Chris Olave,espn:4361370,Over,49.5,-426,9770520104,KXNFLRECYDS-26OCT05ATLNO-NOCOLAVE12-50,alternate,2026-10-05T15:37:39.037224Z,2026-10-05T23:27:08.020590Z,2026-10-05T23:27:08.020590Z,,,
2026-10-05T23:24:55Z,football_nfl,32677,2026-10-06T00:15:00Z,player_reception_yds,kalshi,KXNFLGAME-26OCT05ATLNO,Chris Olave,espn:4361370,Under,49.5,400,9770520112,KXNFLRECYDS-26OCT05ATLNO-NOCOLAVE12-50,alternate,2026-10-05T13:27:57.881301Z,2026-10-05T23:27:08.020590Z,2026-10-05T23:27:08.020590Z,,,
2026-10-05T23:24:55Z,football_nfl,32677,2026-10-06T00:15:00Z,player_reception_yds,kalshi,KXNFLGAME-26OCT05ATLNO,Devaughn Vele,espn:4569559,Over,49.5,122,9770520105,KXNFLRECYDS-26OCT05ATLNO-NODVELE14-50,main,2026-10-05T23:17:04.613615Z,2026-10-05T23:27:08.020590Z,2026-10-05T23:27:08.020590Z,,,
2026-10-05T23:24:55Z,football_nfl,32677,2026-10-06T00:15:00Z,player_reception_yds,kalshi,KXNFLGAME-26OCT05ATLNO,Devaughn Vele,espn:4569559,Under,49.5,-127,9770520113,KXNFLRECYDS-26OCT05ATLNO-NODVELE14-50,main,2026-10-05T23:17:04.613615Z,2026-10-05T23:27:08.020590Z,2026-10-05T23:27:08.020590Z,,,
2026-10-05T23:24:55Z,football_nfl,32677,2026-10-06T00:15:00Z,player_reception_yds,kalshi,KXNFLGAME-26OCT05ATLNO,Drake London,espn:4426502,Over,49.5,-335,9770520106,KXNFLRECYDS-26OCT05ATLNO-ATLDLONDON5-50,alternate,2026-10-05T18:17:41.295481Z,2026-10-05T23:27:08.020590Z,2026-10-05T23:27:08.020590Z,,,
2026-10-05T23:24:55Z,football_nfl,32677,2026-10-06T00:15:00Z,player_reception_yds,kalshi,KXNFLGAME-26OCT05ATLNO,Drake London,espn:4426502,Under,49.5,317,9770520114,KXNFLRECYDS-26OCT05ATLNO-ATLDLONDON5-50,alternate,2026-10-05T15:37:39.037224Z,2026-10-05T23:27:08.020590Z,2026-10-05T23:27:08.020590Z,,,
2026-10-05T23:24:55Z,football_nfl,32677,2026-10-06T00:15:00Z,player_reception_yds,kalshi,KXNFLGAME-26OCT05ATLNO,Jahan Dotson,espn:4361409,Over,49.5,567,9770520107,KXNFLRECYDS-26OCT05ATLNO-ATLJDOTSON4-50,alternate,2026-10-05T23:09:55.887066Z,2026-10-05T23:27:08.020590Z,2026-10-05T23:27:08.020590Z,,,
2026-10-05T23:24:55Z,football_nfl,32677,2026-10-06T00:15:00Z,player_reception_yds,kalshi,KXNFLGAME-26OCT05ATLNO,Jahan Dotson,espn:4361409,Under,49.5,-614,9771713116,KXNFLRECYDS-26OCT05ATLNO-ATLJDOTSON4-50,alternate,2026-10-05T23:09:55.887066Z,2026-10-05T23:27:08.020590Z,2026-10-05T23:27:08.020590Z,,,
2026-10-05T23:24:55Z,football_nfl,32677,2026-10-06T00:15:00Z,player_reception_yds,kalshi,KXNFLGAME-26OCT05ATLNO,Juwan Johnson,espn:3929645,Over,49.5,122,9770520108,KXNFLRECYDS-26OCT05ATLNO-NOJJOHNSON83-50,main,2026-10-05T22:52:29.029963Z,2026-10-05T23:27:08.020590Z,2026-10-05T23:27:08.020590Z,,,
2026-10-05T23:24:55Z,football_nfl,32677,2026-10-06T00:15:00Z,player_reception_yds,kalshi,KXNFLGAME-26OCT05ATLNO,Juwan Johnson,espn:3929645,Under,49.5,-127,9770520115,KXNFLRECYDS-26OCT05ATLNO-NOJJOHNSON83-50,main,2026-10-05T22:52:29.029963Z,2026-10-05T23:27:08.020590Z,2026-10-05T23:27:08.020590Z,,,
2026-10-05T23:24:55Z,football_nfl,32677,2026-10-06T00:15:00Z,player_reception_yds,kalshi,KXNFLGAME-26OCT05ATLNO,Kendre Miller,espn:4599739,Over,49.5,1900,11021488703,KXNFLRECYDS-26OCT05ATLNO-NOKMILLER5-50,alternate,2026-10-05T23:27:08.164406Z,2026-10-05T23:27:08.020590Z,2026-10-05T23:27:08.020590Z,,,
2026-10-05T23:24:55Z,football_nfl,32677,2026-10-06T00:15:00Z,player_reception_yds,kalshi,KXNFLGAME-26OCT05ATLNO,Kendre Miller,espn:4599739,Under,49.5,-4900,11021834238,KXNFLRECYDS-26OCT05ATLNO-NOKMILLER5-50,alternate,2026-10-05T23:23:09.833772Z,2026-10-05T23:27:08.020590Z,2026-10-05T23:27:08.020590Z,,,
2026-10-05T23:24:55Z,football_nfl,32677,2026-10-06T00:15:00Z,player_reception_yds,kalshi,KXNFLGAME-26OCT05ATLNO,Kyle Pitts Sr.,espn:4360248,Over,49.5,300,9770520109,KXNFLRECYDS-26OCT05ATLNO-ATLKPITTS8-50,alternate,2026-10-05T12:42:09.591733Z,2026-10-05T23:27:08.020590Z,2026-10-05T23:27:08.020590Z,,,
2026-10-05T23:24:55Z,football_nfl,32677,2026-10-06T00:15:00Z,player_reception_yds,kalshi,KXNFLGAME-26OCT05ATLNO,Kyle Pitts Sr.,espn:4360248,Under,49.5,-317,9770520116,KXNFLRECYDS-26OCT05ATLNO-ATLKPITTS8-50,alternate,2026-10-05T12:42:18.295627Z,2026-10-05T23:27:08.020590Z,2026-10-05T23:27:08.020590Z,,,
2026-10-05T23:24:55Z,football_nfl,32677,2026-10-06T00:15:00Z,player_reception_yds,kalshi,KXNFLGAME-26OCT05ATLNO,Alvin Kamara,espn:3054850,Over,59.5,2400,9770520117,KXNFLRECYDS-26OCT05ATLNO-NOAKAMARA41-60,alternate,2026-10-05T22:13:59.682493Z,2026-10-05T23:27:08.020590Z,2026-10-05T23:27:08.020590Z,,,
2026-10-05T23:24:55Z,football_nfl,32677,2026-10-06T00:15:00Z,player_reception_yds,kalshi,KXNFLGAME-26OCT05ATLNO,Alvin Kamara,espn:3054850,Under,59.5,-3233,9771713130,KXNFLRECYDS-26OCT05ATLNO-NOAKAMARA41-60,alternate,2026-10-05T17:20:33.847048Z,2026-10-05T23:27:08.020590Z,2026-10-05T23:27:08.020590Z,,,
2026-10-05T23:24:55Z,football_nfl,32677,2026-10-06T00:15:00Z,player_reception_yds,kalshi,KXNFLGAME-26OCT05ATLNO,Austin Hooper,espn:3043275,Over,59.5,3233,9770520118,KXNFLRECYDS-26OCT05ATLNO-ATLAHOOPER81-60,alternate,2026-10-05T15:05:38.468975Z,2026-10-05T23:27:08.020590Z,2026-10-05T23:27:08.020590Z,,,
2026-10-05T23:24:55Z,football_nfl,32677,2026-10-06T00:15:00Z,player_reception_yds,kalshi,KXNFLGAME-26OCT05ATLNO,Austin Hooper,espn:3043275,Under,59.5,-4900,9771713131,KXNFLRECYDS-26OCT05ATLNO-ATLAHOOPER81-60,alternate,2026-10-01T01:27:34.801205Z,2026-10-05T23:27:08.020590Z,2026-10-05T23:27:08.020590Z,,,
2026-10-05T23:24:55Z,football_nfl,32677,2026-10-06T00:15:00Z,player_reception_yds,kalshi,KXNFLGAME-26OCT05ATLNO,Bijan Robinson,espn:4430807,Over,59.5,355,9770520119,KXNFLRECYDS-26OCT05ATLNO-ATLBROBINSON7-60,alternate,2026-10-05T18:18:03.729229Z,2026-10-05T23:27:08.020590Z,2026-10-05T23:27:08.020590Z,,,
2026-10-05T23:24:55Z,football_nfl,32677,2026-10-06T00:15:00Z,player_reception_yds,kalshi,KXNFLGAME-26OCT05ATLNO,Bijan Robinson,espn:4430807,Under,59.5,-376,9770520127,KXNFLRECYDS-26OCT05ATLNO-ATLBROBINSON7-60,alternate,2026-10-05T18:16:56.127252Z,2026-10-05T23:27:08.020590Z,2026-10-05T23:27:08.020590Z,,,
2026-10-05T23:24:55Z,football_nfl,32677,2026-10-06T00:15:00Z,player_reception_yds,kalshi,KXNFLGAME-26OCT05ATLNO,Bryce Lance,espn:4879276,Over,59.5,1150,10894879794,KXNFLRECYDS-26OCT05ATLNO-NOBLANCE18-60,alternate,2026-10-05T23:08:35.959875Z,2026-10-05T23:27:08.020590Z,2026-10-05T23:27:08.020590Z,,,
2026-10-05T23:24:55Z,football_nfl,32677,2026-10-06T00:15:00Z,player_reception_yds,kalshi,KXNFLGAME-26OCT05ATLNO,Bryce Lance,espn:4879276,Under,59.5,-1329,10894879795,KXNFLRECYDS-26OCT05ATLNO-NOBLANCE18-60,alternate,2026-10-05T21:30:13.096763Z,2026-10-05T23:27:08.020590Z,2026-10-05T23:27:08.020590Z,,,
2026-10-05T23:24:55Z,football_nfl,32677,2026-10-06T00:15:00Z,player_reception_yds,kalshi,KXNFLGAME-26OCT05ATLNO,Chris Olave,espn:4361370,Over,59.5,-285,9770520120,KXNFLRECYDS-26OCT05ATLNO-NOCOLAVE12-60,alternate,2026-10-05T19:45:58.441845Z,2026-10-05T23:27:08.020590Z,2026-10-05T23:27:08.020590Z,,,
2026-10-05T23:24:55Z,football_nfl,32677,2026-10-06T00:15:00Z,player_reception_yds,kalshi,KXNFLGAME-26OCT05ATLNO,Chris Olave,espn:4361370,Under,59.5,270,9770520128,KXNFLRECYDS-26OCT05ATLNO-NOCOLAVE12-60,alternate,2026-10-05T19:45:58.441845Z,2026-10-05T23:27:08.020590Z,2026-10-05T23:27:08.020590Z,,,
2026-10-05T23:24:55Z,football_nfl,32677,2026-10-06T00:15:00Z,player_reception_yds,kalshi,KXNFLGAME-26OCT05ATLNO,Devaughn Vele,espn:4569559,Over,59.5,203,9770520121,KXNFLRECYDS-26OCT05ATLNO-NODVELE14-60,alternate,2026-10-05T22:42:12.273576Z,2026-10-05T23:27:08.020590Z,2026-10-05T23:27:08.020590Z,,,
2026-10-05T23:24:55Z,football_nfl,32677,2026-10-06T00:15:00Z,player_reception_yds,kalshi,KXNFLGAME-26OCT05ATLNO,Devaughn Vele,espn:4569559,Under,59.5,-213,9770520129,KXNFLRECYDS-26OCT05ATLNO-NODVELE14-60,alternate,2026-10-05T22:45:47.400824Z,2026-10-05T23:27:08.020590Z,2026-10-05T23:27:08.020590Z,,,
2026-10-05T23:24:55Z,football_nfl,32677,2026-10-06T00:15:00Z,player_reception_yds,kalshi,KXNFLGAME-26OCT05ATLNO,Drake London,espn:4426502,Over,59.5,-223,9770520122,KXNFLRECYDS-26OCT05ATLNO-ATLDLONDON5-60,alternate,2026-10-05T18:12:58.040357Z,2026-10-05T23:27:08.020590Z,2026-10-05T23:27:08.020590Z,,,
2026-10-05T23:24:55Z,football_nfl,32677,2026-10-06T00:15:00Z,player_reception_yds,kalshi,KXNFLGAME-26OCT05ATLNO,Drake London,espn:4426502,Under,59.5,212,9770520130,KXNFLRECYDS-26OCT05ATLNO-ATLDLONDON5-60,alternate,2026-10-05T18:12:59.558709Z,2026-10-05T23:27:08.020590Z,2026-10-05T23:27:08.020590Z,,,
2026-10-05T23:24:55Z,football_nfl,32677,2026-10-06T00:15:00Z,player_reception_yds,kalshi,KXNFLGAME-26OCT05ATLNO,Jahan Dotson,espn:4361409,Over,59.5,1011,9770520123,KXNFLRECYDS-26OCT05ATLNO-ATLJDOTSON4-60,alternate,2026-10-05T18:45:39.565774Z,2026-10-05T23:27:08.020590Z,2026-10-05T23:27:08.020590Z,,,
2026-10-05T23:24:55Z,football_nfl,32677,2026-10-06T00:15:00Z,player_reception_yds,kalshi,KXNFLGAME-26OCT05ATLNO,Jahan Dotson,espn:4361409,Under,59.5,-1150,9771713136,KXNFLRECYDS-26OCT05ATLNO-ATLJDOTSON4-60,alternate,2026-10-05T18:45:39.565774Z,2026-10-05T23:27:08.020590Z,2026-10-05T23:27:08.020590Z,,,
2026-10-05T23:24:55Z,football_nfl,32677,2026-10-06T00:15:00Z,player_reception_yds,kalshi,KXNFLGAME-26OCT05ATLNO,Juwan Johnson,espn:3929645,Over,59.5,203,9770520124,KXNFLRECYDS-26OCT05ATLNO-NOJJOHNSON83-60,alternate,2026-10-05T23:01:41.653041Z,2026-10-05T23:27:08.020590Z,2026-10-05T23:27:08.020590Z,,,
2026-10-05T23:24:55Z,football_nfl,32677,2026-10-06T00:15:00Z,player_reception_yds,kalshi,KXNFLGAME-26OCT05ATLNO,Juwan Johnson,espn:3929645,Under,59.5,-213,9770520131,KXNFLRECYDS-26OCT05ATLNO-NOJJOHNSON83-60,alternate,2026-10-05T23:01:41.653041Z,2026-10-05T23:27:08.020590Z,2026-10-05T23:27:08.020590Z,,,
2026-10-05T23:24:55Z,football_nfl,32677,2026-10-06T00:15:00Z,player_reception_yds,kalshi,KXNFLGAME-26OCT05ATLNO,Kendre Miller,espn:4599739,Over,59.5,2400,11021488724,KXNFLRECYDS-26OCT05ATLNO-NOKMILLER5-60,alternate,2026-10-05T23:17:04.613615Z,2026-10-05T23:27:08.020590Z,2026-10-05T23:27:08.020590Z,,,
2026-10-05T23:24:55Z,football_nfl,32677,2026-10-06T00:15:00Z,player_reception_yds,kalshi,KXNFLGAME-26OCT05ATLNO,Kendre Miller,espn:4599739,Under,59.5,-4900,11021834260,KXNFLRECYDS-26OCT05ATLNO-NOKMILLER5-60,alternate,2026-10-05T23:18:45.389888Z,2026-10-05T23:27:08.020590Z,2026-10-05T23:27:08.020590Z,,,
2026-10-05T23:24:55Z,football_nfl,32677,2026-10-06T00:15:00Z,player_reception_yds,kalshi,KXNFLGAME-26OCT05ATLNO,Kyle Pitts Sr.,espn:4360248,Over,59.5,525,9770520125,KXNFLRECYDS-26OCT05ATLNO-ATLKPITTS8-60,alternate,2026-10-05T13:54:12.626717Z,2026-10-05T23:27:08.020590Z,2026-10-05T23:27:08.020590Z,,,
2026-10-05T23:24:55Z,football_nfl,32677,2026-10-06T00:15:00Z,player_reception_yds,kalshi,KXNFLGAME-26OCT05ATLNO,Kyle Pitts Sr.,espn:4360248,Under,59.5,-567,9771713138,KXNFLRECYDS-26OCT05ATLNO-ATLKPITTS8-60,alternate,2026-10-05T14:18:57.000583Z,2026-10-05T23:27:08.020590Z,2026-10-05T23:27:08.020590Z,,,
2026-10-05T23:24:55Z,football_nfl,32677,2026-10-06T00:15:00Z,player_reception_yds,kalshi,KXNFLGAME-26OCT05ATLNO,Alvin Kamara,espn:3054850,Over,69.5,4900,9770520132,KXNFLRECYDS-26OCT05ATLNO-NOAKAMARA41-70,alternate,2026-10-05T23:20:49.921483Z,2026-10-05T23:27:08.020590Z,2026-10-05T23:27:08.020590Z,,,
2026-10-05T23:24:55Z,football_nfl,32677,2026-10-06T00:15:00Z,player_reception_yds,kalshi,KXNFLGAME-26OCT05ATLNO,Alvin Kamara,espn:3054850,Under,69.5,-9900,9771713149,KXNFLRECYDS-26OCT05ATLNO-NOAKAMARA41-70,alternate,2026-10-05T17:35:24.238208Z,2026-10-05T23:27:08.020590Z,2026-10-05T23:27:08.020590Z,,,
2026-10-05T23:24:55Z,football_nfl,32677,2026-10-06T00:15:00Z,player_reception_yds,kalshi,KXNFLGAME-26OCT05ATLNO,Bijan Robinson,espn:4430807,Over,69.5,525,9770520133,KXNFLRECYDS-26OCT05ATLNO-ATLBROBINSON7-70,alternate,2026-10-05T17:29:03.832387Z,2026-10-05T23:27:08.020590Z,2026-10-05T23:27:08.020590Z,,,
2026-10-05T23:24:55Z,football_nfl,32677,2026-10-06T00:15:00Z,player_reception_yds,kalshi,KXNFLGAME-26OCT05ATLNO,Bijan Robinson,espn:4430807,Under,69.5,-567,9771548336,KXNFLRECYDS-26OCT05ATLNO-ATLBROBINSON7-70,alternate,2026-10-05T17:29:03.832387Z,2026-10-05T23:27:08.020590Z,2026-10-05T23:27:08.020590Z,,,
2026-10-05T23:24:55Z,football_nfl,32677,2026-10-06T00:15:00Z,player_reception_yds,kalshi,KXNFLGAME-26OCT05ATLNO,Bryce Lance,espn:4879276,Over,69.5,1900,10894861282,KXNFLRECYDS-26OCT05ATLNO-NOBLANCE18-70,alternate,2026-10-05T23:02:19.672129Z,2026-10-05T23:27:08.020590Z,2026-10-05T23:27:08.020590Z,,,
2026-10-05T23:24:55Z,football_nfl,32677,2026-10-06T00:15:00Z,player_reception_yds,kalshi,KXNFLGAME-26OCT05ATLNO,Bryce Lance,espn:4879276,Under,69.5,-2400,10894861283,KXNFLRECYDS-26OCT05ATLNO-NOBLANCE18-70,alternate,2026-10-05T22:15:42.768311Z,2026-10-05T23:27:08.020590Z,2026-10-05T23:27:08.020590Z,,,
2026-10-05T23:24:55Z,football_nfl,32677,2026-10-06T00:15:00Z,player_reception_yds,kalshi,KXNFLGAME-26OCT05ATLNO,Chris Olave,espn:4361370,Over,69.5,-186,9770520134,KXNFLRECYDS-26OCT05ATLNO-NOCOLAVE12-70,alternate,2026-10-05T18:31:05.294905Z,2026-10-05T23:27:08.020590Z,2026-10-05T23:27:08.020590Z,,,
2026-10-05T23:24:55Z,football_nfl,32677,2026-10-06T00:15:00Z,player_reception_yds,kalshi,KXNFLGAME-26OCT05ATLNO,Chris Olave,espn:4361370,Under,69.5,178,9770520141,KXNFLRECYDS-26OCT05ATLNO-NOCOLAVE12-70,alternate,2026-10-05T18:31:05.294905Z,2026-10-05T23:27:08.020590Z,2026-10-05T23:27:08.020590Z,,,
2026-10-05T23:24:55Z,football_nfl,32677,2026-10-06T00:15:00Z,player_reception_yds,kalshi,KXNFLGAME-26OCT05ATLNO,Devaughn Vele,espn:4569559,Over,69.5,317,9770520135,KXNFLRECYDS-26OCT05ATLNO-NODVELE14-70,alternate,2026-10-05T14:05:26.324001Z,2026-10-05T23:27:08.020590Z,2026-10-05T23:27:08.020590Z,,,
2026-10-05T23:24:55Z,football_nfl,32677,2026-10-06T00:15:00Z,player_reception_yds,kalshi,KXNFLGAME-26OCT05ATLNO,Devaughn Vele,espn:4569559,Under,69.5,-335,9770520142,KXNFLRECYDS-26OCT05ATLNO-NODVELE14-70,alternate,2026-10-05T14:31:50.959691Z,2026-10-05T23:27:08.020590Z,2026-10-05T23:27:08.020590Z,,,
2026-10-05T23:24:55Z,football_nfl,32677,2026-10-06T00:15:00Z,player_reception_yds,kalshi,KXNFLGAME-26OCT05ATLNO,Drake London,espn:4426502,Over,69.5,-150,9770520136,KXNFLRECYDS-26OCT05ATLNO-ATLDLONDON5-70,alternate,2026-10-05T22:35:25.882843Z,2026-10-05T23:27:08.020590Z,2026-10-05T23:27:08.020590Z,,,
2026-10-05T23:24:55Z,football_nfl,32677,2026-10-06T00:15:00Z,player_reception_yds,kalshi,KXNFLGAME-26OCT05ATLNO,Drake London,espn:4426502,Under,69.5,144,9770520143,KXNFLRECYDS-26OCT05ATLNO-ATLDLONDON5-70,alternate,2026-10-05T22:35:25.882843Z,2026-10-05T23:27:08.020590Z,2026-10-05T23:27:08.020590Z,,,
2026-10-05T23:24:55Z,football_nfl,32677,2026-10-06T00:15:00Z,player_reception_yds,kalshi,KXNFLGAME-26OCT05ATLNO,Jahan Dotson,espn:4361409,Over,69.5,1567,9770520137,KXNFLRECYDS-26OCT05ATLNO-ATLJDOTSON4-70,alternate,2026-10-05T17:56:24.121102Z,2026-10-05T23:27:08.020590Z,2026-10-05T23:27:08.020590Z,,,
2026-10-05T23:24:55Z,football_nfl,32677,2026-10-06T00:15:00Z,player_reception_yds,kalshi,KXNFLGAME-26OCT05ATLNO,Jahan Dotson,espn:4361409,Under,69.5,-1900,9771713154,KXNFLRECYDS-26OCT05ATLNO-ATLJDOTSON4-70,alternate,2026-10-05T17:28:39.296554Z,2026-10-05T23:27:08.020590Z,2026-10-05T23:27:08.020590Z,,,
2026-10-05T23:24:55Z,football_nfl,32677,2026-10-06T00:15:00Z,player_reception_yds,kalshi,KXNFLGAME-26OCT05ATLNO,Juwan Johnson,espn:3929645,Over,69.5,355,9770520138,KXNFLRECYDS-26OCT05ATLNO-NOJJOHNSON83-70,alternate,2026-10-05T20:37:07.943608Z,2026-10-05T23:27:08.020590Z,2026-10-05T23:27:08.020590Z,,,
2026-10-05T23:24:55Z,football_nfl,32677,2026-10-06T00:15:00Z,player_reception_yds,kalshi,KXNFLGAME-26OCT05ATLNO,Juwan Johnson,espn:3929645,Under,69.5,-376,9771713155,KXNFLRECYDS-26OCT05ATLNO-NOJJOHNSON83-70,alternate,2026-10-05T21:21:22.681826Z,2026-10-05T23:27:08.020590Z,2026-10-05T23:27:08.020590Z,,,
2026-10-05T23:24:55Z,football_nfl,32677,2026-10-06T00:15:00Z,player_reception_yds,kalshi,KXNFLGAME-26OCT05ATLNO,Kyle Pitts Sr.,espn:4360248,Over,69.5,733,9770520139,KXNFLRECYDS-26OCT05ATLNO-ATLKPITTS8-70,alternate,2026-10-05T19:57:01.391284Z,2026-10-05T23:27:08.020590Z,2026-10-05T23:27:08.020590Z,,,
2026-10-05T23:24:55Z,football_nfl,32677,2026-10-06T00:15:00Z,player_reception_yds,kalshi,KXNFLGAME-26OCT05ATLNO,Kyle Pitts Sr.,espn:4360248,Under,69.5,-809,9771713156,KXNFLRECYDS-26OCT05ATLNO-ATLKPITTS8-70,alternate,2026-10-05T21:58:58.069058Z,2026-10-05T23:27:08.020590Z,2026-10-05T23:27:08.020590Z,,,
2026-10-05T23:24:55Z,football_nfl,32677,2026-10-06T00:15:00Z,player_reception_yds,kalshi,KXNFLGAME-26OCT05ATLNO,Bijan Robinson,espn:4430807,Over,79.5,1011,9770520144,KXNFLRECYDS-26OCT05ATLNO-ATLBROBINSON7-80,alternate,2026-10-05T16:29:15.294556Z,2026-10-05T23:27:08.020590Z,2026-10-05T23:27:08.020590Z,,,
2026-10-05T23:24:55Z,football_nfl,32677,2026-10-06T00:15:00Z,player_reception_yds,kalshi,KXNFLGAME-26OCT05ATLNO,Bijan Robinson,espn:4430807,Under,79.5,-1150,9771713164,KXNFLRECYDS-26OCT05ATLNO-ATLBROBINSON7-80,alternate,2026-10-05T13:12:51.802520Z,2026-10-05T23:27:08.020590Z,2026-10-05T23:27:08.020590Z,,,
2026-10-05T23:24:55Z,football_nfl,32677,2026-10-06T00:15:00Z,player_reception_yds,kalshi,KXNFLGAME-26OCT05ATLNO,Chris Olave,espn:4361370,Over,79.5,-127,9770520145,KXNFLRECYDS-26OCT05ATLNO-NOCOLAVE12-80,main,2026-10-05T18:18:16.231607Z,2026-10-05T23:27:08.020590Z,2026-10-05T23:27:08.020590Z,,,
2026-10-05T23:24:55Z,football_nfl,32677,2026-10-06T00:15:00Z,player_reception_yds,kalshi,KXNFLGAME-26OCT05ATLNO,Chris Olave,espn:4361370,Under,79.5,122,9770520150,KXNFLRECYDS-26OCT05ATLNO-NOCOLAVE12-80,main,2026-10-05T18:18:16.231607Z,2026-10-05T23:27:08.020590Z,2026-10-05T23:27:08.020590Z,,,
2026-10-05T23:24:55Z,football_nfl,32677,2026-10-06T00:15:00Z,player_reception_yds,kalshi,KXNFLGAME-26OCT05ATLNO,Devaughn Vele,espn:4569559,Over,79.5,488,9770520146,KXNFLRECYDS-26OCT05ATLNO-NODVELE14-80,alternate,2026-10-05T20:46:50.972949Z,2026-10-05T23:27:08.020590Z,2026-10-05T23:27:08.020590Z,,,
2026-10-05T23:24:55Z,football_nfl,32677,2026-10-06T00:15:00Z,player_reception_yds,kalshi,KXNFLGAME-26OCT05ATLNO,Devaughn Vele,espn:4569559,Under,79.5,-525,9771713166,KXNFLRECYDS-26OCT05ATLNO-NODVELE14-80,alternate,2026-10-05T20:46:50.972949Z,2026-10-05T23:27:08.020590Z,2026-10-05T23:27:08.020590Z,,,
2026-10-05T23:24:55Z,football_nfl,32677,2026-10-06T00:15:00Z,player_reception_yds,kalshi,KXNFLGAME-26OCT05ATLNO,Drake London,espn:4426502,Over,79.5,-108,9770520147,KXNFLRECYDS-26OCT05ATLNO-ATLDLONDON5-80,main,2026-10-05T23:23:20.458368Z,2026-10-05T23:27:08.020590Z,2026-10-05T23:27:08.020590Z,,,
2026-10-05T23:24:55Z,football_nfl,32677,2026-10-06T00:15:00Z,player_reception_yds,kalshi,KXNFLGAME-26OCT05ATLNO,Drake London,espn:4426502,Under,79.5,104,9770520151,KXNFLRECYDS-26OCT05ATLNO-ATLDLONDON5-80,main,2026-10-05T23:23:20.458368Z,2026-10-05T23:27:08.020590Z,2026-10-05T23:27:08.020590Z,,,
2026-10-05T23:24:55Z,football_nfl,32677,2026-10-06T00:15:00Z,player_reception_yds,kalshi,KXNFLGAME-26OCT05ATLNO,Juwan Johnson,espn:3929645,Over,79.5,525,9770520148,KXNFLRECYDS-26OCT05ATLNO-NOJJOHNSON83-80,alternate,2026-10-05T16:14:02.043230Z,2026-10-05T23:27:08.020590Z,2026-10-05T23:27:08.020590Z,,,
2026-10-05T23:24:55Z,football_nfl,32677,2026-10-06T00:15:00Z,player_reception_yds,kalshi,KXNFLGAME-26OCT05ATLNO,Juwan Johnson,espn:3929645,Under,79.5,-567,9771713168,KXNFLRECYDS-26OCT05ATLNO-NOJJOHNSON83-80,alternate,2026-10-05T16:54:25.305304Z,2026-10-05T23:27:08.020590Z,2026-10-05T23:27:08.020590Z,,,
2026-10-05T23:24:55Z,football_nfl,32677,2026-10-06T00:15:00Z,player_reception_yds,kalshi,KXNFLGAME-26OCT05ATLNO,Kyle Pitts Sr.,espn:4360248,Over,79.5,1150,9770520149,KXNFLRECYDS-26OCT05ATLNO-ATLKPITTS8-80,alternate,2026-10-05T19:57:01.391284Z,2026-10-05T23:27:08.020590Z,2026-10-05T23:27:08.020590Z,,,
2026-10-05T23:24:55Z,football_nfl,32677,2026-10-06T00:15:00Z,player_reception_yds,kalshi,KXNFLGAME-26OCT05ATLNO,Kyle Pitts Sr.,espn:4360248,Under,79.5,-1329,9771713169,KXNFLRECYDS-26OCT05ATLNO-ATLKPITTS8-80,alternate,2026-10-05T20:48:17.560065Z,2026-10-05T23:27:08.020590Z,2026-10-05T23:27:08.020590Z,,,
2026-10-05T23:24:55Z,football_nfl,32677,2026-10-06T00:15:00Z,player_reception_yds,kalshi,KXNFLGAME-26OCT05ATLNO,Bijan Robinson,espn:4430807,Over,89.5,1567,9770520152,KXNFLRECYDS-26OCT05ATLNO-ATLBROBINSON7-90,alternate,2026-10-05T23:08:35.959875Z,2026-10-05T23:27:08.020590Z,2026-10-05T23:27:08.020590Z,,,
2026-10-05T23:24:55Z,football_nfl,32677,2026-10-06T00:15:00Z,player_reception_yds,kalshi,KXNFLGAME-26OCT05ATLNO,Bijan Robinson,espn:4430807,Under,89.5,-2400,9771713175,KXNFLRECYDS-26OCT05ATLNO-ATLBROBINSON7-90,alternate,2026-10-05T18:23:24.539915Z,2026-10-05T23:27:08.020590Z,2026-10-05T23:27:08.020590Z,,,
2026-10-05T23:24:55Z,football_nfl,32677,2026-10-06T00:15:00Z,player_reception_yds,kalshi,KXNFLGAME-26OCT05ATLNO,Chris Olave,espn:4361370,Over,89.5,122,9770520153,KXNFLRECYDS-26OCT05ATLNO-NOCOLAVE12-90,alternate,2026-10-05T23:01:22.636720Z,2026-10-05T23:27:08.020590Z,2026-10-05T23:27:08.020590Z,,,
2026-10-05T23:24:55Z,football_nfl,32677,2026-10-06T00:15:00Z,player_reception_yds,kalshi,KXNFLGAME-26OCT05ATLNO,Chris Olave,espn:4361370,Under,89.5,-127,9770520157,KXNFLRECYDS-26OCT05ATLNO-NOCOLAVE12-90,alternate,2026-10-05T23:01:22.636720Z,2026-10-05T23:27:08.020590Z,2026-10-05T23:27:08.020590Z,,,
2026-10-05T23:24:55Z,football_nfl,32677,2026-10-06T00:15:00Z,player_reception_yds,kalshi,KXNFLGAME-26OCT05ATLNO,Devaughn Vele,espn:4569559,Over,89.5,809,9770520154,KXNFLRECYDS-26OCT05ATLNO-NODVELE14-90,alternate,2026-10-05T16:31:16.774767Z,2026-10-05T23:27:08.020590Z,2026-10-05T23:27:08.020590Z,,,
2026-10-05T23:24:55Z,football_nfl,32677,2026-10-06T00:15:00Z,player_reception_yds,kalshi,KXNFLGAME-26OCT05ATLNO,Devaughn Vele,espn:4569559,Under,89.5,-900,9771713177,KXNFLRECYDS-26OCT05ATLNO-NODVELE14-90,alternate,2026-10-05T15:12:36.553903Z,2026-10-05T23:27:08.020590Z,2026-10-05T23:27:08.020590Z,,,
2026-10-05T23:24:55Z,football_nfl,32677,2026-10-06T00:15:00Z,player_reception_yds,kalshi,KXNFLGAME-26OCT05ATLNO,Drake London,espn:4426502,Over,89.5,138,9770520155,KXNFLRECYDS-26OCT05ATLNO-ATLDLONDON5-90,alternate,2026-10-05T22:27:31.202085Z,2026-10-05T23:27:08.020590Z,2026-10-05T23:27:08.020590Z,,,
2026-10-05T23:24:55Z,football_nfl,32677,2026-10-06T00:15:00Z,player_reception_yds,kalshi,KXNFLGAME-26OCT05ATLNO,Drake London,espn:4426502,Under,89.5,-144,9770520158,KXNFLRECYDS-26OCT05ATLNO-ATLDLONDON5-90,alternate,2026-10-05T23:04:54.176475Z,2026-10-05T23:27:08.020590Z,2026-10-05T23:27:08.020590Z,,,
2026-10-05T23:24:55Z,football_nfl,32677,2026-10-06T00:15:00Z,player_reception_yds,kalshi,KXNFLGAME-26OCT05ATLNO,Juwan Johnson,espn:3929645,Over,89.5,809,9770520156,KXNFLRECYDS-26OCT05ATLNO-NOJJOHNSON83-90,alternate,2026-10-05T23:00:33.125273Z,2026-10-05T23:27:08.020590Z,2026-10-05T23:27:08.020590Z,,,
2026-10-05T23:24:55Z,football_nfl,32677,2026-10-06T00:15:00Z,player_reception_yds,kalshi,KXNFLGAME-26OCT05ATLNO,Juwan Johnson,espn:3929645,Under,89.5,-900,9771713179,KXNFLRECYDS-26OCT05ATLNO-NOJJOHNSON83-90,alternate,2026-10-05T22:55:08.735326Z,2026-10-05T23:27:08.020590Z,2026-10-05T23:27:08.020590Z,,,
2026-10-05T23:24:55Z,football_nfl,32677,2026-10-06T00:15:00Z,player_reception_yds,kalshi,KXNFLGAME-26OCT05ATLNO,Bijan Robinson,espn:4430807,Over,99.5,2400,9770520159,KXNFLRECYDS-26OCT05ATLNO-ATLBROBINSON7-100,alternate,2026-10-05T20:19:20.953112Z,2026-10-05T23:27:08.020590Z,2026-10-05T23:27:08.020590Z,,,
2026-10-05T23:24:55Z,football_nfl,32677,2026-10-06T00:15:00Z,player_reception_yds,kalshi,KXNFLGAME-26OCT05ATLNO,Bijan Robinson,espn:4430807,Under,99.5,-3233,9771713186,KXNFLRECYDS-26OCT05ATLNO-ATLBROBINSON7-100,alternate,2026-10-05T20:19:20.953112Z,2026-10-05T23:27:08.020590Z,2026-10-05T23:27:08.020590Z,,,
2026-10-05T23:24:55Z,football_nfl,32677,2026-10-06T00:15:00Z,player_reception_yds,kalshi,KXNFLGAME-26OCT05ATLNO,Chris Olave,espn:4361370,Over,99.5,170,9770520160,KXNFLRECYDS-26OCT05ATLNO-NOCOLAVE12-100,alternate,2026-10-05T03:08:05.248387Z,2026-10-05T23:27:08.020590Z,2026-10-05T23:27:08.020590Z,,,
2026-10-05T23:24:55Z,football_nfl,32677,2026-10-06T00:15:00Z,player_reception_yds,kalshi,KXNFLGAME-26OCT05ATLNO,Chris Olave,espn:4361370,Under,99.5,-178,9770520164,KXNFLRECYDS-26OCT05ATLNO-NOCOLAVE12-100,alternate,2026-10-05T11:03:53.090085Z,2026-10-05T23:27:08.020590Z,2026-10-05T23:27:08.020590Z,,,
2026-10-05T23:24:55Z,football_nfl,32677,2026-10-06T00:15:00Z,player_reception_yds,kalshi,KXNFLGAME-26OCT05ATLNO,Devaughn Vele,espn:4569559,Over,99.5,1150,9770520161,KXNFLRECYDS-26OCT05ATLNO-NODVELE14-100,alternate,2026-10-05T15:37:39.037224Z,2026-10-05T23:27:08.020590Z,2026-10-05T23:27:08.020590Z,,,
2026-10-05T23:24:55Z,football_nfl,32677,2026-10-06T00:15:00Z,player_reception_yds,kalshi,KXNFLGAME-26OCT05ATLNO,Devaughn Vele,espn:4569559,Under,99.5,-1329,9771713188,KXNFLRECYDS-26OCT05ATLNO-NODVELE14-100,alternate,2026-10-05T17:00:24.585104Z,2026-10-05T23:27:08.020590Z,2026-10-05T23:27:08.020590Z,,,
2026-10-05T23:24:55Z,football_nfl,32677,2026-10-06T00:15:00Z,player_reception_yds,kalshi,KXNFLGAME-26OCT05ATLNO,Drake London,espn:4426502,Over,99.5,194,9770520162,KXNFLRECYDS-26OCT05ATLNO-ATLDLONDON5-100,alternate,2026-10-05T23:26:32.217107Z,2026-10-05T23:27:08.020590Z,2026-10-05T23:27:08.020590Z,,,
2026-10-05T23:24:55Z,football_nfl,32677,2026-10-06T00:15:00Z,player_reception_yds,kalshi,KXNFLGAME-26OCT05ATLNO,Drake London,espn:4426502,Under,99.5,-203,9770520165,KXNFLRECYDS-26OCT05ATLNO-ATLDLONDON5-100,alternate,2026-10-05T23:26:32.217107Z,2026-10-05T23:27:08.020590Z,2026-10-05T23:27:08.020590Z,,,
2026-10-05T23:24:55Z,football_nfl,32677,2026-10-06T00:15:00Z,player_reception_yds,kalshi,KXNFLGAME-26OCT05ATLNO,Juwan Johnson,espn:3929645,Over,99.5,1150,9770520163,KXNFLRECYDS-26OCT05ATLNO-NOJJOHNSON83-100,alternate,2026-10-05T20:46:53.346445Z,2026-10-05T23:27:08.020590Z,2026-10-05T23:27:08.020590Z,,,
2026-10-05T23:24:55Z,football_nfl,32677,2026-10-06T00:15:00Z,player_reception_yds,kalshi,KXNFLGAME-26OCT05ATLNO,Juwan Johnson,espn:3929645,Under,99.5,-1329,9771713190,KXNFLRECYDS-26OCT05ATLNO-NOJJOHNSON83-100,alternate,2026-10-05T23:01:41.653041Z,2026-10-05T23:27:08.020590Z,2026-10-05T23:27:08.020590Z,,,
2026-10-05T23:24:55Z,football_nfl,32677,2026-10-06T00:15:00Z,player_rush_yds,kalshi,KXNFLGAME-26OCT05ATLNO,Bijan Robinson,espn:4430807,Over,109.5,223,9770520166,KXNFLRSHYDS-26OCT05ATLNO-ATLBROBINSON7-110,alternate,2026-10-05T15:37:39.037224Z,2026-10-05T23:27:08.020590Z,2026-10-05T23:27:08.020590Z,,,
2026-10-05T23:24:55Z,football_nfl,32677,2026-10-06T00:15:00Z,player_rush_yds,kalshi,KXNFLGAME-26OCT05ATLNO,Bijan Robinson,espn:4430807,Under,109.5,-233,9770520167,KXNFLRSHYDS-26OCT05ATLNO-ATLBROBINSON7-110,alternate,2026-10-05T15:27:09.763506Z,2026-10-05T23:27:08.020590Z,2026-10-05T23:27:08.020590Z,,,
2026-10-05T23:24:55Z,football_nfl,32677,2026-10-06T00:15:00Z,player_rush_yds,kalshi,KXNFLGAME-26OCT05ATLNO,Bijan Robinson,espn:4430807,Over,119.5,285,9770520168,KXNFLRSHYDS-26OCT05ATLNO-ATLBROBINSON7-120,alternate,2026-10-05T16:17:48.904847Z,2026-10-05T23:27:08.020590Z,2026-10-05T23:27:08.020590Z,,,
2026-10-05T23:24:55Z,football_nfl,32677,2026-10-06T00:15:00Z,player_rush_yds,kalshi,KXNFLGAME-26OCT05ATLNO,Bijan Robinson,espn:4430807,Under,119.5,-300,9770520169,KXNFLRSHYDS-26OCT05ATLNO-ATLBROBINSON7-120,alternate,2026-10-05T16:17:48.904847Z,2026-10-05T23:27:08.020590Z,2026-10-05T23:27:08.020590Z,,,
2026-10-05T23:24:55Z,football_nfl,32677,2026-10-06T00:15:00Z,player_rush_yds,kalshi,KXNFLGAME-26OCT05ATLNO,Bijan Robinson,espn:4430807,Over,129.5,426,9770520170,KXNFLRSHYDS-26OCT05ATLNO-ATLBROBINSON7-130,alternate,2026-10-05T23:14:00.197420Z,2026-10-05T23:27:08.020590Z,2026-10-05T23:27:08.020590Z,,,
2026-10-05T23:24:55Z,football_nfl,32677,2026-10-06T00:15:00Z,player_rush_yds,kalshi,KXNFLGAME-26OCT05ATLNO,Bijan Robinson,espn:4430807,Under,129.5,-456,9770520171,KXNFLRSHYDS-26OCT05ATLNO-ATLBROBINSON7-130,alternate,2026-10-05T23:13:02.210900Z,2026-10-05T23:27:08.020590Z,2026-10-05T23:27:08.020590Z,,,
2026-10-05T23:24:55Z,football_nfl,32677,2026-10-06T00:15:00Z,player_rush_yds,kalshi,KXNFLGAME-26OCT05ATLNO,Bijan Robinson,espn:4430807,Over,139.5,567,9770520172,KXNFLRSHYDS-26OCT05ATLNO-ATLBROBINSON7-140,alternate,2026-10-05T22:30:36.621234Z,2026-10-05T23:27:08.020590Z,2026-10-05T23:27:08.020590Z,,,
2026-10-05T23:24:55Z,football_nfl,32677,2026-10-06T00:15:00Z,player_rush_yds,kalshi,KXNFLGAME-26OCT05ATLNO,Bijan Robinson,espn:4430807,Under,139.5,-614,9770520173,KXNFLRSHYDS-26OCT05ATLNO-ATLBROBINSON7-140,alternate,2026-10-05T22:30:36.621234Z,2026-10-05T23:27:08.020590Z,2026-10-05T23:27:08.020590Z,,,
2026-10-05T23:24:55Z,football_nfl,32677,2026-10-06T00:15:00Z,player_rush_yds,kalshi,KXNFLGAME-26OCT05ATLNO,Brian Robinson,espn:4241474,Over,14.5,-335,9770520174,KXNFLRSHYDS-26OCT05ATLNO-ATLBROBINSON15-15,alternate,2026-10-05T22:44:28.163376Z,2026-10-05T23:27:08.020590Z,2026-10-05T23:27:08.020590Z,,,
2026-10-05T23:24:55Z,football_nfl,32677,2026-10-06T00:15:00Z,player_rush_yds,kalshi,KXNFLGAME-26OCT05ATLNO,Brian Robinson,espn:4241474,Under,14.5,317,9770520177,KXNFLRSHYDS-26OCT05ATLNO-ATLBROBINSON15-15,alternate,2026-10-05T22:44:28.163376Z,2026-10-05T23:27:08.020590Z,2026-10-05T23:27:08.020590Z,,,
2026-10-05T23:24:55Z,football_nfl,32677,2026-10-06T00:15:00Z,player_rush_yds,kalshi,KXNFLGAME-26OCT05ATLNO,Kendre Miller,espn:4599739,Over,14.5,-233,9770520175,KXNFLRSHYDS-26OCT05ATLNO-NOKMILLER5-15,alternate,2026-10-05T20:18:47.953218Z,2026-10-05T23:27:08.020590Z,2026-10-05T23:27:08.020590Z,,,
2026-10-05T23:24:55Z,football_nfl,32677,2026-10-06T00:15:00Z,player_rush_yds,kalshi,KXNFLGAME-26OCT05ATLNO,Kendre Miller,espn:4599739,Under,14.5,223,9770520178,KXNFLRSHYDS-26OCT05ATLNO-NOKMILLER5-15,alternate,2026-10-05T20:18:47.953218Z,2026-10-05T23:27:08.020590Z,2026-10-05T23:27:08.020590Z,,,
2026-10-05T23:24:55Z,football_nfl,32677,2026-10-06T00:15:00Z,player_rush_yds,kalshi,KXNFLGAME-26OCT05ATLNO,Michael Penix Jr.,espn:4360423,Over,14.5,456,9770520176,KXNFLRSHYDS-26OCT05ATLNO-ATLMPENIX9-15,alternate,2026-10-05T13:29:58.621239Z,2026-10-05T23:27:08.020590Z,2026-10-05T23:27:08.020590Z,,,
2026-10-05T23:24:55Z,football_nfl,32677,2026-10-06T00:15:00Z,player_rush_yds,kalshi,KXNFLGAME-26OCT05ATLNO,Michael Penix Jr.,espn:4360423,Under,14.5,-488,9770520179,KXNFLRSHYDS-26OCT05ATLNO-ATLMPENIX9-15,alternate,2026-10-05T13:10:28.451302Z,2026-10-05T23:27:08.020590Z,2026-10-05T23:27:08.020590Z,,,
2026-10-05T23:24:55Z,football_nfl,32677,2026-10-06T00:15:00Z,player_rush_yds,kalshi,KXNFLGAME-26OCT05ATLNO,Tyler Shough,espn:4360689,Over,14.5,-133,9971272091,KXNFLRSHYDS-26OCT05ATLNO-NOTSHOUGH6-15,main,2026-10-05T21:30:06.552895Z,2026-10-05T23:27:08.020590Z,2026-10-05T23:27:08.020590Z,,,
2026-10-05T23:24:55Z,football_nfl,32677,2026-10-06T00:15:00Z,player_rush_yds,kalshi,KXNFLGAME-26OCT05ATLNO,Tyler Shough,espn:4360689,Under,14.5,127,9971272095,KXNFLRSHYDS-26OCT05ATLNO-NOTSHOUGH6-15,main,2026-10-05T21:30:06.552895Z,2026-10-05T23:27:08.020590Z,2026-10-05T23:27:08.020590Z,,,
2026-10-05T23:24:55Z,football_nfl,32677,2026-10-06T00:15:00Z,player_rush_yds,kalshi,KXNFLGAME-26OCT05ATLNO,Bijan Robinson,espn:4430807,Over,149.5,1011,9770520180,KXNFLRSHYDS-26OCT05ATLNO-ATLBROBINSON7-150,alternate,2026-10-04T19:34:52.595033Z,2026-10-05T23:27:08.020590Z,2026-10-05T23:27:08.020590Z,,,
2026-10-05T23:24:55Z,football_nfl,32677,2026-10-06T00:15:00Z,player_rush_yds,kalshi,KXNFLGAME-26OCT05ATLNO,Bijan Robinson,espn:4430807,Under,149.5,-1150,9770520181,KXNFLRSHYDS-26OCT05ATLNO-ATLBROBINSON7-150,alternate,2026-10-05T11:04:09.662429Z,2026-10-05T23:27:08.020590Z,2026-10-05T23:27:08.020590Z,,,
2026-10-05T23:24:55Z,football_nfl,32677,2026-10-06T00:15:00Z,player_rush_yds,kalshi,KXNFLGAME-26OCT05ATLNO,Bijan Robinson,espn:4430807,Over,159.5,1150,9770520182,KXNFLRSHYDS-26OCT05ATLNO-ATLBROBINSON7-160,alternate,2026-10-05T21:02:44.491723Z,2026-10-05T23:27:08.020590Z,2026-10-05T23:27:08.020590Z,,,
2026-10-05T23:24:55Z,football_nfl,32677,2026-10-06T00:15:00Z,player_rush_yds,kalshi,KXNFLGAME-26OCT05ATLNO,Bijan Robinson,espn:4430807,Under,159.5,-1329,9770520183,KXNFLRSHYDS-26OCT05ATLNO-ATLBROBINSON7-160,alternate,2026-10-05T22:31:25.011811Z,2026-10-05T23:27:08.020590Z,2026-10-05T23:27:08.020590Z,,,
2026-10-05T23:24:55Z,football_nfl,32677,2026-10-06T00:15:00Z,player_rush_yds,kalshi,KXNFLGAME-26OCT05ATLNO,Bijan Robinson,espn:4430807,Over,169.5,1567,9770520184,KXNFLRSHYDS-26OCT05ATLNO-ATLBROBINSON7-170,alternate,2026-10-05T23:02:19.672129Z,2026-10-05T23:27:08.020590Z,2026-10-05T23:27:08.020590Z,,,
2026-10-05T23:24:55Z,football_nfl,32677,2026-10-06T00:15:00Z,player_rush_yds,kalshi,KXNFLGAME-26OCT05ATLNO,Bijan Robinson,espn:4430807,Under,169.5,-1900,9770520185,KXNFLRSHYDS-26OCT05ATLNO-ATLBROBINSON7-170,alternate,2026-10-05T23:01:41.653041Z,2026-10-05T23:27:08.020590Z,2026-10-05T23:27:08.020590Z,,,
2026-10-05T23:24:55Z,football_nfl,32677,2026-10-06T00:15:00Z,player_rush_yds,kalshi,KXNFLGAME-26OCT05ATLNO,Alvin Kamara,espn:3054850,Over,19.5,-355,9770520186,KXNFLRSHYDS-26OCT05ATLNO-NOAKAMARA41-20,alternate,2026-10-05T20:32:24.067954Z,2026-10-05T23:27:08.020590Z,2026-10-05T23:27:08.020590Z,,,
2026-10-05T23:24:55Z,football_nfl,32677,2026-10-06T00:15:00Z,player_rush_yds,kalshi,KXNFLGAME-26OCT05ATLNO,Alvin Kamara,espn:3054850,Under,19.5,335,9770520190,KXNFLRSHYDS-26OCT05ATLNO-NOAKAMARA41-20,alternate,2026-10-05T20:32:24.067954Z,2026-10-05T23:27:08.020590Z,2026-10-05T23:27:08.020590Z,,,
2026-10-05T23:24:55Z,football_nfl,32677,2026-10-06T00:15:00Z,player_rush_yds,kalshi,KXNFLGAME-26OCT05ATLNO,Brian Robinson,espn:4241474,Over,19.5,-213,9770520187,KXNFLRSHYDS-26OCT05ATLNO-ATLBROBINSON15-20,alternate,2026-10-05T16:19:46.913829Z,2026-10-05T23:27:08.020590Z,2026-10-05T23:27:08.020590Z,,,
2026-10-05T23:24:55Z,football_nfl,32677,2026-10-06T00:15:00Z,player_rush_yds,kalshi,KXNFLGAME-26OCT05ATLNO,Brian Robinson,espn:4241474,Under,19.5,203,9770520191,KXNFLRSHYDS-26OCT05ATLNO-ATLBROBINSON15-20,alternate,2026-10-05T14:20:57.337218Z,2026-10-05T23:27:08.020590Z,2026-10-05T23:27:08.020590Z,,,
2026-10-05T23:24:55Z,football_nfl,32677,2026-10-06T00:15:00Z,player_rush_yds,kalshi,KXNFLGAME-26OCT05ATLNO,Kendre Miller,espn:4599739,Over,19.5,-156,9770520188,KXNFLRSHYDS-26OCT05ATLNO-NOKMILLER5-20,alternate,2026-10-05T20:27:28.580669Z,2026-10-05T23:27:08.020590Z,2026-10-05T23:27:08.020590Z,,,
2026-10-05T23:24:55Z,football_nfl,32677,2026-10-06T00:15:00Z,player_rush_yds,kalshi,KXNFLGAME-26OCT05ATLNO,Kendre Miller,espn:4599739,Under,19.5,150,9770520192,KXNFLRSHYDS-26OCT05ATLNO-NOKMILLER5-20,alternate,2026-10-05T20:27:28.580669Z,2026-10-05T23:27:08.020590Z,2026-10-05T23:27:08.020590Z,,,
2026-10-05T23:24:55Z,football_nfl,32677,2026-10-06T00:15:00Z,player_rush_yds,kalshi,KXNFLGAME-26OCT05ATLNO,Michael Penix Jr.,espn:4360423,Over,19.5,809,9770520189,KXNFLRSHYDS-26OCT05ATLNO-ATLMPENIX9-20,alternate,2026-10-05T13:22:40.572144Z,2026-10-05T23:27:08.020590Z,2026-10-05T23:27:08.020590Z,,,
2026-10-05T23:24:55Z,football_nfl,32677,2026-10-06T00:15:00Z,player_rush_yds,kalshi,KXNFLGAME-26OCT05ATLNO,Michael Penix Jr.,espn:4360423,Under,19.5,-900,9770520193,KXNFLRSHYDS-26OCT05ATLNO-ATLMPENIX9-20,alternate,2026-10-05T11:47:23.903273Z,2026-10-05T23:27:08.020590Z,2026-10-05T23:27:08.020590Z,,,
2026-10-05T23:24:55Z,football_nfl,32677,2026-10-06T00:15:00Z,player_rush_yds,kalshi,KXNFLGAME-26OCT05ATLNO,Tyler Shough,espn:4360689,Over,19.5,133,9971272106,KXNFLRSHYDS-26OCT05ATLNO-NOTSHOUGH6-20,alternate,2026-10-05T17:02:40.134816Z,2026-10-05T23:27:08.020590Z,2026-10-05T23:27:08.020590Z,,,
2026-10-05T23:24:55Z,football_nfl,32677,2026-10-06T00:15:00Z,player_rush_yds,kalshi,KXNFLGAME-26OCT05ATLNO,Tyler Shough,espn:4360689,Under,19.5,-138,9971272111,KXNFLRSHYDS-26OCT05ATLNO-NOTSHOUGH6-20,alternate,2026-10-05T17:02:40.134816Z,2026-10-05T23:27:08.020590Z,2026-10-05T23:27:08.020590Z,,,
2026-10-05T23:24:55Z,football_nfl,32677,2026-10-06T00:15:00Z,player_rush_yds,kalshi,KXNFLGAME-26OCT05ATLNO,Alvin Kamara,espn:3054850,Over,24.5,-245,9770520194,KXNFLRSHYDS-26OCT05ATLNO-NOAKAMARA41-25,alternate,2026-10-05T22:28:06.048127Z,2026-10-05T23:27:08.020590Z,2026-10-05T23:27:08.020590Z,,,
2026-10-05T23:24:55Z,football_nfl,32677,2026-10-06T00:15:00Z,player_rush_yds,kalshi,KXNFLGAME-26OCT05ATLNO,Alvin Kamara,espn:3054850,Under,24.5,233,9770520198,KXNFLRSHYDS-26OCT05ATLNO-NOAKAMARA41-25,alternate,2026-10-05T22:28:06.048127Z,2026-10-05T23:27:08.020590Z,2026-10-05T23:27:08.020590Z,,,
2026-10-05T23:24:55Z,football_nfl,32677,2026-10-06T00:15:00Z,player_rush_yds,kalshi,KXNFLGAME-26OCT05ATLNO,Brian Robinson,espn:4241474,Over,24.5,-144,9770520195,KXNFLRSHYDS-26OCT05ATLNO-ATLBROBINSON15-25,alternate,2026-10-05T03:57:33.146930Z,2026-10-05T23:27:08.020590Z,2026-10-05T23:27:08.020590Z,,,
2026-10-05T23:24:55Z,football_nfl,32677,2026-10-06T00:15:00Z,player_rush_yds,kalshi,KXNFLGAME-26OCT05ATLNO,Brian Robinson,espn:4241474,Under,24.5,138,9770520199,KXNFLRSHYDS-26OCT05ATLNO-ATLBROBINSON15-25,alternate,2026-10-05T14:56:06.148276Z,2026-10-05T23:27:08.020590Z,2026-10-05T23:27:08.020590Z,,,
2026-10-05T23:24:55Z,football_nfl,32677,2026-10-06T00:15:00Z,player_rush_yds,kalshi,KXNFLGAME-26OCT05ATLNO,Kendre Miller,espn:4599739,Over,24.5,-117,9770520196,KXNFLRSHYDS-26OCT05ATLNO-NOKMILLER5-25,main,2026-10-05T23:21:01.430324Z,2026-10-05T23:27:08.020590Z,2026-10-05T23:27:08.020590Z,,,
2026-10-05T23:24:55Z,football_nfl,32677,2026-10-06T00:15:00Z,player_rush_yds,kalshi,KXNFLGAME-26OCT05ATLNO,Kendre Miller,espn:4599739,Under,24.5,113,9770520200,KXNFLRSHYDS-26OCT05ATLNO-NOKMILLER5-25,main,2026-10-05T23:21:01.430324Z,2026-10-05T23:27:08.020590Z,2026-10-05T23:27:08.020590Z,,,
2026-10-05T23:24:55Z,football_nfl,32677,2026-10-06T00:15:00Z,player_rush_yds,kalshi,KXNFLGAME-26OCT05ATLNO,Michael Penix Jr.,espn:4360423,Over,24.5,1329,9770520197,KXNFLRSHYDS-26OCT05ATLNO-ATLMPENIX9-25,alternate,2026-10-05T22:30:48.368636Z,2026-10-05T23:27:08.020590Z,2026-10-05T23:27:08.020590Z,,,
2026-10-05T23:24:55Z,football_nfl,32677,2026-10-06T00:15:00Z,player_rush_yds,kalshi,KXNFLGAME-26OCT05ATLNO,Michael Penix Jr.,espn:4360423,Under,24.5,-1567,9770520201,KXNFLRSHYDS-26OCT05ATLNO-ATLMPENIX9-25,alternate,2026-10-05T22:30:48.368636Z,2026-10-05T23:27:08.020590Z,2026-10-05T23:27:08.020590Z,,,
2026-10-05T23:24:55Z,football_nfl,32677,2026-10-06T00:15:00Z,player_rush_yds,kalshi,KXNFLGAME-26OCT05ATLNO,Tyler Shough,espn:4360689,Over,24.5,212,9971272116,KXNFLRSHYDS-26OCT05ATLNO-NOTSHOUGH6-25,alternate,2026-10-05T13:15:33.200492Z,2026-10-05T23:27:08.020590Z,2026-10-05T23:27:08.020590Z,,,
2026-10-05T23:24:55Z,football_nfl,32677,2026-10-06T00:15:00Z,player_rush_yds,kalshi,KXNFLGAME-26OCT05ATLNO,Tyler Shough,espn:4360689,Under,24.5,-223,9971272121,KXNFLRSHYDS-26OCT05ATLNO-NOTSHOUGH6-25,alternate,2026-10-05T13:07:14.810630Z,2026-10-05T23:27:08.020590Z,2026-10-05T23:27:08.020590Z,,,
2026-10-05T23:24:55Z,football_nfl,32677,2026-10-06T00:15:00Z,player_rush_yds,kalshi,KXNFLGAME-26OCT05ATLNO,Alvin Kamara,espn:3054850,Over,29.5,-156,9770520202,KXNFLRSHYDS-26OCT05ATLNO-NOAKAMARA41-30,alternate,2026-10-05T23:18:45.389888Z,2026-10-05T23:27:08.020590Z,2026-10-05T23:27:08.020590Z,,,
2026-10-05T23:24:55Z,football_nfl,32677,2026-10-06T00:15:00Z,player_rush_yds,kalshi,KXNFLGAME-26OCT05ATLNO,Alvin Kamara,espn:3054850,Under,29.5,150,9770520206,KXNFLRSHYDS-26OCT05ATLNO-NOAKAMARA41-30,alternate,2026-10-05T22:52:44.888388Z,2026-10-05T23:27:08.020590Z,2026-10-05T23:27:08.020590Z,,,
2026-10-05T23:24:55Z,football_nfl,32677,2026-10-06T00:15:00Z,player_rush_yds,kalshi,KXNFLGAME-26OCT05ATLNO,Brian Robinson,espn:4241474,Over,29.5,104,9770520203,KXNFLRSHYDS-26OCT05ATLNO-ATLBROBINSON15-30,main,2026-10-05T16:36:47.184644Z,2026-10-05T23:27:08.020590Z,2026-10-05T23:27:08.020590Z,,,
2026-10-05T23:24:55Z,football_nfl,32677,2026-10-06T00:15:00Z,player_rush_yds,kalshi,KXNFLGAME-26OCT05ATLNO,Brian Robinson,espn:4241474,Under,29.5,-108,9770520207,KXNFLRSHYDS-26OCT05ATLNO-ATLBROBINSON15-30,main,2026-10-05T16:54:25.305304Z,2026-10-05T23:27:08.020590Z,2026-10-05T23:27:08.020590Z,,,
2026-10-05T23:24:55Z,football_nfl,32677,2026-10-06T00:15:00Z,player_rush_yds,kalshi,KXNFLGAME-26OCT05ATLNO,Kendre Miller,espn:4599739,Over,29.5,144,9770520204,KXNFLRSHYDS-26OCT05ATLNO-NOKMILLER5-30,alternate,2026-10-05T07:01:52.668538Z,2026-10-05T23:27:08.020590Z,2026-10-05T23:27:08.020590Z,,,
2026-10-05T23:24:55Z,football_nfl,32677,2026-10-06T00:15:00Z,player_rush_yds,kalshi,KXNFLGAME-26OCT05ATLNO,Kendre Miller,espn:4599739,Under,29.5,-150,9770520208,KXNFLRSHYDS-26OCT05ATLNO-NOKMILLER5-30,alternate,2026-10-05T00:45:07.737853Z,2026-10-05T23:27:08.020590Z,2026-10-05T23:27:08.020590Z,,,
2026-10-05T23:24:55Z,football_nfl,32677,2026-10-06T00:15:00Z,player_rush_yds,kalshi,KXNFLGAME-26OCT05ATLNO,Michael Penix Jr.,espn:4360423,Over,29.5,2400,9770520205,KXNFLRSHYDS-26OCT05ATLNO-ATLMPENIX9-30,alternate,2026-10-05T23:22:47.465437Z,2026-10-05T23:27:08.020590Z,2026-10-05T23:27:08.020590Z,,,
2026-10-05T23:24:55Z,football_nfl,32677,2026-10-06T00:15:00Z,player_rush_yds,kalshi,KXNFLGAME-26OCT05ATLNO,Michael Penix Jr.,espn:4360423,Under,29.5,-3233,9770520209,KXNFLRSHYDS-26OCT05ATLNO-ATLMPENIX9-30,alternate,2026-10-05T23:22:47.465437Z,2026-10-05T23:27:08.020590Z,2026-10-05T23:27:08.020590Z,,,
2026-10-05T23:24:55Z,football_nfl,32677,2026-10-06T00:15:00Z,player_rush_yds,kalshi,KXNFLGAME-26OCT05ATLNO,Tyler Shough,espn:4360689,Over,29.5,335,9971272126,KXNFLRSHYDS-26OCT05ATLNO-NOTSHOUGH6-30,alternate,2026-10-05T14:43:11.697704Z,2026-10-05T23:27:08.020590Z,2026-10-05T23:27:08.020590Z,,,
2026-10-05T23:24:55Z,football_nfl,32677,2026-10-06T00:15:00Z,player_rush_yds,kalshi,KXNFLGAME-26OCT05ATLNO,Tyler Shough,espn:4360689,Under,29.5,-355,9971272131,KXNFLRSHYDS-26OCT05ATLNO-NOTSHOUGH6-30,alternate,2026-10-05T14:43:11.697704Z,2026-10-05T23:27:08.020590Z,2026-10-05T23:27:08.020590Z,,,
2026-10-05T23:24:55Z,football_nfl,32677,2026-10-06T00:15:00Z,player_rush_yds,kalshi,KXNFLGAME-26OCT05ATLNO,Alvin Kamara,espn:3054850,Over,39.5,133,9770520210,KXNFLRSHYDS-26OCT05ATLNO-NOAKAMARA41-40,main,2026-10-05T22:56:30.119648Z,2026-10-05T23:27:08.020590Z,2026-10-05T23:27:08.020590Z,,,
2026-10-05T23:24:55Z,football_nfl,32677,2026-10-06T00:15:00Z,player_rush_yds,kalshi,KXNFLGAME-26OCT05ATLNO,Alvin Kamara,espn:3054850,Under,39.5,-138,9770520213,KXNFLRSHYDS-26OCT05ATLNO-NOAKAMARA41-40,main,2026-10-05T22:56:30.119648Z,2026-10-05T23:27:08.020590Z,2026-10-05T23:27:08.020590Z,,,
2026-10-05T23:24:55Z,football_nfl,32677,2026-10-06T00:15:00Z,player_rush_yds,kalshi,KXNFLGAME-26OCT05ATLNO,Brian Robinson,espn:4241474,Over,39.5,212,9770520211,KXNFLRSHYDS-26OCT05ATLNO-ATLBROBINSON15-40,alternate,2026-10-05T23:23:08.347955Z,2026-10-05T23:27:08.020590Z,2026-10-05T23:27:08.020590Z,,,
2026-10-05T23:24:55Z,football_nfl,32677,2026-10-06T00:15:00Z,player_rush_yds,kalshi,KXNFLGAME-26OCT05ATLNO,Brian Robinson,espn:4241474,Under,39.5,-223,9770520214,KXNFLRSHYDS-26OCT05ATLNO-ATLBROBINSON15-40,alternate,2026-10-05T23:23:08.347955Z,2026-10-05T23:27:08.020590Z,2026-10-05T23:27:08.020590Z,,,
2026-10-05T23:24:55Z,football_nfl,32677,2026-10-06T00:15:00Z,player_rush_yds,kalshi,KXNFLGAME-26OCT05ATLNO,Kendre Miller,espn:4599739,Over,39.5,257,9770520212,KXNFLRSHYDS-26OCT05ATLNO-NOKMILLER5-40,alternate,2026-10-05T21:00:15.447081Z,2026-10-05T23:27:08.020590Z,2026-10-05T23:27:08.020590Z,,,
2026-10-05T23:24:55Z,football_nfl,32677,2026-10-06T00:15:00Z,player_rush_yds,kalshi,KXNFLGAME-26OCT05ATLNO,Kendre Miller,espn:4599739,Under,39.5,-270,9770520215,KXNFLRSHYDS-26OCT05ATLNO-NOKMILLER5-40,alternate,2026-10-05T21:00:15.447081Z,2026-10-05T23:27:08.020590Z,2026-10-05T23:27:08.020590Z,,,
2026-10-05T23:24:55Z,football_nfl,32677,2026-10-06T00:15:00Z,player_rush_yds,kalshi,KXNFLGAME-26OCT05ATLNO,Tyler Shough,espn:4360689,Over,39.5,733,9971272135,KXNFLRSHYDS-26OCT05ATLNO-NOTSHOUGH6-40,alternate,2026-10-05T12:42:18.295627Z,2026-10-05T23:27:08.020590Z,2026-10-05T23:27:08.020590Z,,,
2026-10-05T23:24:55Z,football_nfl,32677,2026-10-06T00:15:00Z,player_rush_yds,kalshi,KXNFLGAME-26OCT05ATLNO,Tyler Shough,espn:4360689,Under,39.5,-809,9971272139,KXNFLRSHYDS-26OCT05ATLNO-NOTSHOUGH6-40,alternate,2026-10-05T11:42:19.668406Z,2026-10-05T23:27:08.020590Z,2026-10-05T23:27:08.020590Z,,,
2026-10-05T23:24:55Z,football_nfl,32677,2026-10-06T00:15:00Z,player_rush_yds,kalshi,KXNFLGAME-26OCT05ATLNO,Alvin Kamara,espn:3054850,Over,49.5,245,9770520216,KXNFLRSHYDS-26OCT05ATLNO-NOAKAMARA41-50,alternate,2026-10-05T21:45:18.889976Z,2026-10-05T23:27:08.020590Z,2026-10-05T23:27:08.020590Z,,,
2026-10-05T23:24:55Z,football_nfl,32677,2026-10-06T00:15:00Z,player_rush_yds,kalshi,KXNFLGAME-26OCT05ATLNO,Alvin Kamara,espn:3054850,Under,49.5,-257,9770520220,KXNFLRSHYDS-26OCT05ATLNO-NOAKAMARA41-50,alternate,2026-10-05T21:45:18.889976Z,2026-10-05T23:27:08.020590Z,2026-10-05T23:27:08.020590Z,,,
2026-10-05T23:24:55Z,football_nfl,32677,2026-10-06T00:15:00Z,player_rush_yds,kalshi,KXNFLGAME-26OCT05ATLNO,Bijan Robinson,espn:4430807,Over,49.5,-669,9770520217,KXNFLRSHYDS-26OCT05ATLNO-ATLBROBINSON7-50,alternate,2026-10-05T20:59:00.128186Z,2026-10-05T23:27:08.020590Z,2026-10-05T23:27:08.020590Z,,,
2026-10-05T23:24:55Z,football_nfl,32677,2026-10-06T00:15:00Z,player_rush_yds,kalshi,KXNFLGAME-26OCT05ATLNO,Bijan Robinson,espn:4430807,Under,49.5,614,9770520221,KXNFLRSHYDS-26OCT05ATLNO-ATLBROBINSON7-50,alternate,2026-10-05T20:59:00.128186Z,2026-10-05T23:27:08.020590Z,2026-10-05T23:27:08.020590Z,,,
2026-10-05T23:24:55Z,football_nfl,32677,2026-10-06T00:15:00Z,player_rush_yds,kalshi,KXNFLGAME-26OCT05ATLNO,Brian Robinson,espn:4241474,Over,49.5,376,9770520218,KXNFLRSHYDS-26OCT05ATLNO-ATLBROBINSON15-50,alternate,2026-10-05T14:04:04.101089Z,2026-10-05T23:27:08.020590Z,2026-10-05T23:27:08.020590Z,,,
2026-10-05T23:24:55Z,football_nfl,32677,2026-10-06T00:15:00Z,player_rush_yds,kalshi,KXNFLGAME-26OCT05ATLNO,Brian Robinson,espn:4241474,Under,49.5,-400,9770520222,KXNFLRSHYDS-26OCT05ATLNO-ATLBROBINSON15-50,alternate,2026-10-05T14:56:06.148276Z,2026-10-05T23:27:08.020590Z,2026-10-05T23:27:08.020590Z,,,
2026-10-05T23:24:55Z,football_nfl,32677,2026-10-06T00:15:00Z,player_rush_yds,kalshi,KXNFLGAME-26OCT05ATLNO,Kendre Miller,espn:4599739,Over,49.5,400,9770520219,KXNFLRSHYDS-26OCT05ATLNO-NOKMILLER5-50,alternate,2026-10-05T23:27:08.164406Z,2026-10-05T23:27:08.020590Z,2026-10-05T23:27:08.020590Z,,,
2026-10-05T23:24:55Z,football_nfl,32677,2026-10-06T00:15:00Z,player_rush_yds,kalshi,KXNFLGAME-26OCT05ATLNO,Kendre Miller,espn:4599739,Under,49.5,-426,9770520223,KXNFLRSHYDS-26OCT05ATLNO-NOKMILLER5-50,alternate,2026-10-05T23:27:08.164406Z,2026-10-05T23:27:08.020590Z,2026-10-05T23:27:08.020590Z,,,
2026-10-05T23:24:55Z,football_nfl,32677,2026-10-06T00:15:00Z,player_rush_yds,kalshi,KXNFLGAME-26OCT05ATLNO,Tyler Shough,espn:4360689,Over,49.5,1567,9971272144,KXNFLRSHYDS-26OCT05ATLNO-NOTSHOUGH6-50,alternate,2026-10-05T23:08:27.442892Z,2026-10-05T23:27:08.020590Z,2026-10-05T23:27:08.020590Z,,,
2026-10-05T23:24:55Z,football_nfl,32677,2026-10-06T00:15:00Z,player_rush_yds,kalshi,KXNFLGAME-26OCT05ATLNO,Tyler Shough,espn:4360689,Under,49.5,-1900,9971272149,KXNFLRSHYDS-26OCT05ATLNO-NOTSHOUGH6-50,alternate,2026-10-05T19:55:20.603046Z,2026-10-05T23:27:08.020590Z,2026-10-05T23:27:08.020590Z,,,
2026-10-05T23:24:55Z,football_nfl,32677,2026-10-06T00:15:00Z,player_rush_yds,kalshi,KXNFLGAME-26OCT05ATLNO,Alvin Kamara,espn:3054850,Over,59.5,426,9770520224,KXNFLRSHYDS-26OCT05ATLNO-NOAKAMARA41-60,alternate,2026-10-05T23:21:01.430324Z,2026-10-05T23:27:08.020590Z,2026-10-05T23:27:08.020590Z,,,
2026-10-05T23:24:55Z,football_nfl,32677,2026-10-06T00:15:00Z,player_rush_yds,kalshi,KXNFLGAME-26OCT05ATLNO,Alvin Kamara,espn:3054850,Under,59.5,-456,9770520228,KXNFLRSHYDS-26OCT05ATLNO-NOAKAMARA41-60,alternate,2026-10-05T23:21:01.430324Z,2026-10-05T23:27:08.020590Z,2026-10-05T23:27:08.020590Z,,,
2026-10-05T23:24:55Z,football_nfl,32677,2026-10-06T00:15:00Z,player_rush_yds,kalshi,KXNFLGAME-26OCT05ATLNO,Bijan Robinson,espn:4430807,Over,59.5,-355,9770520225,KXNFLRSHYDS-26OCT05ATLNO-ATLBROBINSON7-60,alternate,2026-10-05T09:03:48.145623Z,2026-10-05T23:27:08.020590Z,2026-10-05T23:27:08.020590Z,,,
2026-10-05T23:24:55Z,football_nfl,32677,2026-10-06T00:15:00Z,player_rush_yds,kalshi,KXNFLGAME-26OCT05ATLNO,Bijan Robinson,espn:4430807,Under,59.5,335,9770520229,KXNFLRSHYDS-26OCT05ATLNO-ATLBROBINSON7-60,alternate,2026-10-05T11:32:54.343493Z,2026-10-05T23:27:08.020590Z,2026-10-05T23:27:08.020590Z,,,
2026-10-05T23:24:55Z,football_nfl,32677,2026-10-06T00:15:00Z,player_rush_yds,kalshi,KXNFLGAME-26OCT05ATLNO,Brian Robinson,espn:4241474,Over,59.5,669,9770520226,KXNFLRSHYDS-26OCT05ATLNO-ATLBROBINSON15-60,alternate,2026-10-05T14:13:37.177897Z,2026-10-05T23:27:08.020590Z,2026-10-05T23:27:08.020590Z,,,
2026-10-05T23:24:55Z,football_nfl,32677,2026-10-06T00:15:00Z,player_rush_yds,kalshi,KXNFLGAME-26OCT05ATLNO,Brian Robinson,espn:4241474,Under,59.5,-733,9770520230,KXNFLRSHYDS-26OCT05ATLNO-ATLBROBINSON15-60,alternate,2026-10-05T14:16:18.577950Z,2026-10-05T23:27:08.020590Z,2026-10-05T23:27:08.020590Z,,,
2026-10-05T23:24:55Z,football_nfl,32677,2026-10-06T00:15:00Z,player_rush_yds,kalshi,KXNFLGAME-26OCT05ATLNO,Kendre Miller,espn:4599739,Over,59.5,669,9770520227,KXNFLRSHYDS-26OCT05ATLNO-NOKMILLER5-60,alternate,2026-10-05T22:58:33.366559Z,2026-10-05T23:27:08.020590Z,2026-10-05T23:27:08.020590Z,,,
2026-10-05T23:24:55Z,football_nfl,32677,2026-10-06T00:15:00Z,player_rush_yds,kalshi,KXNFLGAME-26OCT05ATLNO,Kendre Miller,espn:4599739,Under,59.5,-733,9770520231,KXNFLRSHYDS-26OCT05ATLNO-NOKMILLER5-60,alternate,2026-10-05T22:58:33.366559Z,2026-10-05T23:27:08.020590Z,2026-10-05T23:27:08.020590Z,,,
2026-10-05T23:24:55Z,football_nfl,32677,2026-10-06T00:15:00Z,player_rush_yds,kalshi,KXNFLGAME-26OCT05ATLNO,Tyler Shough,espn:4360689,Over,59.5,2400,9971272154,KXNFLRSHYDS-26OCT05ATLNO-NOTSHOUGH6-60,alternate,2026-10-05T21:35:10.451810Z,2026-10-05T23:27:08.020590Z,2026-10-05T23:27:08.020590Z,,,
2026-10-05T23:24:55Z,football_nfl,32677,2026-10-06T00:15:00Z,player_rush_yds,kalshi,KXNFLGAME-26OCT05ATLNO,Tyler Shough,espn:4360689,Under,59.5,-3233,9971272159,KXNFLRSHYDS-26OCT05ATLNO-NOTSHOUGH6-60,alternate,2026-10-05T21:35:10.451810Z,2026-10-05T23:27:08.020590Z,2026-10-05T23:27:08.020590Z,,,
2026-10-05T23:24:55Z,football_nfl,32677,2026-10-06T00:15:00Z,player_rush_yds,kalshi,KXNFLGAME-26OCT05ATLNO,Alvin Kamara,espn:3054850,Over,69.5,669,9770520232,KXNFLRSHYDS-26OCT05ATLNO-NOAKAMARA41-70,alternate,2026-10-05T20:59:36.476260Z,2026-10-05T23:27:08.020590Z,2026-10-05T23:27:08.020590Z,,,
2026-10-05T23:24:55Z,football_nfl,32677,2026-10-06T00:15:00Z,player_rush_yds,kalshi,KXNFLGAME-26OCT05ATLNO,Alvin Kamara,espn:3054850,Under,69.5,-733,9770520236,KXNFLRSHYDS-26OCT05ATLNO-NOAKAMARA41-70,alternate,2026-10-05T20:59:36.476260Z,2026-10-05T23:27:08.020590Z,2026-10-05T23:27:08.020590Z,,,
2026-10-05T23:24:55Z,football_nfl,32677,2026-10-06T00:15:00Z,player_rush_yds,kalshi,KXNFLGAME-26OCT05ATLNO,Bijan Robinson,espn:4430807,Over,69.5,-223,9770520233,KXNFLRSHYDS-26OCT05ATLNO-ATLBROBINSON7-70,alternate,2026-10-05T23:22:21.017257Z,2026-10-05T23:27:08.020590Z,2026-10-05T23:27:08.020590Z,,,
2026-10-05T23:24:55Z,football_nfl,32677,2026-10-06T00:15:00Z,player_rush_yds,kalshi,KXNFLGAME-26OCT05ATLNO,Bijan Robinson,espn:4430807,Under,69.5,212,9770520237,KXNFLRSHYDS-26OCT05ATLNO-ATLBROBINSON7-70,alternate,2026-10-05T23:22:21.017257Z,2026-10-05T23:27:08.020590Z,2026-10-05T23:27:08.020590Z,,,
2026-10-05T23:24:55Z,football_nfl,32677,2026-10-06T00:15:00Z,player_rush_yds,kalshi,KXNFLGAME-26OCT05ATLNO,Brian Robinson,espn:4241474,Over,69.5,1150,9770520234,KXNFLRSHYDS-26OCT05ATLNO-ATLBROBINSON15-70,alternate,2026-10-05T21:57:31.602551Z,2026-10-05T23:27:08.020590Z,2026-10-05T23:27:08.020590Z,,,
2026-10-05T23:24:55Z,football_nfl,32677,2026-10-06T00:15:00Z,player_rush_yds,kalshi,KXNFLGAME-26OCT05ATLNO,Brian Robinson,espn:4241474,Under,69.5,-1329,9770520238,KXNFLRSHYDS-26OCT05ATLNO-ATLBROBINSON15-70,alternate,2026-10-05T21:57:31.602551Z,2026-10-05T23:27:08.020590Z,2026-10-05T23:27:08.020590Z,,,
2026-10-05T23:24:55Z,football_nfl,32677,2026-10-06T00:15:00Z,player_rush_yds,kalshi,KXNFLGAME-26OCT05ATLNO,Kendre Miller,espn:4599739,Over,69.5,1150,9770520235,KXNFLRSHYDS-26OCT05ATLNO-NOKMILLER5-70,alternate,2026-10-05T22:13:38.181772Z,2026-10-05T23:27:08.020590Z,2026-10-05T23:27:08.020590Z,,,
2026-10-05T23:24:55Z,football_nfl,32677,2026-10-06T00:15:00Z,player_rush_yds,kalshi,KXNFLGAME-26OCT05ATLNO,Kendre Miller,espn:4599739,Under,69.5,-1329,9770520239,KXNFLRSHYDS-26OCT05ATLNO-NOKMILLER5-70,alternate,2026-10-05T22:13:38.181772Z,2026-10-05T23:27:08.020590Z,2026-10-05T23:27:08.020590Z,,,
2026-10-05T23:24:55Z,football_nfl,32677,2026-10-06T00:15:00Z,player_rush_yds,kalshi,KXNFLGAME-26OCT05ATLNO,Alvin Kamara,espn:3054850,Over,79.5,1150,9770520240,KXNFLRSHYDS-26OCT05ATLNO-NOAKAMARA41-80,alternate,2026-10-05T22:20:31.579553Z,2026-10-05T23:27:08.020590Z,2026-10-05T23:27:08.020590Z,,,
2026-10-05T23:24:55Z,football_nfl,32677,2026-10-06T00:15:00Z,player_rush_yds,kalshi,KXNFLGAME-26OCT05ATLNO,Alvin Kamara,espn:3054850,Under,79.5,-1329,9770520243,KXNFLRSHYDS-26OCT05ATLNO-NOAKAMARA41-80,alternate,2026-10-05T22:20:31.579553Z,2026-10-05T23:27:08.020590Z,2026-10-05T23:27:08.020590Z,,,
2026-10-05T23:24:55Z,football_nfl,32677,2026-10-06T00:15:00Z,player_rush_yds,kalshi,KXNFLGAME-26OCT05ATLNO,Bijan Robinson,espn:4430807,Over,79.5,-150,9770520241,KXNFLRSHYDS-26OCT05ATLNO-ATLBROBINSON7-80,alternate,2026-10-05T20:40:58.628098Z,2026-10-05T23:27:08.020590Z,2026-10-05T23:27:08.020590Z,,,
2026-10-05T23:24:55Z,football_nfl,32677,2026-10-06T00:15:00Z,player_rush_yds,kalshi,KXNFLGAME-26OCT05ATLNO,Bijan Robinson,espn:4430807,Under,79.5,144,9770520244,KXNFLRSHYDS-26OCT05ATLNO-ATLBROBINSON7-80,alternate,2026-10-05T20:41:02.861937Z,2026-10-05T23:27:08.020590Z,2026-10-05T23:27:08.020590Z,,,
2026-10-05T23:24:55Z,football_nfl,32677,2026-10-06T00:15:00Z,player_rush_yds,kalshi,KXNFLGAME-26OCT05ATLNO,Brian Robinson,espn:4241474,Over,79.5,1900,9770520242,KXNFLRSHYDS-26OCT05ATLNO-ATLBROBINSON15-80,alternate,2026-10-05T14:08:40.452702Z,2026-10-05T23:27:08.020590Z,2026-10-05T23:27:08.020590Z,,,
2026-10-05T23:24:55Z,football_nfl,32677,2026-10-06T00:15:00Z,player_rush_yds,kalshi,KXNFLGAME-26OCT05ATLNO,Brian Robinson,espn:4241474,Under,79.5,-2400,9770520245,KXNFLRSHYDS-26OCT05ATLNO-ATLBROBINSON15-80,alternate,2026-10-05T17:27:48.094028Z,2026-10-05T23:27:08.020590Z,2026-10-05T23:27:08.020590Z,,,
2026-10-05T23:24:55Z,football_nfl,32677,2026-10-06T00:15:00Z,player_rush_yds,kalshi,KXNFLGAME-26OCT05ATLNO,Alvin Kamara,espn:3054850,Over,89.5,1900,9770520246,KXNFLRSHYDS-26OCT05ATLNO-NOAKAMARA41-90,alternate,2026-10-05T23:23:08.347955Z,2026-10-05T23:27:08.020590Z,2026-10-05T23:27:08.020590Z,,,
2026-10-05T23:24:55Z,football_nfl,32677,2026-10-06T00:15:00Z,player_rush_yds,kalshi,KXNFLGAME-26OCT05ATLNO,Alvin Kamara,espn:3054850,Under,89.5,-2400,9770520249,KXNFLRSHYDS-26OCT05ATLNO-NOAKAMARA41-90,alternate,2026-10-05T23:20:26.607963Z,2026-10-05T23:27:08.020590Z,2026-10-05T23:27:08.020590Z,,,
2026-10-05T23:24:55Z,football_nfl,32677,2026-10-06T00:15:00Z,player_rush_yds,kalshi,KXNFLGAME-26OCT05ATLNO,Bijan Robinson,espn:4430807,Over,89.5,108,9770520247,KXNFLRSHYDS-26OCT05ATLNO-ATLBROBINSON7-90,main,2026-10-05T23:18:45.389888Z,2026-10-05T23:27:08.020590Z,2026-10-05T23:27:08.020590Z,,,
2026-10-05T23:24:55Z,football_nfl,32677,2026-10-06T00:15:00Z,player_rush_yds,kalshi,KXNFLGAME-26OCT05ATLNO,Bijan Robinson,espn:4430807,Under,89.5,-113,9770520250,KXNFLRSHYDS-26OCT05ATLNO-ATLBROBINSON7-90,main,2026-10-05T23:15:57.613091Z,2026-10-05T23:27:08.020590Z,2026-10-05T23:27:08.020590Z,,,
2026-10-05T23:24:55Z,football_nfl,32677,2026-10-06T00:15:00Z,player_rush_yds,kalshi,KXNFLGAME-26OCT05ATLNO,Brian Robinson,espn:4241474,Over,89.5,3233,9770520248,KXNFLRSHYDS-26OCT05ATLNO-ATLBROBINSON15-90,alternate,2026-10-05T23:08:27.442892Z,2026-10-05T23:27:08.020590Z,2026-10-05T23:27:08.020590Z,,,
2026-10-05T23:24:55Z,football_nfl,32677,2026-10-06T00:15:00Z,player_rush_yds,kalshi,KXNFLGAME-26OCT05ATLNO,Brian Robinson,espn:4241474,Under,89.5,-4900,9770520251,KXNFLRSHYDS-26OCT05ATLNO-ATLBROBINSON15-90,alternate,2026-10-05T23:05:37.550220Z,2026-10-05T23:27:08.020590Z,2026-10-05T23:27:08.020590Z,,,
2026-10-05T23:24:55Z,football_nfl,32677,2026-10-06T00:15:00Z,player_rush_yds,kalshi,KXNFLGAME-26OCT05ATLNO,Kendre Miller,espn:4599739,Over,9.5,-400,9770520252,KXNFLRSHYDS-26OCT05ATLNO-NOKMILLER5-10,alternate,2026-10-05T20:18:03.721329Z,2026-10-05T23:27:08.020590Z,2026-10-05T23:27:08.020590Z,,,
2026-10-05T23:24:55Z,football_nfl,32677,2026-10-06T00:15:00Z,player_rush_yds,kalshi,KXNFLGAME-26OCT05ATLNO,Kendre Miller,espn:4599739,Under,9.5,376,9770520254,KXNFLRSHYDS-26OCT05ATLNO-NOKMILLER5-10,alternate,2026-10-05T20:18:03.721329Z,2026-10-05T23:27:08.020590Z,2026-10-05T23:27:08.020590Z,,,
2026-10-05T23:24:55Z,football_nfl,32677,2026-10-06T00:15:00Z,player_rush_yds,kalshi,KXNFLGAME-26OCT05ATLNO,Michael Penix Jr.,espn:4360423,Over,9.5,212,9770520253,KXNFLRSHYDS-26OCT05ATLNO-ATLMPENIX9-10,main,2026-10-05T16:29:15.294556Z,2026-10-05T23:27:08.020590Z,2026-10-05T23:27:08.020590Z,,,
2026-10-05T23:24:55Z,football_nfl,32677,2026-10-06T00:15:00Z,player_rush_yds,kalshi,KXNFLGAME-26OCT05ATLNO,Michael Penix Jr.,espn:4360423,Under,9.5,-223,9770520255,KXNFLRSHYDS-26OCT05ATLNO-ATLMPENIX9-10,main,2026-10-05T16:54:25.305304Z,2026-10-05T23:27:08.020590Z,2026-10-05T23:27:08.020590Z,,,
2026-10-05T23:24:55Z,football_nfl,32677,2026-10-06T00:15:00Z,player_rush_yds,kalshi,KXNFLGAME-26OCT05ATLNO,Tyler Shough,espn:4360689,Over,9.5,-233,9971272182,KXNFLRSHYDS-26OCT05ATLNO-NOTSHOUGH6-10,alternate,2026-10-05T23:15:08.753785Z,2026-10-05T23:27:08.020590Z,2026-10-05T23:27:08.020590Z,,,
2026-10-05T23:24:55Z,football_nfl,32677,2026-10-06T00:15:00Z,player_rush_yds,kalshi,KXNFLGAME-26OCT05ATLNO,Tyler Shough,espn:4360689,Under,9.5,223,9971272186,KXNFLRSHYDS-26OCT05ATLNO-NOTSHOUGH6-10,alternate,2026-10-05T22:26:46.722608Z,2026-10-05T23:27:08.020590Z,2026-10-05T23:27:08.020590Z,,,
2026-10-05T23:24:55Z,football_nfl,32677,2026-10-06T00:15:00Z,player_rush_yds,kalshi,KXNFLGAME-26OCT05ATLNO,Alvin Kamara,espn:3054850,Over,99.5,3233,9770520256,KXNFLRSHYDS-26OCT05ATLNO-NOAKAMARA41-100,alternate,2026-10-05T23:23:08.347955Z,2026-10-05T23:27:08.020590Z,2026-10-05T23:27:08.020590Z,,,
2026-10-05T23:24:55Z,football_nfl,32677,2026-10-06T00:15:00Z,player_rush_yds,kalshi,KXNFLGAME-26OCT05ATLNO,Alvin Kamara,espn:3054850,Under,99.5,-4900,9770520258,KXNFLRSHYDS-26OCT05ATLNO-NOAKAMARA41-100,alternate,2026-10-05T23:01:41.653041Z,2026-10-05T23:27:08.020590Z,2026-10-05T23:27:08.020590Z,,,
2026-10-05T23:24:55Z,football_nfl,32677,2026-10-06T00:15:00Z,player_rush_yds,kalshi,KXNFLGAME-26OCT05ATLNO,Bijan Robinson,espn:4430807,Over,99.5,144,9770520257,KXNFLRSHYDS-26OCT05ATLNO-ATLBROBINSON7-100,alternate,2026-10-05T17:24:38.768164Z,2026-10-05T23:27:08.020590Z,2026-10-05T23:27:08.020590Z,,,
2026-10-05T23:24:55Z,football_nfl,32677,2026-10-06T00:15:00Z,player_rush_yds,kalshi,KXNFLGAME-26OCT05ATLNO,Bijan Robinson,espn:4430807,Under,99.5,-150,9770520259,KXNFLRSHYDS-26OCT05ATLNO-ATLBROBINSON7-100,alternate,2026-10-05T17:24:38.768164Z,2026-10-05T23:27:08.020590Z,2026-10-05T23:27:08.020590Z,,,
2026-10-05T23:24:55Z,football_nfl,32677,2026-10-06T00:15:00Z,player_receptions,kalshi,KXNFLGAME-26OCT05ATLNO,Alvin Kamara,espn:3054850,Over,1.5,-376,10280022037,KXNFLREC-26OCT05ATLNO-NOAKAMARA41-2,alternate,2026-10-05T19:37:38.684933Z,2026-10-05T23:27:08.020590Z,2026-10-05T23:27:08.020590Z,,,
2026-10-05T23:24:55Z,football_nfl,32677,2026-10-06T00:15:00Z,player_receptions,kalshi,KXNFLGAME-26OCT05ATLNO,Alvin Kamara,espn:3054850,Under,1.5,355,10280250881,KXNFLREC-26OCT05ATLNO-NOAKAMARA41-2,alternate,2026-10-05T22:31:25.011811Z,2026-10-05T23:27:08.020590Z,2026-10-05T23:27:08.020590Z,,,
2026-10-05T23:24:55Z,football_nfl,32677,2026-10-06T00:15:00Z,player_receptions,kalshi,KXNFLGAME-26OCT05ATLNO,Austin Hooper,espn:3043275,Over,1.5,245,10280022038,KXNFLREC-26OCT05ATLNO-ATLAHOOPER81-2,main,2026-10-05T20:48:26.465034Z,2026-10-05T23:27:08.020590Z,2026-10-05T23:27:08.020590Z,,,
2026-10-05T23:24:55Z,football_nfl,32677,2026-10-06T00:15:00Z,player_receptions,kalshi,KXNFLGAME-26OCT05ATLNO,Austin Hooper,espn:3043275,Under,1.5,-257,10280022041,KXNFLREC-26OCT05ATLNO-ATLAHOOPER81-2,main,2026-10-05T20:48:26.465034Z,2026-10-05T23:27:08.020590Z,2026-10-05T23:27:08.020590Z,,,
2026-10-05T23:24:55Z,football_nfl,32677,2026-10-06T00:15:00Z,player_receptions,kalshi,KXNFLGAME-26OCT05ATLNO,Bijan Robinson,espn:4430807,Over,1.5,-1011,10280250876,KXNFLREC-26OCT05ATLNO-ATLBROBINSON7-2,alternate,2026-10-05T23:05:49.159180Z,2026-10-05T23:27:08.020590Z,2026-10-05T23:27:08.020590Z,,,
2026-10-05T23:24:55Z,football_nfl,32677,2026-10-06T00:15:00Z,player_receptions,kalshi,KXNFLGAME-26OCT05ATLNO,Bijan Robinson,espn:4430807,Under,1.5,900,10280250882,KXNFLREC-26OCT05ATLNO-ATLBROBINSON7-2,alternate,2026-10-05T23:05:49.159180Z,2026-10-05T23:27:08.020590Z,2026-10-05T23:27:08.020590Z,,,
2026-10-05T23:24:55Z,football_nfl,32677,2026-10-06T00:15:00Z,player_receptions,kalshi,KXNFLGAME-26OCT05ATLNO,Bryce Lance,espn:4879276,Over,1.5,127,10894861286,KXNFLREC-26OCT05ATLNO-NOBLANCE18-2,main,2026-10-05T22:49:01.137342Z,2026-10-05T23:27:08.020590Z,2026-10-05T23:27:08.020590Z,,,
2026-10-05T23:24:55Z,football_nfl,32677,2026-10-06T00:15:00Z,player_receptions,kalshi,KXNFLGAME-26OCT05ATLNO,Bryce Lance,espn:4879276,Under,1.5,-133,10894861287,KXNFLREC-26OCT05ATLNO-NOBLANCE18-2,main,2026-10-05T23:01:41.653041Z,2026-10-05T23:27:08.020590Z,2026-10-05T23:27:08.020590Z,,,
2026-10-05T23:24:55Z,football_nfl,32677,2026-10-06T00:15:00Z,player_receptions,kalshi,KXNFLGAME-26OCT05ATLNO,Devaughn Vele,espn:4569559,Over,1.5,-809,10280250877,KXNFLREC-26OCT05ATLNO-NODVELE14-2,alternate,2026-10-05T18:45:11.991376Z,2026-10-05T23:27:08.020590Z,2026-10-05T23:27:08.020590Z,,,
2026-10-05T23:24:55Z,football_nfl,32677,2026-10-06T00:15:00Z,player_receptions,kalshi,KXNFLGAME-26OCT05ATLNO,Devaughn Vele,espn:4569559,Under,1.5,733,10280250883,KXNFLREC-26OCT05ATLNO-NODVELE14-2,alternate,2026-10-05T17:41:29.654551Z,2026-10-05T23:27:08.020590Z,2026-10-05T23:27:08.020590Z,,,
2026-10-05T23:24:55Z,football_nfl,32677,2026-10-06T00:15:00Z,player_receptions,kalshi,KXNFLGAME-26OCT05ATLNO,Jahan Dotson,espn:4361409,Over,1.5,-117,10280137337,KXNFLREC-26OCT05ATLNO-ATLJDOTSON4-2,main,2026-10-05T20:36:40.025017Z,2026-10-05T23:27:08.020590Z,2026-10-05T23:27:08.020590Z,,,
2026-10-05T23:24:55Z,football_nfl,32677,2026-10-06T00:15:00Z,player_receptions,kalshi,KXNFLGAME-26OCT05ATLNO,Jahan Dotson,espn:4361409,Under,1.5,113,10280137338,KXNFLREC-26OCT05ATLNO-ATLJDOTSON4-2,main,2026-10-05T22:13:59.682493Z,2026-10-05T23:27:08.020590Z,2026-10-05T23:27:08.020590Z,,,
2026-10-05T23:24:55Z,football_nfl,32677,2026-10-06T00:15:00Z,player_receptions,kalshi,KXNFLGAME-26OCT05ATLNO,Juwan Johnson,espn:3929645,Over,1.5,-1011,10280022039,KXNFLREC-26OCT05ATLNO-NOJJOHNSON83-2,alternate,2026-10-05T16:24:16.115951Z,2026-10-05T23:27:08.020590Z,2026-10-05T23:27:08.020590Z,,,
2026-10-05T23:24:55Z,football_nfl,32677,2026-10-06T00:15:00Z,player_receptions,kalshi,KXNFLGAME-26OCT05ATLNO,Juwan Johnson,espn:3929645,Under,1.5,900,10280250884,KXNFLREC-26OCT05ATLNO-NOJJOHNSON83-2,alternate,2026-10-05T16:48:02.172808Z,2026-10-05T23:27:08.020590Z,2026-10-05T23:27:08.020590Z,,,
2026-10-05T23:24:55Z,football_nfl,32677,2026-10-06T00:15:00Z,player_receptions,kalshi,KXNFLGAME-26OCT05ATLNO,Kendre Miller,espn:4599739,Over,1.5,170,11021488911,KXNFLREC-26OCT05ATLNO-NOKMILLER5-2,main,2026-10-05T23:18:45.389888Z,2026-10-05T23:27:08.020590Z,2026-10-05T23:27:08.020590Z,,,
2026-10-05T23:24:55Z,football_nfl,32677,2026-10-06T00:15:00Z,player_receptions,kalshi,KXNFLGAME-26OCT05ATLNO,Kendre Miller,espn:4599739,Under,1.5,-178,11021488922,KXNFLREC-26OCT05ATLNO-NOKMILLER5-2,main,2026-10-05T23:21:01.430324Z,2026-10-05T23:27:08.020590Z,2026-10-05T23:27:08.020590Z,,,
2026-10-05T23:24:55Z,football_nfl,32677,2026-10-06T00:15:00Z,player_receptions,kalshi,KXNFLGAME-26OCT05ATLNO,Kyle Pitts Sr.,espn:4360248,Over,1.5,-355,10280022040,KXNFLREC-26OCT05ATLNO-ATLKPITTS8-2,alternate,2026-10-05T18:43:31.355115Z,2026-10-05T23:27:08.020590Z,2026-10-05T23:27:08.020590Z,,,
2026-10-05T23:24:55Z,football_nfl,32677,2026-10-06T00:15:00Z,player_receptions,kalshi,KXNFLGAME-26OCT05ATLNO,Kyle Pitts Sr.,espn:4360248,Under,1.5,335,10280250885,KXNFLREC-26OCT05ATLNO-ATLKPITTS8-2,alternate,2026-10-05T18:57:23.684165Z,2026-10-05T23:27:08.020590Z,2026-10-05T23:27:08.020590Z,,,
2026-10-05T23:24:55Z,football_nfl,32677,2026-10-06T00:15:00Z,player_receptions,kalshi,KXNFLGAME-26OCT05ATLNO,Olamide Zaccheaus,espn:3917914,Over,1.5,156,10280250880,KXNFLREC-26OCT05ATLNO-ATLOZACCHEAUS14-2,main,2026-10-05T16:43:12.056815Z,2026-10-05T23:27:08.020590Z,2026-10-05T23:27:08.020590Z,,,
2026-10-05T23:24:55Z,football_nfl,32677,2026-10-06T00:15:00Z,player_receptions,kalshi,KXNFLGAME-26OCT05ATLNO,Olamide Zaccheaus,espn:3917914,Under,1.5,-163,10280250886,KXNFLREC-26OCT05ATLNO-ATLOZACCHEAUS14-2,main,2026-10-05T16:43:12.056815Z,2026-10-05T23:27:08.020590Z,2026-10-05T23:27:08.020590Z,,,
2026-10-05T23:24:55Z,football_nfl,32677,2026-10-06T00:15:00Z,player_receptions,kalshi,KXNFLGAME-26OCT05ATLNO,Zachariah Branch,espn:4870612,Over,1.5,285,10894860041,KXNFLREC-26OCT05ATLNO-ATLZBRANCH17-2,alternate,2026-10-05T23:11:07.289583Z,2026-10-05T23:27:08.020590Z,2026-10-05T23:27:08.020590Z,,,
2026-10-05T23:24:55Z,football_nfl,32677,2026-10-06T00:15:00Z,player_receptions,kalshi,KXNFLGAME-26OCT05ATLNO,Zachariah Branch,espn:4870612,Under,1.5,-300,10894860042,KXNFLREC-26OCT05ATLNO-ATLZBRANCH17-2,alternate,2026-10-05T23:11:07.289583Z,2026-10-05T23:27:08.020590Z,2026-10-05T23:27:08.020590Z,,,
2026-10-05T23:24:55Z,football_nfl,32677,2026-10-06T00:15:00Z,player_receptions,kalshi,KXNFLGAME-26OCT05ATLNO,Chris Olave,espn:4361370,Over,10.5,733,10280022042,KXNFLREC-26OCT05ATLNO-NOCOLAVE12-11,alternate,2026-10-05T09:00:14.700554Z,2026-10-05T23:27:08.020590Z,2026-10-05T23:27:08.020590Z,,,
2026-10-05T23:24:55Z,football_nfl,32677,2026-10-06T00:15:00Z,player_receptions,kalshi,KXNFLGAME-26OCT05ATLNO,Chris Olave,espn:4361370,Under,10.5,-809,10281765309,KXNFLREC-26OCT05ATLNO-NOCOLAVE12-11,alternate,2026-10-05T10:53:34.804317Z,2026-10-05T23:27:08.020590Z,2026-10-05T23:27:08.020590Z,,,
2026-10-05T23:24:55Z,football_nfl,32677,2026-10-06T00:15:00Z,player_receptions,kalshi,KXNFLGAME-26OCT05ATLNO,Drake London,espn:4426502,Over,10.5,1329,10280250887,KXNFLREC-26OCT05ATLNO-ATLDLONDON5-11,alternate,2026-10-05T18:43:11.438484Z,2026-10-05T23:27:08.020590Z,2026-10-05T23:27:08.020590Z,,,
2026-10-05T23:24:55Z,football_nfl,32677,2026-10-06T00:15:00Z,player_receptions,kalshi,KXNFLGAME-26OCT05ATLNO,Drake London,espn:4426502,Under,10.5,-1567,10281765310,KXNFLREC-26OCT05ATLNO-ATLDLONDON5-11,alternate,2026-10-05T21:17:12.636405Z,2026-10-05T23:27:08.020590Z,2026-10-05T23:27:08.020590Z,,,
2026-10-05T23:24:55Z,football_nfl,32677,2026-10-06T00:15:00Z,player_receptions,kalshi,KXNFLGAME-26OCT05ATLNO,Alvin Kamara,espn:3054850,Over,2.5,-138,10281291716,KXNFLREC-26OCT05ATLNO-NOAKAMARA41-3,main,2026-10-05T16:54:25.305304Z,2026-10-05T23:27:08.020590Z,2026-10-05T23:27:08.020590Z,,,
2026-10-05T23:24:55Z,football_nfl,32677,2026-10-06T00:15:00Z,player_receptions,kalshi,KXNFLGAME-26OCT05ATLNO,Alvin Kamara,espn:3054850,Under,2.5,133,10281291725,KXNFLREC-26OCT05ATLNO-NOAKAMARA41-3,main,2026-10-05T16:54:25.305304Z,2026-10-05T23:27:08.020590Z,2026-10-05T23:27:08.020590Z,,,
2026-10-05T23:24:55Z,football_nfl,32677,2026-10-06T00:15:00Z,player_receptions,kalshi,KXNFLGAME-26OCT05ATLNO,Austin Hooper,espn:3043275,Over,2.5,733,10280022043,KXNFLREC-26OCT05ATLNO-ATLAHOOPER81-3,alternate,2026-10-05T22:23:14.055794Z,2026-10-05T23:27:08.020590Z,2026-10-05T23:27:08.020590Z,,,
2026-10-05T23:24:55Z,football_nfl,32677,2026-10-06T00:15:00Z,player_receptions,kalshi,KXNFLGAME-26OCT05ATLNO,Austin Hooper,espn:3043275,Under,2.5,-809,10283622009,KXNFLREC-26OCT05ATLNO-ATLAHOOPER81-3,alternate,2026-10-05T22:36:41.594498Z,2026-10-05T23:27:08.020590Z,2026-10-05T23:27:08.020590Z,,,
2026-10-05T23:24:55Z,football_nfl,32677,2026-10-06T00:15:00Z,player_receptions,kalshi,KXNFLGAME-26OCT05ATLNO,Bijan Robinson,espn:4430807,Over,2.5,-400,10280250888,KXNFLREC-26OCT05ATLNO-ATLBROBINSON7-3,alternate,2026-10-05T17:38:47.745467Z,2026-10-05T23:27:08.020590Z,2026-10-05T23:27:08.020590Z,,,
2026-10-05T23:24:55Z,football_nfl,32677,2026-10-06T00:15:00Z,player_receptions,kalshi,KXNFLGAME-26OCT05ATLNO,Bijan Robinson,espn:4430807,Under,2.5,376,10280250894,KXNFLREC-26OCT05ATLNO-ATLBROBINSON7-3,alternate,2026-10-05T17:38:47.745467Z,2026-10-05T23:27:08.020590Z,2026-10-05T23:27:08.020590Z,,,
2026-10-05T23:24:55Z,football_nfl,32677,2026-10-06T00:15:00Z,player_receptions,kalshi,KXNFLGAME-26OCT05ATLNO,Bryce Lance,espn:4879276,Over,2.5,400,10894860043,KXNFLREC-26OCT05ATLNO-NOBLANCE18-3,alternate,2026-10-05T20:58:32.876103Z,2026-10-05T23:27:08.020590Z,2026-10-05T23:27:08.020590Z,,,
2026-10-05T23:24:55Z,football_nfl,32677,2026-10-06T00:15:00Z,player_receptions,kalshi,KXNFLGAME-26OCT05ATLNO,Bryce Lance,espn:4879276,Under,2.5,-426,10894860045,KXNFLREC-26OCT05ATLNO-NOBLANCE18-3,alternate,2026-10-05T21:04:41.379352Z,2026-10-05T23:27:08.020590Z,2026-10-05T23:27:08.020590Z,,,
2026-10-05T23:24:55Z,football_nfl,32677,2026-10-06T00:15:00Z,player_receptions,kalshi,KXNFLGAME-26OCT05ATLNO,Devaughn Vele,espn:4569559,Over,2.5,-317,10280022044,KXNFLREC-26OCT05ATLNO-NODVELE14-3,alternate,2026-10-05T22:50:07.195652Z,2026-10-05T23:27:08.020590Z,2026-10-05T23:27:08.020590Z,,,
2026-10-05T23:24:55Z,football_nfl,32677,2026-10-06T00:15:00Z,player_receptions,kalshi,KXNFLGAME-26OCT05ATLNO,Devaughn Vele,espn:4569559,Under,2.5,300,10280250895,KXNFLREC-26OCT05ATLNO-NODVELE14-3,alternate,2026-10-05T22:50:07.195652Z,2026-10-05T23:27:08.020590Z,2026-10-05T23:27:08.020590Z,,,
2026-10-05T23:24:55Z,football_nfl,32677,2026-10-06T00:15:00Z,player_receptions,kalshi,KXNFLGAME-26OCT05ATLNO,Drake London,espn:4426502,Over,2.5,-1150,10280250890,KXNFLREC-26OCT05ATLNO-ATLDLONDON5-3,alternate,2026-10-05T00:19:52.832280Z,2026-10-05T23:27:08.020590Z,2026-10-05T23:27:08.020590Z,,,
2026-10-05T23:24:55Z,football_nfl,32677,2026-10-06T00:15:00Z,player_receptions,kalshi,KXNFLGAME-26OCT05ATLNO,Drake London,espn:4426502,Under,2.5,1011,10280250896,KXNFLREC-26OCT05ATLNO-ATLDLONDON5-3,alternate,2026-10-05T18:57:23.684165Z,2026-10-05T23:27:08.020590Z,2026-10-05T23:27:08.020590Z,,,
2026-10-05T23:24:55Z,football_nfl,32677,2026-10-06T00:15:00Z,player_receptions,kalshi,KXNFLGAME-26OCT05ATLNO,Jahan Dotson,espn:4361409,Over,2.5,233,10280022045,KXNFLREC-26OCT05ATLNO-ATLJDOTSON4-3,alternate,2026-10-05T12:42:09.591733Z,2026-10-05T23:27:08.020590Z,2026-10-05T23:27:08.020590Z,,,
2026-10-05T23:24:55Z,football_nfl,32677,2026-10-06T00:15:00Z,player_receptions,kalshi,KXNFLGAME-26OCT05ATLNO,Jahan Dotson,espn:4361409,Under,2.5,-245,10280250897,KXNFLREC-26OCT05ATLNO-ATLJDOTSON4-3,alternate,2026-10-05T12:42:18.295627Z,2026-10-05T23:27:08.020590Z,2026-10-05T23:27:08.020590Z,,,
2026-10-05T23:24:55Z,football_nfl,32677,2026-10-06T00:15:00Z,player_receptions,kalshi,KXNFLGAME-26OCT05ATLNO,Juwan Johnson,espn:3929645,Over,2.5,-355,10280022046,KXNFLREC-26OCT05ATLNO-NOJJOHNSON83-3,alternate,2026-10-05T23:01:41.653041Z,2026-10-05T23:27:08.020590Z,2026-10-05T23:27:08.020590Z,,,
2026-10-05T23:24:55Z,football_nfl,32677,2026-10-06T00:15:00Z,player_receptions,kalshi,KXNFLGAME-26OCT05ATLNO,Juwan Johnson,espn:3929645,Under,2.5,335,10280250898,KXNFLREC-26OCT05ATLNO-NOJJOHNSON83-3,alternate,2026-10-05T23:01:53.208477Z,2026-10-05T23:27:08.020590Z,2026-10-05T23:27:08.020590Z,,,
2026-10-05T23:24:55Z,football_nfl,32677,2026-10-06T00:15:00Z,player_receptions,kalshi,KXNFLGAME-26OCT05ATLNO,Kendre Miller,espn:4599739,Over,2.5,488,11021488938,KXNFLREC-26OCT05ATLNO-NOKMILLER5-3,alternate,2026-10-05T23:21:01.430324Z,2026-10-05T23:27:08.020590Z,2026-10-05T23:27:08.020590Z,,,
2026-10-05T23:24:55Z,football_nfl,32677,2026-10-06T00:15:00Z,player_receptions,kalshi,KXNFLGAME-26OCT05ATLNO,Kendre Miller,espn:4599739,Under,2.5,-525,11022260060,KXNFLREC-26OCT05ATLNO-NOKMILLER5-3,alternate,2026-10-05T23:21:01.430324Z,2026-10-05T23:27:08.020590Z,2026-10-05T23:27:08.020590Z,,,
2026-10-05T23:24:55Z,football_nfl,32677,2026-10-06T00:15:00Z,player_receptions,kalshi,KXNFLGAME-26OCT05ATLNO,Kyle Pitts Sr.,espn:4360248,Over,2.5,-144,10280250893,KXNFLREC-26OCT05ATLNO-ATLKPITTS8-3,main,2026-10-05T21:38:28.591312Z,2026-10-05T23:27:08.020590Z,2026-10-05T23:27:08.020590Z,,,
2026-10-05T23:24:55Z,football_nfl,32677,2026-10-06T00:15:00Z,player_receptions,kalshi,KXNFLGAME-26OCT05ATLNO,Kyle Pitts Sr.,espn:4360248,Under,2.5,138,10280250899,KXNFLREC-26OCT05ATLNO-ATLKPITTS8-3,main,2026-10-05T21:38:28.591312Z,2026-10-05T23:27:08.020590Z,2026-10-05T23:27:08.020590Z,,,
2026-10-05T23:24:55Z,football_nfl,32677,2026-10-06T00:15:00Z,player_receptions,kalshi,KXNFLGAME-26OCT05ATLNO,Olamide Zaccheaus,espn:3917914,Over,2.5,456,10281236096,KXNFLREC-26OCT05ATLNO-ATLOZACCHEAUS14-3,alternate,2026-10-05T22:52:29.029963Z,2026-10-05T23:27:08.020590Z,2026-10-05T23:27:08.020590Z,,,
2026-10-05T23:24:55Z,football_nfl,32677,2026-10-06T00:15:00Z,player_receptions,kalshi,KXNFLGAME-26OCT05ATLNO,Olamide Zaccheaus,espn:3917914,Under,2.5,-488,10283622010,KXNFLREC-26OCT05ATLNO-ATLOZACCHEAUS14-3,alternate,2026-10-05T22:52:29.029963Z,2026-10-05T23:27:08.020590Z,2026-10-05T23:27:08.020590Z,,,
2026-10-05T23:24:55Z,football_nfl,32677,2026-10-06T00:15:00Z,player_receptions,kalshi,KXNFLGAME-26OCT05ATLNO,Zachariah Branch,espn:4870612,Over,2.5,900,10894860044,KXNFLREC-26OCT05ATLNO-ATLZBRANCH17-3,alternate,2026-10-05T23:25:04.617921Z,2026-10-05T23:27:08.020590Z,2026-10-05T23:27:08.020590Z,,,
2026-10-05T23:24:55Z,football_nfl,32677,2026-10-06T00:15:00Z,player_receptions,kalshi,KXNFLGAME-26OCT05ATLNO,Zachariah Branch,espn:4870612,Under,2.5,-1011,10894860046,KXNFLREC-26OCT05ATLNO-ATLZBRANCH17-3,alternate,2026-10-05T23:10:57.722894Z,2026-10-05T23:27:08.020590Z,2026-10-05T23:27:08.020590Z,,,
2026-10-05T23:24:55Z,football_nfl,32677,2026-10-06T00:15:00Z,player_receptions,kalshi,KXNFLGAME-26OCT05ATLNO,Alvin Kamara,espn:3054850,Over,3.5,163,10280307554,KXNFLREC-26OCT05ATLNO-NOAKAMARA41-4,alternate,2026-10-05T14:14:40.496769Z,2026-10-05T23:27:08.020590Z,2026-10-05T23:27:08.020590Z,,,
2026-10-05T23:24:55Z,football_nfl,32677,2026-10-06T00:15:00Z,player_receptions,kalshi,KXNFLGAME-26OCT05ATLNO,Alvin Kamara,espn:3054850,Under,3.5,-170,10280307556,KXNFLREC-26OCT05ATLNO-NOAKAMARA41-4,alternate,2026-10-05T14:14:40.496769Z,2026-10-05T23:27:08.020590Z,2026-10-05T23:27:08.020590Z,,,
2026-10-05T23:24:55Z,football_nfl,32677,2026-10-06T00:15:00Z,player_receptions,kalshi,KXNFLGAME-26OCT05ATLNO,Austin Hooper,espn:3043275,Over,3.5,1567,10280250900,KXNFLREC-26OCT05ATLNO-ATLAHOOPER81-4,alternate,2026-10-05T22:58:07.114327Z,2026-10-05T23:27:08.020590Z,2026-10-05T23:27:08.020590Z,,,
2026-10-05T23:24:55Z,football_nfl,32677,2026-10-06T00:15:00Z,player_receptions,kalshi,KXNFLGAME-26OCT05ATLNO,Austin Hooper,espn:3043275,Under,3.5,-1900,10282517614,KXNFLREC-26OCT05ATLNO-ATLAHOOPER81-4,alternate,2026-10-05T23:01:41.653041Z,2026-10-05T23:27:08.020590Z,2026-10-05T23:27:08.020590Z,,,
2026-10-05T23:24:55Z,football_nfl,32677,2026-10-06T00:15:00Z,player_receptions,kalshi,KXNFLGAME-26OCT05ATLNO,Bijan Robinson,espn:4430807,Over,3.5,-163,10280022047,KXNFLREC-26OCT05ATLNO-ATLBROBINSON7-4,alternate,2026-10-05T21:37:47.134454Z,2026-10-05T23:27:08.020590Z,2026-10-05T23:27:08.020590Z,,,
2026-10-05T23:24:55Z,football_nfl,32677,2026-10-06T00:15:00Z,player_receptions,kalshi,KXNFLGAME-26OCT05ATLNO,Bijan Robinson,espn:4430807,Under,3.5,156,10280250906,KXNFLREC-26OCT05ATLNO-ATLBROBINSON7-4,alternate,2026-10-05T23:02:19.672129Z,2026-10-05T23:27:08.020590Z,2026-10-05T23:27:08.020590Z,,,
2026-10-05T23:24:55Z,football_nfl,32677,2026-10-06T00:15:00Z,player_receptions,kalshi,KXNFLGAME-26OCT05ATLNO,Bryce Lance,espn:4879276,Over,3.5,1150,10894860047,KXNFLREC-26OCT05ATLNO-NOBLANCE18-4,alternate,2026-10-05T23:09:11.630379Z,2026-10-05T23:27:08.020590Z,2026-10-05T23:27:08.020590Z,,,
2026-10-05T23:24:55Z,football_nfl,32677,2026-10-06T00:15:00Z,player_receptions,kalshi,KXNFLGAME-26OCT05ATLNO,Bryce Lance,espn:4879276,Under,3.5,-1329,10894860048,KXNFLREC-26OCT05ATLNO-NOBLANCE18-4,alternate,2026-10-05T21:07:01.947691Z,2026-10-05T23:27:08.020590Z,2026-10-05T23:27:08.020590Z,,,
2026-10-05T23:24:55Z,football_nfl,32677,2026-10-06T00:15:00Z,player_receptions,kalshi,KXNFLGAME-26OCT05ATLNO,Chris Olave,espn:4361370,Over,3.5,-809,10280250902,KXNFLREC-26OCT05ATLNO-NOCOLAVE12-4,alternate,2026-10-05T16:20:35.790165Z,2026-10-05T23:27:08.020590Z,2026-10-05T23:27:08.020590Z,,,
2026-10-05T23:24:55Z,football_nfl,32677,2026-10-06T00:15:00Z,player_receptions,kalshi,KXNFLGAME-26OCT05ATLNO,Chris Olave,espn:4361370,Under,3.5,733,10280250907,KXNFLREC-26OCT05ATLNO-NOCOLAVE12-4,alternate,2026-10-05T13:19:35.528593Z,2026-10-05T23:27:08.020590Z,2026-10-05T23:27:08.020590Z,,,
2026-10-05T23:24:55Z,football_nfl,32677,2026-10-06T00:15:00Z,player_receptions,kalshi,KXNFLGAME-26OCT05ATLNO,Devaughn Vele,espn:4569559,Over,3.5,-144,10280355687,KXNFLREC-26OCT05ATLNO-NODVELE14-4,main,2026-10-05T22:52:29.029963Z,2026-10-05T23:27:08.020590Z,2026-10-05T23:27:08.020590Z,,,
2026-10-05T23:24:55Z,football_nfl,32677,2026-10-06T00:15:00Z,player_receptions,kalshi,KXNFLGAME-26OCT05ATLNO,Devaughn Vele,espn:4569559,Under,3.5,138,10280355689,KXNFLREC-26OCT05ATLNO-NODVELE14-4,main,2026-10-05T22:52:29.029963Z,2026-10-05T23:27:08.020590Z,2026-10-05T23:27:08.020590Z,,,
2026-10-05T23:24:55Z,football_nfl,32677,2026-10-06T00:15:00Z,player_receptions,kalshi,KXNFLGAME-26OCT05ATLNO,Drake London,espn:4426502,Over,3.5,-488,10280022048,KXNFLREC-26OCT05ATLNO-ATLDLONDON5-4,alternate,2026-10-05T15:05:52.504228Z,2026-10-05T23:27:08.020590Z,2026-10-05T23:27:08.020590Z,,,
2026-10-05T23:24:55Z,football_nfl,32677,2026-10-06T00:15:00Z,player_receptions,kalshi,KXNFLGAME-26OCT05ATLNO,Drake London,espn:4426502,Under,3.5,456,10280250908,KXNFLREC-26OCT05ATLNO-ATLDLONDON5-4,alternate,2026-10-05T18:57:23.684165Z,2026-10-05T23:27:08.020590Z,2026-10-05T23:27:08.020590Z,,,
2026-10-05T23:24:55Z,football_nfl,32677,2026-10-06T00:15:00Z,player_receptions,kalshi,KXNFLGAME-26OCT05ATLNO,Jahan Dotson,espn:4361409,Over,3.5,669,10280022049,KXNFLREC-26OCT05ATLNO-ATLJDOTSON4-4,alternate,2026-10-05T05:50:40.841654Z,2026-10-05T23:27:08.020590Z,2026-10-05T23:27:08.020590Z,,,
2026-10-05T23:24:55Z,football_nfl,32677,2026-10-06T00:15:00Z,player_receptions,kalshi,KXNFLGAME-26OCT05ATLNO,Jahan Dotson,espn:4361409,Under,3.5,-733,10286501971,KXNFLREC-26OCT05ATLNO-ATLJDOTSON4-4,alternate,2026-10-04T15:45:17.297776Z,2026-10-05T23:27:08.020590Z,2026-10-05T23:27:08.020590Z,,,
2026-10-05T23:24:55Z,football_nfl,32677,2026-10-06T00:15:00Z,player_receptions,kalshi,KXNFLGAME-26OCT05ATLNO,Juwan Johnson,espn:3929645,Over,3.5,-156,10281291739,KXNFLREC-26OCT05ATLNO-NOJJOHNSON83-4,alternate,2026-10-05T23:13:47.526047Z,2026-10-05T23:27:08.020590Z,2026-10-05T23:27:08.020590Z,,,
2026-10-05T23:24:55Z,football_nfl,32677,2026-10-06T00:15:00Z,player_receptions,kalshi,KXNFLGAME-26OCT05ATLNO,Juwan Johnson,espn:3929645,Under,3.5,150,10281291747,KXNFLREC-26OCT05ATLNO-NOJJOHNSON83-4,alternate,2026-10-05T23:13:47.526047Z,2026-10-05T23:27:08.020590Z,2026-10-05T23:27:08.020590Z,,,
2026-10-05T23:24:55Z,football_nfl,32677,2026-10-06T00:15:00Z,player_receptions,kalshi,KXNFLGAME-26OCT05ATLNO,Kendre Miller,espn:4599739,Over,3.5,1329,11021488962,KXNFLREC-26OCT05ATLNO-NOKMILLER5-4,alternate,2026-10-05T23:17:04.613615Z,2026-10-05T23:27:08.020590Z,2026-10-05T23:27:08.020590Z,,,
2026-10-05T23:24:55Z,football_nfl,32677,2026-10-06T00:15:00Z,player_receptions,kalshi,KXNFLGAME-26OCT05ATLNO,Kendre Miller,espn:4599739,Under,3.5,-3233,11022818614,KXNFLREC-26OCT05ATLNO-NOKMILLER5-4,alternate,2026-10-05T23:27:08.164406Z,2026-10-05T23:27:08.020590Z,2026-10-05T23:27:08.020590Z,,,
2026-10-05T23:24:55Z,football_nfl,32677,2026-10-06T00:15:00Z,player_receptions,kalshi,KXNFLGAME-26OCT05ATLNO,Kyle Pitts Sr.,espn:4360248,Over,3.5,178,10280022050,KXNFLREC-26OCT05ATLNO-ATLKPITTS8-4,alternate,2026-10-05T23:13:25.463954Z,2026-10-05T23:27:08.020590Z,2026-10-05T23:27:08.020590Z,,,
2026-10-05T23:24:55Z,football_nfl,32677,2026-10-06T00:15:00Z,player_receptions,kalshi,KXNFLGAME-26OCT05ATLNO,Kyle Pitts Sr.,espn:4360248,Under,3.5,-186,10280250909,KXNFLREC-26OCT05ATLNO-ATLKPITTS8-4,alternate,2026-10-05T23:13:25.463954Z,2026-10-05T23:27:08.020590Z,2026-10-05T23:27:08.020590Z,,,
2026-10-05T23:24:55Z,football_nfl,32677,2026-10-06T00:15:00Z,player_receptions,kalshi,KXNFLGAME-26OCT05ATLNO,Olamide Zaccheaus,espn:3917914,Over,3.5,1329,10280250905,KXNFLREC-26OCT05ATLNO-ATLOZACCHEAUS14-4,alternate,2026-10-05T18:43:11.438484Z,2026-10-05T23:27:08.020590Z,2026-10-05T23:27:08.020590Z,,,
2026-10-05T23:24:55Z,football_nfl,32677,2026-10-06T00:15:00Z,player_receptions,kalshi,KXNFLGAME-26OCT05ATLNO,Olamide Zaccheaus,espn:3917914,Under,3.5,-1567,10286501972,KXNFLREC-26OCT05ATLNO-ATLOZACCHEAUS14-4,alternate,2026-10-05T21:56:05.199540Z,2026-10-05T23:27:08.020590Z,2026-10-05T23:27:08.020590Z,,,
2026-10-05T23:24:55Z,football_nfl,32677,2026-10-06T00:15:00Z,player_receptions,kalshi,KXNFLGAME-26OCT05ATLNO,Zachariah Branch,espn:4870612,Over,3.5,2400,10895394504,KXNFLREC-26OCT05ATLNO-ATLZBRANCH17-4,alternate,2026-10-05T23:09:04.545449Z,2026-10-05T23:27:08.020590Z,2026-10-05T23:27:08.020590Z,,,
2026-10-05T23:24:55Z,football_nfl,32677,2026-10-06T00:15:00Z,player_receptions,kalshi,KXNFLGAME-26OCT05ATLNO,Zachariah Branch,espn:4870612,Under,3.5,-3233,10897015606,KXNFLREC-26OCT05ATLNO-ATLZBRANCH17-4,alternate,2026-10-05T23:09:04.545449Z,2026-10-05T23:27:08.020590Z,2026-10-05T23:27:08.020590Z,,,
2026-10-05T23:24:55Z,football_nfl,32677,2026-10-06T00:15:00Z,player_receptions,kalshi,KXNFLGAME-26OCT05ATLNO,Alvin Kamara,espn:3054850,Over,4.5,355,10280022051,KXNFLREC-26OCT05ATLNO-NOAKAMARA41-5,alternate,2026-10-05T23:00:47.282058Z,2026-10-05T23:27:08.020590Z,2026-10-05T23:27:08.020590Z,,,
2026-10-05T23:24:55Z,football_nfl,32677,2026-10-06T00:15:00Z,player_receptions,kalshi,KXNFLGAME-26OCT05ATLNO,Alvin Kamara,espn:3054850,Under,4.5,-376,10281765327,KXNFLREC-26OCT05ATLNO-NOAKAMARA41-5,alternate,2026-10-05T23:00:48.895113Z,2026-10-05T23:27:08.020590Z,2026-10-05T23:27:08.020590Z,,,
2026-10-05T23:24:55Z,football_nfl,32677,2026-10-06T00:15:00Z,player_receptions,kalshi,KXNFLGAME-26OCT05ATLNO,Austin Hooper,espn:3043275,Over,4.5,4900,10280250910,KXNFLREC-26OCT05ATLNO-ATLAHOOPER81-5,alternate,2026-10-05T23:14:41.366432Z,2026-10-05T23:27:08.020590Z,2026-10-05T23:27:08.020590Z,,,
2026-10-05T23:24:55Z,football_nfl,32677,2026-10-06T00:15:00Z,player_receptions,kalshi,KXNFLGAME-26OCT05ATLNO,Austin Hooper,espn:3043275,Under,4.5,-9900,10286501979,KXNFLREC-26OCT05ATLNO-ATLAHOOPER81-5,alternate,2026-10-05T23:05:23.948508Z,2026-10-05T23:27:08.020590Z,2026-10-05T23:27:08.020590Z,,,
2026-10-05T23:24:55Z,football_nfl,32677,2026-10-06T00:15:00Z,player_receptions,kalshi,KXNFLGAME-26OCT05ATLNO,Bijan Robinson,espn:4430807,Over,4.5,122,10280427500,KXNFLREC-26OCT05ATLNO-ATLBROBINSON7-5,main,2026-10-05T19:48:56.090397Z,2026-10-05T23:27:08.020590Z,2026-10-05T23:27:08.020590Z,,,
2026-10-05T23:24:55Z,football_nfl,32677,2026-10-06T00:15:00Z,player_receptions,kalshi,KXNFLGAME-26OCT05ATLNO,Bijan Robinson,espn:4430807,Under,4.5,-127,10280427501,KXNFLREC-26OCT05ATLNO-ATLBROBINSON7-5,main,2026-10-05T19:48:56.090397Z,2026-10-05T23:27:08.020590Z,2026-10-05T23:27:08.020590Z,,,
2026-10-05T23:24:55Z,football_nfl,32677,2026-10-06T00:15:00Z,player_receptions,kalshi,KXNFLGAME-26OCT05ATLNO,Bryce Lance,espn:4879276,Over,4.5,3233,10895304282,KXNFLREC-26OCT05ATLNO-NOBLANCE18-5,alternate,2026-10-05T23:08:42.127503Z,2026-10-05T23:27:08.020590Z,2026-10-05T23:27:08.020590Z,,,
2026-10-05T23:24:55Z,football_nfl,32677,2026-10-06T00:15:00Z,player_receptions,kalshi,KXNFLGAME-26OCT05ATLNO,Bryce Lance,espn:4879276,Under,4.5,-4900,10897015608,KXNFLREC-26OCT05ATLNO-NOBLANCE18-5,alternate,2026-10-05T13:28:00.706863Z,2026-10-05T23:27:08.020590Z,2026-10-05T23:27:08.020590Z,,,
2026-10-05T23:24:55Z,football_nfl,32677,2026-10-06T00:15:00Z,player_receptions,kalshi,KXNFLGAME-26OCT05ATLNO,Chris Olave,espn:4361370,Over,4.5,-400,10280022052,KXNFLREC-26OCT05ATLNO-NOCOLAVE12-5,alternate,2026-10-05T13:49:27.944105Z,2026-10-05T23:27:08.020590Z,2026-10-05T23:27:08.020590Z,,,
2026-10-05T23:24:55Z,football_nfl,32677,2026-10-06T00:15:00Z,player_receptions,kalshi,KXNFLGAME-26OCT05ATLNO,Chris Olave,espn:4361370,Under,4.5,376,10280250915,KXNFLREC-26OCT05ATLNO-NOCOLAVE12-5,alternate,2026-10-05T13:49:27.944105Z,2026-10-05T23:27:08.020590Z,2026-10-05T23:27:08.020590Z,,,
2026-10-05T23:24:55Z,football_nfl,32677,2026-10-06T00:15:00Z,player_receptions,kalshi,KXNFLGAME-26OCT05ATLNO,Devaughn Vele,espn:4569559,Over,4.5,150,10280094417,KXNFLREC-26OCT05ATLNO-NODVELE14-5,alternate,2026-10-05T22:49:33.784239Z,2026-10-05T23:27:08.020590Z,2026-10-05T23:27:08.020590Z,,,
2026-10-05T23:24:55Z,football_nfl,32677,2026-10-06T00:15:00Z,player_receptions,kalshi,KXNFLGAME-26OCT05ATLNO,Devaughn Vele,espn:4569559,Under,4.5,-156,10280094418,KXNFLREC-26OCT05ATLNO-NODVELE14-5,alternate,2026-10-05T22:55:08.735326Z,2026-10-05T23:27:08.020590Z,2026-10-05T23:27:08.020590Z,,,
2026-10-05T23:24:55Z,football_nfl,32677,2026-10-06T00:15:00Z,player_receptions,kalshi,KXNFLGAME-26OCT05ATLNO,Drake London,espn:4426502,Over,4.5,-245,10280022053,KXNFLREC-26OCT05ATLNO-ATLDLONDON5-5,alternate,2026-10-05T19:43:07.713793Z,2026-10-05T23:27:08.020590Z,2026-10-05T23:27:08.020590Z,,,
2026-10-05T23:24:55Z,football_nfl,32677,2026-10-06T00:15:00Z,player_receptions,kalshi,KXNFLGAME-26OCT05ATLNO,Drake London,espn:4426502,Under,4.5,233,10280250916,KXNFLREC-26OCT05ATLNO-ATLDLONDON5-5,alternate,2026-10-05T20:26:48.158515Z,2026-10-05T23:27:08.020590Z,2026-10-05T23:27:08.020590Z,,,
2026-10-05T23:24:55Z,football_nfl,32677,2026-10-06T00:15:00Z,player_receptions,kalshi,KXNFLGAME-26OCT05ATLNO,Jahan Dotson,espn:4361409,Over,4.5,1567,10280250913,KXNFLREC-26OCT05ATLNO-ATLJDOTSON4-5,alternate,2026-10-05T23:24:28.010042Z,2026-10-05T23:27:08.020590Z,2026-10-05T23:27:08.020590Z,,,
2026-10-05T23:24:55Z,football_nfl,32677,2026-10-06T00:15:00Z,player_receptions,kalshi,KXNFLGAME-26OCT05ATLNO,Jahan Dotson,espn:4361409,Under,4.5,-1900,10281765330,KXNFLREC-26OCT05ATLNO-ATLJDOTSON4-5,alternate,2026-10-04T15:45:17.297776Z,2026-10-05T23:27:08.020590Z,2026-10-05T23:27:08.020590Z,,,
2026-10-05T23:24:55Z,football_nfl,32677,2026-10-06T00:15:00Z,player_receptions,kalshi,KXNFLGAME-26OCT05ATLNO,Juwan Johnson,espn:3929645,Over,4.5,127,10280022054,KXNFLREC-26OCT05ATLNO-NOJJOHNSON83-5,main,2026-10-05T23:12:29.028786Z,2026-10-05T23:27:08.020590Z,2026-10-05T23:27:08.020590Z,,,
2026-10-05T23:24:55Z,football_nfl,32677,2026-10-06T00:15:00Z,player_receptions,kalshi,KXNFLGAME-26OCT05ATLNO,Juwan Johnson,espn:3929645,Under,4.5,-133,10280250917,KXNFLREC-26OCT05ATLNO-NOJJOHNSON83-5,main,2026-10-05T23:12:29.028786Z,2026-10-05T23:27:08.020590Z,2026-10-05T23:27:08.020590Z,,,
2026-10-05T23:24:55Z,football_nfl,32677,2026-10-06T00:15:00Z,player_receptions,kalshi,KXNFLGAME-26OCT05ATLNO,Kendre Miller,espn:4599739,Over,4.5,2400,11021488987,KXNFLREC-26OCT05ATLNO-NOKMILLER5-5,alternate,2026-10-05T23:17:04.613615Z,2026-10-05T23:27:08.020590Z,2026-10-05T23:27:08.020590Z,,,
2026-10-05T23:24:55Z,football_nfl,32677,2026-10-06T00:15:00Z,player_receptions,kalshi,KXNFLGAME-26OCT05ATLNO,Kyle Pitts Sr.,espn:4360248,Over,4.5,376,10280022055,KXNFLREC-26OCT05ATLNO-ATLKPITTS8-5,alternate,2026-10-05T21:08:19.405327Z,2026-10-05T23:27:08.020590Z,2026-10-05T23:27:08.020590Z,,,
2026-10-05T23:24:55Z,football_nfl,32677,2026-10-06T00:15:00Z,player_receptions,kalshi,KXNFLGAME-26OCT05ATLNO,Kyle Pitts Sr.,espn:4360248,Under,4.5,-400,10283722248,KXNFLREC-26OCT05ATLNO-ATLKPITTS8-5,alternate,2026-10-05T21:08:19.405327Z,2026-10-05T23:27:08.020590Z,2026-10-05T23:27:08.020590Z,,,
2026-10-05T23:24:55Z,football_nfl,32677,2026-10-06T00:15:00Z,player_receptions,kalshi,KXNFLGAME-26OCT05ATLNO,Alvin Kamara,espn:3054850,Over,5.5,733,10280022056,KXNFLREC-26OCT05ATLNO-NOAKAMARA41-6,alternate,2026-10-05T16:31:16.774767Z,2026-10-05T23:27:08.020590Z,2026-10-05T23:27:08.020590Z,,,
2026-10-05T23:24:55Z,football_nfl,32677,2026-10-06T00:15:00Z,player_receptions,kalshi,KXNFLGAME-26OCT05ATLNO,Alvin Kamara,espn:3054850,Under,5.5,-809,10281765336,KXNFLREC-26OCT05ATLNO-NOAKAMARA41-6,alternate,2026-10-05T12:44:57.263636Z,2026-10-05T23:27:08.020590Z,2026-10-05T23:27:08.020590Z,,,
2026-10-05T23:24:55Z,football_nfl,32677,2026-10-06T00:15:00Z,player_receptions,kalshi,KXNFLGAME-26OCT05ATLNO,Bijan Robinson,espn:4430807,Over,5.5,233,10280022057,KXNFLREC-26OCT05ATLNO-ATLBROBINSON7-6,alternate,2026-10-05T19:55:24.767894Z,2026-10-05T23:27:08.020590Z,2026-10-05T23:27:08.020590Z,,,
2026-10-05T23:24:55Z,football_nfl,32677,2026-10-06T00:15:00Z,player_receptions,kalshi,KXNFLGAME-26OCT05ATLNO,Bijan Robinson,espn:4430807,Under,5.5,-245,10280250922,KXNFLREC-26OCT05ATLNO-ATLBROBINSON7-6,alternate,2026-10-05T20:46:50.972949Z,2026-10-05T23:27:08.020590Z,2026-10-05T23:27:08.020590Z,,,
2026-10-05T23:24:55Z,football_nfl,32677,2026-10-06T00:15:00Z,player_receptions,kalshi,KXNFLGAME-26OCT05ATLNO,Chris Olave,espn:4361370,Over,5.5,-213,10280022058,KXNFLREC-26OCT05ATLNO-NOCOLAVE12-6,alternate,2026-10-05T18:37:58.363503Z,2026-10-05T23:27:08.020590Z,2026-10-05T23:27:08.020590Z,,,
2026-10-05T23:24:55Z,football_nfl,32677,2026-10-06T00:15:00Z,player_receptions,kalshi,KXNFLGAME-26OCT05ATLNO,Chris Olave,espn:4361370,Under,5.5,203,10280250923,KXNFLREC-26OCT05ATLNO-NOCOLAVE12-6,alternate,2026-10-05T18:37:58.363503Z,2026-10-05T23:27:08.020590Z,2026-10-05T23:27:08.020590Z,,,
2026-10-05T23:24:55Z,football_nfl,32677,2026-10-06T00:15:00Z,player_receptions,kalshi,KXNFLGAME-26OCT05ATLNO,Devaughn Vele,espn:4569559,Over,5.5,300,10280022059,KXNFLREC-26OCT05ATLNO-NODVELE14-6,alternate,2026-10-05T16:54:25.305304Z,2026-10-05T23:27:08.020590Z,2026-10-05T23:27:08.020590Z,,,
2026-10-05T23:24:55Z,football_nfl,32677,2026-10-06T00:15:00Z,player_receptions,kalshi,KXNFLGAME-26OCT05ATLNO,Devaughn Vele,espn:4569559,Under,5.5,-317,10280250924,KXNFLREC-26OCT05ATLNO-NODVELE14-6,alternate,2026-10-05T16:31:16.774767Z,2026-10-05T23:27:08.020590Z,2026-10-05T23:27:08.020590Z,,,
2026-10-05T23:24:55Z,football_nfl,32677,2026-10-06T00:15:00Z,player_receptions,kalshi,KXNFLGAME-26OCT05ATLNO,Drake London,espn:4426502,Over,5.5,-133,10280414601,KXNFLREC-26OCT05ATLNO-ATLDLONDON5-6,main,2026-10-05T22:31:04.339179Z,2026-10-05T23:27:08.020590Z,2026-10-05T23:27:08.020590Z,,,
2026-10-05T23:24:55Z,football_nfl,32677,2026-10-06T00:15:00Z,player_receptions,kalshi,KXNFLGAME-26OCT05ATLNO,Drake London,espn:4426502,Under,5.5,127,10280414602,KXNFLREC-26OCT05ATLNO-ATLDLONDON5-6,main,2026-10-05T22:31:04.339179Z,2026-10-05T23:27:08.020590Z,2026-10-05T23:27:08.020590Z,,,
2026-10-05T23:24:55Z,football_nfl,32677,2026-10-06T00:15:00Z,player_receptions,kalshi,KXNFLGAME-26OCT05ATLNO,Juwan Johnson,espn:3929645,Over,5.5,270,10280022060,KXNFLREC-26OCT05ATLNO-NOJJOHNSON83-6,alternate,2026-10-05T23:17:46.731145Z,2026-10-05T23:27:08.020590Z,2026-10-05T23:27:08.020590Z,,,
2026-10-05T23:24:55Z,football_nfl,32677,2026-10-06T00:15:00Z,player_receptions,kalshi,KXNFLGAME-26OCT05ATLNO,Juwan Johnson,espn:3929645,Under,5.5,-285,10281765338,KXNFLREC-26OCT05ATLNO-NOJJOHNSON83-6,alternate,2026-10-05T23:17:59.795177Z,2026-10-05T23:27:08.020590Z,2026-10-05T23:27:08.020590Z,,,
2026-10-05T23:24:55Z,football_nfl,32677,2026-10-06T00:15:00Z,player_receptions,kalshi,KXNFLGAME-26OCT05ATLNO,Kyle Pitts Sr.,espn:4360248,Over,5.5,733,10280250921,KXNFLREC-26OCT05ATLNO-ATLKPITTS8-6,alternate,2026-10-05T22:55:14.315942Z,2026-10-05T23:27:08.020590Z,2026-10-05T23:27:08.020590Z,,,
2026-10-05T23:24:55Z,football_nfl,32677,2026-10-06T00:15:00Z,player_receptions,kalshi,KXNFLGAME-26OCT05ATLNO,Kyle Pitts Sr.,espn:4360248,Under,5.5,-809,10281765339,KXNFLREC-26OCT05ATLNO-ATLKPITTS8-6,alternate,2026-10-05T23:22:01.940525Z,2026-10-05T23:27:08.020590Z,2026-10-05T23:27:08.020590Z,,,
2026-10-05T23:24:55Z,football_nfl,32677,2026-10-06T00:15:00Z,player_receptions,kalshi,KXNFLGAME-26OCT05ATLNO,Alvin Kamara,espn:3054850,Over,6.5,1329,10280250925,KXNFLREC-26OCT05ATLNO-NOAKAMARA41-7,alternate,2026-10-05T21:58:58.069058Z,2026-10-05T23:27:08.020590Z,2026-10-05T23:27:08.020590Z,,,
2026-10-05T23:24:55Z,football_nfl,32677,2026-10-06T00:15:00Z,player_receptions,kalshi,KXNFLGAME-26OCT05ATLNO,Alvin Kamara,espn:3054850,Under,6.5,-1900,10281765345,KXNFLREC-26OCT05ATLNO-NOAKAMARA41-7,alternate,2026-10-05T23:17:04.613615Z,2026-10-05T23:27:08.020590Z,2026-10-05T23:27:08.020590Z,,,
2026-10-05T23:24:55Z,football_nfl,32677,2026-10-06T00:15:00Z,player_receptions,kalshi,KXNFLGAME-26OCT05ATLNO,Bijan Robinson,espn:4430807,Over,6.5,426,10280022061,KXNFLREC-26OCT05ATLNO-ATLBROBINSON7-7,alternate,2026-10-05T18:45:11.991376Z,2026-10-05T23:27:08.020590Z,2026-10-05T23:27:08.020590Z,,,
2026-10-05T23:24:55Z,football_nfl,32677,2026-10-06T00:15:00Z,player_receptions,kalshi,KXNFLGAME-26OCT05ATLNO,Bijan Robinson,espn:4430807,Under,6.5,-456,10283677097,KXNFLREC-26OCT05ATLNO-ATLBROBINSON7-7,alternate,2026-10-05T18:17:41.295481Z,2026-10-05T23:27:08.020590Z,2026-10-05T23:27:08.020590Z,,,
2026-10-05T23:24:55Z,football_nfl,32677,2026-10-06T00:15:00Z,player_receptions,kalshi,KXNFLGAME-26OCT05ATLNO,Chris Olave,espn:4361370,Over,6.5,-117,10280760645,KXNFLREC-26OCT05ATLNO-NOCOLAVE12-7,main,2026-10-04T22:01:11.310678Z,2026-10-05T23:27:08.020590Z,2026-10-05T23:27:08.020590Z,,,
2026-10-05T23:24:55Z,football_nfl,32677,2026-10-06T00:15:00Z,player_receptions,kalshi,KXNFLGAME-26OCT05ATLNO,Chris Olave,espn:4361370,Under,6.5,113,10280760646,KXNFLREC-26OCT05ATLNO-NOCOLAVE12-7,main,2026-10-05T00:43:03.815344Z,2026-10-05T23:27:08.020590Z,2026-10-05T23:27:08.020590Z,,,
2026-10-05T23:24:55Z,football_nfl,32677,2026-10-06T00:15:00Z,player_receptions,kalshi,KXNFLGAME-26OCT05ATLNO,Devaughn Vele,espn:4569559,Over,6.5,614,10280250926,KXNFLREC-26OCT05ATLNO-NODVELE14-7,alternate,2026-10-05T18:22:23.027447Z,2026-10-05T23:27:08.020590Z,2026-10-05T23:27:08.020590Z,,,
2026-10-05T23:24:55Z,football_nfl,32677,2026-10-06T00:15:00Z,player_receptions,kalshi,KXNFLGAME-26OCT05ATLNO,Devaughn Vele,espn:4569559,Under,6.5,-669,10282057511,KXNFLREC-26OCT05ATLNO-NODVELE14-7,alternate,2026-10-03T08:56:12.680354Z,2026-10-05T23:27:08.020590Z,2026-10-05T23:27:08.020590Z,,,
2026-10-05T23:24:55Z,football_nfl,32677,2026-10-06T00:15:00Z,player_receptions,kalshi,KXNFLGAME-26OCT05ATLNO,Drake London,espn:4426502,Over,6.5,138,10280022062,KXNFLREC-26OCT05ATLNO-ATLDLONDON5-7,alternate,2026-10-05T23:22:21.017257Z,2026-10-05T23:27:08.020590Z,2026-10-05T23:27:08.020590Z,,,
2026-10-05T23:24:55Z,football_nfl,32677,2026-10-06T00:15:00Z,player_receptions,kalshi,KXNFLGAME-26OCT05ATLNO,Drake London,espn:4426502,Under,6.5,-144,10280250929,KXNFLREC-26OCT05ATLNO-ATLDLONDON5-7,alternate,2026-10-05T23:23:08.347955Z,2026-10-05T23:27:08.020590Z,2026-10-05T23:27:08.020590Z,,,
2026-10-05T23:24:55Z,football_nfl,32677,2026-10-06T00:15:00Z,player_receptions,kalshi,KXNFLGAME-26OCT05ATLNO,Juwan Johnson,espn:3929645,Over,6.5,614,10280022063,KXNFLREC-26OCT05ATLNO-NOJJOHNSON83-7,alternate,2026-10-05T14:16:47.948845Z,2026-10-05T23:27:08.020590Z,2026-10-05T23:27:08.020590Z,,,
2026-10-05T23:24:55Z,football_nfl,32677,2026-10-06T00:15:00Z,player_receptions,kalshi,KXNFLGAME-26OCT05ATLNO,Juwan Johnson,espn:3929645,Under,6.5,-669,10281765347,KXNFLREC-26OCT05ATLNO-NOJJOHNSON83-7,alternate,2026-10-05T14:16:47.948845Z,2026-10-05T23:27:08.020590Z,2026-10-05T23:27:08.020590Z,,,
2026-10-05T23:24:55Z,football_nfl,32677,2026-10-06T00:15:00Z,player_receptions,kalshi,KXNFLGAME-26OCT05ATLNO,Kyle Pitts Sr.,espn:4360248,Over,6.5,1567,10280250928,KXNFLREC-26OCT05ATLNO-ATLKPITTS8-7,alternate,2026-10-05T05:30:21.982923Z,2026-10-05T23:27:08.020590Z,2026-10-05T23:27:08.020590Z,,,
2026-10-05T23:24:55Z,football_nfl,32677,2026-10-06T00:15:00Z,player_receptions,kalshi,KXNFLGAME-26OCT05ATLNO,Kyle Pitts Sr.,espn:4360248,Under,6.5,-1900,10281765348,KXNFLREC-26OCT05ATLNO-ATLKPITTS8-7,alternate,2026-10-05T06:05:31.184198Z,2026-10-05T23:27:08.020590Z,2026-10-05T23:27:08.020590Z,,,
2026-10-05T23:24:55Z,football_nfl,32677,2026-10-06T00:15:00Z,player_receptions,kalshi,KXNFLGAME-26OCT05ATLNO,Alvin Kamara,espn:3054850,Over,7.5,2400,10280250930,KXNFLREC-26OCT05ATLNO-NOAKAMARA41-8,alternate,2026-10-05T19:08:53.797052Z,2026-10-05T23:27:08.020590Z,2026-10-05T23:27:08.020590Z,,,
2026-10-05T23:24:55Z,football_nfl,32677,2026-10-06T00:15:00Z,player_receptions,kalshi,KXNFLGAME-26OCT05ATLNO,Alvin Kamara,espn:3054850,Under,7.5,-3233,10482346620,KXNFLREC-26OCT05ATLNO-NOAKAMARA41-8,alternate,2026-10-05T22:45:47.400824Z,2026-10-05T23:27:08.020590Z,2026-10-05T23:27:08.020590Z,,,
2026-10-05T23:24:55Z,football_nfl,32677,2026-10-06T00:15:00Z,player_receptions,kalshi,KXNFLGAME-26OCT05ATLNO,Bijan Robinson,espn:4430807,Over,7.5,809,10280022064,KXNFLREC-26OCT05ATLNO-ATLBROBINSON7-8,alternate,2026-10-05T01:40:55.530076Z,2026-10-05T23:27:08.020590Z,2026-10-05T23:27:08.020590Z,,,
2026-10-05T23:24:55Z,football_nfl,32677,2026-10-06T00:15:00Z,player_receptions,kalshi,KXNFLGAME-26OCT05ATLNO,Bijan Robinson,espn:4430807,Under,7.5,-900,10281765354,KXNFLREC-26OCT05ATLNO-ATLBROBINSON7-8,alternate,2026-10-03T01:57:07.409364Z,2026-10-05T23:27:08.020590Z,2026-10-05T23:27:08.020590Z,,,
2026-10-05T23:24:55Z,football_nfl,32677,2026-10-06T00:15:00Z,player_receptions,kalshi,KXNFLGAME-26OCT05ATLNO,Chris Olave,espn:4361370,Over,7.5,156,10280760647,KXNFLREC-26OCT05ATLNO-NOCOLAVE12-8,alternate,2026-10-05T17:10:12.848868Z,2026-10-05T23:27:08.020590Z,2026-10-05T23:27:08.020590Z,,,
2026-10-05T23:24:55Z,football_nfl,32677,2026-10-06T00:15:00Z,player_receptions,kalshi,KXNFLGAME-26OCT05ATLNO,Chris Olave,espn:4361370,Under,7.5,-163,10280760648,KXNFLREC-26OCT05ATLNO-NOCOLAVE12-8,alternate,2026-10-05T17:44:52.529116Z,2026-10-05T23:27:08.020590Z,2026-10-05T23:27:08.020590Z,,,
2026-10-05T23:24:55Z,football_nfl,32677,2026-10-06T00:15:00Z,player_receptions,kalshi,KXNFLGAME-26OCT05ATLNO,Devaughn Vele,espn:4569559,Over,7.5,1150,10280250931,KXNFLREC-26OCT05ATLNO-NODVELE14-8,alternate,2026-10-05T00:19:52.832280Z,2026-10-05T23:27:08.020590Z,2026-10-05T23:27:08.020590Z,,,
2026-10-05T23:24:55Z,football_nfl,32677,2026-10-06T00:15:00Z,player_receptions,kalshi,KXNFLGAME-26OCT05ATLNO,Devaughn Vele,espn:4569559,Under,7.5,-1329,10281765355,KXNFLREC-26OCT05ATLNO-NODVELE14-8,alternate,2026-10-03T12:20:38.644301Z,2026-10-05T23:27:08.020590Z,2026-10-05T23:27:08.020590Z,,,
2026-10-05T23:24:55Z,football_nfl,32677,2026-10-06T00:15:00Z,player_receptions,kalshi,KXNFLGAME-26OCT05ATLNO,Drake London,espn:4426502,Over,7.5,257,10280022065,KXNFLREC-26OCT05ATLNO-ATLDLONDON5-8,alternate,2026-10-05T18:16:26.277625Z,2026-10-05T23:27:08.020590Z,2026-10-05T23:27:08.020590Z,,,
2026-10-05T23:24:55Z,football_nfl,32677,2026-10-06T00:15:00Z,player_receptions,kalshi,KXNFLGAME-26OCT05ATLNO,Drake London,espn:4426502,Under,7.5,-270,10280250935,KXNFLREC-26OCT05ATLNO-ATLDLONDON5-8,alternate,2026-10-05T18:16:26.277625Z,2026-10-05T23:27:08.020590Z,2026-10-05T23:27:08.020590Z,,,
2026-10-05T23:24:55Z,football_nfl,32677,2026-10-06T00:15:00Z,player_receptions,kalshi,KXNFLGAME-26OCT05ATLNO,Juwan Johnson,espn:3929645,Over,7.5,1011,10280250933,KXNFLREC-26OCT05ATLNO-NOJJOHNSON83-8,alternate,2026-10-05T22:48:50.146174Z,2026-10-05T23:27:08.020590Z,2026-10-05T23:27:08.020590Z,,,
2026-10-05T23:24:55Z,football_nfl,32677,2026-10-06T00:15:00Z,player_receptions,kalshi,KXNFLGAME-26OCT05ATLNO,Juwan Johnson,espn:3929645,Under,7.5,-1150,10281765356,KXNFLREC-26OCT05ATLNO-NOJJOHNSON83-8,alternate,2026-10-05T23:04:00.203448Z,2026-10-05T23:27:08.020590Z,2026-10-05T23:27:08.020590Z,,,
2026-10-05T23:24:55Z,football_nfl,32677,2026-10-06T00:15:00Z,player_receptions,kalshi,KXNFLGAME-26OCT05ATLNO,Kyle Pitts Sr.,espn:4360248,Over,7.5,3233,10280250934,KXNFLREC-26OCT05ATLNO-ATLKPITTS8-8,alternate,2026-10-05T23:27:08.164406Z,2026-10-05T23:27:08.020590Z,2026-10-05T23:27:08.020590Z,,,
2026-10-05T23:24:55Z,football_nfl,32677,2026-10-06T00:15:00Z,player_receptions,kalshi,KXNFLGAME-26OCT05ATLNO,Kyle Pitts Sr.,espn:4360248,Under,7.5,-4900,10281765357,KXNFLREC-26OCT05ATLNO-ATLKPITTS8-8,alternate,2026-10-05T23:22:14.872362Z,2026-10-05T23:27:08.020590Z,2026-10-05T23:27:08.020590Z,,,
2026-10-05T23:24:55Z,football_nfl,32677,2026-10-06T00:15:00Z,player_receptions,kalshi,KXNFLGAME-26OCT05ATLNO,Bijan Robinson,espn:4430807,Over,8.5,1329,10280250936,KXNFLREC-26OCT05ATLNO-ATLBROBINSON7-9,alternate,2026-10-05T16:19:05.618788Z,2026-10-05T23:27:08.020590Z,2026-10-05T23:27:08.020590Z,,,
2026-10-05T23:24:55Z,football_nfl,32677,2026-10-06T00:15:00Z,player_receptions,kalshi,KXNFLGAME-26OCT05ATLNO,Bijan Robinson,espn:4430807,Under,8.5,-1567,10281765362,KXNFLREC-26OCT05ATLNO-ATLBROBINSON7-9,alternate,2026-10-05T16:16:31.293785Z,2026-10-05T23:27:08.020590Z,2026-10-05T23:27:08.020590Z,,,
2026-10-05T23:24:55Z,football_nfl,32677,2026-10-06T00:15:00Z,player_receptions,kalshi,KXNFLGAME-26OCT05ATLNO,Chris Olave,espn:4361370,Over,8.5,245,10280022066,KXNFLREC-26OCT05ATLNO-NOCOLAVE12-9,alternate,2026-10-05T22:47:50.309085Z,2026-10-05T23:27:08.020590Z,2026-10-05T23:27:08.020590Z,,,
2026-10-05T23:24:55Z,football_nfl,32677,2026-10-06T00:15:00Z,player_receptions,kalshi,KXNFLGAME-26OCT05ATLNO,Chris Olave,espn:4361370,Under,8.5,-257,10280250940,KXNFLREC-26OCT05ATLNO-NOCOLAVE12-9,alternate,2026-10-05T22:47:55.445146Z,2026-10-05T23:27:08.020590Z,2026-10-05T23:27:08.020590Z,,,
2026-10-05T23:24:55Z,football_nfl,32677,2026-10-06T00:15:00Z,player_receptions,kalshi,KXNFLGAME-26OCT05ATLNO,Devaughn Vele,espn:4569559,Over,8.5,1900,10280250938,KXNFLREC-26OCT05ATLNO-NODVELE14-9,alternate,2026-10-05T16:19:05.618788Z,2026-10-05T23:27:08.020590Z,2026-10-05T23:27:08.020590Z,,,
2026-10-05T23:24:55Z,football_nfl,32677,2026-10-06T00:15:00Z,player_receptions,kalshi,KXNFLGAME-26OCT05ATLNO,Devaughn Vele,espn:4569559,Under,8.5,-2400,10281765363,KXNFLREC-26OCT05ATLNO-NODVELE14-9,alternate,2026-10-03T02:02:07.555472Z,2026-10-05T23:27:08.020590Z,2026-10-05T23:27:08.020590Z,,,
2026-10-05T23:24:55Z,football_nfl,32677,2026-10-06T00:15:00Z,player_receptions,kalshi,KXNFLGAME-26OCT05ATLNO,Drake London,espn:4426502,Over,8.5,426,10280022067,KXNFLREC-26OCT05ATLNO-ATLDLONDON5-9,alternate,2026-10-05T23:22:02.519057Z,2026-10-05T23:27:08.020590Z,2026-10-05T23:27:08.020590Z,,,
2026-10-05T23:24:55Z,football_nfl,32677,2026-10-06T00:15:00Z,player_receptions,kalshi,KXNFLGAME-26OCT05ATLNO,Drake London,espn:4426502,Under,8.5,-456,10283722254,KXNFLREC-26OCT05ATLNO-ATLDLONDON5-9,alternate,2026-10-05T23:22:02.519057Z,2026-10-05T23:27:08.020590Z,2026-10-05T23:27:08.020590Z,,,
2026-10-05T23:24:55Z,football_nfl,32677,2026-10-06T00:15:00Z,player_receptions,kalshi,KXNFLGAME-26OCT05ATLNO,Juwan Johnson,espn:3929645,Over,8.5,1900,10280250939,KXNFLREC-26OCT05ATLNO-NOJJOHNSON83-9,alternate,2026-10-05T18:43:10.313375Z,2026-10-05T23:27:08.020590Z,2026-10-05T23:27:08.020590Z,,,
2026-10-05T23:24:55Z,football_nfl,32677,2026-10-06T00:15:00Z,player_receptions,kalshi,KXNFLGAME-26OCT05ATLNO,Juwan Johnson,espn:3929645,Under,8.5,-2400,10727884680,KXNFLREC-26OCT05ATLNO-NOJJOHNSON83-9,alternate,2026-10-05T22:30:48.368636Z,2026-10-05T23:27:08.020590Z,2026-10-05T23:27:08.020590Z,,,
2026-10-05T23:24:55Z,football_nfl,32677,2026-10-06T00:15:00Z,player_receptions,kalshi,KXNFLGAME-26OCT05ATLNO,Bijan Robinson,espn:4430807,Over,9.5,2400,10280250941,KXNFLREC-26OCT05ATLNO-ATLBROBINSON7-10,alternate,2026-10-05T22:52:44.888388Z,2026-10-05T23:27:08.020590Z,2026-10-05T23:27:08.020590Z,,,
2026-10-05T23:24:55Z,football_nfl,32677,2026-10-06T00:15:00Z,player_receptions,kalshi,KXNFLGAME-26OCT05ATLNO,Bijan Robinson,espn:4430807,Under,9.5,-4900,10281765368,KXNFLREC-26OCT05ATLNO-ATLBROBINSON7-10,alternate,2026-10-05T18:17:41.295481Z,2026-10-05T23:27:08.020590Z,2026-10-05T23:27:08.020590Z,,,
2026-10-05T23:24:55Z,football_nfl,32677,2026-10-06T00:15:00Z,player_receptions,kalshi,KXNFLGAME-26OCT05ATLNO,Chris Olave,espn:4361370,Over,9.5,426,10280022068,KXNFLREC-26OCT05ATLNO-NOCOLAVE12-10,alternate,2026-10-05T22:30:36.621234Z,2026-10-05T23:27:08.020590Z,2026-10-05T23:27:08.020590Z,,,
2026-10-05T23:24:55Z,football_nfl,32677,2026-10-06T00:15:00Z,player_receptions,kalshi,KXNFLGAME-26OCT05ATLNO,Chris Olave,espn:4361370,Under,9.5,-456,10281765369,KXNFLREC-26OCT05ATLNO-NOCOLAVE12-10,alternate,2026-10-05T22:30:55.572567Z,2026-10-05T23:27:08.020590Z,2026-10-05T23:27:08.020590Z,,,
2026-10-05T23:24:55Z,football_nfl,32677,2026-10-06T00:15:00Z,player_receptions,kalshi,KXNFLGAME-26OCT05ATLNO,Devaughn Vele,espn:4569559,Over,9.5,2400,10280250942,KXNFLREC-26OCT05ATLNO-NODVELE14-10,alternate,2026-10-05T23:27:08.164406Z,2026-10-05T23:27:08.020590Z,2026-10-05T23:27:08.020590Z,,,
2026-10-05T23:24:55Z,football_nfl,32677,2026-10-06T00:15:00Z,player_receptions,kalshi,KXNFLGAME-26OCT05ATLNO,Devaughn Vele,espn:4569559,Under,9.5,-4900,10903193572,KXNFLREC-26OCT05ATLNO-NODVELE14-10,alternate,2026-10-05T22:17:08.689774Z,2026-10-05T23:27:08.020590Z,2026-10-05T23:27:08.020590Z,,,
2026-10-05T23:24:55Z,football_nfl,32677,2026-10-06T00:15:00Z,player_receptions,kalshi,KXNFLGAME-26OCT05ATLNO,Drake London,espn:4426502,Over,9.5,809,10280250943,KXNFLREC-26OCT05ATLNO-ATLDLONDON5-10,alternate,2026-10-05T15:45:13.689167Z,2026-10-05T23:27:08.020590Z,2026-10-05T23:27:08.020590Z,,,
2026-10-05T23:24:55Z,football_nfl,32677,2026-10-06T00:15:00Z,player_receptions,kalshi,KXNFLGAME-26OCT05ATLNO,Drake London,espn:4426502,Under,9.5,-900,10281765370,KXNFLREC-26OCT05ATLNO-ATLDLONDON5-10,alternate,2026-10-05T16:19:05.618788Z,2026-10-05T23:27:08.020590Z,2026-10-05T23:27:08.020590Z,,,
2026-10-05T23:24:55Z,football_nfl,32677,2026-10-06T00:15:00Z,player_receptions,kalshi,KXNFLGAME-26OCT05ATLNO,Chris Olave,espn:4361370,Over,11.5,1329,10280250944,KXNFLREC-26OCT05ATLNO-NOCOLAVE12-12,alternate,2026-10-05T18:29:06.033966Z,2026-10-05T23:27:08.020590Z,2026-10-05T23:27:08.020590Z,,,
2026-10-05T23:24:55Z,football_nfl,32677,2026-10-06T00:15:00Z,player_receptions,kalshi,KXNFLGAME-26OCT05ATLNO,Chris Olave,espn:4361370,Under,11.5,-1567,10281765373,KXNFLREC-26OCT05ATLNO-NOCOLAVE12-12,alternate,2026-10-05T18:29:06.033966Z,2026-10-05T23:27:08.020590Z,2026-10-05T23:27:08.020590Z,,,
2026-10-05T23:24:55Z,football_nfl,32677,2026-10-06T00:15:00Z,player_receptions,kalshi,KXNFLGAME-26OCT05ATLNO,Drake London,espn:4426502,Over,11.5,1900,10280250945,KXNFLREC-26OCT05ATLNO-ATLDLONDON5-12,alternate,2026-10-05T12:01:30.837993Z,2026-10-05T23:27:08.020590Z,2026-10-05T23:27:08.020590Z,,,
2026-10-05T23:24:55Z,football_nfl,32677,2026-10-06T00:15:00Z,player_receptions,kalshi,KXNFLGAME-26OCT05ATLNO,Drake London,espn:4426502,Under,11.5,-2400,10727884691,KXNFLREC-26OCT05ATLNO-ATLDLONDON5-12,alternate,2026-10-05T16:19:05.618788Z,2026-10-05T23:27:08.020590Z,2026-10-05T23:27:08.020590Z,,,
2026-10-05T23:24:55Z,football_nfl,32677,2026-10-06T00:15:00Z,player_receptions,kalshi,KXNFLGAME-26OCT05ATLNO,Chris Olave,espn:4361370,Over,12.5,2400,10280250946,KXNFLREC-26OCT05ATLNO-NOCOLAVE12-13,alternate,2026-10-05T23:20:45.444164Z,2026-10-05T23:27:08.020590Z,2026-10-05T23:27:08.020590Z,,,
2026-10-05T23:24:55Z,football_nfl,32677,2026-10-06T00:15:00Z,player_receptions,kalshi,KXNFLGAME-26OCT05ATLNO,Chris Olave,espn:4361370,Under,12.5,-3233,10287167733,KXNFLREC-26OCT05ATLNO-NOCOLAVE12-13,alternate,2026-10-05T17:10:12.848868Z,2026-10-05T23:27:08.020590Z,2026-10-05T23:27:08.020590Z,,,
2026-10-05T23:24:55Z,football_nfl,32677,2026-10-06T00:15:00Z,player_receptions,kalshi,KXNFLGAME-26OCT05ATLNO,Chris Olave,espn:4361370,Over,13.5,3233,10280250947,KXNFLREC-26OCT05ATLNO-NOCOLAVE12-14,alternate,2026-10-05T23:21:29.251394Z,2026-10-05T23:27:08.020590Z,2026-10-05T23:27:08.020590Z,,,
2026-10-05T23:24:55Z,football_nfl,32677,2026-10-06T00:15:00Z,player_receptions,kalshi,KXNFLGAME-26OCT05ATLNO,Chris Olave,espn:4361370,Under,13.5,-4900,10727884695,KXNFLREC-26OCT05ATLNO-NOCOLAVE12-14,alternate,2026-10-05T22:15:16.637816Z,2026-10-05T23:27:08.020590Z,2026-10-05T23:27:08.020590Z,,,
2026-10-05T23:24:55Z,football_nfl,32677,2026-10-06T00:15:00Z,player_reception_yds,kalshi,KXNFLGAME-26OCT05ATLNO,Zachariah Branch,espn:4870612,Over,4.5,-100,10895394742,KXNFLRECYDS-26OCT05ATLNO-ATLZBRANCH17-5,main,2026-10-05T23:06:29.572117Z,2026-10-05T23:27:08.020590Z,2026-10-05T23:27:08.020590Z,,,
2026-10-05T23:24:55Z,football_nfl,32677,2026-10-06T00:15:00Z,player_reception_yds,kalshi,KXNFLGAME-26OCT05ATLNO,Zachariah Branch,espn:4870612,Under,4.5,-104,10895394743,KXNFLRECYDS-26OCT05ATLNO-ATLZBRANCH17-5,main,2026-10-05T23:06:29.572117Z,2026-10-05T23:27:08.020590Z,2026-10-05T23:27:08.020590Z,,,
2026-10-05T23:24:55Z,football_nfl,32677,2026-10-06T00:15:00Z,player_receptions,kalshi,KXNFLGAME-26OCT05ATLNO,Zachariah Branch,espn:4870612,Over,0.5,-138,10895394744,KXNFLREC-26OCT05ATLNO-ATLZBRANCH17-1,main,2026-10-05T23:08:10.296752Z,2026-10-05T23:27:08.020590Z,2026-10-05T23:27:08.020590Z,,,
2026-10-05T23:24:55Z,football_nfl,32677,2026-10-06T00:15:00Z,player_receptions,kalshi,KXNFLGAME-26OCT05ATLNO,Zachariah Branch,espn:4870612,Under,0.5,133,10895394745,KXNFLREC-26OCT05ATLNO-ATLZBRANCH17-1,main,2026-10-05T23:08:10.296752Z,2026-10-05T23:27:08.020590Z,2026-10-05T23:27:08.020590Z,,,
2026-10-05T23:24:55Z,football_nfl,32677,2026-10-06T00:15:00Z,player_pass_tds,pinnacle,1637432970,Michael Penix,espn:4360423,Over,1.5,109,9673402530,,main,2026-10-05T20:06:39.367532Z,2026-10-05T23:26:59.865117Z,2026-10-05T23:26:59.865117Z,,6493305781,
2026-10-05T23:24:55Z,football_nfl,32677,2026-10-06T00:15:00Z,player_pass_tds,pinnacle,1637432970,Michael Penix,espn:4360423,Under,1.5,-132,9673402531,,main,2026-10-05T21:21:15.583326Z,2026-10-05T23:26:59.865117Z,2026-10-05T23:26:59.865117Z,,6493435871,
2026-10-05T23:24:55Z,football_nfl,32677,2026-10-06T00:15:00Z,player_pass_tds,pinnacle,1637432970,Tyler Shough,espn:4360689,Over,1.5,-127,9673402532,,main,2026-10-05T21:37:10.657007Z,2026-10-05T23:26:59.865117Z,2026-10-05T23:26:59.865117Z,,6493193396,
2026-10-05T23:24:55Z,football_nfl,32677,2026-10-06T00:15:00Z,player_pass_tds,pinnacle,1637432970,Tyler Shough,espn:4360689,Under,1.5,105,9673402533,,main,2026-10-05T21:37:10.657007Z,2026-10-05T23:26:59.865117Z,2026-10-05T23:26:59.865117Z,,6493193396,
2026-10-05T23:24:55Z,football_nfl,32677,2026-10-06T00:15:00Z,player_pass_yds,pinnacle,1637432970,Michael Penix,espn:4360423,Over,225.5,-110,9673402534,,main,2026-10-05T21:21:15.583326Z,2026-10-05T23:26:59.865117Z,2026-10-05T23:26:59.865117Z,,6493438725,
2026-10-05T23:24:55Z,football_nfl,32677,2026-10-06T00:15:00Z,player_pass_yds,pinnacle,1637432970,Michael Penix,espn:4360423,Under,225.5,-110,9673402535,,main,2026-10-05T21:21:15.583326Z,2026-10-05T23:26:59.865117Z,2026-10-05T23:26:59.865117Z,,6493438725,
2026-10-05T23:24:55Z,football_nfl,32677,2026-10-06T00:15:00Z,player_pass_yds,pinnacle,1637432970,Tyler Shough,espn:4360689,Over,259.5,-115,9673402536,,main,2026-10-05T22:22:45.464967Z,2026-10-05T23:26:59.865117Z,2026-10-05T23:26:59.865117Z,,6493494573,
2026-10-05T23:24:55Z,football_nfl,32677,2026-10-06T00:15:00Z,player_pass_yds,pinnacle,1637432970,Tyler Shough,espn:4360689,Under,259.5,-105,9673402537,,main,2026-10-05T22:22:45.464967Z,2026-10-05T23:26:59.865117Z,2026-10-05T23:26:59.865117Z,,6493494573,
2026-10-05T23:24:55Z,football_nfl,32677,2026-10-06T00:15:00Z,player_reception_yds,pinnacle,1637432970,Alvin Kamara,espn:3054850,Over,15.5,-114,9673402538,,main,2026-10-05T17:35:18.195158Z,2026-10-05T23:26:59.865117Z,2026-10-05T23:26:59.865117Z,,6492976353,
2026-10-05T23:24:55Z,football_nfl,32677,2026-10-06T00:15:00Z,player_reception_yds,pinnacle,1637432970,Alvin Kamara,espn:3054850,Under,15.5,-106,9673402539,,main,2026-10-05T17:35:18.195158Z,2026-10-05T23:26:59.865117Z,2026-10-05T23:26:59.865117Z,,6492976353,
2026-10-05T23:24:55Z,football_nfl,32677,2026-10-06T00:15:00Z,player_reception_yds,pinnacle,1637432970,Austin Hooper,espn:3043275,Over,6.5,-107,9673402540,,main,2026-10-05T22:52:23.278595Z,2026-10-05T23:26:59.865117Z,2026-10-05T23:26:59.865117Z,,6493508631,
2026-10-05T23:24:55Z,football_nfl,32677,2026-10-06T00:15:00Z,player_reception_yds,pinnacle,1637432970,Austin Hooper,espn:3043275,Under,6.5,-114,9673402541,,main,2026-10-05T23:21:57.679096Z,2026-10-05T23:26:59.865117Z,2026-10-05T23:26:59.865117Z,,6493531717,
2026-10-05T23:24:55Z,football_nfl,32677,2026-10-06T00:15:00Z,player_reception_yds,pinnacle,1637432970,Bijan Robinson,espn:4430807,Over,36.5,-110,9673402542,,main,2026-10-05T20:06:39.367532Z,2026-10-05T23:26:59.865117Z,2026-10-05T23:26:59.865117Z,,6493306387,
2026-10-05T23:24:55Z,football_nfl,32677,2026-10-06T00:15:00Z,player_reception_yds,pinnacle,1637432970,Bijan Robinson,espn:4430807,Under,36.5,-110,9673402543,,main,2026-10-05T20:06:39.367532Z,2026-10-05T23:26:59.865117Z,2026-10-05T23:26:59.865117Z,,6493306387,
2026-10-05T23:24:55Z,football_nfl,32677,2026-10-06T00:15:00Z,player_reception_yds,pinnacle,1637432970,Chris Olave,espn:4361370,Over,85.5,-110,9673402544,,main,2026-10-05T21:37:10.657007Z,2026-10-05T23:26:59.865117Z,2026-10-05T23:26:59.865117Z,,6493380032,
2026-10-05T23:24:55Z,football_nfl,32677,2026-10-06T00:15:00Z,player_reception_yds,pinnacle,1637432970,Chris Olave,espn:4361370,Under,85.5,-110,9673402553,,main,2026-10-05T21:37:10.657007Z,2026-10-05T23:26:59.865117Z,2026-10-05T23:26:59.865117Z,,6493380032,
2026-10-05T23:24:55Z,football_nfl,32677,2026-10-06T00:15:00Z,player_reception_yds,pinnacle,1637432970,Devaughn Vele,espn:4569559,Over,44.5,-112,9673402560,,main,2026-10-05T21:37:10.657007Z,2026-10-05T23:26:59.865117Z,2026-10-05T23:26:59.865117Z,,6493440463,
2026-10-05T23:24:55Z,football_nfl,32677,2026-10-06T00:15:00Z,player_reception_yds,pinnacle,1637432970,Devaughn Vele,espn:4569559,Under,44.5,-108,9673402567,,main,2026-10-05T21:37:10.657007Z,2026-10-05T23:26:59.865117Z,2026-10-05T23:26:59.865117Z,,6493440463,
2026-10-05T23:24:55Z,football_nfl,32677,2026-10-06T00:15:00Z,player_reception_yds,pinnacle,1637432970,Drake London,espn:4426502,Over,80.5,-113,9673402568,,main,2026-10-05T21:21:15.583326Z,2026-10-05T23:26:59.865117Z,2026-10-05T23:26:59.865117Z,,6493435875,
2026-10-05T23:24:55Z,football_nfl,32677,2026-10-06T00:15:00Z,player_reception_yds,pinnacle,1637432970,Drake London,espn:4426502,Under,80.5,-107,9673402569,,main,2026-10-05T21:21:15.583326Z,2026-10-05T23:26:59.865117Z,2026-10-05T23:26:59.865117Z,,6493435875,
2026-10-05T23:24:55Z,football_nfl,32677,2026-10-06T00:15:00Z,player_reception_yds,pinnacle,1637432970,Jahan Dotson,espn:4361409,Over,19.5,-106,9673402570,,main,2026-10-05T21:21:15.583326Z,2026-10-05T23:26:59.865117Z,2026-10-05T23:26:59.865117Z,,6492734291,
2026-10-05T23:24:55Z,football_nfl,32677,2026-10-06T00:15:00Z,player_reception_yds,pinnacle,1637432970,Jahan Dotson,espn:4361409,Under,19.5,-114,9673402571,,main,2026-10-05T21:21:15.583326Z,2026-10-05T23:26:59.865117Z,2026-10-05T23:26:59.865117Z,,6492734291,
2026-10-05T23:24:55Z,football_nfl,32677,2026-10-06T00:15:00Z,player_reception_yds,pinnacle,1637432970,Juwan Johnson,espn:3929645,Over,47.5,-111,9673402572,,main,2026-10-05T22:52:23.278595Z,2026-10-05T23:26:59.865117Z,2026-10-05T23:26:59.865117Z,,6493517497,
2026-10-05T23:24:55Z,football_nfl,32677,2026-10-06T00:15:00Z,player_reception_yds,pinnacle,1637432970,Juwan Johnson,espn:3929645,Under,47.5,-109,9673402573,,main,2026-10-05T22:52:23.278595Z,2026-10-05T23:26:59.865117Z,2026-10-05T23:26:59.865117Z,,6493517497,
2026-10-05T23:24:55Z,football_nfl,32677,2026-10-06T00:15:00Z,player_reception_yds,pinnacle,1637432970,Kyle Pitts,espn:4360248,Over,30.5,-115,9673402574,,main,2026-10-05T23:21:57.679096Z,2026-10-05T23:26:59.865117Z,2026-10-05T23:26:59.865117Z,,6493546450,
2026-10-05T23:24:55Z,football_nfl,32677,2026-10-06T00:15:00Z,player_reception_yds,pinnacle,1637432970,Kyle Pitts,espn:4360248,Under,30.5,-106,9673402575,,main,2026-10-05T17:35:18.195158Z,2026-10-05T23:26:59.865117Z,2026-10-05T23:26:59.865117Z,,6492988199,
2026-10-05T23:24:55Z,football_nfl,32677,2026-10-06T00:15:00Z,player_receptions,pinnacle,1637432970,Alvin Kamara,espn:3054850,Over,3.5,143,9673402578,,main,2026-10-05T23:21:57.679096Z,2026-10-05T23:26:59.865117Z,2026-10-05T23:26:59.865117Z,,6493538369,
2026-10-05T23:24:55Z,football_nfl,32677,2026-10-06T00:15:00Z,player_receptions,pinnacle,1637432970,Alvin Kamara,espn:3054850,Under,3.5,-174,9673402579,,main,2026-10-05T21:37:10.657007Z,2026-10-05T23:26:59.865117Z,2026-10-05T23:26:59.865117Z,,6493439455,
2026-10-05T23:24:55Z,football_nfl,32677,2026-10-06T00:15:00Z,player_receptions,pinnacle,1637432970,Austin Hooper,espn:3043275,Over,1.5,210,9673402580,,main,2026-10-05T20:51:30.719640Z,2026-10-05T23:26:59.865117Z,2026-10-05T23:26:59.865117Z,,6493412114,
2026-10-05T23:24:55Z,football_nfl,32677,2026-10-06T00:15:00Z,player_receptions,pinnacle,1637432970,Austin Hooper,espn:3043275,Under,1.5,-263,9673402581,,main,2026-10-05T20:51:30.719640Z,2026-10-05T23:26:59.865117Z,2026-10-05T23:26:59.865117Z,,6493412114,
2026-10-05T23:24:55Z,football_nfl,32677,2026-10-06T00:15:00Z,player_receptions,pinnacle,1637432970,Bijan Robinson,espn:4430807,Over,4.5,110,9673402582,,main,2026-10-05T20:06:39.367532Z,2026-10-05T23:26:59.865117Z,2026-10-05T23:26:59.865117Z,,6493307303,
2026-10-05T23:24:55Z,football_nfl,32677,2026-10-06T00:15:00Z,player_receptions,pinnacle,1637432970,Bijan Robinson,espn:4430807,Under,4.5,-133,9673402583,,main,2026-10-05T20:06:39.367532Z,2026-10-05T23:26:59.865117Z,2026-10-05T23:26:59.865117Z,,6493307303,
2026-10-05T23:24:55Z,football_nfl,32677,2026-10-06T00:15:00Z,player_receptions,pinnacle,1637432970,Chris Olave,espn:4361370,Over,6.5,-135,9673402584,,main,2026-10-05T21:37:10.657007Z,2026-10-05T23:26:59.865117Z,2026-10-05T23:26:59.865117Z,,6493440036,
2026-10-05T23:24:55Z,football_nfl,32677,2026-10-06T00:15:00Z,player_receptions,pinnacle,1637432970,Chris Olave,espn:4361370,Under,6.5,111,9673402585,,main,2026-10-05T21:37:10.657007Z,2026-10-05T23:26:59.865117Z,2026-10-05T23:26:59.865117Z,,6493440036,
2026-10-05T23:24:55Z,football_nfl,32677,2026-10-06T00:15:00Z,player_receptions,pinnacle,1637432970,Devaughn Vele,espn:4569559,Over,3.5,-160,9673402586,,main,2026-10-05T23:08:03.336337Z,2026-10-05T23:26:59.865117Z,2026-10-05T23:26:59.865117Z,,6493520681,
2026-10-05T23:24:55Z,football_nfl,32677,2026-10-06T00:15:00Z,player_receptions,pinnacle,1637432970,Devaughn Vele,espn:4569559,Under,3.5,131,9673402587,,main,2026-10-05T20:36:32.036904Z,2026-10-05T23:26:59.865117Z,2026-10-05T23:26:59.865117Z,,6493362410,
2026-10-05T23:24:55Z,football_nfl,32677,2026-10-06T00:15:00Z,player_receptions,pinnacle,1637432970,Drake London,espn:4426502,Over,6.5,121,9673402588,,main,2026-10-05T21:21:15.583326Z,2026-10-05T23:26:59.865117Z,2026-10-05T23:26:59.865117Z,,6492725901,
2026-10-05T23:24:55Z,football_nfl,32677,2026-10-06T00:15:00Z,player_receptions,pinnacle,1637432970,Drake London,espn:4426502,Under,6.5,-147,9673402589,,main,2026-10-05T21:21:15.583326Z,2026-10-05T23:26:59.865117Z,2026-10-05T23:26:59.865117Z,,6492725901,
2026-10-05T23:24:55Z,football_nfl,32677,2026-10-06T00:15:00Z,player_receptions,pinnacle,1637432970,Jahan Dotson,espn:4361409,Over,1.5,-125,9673402590,,main,2026-10-05T21:21:15.583326Z,2026-10-05T23:26:59.865117Z,2026-10-05T23:26:59.865117Z,,6492941401,
2026-10-05T23:24:55Z,football_nfl,32677,2026-10-06T00:15:00Z,player_receptions,pinnacle,1637432970,Jahan Dotson,espn:4361409,Under,1.5,103,9673402591,,main,2026-10-05T21:21:15.583326Z,2026-10-05T23:26:59.865117Z,2026-10-05T23:26:59.865117Z,,6492941401,
2026-10-05T23:24:55Z,football_nfl,32677,2026-10-06T00:15:00Z,player_receptions,pinnacle,1637432970,Juwan Johnson,espn:3929645,Over,4.5,115,9673402592,,main,2026-10-05T23:08:03.336337Z,2026-10-05T23:26:59.865117Z,2026-10-05T23:26:59.865117Z,,6493525291,
2026-10-05T23:24:55Z,football_nfl,32677,2026-10-06T00:15:00Z,player_receptions,pinnacle,1637432970,Juwan Johnson,espn:3929645,Under,4.5,-139,9673402593,,main,2026-10-05T23:08:03.336337Z,2026-10-05T23:26:59.865117Z,2026-10-05T23:26:59.865117Z,,6493525291,
2026-10-05T23:24:55Z,football_nfl,32677,2026-10-06T00:15:00Z,player_receptions,pinnacle,1637432970,Kyle Pitts,espn:4360248,Over,2.5,-156,9673402594,,main,2026-10-05T23:21:57.679096Z,2026-10-05T23:26:59.865117Z,2026-10-05T23:26:59.865117Z,,6493545216,
2026-10-05T23:24:55Z,football_nfl,32677,2026-10-06T00:15:00Z,player_receptions,pinnacle,1637432970,Kyle Pitts,espn:4360248,Under,2.5,128,9673402595,,main,2026-10-05T23:21:57.679096Z,2026-10-05T23:26:59.865117Z,2026-10-05T23:26:59.865117Z,,6493545216,
2026-10-05T23:24:55Z,football_nfl,32677,2026-10-06T00:15:00Z,player_rush_yds,pinnacle,1637432970,Alvin Kamara,espn:3054850,Over,36.5,-107,9673402598,,main,2026-10-05T20:21:43.943051Z,2026-10-05T23:26:59.865117Z,2026-10-05T23:26:59.865117Z,,6493324027,
2026-10-05T23:24:55Z,football_nfl,32677,2026-10-06T00:15:00Z,player_rush_yds,pinnacle,1637432970,Alvin Kamara,espn:3054850,Under,36.5,-113,9673402599,,main,2026-10-05T20:21:43.943051Z,2026-10-05T23:26:59.865117Z,2026-10-05T23:26:59.865117Z,,6493324027,
2026-10-05T23:24:55Z,football_nfl,32677,2026-10-06T00:15:00Z,player_rush_yds,pinnacle,1637432970,Bijan Robinson,espn:4430807,Over,88.5,-113,9673402600,,main,2026-10-05T18:06:22.936281Z,2026-10-05T23:26:59.865117Z,2026-10-05T23:26:59.865117Z,,6493051978,
2026-10-05T23:24:55Z,football_nfl,32677,2026-10-06T00:15:00Z,player_rush_yds,pinnacle,1637432970,Bijan Robinson,espn:4430807,Under,88.5,-107,9673402601,,main,2026-10-05T18:06:22.936281Z,2026-10-05T23:26:59.865117Z,2026-10-05T23:26:59.865117Z,,6493051978,
2026-10-05T23:24:55Z,football_nfl,32677,2026-10-06T00:15:00Z,player_rush_yds,pinnacle,1637432970,Brian Robinson Jr.,espn:4241474,Over,29.5,-110,9673402602,,main,2026-10-05T11:04:53.007134Z,2026-10-05T23:26:59.865117Z,2026-10-05T23:26:59.865117Z,,6492534728,
2026-10-05T23:24:55Z,football_nfl,32677,2026-10-06T00:15:00Z,player_rush_yds,pinnacle,1637432970,Brian Robinson Jr.,espn:4241474,Under,29.5,-110,9673402603,,main,2026-10-05T11:04:53.007134Z,2026-10-05T23:26:59.865117Z,2026-10-05T23:26:59.865117Z,,6492534728,
2026-10-05T23:24:55Z,football_nfl,32677,2026-10-06T00:15:00Z,player_rush_yds,pinnacle,1637432970,Kendre Miller,espn:4599739,Over,25.5,-115,9673402604,,main,2026-10-05T21:37:10.657007Z,2026-10-05T23:26:59.865117Z,2026-10-05T23:26:59.865117Z,,6493441045,
2026-10-05T23:24:55Z,football_nfl,32677,2026-10-06T00:15:00Z,player_rush_yds,pinnacle,1637432970,Kendre Miller,espn:4599739,Under,25.5,-105,9673402605,,main,2026-10-05T21:37:10.657007Z,2026-10-05T23:26:59.865117Z,2026-10-05T23:26:59.865117Z,,6493441045,
2026-10-05T23:24:55Z,football_nfl,32677,2026-10-06T00:15:00Z,player_pass_attempts,pinnacle,1637432970,Michael Penix,espn:4360423,Over,30.5,-117,9891585162,,main,2026-10-05T22:07:43.561213Z,2026-10-05T23:26:59.865117Z,2026-10-05T23:26:59.865117Z,,6493474523,
2026-10-05T23:24:55Z,football_nfl,32677,2026-10-06T00:15:00Z,player_pass_attempts,pinnacle,1637432970,Michael Penix,espn:4360423,Under,30.5,-103,9891585163,,main,2026-10-05T22:07:43.561213Z,2026-10-05T23:26:59.865117Z,2026-10-05T23:26:59.865117Z,,6493474523,
2026-10-05T23:24:55Z,football_nfl,32677,2026-10-06T00:15:00Z,player_pass_attempts,pinnacle,1637432970,Tyler Shough,espn:4360689,Over,36.5,-115,9891585164,,main,2026-10-05T22:22:45.464967Z,2026-10-05T23:26:59.865117Z,2026-10-05T23:26:59.865117Z,,6493494649,
2026-10-05T23:24:55Z,football_nfl,32677,2026-10-06T00:15:00Z,player_pass_attempts,pinnacle,1637432970,Tyler Shough,espn:4360689,Under,36.5,-105,9891585165,,main,2026-10-05T22:22:45.464967Z,2026-10-05T23:26:59.865117Z,2026-10-05T23:26:59.865117Z,,6493494649,
2026-10-05T23:24:55Z,football_nfl,32677,2026-10-06T00:15:00Z,player_pass_completions,pinnacle,1637432970,Michael Penix,espn:4360423,Over,19.5,-122,9891585166,,main,2026-10-05T21:21:15.583326Z,2026-10-05T23:26:59.865117Z,2026-10-05T23:26:59.865117Z,,6492982946,
2026-10-05T23:24:55Z,football_nfl,32677,2026-10-06T00:15:00Z,player_pass_completions,pinnacle,1637432970,Michael Penix,espn:4360423,Under,19.5,101,9891585167,,main,2026-10-05T21:21:15.583326Z,2026-10-05T23:26:59.865117Z,2026-10-05T23:26:59.865117Z,,6492982946,
2026-10-05T23:24:55Z,football_nfl,32677,2026-10-06T00:15:00Z,player_pass_completions,pinnacle,1637432970,Tyler Shough,espn:4360689,Over,23.5,-115,9891585168,,main,2026-10-05T04:04:52.129285Z,2026-10-05T23:26:59.865117Z,2026-10-05T23:26:59.865117Z,,6492309003,
2026-10-05T23:24:55Z,football_nfl,32677,2026-10-06T00:15:00Z,player_pass_completions,pinnacle,1637432970,Tyler Shough,espn:4360689,Under,23.5,-105,9891585169,,main,2026-10-05T04:04:52.129285Z,2026-10-05T23:26:59.865117Z,2026-10-05T23:26:59.865117Z,,6492309003,
2026-10-05T23:24:55Z,football_nfl,32677,2026-10-06T00:15:00Z,player_reception_yds,pinnacle,1637432970,Olamide Zaccheaus,espn:3917914,Over,8.5,-110,9891585174,,main,2026-10-05T20:21:43.943051Z,2026-10-05T23:26:59.865117Z,2026-10-05T23:26:59.865117Z,,6493331124,
2026-10-05T23:24:55Z,football_nfl,32677,2026-10-06T00:15:00Z,player_reception_yds,pinnacle,1637432970,Olamide Zaccheaus,espn:3917914,Under,8.5,-110,9891585175,,main,2026-10-05T20:21:43.943051Z,2026-10-05T23:26:59.865117Z,2026-10-05T23:26:59.865117Z,,6493331124,
2026-10-05T23:24:55Z,football_nfl,32677,2026-10-06T00:15:00Z,player_receptions,pinnacle,1637432970,Olamide Zaccheaus,espn:3917914,Over,1.5,146,9891585176,,main,2026-10-05T21:21:15.583326Z,2026-10-05T23:26:59.865117Z,2026-10-05T23:26:59.865117Z,,6493116564,
2026-10-05T23:24:55Z,football_nfl,32677,2026-10-06T00:15:00Z,player_receptions,pinnacle,1637432970,Olamide Zaccheaus,espn:3917914,Under,1.5,-179,9891585177,,main,2026-10-05T21:21:15.583326Z,2026-10-05T23:26:59.865117Z,2026-10-05T23:26:59.865117Z,,6493116564,
2026-10-05T23:24:55Z,football_nfl,32677,2026-10-06T00:15:00Z,player_rush_yds,pinnacle,1637432970,Michael Penix,espn:4360423,Over,4.5,-106,9891585182,,main,2026-10-05T17:04:51.265188Z,2026-10-05T23:26:59.865117Z,2026-10-05T23:26:59.865117Z,,6492948787,
2026-10-05T23:24:55Z,football_nfl,32677,2026-10-06T00:15:00Z,player_rush_yds,pinnacle,1637432970,Michael Penix,espn:4360423,Under,4.5,-114,9891585183,,main,2026-10-05T23:08:03.336337Z,2026-10-05T23:26:59.865117Z,2026-10-05T23:26:59.865117Z,,6493523829,
2026-10-05T23:24:55Z,football_nfl,32677,2026-10-06T00:15:00Z,player_rush_yds,pinnacle,1637432970,Tyler Shough,espn:4360689,Over,16.5,-110,9891585184,,main,2026-10-05T19:06:02.751122Z,2026-10-05T23:26:59.865117Z,2026-10-05T23:26:59.865117Z,,6493186497,
2026-10-05T23:24:55Z,football_nfl,32677,2026-10-06T00:15:00Z,player_rush_yds,pinnacle,1637432970,Tyler Shough,espn:4360689,Under,16.5,-110,9891585185,,main,2026-10-05T19:06:02.751122Z,2026-10-05T23:26:59.865117Z,2026-10-05T23:26:59.865117Z,,6493186497,
2026-10-05T23:24:55Z,football_nfl,32677,2026-10-06T00:15:00Z,player_pass_yds,underdog,179064,Michael Penix,espn:4360423,Over,224.5,-112,9560537920,4595a190-4b08-4a46-b666-437e4d5d3d6a,main,2026-10-01T18:16:22.162099Z,2026-10-05T23:25:48.259105Z,2026-10-05T23:25:48.259105Z,,,
2026-10-05T23:24:55Z,football_nfl,32677,2026-10-06T00:15:00Z,player_pass_yds,underdog,179064,Michael Penix,espn:4360423,Under,224.5,-112,9560537922,855fbe7c-8b1d-4762-add8-d4ffe0a3a7bd,main,2026-10-01T18:16:22.162099Z,2026-10-05T23:25:48.259105Z,2026-10-05T23:25:48.259105Z,,,
2026-10-05T23:24:55Z,football_nfl,32677,2026-10-06T00:15:00Z,player_pass_yds,underdog,179064,Tyler Shough,espn:4360689,Over,258.5,-112,9275119200,7442d9a3-b9c2-4cbb-8ebd-2053017c4145,main,2026-10-05T22:53:51.182779Z,2026-10-05T23:25:48.259105Z,2026-10-05T23:25:48.259105Z,,,
2026-10-05T23:24:55Z,football_nfl,32677,2026-10-06T00:15:00Z,player_pass_yds,underdog,179064,Tyler Shough,espn:4360689,Under,258.5,-112,9275119202,a2a35201-bcd2-4525-9c10-b216cf57b63a,main,2026-10-05T22:53:51.182779Z,2026-10-05T23:25:48.259105Z,2026-10-05T23:25:48.259105Z,,,
2026-10-05T23:24:55Z,football_nfl,32677,2026-10-06T00:15:00Z,player_reception_yds,underdog,179064,Alvin Kamara,espn:3054850,Over,15.5,-112,9554179142,bb85d020-409a-4173-9349-5ac3eff52886,main,2026-10-05T17:11:14.014171Z,2026-10-05T23:25:48.259105Z,2026-10-05T23:25:48.259105Z,,,
2026-10-05T23:24:55Z,football_nfl,32677,2026-10-06T00:15:00Z,player_reception_yds,underdog,179064,Alvin Kamara,espn:3054850,Under,15.5,-112,9554179198,983cab59-ae73-4a2f-8fb7-848160b0a083,main,2026-10-05T17:11:14.014171Z,2026-10-05T23:25:48.259105Z,2026-10-05T23:25:48.259105Z,,,
2026-10-05T23:24:55Z,football_nfl,32677,2026-10-06T00:15:00Z,player_reception_yds,underdog,179064,Austin Hooper,espn:3043275,Over,6.5,-104,9919131569,efcb96dd-5498-4d27-9382-444302737795,main,2026-10-05T23:18:50.617638Z,2026-10-05T23:25:48.259105Z,2026-10-05T23:25:48.259105Z,,,
2026-10-05T23:24:55Z,football_nfl,32677,2026-10-06T00:15:00Z,player_reception_yds,underdog,179064,Austin Hooper,espn:3043275,Under,6.5,-118,9919131580,5ad3cad8-59de-47c2-8837-37e585b56e5e,main,2026-10-05T23:18:50.617638Z,2026-10-05T23:25:48.259105Z,2026-10-05T23:25:48.259105Z,,,
2026-10-05T23:24:55Z,football_nfl,32677,2026-10-06T00:15:00Z,player_reception_yds,underdog,179064,Bijan Robinson,espn:4430807,Over,35.5,-112,9560537925,c9df2303-eedc-4e09-bd70-d899e7459e78,main,2026-10-05T18:21:18.547553Z,2026-10-05T23:25:48.259105Z,2026-10-05T23:25:48.259105Z,,,
2026-10-05T23:24:55Z,football_nfl,32677,2026-10-06T00:15:00Z,player_reception_yds,underdog,179064,Bijan Robinson,espn:4430807,Under,35.5,-112,9560537932,28a3d21c-0c19-4fba-baf5-d5d8d1874d03,main,2026-10-05T18:21:18.547553Z,2026-10-05T23:25:48.259105Z,2026-10-05T23:25:48.259105Z,,,
2026-10-05T23:24:55Z,football_nfl,32677,2026-10-06T00:15:00Z,player_reception_yds,underdog,179064,Bryce Lance,espn:4879276,Over,15.5,-108,10937704366,bb039d02-d31d-4251-9ee2-30ad19e3eca8,main,2026-10-05T22:30:07.724570Z,2026-10-05T23:25:48.259105Z,2026-10-05T23:25:48.259105Z,,,
2026-10-05T23:24:55Z,football_nfl,32677,2026-10-06T00:15:00Z,player_reception_yds,underdog,179064,Bryce Lance,espn:4879276,Under,15.5,-114,10937704380,0d55ed23-b4c2-4a6e-a363-2c75ae56c40d,main,2026-10-05T22:30:07.724570Z,2026-10-05T23:25:48.259105Z,2026-10-05T23:25:48.259105Z,,,
2026-10-05T23:24:55Z,football_nfl,32677,2026-10-06T00:15:00Z,player_reception_yds,underdog,179064,Chris Olave,espn:4361370,Over,86.5,-113,9275119203,3a80991c-96ec-4821-b15f-15f1c2c08bfc,main,2026-10-05T23:05:10.521219Z,2026-10-05T23:25:48.259105Z,2026-10-05T23:25:48.259105Z,,,
2026-10-05T23:24:55Z,football_nfl,32677,2026-10-06T00:15:00Z,player_reception_yds,underdog,179064,Chris Olave,espn:4361370,Under,86.5,-109,9275119205,845ca584-86ae-4608-85b9-ffb7b11b491d,main,2026-10-05T23:05:10.521219Z,2026-10-05T23:25:48.259105Z,2026-10-05T23:25:48.259105Z,,,
2026-10-05T23:24:55Z,football_nfl,32677,2026-10-06T00:15:00Z,player_reception_yds,underdog,179064,Devaughn Vele,espn:4569559,Over,44.5,-112,9554179143,0ffee4d7-2730-4d50-be2f-1f80527cedbe,main,2026-10-01T18:16:22.162099Z,2026-10-05T23:25:48.259105Z,2026-10-05T23:25:48.259105Z,,,
2026-10-05T23:24:55Z,football_nfl,32677,2026-10-06T00:15:00Z,player_reception_yds,underdog,179064,Devaughn Vele,espn:4569559,Under,44.5,-112,9554179203,c1673cee-50e7-468c-95e8-4cd910e215a4,main,2026-10-01T18:16:22.162099Z,2026-10-05T23:25:48.259105Z,2026-10-05T23:25:48.259105Z,,,
2026-10-05T23:24:55Z,football_nfl,32677,2026-10-06T00:15:00Z,player_reception_yds,underdog,179064,Drake London,espn:4426502,Over,80.5,-112,9275119204,f528870e-6f36-4a21-97d7-04d620cf1144,main,2026-10-05T21:17:49.570034Z,2026-10-05T23:25:48.259105Z,2026-10-05T23:25:48.259105Z,,,
2026-10-05T23:24:55Z,football_nfl,32677,2026-10-06T00:15:00Z,player_reception_yds,underdog,179064,Drake London,espn:4426502,Under,80.5,-112,9275119206,919e8d08-e6fa-4f9e-a6e1-3f5824071d50,main,2026-10-05T21:17:49.570034Z,2026-10-05T23:25:48.259105Z,2026-10-05T23:25:48.259105Z,,,
2026-10-05T23:24:55Z,football_nfl,32677,2026-10-06T00:15:00Z,player_reception_yds,underdog,179064,Jahan Dotson,espn:4361409,Over,19.5,-112,9560537927,2029d1d2-b388-4448-838e-7015a5dee9e6,main,2026-10-05T09:54:58.398857Z,2026-10-05T23:25:48.259105Z,2026-10-05T23:25:48.259105Z,,,
2026-10-05T23:24:55Z,football_nfl,32677,2026-10-06T00:15:00Z,player_reception_yds,underdog,179064,Jahan Dotson,espn:4361409,Under,19.5,-112,9560537934,f9f79a81-86e2-45a3-a397-47e141331895,main,2026-10-05T09:54:58.398857Z,2026-10-05T23:25:48.259105Z,2026-10-05T23:25:48.259105Z,,,
2026-10-05T23:24:55Z,football_nfl,32677,2026-10-06T00:15:00Z,player_reception_yds,underdog,179064,Juwan Johnson,espn:3929645,Over,46.5,-112,9554179144,00546a8f-0894-40f9-9711-34b20156da2e,main,2026-10-05T22:48:55.694149Z,2026-10-05T23:25:48.259105Z,2026-10-05T23:25:48.259105Z,,,
2026-10-05T23:24:55Z,football_nfl,32677,2026-10-06T00:15:00Z,player_reception_yds,underdog,179064,Juwan Johnson,espn:3929645,Under,46.5,-112,9554179204,238d82f5-3257-49d5-a155-fefc2825c41c,main,2026-10-05T22:48:55.694149Z,2026-10-05T23:25:48.259105Z,2026-10-05T23:25:48.259105Z,,,
2026-10-05T23:24:55Z,football_nfl,32677,2026-10-06T00:15:00Z,player_reception_yds,underdog,179064,Kendre Miller,espn:4599739,Over,5.5,-112,10937704372,9bbd204c-37d7-416e-abb2-3501de333c43,main,2026-10-05T23:00:35.745855Z,2026-10-05T23:25:48.259105Z,2026-10-05T23:25:48.259105Z,,,
2026-10-05T23:24:55Z,football_nfl,32677,2026-10-06T00:15:00Z,player_reception_yds,underdog,179064,Kendre Miller,espn:4599739,Under,5.5,-112,10937704386,586a259c-f471-4473-81b4-8fc290e00800,main,2026-10-05T23:00:35.745855Z,2026-10-05T23:25:48.259105Z,2026-10-05T23:25:48.259105Z,,,
2026-10-05T23:24:55Z,football_nfl,32677,2026-10-06T00:15:00Z,player_reception_yds,underdog,179064,Kyle Pitts,espn:4360248,Over,31.5,-112,9560537929,a75b9fd3-a0b2-4d39-a41d-696d7fc3d774,main,2026-10-05T22:44:37.385684Z,2026-10-05T23:25:48.259105Z,2026-10-05T23:25:48.259105Z,,,
2026-10-05T23:24:55Z,football_nfl,32677,2026-10-06T00:15:00Z,player_reception_yds,underdog,179064,Kyle Pitts,espn:4360248,Under,31.5,-112,9560537936,665b74df-f832-488d-97d9-626d33148d2d,main,2026-10-05T22:44:37.385684Z,2026-10-05T23:25:48.259105Z,2026-10-05T23:25:48.259105Z,,,
2026-10-05T23:24:55Z,football_nfl,32677,2026-10-06T00:15:00Z,player_reception_yds,underdog,179064,Olamide Zaccheaus,espn:3917914,Over,8.5,-108,9919131578,91a688c9-edb3-4eed-b9c2-8b3984679564,main,2026-10-05T17:53:40.621862Z,2026-10-05T23:25:48.259105Z,2026-10-05T23:25:48.259105Z,,,
2026-10-05T23:24:55Z,football_nfl,32677,2026-10-06T00:15:00Z,player_reception_yds,underdog,179064,Olamide Zaccheaus,espn:3917914,Under,8.5,-114,9919131589,92d9c7e8-50ab-4389-a870-3c9970551a33,main,2026-10-05T17:53:40.621862Z,2026-10-05T23:25:48.259105Z,2026-10-05T23:25:48.259105Z,,,
2026-10-05T23:24:55Z,football_nfl,32677,2026-10-06T00:15:00Z,player_reception_yds,underdog,179064,Oscar Delp,espn:4702559,Over,9.5,-113,11017438176,48998563-6639-4e13-b463-f30082e74da1,main,2026-10-05T23:18:50.617638Z,2026-10-05T23:25:48.259105Z,2026-10-05T23:25:48.259105Z,,,
2026-10-05T23:24:55Z,football_nfl,32677,2026-10-06T00:15:00Z,player_reception_yds,underdog,179064,Oscar Delp,espn:4702559,Under,9.5,-109,11017438190,ced7fca6-9afc-4713-82b7-4ba02a3f11d5,main,2026-10-05T23:18:50.617638Z,2026-10-05T23:25:48.259105Z,2026-10-05T23:25:48.259105Z,,,
2026-10-05T23:24:55Z,football_nfl,32677,2026-10-06T00:15:00Z,player_reception_yds,underdog,179064,Zachariah Branch,espn:4870612,Over,4.5,-112,10488250010,c8cd0d46-3a33-456a-97f6-438358ebd00e,main,2026-10-05T23:05:10.521219Z,2026-10-05T23:25:48.259105Z,2026-10-05T23:25:48.259105Z,,,
2026-10-05T23:24:55Z,football_nfl,32677,2026-10-06T00:15:00Z,player_reception_yds,underdog,179064,Zachariah Branch,espn:4870612,Under,4.5,-112,10488250022,764bca5e-bcac-4448-b952-6a36d0604424,main,2026-10-05T23:05:10.521219Z,2026-10-05T23:25:48.259105Z,2026-10-05T23:25:48.259105Z,,,
2026-10-05T23:24:55Z,football_nfl,32677,2026-10-06T00:15:00Z,player_rush_yds,underdog,179064,Alvin Kamara,espn:3054850,Over,35.5,-112,9554179207,786765fd-3c9e-4c32-85b0-b06f0d58b3e8,main,2026-10-05T23:21:02.391867Z,2026-10-05T23:25:48.259105Z,2026-10-05T23:25:48.259105Z,,,
2026-10-05T23:24:55Z,football_nfl,32677,2026-10-06T00:15:00Z,player_rush_yds,underdog,179064,Alvin Kamara,espn:3054850,Under,35.5,-112,9554179210,86f0f2f3-25f6-4b76-8c70-56528d73c7ad,main,2026-10-05T23:21:02.391867Z,2026-10-05T23:25:48.259105Z,2026-10-05T23:25:48.259105Z,,,
2026-10-05T23:24:55Z,football_nfl,32677,2026-10-06T00:15:00Z,player_rush_yds,underdog,179064,Bijan Robinson,espn:4430807,Over,87.5,-112,9275119207,130946e9-4138-457f-aaaa-da97342c0a01,main,2026-10-05T04:04:58.209066Z,2026-10-05T23:25:48.259105Z,2026-10-05T23:25:48.259105Z,,,
2026-10-05T23:24:55Z,football_nfl,32677,2026-10-06T00:15:00Z,player_rush_yds,underdog,179064,Bijan Robinson,espn:4430807,Under,87.5,-112,9275119209,04750808-2689-4884-bb1e-2b60b7cfd392,main,2026-10-05T04:04:58.209066Z,2026-10-05T23:25:48.259105Z,2026-10-05T23:25:48.259105Z,,,
2026-10-05T23:24:55Z,football_nfl,32677,2026-10-06T00:15:00Z,player_rush_yds,underdog,179064,Brian Robinson,espn:4241474,Over,28.5,-112,9708064524,e974ce62-6a85-4572-b066-0a55378ff2e1,main,2026-10-05T13:29:57.241810Z,2026-10-05T23:25:48.259105Z,2026-10-05T23:25:48.259105Z,,,
2026-10-05T23:24:55Z,football_nfl,32677,2026-10-06T00:15:00Z,player_rush_yds,underdog,179064,Brian Robinson,espn:4241474,Under,28.5,-112,9708064530,e71d4340-75fb-4292-bcc3-242f7ce3797f,main,2026-10-05T13:29:57.241810Z,2026-10-05T23:25:48.259105Z,2026-10-05T23:25:48.259105Z,,,
2026-10-05T23:24:55Z,football_nfl,32677,2026-10-06T00:15:00Z,player_rush_yds,underdog,179064,Kendre Miller,espn:4599739,Over,27.5,-112,9708064525,bd2b629e-2f38-4ebf-b684-acacaf27cc9c,main,2026-10-05T23:21:02.391867Z,2026-10-05T23:25:48.259105Z,2026-10-05T23:25:48.259105Z,,,
2026-10-05T23:24:55Z,football_nfl,32677,2026-10-06T00:15:00Z,player_rush_yds,underdog,179064,Kendre Miller,espn:4599739,Under,27.5,-112,9708064531,2bff96af-56ff-4ac3-a48a-3eed2047fda5,main,2026-10-05T23:21:02.391867Z,2026-10-05T23:25:48.259105Z,2026-10-05T23:25:48.259105Z,,,
2026-10-05T23:24:55Z,football_nfl,32677,2026-10-06T00:15:00Z,player_rush_yds,underdog,179064,Michael Penix,espn:4360423,Over,4.5,-112,9560537939,ba730126-aa7e-4035-aec0-794387fd9c3f,main,2026-10-05T10:55:01.210901Z,2026-10-05T23:25:48.259105Z,2026-10-05T23:25:48.259105Z,,,
2026-10-05T23:24:55Z,football_nfl,32677,2026-10-06T00:15:00Z,player_rush_yds,underdog,179064,Michael Penix,espn:4360423,Under,4.5,-112,9560538004,abf18997-a593-4805-91eb-117036d6bd61,main,2026-10-05T10:55:01.210901Z,2026-10-05T23:25:48.259105Z,2026-10-05T23:25:48.259105Z,,,
2026-10-05T23:24:55Z,football_nfl,32677,2026-10-06T00:15:00Z,player_rush_yds,underdog,179064,Tyler Shough,espn:4360689,Over,16.5,-112,9552690090,658ccd12-827d-487d-91fe-eda66388067b,main,2026-10-01T00:10:10.136410Z,2026-10-05T23:25:48.259105Z,2026-10-05T23:25:48.259105Z,,,
2026-10-05T23:24:55Z,football_nfl,32677,2026-10-06T00:15:00Z,player_rush_yds,underdog,179064,Tyler Shough,espn:4360689,Under,16.5,-112,9552690091,7923afbb-8b0d-4900-ad1b-3fd57e90d4ae,main,2026-10-01T00:10:10.136410Z,2026-10-05T23:25:48.259105Z,2026-10-05T23:25:48.259105Z,,,
2026-10-05T23:24:55Z,football_nfl,32677,2026-10-06T00:15:00Z,player_pass_tds,underdog,179064,Michael Penix,espn:4360423,Over,1.5,107,9436637480,c76a9b69-4691-4c86-817b-545e9d06d36d,main,2026-10-05T16:31:22.278829Z,2026-10-05T23:25:48.259105Z,2026-10-05T23:25:48.259105Z,,,
2026-10-05T23:24:55Z,football_nfl,32677,2026-10-06T00:15:00Z,player_pass_tds,underdog,179064,Michael Penix,espn:4360423,Under,1.5,-132,9436637482,b42a7819-6181-44aa-a862-a1fb1cd3f936,main,2026-10-05T16:31:22.278829Z,2026-10-05T23:25:48.259105Z,2026-10-05T23:25:48.259105Z,,,
2026-10-05T23:24:55Z,football_nfl,32677,2026-10-06T00:15:00Z,player_pass_tds,underdog,179064,Tyler Shough,espn:4360689,Over,1.5,-129,9436637481,936d8a13-5084-4b8d-be5a-a510de2c42bc,main,2026-10-05T22:53:51.182779Z,2026-10-05T23:25:48.259105Z,2026-10-05T23:25:48.259105Z,,,
2026-10-05T23:24:55Z,football_nfl,32677,2026-10-06T00:15:00Z,player_pass_tds,underdog,179064,Tyler Shough,espn:4360689,Under,1.5,105,9436637483,00c16ba6-1287-4f6e-9f05-273bd5f898a3,main,2026-10-05T22:53:51.182779Z,2026-10-05T23:25:48.259105Z,2026-10-05T23:25:48.259105Z,,,
2026-10-05T23:24:55Z,football_nfl,32677,2026-10-06T00:15:00Z,player_pass_attempts,underdog,179064,Michael Penix,espn:4360423,Over,30.5,-114,9560538405,9ca426cc-b09c-48c3-8546-0e03e4a45613,main,2026-10-01T19:51:19.548262Z,2026-10-05T23:25:48.259105Z,2026-10-05T23:25:48.259105Z,,,
2026-10-05T23:24:55Z,football_nfl,32677,2026-10-06T00:15:00Z,player_pass_attempts,underdog,179064,Michael Penix,espn:4360423,Under,30.5,-108,9560538407,8c7f1404-353f-4194-aabc-bdb847b0fd55,main,2026-10-01T19:51:19.548262Z,2026-10-05T23:25:48.259105Z,2026-10-05T23:25:48.259105Z,,,
2026-10-05T23:24:55Z,football_nfl,32677,2026-10-06T00:15:00Z,player_pass_attempts,underdog,179064,Tyler Shough,espn:4360689,Over,36.5,107,9554179432,7e8764aa-b167-4277-8c75-add4d2d03812,main,2026-10-05T16:45:04.260276Z,2026-10-05T23:25:48.259105Z,2026-10-05T23:25:48.259105Z,,,
2026-10-05T23:24:55Z,football_nfl,32677,2026-10-06T00:15:00Z,player_pass_attempts,underdog,179064,Tyler Shough,espn:4360689,Under,36.5,-130,9554179433,7d7471f7-7ccf-4f30-94b2-cc6f17b75da9,main,2026-10-05T16:45:04.260276Z,2026-10-05T23:25:48.259105Z,2026-10-05T23:25:48.259105Z,,,
2026-10-05T23:24:55Z,football_nfl,32677,2026-10-06T00:15:00Z,player_pass_completions,underdog,179064,Michael Penix,espn:4360423,Over,20.5,106,9560538409,e5dace37-fbc7-45aa-8932-dae1184497f2,main,2026-10-05T21:56:09.710297Z,2026-10-05T23:25:48.259105Z,2026-10-05T23:25:48.259105Z,,,
2026-10-05T23:24:55Z,football_nfl,32677,2026-10-06T00:15:00Z,player_pass_completions,underdog,179064,Michael Penix,espn:4360423,Under,20.5,-130,9560538411,d8e3c045-078c-4205-a216-dbd3406b2bd9,main,2026-10-05T21:56:09.710297Z,2026-10-05T23:25:48.259105Z,2026-10-05T23:25:48.259105Z,,,
2026-10-05T23:24:55Z,football_nfl,32677,2026-10-06T00:15:00Z,player_pass_completions,underdog,179064,Tyler Shough,espn:4360689,Over,23.5,-115,9554179434,4c552848-01b2-4446-8211-b052e116e90c,main,2026-10-03T04:57:59.086180Z,2026-10-05T23:25:48.259105Z,2026-10-05T23:25:48.259105Z,,,
2026-10-05T23:24:55Z,football_nfl,32677,2026-10-06T00:15:00Z,player_pass_completions,underdog,179064,Tyler Shough,espn:4360689,Under,23.5,-106,9554179435,eb72290e-bad8-4d12-9bed-c2fea433d9da,main,2026-10-03T04:57:59.086180Z,2026-10-05T23:25:48.259105Z,2026-10-05T23:25:48.259105Z,,,
2026-10-05T23:24:55Z,football_nfl,32677,2026-10-06T00:15:00Z,player_receptions,underdog,179064,Alvin Kamara,espn:3054850,Over,3.5,137,10302810088,b6cef096-05dc-4d73-b85e-c6212f06f677,main,2026-10-05T23:18:50.617638Z,2026-10-05T23:25:48.259105Z,2026-10-05T23:25:48.259105Z,,,
2026-10-05T23:24:55Z,football_nfl,32677,2026-10-06T00:15:00Z,player_receptions,underdog,179064,Alvin Kamara,espn:3054850,Under,3.5,-170,10302810099,66e45728-a7da-4c4e-a1a0-f81aba34d0e5,main,2026-10-05T23:18:50.617638Z,2026-10-05T23:25:48.259105Z,2026-10-05T23:25:48.259105Z,,,
2026-10-05T23:24:55Z,football_nfl,32677,2026-10-06T00:15:00Z,player_receptions,underdog,179064,Austin Hooper,espn:3043275,Over,1.5,201,9919764123,c635fc0d-192a-432d-8953-8e89436cb999,main,2026-10-05T15:12:39.591972Z,2026-10-05T23:25:48.259105Z,2026-10-05T23:25:48.259105Z,,,
2026-10-05T23:24:55Z,football_nfl,32677,2026-10-06T00:15:00Z,player_receptions,underdog,179064,Austin Hooper,espn:3043275,Under,1.5,-257,9919764226,4f50e6d7-473f-4d1c-83f9-73a586e44652,main,2026-10-05T15:12:39.591972Z,2026-10-05T23:25:48.259105Z,2026-10-05T23:25:48.259105Z,,,
2026-10-05T23:24:55Z,football_nfl,32677,2026-10-06T00:15:00Z,player_receptions,underdog,179064,Bijan Robinson,espn:4430807,Over,4.5,123,9703804605,f1951f20-9393-4684-afa1-98484f8fe4a3,main,2026-10-05T18:19:14.362503Z,2026-10-05T23:25:48.259105Z,2026-10-05T23:25:48.259105Z,,,
2026-10-05T23:24:55Z,football_nfl,32677,2026-10-06T00:15:00Z,player_receptions,underdog,179064,Bijan Robinson,espn:4430807,Under,4.5,-152,9703804610,f26634c2-4744-4899-a4cd-f32e7c261127,main,2026-10-05T18:19:14.362503Z,2026-10-05T23:25:48.259105Z,2026-10-05T23:25:48.259105Z,,,
2026-10-05T23:24:55Z,football_nfl,32677,2026-10-06T00:15:00Z,player_receptions,underdog,179064,Bryce Lance,espn:4879276,Over,1.5,123,10937704664,e9a16c2b-9fe3-431b-aefe-b6269b909a64,main,2026-10-05T22:32:58.460743Z,2026-10-05T23:25:48.259105Z,2026-10-05T23:25:48.259105Z,,,
2026-10-05T23:24:55Z,football_nfl,32677,2026-10-06T00:15:00Z,player_receptions,underdog,179064,Bryce Lance,espn:4879276,Under,1.5,-152,10937704678,71459772-6ba4-4b3b-8934-942659448ec0,main,2026-10-05T22:32:58.460743Z,2026-10-05T23:25:48.259105Z,2026-10-05T23:25:48.259105Z,,,
2026-10-05T23:24:55Z,football_nfl,32677,2026-10-06T00:15:00Z,player_receptions,underdog,179064,Chris Olave,espn:4361370,Over,6.5,-136,9708064713,c6b44da9-2b9a-4b44-8017-904ab7414b28,main,2026-10-05T23:05:10.521219Z,2026-10-05T23:25:48.259105Z,2026-10-05T23:25:48.259105Z,,,
2026-10-05T23:24:55Z,football_nfl,32677,2026-10-06T00:15:00Z,player_receptions,underdog,179064,Chris Olave,espn:4361370,Under,6.5,110,9708064717,0f497af1-3877-46ba-bd34-2713712770b5,main,2026-10-05T23:05:10.521219Z,2026-10-05T23:25:48.259105Z,2026-10-05T23:25:48.259105Z,,,
2026-10-05T23:24:55Z,football_nfl,32677,2026-10-06T00:15:00Z,player_receptions,underdog,179064,Devaughn Vele,espn:4569559,Over,3.5,-164,10302810092,3bfc4803-35ed-4176-a1d1-47eade9c9e81,main,2026-10-05T07:35:00.032024Z,2026-10-05T23:25:48.259105Z,2026-10-05T23:25:48.259105Z,,,
2026-10-05T23:24:55Z,football_nfl,32677,2026-10-06T00:15:00Z,player_receptions,underdog,179064,Devaughn Vele,espn:4569559,Under,3.5,133,10302810103,b4ca553c-0569-4c35-a97f-37de2fab4caa,main,2026-10-05T07:35:00.032024Z,2026-10-05T23:25:48.259105Z,2026-10-05T23:25:48.259105Z,,,
2026-10-05T23:24:55Z,football_nfl,32677,2026-10-06T00:15:00Z,player_receptions,underdog,179064,Drake London,espn:4426502,Over,5.5,-148,9708064714,0c74f579-41f8-45ed-8785-54c77e6f54c7,main,2026-10-05T21:20:17.943336Z,2026-10-05T23:25:48.259105Z,2026-10-05T23:25:48.259105Z,,,
2026-10-05T23:24:55Z,football_nfl,32677,2026-10-06T00:15:00Z,player_receptions,underdog,179064,Drake London,espn:4426502,Under,5.5,120,9708064718,068ee45f-a844-499e-b60a-adb269b44521,main,2026-10-05T21:20:17.943336Z,2026-10-05T23:25:48.259105Z,2026-10-05T23:25:48.259105Z,,,
2026-10-05T23:24:55Z,football_nfl,32677,2026-10-06T00:15:00Z,player_receptions,underdog,179064,Jahan Dotson,espn:4361409,Over,1.5,-132,9560538495,eca0f140-a6ee-4cfa-9303-0cf22558f9e6,main,2026-10-05T23:08:19.145744Z,2026-10-05T23:25:48.259105Z,2026-10-05T23:25:48.259105Z,,,
2026-10-05T23:24:55Z,football_nfl,32677,2026-10-06T00:15:00Z,player_receptions,underdog,179064,Jahan Dotson,espn:4361409,Under,1.5,108,9560538497,071759bd-bc24-46a3-b6be-cfdae5b6b351,main,2026-10-05T23:08:19.145744Z,2026-10-05T23:25:48.259105Z,2026-10-05T23:25:48.259105Z,,,
2026-10-05T23:24:55Z,football_nfl,32677,2026-10-06T00:15:00Z,player_receptions,underdog,179064,Juwan Johnson,espn:3929645,Over,4.5,120,10302810095,5717c76c-1e74-4b66-a0c9-92a3f44c1631,main,2026-10-05T22:56:38.699623Z,2026-10-05T23:25:48.259105Z,2026-10-05T23:25:48.259105Z,,,
2026-10-05T23:24:55Z,football_nfl,32677,2026-10-06T00:15:00Z,player_receptions,underdog,179064,Juwan Johnson,espn:3929645,Under,4.5,-148,10302810106,2ee708af-f936-455d-bfe1-c563d5ec792d,main,2026-10-05T22:56:38.699623Z,2026-10-05T23:25:48.259105Z,2026-10-05T23:25:48.259105Z,,,
2026-10-05T23:24:55Z,football_nfl,32677,2026-10-06T00:15:00Z,player_receptions,underdog,179064,Kendre Miller,espn:4599739,Over,0.5,-257,10937704670,39af2647-579f-4a07-b10a-14b9d6abe977,main,2026-10-05T23:25:48.285958Z,2026-10-05T23:25:48.259105Z,2026-10-05T23:25:48.259105Z,,,
2026-10-05T23:24:55Z,football_nfl,32677,2026-10-06T00:15:00Z,player_receptions,underdog,179064,Kendre Miller,espn:4599739,Under,0.5,203,10937704684,1fcb5fc0-3a43-4ee2-bc4e-dbd4aff71bb0,main,2026-10-05T23:25:48.285958Z,2026-10-05T23:25:48.259105Z,2026-10-05T23:25:48.259105Z,,,
2026-10-05T23:24:55Z,football_nfl,32677,2026-10-06T00:15:00Z,player_receptions,underdog,179064,Kyle Pitts,espn:4360248,Over,2.5,-152,9560538496,52971d8c-0b60-4f07-911b-cdac79b2cd13,main,2026-10-05T22:47:14.806489Z,2026-10-05T23:25:48.259105Z,2026-10-05T23:25:48.259105Z,,,
2026-10-05T23:24:55Z,football_nfl,32677,2026-10-06T00:15:00Z,player_receptions,underdog,179064,Kyle Pitts,espn:4360248,Under,2.5,123,9560538498,a1f013e5-96bc-413f-a654-47934bee9114,main,2026-10-05T22:47:14.806489Z,2026-10-05T23:25:48.259105Z,2026-10-05T23:25:48.259105Z,,,
2026-10-05T23:24:55Z,football_nfl,32677,2026-10-06T00:15:00Z,player_receptions,underdog,179064,Olamide Zaccheaus,espn:3917914,Over,1.5,141,9919764225,48f358cc-4776-4339-9843-03dadfecfe1a,main,2026-10-05T17:58:01.510719Z,2026-10-05T23:25:48.259105Z,2026-10-05T23:25:48.259105Z,,,
2026-10-05T23:24:55Z,football_nfl,32677,2026-10-06T00:15:00Z,player_receptions,underdog,179064,Olamide Zaccheaus,espn:3917914,Under,1.5,-173,9919764232,7bb97e76-c897-4e1b-91e5-95c3d862f125,main,2026-10-05T17:58:01.510719Z,2026-10-05T23:25:48.259105Z,2026-10-05T23:25:48.259105Z,,,
2026-10-05T23:24:55Z,football_nfl,32677,2026-10-06T00:15:00Z,player_receptions,underdog,179064,Oscar Delp,espn:4702559,Over,1.5,123,11017438467,b7b4a68a-aeb5-4baf-8d25-b59f2dc5ccda,main,2026-10-05T23:02:52.870447Z,2026-10-05T23:25:48.259105Z,2026-10-05T23:25:48.259105Z,,,
2026-10-05T23:24:55Z,football_nfl,32677,2026-10-06T00:15:00Z,player_receptions,underdog,179064,Oscar Delp,espn:4702559,Under,1.5,-150,11017438481,63b11765-2d41-418b-bb20-2e7d6e56a76f,main,2026-10-05T23:02:52.870447Z,2026-10-05T23:25:48.259105Z,2026-10-05T23:25:48.259105Z,,,
2026-10-05T23:24:55Z,football_nfl,32677,2026-10-06T00:15:00Z,player_receptions,underdog,179064,Zachariah Branch,espn:4870612,Over,0.5,-148,10488250267,a01a99bb-0a48-4eec-97fb-37631488d62d,main,2026-10-05T23:09:42.788857Z,2026-10-05T23:25:48.259105Z,2026-10-05T23:25:48.259105Z,,,
2026-10-05T23:24:55Z,football_nfl,32677,2026-10-06T00:15:00Z,player_receptions,underdog,179064,Zachariah Branch,espn:4870612,Under,0.5,120,10488250279,b658b56b-ba19-4358-961a-0f467805952c,main,2026-10-05T23:09:42.788857Z,2026-10-05T23:25:48.259105Z,2026-10-05T23:25:48.259105Z,,,
