ts,sport,event_id,commence_time,home,away,market,player,point,side,book,price,ev_pct,fair_prob,fair_source,n_books,hours_to_kick
2026-10-08T20:01:15Z,football_nfl,32678,2026-10-09T00:15:00Z,Dallas Cowboys,Tampa Bay Buccaneers,player_1st_td,Dak Prescott,,Yes,hardrock,2500,2.97,0.0396,kalshi,2,4.2
2026-10-08T20:01:15Z,football_nfl,32678,2026-10-09T00:15:00Z,Dallas Cowboys,Tampa Bay Buccaneers,player_1st_td,Dak Prescott,,No,kalshi,-3233,-0.99,0.9604,kalshi,2,4.2
2026-10-08T20:01:15Z,football_nfl,32678,2026-10-09T00:15:00Z,Dallas Cowboys,Tampa Bay Buccaneers,player_1st_td,Dak Prescott,,Yes,kalshi,2400,-0.99,0.0396,kalshi,2,4.2
2026-10-08T20:01:15Z,football_nfl,32678,2026-10-09T00:15:00Z,Dallas Cowboys,Tampa Bay Buccaneers,player_1st_td,Dak Prescott,,No,hardrock,-8000,-2.76,0.9604,kalshi,2,4.2
2026-10-08T20:01:15Z,football_nfl,32678,2026-10-09T00:15:00Z,Dallas Cowboys,Tampa Bay Buccaneers,player_2plus_td,Javonte Williams,,No,kalshi,-285,-1.04,0.7325,kalshi,3,4.2
2026-10-08T20:01:15Z,football_nfl,32678,2026-10-09T00:15:00Z,Dallas Cowboys,Tampa Bay Buccaneers,player_2plus_td,Javonte Williams,,Yes,kalshi,270,-1.04,0.2675,kalshi,3,4.2
2026-10-08T20:01:15Z,football_nfl,32678,2026-10-09T00:15:00Z,Dallas Cowboys,Tampa Bay Buccaneers,player_2plus_td,Javonte Williams,,Yes,hardrock,250,-6.39,0.2675,kalshi,3,4.2
2026-10-08T20:01:15Z,football_nfl,32678,2026-10-09T00:15:00Z,Dallas Cowboys,Tampa Bay Buccaneers,player_2plus_td,Javonte Williams,,No,hardrock,-375,-7.21,0.7325,kalshi,3,4.2
2026-10-08T20:01:15Z,football_nfl,32678,2026-10-09T00:15:00Z,Dallas Cowboys,Tampa Bay Buccaneers,player_3plus_td,Javonte Williams,,No,kalshi,-1329,-0.99,0.9208,kalshi,3,4.2
2026-10-08T20:01:15Z,football_nfl,32678,2026-10-09T00:15:00Z,Dallas Cowboys,Tampa Bay Buccaneers,player_3plus_td,Javonte Williams,,Yes,kalshi,1150,-0.99,0.0792,kalshi,3,4.2
2026-10-08T20:01:15Z,football_nfl,32678,2026-10-09T00:15:00Z,Dallas Cowboys,Tampa Bay Buccaneers,player_3plus_td,Javonte Williams,,Yes,hardrock,900,-20.79,0.0792,kalshi,3,4.2
2026-10-08T20:01:15Z,football_nfl,32678,2026-10-09T00:15:00Z,Dallas Cowboys,Tampa Bay Buccaneers,player_anytime_td,Bucky Irving,0.5,Over,pinnacle,186,-4.54,0.3338,pinnacle,3,4.2
2026-10-08T20:01:15Z,football_nfl,32678,2026-10-09T00:15:00Z,Dallas Cowboys,Tampa Bay Buccaneers,player_anytime_td,Bucky Irving,0.5,Under,pinnacle,-231,-4.54,0.6662,pinnacle,3,4.2
2026-10-08T20:01:15Z,football_nfl,32678,2026-10-09T00:15:00Z,Dallas Cowboys,Tampa Bay Buccaneers,player_anytime_td,Cade Otton,0.5,Over,pinnacle,475,-4.56,0.166,pinnacle,3,4.2
2026-10-08T20:01:15Z,football_nfl,32678,2026-10-09T00:15:00Z,Dallas Cowboys,Tampa Bay Buccaneers,player_anytime_td,Cade Otton,0.5,Under,pinnacle,-693,-4.56,0.834,pinnacle,3,4.2
2026-10-08T20:01:15Z,football_nfl,32678,2026-10-09T00:15:00Z,Dallas Cowboys,Tampa Bay Buccaneers,player_anytime_td,CeeDee Lamb,,No,hardrock,-105,0.43,0.5144,kalshi,3,4.2
2026-10-08T20:01:15Z,football_nfl,32678,2026-10-09T00:15:00Z,Dallas Cowboys,Tampa Bay Buccaneers,player_anytime_td,CeeDee Lamb,,No,kalshi,-108,-0.93,0.5144,kalshi,3,4.2
2026-10-08T20:01:15Z,football_nfl,32678,2026-10-09T00:15:00Z,Dallas Cowboys,Tampa Bay Buccaneers,player_anytime_td,CeeDee Lamb,,Yes,kalshi,104,-0.93,0.4856,kalshi,3,4.2
2026-10-08T20:01:15Z,football_nfl,32678,2026-10-09T00:15:00Z,Dallas Cowboys,Tampa Bay Buccaneers,player_anytime_td,CeeDee Lamb,,Yes,hardrock,-130,-14.08,0.4856,kalshi,3,4.2
2026-10-08T20:01:15Z,football_nfl,32678,2026-10-09T00:15:00Z,Dallas Cowboys,Tampa Bay Buccaneers,player_anytime_td,Dak Prescott,0.5,Over,pinnacle,485,-4.55,0.1632,pinnacle,3,4.2
2026-10-08T20:01:15Z,football_nfl,32678,2026-10-09T00:15:00Z,Dallas Cowboys,Tampa Bay Buccaneers,player_anytime_td,Dak Prescott,0.5,Under,pinnacle,-711,-4.55,0.8368,pinnacle,3,4.2
2026-10-08T20:01:15Z,football_nfl,32678,2026-10-09T00:15:00Z,Dallas Cowboys,Tampa Bay Buccaneers,player_anytime_td,Emeka Egbuka,0.5,Over,pinnacle,259,-4.54,0.2659,pinnacle,3,4.2
2026-10-08T20:01:15Z,football_nfl,32678,2026-10-09T00:15:00Z,Dallas Cowboys,Tampa Bay Buccaneers,player_anytime_td,Emeka Egbuka,0.5,Under,pinnacle,-333,-4.54,0.7341,pinnacle,3,4.2
2026-10-08T20:01:15Z,football_nfl,32678,2026-10-09T00:15:00Z,Dallas Cowboys,Tampa Bay Buccaneers,player_anytime_td,George Pickens,0.5,Over,pinnacle,118,-4.51,0.438,pinnacle,4,4.2
2026-10-08T20:01:15Z,football_nfl,32678,2026-10-09T00:15:00Z,Dallas Cowboys,Tampa Bay Buccaneers,player_anytime_td,George Pickens,0.5,Under,pinnacle,-143,-4.51,0.562,pinnacle,4,4.2
2026-10-08T20:01:15Z,football_nfl,32678,2026-10-09T00:15:00Z,Dallas Cowboys,Tampa Bay Buccaneers,player_anytime_td,George Pickens,0.5,Over,underdog,-102,-13.25,0.438,pinnacle,4,4.2
2026-10-08T20:01:15Z,football_nfl,32678,2026-10-09T00:15:00Z,Dallas Cowboys,Tampa Bay Buccaneers,player_anytime_td,Javonte Williams,0.5,Over,pinnacle,-214,-4.56,0.6504,pinnacle,3,4.2
2026-10-08T20:01:15Z,football_nfl,32678,2026-10-09T00:15:00Z,Dallas Cowboys,Tampa Bay Buccaneers,player_anytime_td,Javonte Williams,0.5,Under,pinnacle,173,-4.56,0.3496,pinnacle,3,4.2
2026-10-08T20:01:15Z,football_nfl,32678,2026-10-09T00:15:00Z,Dallas Cowboys,Tampa Bay Buccaneers,player_anytime_td,Kenneth Gainwell,0.5,Over,pinnacle,479,-4.54,0.1649,pinnacle,3,4.2
2026-10-08T20:01:15Z,football_nfl,32678,2026-10-09T00:15:00Z,Dallas Cowboys,Tampa Bay Buccaneers,player_anytime_td,Kenneth Gainwell,0.5,Under,pinnacle,-699,-4.54,0.8351,pinnacle,3,4.2
2026-10-08T20:01:15Z,football_nfl,32678,2026-10-09T00:15:00Z,Dallas Cowboys,Tampa Bay Buccaneers,player_anytime_td,Ryan Flournoy,0.5,Over,pinnacle,298,-4.54,0.2398,pinnacle,3,4.2
2026-10-08T20:01:15Z,football_nfl,32678,2026-10-09T00:15:00Z,Dallas Cowboys,Tampa Bay Buccaneers,player_anytime_td,Ryan Flournoy,0.5,Under,pinnacle,-391,-4.54,0.7602,pinnacle,3,4.2
2026-10-08T20:01:15Z,football_nfl,32678,2026-10-09T00:15:00Z,Dallas Cowboys,Tampa Bay Buccaneers,player_anytime_td,Sean Tucker,0.5,Over,pinnacle,371,-4.54,0.2027,pinnacle,3,4.2
2026-10-08T20:01:15Z,football_nfl,32678,2026-10-09T00:15:00Z,Dallas Cowboys,Tampa Bay Buccaneers,player_anytime_td,Sean Tucker,0.5,Under,pinnacle,-507,-4.54,0.7973,pinnacle,3,4.2
2026-10-08T20:01:15Z,football_nfl,32678,2026-10-09T00:15:00Z,Dallas Cowboys,Tampa Bay Buccaneers,player_anytime_td,Ted Hurst,0.5,Over,pinnacle,490,-4.55,0.1618,pinnacle,3,4.2
2026-10-08T20:01:15Z,football_nfl,32678,2026-10-09T00:15:00Z,Dallas Cowboys,Tampa Bay Buccaneers,player_anytime_td,Ted Hurst,0.5,Under,pinnacle,-721,-4.55,0.8382,pinnacle,3,4.2
2026-10-08T20:01:15Z,football_nfl,32678,2026-10-09T00:15:00Z,Dallas Cowboys,Tampa Bay Buccaneers,player_anytime_td,Tez Johnson,0.5,Over,pinnacle,666,-4.54,0.1246,pinnacle,3,4.2
2026-10-08T20:01:15Z,football_nfl,32678,2026-10-09T00:15:00Z,Dallas Cowboys,Tampa Bay Buccaneers,player_anytime_td,Tez Johnson,0.5,Under,pinnacle,-1105,-4.54,0.8754,pinnacle,3,4.2
2026-10-08T20:01:15Z,football_nfl,32678,2026-10-09T00:15:00Z,Dallas Cowboys,Tampa Bay Buccaneers,player_kicking_points,Brandon Aubrey,8.5,Over,underdog,-105,-0.4,0.5101,bovada,7,4.2
2026-10-08T20:01:15Z,football_nfl,32678,2026-10-09T00:15:00Z,Dallas Cowboys,Tampa Bay Buccaneers,player_kicking_points,Brandon Aubrey,8.5,Over,hardrock,-115,-4.63,0.5101,bovada,7,4.2
2026-10-08T20:01:15Z,football_nfl,32678,2026-10-09T00:15:00Z,Dallas Cowboys,Tampa Bay Buccaneers,player_kicking_points,Brandon Aubrey,8.5,Over,draftkings,-117,-5.39,0.5101,bovada,7,4.2
2026-10-08T20:01:15Z,football_nfl,32678,2026-10-09T00:15:00Z,Dallas Cowboys,Tampa Bay Buccaneers,player_kicking_points,Brandon Aubrey,8.5,Under,draftkings,-108,-5.65,0.4899,bovada,7,4.2
2026-10-08T20:01:15Z,football_nfl,32678,2026-10-09T00:15:00Z,Dallas Cowboys,Tampa Bay Buccaneers,player_kicking_points,Brandon Aubrey,8.5,Over,bovada,-120,-6.48,0.5101,bovada,7,4.2
2026-10-08T20:01:15Z,football_nfl,32678,2026-10-09T00:15:00Z,Dallas Cowboys,Tampa Bay Buccaneers,player_kicking_points,Brandon Aubrey,8.5,Under,bovada,-110,-6.48,0.4899,bovada,7,4.2
2026-10-08T20:01:15Z,football_nfl,32678,2026-10-09T00:15:00Z,Dallas Cowboys,Tampa Bay Buccaneers,player_kicking_points,Brandon Aubrey,8.5,Under,hardrock,-115,-8.41,0.4899,bovada,7,4.2
2026-10-08T20:01:15Z,football_nfl,32678,2026-10-09T00:15:00Z,Dallas Cowboys,Tampa Bay Buccaneers,player_kicking_points,Brandon Aubrey,8.5,Under,underdog,-118,-9.5,0.4899,bovada,7,4.2
2026-10-08T20:01:15Z,football_nfl,32678,2026-10-09T00:15:00Z,Dallas Cowboys,Tampa Bay Buccaneers,player_kicking_points,Chase McLaughlin,5.5,Under,draftkings,106,-5.4,0.4592,bovada,5,4.2
2026-10-08T20:01:15Z,football_nfl,32678,2026-10-09T00:15:00Z,Dallas Cowboys,Tampa Bay Buccaneers,player_kicking_points,Chase McLaughlin,5.5,Over,bovada,-135,-5.86,0.5408,bovada,5,4.2
2026-10-08T20:01:15Z,football_nfl,32678,2026-10-09T00:15:00Z,Dallas Cowboys,Tampa Bay Buccaneers,player_kicking_points,Chase McLaughlin,5.5,Under,bovada,105,-5.86,0.4592,bovada,5,4.2
2026-10-08T20:01:15Z,football_nfl,32678,2026-10-09T00:15:00Z,Dallas Cowboys,Tampa Bay Buccaneers,player_kicking_points,Chase McLaughlin,5.5,Over,draftkings,-136,-6.16,0.5408,bovada,5,4.2
2026-10-08T20:01:15Z,football_nfl,32678,2026-10-09T00:15:00Z,Dallas Cowboys,Tampa Bay Buccaneers,player_longest_completion,Jalon Daniels,31.5,Over,underdog,-109,-2.19,0.5101,bovada,6,4.2
2026-10-08T20:01:15Z,football_nfl,32678,2026-10-09T00:15:00Z,Dallas Cowboys,Tampa Bay Buccaneers,player_longest_completion,Jalon Daniels,31.5,Over,hardrock,-115,-4.63,0.5101,bovada,6,4.2
2026-10-08T20:01:15Z,football_nfl,32678,2026-10-09T00:15:00Z,Dallas Cowboys,Tampa Bay Buccaneers,player_longest_completion,Jalon Daniels,31.5,Under,draftkings,-109,-6.07,0.4899,bovada,6,4.2
2026-10-08T20:01:15Z,football_nfl,32678,2026-10-09T00:15:00Z,Dallas Cowboys,Tampa Bay Buccaneers,player_longest_completion,Jalon Daniels,31.5,Over,draftkings,-119,-6.12,0.5101,bovada,6,4.2
2026-10-08T20:01:15Z,football_nfl,32678,2026-10-09T00:15:00Z,Dallas Cowboys,Tampa Bay Buccaneers,player_longest_completion,Jalon Daniels,31.5,Over,bovada,-120,-6.48,0.5101,bovada,6,4.2
2026-10-08T20:01:15Z,football_nfl,32678,2026-10-09T00:15:00Z,Dallas Cowboys,Tampa Bay Buccaneers,player_longest_completion,Jalon Daniels,31.5,Under,bovada,-110,-6.48,0.4899,bovada,6,4.2
2026-10-08T20:01:15Z,football_nfl,32678,2026-10-09T00:15:00Z,Dallas Cowboys,Tampa Bay Buccaneers,player_longest_completion,Jalon Daniels,31.5,Under,underdog,-113,-7.66,0.4899,bovada,6,4.2
2026-10-08T20:01:15Z,football_nfl,32678,2026-10-09T00:15:00Z,Dallas Cowboys,Tampa Bay Buccaneers,player_longest_completion,Jalon Daniels,31.5,Under,hardrock,-115,-8.41,0.4899,bovada,6,4.2
2026-10-08T20:01:15Z,football_nfl,32678,2026-10-09T00:15:00Z,Dallas Cowboys,Tampa Bay Buccaneers,player_pass_attempts,Jalon Daniels,28.5,Over,underdog,-113,-2.89,0.5152,pinnacle,8,4.2
2026-10-08T20:01:15Z,football_nfl,32678,2026-10-09T00:15:00Z,Dallas Cowboys,Tampa Bay Buccaneers,player_pass_attempts,Jalon Daniels,28.5,Over,pinnacle,-117,-4.45,0.5152,pinnacle,8,4.2
2026-10-08T20:01:15Z,football_nfl,32678,2026-10-09T00:15:00Z,Dallas Cowboys,Tampa Bay Buccaneers,player_pass_attempts,Jalon Daniels,28.5,Under,pinnacle,-103,-4.45,0.4848,pinnacle,8,4.2
2026-10-08T20:01:15Z,football_nfl,32678,2026-10-09T00:15:00Z,Dallas Cowboys,Tampa Bay Buccaneers,player_pass_attempts,Jalon Daniels,28.5,Under,draftkings,-104,-4.9,0.4848,pinnacle,8,4.2
2026-10-08T20:01:15Z,football_nfl,32678,2026-10-09T00:15:00Z,Dallas Cowboys,Tampa Bay Buccaneers,player_pass_attempts,Jalon Daniels,28.5,Under,hardrock,-105,-5.35,0.4848,pinnacle,8,4.2
2026-10-08T20:01:15Z,football_nfl,32678,2026-10-09T00:15:00Z,Dallas Cowboys,Tampa Bay Buccaneers,player_pass_attempts,Jalon Daniels,28.5,Under,bovada,-105,-5.35,0.4848,pinnacle,8,4.2
2026-10-08T20:01:15Z,football_nfl,32678,2026-10-09T00:15:00Z,Dallas Cowboys,Tampa Bay Buccaneers,player_pass_attempts,Jalon Daniels,28.5,Over,draftkings,-123,-6.6,0.5152,pinnacle,8,4.2
2026-10-08T20:01:15Z,football_nfl,32678,2026-10-09T00:15:00Z,Dallas Cowboys,Tampa Bay Buccaneers,player_pass_attempts,Jalon Daniels,28.5,Under,underdog,-109,-7.04,0.4848,pinnacle,8,4.2
2026-10-08T20:01:15Z,football_nfl,32678,2026-10-09T00:15:00Z,Dallas Cowboys,Tampa Bay Buccaneers,player_pass_attempts,Jalon Daniels,28.5,Over,hardrock,-125,-7.27,0.5152,pinnacle,8,4.2
2026-10-08T20:01:15Z,football_nfl,32678,2026-10-09T00:15:00Z,Dallas Cowboys,Tampa Bay Buccaneers,player_pass_attempts,Jalon Daniels,28.5,Over,bovada,-125,-7.27,0.5152,pinnacle,8,4.2
2026-10-08T20:01:15Z,football_nfl,32678,2026-10-09T00:15:00Z,Dallas Cowboys,Tampa Bay Buccaneers,player_pass_completions,Dak Prescott,23.5,Over,underdog,-104,2.95,0.5248,pinnacle,11,4.2
2026-10-08T20:01:15Z,football_nfl,32678,2026-10-09T00:15:00Z,Dallas Cowboys,Tampa Bay Buccaneers,player_pass_completions,Dak Prescott,23.5,Over,draftkings,-114,-1.48,0.5248,pinnacle,11,4.2
2026-10-08T20:01:15Z,football_nfl,32678,2026-10-09T00:15:00Z,Dallas Cowboys,Tampa Bay Buccaneers,player_pass_completions,Dak Prescott,23.5,Over,bovada,-115,-1.88,0.5248,pinnacle,11,4.2
2026-10-08T20:01:15Z,football_nfl,32678,2026-10-09T00:15:00Z,Dallas Cowboys,Tampa Bay Buccaneers,player_pass_completions,Dak Prescott,23.5,Over,pinnacle,-122,-4.49,0.5248,pinnacle,11,4.2
2026-10-08T20:01:15Z,football_nfl,32678,2026-10-09T00:15:00Z,Dallas Cowboys,Tampa Bay Buccaneers,player_pass_completions,Dak Prescott,23.5,Under,pinnacle,101,-4.49,0.4752,pinnacle,11,4.2
2026-10-08T20:01:15Z,football_nfl,32678,2026-10-09T00:15:00Z,Dallas Cowboys,Tampa Bay Buccaneers,player_pass_completions,Dak Prescott,23.5,Over,hardrock,-125,-5.53,0.5248,pinnacle,11,4.2
2026-10-08T20:01:15Z,football_nfl,32678,2026-10-09T00:15:00Z,Dallas Cowboys,Tampa Bay Buccaneers,player_pass_completions,Dak Prescott,23.5,Under,hardrock,-105,-7.23,0.4752,pinnacle,11,4.2
2026-10-08T20:01:15Z,football_nfl,32678,2026-10-09T00:15:00Z,Dallas Cowboys,Tampa Bay Buccaneers,player_pass_completions,Dak Prescott,23.5,Under,draftkings,-112,-10.06,0.4752,pinnacle,11,4.2
2026-10-08T20:01:15Z,football_nfl,32678,2026-10-09T00:15:00Z,Dallas Cowboys,Tampa Bay Buccaneers,player_pass_completions,Dak Prescott,23.5,Under,bovada,-115,-11.17,0.4752,pinnacle,11,4.2
2026-10-08T20:01:15Z,football_nfl,32678,2026-10-09T00:15:00Z,Dallas Cowboys,Tampa Bay Buccaneers,player_pass_completions,Dak Prescott,23.5,Under,underdog,-120,-12.89,0.4752,pinnacle,11,4.2
2026-10-08T20:01:15Z,football_nfl,32678,2026-10-09T00:15:00Z,Dallas Cowboys,Tampa Bay Buccaneers,player_pass_completions,Jalon Daniels,17.5,Over,bovada,-130,-4.25,0.5412,pinnacle,9,4.2
2026-10-08T20:01:15Z,football_nfl,32678,2026-10-09T00:15:00Z,Dallas Cowboys,Tampa Bay Buccaneers,player_pass_completions,Jalon Daniels,17.5,Over,draftkings,-130,-4.25,0.5412,pinnacle,9,4.2
2026-10-08T20:01:15Z,football_nfl,32678,2026-10-09T00:15:00Z,Dallas Cowboys,Tampa Bay Buccaneers,player_pass_completions,Jalon Daniels,17.5,Over,pinnacle,-131,-4.57,0.5412,pinnacle,9,4.2
2026-10-08T20:01:15Z,football_nfl,32678,2026-10-09T00:15:00Z,Dallas Cowboys,Tampa Bay Buccaneers,player_pass_completions,Jalon Daniels,17.5,Under,pinnacle,108,-4.57,0.4588,pinnacle,9,4.2
2026-10-08T20:01:15Z,football_nfl,32678,2026-10-09T00:15:00Z,Dallas Cowboys,Tampa Bay Buccaneers,player_pass_completions,Jalon Daniels,17.5,Under,draftkings,102,-7.32,0.4588,pinnacle,9,4.2
2026-10-08T20:01:15Z,football_nfl,32678,2026-10-09T00:15:00Z,Dallas Cowboys,Tampa Bay Buccaneers,player_pass_completions,Jalon Daniels,17.5,Under,bovada,100,-8.24,0.4588,pinnacle,9,4.2
2026-10-08T20:01:15Z,football_nfl,32678,2026-10-09T00:15:00Z,Dallas Cowboys,Tampa Bay Buccaneers,player_pass_interceptions,Dak Prescott,0.5,Under,hardrock,-130,-3.9,0.5432,pinnacle,11,4.2
2026-10-08T20:01:15Z,football_nfl,32678,2026-10-09T00:15:00Z,Dallas Cowboys,Tampa Bay Buccaneers,player_pass_interceptions,Dak Prescott,0.5,Over,pinnacle,109,-4.53,0.4568,pinnacle,11,4.2
2026-10-08T20:01:15Z,football_nfl,32678,2026-10-09T00:15:00Z,Dallas Cowboys,Tampa Bay Buccaneers,player_pass_interceptions,Dak Prescott,0.5,Under,pinnacle,-132,-4.53,0.5432,pinnacle,11,4.2
2026-10-08T20:01:15Z,football_nfl,32678,2026-10-09T00:15:00Z,Dallas Cowboys,Tampa Bay Buccaneers,player_pass_interceptions,Dak Prescott,0.5,Under,draftkings,-132,-4.53,0.5432,pinnacle,11,4.2
2026-10-08T20:01:15Z,football_nfl,32678,2026-10-09T00:15:00Z,Dallas Cowboys,Tampa Bay Buccaneers,player_pass_interceptions,Dak Prescott,0.5,Under,bovada,-135,-5.44,0.5432,pinnacle,11,4.2
2026-10-08T20:01:15Z,football_nfl,32678,2026-10-09T00:15:00Z,Dallas Cowboys,Tampa Bay Buccaneers,player_pass_interceptions,Dak Prescott,0.5,Over,bovada,105,-6.36,0.4568,pinnacle,11,4.2
2026-10-08T20:01:15Z,football_nfl,32678,2026-10-09T00:15:00Z,Dallas Cowboys,Tampa Bay Buccaneers,player_pass_interceptions,Dak Prescott,0.5,Over,draftkings,104,-6.81,0.4568,pinnacle,11,4.2
2026-10-08T20:01:15Z,football_nfl,32678,2026-10-09T00:15:00Z,Dallas Cowboys,Tampa Bay Buccaneers,player_pass_interceptions,Dak Prescott,0.5,Over,hardrock,100,-8.64,0.4568,pinnacle,11,4.2
2026-10-08T20:01:15Z,football_nfl,32678,2026-10-09T00:15:00Z,Dallas Cowboys,Tampa Bay Buccaneers,player_pass_interceptions,Jalon Daniels,0.5,Under,hardrock,145,-4.62,0.3893,pinnacle,11,4.2
2026-10-08T20:01:15Z,football_nfl,32678,2026-10-09T00:15:00Z,Dallas Cowboys,Tampa Bay Buccaneers,player_pass_interceptions,Jalon Daniels,0.5,Over,pinnacle,-178,-4.62,0.6107,pinnacle,11,4.2
2026-10-08T20:01:15Z,football_nfl,32678,2026-10-09T00:15:00Z,Dallas Cowboys,Tampa Bay Buccaneers,player_pass_interceptions,Jalon Daniels,0.5,Under,pinnacle,145,-4.62,0.3893,pinnacle,11,4.2
2026-10-08T20:01:15Z,football_nfl,32678,2026-10-09T00:15:00Z,Dallas Cowboys,Tampa Bay Buccaneers,player_pass_interceptions,Jalon Daniels,0.5,Over,draftkings,-179,-4.81,0.6107,pinnacle,11,4.2
2026-10-08T20:01:15Z,football_nfl,32678,2026-10-09T00:15:00Z,Dallas Cowboys,Tampa Bay Buccaneers,player_pass_interceptions,Jalon Daniels,0.5,Over,bovada,-185,-5.92,0.6107,pinnacle,11,4.2
2026-10-08T20:01:15Z,football_nfl,32678,2026-10-09T00:15:00Z,Dallas Cowboys,Tampa Bay Buccaneers,player_pass_interceptions,Jalon Daniels,0.5,Under,bovada,140,-6.57,0.3893,pinnacle,11,4.2
2026-10-08T20:01:15Z,football_nfl,32678,2026-10-09T00:15:00Z,Dallas Cowboys,Tampa Bay Buccaneers,player_pass_interceptions,Jalon Daniels,0.5,Under,draftkings,139,-6.96,0.3893,pinnacle,11,4.2
2026-10-08T20:01:15Z,football_nfl,32678,2026-10-09T00:15:00Z,Dallas Cowboys,Tampa Bay Buccaneers,player_pass_interceptions,Jalon Daniels,0.5,Over,hardrock,-195,-7.61,0.6107,pinnacle,11,4.2
2026-10-08T20:01:15Z,football_nfl,32678,2026-10-09T00:15:00Z,Dallas Cowboys,Tampa Bay Buccaneers,player_pass_tds,Dak Prescott,2.5,Over,kalshi,178,4.09,0.3744,pinnacle,11,4.2
2026-10-08T20:01:15Z,football_nfl,32678,2026-10-09T00:15:00Z,Dallas Cowboys,Tampa Bay Buccaneers,player_pass_tds,Dak Prescott,2.5,Under,fanduel,-168,-0.21,0.6256,pinnacle,11,4.2
2026-10-08T20:01:15Z,football_nfl,32678,2026-10-09T00:15:00Z,Dallas Cowboys,Tampa Bay Buccaneers,player_pass_tds,Dak Prescott,2.5,Under,draftkings,-178,-2.3,0.6256,pinnacle,11,4.2
2026-10-08T20:01:15Z,football_nfl,32678,2026-10-09T00:15:00Z,Dallas Cowboys,Tampa Bay Buccaneers,player_pass_tds,Dak Prescott,2.5,Under,bovada,-180,-2.69,0.6256,pinnacle,11,4.2
2026-10-08T20:01:15Z,football_nfl,32678,2026-10-09T00:15:00Z,Dallas Cowboys,Tampa Bay Buccaneers,player_pass_tds,Dak Prescott,2.5,Under,kalshi,-186,-3.81,0.6256,pinnacle,11,4.2
2026-10-08T20:01:15Z,football_nfl,32678,2026-10-09T00:15:00Z,Dallas Cowboys,Tampa Bay Buccaneers,player_pass_tds,Dak Prescott,2.5,Over,hardrock,155,-4.52,0.3744,pinnacle,11,4.2
2026-10-08T20:01:15Z,football_nfl,32678,2026-10-09T00:15:00Z,Dallas Cowboys,Tampa Bay Buccaneers,player_pass_tds,Dak Prescott,2.5,Over,pinnacle,155,-4.52,0.3744,pinnacle,11,4.2
2026-10-08T20:01:15Z,football_nfl,32678,2026-10-09T00:15:00Z,Dallas Cowboys,Tampa Bay Buccaneers,player_pass_tds,Dak Prescott,2.5,Under,pinnacle,-190,-4.52,0.6256,pinnacle,11,4.2
2026-10-08T20:01:15Z,football_nfl,32678,2026-10-09T00:15:00Z,Dallas Cowboys,Tampa Bay Buccaneers,player_pass_tds,Dak Prescott,2.5,Under,hardrock,-220,-9.01,0.6256,pinnacle,11,4.2
2026-10-08T20:01:15Z,football_nfl,32678,2026-10-09T00:15:00Z,Dallas Cowboys,Tampa Bay Buccaneers,player_pass_tds,Dak Prescott,2.5,Over,draftkings,139,-10.51,0.3744,pinnacle,11,4.2
2026-10-08T20:01:15Z,football_nfl,32678,2026-10-09T00:15:00Z,Dallas Cowboys,Tampa Bay Buccaneers,player_pass_tds,Dak Prescott,2.5,Over,bovada,135,-12.01,0.3744,pinnacle,11,4.2
2026-10-08T20:01:15Z,football_nfl,32678,2026-10-09T00:15:00Z,Dallas Cowboys,Tampa Bay Buccaneers,player_pass_tds,Dak Prescott,2.5,Over,fanduel,128,-14.63,0.3744,pinnacle,11,4.2
2026-10-08T20:01:15Z,football_nfl,32678,2026-10-09T00:15:00Z,Dallas Cowboys,Tampa Bay Buccaneers,player_pass_tds,Jalon Daniels,0.5,Under,kalshi,212,4.47,0.3349,pinnacle,14,4.2
2026-10-08T20:01:15Z,football_nfl,32678,2026-10-09T00:15:00Z,Dallas Cowboys,Tampa Bay Buccaneers,player_pass_tds,Jalon Daniels,0.5,Under,draftkings,201,0.79,0.3349,pinnacle,14,4.2
2026-10-08T20:01:15Z,football_nfl,32678,2026-10-09T00:15:00Z,Dallas Cowboys,Tampa Bay Buccaneers,player_pass_tds,Jalon Daniels,0.5,Under,bovada,200,0.46,0.3349,pinnacle,14,4.2
2026-10-08T20:01:15Z,football_nfl,32678,2026-10-09T00:15:00Z,Dallas Cowboys,Tampa Bay Buccaneers,player_pass_tds,Jalon Daniels,0.5,Under,fanduel,195,-1.22,0.3349,pinnacle,14,4.2
2026-10-08T20:01:15Z,football_nfl,32678,2026-10-09T00:15:00Z,Dallas Cowboys,Tampa Bay Buccaneers,player_pass_tds,Jalon Daniels,0.5,Over,kalshi,-223,-3.66,0.6651,pinnacle,14,4.2
2026-10-08T20:01:15Z,football_nfl,32678,2026-10-09T00:15:00Z,Dallas Cowboys,Tampa Bay Buccaneers,player_pass_tds,Jalon Daniels,0.5,Over,pinnacle,-230,-4.57,0.6651,pinnacle,14,4.2
2026-10-08T20:01:15Z,football_nfl,32678,2026-10-09T00:15:00Z,Dallas Cowboys,Tampa Bay Buccaneers,player_pass_tds,Jalon Daniels,0.5,Under,pinnacle,185,-4.57,0.3349,pinnacle,14,4.2
2026-10-08T20:01:15Z,football_nfl,32678,2026-10-09T00:15:00Z,Dallas Cowboys,Tampa Bay Buccaneers,player_pass_tds,Jalon Daniels,0.5,Over,hardrock,-250,-6.88,0.6651,pinnacle,14,4.2
2026-10-08T20:01:15Z,football_nfl,32678,2026-10-09T00:15:00Z,Dallas Cowboys,Tampa Bay Buccaneers,player_pass_tds,Jalon Daniels,0.5,Under,hardrock,175,-7.91,0.3349,pinnacle,14,4.2
2026-10-08T20:01:15Z,football_nfl,32678,2026-10-09T00:15:00Z,Dallas Cowboys,Tampa Bay Buccaneers,player_pass_tds,Jalon Daniels,0.5,Over,draftkings,-262,-8.1,0.6651,pinnacle,14,4.2
2026-10-08T20:01:15Z,football_nfl,32678,2026-10-09T00:15:00Z,Dallas Cowboys,Tampa Bay Buccaneers,player_pass_tds,Jalon Daniels,0.5,Over,fanduel,-265,-8.39,0.6651,pinnacle,14,4.2
2026-10-08T20:01:15Z,football_nfl,32678,2026-10-09T00:15:00Z,Dallas Cowboys,Tampa Bay Buccaneers,player_pass_tds,Jalon Daniels,0.5,Over,bovada,-275,-9.3,0.6651,pinnacle,14,4.2
2026-10-08T20:01:15Z,football_nfl,32678,2026-10-09T00:15:00Z,Dallas Cowboys,Tampa Bay Buccaneers,player_pass_yds,Dak Prescott,249.5,Over,kalshi,-156,-0.93,0.6037,kalshi,3,4.2
2026-10-08T20:01:15Z,football_nfl,32678,2026-10-09T00:15:00Z,Dallas Cowboys,Tampa Bay Buccaneers,player_pass_yds,Dak Prescott,249.5,Under,kalshi,150,-0.93,0.3963,kalshi,3,4.2
2026-10-08T20:01:15Z,football_nfl,32678,2026-10-09T00:15:00Z,Dallas Cowboys,Tampa Bay Buccaneers,player_pass_yds,Jalon Daniels,199.5,Over,kalshi,144,-0.97,0.4058,kalshi,3,4.2
2026-10-08T20:01:15Z,football_nfl,32678,2026-10-09T00:15:00Z,Dallas Cowboys,Tampa Bay Buccaneers,player_pass_yds,Jalon Daniels,199.5,Under,kalshi,-150,-0.97,0.5942,kalshi,3,4.2
2026-10-08T20:01:15Z,football_nfl,32678,2026-10-09T00:15:00Z,Dallas Cowboys,Tampa Bay Buccaneers,player_reception_longest,Bucky Irving,8.5,Over,hardrock,-115,-4.63,0.5101,bovada,5,4.2
2026-10-08T20:01:15Z,football_nfl,32678,2026-10-09T00:15:00Z,Dallas Cowboys,Tampa Bay Buccaneers,player_reception_longest,Bucky Irving,8.5,Under,draftkings,-109,-6.07,0.4899,bovada,5,4.2
2026-10-08T20:01:15Z,football_nfl,32678,2026-10-09T00:15:00Z,Dallas Cowboys,Tampa Bay Buccaneers,player_reception_longest,Bucky Irving,8.5,Over,draftkings,-119,-6.12,0.5101,bovada,5,4.2
2026-10-08T20:01:15Z,football_nfl,32678,2026-10-09T00:15:00Z,Dallas Cowboys,Tampa Bay Buccaneers,player_reception_longest,Bucky Irving,8.5,Over,bovada,-120,-6.48,0.5101,bovada,5,4.2
2026-10-08T20:01:15Z,football_nfl,32678,2026-10-09T00:15:00Z,Dallas Cowboys,Tampa Bay Buccaneers,player_reception_longest,Bucky Irving,8.5,Under,bovada,-110,-6.48,0.4899,bovada,5,4.2
2026-10-08T20:01:15Z,football_nfl,32678,2026-10-09T00:15:00Z,Dallas Cowboys,Tampa Bay Buccaneers,player_reception_longest,Bucky Irving,8.5,Under,hardrock,-115,-8.41,0.4899,bovada,5,4.2
2026-10-08T20:01:15Z,football_nfl,32678,2026-10-09T00:15:00Z,Dallas Cowboys,Tampa Bay Buccaneers,player_reception_longest,Chris Godwin,15.5,Over,underdog,-103,0.54,0.5101,bovada,4,4.2
2026-10-08T20:01:15Z,football_nfl,32678,2026-10-09T00:15:00Z,Dallas Cowboys,Tampa Bay Buccaneers,player_reception_longest,Chris Godwin,15.5,Over,draftkings,-117,-5.39,0.5101,bovada,4,4.2
2026-10-08T20:01:15Z,football_nfl,32678,2026-10-09T00:15:00Z,Dallas Cowboys,Tampa Bay Buccaneers,player_reception_longest,Chris Godwin,15.5,Over,bovada,-120,-6.48,0.5101,bovada,4,4.2
2026-10-08T20:01:15Z,football_nfl,32678,2026-10-09T00:15:00Z,Dallas Cowboys,Tampa Bay Buccaneers,player_reception_longest,Chris Godwin,15.5,Under,bovada,-110,-6.48,0.4899,bovada,4,4.2
2026-10-08T20:01:15Z,football_nfl,32678,2026-10-09T00:15:00Z,Dallas Cowboys,Tampa Bay Buccaneers,player_reception_longest,Chris Godwin,15.5,Under,draftkings,-111,-6.88,0.4899,bovada,4,4.2
2026-10-08T20:01:15Z,football_nfl,32678,2026-10-09T00:15:00Z,Dallas Cowboys,Tampa Bay Buccaneers,player_reception_longest,Chris Godwin,15.5,Under,underdog,-120,-10.19,0.4899,bovada,4,4.2
2026-10-08T20:01:15Z,football_nfl,32678,2026-10-09T00:15:00Z,Dallas Cowboys,Tampa Bay Buccaneers,player_reception_longest,Javonte Williams,8.5,Over,hardrock,-110,-2.61,0.5101,bovada,5,4.2
2026-10-08T20:01:15Z,football_nfl,32678,2026-10-09T00:15:00Z,Dallas Cowboys,Tampa Bay Buccaneers,player_reception_longest,Javonte Williams,8.5,Over,underdog,-112,-3.44,0.5101,bovada,5,4.2
2026-10-08T20:01:15Z,football_nfl,32678,2026-10-09T00:15:00Z,Dallas Cowboys,Tampa Bay Buccaneers,player_reception_longest,Javonte Williams,8.5,Under,draftkings,-108,-5.65,0.4899,bovada,5,4.2
2026-10-08T20:01:15Z,football_nfl,32678,2026-10-09T00:15:00Z,Dallas Cowboys,Tampa Bay Buccaneers,player_reception_longest,Javonte Williams,8.5,Over,draftkings,-120,-6.48,0.5101,bovada,5,4.2
2026-10-08T20:01:15Z,football_nfl,32678,2026-10-09T00:15:00Z,Dallas Cowboys,Tampa Bay Buccaneers,player_reception_longest,Javonte Williams,8.5,Over,bovada,-120,-6.48,0.5101,bovada,5,4.2
2026-10-08T20:01:15Z,football_nfl,32678,2026-10-09T00:15:00Z,Dallas Cowboys,Tampa Bay Buccaneers,player_reception_longest,Javonte Williams,8.5,Under,bovada,-110,-6.48,0.4899,bovada,5,4.2
2026-10-08T20:01:15Z,football_nfl,32678,2026-10-09T00:15:00Z,Dallas Cowboys,Tampa Bay Buccaneers,player_reception_longest,Javonte Williams,8.5,Under,underdog,-112,-7.27,0.4899,bovada,5,4.2
2026-10-08T20:01:15Z,football_nfl,32678,2026-10-09T00:15:00Z,Dallas Cowboys,Tampa Bay Buccaneers,player_reception_longest,Javonte Williams,8.5,Under,hardrock,-120,-10.19,0.4899,bovada,5,4.2
2026-10-08T20:01:15Z,football_nfl,32678,2026-10-09T00:15:00Z,Dallas Cowboys,Tampa Bay Buccaneers,player_reception_yds,Bucky Irving,12.5,Under,hardrock,-110,-3.93,0.5032,pinnacle,9,4.2
2026-10-08T20:01:15Z,football_nfl,32678,2026-10-09T00:15:00Z,Dallas Cowboys,Tampa Bay Buccaneers,player_reception_yds,Bucky Irving,12.5,Over,pinnacle,-109,-4.75,0.4968,pinnacle,9,4.2
2026-10-08T20:01:15Z,football_nfl,32678,2026-10-09T00:15:00Z,Dallas Cowboys,Tampa Bay Buccaneers,player_reception_yds,Bucky Irving,12.5,Under,pinnacle,-112,-4.75,0.5032,pinnacle,9,4.2
2026-10-08T20:01:15Z,football_nfl,32678,2026-10-09T00:15:00Z,Dallas Cowboys,Tampa Bay Buccaneers,player_reception_yds,Bucky Irving,12.5,Over,draftkings,-109,-4.75,0.4968,pinnacle,9,4.2
2026-10-08T20:01:15Z,football_nfl,32678,2026-10-09T00:15:00Z,Dallas Cowboys,Tampa Bay Buccaneers,player_reception_yds,Bucky Irving,12.5,Over,bovada,-110,-5.16,0.4968,pinnacle,9,4.2
2026-10-08T20:01:15Z,football_nfl,32678,2026-10-09T00:15:00Z,Dallas Cowboys,Tampa Bay Buccaneers,player_reception_yds,Bucky Irving,12.5,Under,draftkings,-115,-5.92,0.5032,pinnacle,9,4.2
2026-10-08T20:01:15Z,football_nfl,32678,2026-10-09T00:15:00Z,Dallas Cowboys,Tampa Bay Buccaneers,player_reception_yds,Bucky Irving,12.5,Under,bovada,-120,-7.74,0.5032,pinnacle,9,4.2
2026-10-08T20:01:15Z,football_nfl,32678,2026-10-09T00:15:00Z,Dallas Cowboys,Tampa Bay Buccaneers,player_reception_yds,Bucky Irving,12.5,Over,hardrock,-120,-8.92,0.4968,pinnacle,9,4.2
2026-10-08T20:01:15Z,football_nfl,32678,2026-10-09T00:15:00Z,Dallas Cowboys,Tampa Bay Buccaneers,player_reception_yds,Cade Otton,29.5,Over,draftkings,-110,-1.05,0.5183,pinnacle,9,4.2
2026-10-08T20:01:15Z,football_nfl,32678,2026-10-09T00:15:00Z,Dallas Cowboys,Tampa Bay Buccaneers,player_reception_yds,Cade Otton,29.5,Over,bovada,-110,-1.05,0.5183,pinnacle,9,4.2
2026-10-08T20:01:15Z,football_nfl,32678,2026-10-09T00:15:00Z,Dallas Cowboys,Tampa Bay Buccaneers,player_reception_yds,Cade Otton,29.5,Over,fanduel,-113,-2.3,0.5183,pinnacle,9,4.2
2026-10-08T20:01:15Z,football_nfl,32678,2026-10-09T00:15:00Z,Dallas Cowboys,Tampa Bay Buccaneers,player_reception_yds,Cade Otton,29.5,Over,pinnacle,-119,-4.61,0.5183,pinnacle,9,4.2
2026-10-08T20:01:15Z,football_nfl,32678,2026-10-09T00:15:00Z,Dallas Cowboys,Tampa Bay Buccaneers,player_reception_yds,Cade Otton,29.5,Under,pinnacle,-102,-4.61,0.4817,pinnacle,9,4.2
2026-10-08T20:01:15Z,football_nfl,32678,2026-10-09T00:15:00Z,Dallas Cowboys,Tampa Bay Buccaneers,player_reception_yds,Cade Otton,29.5,Under,fanduel,-113,-9.21,0.4817,pinnacle,9,4.2
2026-10-08T20:01:15Z,football_nfl,32678,2026-10-09T00:15:00Z,Dallas Cowboys,Tampa Bay Buccaneers,player_reception_yds,Cade Otton,29.5,Under,draftkings,-115,-9.95,0.4817,pinnacle,9,4.2
2026-10-08T20:01:15Z,football_nfl,32678,2026-10-09T00:15:00Z,Dallas Cowboys,Tampa Bay Buccaneers,player_reception_yds,Cade Otton,29.5,Under,bovada,-120,-11.69,0.4817,pinnacle,9,4.2
2026-10-08T20:01:15Z,football_nfl,32678,2026-10-09T00:15:00Z,Dallas Cowboys,Tampa Bay Buccaneers,player_reception_yds,Chris Godwin,24.5,Over,bovada,-240,-6.5,0.66,bovada,3,4.2
2026-10-08T20:01:15Z,football_nfl,32678,2026-10-09T00:15:00Z,Dallas Cowboys,Tampa Bay Buccaneers,player_reception_yds,Chris Godwin,24.5,Under,bovada,175,-6.5,0.34,bovada,3,4.2
2026-10-08T20:01:15Z,football_nfl,32678,2026-10-09T00:15:00Z,Dallas Cowboys,Tampa Bay Buccaneers,player_reception_yds,Chris Godwin,39.5,Over,bovada,110,-6.37,0.4459,bovada,3,4.2
2026-10-08T20:01:15Z,football_nfl,32678,2026-10-09T00:15:00Z,Dallas Cowboys,Tampa Bay Buccaneers,player_reception_yds,Chris Godwin,39.5,Under,bovada,-145,-6.37,0.5541,bovada,3,4.2
2026-10-08T20:01:15Z,football_nfl,32678,2026-10-09T00:15:00Z,Dallas Cowboys,Tampa Bay Buccaneers,player_reception_yds,Emeka Egbuka,34.5,Over,draftkings,-115,-4.63,0.5101,bovada,6,4.2
2026-10-08T20:01:15Z,football_nfl,32678,2026-10-09T00:15:00Z,Dallas Cowboys,Tampa Bay Buccaneers,player_reception_yds,Emeka Egbuka,34.5,Under,draftkings,-109,-6.07,0.4899,bovada,6,4.2
2026-10-08T20:01:15Z,football_nfl,32678,2026-10-09T00:15:00Z,Dallas Cowboys,Tampa Bay Buccaneers,player_reception_yds,Emeka Egbuka,34.5,Over,bovada,-120,-6.48,0.5101,bovada,6,4.2
2026-10-08T20:01:15Z,football_nfl,32678,2026-10-09T00:15:00Z,Dallas Cowboys,Tampa Bay Buccaneers,player_reception_yds,Emeka Egbuka,34.5,Under,bovada,-110,-6.48,0.4899,bovada,6,4.2
2026-10-08T20:01:15Z,football_nfl,32678,2026-10-09T00:15:00Z,Dallas Cowboys,Tampa Bay Buccaneers,player_reception_yds,Emeka Egbuka,35.5,Over,fanatics,-110,-4.13,0.5022,pinnacle,5,4.2
2026-10-08T20:01:15Z,football_nfl,32678,2026-10-09T00:15:00Z,Dallas Cowboys,Tampa Bay Buccaneers,player_reception_yds,Emeka Egbuka,35.5,Over,pinnacle,-111,-4.54,0.5022,pinnacle,5,4.2
2026-10-08T20:01:15Z,football_nfl,32678,2026-10-09T00:15:00Z,Dallas Cowboys,Tampa Bay Buccaneers,player_reception_yds,Emeka Egbuka,35.5,Under,pinnacle,-109,-4.54,0.4978,pinnacle,5,4.2
2026-10-08T20:01:15Z,football_nfl,32678,2026-10-09T00:15:00Z,Dallas Cowboys,Tampa Bay Buccaneers,player_reception_yds,Emeka Egbuka,35.5,Over,fanduel,-113,-5.34,0.5022,pinnacle,5,4.2
2026-10-08T20:01:15Z,football_nfl,32678,2026-10-09T00:15:00Z,Dallas Cowboys,Tampa Bay Buccaneers,player_reception_yds,Emeka Egbuka,35.5,Under,fanduel,-113,-6.16,0.4978,pinnacle,5,4.2
2026-10-08T20:01:15Z,football_nfl,32678,2026-10-09T00:15:00Z,Dallas Cowboys,Tampa Bay Buccaneers,player_reception_yds,Emeka Egbuka,35.5,Under,fanatics,-135,-13.34,0.4978,pinnacle,5,4.2
2026-10-08T20:01:15Z,football_nfl,32678,2026-10-09T00:15:00Z,Dallas Cowboys,Tampa Bay Buccaneers,player_reception_yds,Emeka Egbuka,39.5,Over,kalshi,122,-0.98,0.446,kalshi,4,4.2
2026-10-08T20:01:15Z,football_nfl,32678,2026-10-09T00:15:00Z,Dallas Cowboys,Tampa Bay Buccaneers,player_reception_yds,Emeka Egbuka,39.5,Under,kalshi,-127,-0.98,0.554,kalshi,4,4.2
2026-10-08T20:01:15Z,football_nfl,32678,2026-10-09T00:15:00Z,Dallas Cowboys,Tampa Bay Buccaneers,player_reception_yds,Emeka Egbuka,39.5,Over,bovada,110,-6.33,0.446,kalshi,4,4.2
2026-10-08T20:01:15Z,football_nfl,32678,2026-10-09T00:15:00Z,Dallas Cowboys,Tampa Bay Buccaneers,player_reception_yds,Emeka Egbuka,39.5,Under,bovada,-145,-6.4,0.554,kalshi,4,4.2
2026-10-08T20:01:15Z,football_nfl,32678,2026-10-09T00:15:00Z,Dallas Cowboys,Tampa Bay Buccaneers,player_reception_yds,Emeka Egbuka,49.5,Over,kalshi,203,-1.04,0.3266,kalshi,3,4.2
2026-10-08T20:01:15Z,football_nfl,32678,2026-10-09T00:15:00Z,Dallas Cowboys,Tampa Bay Buccaneers,player_reception_yds,Emeka Egbuka,49.5,Under,kalshi,-213,-1.04,0.6734,kalshi,3,4.2
2026-10-08T20:01:15Z,football_nfl,32678,2026-10-09T00:15:00Z,Dallas Cowboys,Tampa Bay Buccaneers,player_reception_yds,George Pickens,59.5,Over,kalshi,-122,-1.03,0.5439,kalshi,4,4.2
2026-10-08T20:01:15Z,football_nfl,32678,2026-10-09T00:15:00Z,Dallas Cowboys,Tampa Bay Buccaneers,player_reception_yds,George Pickens,59.5,Under,kalshi,117,-1.03,0.4561,kalshi,4,4.2
2026-10-08T20:01:15Z,football_nfl,32678,2026-10-09T00:15:00Z,Dallas Cowboys,Tampa Bay Buccaneers,player_reception_yds,George Pickens,59.5,Under,bovada,110,-4.22,0.4561,kalshi,4,4.2
2026-10-08T20:01:15Z,football_nfl,32678,2026-10-09T00:15:00Z,Dallas Cowboys,Tampa Bay Buccaneers,player_reception_yds,George Pickens,59.5,Over,bovada,-145,-8.1,0.5439,kalshi,4,4.2
2026-10-08T20:01:15Z,football_nfl,32678,2026-10-09T00:15:00Z,Dallas Cowboys,Tampa Bay Buccaneers,player_reception_yds,George Pickens,99.5,Over,kalshi,355,-0.96,0.2177,kalshi,3,4.2
2026-10-08T20:01:15Z,football_nfl,32678,2026-10-09T00:15:00Z,Dallas Cowboys,Tampa Bay Buccaneers,player_reception_yds,George Pickens,99.5,Under,kalshi,-376,-0.96,0.7823,kalshi,3,4.2
2026-10-08T20:01:15Z,football_nfl,32678,2026-10-09T00:15:00Z,Dallas Cowboys,Tampa Bay Buccaneers,player_reception_yds,Javonte Williams,14.5,Under,kalshi,-100,2.17,0.5108,pinnacle,7,4.2
2026-10-08T20:01:15Z,football_nfl,32678,2026-10-09T00:15:00Z,Dallas Cowboys,Tampa Bay Buccaneers,player_reception_yds,Javonte Williams,14.5,Under,fanduel,-113,-3.71,0.5108,pinnacle,7,4.2
2026-10-08T20:01:15Z,football_nfl,32678,2026-10-09T00:15:00Z,Dallas Cowboys,Tampa Bay Buccaneers,player_reception_yds,Javonte Williams,14.5,Over,kalshi,-104,-4.05,0.4892,pinnacle,7,4.2
2026-10-08T20:01:15Z,football_nfl,32678,2026-10-09T00:15:00Z,Dallas Cowboys,Tampa Bay Buccaneers,player_reception_yds,Javonte Williams,14.5,Over,pinnacle,-105,-4.5,0.4892,pinnacle,7,4.2
2026-10-08T20:01:15Z,football_nfl,32678,2026-10-09T00:15:00Z,Dallas Cowboys,Tampa Bay Buccaneers,player_reception_yds,Javonte Williams,14.5,Under,pinnacle,-115,-4.5,0.5108,pinnacle,7,4.2
2026-10-08T20:01:15Z,football_nfl,32678,2026-10-09T00:15:00Z,Dallas Cowboys,Tampa Bay Buccaneers,player_reception_yds,Javonte Williams,14.5,Under,hardrock,-115,-4.5,0.5108,pinnacle,7,4.2
2026-10-08T20:01:15Z,football_nfl,32678,2026-10-09T00:15:00Z,Dallas Cowboys,Tampa Bay Buccaneers,player_reception_yds,Javonte Williams,14.5,Over,fanduel,-113,-7.79,0.4892,pinnacle,7,4.2
2026-10-08T20:01:15Z,football_nfl,32678,2026-10-09T00:15:00Z,Dallas Cowboys,Tampa Bay Buccaneers,player_reception_yds,Javonte Williams,14.5,Over,hardrock,-115,-8.55,0.4892,pinnacle,7,4.2
2026-10-08T20:01:15Z,football_nfl,32678,2026-10-09T00:15:00Z,Dallas Cowboys,Tampa Bay Buccaneers,player_reception_yds,Ted Hurst,16.5,Over,pinnacle,-106,-4.51,0.4913,pinnacle,6,4.2
2026-10-08T20:01:15Z,football_nfl,32678,2026-10-09T00:15:00Z,Dallas Cowboys,Tampa Bay Buccaneers,player_reception_yds,Ted Hurst,16.5,Under,pinnacle,-114,-4.51,0.5087,pinnacle,6,4.2
2026-10-08T20:01:15Z,football_nfl,32678,2026-10-09T00:15:00Z,Dallas Cowboys,Tampa Bay Buccaneers,player_reception_yds,Tez Johnson,14.5,Under,underdog,-117,-0.86,0.5345,kalshi,6,4.2
2026-10-08T20:01:15Z,football_nfl,32678,2026-10-09T00:15:00Z,Dallas Cowboys,Tampa Bay Buccaneers,player_reception_yds,Tez Johnson,14.5,Over,kalshi,113,-0.86,0.4655,kalshi,6,4.2
2026-10-08T20:01:15Z,football_nfl,32678,2026-10-09T00:15:00Z,Dallas Cowboys,Tampa Bay Buccaneers,player_reception_yds,Tez Johnson,14.5,Under,kalshi,-117,-0.86,0.5345,kalshi,6,4.2
2026-10-08T20:01:15Z,football_nfl,32678,2026-10-09T00:15:00Z,Dallas Cowboys,Tampa Bay Buccaneers,player_reception_yds,Tez Johnson,14.5,Over,underdog,-106,-9.54,0.4655,kalshi,6,4.2
2026-10-08T20:01:15Z,football_nfl,32678,2026-10-09T00:15:00Z,Dallas Cowboys,Tampa Bay Buccaneers,player_receptions,Bucky Irving,2.5,Under,kalshi,-156,0.14,0.6102,pinnacle,14,4.2
2026-10-08T20:01:15Z,football_nfl,32678,2026-10-09T00:15:00Z,Dallas Cowboys,Tampa Bay Buccaneers,player_receptions,Bucky Irving,2.5,Under,fanduel,-158,-0.36,0.6102,pinnacle,14,4.2
2026-10-08T20:01:15Z,football_nfl,32678,2026-10-09T00:15:00Z,Dallas Cowboys,Tampa Bay Buccaneers,player_receptions,Bucky Irving,2.5,Over,kalshi,150,-2.55,0.3898,pinnacle,14,4.2
2026-10-08T20:01:15Z,football_nfl,32678,2026-10-09T00:15:00Z,Dallas Cowboys,Tampa Bay Buccaneers,player_receptions,Bucky Irving,2.5,Over,draftkings,146,-4.11,0.3898,pinnacle,14,4.2
2026-10-08T20:01:15Z,football_nfl,32678,2026-10-09T00:15:00Z,Dallas Cowboys,Tampa Bay Buccaneers,player_receptions,Bucky Irving,2.5,Under,hardrock,-175,-4.11,0.6102,pinnacle,14,4.2
2026-10-08T20:01:15Z,football_nfl,32678,2026-10-09T00:15:00Z,Dallas Cowboys,Tampa Bay Buccaneers,player_receptions,Bucky Irving,2.5,Over,bovada,145,-4.5,0.3898,pinnacle,14,4.2
2026-10-08T20:01:15Z,football_nfl,32678,2026-10-09T00:15:00Z,Dallas Cowboys,Tampa Bay Buccaneers,player_receptions,Bucky Irving,2.5,Over,pinnacle,145,-4.5,0.3898,pinnacle,14,4.2
2026-10-08T20:01:15Z,football_nfl,32678,2026-10-09T00:15:00Z,Dallas Cowboys,Tampa Bay Buccaneers,player_receptions,Bucky Irving,2.5,Under,pinnacle,-177,-4.5,0.6102,pinnacle,14,4.2
2026-10-08T20:01:15Z,football_nfl,32678,2026-10-09T00:15:00Z,Dallas Cowboys,Tampa Bay Buccaneers,player_receptions,Bucky Irving,2.5,Under,draftkings,-187,-6.35,0.6102,pinnacle,14,4.2
2026-10-08T20:01:15Z,football_nfl,32678,2026-10-09T00:15:00Z,Dallas Cowboys,Tampa Bay Buccaneers,player_receptions,Bucky Irving,2.5,Under,bovada,-190,-6.86,0.6102,pinnacle,14,4.2
2026-10-08T20:01:15Z,football_nfl,32678,2026-10-09T00:15:00Z,Dallas Cowboys,Tampa Bay Buccaneers,player_receptions,Bucky Irving,2.5,Over,hardrock,130,-10.35,0.3898,pinnacle,14,4.2
2026-10-08T20:01:15Z,football_nfl,32678,2026-10-09T00:15:00Z,Dallas Cowboys,Tampa Bay Buccaneers,player_receptions,Bucky Irving,2.5,Over,fanduel,118,-15.03,0.3898,pinnacle,14,4.2
2026-10-08T20:01:15Z,football_nfl,32678,2026-10-09T00:15:00Z,Dallas Cowboys,Tampa Bay Buccaneers,player_receptions,Cade Otton,3.5,Over,kalshi,104,0.67,0.4935,pinnacle,14,4.2
2026-10-08T20:01:15Z,football_nfl,32678,2026-10-09T00:15:00Z,Dallas Cowboys,Tampa Bay Buccaneers,player_receptions,Cade Otton,3.5,Over,fanduel,102,-0.31,0.4935,pinnacle,14,4.2
2026-10-08T20:01:15Z,football_nfl,32678,2026-10-09T00:15:00Z,Dallas Cowboys,Tampa Bay Buccaneers,player_receptions,Cade Otton,3.5,Under,kalshi,-108,-2.45,0.5065,pinnacle,14,4.2
2026-10-08T20:01:15Z,football_nfl,32678,2026-10-09T00:15:00Z,Dallas Cowboys,Tampa Bay Buccaneers,player_receptions,Cade Otton,3.5,Over,hardrock,-105,-3.65,0.4935,pinnacle,14,4.2
2026-10-08T20:01:15Z,football_nfl,32678,2026-10-09T00:15:00Z,Dallas Cowboys,Tampa Bay Buccaneers,player_receptions,Cade Otton,3.5,Over,pinnacle,-107,-4.53,0.4935,pinnacle,14,4.2
2026-10-08T20:01:15Z,football_nfl,32678,2026-10-09T00:15:00Z,Dallas Cowboys,Tampa Bay Buccaneers,player_receptions,Cade Otton,3.5,Under,pinnacle,-113,-4.53,0.5065,pinnacle,14,4.2
2026-10-08T20:01:15Z,football_nfl,32678,2026-10-09T00:15:00Z,Dallas Cowboys,Tampa Bay Buccaneers,player_receptions,Cade Otton,3.5,Over,draftkings,-109,-5.37,0.4935,pinnacle,14,4.2
2026-10-08T20:01:15Z,football_nfl,32678,2026-10-09T00:15:00Z,Dallas Cowboys,Tampa Bay Buccaneers,player_receptions,Cade Otton,3.5,Over,bovada,-110,-5.79,0.4935,pinnacle,14,4.2
2026-10-08T20:01:15Z,football_nfl,32678,2026-10-09T00:15:00Z,Dallas Cowboys,Tampa Bay Buccaneers,player_receptions,Cade Otton,3.5,Under,draftkings,-117,-6.06,0.5065,pinnacle,14,4.2
2026-10-08T20:01:15Z,football_nfl,32678,2026-10-09T00:15:00Z,Dallas Cowboys,Tampa Bay Buccaneers,player_receptions,Cade Otton,3.5,Under,bovada,-120,-7.14,0.5065,pinnacle,14,4.2
2026-10-08T20:01:15Z,football_nfl,32678,2026-10-09T00:15:00Z,Dallas Cowboys,Tampa Bay Buccaneers,player_receptions,Cade Otton,3.5,Under,hardrock,-125,-8.83,0.5065,pinnacle,14,4.2
2026-10-08T20:01:15Z,football_nfl,32678,2026-10-09T00:15:00Z,Dallas Cowboys,Tampa Bay Buccaneers,player_receptions,Cade Otton,3.5,Under,fanduel,-136,-12.11,0.5065,pinnacle,14,4.2
2026-10-08T20:01:15Z,football_nfl,32678,2026-10-09T00:15:00Z,Dallas Cowboys,Tampa Bay Buccaneers,player_receptions,Cade Otton,4.5,Over,kalshi,233,-1.03,0.2972,kalshi,3,4.2
2026-10-08T20:01:15Z,football_nfl,32678,2026-10-09T00:15:00Z,Dallas Cowboys,Tampa Bay Buccaneers,player_receptions,Cade Otton,4.5,Under,kalshi,-245,-1.03,0.7028,kalshi,3,4.2
2026-10-08T20:01:15Z,football_nfl,32678,2026-10-09T00:15:00Z,Dallas Cowboys,Tampa Bay Buccaneers,player_receptions,Cade Otton,5.5,Over,kalshi,456,-0.97,0.1781,kalshi,3,4.2
2026-10-08T20:01:15Z,football_nfl,32678,2026-10-09T00:15:00Z,Dallas Cowboys,Tampa Bay Buccaneers,player_receptions,Cade Otton,5.5,Under,kalshi,-488,-0.97,0.8219,kalshi,3,4.2
2026-10-08T20:01:15Z,football_nfl,32678,2026-10-09T00:15:00Z,Dallas Cowboys,Tampa Bay Buccaneers,player_receptions,CeeDee Lamb,6.5,Over,kalshi,104,-0.21,0.4892,pinnacle,14,4.2
2026-10-08T20:01:15Z,football_nfl,32678,2026-10-09T00:15:00Z,Dallas Cowboys,Tampa Bay Buccaneers,player_receptions,CeeDee Lamb,6.5,Under,kalshi,-108,-1.62,0.5108,pinnacle,14,4.2
2026-10-08T20:01:15Z,football_nfl,32678,2026-10-09T00:15:00Z,Dallas Cowboys,Tampa Bay Buccaneers,player_receptions,CeeDee Lamb,6.5,Under,bovada,-110,-2.48,0.5108,pinnacle,14,4.2
2026-10-08T20:01:15Z,football_nfl,32678,2026-10-09T00:15:00Z,Dallas Cowboys,Tampa Bay Buccaneers,player_receptions,CeeDee Lamb,6.5,Under,draftkings,-110,-2.48,0.5108,pinnacle,14,4.2
2026-10-08T20:01:15Z,football_nfl,32678,2026-10-09T00:15:00Z,Dallas Cowboys,Tampa Bay Buccaneers,player_receptions,CeeDee Lamb,6.5,Over,fanduel,-102,-3.13,0.4892,pinnacle,14,4.2
2026-10-08T20:01:15Z,football_nfl,32678,2026-10-09T00:15:00Z,Dallas Cowboys,Tampa Bay Buccaneers,player_receptions,CeeDee Lamb,6.5,Under,hardrock,-115,-4.5,0.5108,pinnacle,14,4.2
2026-10-08T20:01:15Z,football_nfl,32678,2026-10-09T00:15:00Z,Dallas Cowboys,Tampa Bay Buccaneers,player_receptions,CeeDee Lamb,6.5,Over,pinnacle,-105,-4.5,0.4892,pinnacle,14,4.2
2026-10-08T20:01:15Z,football_nfl,32678,2026-10-09T00:15:00Z,Dallas Cowboys,Tampa Bay Buccaneers,player_receptions,CeeDee Lamb,6.5,Under,pinnacle,-115,-4.5,0.5108,pinnacle,14,4.2
2026-10-08T20:01:15Z,football_nfl,32678,2026-10-09T00:15:00Z,Dallas Cowboys,Tampa Bay Buccaneers,player_receptions,CeeDee Lamb,6.5,Over,hardrock,-115,-8.55,0.4892,pinnacle,14,4.2
2026-10-08T20:01:15Z,football_nfl,32678,2026-10-09T00:15:00Z,Dallas Cowboys,Tampa Bay Buccaneers,player_receptions,CeeDee Lamb,6.5,Over,draftkings,-116,-8.91,0.4892,pinnacle,14,4.2
2026-10-08T20:01:15Z,football_nfl,32678,2026-10-09T00:15:00Z,Dallas Cowboys,Tampa Bay Buccaneers,player_receptions,CeeDee Lamb,6.5,Under,fanduel,-130,-9.62,0.5108,pinnacle,14,4.2
2026-10-08T20:01:15Z,football_nfl,32678,2026-10-09T00:15:00Z,Dallas Cowboys,Tampa Bay Buccaneers,player_receptions,CeeDee Lamb,6.5,Over,bovada,-120,-10.32,0.4892,pinnacle,14,4.2
2026-10-08T20:01:15Z,football_nfl,32678,2026-10-09T00:15:00Z,Dallas Cowboys,Tampa Bay Buccaneers,player_receptions,CeeDee Lamb,7.5,Over,kalshi,194,-1.0,0.3367,kalshi,3,4.2
2026-10-08T20:01:15Z,football_nfl,32678,2026-10-09T00:15:00Z,Dallas Cowboys,Tampa Bay Buccaneers,player_receptions,CeeDee Lamb,7.5,Under,kalshi,-203,-1.0,0.6633,kalshi,3,4.2
2026-10-08T20:01:15Z,football_nfl,32678,2026-10-09T00:15:00Z,Dallas Cowboys,Tampa Bay Buccaneers,player_receptions,Chris Godwin,3.5,Over,fanduel,-138,-4.43,0.5541,bovada,10,4.2
2026-10-08T20:01:15Z,football_nfl,32678,2026-10-09T00:15:00Z,Dallas Cowboys,Tampa Bay Buccaneers,player_receptions,Chris Godwin,3.5,Over,draftkings,-140,-5.0,0.5541,bovada,10,4.2
2026-10-08T20:01:15Z,football_nfl,32678,2026-10-09T00:15:00Z,Dallas Cowboys,Tampa Bay Buccaneers,player_receptions,Chris Godwin,3.5,Over,bovada,-145,-6.37,0.5541,bovada,10,4.2
2026-10-08T20:01:15Z,football_nfl,32678,2026-10-09T00:15:00Z,Dallas Cowboys,Tampa Bay Buccaneers,player_receptions,Chris Godwin,3.5,Under,bovada,110,-6.37,0.4459,bovada,10,4.2
2026-10-08T20:01:15Z,football_nfl,32678,2026-10-09T00:15:00Z,Dallas Cowboys,Tampa Bay Buccaneers,player_receptions,Chris Godwin,3.5,Under,draftkings,110,-6.37,0.4459,bovada,10,4.2
2026-10-08T20:01:15Z,football_nfl,32678,2026-10-09T00:15:00Z,Dallas Cowboys,Tampa Bay Buccaneers,player_receptions,Chris Godwin,3.5,Under,fanduel,104,-9.04,0.4459,bovada,10,4.2
2026-10-08T20:01:15Z,football_nfl,32678,2026-10-09T00:15:00Z,Dallas Cowboys,Tampa Bay Buccaneers,player_receptions,Emeka Egbuka,2.5,Over,kalshi,-170,1.85,0.6413,pinnacle,6,4.2
2026-10-08T20:01:15Z,football_nfl,32678,2026-10-09T00:15:00Z,Dallas Cowboys,Tampa Bay Buccaneers,player_receptions,Emeka Egbuka,2.5,Over,fanduel,-198,-3.48,0.6413,pinnacle,6,4.2
2026-10-08T20:01:15Z,football_nfl,32678,2026-10-09T00:15:00Z,Dallas Cowboys,Tampa Bay Buccaneers,player_receptions,Emeka Egbuka,2.5,Over,pinnacle,-205,-4.59,0.6413,pinnacle,6,4.2
2026-10-08T20:01:15Z,football_nfl,32678,2026-10-09T00:15:00Z,Dallas Cowboys,Tampa Bay Buccaneers,player_receptions,Emeka Egbuka,2.5,Under,pinnacle,166,-4.59,0.3587,pinnacle,6,4.2
2026-10-08T20:01:15Z,football_nfl,32678,2026-10-09T00:15:00Z,Dallas Cowboys,Tampa Bay Buccaneers,player_receptions,Emeka Egbuka,2.5,Under,kalshi,163,-5.66,0.3587,pinnacle,6,4.2
2026-10-08T20:01:15Z,football_nfl,32678,2026-10-09T00:15:00Z,Dallas Cowboys,Tampa Bay Buccaneers,player_receptions,Emeka Egbuka,2.5,Under,fanduel,146,-11.76,0.3587,pinnacle,6,4.2
2026-10-08T20:01:15Z,football_nfl,32678,2026-10-09T00:15:00Z,Dallas Cowboys,Tampa Bay Buccaneers,player_receptions,Emeka Egbuka,3.5,Over,kalshi,133,-0.89,0.4253,kalshi,11,4.2
2026-10-08T20:01:15Z,football_nfl,32678,2026-10-09T00:15:00Z,Dallas Cowboys,Tampa Bay Buccaneers,player_receptions,Emeka Egbuka,3.5,Under,kalshi,-138,-0.89,0.5747,kalshi,11,4.2
2026-10-08T20:01:15Z,football_nfl,32678,2026-10-09T00:15:00Z,Dallas Cowboys,Tampa Bay Buccaneers,player_receptions,Emeka Egbuka,3.5,Under,draftkings,-144,-2.63,0.5747,kalshi,11,4.2
2026-10-08T20:01:15Z,football_nfl,32678,2026-10-09T00:15:00Z,Dallas Cowboys,Tampa Bay Buccaneers,player_receptions,Emeka Egbuka,3.5,Under,bovada,-145,-2.9,0.5747,kalshi,11,4.2
2026-10-08T20:01:15Z,football_nfl,32678,2026-10-09T00:15:00Z,Dallas Cowboys,Tampa Bay Buccaneers,player_receptions,Emeka Egbuka,3.5,Under,hardrock,-145,-2.9,0.5747,kalshi,11,4.2
2026-10-08T20:01:15Z,football_nfl,32678,2026-10-09T00:15:00Z,Dallas Cowboys,Tampa Bay Buccaneers,player_receptions,Emeka Egbuka,3.5,Over,draftkings,113,-9.4,0.4253,kalshi,11,4.2
2026-10-08T20:01:15Z,football_nfl,32678,2026-10-09T00:15:00Z,Dallas Cowboys,Tampa Bay Buccaneers,player_receptions,Emeka Egbuka,3.5,Over,bovada,110,-10.68,0.4253,kalshi,11,4.2
2026-10-08T20:01:15Z,football_nfl,32678,2026-10-09T00:15:00Z,Dallas Cowboys,Tampa Bay Buccaneers,player_receptions,Emeka Egbuka,3.5,Over,hardrock,110,-10.68,0.4253,kalshi,11,4.2
2026-10-08T20:01:15Z,football_nfl,32678,2026-10-09T00:15:00Z,Dallas Cowboys,Tampa Bay Buccaneers,player_receptions,George Pickens,4.5,Over,kalshi,-108,1.5,0.527,pinnacle,14,4.2
2026-10-08T20:01:15Z,football_nfl,32678,2026-10-09T00:15:00Z,Dallas Cowboys,Tampa Bay Buccaneers,player_receptions,George Pickens,4.5,Under,kalshi,104,-3.51,0.473,pinnacle,14,4.2
2026-10-08T20:01:15Z,football_nfl,32678,2026-10-09T00:15:00Z,Dallas Cowboys,Tampa Bay Buccaneers,player_receptions,George Pickens,4.5,Over,fanduel,-122,-4.1,0.527,pinnacle,14,4.2
2026-10-08T20:01:15Z,football_nfl,32678,2026-10-09T00:15:00Z,Dallas Cowboys,Tampa Bay Buccaneers,player_receptions,George Pickens,4.5,Over,pinnacle,-123,-4.45,0.527,pinnacle,14,4.2
2026-10-08T20:01:15Z,football_nfl,32678,2026-10-09T00:15:00Z,Dallas Cowboys,Tampa Bay Buccaneers,player_receptions,George Pickens,4.5,Under,pinnacle,102,-4.45,0.473,pinnacle,14,4.2
2026-10-08T20:01:15Z,football_nfl,32678,2026-10-09T00:15:00Z,Dallas Cowboys,Tampa Bay Buccaneers,player_receptions,George Pickens,4.5,Under,hardrock,100,-5.4,0.473,pinnacle,14,4.2
2026-10-08T20:01:15Z,football_nfl,32678,2026-10-09T00:15:00Z,Dallas Cowboys,Tampa Bay Buccaneers,player_receptions,George Pickens,4.5,Under,draftkings,100,-5.4,0.473,pinnacle,14,4.2
2026-10-08T20:01:15Z,football_nfl,32678,2026-10-09T00:15:00Z,Dallas Cowboys,Tampa Bay Buccaneers,player_receptions,George Pickens,4.5,Under,bovada,100,-5.4,0.473,pinnacle,14,4.2
2026-10-08T20:01:15Z,football_nfl,32678,2026-10-09T00:15:00Z,Dallas Cowboys,Tampa Bay Buccaneers,player_receptions,George Pickens,4.5,Over,draftkings,-127,-5.8,0.527,pinnacle,14,4.2
2026-10-08T20:01:15Z,football_nfl,32678,2026-10-09T00:15:00Z,Dallas Cowboys,Tampa Bay Buccaneers,player_receptions,George Pickens,4.5,Over,hardrock,-130,-6.76,0.527,pinnacle,14,4.2
2026-10-08T20:01:15Z,football_nfl,32678,2026-10-09T00:15:00Z,Dallas Cowboys,Tampa Bay Buccaneers,player_receptions,George Pickens,4.5,Over,bovada,-130,-6.76,0.527,pinnacle,14,4.2
2026-10-08T20:01:15Z,football_nfl,32678,2026-10-09T00:15:00Z,Dallas Cowboys,Tampa Bay Buccaneers,player_receptions,George Pickens,4.5,Under,fanduel,-108,-8.9,0.473,pinnacle,14,4.2
2026-10-08T20:01:15Z,football_nfl,32678,2026-10-09T00:15:00Z,Dallas Cowboys,Tampa Bay Buccaneers,player_receptions,George Pickens,5.5,Over,kalshi,178,-1.0,0.3561,kalshi,3,4.2
2026-10-08T20:01:15Z,football_nfl,32678,2026-10-09T00:15:00Z,Dallas Cowboys,Tampa Bay Buccaneers,player_receptions,George Pickens,5.5,Under,kalshi,-186,-1.0,0.6439,kalshi,3,4.2
2026-10-08T20:01:15Z,football_nfl,32678,2026-10-09T00:15:00Z,Dallas Cowboys,Tampa Bay Buccaneers,player_receptions,Javonte Williams,2.5,Under,kalshi,108,1.29,0.487,pinnacle,15,4.2
2026-10-08T20:01:15Z,football_nfl,32678,2026-10-09T00:15:00Z,Dallas Cowboys,Tampa Bay Buccaneers,player_receptions,Javonte Williams,2.5,Over,kalshi,-113,-3.3,0.513,pinnacle,15,4.2
2026-10-08T20:01:15Z,football_nfl,32678,2026-10-09T00:15:00Z,Dallas Cowboys,Tampa Bay Buccaneers,player_receptions,Javonte Williams,2.5,Under,underdog,-102,-3.56,0.487,pinnacle,15,4.2
2026-10-08T20:01:15Z,football_nfl,32678,2026-10-09T00:15:00Z,Dallas Cowboys,Tampa Bay Buccaneers,player_receptions,Javonte Williams,2.5,Under,fanduel,-102,-3.56,0.487,pinnacle,15,4.2
2026-10-08T20:01:15Z,football_nfl,32678,2026-10-09T00:15:00Z,Dallas Cowboys,Tampa Bay Buccaneers,player_receptions,Javonte Williams,2.5,Over,pinnacle,-116,-4.47,0.513,pinnacle,15,4.2
2026-10-08T20:01:15Z,football_nfl,32678,2026-10-09T00:15:00Z,Dallas Cowboys,Tampa Bay Buccaneers,player_receptions,Javonte Williams,2.5,Under,pinnacle,-104,-4.47,0.487,pinnacle,15,4.2
2026-10-08T20:01:15Z,football_nfl,32678,2026-10-09T00:15:00Z,Dallas Cowboys,Tampa Bay Buccaneers,player_receptions,Javonte Williams,2.5,Under,hardrock,-105,-4.92,0.487,pinnacle,15,4.2
2026-10-08T20:01:15Z,football_nfl,32678,2026-10-09T00:15:00Z,Dallas Cowboys,Tampa Bay Buccaneers,player_receptions,Javonte Williams,2.5,Under,draftkings,-105,-4.92,0.487,pinnacle,15,4.2
2026-10-08T20:01:15Z,football_nfl,32678,2026-10-09T00:15:00Z,Dallas Cowboys,Tampa Bay Buccaneers,player_receptions,Javonte Williams,2.5,Under,bovada,-105,-4.92,0.487,pinnacle,15,4.2
2026-10-08T20:01:15Z,football_nfl,32678,2026-10-09T00:15:00Z,Dallas Cowboys,Tampa Bay Buccaneers,player_receptions,Javonte Williams,2.5,Over,draftkings,-121,-6.3,0.513,pinnacle,15,4.2
2026-10-08T20:01:15Z,football_nfl,32678,2026-10-09T00:15:00Z,Dallas Cowboys,Tampa Bay Buccaneers,player_receptions,Javonte Williams,2.5,Over,underdog,-121,-6.3,0.513,pinnacle,15,4.2
2026-10-08T20:01:15Z,football_nfl,32678,2026-10-09T00:15:00Z,Dallas Cowboys,Tampa Bay Buccaneers,player_receptions,Javonte Williams,2.5,Over,hardrock,-125,-7.66,0.513,pinnacle,15,4.2
2026-10-08T20:01:15Z,football_nfl,32678,2026-10-09T00:15:00Z,Dallas Cowboys,Tampa Bay Buccaneers,player_receptions,Javonte Williams,2.5,Over,bovada,-125,-7.66,0.513,pinnacle,15,4.2
2026-10-08T20:01:15Z,football_nfl,32678,2026-10-09T00:15:00Z,Dallas Cowboys,Tampa Bay Buccaneers,player_receptions,Javonte Williams,2.5,Over,fanduel,-130,-9.24,0.513,pinnacle,15,4.2
2026-10-08T20:01:15Z,football_nfl,32678,2026-10-09T00:15:00Z,Dallas Cowboys,Tampa Bay Buccaneers,player_receptions,KaVontae Turpin,0.5,Under,kalshi,-108,-0.78,0.5152,pinnacle,8,4.2
2026-10-08T20:01:15Z,football_nfl,32678,2026-10-09T00:15:00Z,Dallas Cowboys,Tampa Bay Buccaneers,player_receptions,KaVontae Turpin,0.5,Over,kalshi,104,-1.1,0.4848,pinnacle,8,4.2
2026-10-08T20:01:15Z,football_nfl,32678,2026-10-09T00:15:00Z,Dallas Cowboys,Tampa Bay Buccaneers,player_receptions,KaVontae Turpin,0.5,Under,draftkings,-114,-3.29,0.5152,pinnacle,8,4.2
2026-10-08T20:01:15Z,football_nfl,32678,2026-10-09T00:15:00Z,Dallas Cowboys,Tampa Bay Buccaneers,player_receptions,KaVontae Turpin,0.5,Over,pinnacle,-103,-4.45,0.4848,pinnacle,8,4.2
2026-10-08T20:01:15Z,football_nfl,32678,2026-10-09T00:15:00Z,Dallas Cowboys,Tampa Bay Buccaneers,player_receptions,KaVontae Turpin,0.5,Under,pinnacle,-117,-4.45,0.5152,pinnacle,8,4.2
2026-10-08T20:01:15Z,football_nfl,32678,2026-10-09T00:15:00Z,Dallas Cowboys,Tampa Bay Buccaneers,player_receptions,KaVontae Turpin,0.5,Under,underdog,-118,-4.82,0.5152,pinnacle,8,4.2
2026-10-08T20:01:15Z,football_nfl,32678,2026-10-09T00:15:00Z,Dallas Cowboys,Tampa Bay Buccaneers,player_receptions,KaVontae Turpin,0.5,Over,underdog,-105,-5.35,0.4848,pinnacle,8,4.2
2026-10-08T20:01:15Z,football_nfl,32678,2026-10-09T00:15:00Z,Dallas Cowboys,Tampa Bay Buccaneers,player_receptions,KaVontae Turpin,0.5,Under,fanduel,-122,-6.25,0.5152,pinnacle,8,4.2
2026-10-08T20:01:15Z,football_nfl,32678,2026-10-09T00:15:00Z,Dallas Cowboys,Tampa Bay Buccaneers,player_receptions,KaVontae Turpin,0.5,Over,fanduel,-108,-6.63,0.4848,pinnacle,8,4.2
2026-10-08T20:01:15Z,football_nfl,32678,2026-10-09T00:15:00Z,Dallas Cowboys,Tampa Bay Buccaneers,player_receptions,KaVontae Turpin,0.5,Over,draftkings,-112,-8.23,0.4848,pinnacle,8,4.2
2026-10-08T20:01:15Z,football_nfl,32678,2026-10-09T00:15:00Z,Dallas Cowboys,Tampa Bay Buccaneers,player_receptions,Kenneth Gainwell,1.5,Under,draftkings,141,-2.91,0.4028,pinnacle,12,4.2
2026-10-08T20:01:15Z,football_nfl,32678,2026-10-09T00:15:00Z,Dallas Cowboys,Tampa Bay Buccaneers,player_receptions,Kenneth Gainwell,1.5,Under,bovada,140,-3.32,0.4028,pinnacle,12,4.2
2026-10-08T20:01:15Z,football_nfl,32678,2026-10-09T00:15:00Z,Dallas Cowboys,Tampa Bay Buccaneers,player_receptions,Kenneth Gainwell,1.5,Over,pinnacle,-167,-4.53,0.5972,pinnacle,12,4.2
2026-10-08T20:01:15Z,football_nfl,32678,2026-10-09T00:15:00Z,Dallas Cowboys,Tampa Bay Buccaneers,player_receptions,Kenneth Gainwell,1.5,Under,pinnacle,137,-4.53,0.4028,pinnacle,12,4.2
2026-10-08T20:01:15Z,football_nfl,32678,2026-10-09T00:15:00Z,Dallas Cowboys,Tampa Bay Buccaneers,player_receptions,Kenneth Gainwell,1.5,Under,hardrock,135,-5.33,0.4028,pinnacle,12,4.2
2026-10-08T20:01:15Z,football_nfl,32678,2026-10-09T00:15:00Z,Dallas Cowboys,Tampa Bay Buccaneers,player_receptions,Kenneth Gainwell,1.5,Over,fanduel,-172,-5.57,0.5972,pinnacle,12,4.2
2026-10-08T20:01:15Z,football_nfl,32678,2026-10-09T00:15:00Z,Dallas Cowboys,Tampa Bay Buccaneers,player_receptions,Kenneth Gainwell,1.5,Over,hardrock,-180,-7.11,0.5972,pinnacle,12,4.2
2026-10-08T20:01:15Z,football_nfl,32678,2026-10-09T00:15:00Z,Dallas Cowboys,Tampa Bay Buccaneers,player_receptions,Kenneth Gainwell,1.5,Over,draftkings,-181,-7.29,0.5972,pinnacle,12,4.2
2026-10-08T20:01:15Z,football_nfl,32678,2026-10-09T00:15:00Z,Dallas Cowboys,Tampa Bay Buccaneers,player_receptions,Kenneth Gainwell,1.5,Over,bovada,-185,-8.01,0.5972,pinnacle,12,4.2
2026-10-08T20:01:15Z,football_nfl,32678,2026-10-09T00:15:00Z,Dallas Cowboys,Tampa Bay Buccaneers,player_receptions,Kenneth Gainwell,1.5,Under,fanduel,128,-8.15,0.4028,pinnacle,12,4.2
2026-10-08T20:01:15Z,football_nfl,32678,2026-10-09T00:15:00Z,Dallas Cowboys,Tampa Bay Buccaneers,player_receptions,Ryan Flournoy,3.5,Over,kalshi,133,1.64,0.4362,pinnacle,13,4.2
2026-10-08T20:01:15Z,football_nfl,32678,2026-10-09T00:15:00Z,Dallas Cowboys,Tampa Bay Buccaneers,player_receptions,Ryan Flournoy,3.5,Over,bovada,130,0.33,0.4362,pinnacle,13,4.2
2026-10-08T20:01:15Z,football_nfl,32678,2026-10-09T00:15:00Z,Dallas Cowboys,Tampa Bay Buccaneers,player_receptions,Ryan Flournoy,3.5,Over,draftkings,128,-0.54,0.4362,pinnacle,13,4.2
2026-10-08T20:01:15Z,football_nfl,32678,2026-10-09T00:15:00Z,Dallas Cowboys,Tampa Bay Buccaneers,player_receptions,Ryan Flournoy,3.5,Under,kalshi,-138,-2.77,0.5638,pinnacle,13,4.2
2026-10-08T20:01:15Z,football_nfl,32678,2026-10-09T00:15:00Z,Dallas Cowboys,Tampa Bay Buccaneers,player_receptions,Ryan Flournoy,3.5,Over,hardrock,120,-4.03,0.4362,pinnacle,13,4.2
2026-10-08T20:01:15Z,football_nfl,32678,2026-10-09T00:15:00Z,Dallas Cowboys,Tampa Bay Buccaneers,player_receptions,Ryan Flournoy,3.5,Over,pinnacle,119,-4.47,0.4362,pinnacle,13,4.2
2026-10-08T20:01:15Z,football_nfl,32678,2026-10-09T00:15:00Z,Dallas Cowboys,Tampa Bay Buccaneers,player_receptions,Ryan Flournoy,3.5,Under,pinnacle,-144,-4.47,0.5638,pinnacle,13,4.2
2026-10-08T20:01:15Z,football_nfl,32678,2026-10-09T00:15:00Z,Dallas Cowboys,Tampa Bay Buccaneers,player_receptions,Ryan Flournoy,3.5,Under,fanduel,-148,-5.53,0.5638,pinnacle,13,4.2
2026-10-08T20:01:15Z,football_nfl,32678,2026-10-09T00:15:00Z,Dallas Cowboys,Tampa Bay Buccaneers,player_receptions,Ryan Flournoy,3.5,Under,hardrock,-150,-6.04,0.5638,pinnacle,13,4.2
2026-10-08T20:01:15Z,football_nfl,32678,2026-10-09T00:15:00Z,Dallas Cowboys,Tampa Bay Buccaneers,player_receptions,Ryan Flournoy,3.5,Over,fanduel,112,-7.52,0.4362,pinnacle,13,4.2
2026-10-08T20:01:15Z,football_nfl,32678,2026-10-09T00:15:00Z,Dallas Cowboys,Tampa Bay Buccaneers,player_receptions,Ryan Flournoy,3.5,Under,draftkings,-164,-9.24,0.5638,pinnacle,13,4.2
2026-10-08T20:01:15Z,football_nfl,32678,2026-10-09T00:15:00Z,Dallas Cowboys,Tampa Bay Buccaneers,player_receptions,Ryan Flournoy,3.5,Under,bovada,-170,-10.46,0.5638,pinnacle,13,4.2
2026-10-08T20:01:15Z,football_nfl,32678,2026-10-09T00:15:00Z,Dallas Cowboys,Tampa Bay Buccaneers,player_receptions,Ted Hurst,1.5,Over,draftkings,101,-3.62,0.4795,pinnacle,8,4.2
2026-10-08T20:01:15Z,football_nfl,32678,2026-10-09T00:15:00Z,Dallas Cowboys,Tampa Bay Buccaneers,player_receptions,Ted Hurst,1.5,Over,bovada,100,-4.1,0.4795,pinnacle,8,4.2
2026-10-08T20:01:15Z,football_nfl,32678,2026-10-09T00:15:00Z,Dallas Cowboys,Tampa Bay Buccaneers,player_receptions,Ted Hurst,1.5,Over,pinnacle,-101,-4.57,0.4795,pinnacle,8,4.2
2026-10-08T20:01:15Z,football_nfl,32678,2026-10-09T00:15:00Z,Dallas Cowboys,Tampa Bay Buccaneers,player_receptions,Ted Hurst,1.5,Under,pinnacle,-120,-4.57,0.5205,pinnacle,8,4.2
2026-10-08T20:01:15Z,football_nfl,32678,2026-10-09T00:15:00Z,Dallas Cowboys,Tampa Bay Buccaneers,player_receptions,Ted Hurst,1.5,Under,draftkings,-129,-7.6,0.5205,pinnacle,8,4.2
2026-10-08T20:01:15Z,football_nfl,32678,2026-10-09T00:15:00Z,Dallas Cowboys,Tampa Bay Buccaneers,player_receptions,Ted Hurst,1.5,Under,bovada,-130,-7.91,0.5205,pinnacle,8,4.2
2026-10-08T20:01:15Z,football_nfl,32678,2026-10-09T00:15:00Z,Dallas Cowboys,Tampa Bay Buccaneers,player_receptions,Ted Hurst III,1.5,Over,kalshi,113,-0.86,0.4655,kalshi,4,4.2
2026-10-08T20:01:15Z,football_nfl,32678,2026-10-09T00:15:00Z,Dallas Cowboys,Tampa Bay Buccaneers,player_receptions,Ted Hurst III,1.5,Under,kalshi,-117,-0.86,0.5345,kalshi,4,4.2
2026-10-08T20:01:15Z,football_nfl,32678,2026-10-09T00:15:00Z,Dallas Cowboys,Tampa Bay Buccaneers,player_receptions,Ted Hurst III,1.5,Under,hardrock,-130,-5.43,0.5345,kalshi,4,4.2
2026-10-08T20:01:15Z,football_nfl,32678,2026-10-09T00:15:00Z,Dallas Cowboys,Tampa Bay Buccaneers,player_receptions,Ted Hurst III,1.5,Under,fanduel,-130,-5.43,0.5345,kalshi,4,4.2
2026-10-08T20:01:15Z,football_nfl,32678,2026-10-09T00:15:00Z,Dallas Cowboys,Tampa Bay Buccaneers,player_receptions,Ted Hurst III,1.5,Over,hardrock,100,-6.91,0.4655,kalshi,4,4.2
2026-10-08T20:01:15Z,football_nfl,32678,2026-10-09T00:15:00Z,Dallas Cowboys,Tampa Bay Buccaneers,player_receptions,Ted Hurst III,1.5,Over,fanduel,-102,-7.82,0.4655,kalshi,4,4.2
2026-10-08T20:01:15Z,football_nfl,32678,2026-10-09T00:15:00Z,Dallas Cowboys,Tampa Bay Buccaneers,player_receptions,Tez Johnson,1.5,Over,kalshi,150,3.8,0.4152,pinnacle,12,4.2
2026-10-08T20:01:15Z,football_nfl,32678,2026-10-09T00:15:00Z,Dallas Cowboys,Tampa Bay Buccaneers,player_receptions,Tez Johnson,1.5,Over,fanduel,144,1.31,0.4152,pinnacle,12,4.2
2026-10-08T20:01:15Z,football_nfl,32678,2026-10-09T00:15:00Z,Dallas Cowboys,Tampa Bay Buccaneers,player_receptions,Tez Johnson,1.5,Under,kalshi,-156,-4.03,0.5848,pinnacle,12,4.2
2026-10-08T20:01:15Z,football_nfl,32678,2026-10-09T00:15:00Z,Dallas Cowboys,Tampa Bay Buccaneers,player_receptions,Tez Johnson,1.5,Over,pinnacle,130,-4.51,0.4152,pinnacle,12,4.2
2026-10-08T20:01:15Z,football_nfl,32678,2026-10-09T00:15:00Z,Dallas Cowboys,Tampa Bay Buccaneers,player_receptions,Tez Johnson,1.5,Under,pinnacle,-158,-4.51,0.5848,pinnacle,12,4.2
2026-10-08T20:01:15Z,football_nfl,32678,2026-10-09T00:15:00Z,Dallas Cowboys,Tampa Bay Buccaneers,player_receptions,Tez Johnson,1.5,Over,hardrock,130,-4.51,0.4152,pinnacle,12,4.2
2026-10-08T20:01:15Z,football_nfl,32678,2026-10-09T00:15:00Z,Dallas Cowboys,Tampa Bay Buccaneers,player_receptions,Tez Johnson,1.5,Under,draftkings,-160,-4.97,0.5848,pinnacle,12,4.2
2026-10-08T20:01:15Z,football_nfl,32678,2026-10-09T00:15:00Z,Dallas Cowboys,Tampa Bay Buccaneers,player_receptions,Tez Johnson,1.5,Under,bovada,-165,-6.08,0.5848,pinnacle,12,4.2
2026-10-08T20:01:15Z,football_nfl,32678,2026-10-09T00:15:00Z,Dallas Cowboys,Tampa Bay Buccaneers,player_receptions,Tez Johnson,1.5,Over,draftkings,125,-6.58,0.4152,pinnacle,12,4.2
2026-10-08T20:01:15Z,football_nfl,32678,2026-10-09T00:15:00Z,Dallas Cowboys,Tampa Bay Buccaneers,player_receptions,Tez Johnson,1.5,Over,bovada,125,-6.58,0.4152,pinnacle,12,4.2
2026-10-08T20:01:15Z,football_nfl,32678,2026-10-09T00:15:00Z,Dallas Cowboys,Tampa Bay Buccaneers,player_receptions,Tez Johnson,1.5,Under,hardrock,-175,-8.1,0.5848,pinnacle,12,4.2
2026-10-08T20:01:15Z,football_nfl,32678,2026-10-09T00:15:00Z,Dallas Cowboys,Tampa Bay Buccaneers,player_receptions,Tez Johnson,1.5,Under,fanduel,-194,-11.37,0.5848,pinnacle,12,4.2
2026-10-08T20:01:15Z,football_nfl,32678,2026-10-09T00:15:00Z,Dallas Cowboys,Tampa Bay Buccaneers,player_rush_attempts,Javonte Williams,16.5,Over,draftkings,100,2.17,0.5108,pinnacle,7,4.2
2026-10-08T20:01:15Z,football_nfl,32678,2026-10-09T00:15:00Z,Dallas Cowboys,Tampa Bay Buccaneers,player_rush_attempts,Javonte Williams,16.5,Over,pinnacle,-115,-4.5,0.5108,pinnacle,7,4.2
2026-10-08T20:01:15Z,football_nfl,32678,2026-10-09T00:15:00Z,Dallas Cowboys,Tampa Bay Buccaneers,player_rush_attempts,Javonte Williams,16.5,Under,pinnacle,-105,-4.5,0.4892,pinnacle,7,4.2
2026-10-08T20:01:15Z,football_nfl,32678,2026-10-09T00:15:00Z,Dallas Cowboys,Tampa Bay Buccaneers,player_rush_attempts,Javonte Williams,16.5,Over,hardrock,-115,-4.5,0.5108,pinnacle,7,4.2
2026-10-08T20:01:15Z,football_nfl,32678,2026-10-09T00:15:00Z,Dallas Cowboys,Tampa Bay Buccaneers,player_rush_attempts,Javonte Williams,16.5,Under,hardrock,-115,-8.55,0.4892,pinnacle,7,4.2
2026-10-08T20:01:15Z,football_nfl,32678,2026-10-09T00:15:00Z,Dallas Cowboys,Tampa Bay Buccaneers,player_rush_attempts,Javonte Williams,16.5,Under,draftkings,-128,-12.87,0.4892,pinnacle,7,4.2
2026-10-08T20:01:15Z,football_nfl,32678,2026-10-09T00:15:00Z,Dallas Cowboys,Tampa Bay Buccaneers,player_rush_yds,Bucky Irving,52.5,Over,pinnacle,-109,-4.54,0.4978,pinnacle,9,4.2
2026-10-08T20:01:15Z,football_nfl,32678,2026-10-09T00:15:00Z,Dallas Cowboys,Tampa Bay Buccaneers,player_rush_yds,Bucky Irving,52.5,Under,pinnacle,-111,-4.54,0.5022,pinnacle,9,4.2
2026-10-08T20:01:15Z,football_nfl,32678,2026-10-09T00:15:00Z,Dallas Cowboys,Tampa Bay Buccaneers,player_rush_yds,Bucky Irving,52.5,Under,draftkings,-112,-4.95,0.5022,pinnacle,9,4.2
2026-10-08T20:01:15Z,football_nfl,32678,2026-10-09T00:15:00Z,Dallas Cowboys,Tampa Bay Buccaneers,player_rush_yds,Bucky Irving,52.5,Under,fanduel,-113,-5.34,0.5022,pinnacle,9,4.2
2026-10-08T20:01:15Z,football_nfl,32678,2026-10-09T00:15:00Z,Dallas Cowboys,Tampa Bay Buccaneers,player_rush_yds,Bucky Irving,52.5,Over,draftkings,-112,-5.77,0.4978,pinnacle,9,4.2
2026-10-08T20:01:15Z,football_nfl,32678,2026-10-09T00:15:00Z,Dallas Cowboys,Tampa Bay Buccaneers,player_rush_yds,Bucky Irving,52.5,Under,bovada,-115,-6.12,0.5022,pinnacle,9,4.2
2026-10-08T20:01:15Z,football_nfl,32678,2026-10-09T00:15:00Z,Dallas Cowboys,Tampa Bay Buccaneers,player_rush_yds,Bucky Irving,52.5,Over,fanduel,-113,-6.16,0.4978,pinnacle,9,4.2
2026-10-08T20:01:15Z,football_nfl,32678,2026-10-09T00:15:00Z,Dallas Cowboys,Tampa Bay Buccaneers,player_rush_yds,Bucky Irving,52.5,Over,bovada,-115,-6.93,0.4978,pinnacle,9,4.2
2026-10-08T20:01:15Z,football_nfl,32678,2026-10-09T00:15:00Z,Dallas Cowboys,Tampa Bay Buccaneers,player_rush_yds,Dak Prescott,9.5,Under,kalshi,-100,0.43,0.5022,pinnacle,15,4.2
2026-10-08T20:01:15Z,football_nfl,32678,2026-10-09T00:15:00Z,Dallas Cowboys,Tampa Bay Buccaneers,player_rush_yds,Dak Prescott,9.5,Over,kalshi,-104,-2.35,0.4978,pinnacle,15,4.2
2026-10-08T20:01:15Z,football_nfl,32678,2026-10-09T00:15:00Z,Dallas Cowboys,Tampa Bay Buccaneers,player_rush_yds,Dak Prescott,9.5,Over,underdog,-106,-3.25,0.4978,pinnacle,15,4.2
2026-10-08T20:01:15Z,football_nfl,32678,2026-10-09T00:15:00Z,Dallas Cowboys,Tampa Bay Buccaneers,player_rush_yds,Dak Prescott,9.5,Over,draftkings,-108,-4.12,0.4978,pinnacle,15,4.2
2026-10-08T20:01:15Z,football_nfl,32678,2026-10-09T00:15:00Z,Dallas Cowboys,Tampa Bay Buccaneers,player_rush_yds,Dak Prescott,9.5,Over,pinnacle,-109,-4.54,0.4978,pinnacle,15,4.2
2026-10-08T20:01:15Z,football_nfl,32678,2026-10-09T00:15:00Z,Dallas Cowboys,Tampa Bay Buccaneers,player_rush_yds,Dak Prescott,9.5,Under,pinnacle,-111,-4.54,0.5022,pinnacle,15,4.2
2026-10-08T20:01:15Z,football_nfl,32678,2026-10-09T00:15:00Z,Dallas Cowboys,Tampa Bay Buccaneers,player_rush_yds,Dak Prescott,9.5,Over,bovada,-110,-4.96,0.4978,pinnacle,15,4.2
2026-10-08T20:01:15Z,football_nfl,32678,2026-10-09T00:15:00Z,Dallas Cowboys,Tampa Bay Buccaneers,player_rush_yds,Dak Prescott,9.5,Under,fanduel,-113,-5.34,0.5022,pinnacle,15,4.2
2026-10-08T20:01:15Z,football_nfl,32678,2026-10-09T00:15:00Z,Dallas Cowboys,Tampa Bay Buccaneers,player_rush_yds,Dak Prescott,9.5,Under,hardrock,-115,-6.12,0.5022,pinnacle,15,4.2
2026-10-08T20:01:15Z,football_nfl,32678,2026-10-09T00:15:00Z,Dallas Cowboys,Tampa Bay Buccaneers,player_rush_yds,Dak Prescott,9.5,Over,fanduel,-113,-6.16,0.4978,pinnacle,15,4.2
2026-10-08T20:01:15Z,football_nfl,32678,2026-10-09T00:15:00Z,Dallas Cowboys,Tampa Bay Buccaneers,player_rush_yds,Dak Prescott,9.5,Under,underdog,-117,-6.86,0.5022,pinnacle,15,4.2
2026-10-08T20:01:15Z,football_nfl,32678,2026-10-09T00:15:00Z,Dallas Cowboys,Tampa Bay Buccaneers,player_rush_yds,Dak Prescott,9.5,Under,draftkings,-117,-6.86,0.5022,pinnacle,15,4.2
2026-10-08T20:01:15Z,football_nfl,32678,2026-10-09T00:15:00Z,Dallas Cowboys,Tampa Bay Buccaneers,player_rush_yds,Dak Prescott,9.5,Over,hardrock,-115,-6.93,0.4978,pinnacle,15,4.2
2026-10-08T20:01:15Z,football_nfl,32678,2026-10-09T00:15:00Z,Dallas Cowboys,Tampa Bay Buccaneers,player_rush_yds,Dak Prescott,9.5,Under,bovada,-120,-7.94,0.5022,pinnacle,15,4.2
2026-10-08T20:01:15Z,football_nfl,32678,2026-10-09T00:15:00Z,Dallas Cowboys,Tampa Bay Buccaneers,player_rush_yds,Jalon Daniels,43.5,Under,fanduel,-113,-4.53,0.5065,pinnacle,5,4.2
2026-10-08T20:01:15Z,football_nfl,32678,2026-10-09T00:15:00Z,Dallas Cowboys,Tampa Bay Buccaneers,player_rush_yds,Jalon Daniels,43.5,Over,pinnacle,-107,-4.53,0.4935,pinnacle,5,4.2
2026-10-08T20:01:15Z,football_nfl,32678,2026-10-09T00:15:00Z,Dallas Cowboys,Tampa Bay Buccaneers,player_rush_yds,Jalon Daniels,43.5,Under,pinnacle,-113,-4.53,0.5065,pinnacle,5,4.2
2026-10-08T20:01:15Z,football_nfl,32678,2026-10-09T00:15:00Z,Dallas Cowboys,Tampa Bay Buccaneers,player_rush_yds,Jalon Daniels,43.5,Over,bovada,-110,-5.79,0.4935,pinnacle,5,4.2
2026-10-08T20:01:15Z,football_nfl,32678,2026-10-09T00:15:00Z,Dallas Cowboys,Tampa Bay Buccaneers,player_rush_yds,Jalon Daniels,43.5,Over,fanduel,-113,-6.98,0.4935,pinnacle,5,4.2
2026-10-08T20:01:15Z,football_nfl,32678,2026-10-09T00:15:00Z,Dallas Cowboys,Tampa Bay Buccaneers,player_rush_yds,Jalon Daniels,43.5,Under,bovada,-120,-7.14,0.5065,pinnacle,5,4.2
2026-10-08T20:01:15Z,football_nfl,32678,2026-10-09T00:15:00Z,Dallas Cowboys,Tampa Bay Buccaneers,player_rush_yds,Javonte Williams,69.5,Over,kalshi,117,-1.03,0.4561,kalshi,3,4.2
2026-10-08T20:01:15Z,football_nfl,32678,2026-10-09T00:15:00Z,Dallas Cowboys,Tampa Bay Buccaneers,player_rush_yds,Javonte Williams,69.5,Under,kalshi,-122,-1.03,0.5439,kalshi,3,4.2
2026-10-08T20:01:15Z,football_nfl,32678,2026-10-09T00:15:00Z,Dallas Cowboys,Tampa Bay Buccaneers,player_rush_yds,Kenneth Gainwell,12.5,Over,draftkings,-107,-1.59,0.5087,pinnacle,12,4.2
2026-10-08T20:01:15Z,football_nfl,32678,2026-10-09T00:15:00Z,Dallas Cowboys,Tampa Bay Buccaneers,player_rush_yds,Kenneth Gainwell,12.5,Over,bovada,-110,-2.89,0.5087,pinnacle,12,4.2
2026-10-08T20:01:15Z,football_nfl,32678,2026-10-09T00:15:00Z,Dallas Cowboys,Tampa Bay Buccaneers,player_rush_yds,Kenneth Gainwell,12.5,Over,fanduel,-113,-4.12,0.5087,pinnacle,12,4.2
2026-10-08T20:01:15Z,football_nfl,32678,2026-10-09T00:15:00Z,Dallas Cowboys,Tampa Bay Buccaneers,player_rush_yds,Kenneth Gainwell,12.5,Over,pinnacle,-114,-4.51,0.5087,pinnacle,12,4.2
2026-10-08T20:01:15Z,football_nfl,32678,2026-10-09T00:15:00Z,Dallas Cowboys,Tampa Bay Buccaneers,player_rush_yds,Kenneth Gainwell,12.5,Under,pinnacle,-106,-4.51,0.4913,pinnacle,12,4.2
2026-10-08T20:01:15Z,football_nfl,32678,2026-10-09T00:15:00Z,Dallas Cowboys,Tampa Bay Buccaneers,player_rush_yds,Kenneth Gainwell,12.5,Over,hardrock,-115,-4.9,0.5087,pinnacle,12,4.2
2026-10-08T20:01:15Z,football_nfl,32678,2026-10-09T00:15:00Z,Dallas Cowboys,Tampa Bay Buccaneers,player_rush_yds,Kenneth Gainwell,12.5,Under,fanduel,-113,-7.39,0.4913,pinnacle,12,4.2
2026-10-08T20:01:15Z,football_nfl,32678,2026-10-09T00:15:00Z,Dallas Cowboys,Tampa Bay Buccaneers,player_rush_yds,Kenneth Gainwell,12.5,Under,hardrock,-115,-8.14,0.4913,pinnacle,12,4.2
2026-10-08T20:01:15Z,football_nfl,32678,2026-10-09T00:15:00Z,Dallas Cowboys,Tampa Bay Buccaneers,player_rush_yds,Kenneth Gainwell,12.5,Under,draftkings,-117,-8.87,0.4913,pinnacle,12,4.2
2026-10-08T20:01:15Z,football_nfl,32678,2026-10-09T00:15:00Z,Dallas Cowboys,Tampa Bay Buccaneers,player_rush_yds,Kenneth Gainwell,12.5,Under,bovada,-120,-9.92,0.4913,pinnacle,12,4.2
2026-10-08T20:01:15Z,football_nfl,32678,2026-10-09T00:15:00Z,Dallas Cowboys,Tampa Bay Buccaneers,player_rush_yds,Tyler Goodson,15.5,Over,pinnacle,-108,-4.54,0.4957,pinnacle,9,4.2
2026-10-08T20:01:15Z,football_nfl,32678,2026-10-09T00:15:00Z,Dallas Cowboys,Tampa Bay Buccaneers,player_rush_yds,Tyler Goodson,15.5,Under,pinnacle,-112,-4.54,0.5043,pinnacle,9,4.2
2026-10-08T20:01:15Z,football_nfl,32678,2026-10-09T00:15:00Z,Dallas Cowboys,Tampa Bay Buccaneers,player_rush_yds,Tyler Goodson,15.5,Under,draftkings,-113,-4.94,0.5043,pinnacle,9,4.2
2026-10-08T20:01:15Z,football_nfl,32678,2026-10-09T00:15:00Z,Dallas Cowboys,Tampa Bay Buccaneers,player_rush_yds,Tyler Goodson,15.5,Under,fanduel,-113,-4.94,0.5043,pinnacle,9,4.2
2026-10-08T20:01:15Z,football_nfl,32678,2026-10-09T00:15:00Z,Dallas Cowboys,Tampa Bay Buccaneers,player_rush_yds,Tyler Goodson,15.5,Under,bovada,-115,-5.71,0.5043,pinnacle,9,4.2
2026-10-08T20:01:15Z,football_nfl,32678,2026-10-09T00:15:00Z,Dallas Cowboys,Tampa Bay Buccaneers,player_rush_yds,Tyler Goodson,15.5,Under,hardrock,-115,-5.71,0.5043,pinnacle,9,4.2
2026-10-08T20:01:15Z,football_nfl,32678,2026-10-09T00:15:00Z,Dallas Cowboys,Tampa Bay Buccaneers,player_rush_yds,Tyler Goodson,15.5,Over,draftkings,-111,-5.78,0.4957,pinnacle,9,4.2
2026-10-08T20:01:15Z,football_nfl,32678,2026-10-09T00:15:00Z,Dallas Cowboys,Tampa Bay Buccaneers,player_rush_yds,Tyler Goodson,15.5,Over,fanduel,-113,-6.57,0.4957,pinnacle,9,4.2
2026-10-08T20:01:15Z,football_nfl,32678,2026-10-09T00:15:00Z,Dallas Cowboys,Tampa Bay Buccaneers,player_rush_yds,Tyler Goodson,15.5,Over,bovada,-115,-7.33,0.4957,pinnacle,9,4.2
2026-10-08T20:01:15Z,football_nfl,32678,2026-10-09T00:15:00Z,Dallas Cowboys,Tampa Bay Buccaneers,player_rush_yds,Tyler Goodson,15.5,Over,fanatics,-115,-7.33,0.4957,pinnacle,9,4.2
2026-10-08T20:01:15Z,football_nfl,32678,2026-10-09T00:15:00Z,Dallas Cowboys,Tampa Bay Buccaneers,player_rush_yds,Tyler Goodson,15.5,Over,hardrock,-115,-7.33,0.4957,pinnacle,9,4.2
2026-10-08T20:01:15Z,football_nfl,32678,2026-10-09T00:15:00Z,Dallas Cowboys,Tampa Bay Buccaneers,player_rush_yds,Tyler Goodson,15.5,Under,fanatics,-125,-9.22,0.5043,pinnacle,9,4.2
2026-10-08T20:01:15Z,football_nfl,32678,2026-10-09T00:15:00Z,Dallas Cowboys,Tampa Bay Buccaneers,player_1st_td,Bucky Irving,,No,kalshi,-1329,-0.99,0.9208,kalshi,2,4.2
2026-10-08T20:01:15Z,football_nfl,32678,2026-10-09T00:15:00Z,Dallas Cowboys,Tampa Bay Buccaneers,player_1st_td,Bucky Irving,,Yes,kalshi,1150,-0.99,0.0792,kalshi,2,4.2
2026-10-08T20:01:15Z,football_nfl,32678,2026-10-09T00:15:00Z,Dallas Cowboys,Tampa Bay Buccaneers,player_1st_td,Bucky Irving,,No,hardrock,-3000,-4.85,0.9208,kalshi,2,4.2
2026-10-08T20:01:15Z,football_nfl,32678,2026-10-09T00:15:00Z,Dallas Cowboys,Tampa Bay Buccaneers,player_1st_td,Bucky Irving,,Yes,hardrock,1000,-12.87,0.0792,kalshi,2,4.2
2026-10-08T20:01:15Z,football_nfl,32678,2026-10-09T00:15:00Z,Dallas Cowboys,Tampa Bay Buccaneers,player_1st_td,Cade Otton,,No,kalshi,-4900,-0.99,0.9703,kalshi,2,4.2
2026-10-08T20:01:15Z,football_nfl,32678,2026-10-09T00:15:00Z,Dallas Cowboys,Tampa Bay Buccaneers,player_1st_td,Cade Otton,,Yes,kalshi,3233,-0.99,0.0297,kalshi,2,4.2
2026-10-08T20:01:15Z,football_nfl,32678,2026-10-09T00:15:00Z,Dallas Cowboys,Tampa Bay Buccaneers,player_1st_td,Cade Otton,,No,hardrock,-8000,-1.76,0.9703,kalshi,2,4.2
2026-10-08T20:01:15Z,football_nfl,32678,2026-10-09T00:15:00Z,Dallas Cowboys,Tampa Bay Buccaneers,player_1st_td,Cade Otton,,Yes,hardrock,3000,-7.91,0.0297,kalshi,2,4.2
2026-10-08T20:01:15Z,football_nfl,32678,2026-10-09T00:15:00Z,Dallas Cowboys,Tampa Bay Buccaneers,player_1st_td,CeeDee Lamb,,No,kalshi,-733,-0.99,0.8712,kalshi,2,4.2
2026-10-08T20:01:15Z,football_nfl,32678,2026-10-09T00:15:00Z,Dallas Cowboys,Tampa Bay Buccaneers,player_1st_td,CeeDee Lamb,,Yes,kalshi,669,-0.99,0.1288,kalshi,2,4.2
2026-10-08T20:01:15Z,football_nfl,32678,2026-10-09T00:15:00Z,Dallas Cowboys,Tampa Bay Buccaneers,player_1st_td,CeeDee Lamb,,No,hardrock,-1200,-5.61,0.8712,kalshi,2,4.2
2026-10-08T20:01:15Z,football_nfl,32678,2026-10-09T00:15:00Z,Dallas Cowboys,Tampa Bay Buccaneers,player_1st_td,CeeDee Lamb,,Yes,hardrock,525,-19.53,0.1288,kalshi,2,4.2
2026-10-08T20:01:15Z,football_nfl,32678,2026-10-09T00:15:00Z,Dallas Cowboys,Tampa Bay Buccaneers,player_1st_td,Chris Godwin Jr.,,No,kalshi,-4900,-0.99,0.9703,kalshi,2,4.2
2026-10-08T20:01:15Z,football_nfl,32678,2026-10-09T00:15:00Z,Dallas Cowboys,Tampa Bay Buccaneers,player_1st_td,Chris Godwin Jr.,,Yes,kalshi,3233,-0.99,0.0297,kalshi,2,4.2
2026-10-08T20:01:15Z,football_nfl,32678,2026-10-09T00:15:00Z,Dallas Cowboys,Tampa Bay Buccaneers,player_1st_td,Chris Godwin Jr.,,No,hardrock,-7000,-1.58,0.9703,kalshi,2,4.2
2026-10-08T20:01:15Z,football_nfl,32678,2026-10-09T00:15:00Z,Dallas Cowboys,Tampa Bay Buccaneers,player_1st_td,Chris Godwin Jr.,,Yes,hardrock,2250,-30.19,0.0297,kalshi,2,4.2
2026-10-08T20:01:15Z,football_nfl,32678,2026-10-09T00:15:00Z,Dallas Cowboys,Tampa Bay Buccaneers,player_1st_td,DAL Cowboys D/ST,,No,kalshi,-4900,-0.99,0.9703,kalshi,1,4.2
2026-10-08T20:01:15Z,football_nfl,32678,2026-10-09T00:15:00Z,Dallas Cowboys,Tampa Bay Buccaneers,player_1st_td,DAL Cowboys D/ST,,Yes,kalshi,3233,-0.99,0.0297,kalshi,1,4.2
2026-10-08T20:01:15Z,football_nfl,32678,2026-10-09T00:15:00Z,Dallas Cowboys,Tampa Bay Buccaneers,player_1st_td,Emeka Egbuka,,No,kalshi,-2400,-0.99,0.9505,kalshi,2,4.2
2026-10-08T20:01:15Z,football_nfl,32678,2026-10-09T00:15:00Z,Dallas Cowboys,Tampa Bay Buccaneers,player_1st_td,Emeka Egbuka,,Yes,kalshi,1900,-0.99,0.0495,kalshi,2,4.2
2026-10-08T20:01:15Z,football_nfl,32678,2026-10-09T00:15:00Z,Dallas Cowboys,Tampa Bay Buccaneers,player_1st_td,Emeka Egbuka,,No,hardrock,-6000,-3.37,0.9505,kalshi,2,4.2
2026-10-08T20:01:15Z,football_nfl,32678,2026-10-09T00:15:00Z,Dallas Cowboys,Tampa Bay Buccaneers,player_1st_td,Emeka Egbuka,,Yes,hardrock,1750,-8.42,0.0495,kalshi,2,4.2
2026-10-08T20:01:15Z,football_nfl,32678,2026-10-09T00:15:00Z,Dallas Cowboys,Tampa Bay Buccaneers,player_1st_td,George Pickens,,No,kalshi,-900,-0.99,0.8911,kalshi,2,4.2
2026-10-08T20:01:15Z,football_nfl,32678,2026-10-09T00:15:00Z,Dallas Cowboys,Tampa Bay Buccaneers,player_1st_td,George Pickens,,Yes,kalshi,809,-0.99,0.1089,kalshi,2,4.2
2026-10-08T20:01:15Z,football_nfl,32678,2026-10-09T00:15:00Z,Dallas Cowboys,Tampa Bay Buccaneers,player_1st_td,George Pickens,,No,hardrock,-1600,-5.32,0.8911,kalshi,2,4.2
2026-10-08T20:01:15Z,football_nfl,32678,2026-10-09T00:15:00Z,Dallas Cowboys,Tampa Bay Buccaneers,player_1st_td,George Pickens,,Yes,hardrock,600,-23.76,0.1089,kalshi,2,4.2
2026-10-08T20:01:15Z,football_nfl,32678,2026-10-09T00:15:00Z,Dallas Cowboys,Tampa Bay Buccaneers,player_1st_td,Jake Ferguson,,No,kalshi,-1329,-0.99,0.9208,kalshi,2,4.2
2026-10-08T20:01:15Z,football_nfl,32678,2026-10-09T00:15:00Z,Dallas Cowboys,Tampa Bay Buccaneers,player_1st_td,Jake Ferguson,,Yes,kalshi,1150,-0.99,0.0792,kalshi,2,4.2
2026-10-08T20:01:15Z,football_nfl,32678,2026-10-09T00:15:00Z,Dallas Cowboys,Tampa Bay Buccaneers,player_1st_td,Jake Ferguson,,No,hardrock,-3000,-4.85,0.9208,kalshi,2,4.2
2026-10-08T20:01:15Z,football_nfl,32678,2026-10-09T00:15:00Z,Dallas Cowboys,Tampa Bay Buccaneers,player_1st_td,Jake Ferguson,,Yes,hardrock,900,-20.79,0.0792,kalshi,2,4.2
2026-10-08T20:01:15Z,football_nfl,32678,2026-10-09T00:15:00Z,Dallas Cowboys,Tampa Bay Buccaneers,player_1st_td,Jalon Daniels,,No,kalshi,-2400,-0.99,0.9505,kalshi,2,4.2
2026-10-08T20:01:15Z,football_nfl,32678,2026-10-09T00:15:00Z,Dallas Cowboys,Tampa Bay Buccaneers,player_1st_td,Jalon Daniels,,Yes,kalshi,1900,-0.99,0.0495,kalshi,2,4.2
2026-10-08T20:01:15Z,football_nfl,32678,2026-10-09T00:15:00Z,Dallas Cowboys,Tampa Bay Buccaneers,player_1st_td,Jalon Daniels,,No,hardrock,-5000,-3.05,0.9505,kalshi,2,4.2
2026-10-08T20:01:15Z,football_nfl,32678,2026-10-09T00:15:00Z,Dallas Cowboys,Tampa Bay Buccaneers,player_1st_td,Jalon Daniels,,Yes,hardrock,1600,-15.84,0.0495,kalshi,2,4.2
2026-10-08T20:01:15Z,football_nfl,32678,2026-10-09T00:15:00Z,Dallas Cowboys,Tampa Bay Buccaneers,player_1st_td,Javonte Williams,,No,kalshi,-426,-0.98,0.802,kalshi,2,4.2
2026-10-08T20:01:15Z,football_nfl,32678,2026-10-09T00:15:00Z,Dallas Cowboys,Tampa Bay Buccaneers,player_1st_td,Javonte Williams,,Yes,kalshi,400,-0.98,0.198,kalshi,2,4.2
2026-10-08T20:01:15Z,football_nfl,32678,2026-10-09T00:15:00Z,Dallas Cowboys,Tampa Bay Buccaneers,player_1st_td,Javonte Williams,,No,hardrock,-575,-5.86,0.802,kalshi,2,4.2
2026-10-08T20:01:15Z,football_nfl,32678,2026-10-09T00:15:00Z,Dallas Cowboys,Tampa Bay Buccaneers,player_1st_td,Javonte Williams,,Yes,hardrock,350,-10.88,0.198,kalshi,2,4.2
2026-10-08T20:01:15Z,football_nfl,32678,2026-10-09T00:15:00Z,Dallas Cowboys,Tampa Bay Buccaneers,player_1st_td,KaVontae Turpin,,No,kalshi,-4900,-0.99,0.9703,kalshi,2,4.2
2026-10-08T20:01:15Z,football_nfl,32678,2026-10-09T00:15:00Z,Dallas Cowboys,Tampa Bay Buccaneers,player_1st_td,KaVontae Turpin,,Yes,kalshi,3233,-0.99,0.0297,kalshi,2,4.2
2026-10-08T20:01:15Z,football_nfl,32678,2026-10-09T00:15:00Z,Dallas Cowboys,Tampa Bay Buccaneers,player_1st_td,KaVontae Turpin,,No,hardrock,-10000,-2.0,0.9703,kalshi,2,4.2
2026-10-08T20:01:15Z,football_nfl,32678,2026-10-09T00:15:00Z,Dallas Cowboys,Tampa Bay Buccaneers,player_1st_td,KaVontae Turpin,,Yes,hardrock,3000,-7.91,0.0297,kalshi,2,4.2
2026-10-08T20:01:15Z,football_nfl,32678,2026-10-09T00:15:00Z,Dallas Cowboys,Tampa Bay Buccaneers,player_1st_td,Kenny Gainwell,,No,kalshi,-3233,-0.99,0.9604,kalshi,1,4.2
2026-10-08T20:01:15Z,football_nfl,32678,2026-10-09T00:15:00Z,Dallas Cowboys,Tampa Bay Buccaneers,player_1st_td,Kenny Gainwell,,Yes,kalshi,2400,-0.99,0.0396,kalshi,1,4.2
2026-10-08T20:01:15Z,football_nfl,32678,2026-10-09T00:15:00Z,Dallas Cowboys,Tampa Bay Buccaneers,player_1st_td,Ryan Flournoy,,No,kalshi,-1900,-0.99,0.9406,kalshi,2,4.2
2026-10-08T20:01:15Z,football_nfl,32678,2026-10-09T00:15:00Z,Dallas Cowboys,Tampa Bay Buccaneers,player_1st_td,Ryan Flournoy,,Yes,kalshi,1567,-0.99,0.0594,kalshi,2,4.2
2026-10-08T20:01:15Z,football_nfl,32678,2026-10-09T00:15:00Z,Dallas Cowboys,Tampa Bay Buccaneers,player_1st_td,Ryan Flournoy,,No,hardrock,-5000,-4.06,0.9406,kalshi,2,4.2
2026-10-08T20:01:15Z,football_nfl,32678,2026-10-09T00:15:00Z,Dallas Cowboys,Tampa Bay Buccaneers,player_1st_td,Ryan Flournoy,,Yes,hardrock,1500,-4.97,0.0594,kalshi,2,4.2
2026-10-08T20:01:15Z,football_nfl,32678,2026-10-09T00:15:00Z,Dallas Cowboys,Tampa Bay Buccaneers,player_1st_td,Sean Tucker,,No,kalshi,-3233,-0.99,0.9604,kalshi,1,4.2
2026-10-08T20:01:15Z,football_nfl,32678,2026-10-09T00:15:00Z,Dallas Cowboys,Tampa Bay Buccaneers,player_1st_td,Sean Tucker,,Yes,kalshi,2400,-0.99,0.0396,kalshi,1,4.2
2026-10-08T20:01:15Z,football_nfl,32678,2026-10-09T00:15:00Z,Dallas Cowboys,Tampa Bay Buccaneers,player_1st_td,TB Buccaneers D/ST,,No,kalshi,-4900,-0.99,0.9703,kalshi,1,4.2
2026-10-08T20:01:15Z,football_nfl,32678,2026-10-09T00:15:00Z,Dallas Cowboys,Tampa Bay Buccaneers,player_1st_td,TB Buccaneers D/ST,,Yes,kalshi,3233,-0.99,0.0297,kalshi,1,4.2
2026-10-08T20:01:15Z,football_nfl,32678,2026-10-09T00:15:00Z,Dallas Cowboys,Tampa Bay Buccaneers,player_1st_td,Ted Hurst III,,No,kalshi,-4900,-0.99,0.9703,kalshi,2,4.2
2026-10-08T20:01:15Z,football_nfl,32678,2026-10-09T00:15:00Z,Dallas Cowboys,Tampa Bay Buccaneers,player_1st_td,Ted Hurst III,,Yes,kalshi,3233,-0.99,0.0297,kalshi,2,4.2
2026-10-08T20:01:15Z,football_nfl,32678,2026-10-09T00:15:00Z,Dallas Cowboys,Tampa Bay Buccaneers,player_1st_td,Ted Hurst III,,No,hardrock,-9000,-1.89,0.9703,kalshi,2,4.2
2026-10-08T20:01:15Z,football_nfl,32678,2026-10-09T00:15:00Z,Dallas Cowboys,Tampa Bay Buccaneers,player_1st_td,Ted Hurst III,,Yes,hardrock,3000,-7.91,0.0297,kalshi,2,4.2
2026-10-08T20:01:15Z,football_nfl,32678,2026-10-09T00:15:00Z,Dallas Cowboys,Tampa Bay Buccaneers,player_1st_td,Tyler Goodson,,No,kalshi,-4900,-0.99,0.9703,kalshi,1,4.2
2026-10-08T20:01:15Z,football_nfl,32678,2026-10-09T00:15:00Z,Dallas Cowboys,Tampa Bay Buccaneers,player_1st_td,Tyler Goodson,,Yes,kalshi,3233,-0.99,0.0297,kalshi,1,4.2
2026-10-08T20:01:15Z,football_nfl,32678,2026-10-09T00:15:00Z,Dallas Cowboys,Tampa Bay Buccaneers,player_2plus_td,Bucky Irving,,No,kalshi,-1900,-0.99,0.9406,kalshi,3,4.2
2026-10-08T20:01:15Z,football_nfl,32678,2026-10-09T00:15:00Z,Dallas Cowboys,Tampa Bay Buccaneers,player_2plus_td,Bucky Irving,,Yes,kalshi,1567,-0.99,0.0594,kalshi,3,4.2
2026-10-08T20:01:15Z,football_nfl,32678,2026-10-09T00:15:00Z,Dallas Cowboys,Tampa Bay Buccaneers,player_2plus_td,Bucky Irving,,Yes,hardrock,1100,-28.73,0.0594,kalshi,3,4.2
2026-10-08T20:01:15Z,football_nfl,32678,2026-10-09T00:15:00Z,Dallas Cowboys,Tampa Bay Buccaneers,player_2plus_td,CeeDee Lamb,,No,kalshi,-669,-0.99,0.8613,kalshi,3,4.2
2026-10-08T20:01:15Z,football_nfl,32678,2026-10-09T00:15:00Z,Dallas Cowboys,Tampa Bay Buccaneers,player_2plus_td,CeeDee Lamb,,Yes,kalshi,614,-0.99,0.1387,kalshi,3,4.2
2026-10-08T20:01:15Z,football_nfl,32678,2026-10-09T00:15:00Z,Dallas Cowboys,Tampa Bay Buccaneers,player_2plus_td,CeeDee Lamb,,Yes,hardrock,425,-27.2,0.1387,kalshi,3,4.2
2026-10-08T20:01:15Z,football_nfl,32678,2026-10-09T00:15:00Z,Dallas Cowboys,Tampa Bay Buccaneers,player_2plus_td,Emeka Egbuka,,No,kalshi,-3233,-0.99,0.9604,kalshi,3,4.2
2026-10-08T20:01:15Z,football_nfl,32678,2026-10-09T00:15:00Z,Dallas Cowboys,Tampa Bay Buccaneers,player_2plus_td,Emeka Egbuka,,Yes,kalshi,2400,-0.99,0.0396,kalshi,3,4.2
2026-10-08T20:01:15Z,football_nfl,32678,2026-10-09T00:15:00Z,Dallas Cowboys,Tampa Bay Buccaneers,player_2plus_td,Emeka Egbuka,,Yes,hardrock,2000,-16.83,0.0396,kalshi,3,4.2
2026-10-08T20:01:15Z,football_nfl,32678,2026-10-09T00:15:00Z,Dallas Cowboys,Tampa Bay Buccaneers,player_2plus_td,George Pickens,,No,kalshi,-1011,-0.99,0.901,kalshi,3,4.2
2026-10-08T20:01:15Z,football_nfl,32678,2026-10-09T00:15:00Z,Dallas Cowboys,Tampa Bay Buccaneers,player_2plus_td,George Pickens,,Yes,kalshi,900,-0.99,0.099,kalshi,3,4.2
2026-10-08T20:01:15Z,football_nfl,32678,2026-10-09T00:15:00Z,Dallas Cowboys,Tampa Bay Buccaneers,player_2plus_td,George Pickens,,Yes,hardrock,600,-30.69,0.099,kalshi,3,4.2
2026-10-08T20:01:15Z,football_nfl,32678,2026-10-09T00:15:00Z,Dallas Cowboys,Tampa Bay Buccaneers,player_2plus_td,Jake Ferguson,,No,kalshi,-3233,-0.99,0.9604,kalshi,3,4.2
2026-10-08T20:01:15Z,football_nfl,32678,2026-10-09T00:15:00Z,Dallas Cowboys,Tampa Bay Buccaneers,player_2plus_td,Jake Ferguson,,Yes,kalshi,2400,-0.99,0.0396,kalshi,3,4.2
2026-10-08T20:01:15Z,football_nfl,32678,2026-10-09T00:15:00Z,Dallas Cowboys,Tampa Bay Buccaneers,player_2plus_td,Jake Ferguson,,Yes,hardrock,1600,-32.67,0.0396,kalshi,3,4.2
2026-10-08T20:01:15Z,football_nfl,32678,2026-10-09T00:15:00Z,Dallas Cowboys,Tampa Bay Buccaneers,player_2plus_td,Jalon Daniels,,No,kalshi,-4900,-1.96,0.9608,kalshi,3,4.2
2026-10-08T20:01:15Z,football_nfl,32678,2026-10-09T00:15:00Z,Dallas Cowboys,Tampa Bay Buccaneers,player_2plus_td,Jalon Daniels,,Yes,kalshi,2400,-1.96,0.0392,kalshi,3,4.2
2026-10-08T20:01:15Z,football_nfl,32678,2026-10-09T00:15:00Z,Dallas Cowboys,Tampa Bay Buccaneers,player_2plus_td,Jalon Daniels,,Yes,hardrock,2000,-17.65,0.0392,kalshi,3,4.2
2026-10-08T20:01:15Z,football_nfl,32678,2026-10-09T00:15:00Z,Dallas Cowboys,Tampa Bay Buccaneers,player_2plus_td,Ryan Flournoy,,No,kalshi,-4900,-0.99,0.9703,kalshi,3,4.2
2026-10-08T20:01:15Z,football_nfl,32678,2026-10-09T00:15:00Z,Dallas Cowboys,Tampa Bay Buccaneers,player_2plus_td,Ryan Flournoy,,Yes,kalshi,3233,-0.99,0.0297,kalshi,3,4.2
2026-10-08T20:01:15Z,football_nfl,32678,2026-10-09T00:15:00Z,Dallas Cowboys,Tampa Bay Buccaneers,player_2plus_td,Ryan Flournoy,,Yes,hardrock,2500,-22.76,0.0297,kalshi,3,4.2
2026-10-08T20:01:15Z,football_nfl,32678,2026-10-09T00:15:00Z,Dallas Cowboys,Tampa Bay Buccaneers,player_2plus_td,Sean Tucker,,No,kalshi,-4900,-0.99,0.9703,kalshi,3,4.2
2026-10-08T20:01:15Z,football_nfl,32678,2026-10-09T00:15:00Z,Dallas Cowboys,Tampa Bay Buccaneers,player_2plus_td,Sean Tucker,,Yes,kalshi,3233,-0.99,0.0297,kalshi,3,4.2
2026-10-08T20:01:15Z,football_nfl,32678,2026-10-09T00:15:00Z,Dallas Cowboys,Tampa Bay Buccaneers,player_2plus_td,Sean Tucker,,Yes,hardrock,2250,-30.19,0.0297,kalshi,3,4.2
2026-10-08T20:01:15Z,football_nfl,32678,2026-10-09T00:15:00Z,Dallas Cowboys,Tampa Bay Buccaneers,player_3plus_td,CeeDee Lamb,,No,kalshi,-4900,-0.99,0.9703,kalshi,3,4.2
2026-10-08T20:01:15Z,football_nfl,32678,2026-10-09T00:15:00Z,Dallas Cowboys,Tampa Bay Buccaneers,player_3plus_td,CeeDee Lamb,,Yes,kalshi,3233,-0.99,0.0297,kalshi,3,4.2
2026-10-08T20:01:15Z,football_nfl,32678,2026-10-09T00:15:00Z,Dallas Cowboys,Tampa Bay Buccaneers,player_3plus_td,CeeDee Lamb,,Yes,hardrock,2000,-37.62,0.0297,kalshi,3,4.2
2026-10-08T20:01:15Z,football_nfl,32678,2026-10-09T00:15:00Z,Dallas Cowboys,Tampa Bay Buccaneers,player_anytime_td,Brevyn Spann-Ford,,No,kalshi,-1150,-0.99,0.9109,kalshi,3,4.2
2026-10-08T20:01:15Z,football_nfl,32678,2026-10-09T00:15:00Z,Dallas Cowboys,Tampa Bay Buccaneers,player_anytime_td,Brevyn Spann-Ford,,Yes,kalshi,1011,-0.99,0.0891,kalshi,3,4.2
2026-10-08T20:01:15Z,football_nfl,32678,2026-10-09T00:15:00Z,Dallas Cowboys,Tampa Bay Buccaneers,player_anytime_td,Brevyn Spann-Ford,,No,hardrock,-1800,-3.85,0.9109,kalshi,3,4.2
2026-10-08T20:01:15Z,football_nfl,32678,2026-10-09T00:15:00Z,Dallas Cowboys,Tampa Bay Buccaneers,player_anytime_td,Brevyn Spann-Ford,,Yes,hardrock,650,-33.16,0.0891,kalshi,3,4.2
2026-10-08T20:01:15Z,football_nfl,32678,2026-10-09T00:15:00Z,Dallas Cowboys,Tampa Bay Buccaneers,player_anytime_td,Bucky Irving,,No,kalshi,-213,-1.04,0.6734,kalshi,3,4.2
2026-10-08T20:01:15Z,football_nfl,32678,2026-10-09T00:15:00Z,Dallas Cowboys,Tampa Bay Buccaneers,player_anytime_td,Bucky Irving,,Yes,kalshi,203,-1.04,0.3266,kalshi,3,4.2
2026-10-08T20:01:15Z,football_nfl,32678,2026-10-09T00:15:00Z,Dallas Cowboys,Tampa Bay Buccaneers,player_anytime_td,Bucky Irving,,Yes,hardrock,190,-5.29,0.3266,kalshi,3,4.2
2026-10-08T20:01:15Z,football_nfl,32678,2026-10-09T00:15:00Z,Dallas Cowboys,Tampa Bay Buccaneers,player_anytime_td,Bucky Irving,,No,hardrock,-275,-8.17,0.6734,kalshi,3,4.2
2026-10-08T20:01:15Z,football_nfl,32678,2026-10-09T00:15:00Z,Dallas Cowboys,Tampa Bay Buccaneers,player_anytime_td,Cade Otton,,No,kalshi,-567,-1.0,0.8416,kalshi,3,4.2
2026-10-08T20:01:15Z,football_nfl,32678,2026-10-09T00:15:00Z,Dallas Cowboys,Tampa Bay Buccaneers,player_anytime_td,Cade Otton,,Yes,kalshi,525,-1.0,0.1584,kalshi,3,4.2
2026-10-08T20:01:15Z,football_nfl,32678,2026-10-09T00:15:00Z,Dallas Cowboys,Tampa Bay Buccaneers,player_anytime_td,Cade Otton,,No,hardrock,-850,-5.94,0.8416,kalshi,3,4.2
2026-10-08T20:01:15Z,football_nfl,32678,2026-10-09T00:15:00Z,Dallas Cowboys,Tampa Bay Buccaneers,player_anytime_td,Cade Otton,,Yes,hardrock,425,-16.84,0.1584,kalshi,3,4.2
2026-10-08T20:01:15Z,football_nfl,32678,2026-10-09T00:15:00Z,Dallas Cowboys,Tampa Bay Buccaneers,player_anytime_td,CeeDee Lamb,0.5,Under,underdog,-112,-4.54,0.5043,pinnacle,4,4.2
2026-10-08T20:01:15Z,football_nfl,32678,2026-10-09T00:15:00Z,Dallas Cowboys,Tampa Bay Buccaneers,player_anytime_td,CeeDee Lamb,0.5,Over,pinnacle,-108,-4.54,0.4957,pinnacle,4,4.2
2026-10-08T20:01:15Z,football_nfl,32678,2026-10-09T00:15:00Z,Dallas Cowboys,Tampa Bay Buccaneers,player_anytime_td,CeeDee Lamb,0.5,Under,pinnacle,-112,-4.54,0.5043,pinnacle,4,4.2
2026-10-08T20:01:15Z,football_nfl,32678,2026-10-09T00:15:00Z,Dallas Cowboys,Tampa Bay Buccaneers,player_anytime_td,CeeDee Lamb,0.5,Over,underdog,-112,-6.18,0.4957,pinnacle,4,4.2
2026-10-08T20:01:15Z,football_nfl,32678,2026-10-09T00:15:00Z,Dallas Cowboys,Tampa Bay Buccaneers,player_anytime_td,Chris Godwin Jr.,,No,kalshi,-525,-1.0,0.8316,kalshi,2,4.2
2026-10-08T20:01:15Z,football_nfl,32678,2026-10-09T00:15:00Z,Dallas Cowboys,Tampa Bay Buccaneers,player_anytime_td,Chris Godwin Jr.,,Yes,kalshi,488,-1.0,0.1684,kalshi,2,4.2
2026-10-08T20:01:15Z,football_nfl,32678,2026-10-09T00:15:00Z,Dallas Cowboys,Tampa Bay Buccaneers,player_anytime_td,Chris Godwin Jr.,,No,hardrock,-600,-2.98,0.8316,kalshi,2,4.2
2026-10-08T20:01:15Z,football_nfl,32678,2026-10-09T00:15:00Z,Dallas Cowboys,Tampa Bay Buccaneers,player_anytime_td,Chris Godwin Jr.,,Yes,hardrock,350,-24.23,0.1684,kalshi,2,4.2
2026-10-08T20:01:15Z,football_nfl,32678,2026-10-09T00:15:00Z,Dallas Cowboys,Tampa Bay Buccaneers,player_anytime_td,Chris Godwin Jr.,0.5,Over,pinnacle,469,-4.54,0.1678,pinnacle,1,4.2
2026-10-08T20:01:15Z,football_nfl,32678,2026-10-09T00:15:00Z,Dallas Cowboys,Tampa Bay Buccaneers,player_anytime_td,Chris Godwin Jr.,0.5,Under,pinnacle,-680,-4.54,0.8322,pinnacle,1,4.2
2026-10-08T20:01:15Z,football_nfl,32678,2026-10-09T00:15:00Z,Dallas Cowboys,Tampa Bay Buccaneers,player_anytime_td,DAL Cowboys D/ST,,No,kalshi,-567,-1.0,0.8416,kalshi,1,4.2
2026-10-08T20:01:15Z,football_nfl,32678,2026-10-09T00:15:00Z,Dallas Cowboys,Tampa Bay Buccaneers,player_anytime_td,DAL Cowboys D/ST,,Yes,kalshi,525,-1.0,0.1584,kalshi,1,4.2
2026-10-08T20:01:15Z,football_nfl,32678,2026-10-09T00:15:00Z,Dallas Cowboys,Tampa Bay Buccaneers,player_anytime_td,Dak Prescott,,No,kalshi,-614,-0.98,0.8515,kalshi,3,4.2
2026-10-08T20:01:15Z,football_nfl,32678,2026-10-09T00:15:00Z,Dallas Cowboys,Tampa Bay Buccaneers,player_anytime_td,Dak Prescott,,Yes,kalshi,567,-0.98,0.1485,kalshi,3,4.2
2026-10-08T20:01:15Z,football_nfl,32678,2026-10-09T00:15:00Z,Dallas Cowboys,Tampa Bay Buccaneers,player_anytime_td,Dak Prescott,,No,hardrock,-950,-5.88,0.8515,kalshi,3,4.2
2026-10-08T20:01:15Z,football_nfl,32678,2026-10-09T00:15:00Z,Dallas Cowboys,Tampa Bay Buccaneers,player_anytime_td,Dak Prescott,,Yes,hardrock,475,-14.64,0.1485,kalshi,3,4.2
2026-10-08T20:01:15Z,football_nfl,32678,2026-10-09T00:15:00Z,Dallas Cowboys,Tampa Bay Buccaneers,player_anytime_td,Emari Demercado,,No,kalshi,-1567,-1.96,0.9216,kalshi,2,4.2
2026-10-08T20:01:15Z,football_nfl,32678,2026-10-09T00:15:00Z,Dallas Cowboys,Tampa Bay Buccaneers,player_anytime_td,Emari Demercado,,Yes,kalshi,1150,-1.96,0.0784,kalshi,2,4.2
2026-10-08T20:01:15Z,football_nfl,32678,2026-10-09T00:15:00Z,Dallas Cowboys,Tampa Bay Buccaneers,player_anytime_td,Emeka Egbuka,,No,kalshi,-300,-0.96,0.7428,kalshi,3,4.2
2026-10-08T20:01:15Z,football_nfl,32678,2026-10-09T00:15:00Z,Dallas Cowboys,Tampa Bay Buccaneers,player_anytime_td,Emeka Egbuka,,Yes,kalshi,285,-0.96,0.2572,kalshi,3,4.2
2026-10-08T20:01:15Z,football_nfl,32678,2026-10-09T00:15:00Z,Dallas Cowboys,Tampa Bay Buccaneers,player_anytime_td,Emeka Egbuka,,Yes,hardrock,260,-7.4,0.2572,kalshi,3,4.2
2026-10-08T20:01:15Z,football_nfl,32678,2026-10-09T00:15:00Z,Dallas Cowboys,Tampa Bay Buccaneers,player_anytime_td,Emeka Egbuka,,No,hardrock,-425,-8.25,0.7428,kalshi,3,4.2
2026-10-08T20:01:15Z,football_nfl,32678,2026-10-09T00:15:00Z,Dallas Cowboys,Tampa Bay Buccaneers,player_anytime_td,George Pickens,,No,kalshi,-138,-0.89,0.5747,kalshi,3,4.2
2026-10-08T20:01:15Z,football_nfl,32678,2026-10-09T00:15:00Z,Dallas Cowboys,Tampa Bay Buccaneers,player_anytime_td,George Pickens,,Yes,kalshi,133,-0.89,0.4253,kalshi,3,4.2
2026-10-08T20:01:15Z,football_nfl,32678,2026-10-09T00:15:00Z,Dallas Cowboys,Tampa Bay Buccaneers,player_anytime_td,George Pickens,,No,hardrock,-145,-2.9,0.5747,kalshi,3,4.2
2026-10-08T20:01:15Z,football_nfl,32678,2026-10-09T00:15:00Z,Dallas Cowboys,Tampa Bay Buccaneers,player_anytime_td,George Pickens,,Yes,hardrock,105,-12.8,0.4253,kalshi,3,4.2
2026-10-08T20:01:15Z,football_nfl,32678,2026-10-09T00:15:00Z,Dallas Cowboys,Tampa Bay Buccaneers,player_anytime_td,Hunter Luepke,,No,kalshi,-1567,-0.99,0.9307,kalshi,3,4.2
2026-10-08T20:01:15Z,football_nfl,32678,2026-10-09T00:15:00Z,Dallas Cowboys,Tampa Bay Buccaneers,player_anytime_td,Hunter Luepke,,Yes,kalshi,1329,-0.99,0.0693,kalshi,3,4.2
2026-10-08T20:01:15Z,football_nfl,32678,2026-10-09T00:15:00Z,Dallas Cowboys,Tampa Bay Buccaneers,player_anytime_td,Hunter Luepke,,No,hardrock,-3000,-3.83,0.9307,kalshi,3,4.2
2026-10-08T20:01:15Z,football_nfl,32678,2026-10-09T00:15:00Z,Dallas Cowboys,Tampa Bay Buccaneers,player_anytime_td,Hunter Luepke,,Yes,hardrock,900,-30.71,0.0693,kalshi,3,4.2
2026-10-08T20:01:15Z,football_nfl,32678,2026-10-09T00:15:00Z,Dallas Cowboys,Tampa Bay Buccaneers,player_anytime_td,Jake Ferguson,,No,kalshi,-257,-0.96,0.7129,kalshi,3,4.2
2026-10-08T20:01:15Z,football_nfl,32678,2026-10-09T00:15:00Z,Dallas Cowboys,Tampa Bay Buccaneers,player_anytime_td,Jake Ferguson,,Yes,kalshi,245,-0.96,0.2871,kalshi,3,4.2
2026-10-08T20:01:15Z,football_nfl,32678,2026-10-09T00:15:00Z,Dallas Cowboys,Tampa Bay Buccaneers,player_anytime_td,Jake Ferguson,,No,hardrock,-300,-4.94,0.7129,kalshi,3,4.2
2026-10-08T20:01:15Z,football_nfl,32678,2026-10-09T00:15:00Z,Dallas Cowboys,Tampa Bay Buccaneers,player_anytime_td,Jake Ferguson,,Yes,hardrock,200,-13.88,0.2871,kalshi,3,4.2
2026-10-08T20:01:15Z,football_nfl,32678,2026-10-09T00:15:00Z,Dallas Cowboys,Tampa Bay Buccaneers,player_anytime_td,Jake Ferguson,0.5,Over,pinnacle,220,-4.58,0.2982,pinnacle,3,4.2
2026-10-08T20:01:15Z,football_nfl,32678,2026-10-09T00:15:00Z,Dallas Cowboys,Tampa Bay Buccaneers,player_anytime_td,Jake Ferguson,0.5,Under,pinnacle,-278,-4.58,0.7018,pinnacle,3,4.2
2026-10-08T20:01:15Z,football_nfl,32678,2026-10-09T00:15:00Z,Dallas Cowboys,Tampa Bay Buccaneers,player_anytime_td,Jalon Daniels,,No,kalshi,-317,-1.01,0.7525,kalshi,3,4.2
2026-10-08T20:01:15Z,football_nfl,32678,2026-10-09T00:15:00Z,Dallas Cowboys,Tampa Bay Buccaneers,player_anytime_td,Jalon Daniels,,Yes,kalshi,300,-1.01,0.2475,kalshi,3,4.2
2026-10-08T20:01:15Z,football_nfl,32678,2026-10-09T00:15:00Z,Dallas Cowboys,Tampa Bay Buccaneers,player_anytime_td,Jalon Daniels,,No,hardrock,-425,-7.04,0.7525,kalshi,3,4.2
2026-10-08T20:01:15Z,football_nfl,32678,2026-10-09T00:15:00Z,Dallas Cowboys,Tampa Bay Buccaneers,player_anytime_td,Jalon Daniels,,Yes,hardrock,260,-10.91,0.2475,kalshi,3,4.2
2026-10-08T20:01:15Z,football_nfl,32678,2026-10-09T00:15:00Z,Dallas Cowboys,Tampa Bay Buccaneers,player_anytime_td,Jalon Daniels,0.5,Over,pinnacle,279,-4.53,0.2519,pinnacle,3,4.2
2026-10-08T20:01:15Z,football_nfl,32678,2026-10-09T00:15:00Z,Dallas Cowboys,Tampa Bay Buccaneers,player_anytime_td,Jalon Daniels,0.5,Under,pinnacle,-362,-4.53,0.7481,pinnacle,3,4.2
2026-10-08T20:01:15Z,football_nfl,32678,2026-10-09T00:15:00Z,Dallas Cowboys,Tampa Bay Buccaneers,player_anytime_td,Javonte Williams,,No,kalshi,178,-1.0,0.3561,kalshi,3,4.2
2026-10-08T20:01:15Z,football_nfl,32678,2026-10-09T00:15:00Z,Dallas Cowboys,Tampa Bay Buccaneers,player_anytime_td,Javonte Williams,,Yes,kalshi,-186,-1.0,0.6439,kalshi,3,4.2
2026-10-08T20:01:15Z,football_nfl,32678,2026-10-09T00:15:00Z,Dallas Cowboys,Tampa Bay Buccaneers,player_anytime_td,Javonte Williams,,Yes,hardrock,-220,-6.35,0.6439,kalshi,3,4.2
2026-10-08T20:01:15Z,football_nfl,32678,2026-10-09T00:15:00Z,Dallas Cowboys,Tampa Bay Buccaneers,player_anytime_td,Javonte Williams,,No,hardrock,150,-10.97,0.3561,kalshi,3,4.2
2026-10-08T20:01:15Z,football_nfl,32678,2026-10-09T00:15:00Z,Dallas Cowboys,Tampa Bay Buccaneers,player_anytime_td,KaVontae Turpin,,No,kalshi,-1150,-0.99,0.9109,kalshi,3,4.2
2026-10-08T20:01:15Z,football_nfl,32678,2026-10-09T00:15:00Z,Dallas Cowboys,Tampa Bay Buccaneers,player_anytime_td,KaVontae Turpin,,Yes,kalshi,1011,-0.99,0.0891,kalshi,3,4.2
2026-10-08T20:01:15Z,football_nfl,32678,2026-10-09T00:15:00Z,Dallas Cowboys,Tampa Bay Buccaneers,player_anytime_td,KaVontae Turpin,,No,hardrock,-2200,-4.77,0.9109,kalshi,3,4.2
2026-10-08T20:01:15Z,football_nfl,32678,2026-10-09T00:15:00Z,Dallas Cowboys,Tampa Bay Buccaneers,player_anytime_td,KaVontae Turpin,,Yes,hardrock,700,-28.71,0.0891,kalshi,3,4.2
2026-10-08T20:01:15Z,football_nfl,32678,2026-10-09T00:15:00Z,Dallas Cowboys,Tampa Bay Buccaneers,player_anytime_td,Kenny Gainwell,,No,kalshi,-567,-1.0,0.8416,kalshi,2,4.2
2026-10-08T20:01:15Z,football_nfl,32678,2026-10-09T00:15:00Z,Dallas Cowboys,Tampa Bay Buccaneers,player_anytime_td,Kenny Gainwell,,Yes,kalshi,525,-1.0,0.1584,kalshi,2,4.2
2026-10-08T20:01:15Z,football_nfl,32678,2026-10-09T00:15:00Z,Dallas Cowboys,Tampa Bay Buccaneers,player_anytime_td,Luke Schoonmaker,,No,kalshi,-1567,-0.99,0.9307,kalshi,3,4.2
2026-10-08T20:01:15Z,football_nfl,32678,2026-10-09T00:15:00Z,Dallas Cowboys,Tampa Bay Buccaneers,player_anytime_td,Luke Schoonmaker,,Yes,kalshi,1329,-0.99,0.0693,kalshi,3,4.2
2026-10-08T20:01:15Z,football_nfl,32678,2026-10-09T00:15:00Z,Dallas Cowboys,Tampa Bay Buccaneers,player_anytime_td,Luke Schoonmaker,,No,hardrock,-2500,-3.21,0.9307,kalshi,3,4.2
2026-10-08T20:01:15Z,football_nfl,32678,2026-10-09T00:15:00Z,Dallas Cowboys,Tampa Bay Buccaneers,player_anytime_td,Luke Schoonmaker,,Yes,hardrock,800,-37.64,0.0693,kalshi,3,4.2
2026-10-08T20:01:15Z,football_nfl,32678,2026-10-09T00:15:00Z,Dallas Cowboys,Tampa Bay Buccaneers,player_anytime_td,Ryan Flournoy,,No,kalshi,-376,-0.96,0.7823,kalshi,3,4.2
2026-10-08T20:01:15Z,football_nfl,32678,2026-10-09T00:15:00Z,Dallas Cowboys,Tampa Bay Buccaneers,player_anytime_td,Ryan Flournoy,,Yes,kalshi,355,-0.96,0.2177,kalshi,3,4.2
2026-10-08T20:01:15Z,football_nfl,32678,2026-10-09T00:15:00Z,Dallas Cowboys,Tampa Bay Buccaneers,player_anytime_td,Ryan Flournoy,,No,hardrock,-475,-5.3,0.7823,kalshi,3,4.2
2026-10-08T20:01:15Z,football_nfl,32678,2026-10-09T00:15:00Z,Dallas Cowboys,Tampa Bay Buccaneers,player_anytime_td,Ryan Flournoy,,Yes,hardrock,300,-12.93,0.2177,kalshi,3,4.2
2026-10-08T20:01:15Z,football_nfl,32678,2026-10-09T00:15:00Z,Dallas Cowboys,Tampa Bay Buccaneers,player_anytime_td,Sean Tucker,,No,kalshi,-525,-1.0,0.8316,kalshi,3,4.2
2026-10-08T20:01:15Z,football_nfl,32678,2026-10-09T00:15:00Z,Dallas Cowboys,Tampa Bay Buccaneers,player_anytime_td,Sean Tucker,,Yes,kalshi,488,-1.0,0.1684,kalshi,3,4.2
2026-10-08T20:01:15Z,football_nfl,32678,2026-10-09T00:15:00Z,Dallas Cowboys,Tampa Bay Buccaneers,player_anytime_td,Sean Tucker,,No,hardrock,-575,-2.37,0.8316,kalshi,3,4.2
2026-10-08T20:01:15Z,football_nfl,32678,2026-10-09T00:15:00Z,Dallas Cowboys,Tampa Bay Buccaneers,player_anytime_td,Sean Tucker,,Yes,hardrock,350,-24.23,0.1684,kalshi,3,4.2
2026-10-08T20:01:15Z,football_nfl,32678,2026-10-09T00:15:00Z,Dallas Cowboys,Tampa Bay Buccaneers,player_anytime_td,TB Buccaneers D/ST,,No,kalshi,-900,-0.99,0.8911,kalshi,1,4.2
2026-10-08T20:01:15Z,football_nfl,32678,2026-10-09T00:15:00Z,Dallas Cowboys,Tampa Bay Buccaneers,player_anytime_td,TB Buccaneers D/ST,,Yes,kalshi,809,-0.99,0.1089,kalshi,1,4.2
2026-10-08T20:01:15Z,football_nfl,32678,2026-10-09T00:15:00Z,Dallas Cowboys,Tampa Bay Buccaneers,player_anytime_td,Ted Hurst III,,No,kalshi,-614,-0.98,0.8515,kalshi,2,4.2
2026-10-08T20:01:15Z,football_nfl,32678,2026-10-09T00:15:00Z,Dallas Cowboys,Tampa Bay Buccaneers,player_anytime_td,Ted Hurst III,,Yes,kalshi,567,-0.98,0.1485,kalshi,2,4.2
2026-10-08T20:01:15Z,football_nfl,32678,2026-10-09T00:15:00Z,Dallas Cowboys,Tampa Bay Buccaneers,player_anytime_td,Ted Hurst III,,No,hardrock,-950,-5.88,0.8515,kalshi,2,4.2
2026-10-08T20:01:15Z,football_nfl,32678,2026-10-09T00:15:00Z,Dallas Cowboys,Tampa Bay Buccaneers,player_anytime_td,Ted Hurst III,,Yes,hardrock,475,-14.64,0.1485,kalshi,2,4.2
2026-10-08T20:01:15Z,football_nfl,32678,2026-10-09T00:15:00Z,Dallas Cowboys,Tampa Bay Buccaneers,player_anytime_td,Tez Johnson,,No,kalshi,-809,-0.99,0.8811,kalshi,3,4.2
2026-10-08T20:01:15Z,football_nfl,32678,2026-10-09T00:15:00Z,Dallas Cowboys,Tampa Bay Buccaneers,player_anytime_td,Tez Johnson,,Yes,kalshi,733,-0.99,0.1189,kalshi,3,4.2
2026-10-08T20:01:15Z,football_nfl,32678,2026-10-09T00:15:00Z,Dallas Cowboys,Tampa Bay Buccaneers,player_anytime_td,Tez Johnson,,No,hardrock,-1500,-6.01,0.8811,kalshi,3,4.2
2026-10-08T20:01:15Z,football_nfl,32678,2026-10-09T00:15:00Z,Dallas Cowboys,Tampa Bay Buccaneers,player_anytime_td,Tez Johnson,,Yes,hardrock,600,-16.8,0.1189,kalshi,3,4.2
2026-10-08T20:01:15Z,football_nfl,32678,2026-10-09T00:15:00Z,Dallas Cowboys,Tampa Bay Buccaneers,player_anytime_td,Tyler Goodson,,No,kalshi,-900,-0.99,0.8911,kalshi,3,4.2
2026-10-08T20:01:15Z,football_nfl,32678,2026-10-09T00:15:00Z,Dallas Cowboys,Tampa Bay Buccaneers,player_anytime_td,Tyler Goodson,,Yes,kalshi,809,-0.99,0.1089,kalshi,3,4.2
2026-10-08T20:01:15Z,football_nfl,32678,2026-10-09T00:15:00Z,Dallas Cowboys,Tampa Bay Buccaneers,player_anytime_td,Tyler Goodson,,No,hardrock,-1200,-3.47,0.8911,kalshi,3,4.2
2026-10-08T20:01:15Z,football_nfl,32678,2026-10-09T00:15:00Z,Dallas Cowboys,Tampa Bay Buccaneers,player_anytime_td,Tyler Goodson,,Yes,hardrock,550,-29.2,0.1089,kalshi,3,4.2
2026-10-08T20:01:15Z,football_nfl,32678,2026-10-09T00:15:00Z,Dallas Cowboys,Tampa Bay Buccaneers,player_field_goals_made,Brandon Aubrey,1.5,Under,draftkings,122,-4.11,0.4319,pinnacle,6,4.2
2026-10-08T20:01:15Z,football_nfl,32678,2026-10-09T00:15:00Z,Dallas Cowboys,Tampa Bay Buccaneers,player_field_goals_made,Brandon Aubrey,1.5,Over,pinnacle,-147,-4.55,0.5681,pinnacle,6,4.2
2026-10-08T20:01:15Z,football_nfl,32678,2026-10-09T00:15:00Z,Dallas Cowboys,Tampa Bay Buccaneers,player_field_goals_made,Brandon Aubrey,1.5,Under,pinnacle,121,-4.55,0.4319,pinnacle,6,4.2
2026-10-08T20:01:15Z,football_nfl,32678,2026-10-09T00:15:00Z,Dallas Cowboys,Tampa Bay Buccaneers,player_field_goals_made,Brandon Aubrey,1.5,Under,hardrock,120,-4.98,0.4319,pinnacle,6,4.2
2026-10-08T20:01:15Z,football_nfl,32678,2026-10-09T00:15:00Z,Dallas Cowboys,Tampa Bay Buccaneers,player_field_goals_made,Brandon Aubrey,1.5,Over,hardrock,-155,-6.54,0.5681,pinnacle,6,4.2
2026-10-08T20:01:15Z,football_nfl,32678,2026-10-09T00:15:00Z,Dallas Cowboys,Tampa Bay Buccaneers,player_field_goals_made,Brandon Aubrey,1.5,Over,draftkings,-156,-6.78,0.5681,pinnacle,6,4.2
2026-10-08T20:01:15Z,football_nfl,32678,2026-10-09T00:15:00Z,Dallas Cowboys,Tampa Bay Buccaneers,player_longest_completion,Dak Prescott,38.5,Over,underdog,-109,-2.19,0.5101,bovada,5,4.2
2026-10-08T20:01:15Z,football_nfl,32678,2026-10-09T00:15:00Z,Dallas Cowboys,Tampa Bay Buccaneers,player_longest_completion,Dak Prescott,38.5,Under,draftkings,-109,-6.07,0.4899,bovada,5,4.2
2026-10-08T20:01:15Z,football_nfl,32678,2026-10-09T00:15:00Z,Dallas Cowboys,Tampa Bay Buccaneers,player_longest_completion,Dak Prescott,38.5,Over,draftkings,-119,-6.12,0.5101,bovada,5,4.2
2026-10-08T20:01:15Z,football_nfl,32678,2026-10-09T00:15:00Z,Dallas Cowboys,Tampa Bay Buccaneers,player_longest_completion,Dak Prescott,38.5,Over,bovada,-120,-6.48,0.5101,bovada,5,4.2
2026-10-08T20:01:15Z,football_nfl,32678,2026-10-09T00:15:00Z,Dallas Cowboys,Tampa Bay Buccaneers,player_longest_completion,Dak Prescott,38.5,Under,bovada,-110,-6.48,0.4899,bovada,5,4.2
2026-10-08T20:01:15Z,football_nfl,32678,2026-10-09T00:15:00Z,Dallas Cowboys,Tampa Bay Buccaneers,player_longest_completion,Dak Prescott,38.5,Over,hardrock,-120,-6.48,0.5101,bovada,5,4.2
2026-10-08T20:01:15Z,football_nfl,32678,2026-10-09T00:15:00Z,Dallas Cowboys,Tampa Bay Buccaneers,player_longest_completion,Dak Prescott,38.5,Under,hardrock,-110,-6.48,0.4899,bovada,5,4.2
2026-10-08T20:01:15Z,football_nfl,32678,2026-10-09T00:15:00Z,Dallas Cowboys,Tampa Bay Buccaneers,player_longest_completion,Dak Prescott,38.5,Under,underdog,-113,-7.66,0.4899,bovada,5,4.2
2026-10-08T20:01:15Z,football_nfl,32678,2026-10-09T00:15:00Z,Dallas Cowboys,Tampa Bay Buccaneers,player_pass_attempts,Dak Prescott,34.5,Over,draftkings,-103,-4.22,0.486,pinnacle,7,4.2
2026-10-08T20:01:15Z,football_nfl,32678,2026-10-09T00:15:00Z,Dallas Cowboys,Tampa Bay Buccaneers,player_pass_attempts,Dak Prescott,34.5,Over,pinnacle,-104,-4.67,0.486,pinnacle,7,4.2
2026-10-08T20:01:15Z,football_nfl,32678,2026-10-09T00:15:00Z,Dallas Cowboys,Tampa Bay Buccaneers,player_pass_attempts,Dak Prescott,34.5,Under,pinnacle,-117,-4.67,0.514,pinnacle,7,4.2
2026-10-08T20:01:15Z,football_nfl,32678,2026-10-09T00:15:00Z,Dallas Cowboys,Tampa Bay Buccaneers,player_pass_attempts,Dak Prescott,34.5,Under,underdog,-117,-4.67,0.514,pinnacle,7,4.2
2026-10-08T20:01:15Z,football_nfl,32678,2026-10-09T00:15:00Z,Dallas Cowboys,Tampa Bay Buccaneers,player_pass_attempts,Dak Prescott,34.5,Over,bovada,-105,-5.11,0.486,pinnacle,7,4.2
2026-10-08T20:01:15Z,football_nfl,32678,2026-10-09T00:15:00Z,Dallas Cowboys,Tampa Bay Buccaneers,player_pass_attempts,Dak Prescott,34.5,Over,underdog,-106,-5.55,0.486,pinnacle,7,4.2
2026-10-08T20:01:15Z,football_nfl,32678,2026-10-09T00:15:00Z,Dallas Cowboys,Tampa Bay Buccaneers,player_pass_attempts,Dak Prescott,34.5,Under,hardrock,-120,-5.77,0.514,pinnacle,7,4.2
2026-10-08T20:01:15Z,football_nfl,32678,2026-10-09T00:15:00Z,Dallas Cowboys,Tampa Bay Buccaneers,player_pass_attempts,Dak Prescott,34.5,Under,draftkings,-124,-7.15,0.514,pinnacle,7,4.2
2026-10-08T20:01:15Z,football_nfl,32678,2026-10-09T00:15:00Z,Dallas Cowboys,Tampa Bay Buccaneers,player_pass_attempts,Dak Prescott,34.5,Over,hardrock,-110,-7.22,0.486,pinnacle,7,4.2
2026-10-08T20:01:15Z,football_nfl,32678,2026-10-09T00:15:00Z,Dallas Cowboys,Tampa Bay Buccaneers,player_pass_attempts,Dak Prescott,34.5,Under,bovada,-125,-7.48,0.514,pinnacle,7,4.2
2026-10-08T20:01:15Z,football_nfl,32678,2026-10-09T00:15:00Z,Dallas Cowboys,Tampa Bay Buccaneers,player_pass_rush_yds,Dak Prescott,280.5,Over,underdog,-110,-4.55,0.5,bovada,3,4.2
2026-10-08T20:01:15Z,football_nfl,32678,2026-10-09T00:15:00Z,Dallas Cowboys,Tampa Bay Buccaneers,player_pass_rush_yds,Dak Prescott,280.5,Over,draftkings,-112,-5.36,0.5,bovada,3,4.2
2026-10-08T20:01:15Z,football_nfl,32678,2026-10-09T00:15:00Z,Dallas Cowboys,Tampa Bay Buccaneers,player_pass_rush_yds,Dak Prescott,280.5,Under,underdog,-112,-5.36,0.5,bovada,3,4.2
2026-10-08T20:01:15Z,football_nfl,32678,2026-10-09T00:15:00Z,Dallas Cowboys,Tampa Bay Buccaneers,player_pass_rush_yds,Dak Prescott,280.5,Under,draftkings,-114,-6.14,0.5,bovada,3,4.2
2026-10-08T20:01:15Z,football_nfl,32678,2026-10-09T00:15:00Z,Dallas Cowboys,Tampa Bay Buccaneers,player_pass_rush_yds,Dak Prescott,280.5,Over,bovada,-115,-6.52,0.5,bovada,3,4.2
2026-10-08T20:01:15Z,football_nfl,32678,2026-10-09T00:15:00Z,Dallas Cowboys,Tampa Bay Buccaneers,player_pass_rush_yds,Dak Prescott,280.5,Under,bovada,-115,-6.52,0.5,bovada,3,4.2
2026-10-08T20:01:15Z,football_nfl,32678,2026-10-09T00:15:00Z,Dallas Cowboys,Tampa Bay Buccaneers,player_pass_rush_yds,Jalon Daniels,229.5,Under,underdog,-110,-4.55,0.5,bovada,5,4.2
2026-10-08T20:01:15Z,football_nfl,32678,2026-10-09T00:15:00Z,Dallas Cowboys,Tampa Bay Buccaneers,player_pass_rush_yds,Jalon Daniels,229.5,Over,draftkings,-112,-5.36,0.5,bovada,5,4.2
2026-10-08T20:01:15Z,football_nfl,32678,2026-10-09T00:15:00Z,Dallas Cowboys,Tampa Bay Buccaneers,player_pass_rush_yds,Jalon Daniels,229.5,Over,underdog,-112,-5.36,0.5,bovada,5,4.2
2026-10-08T20:01:15Z,football_nfl,32678,2026-10-09T00:15:00Z,Dallas Cowboys,Tampa Bay Buccaneers,player_pass_rush_yds,Jalon Daniels,229.5,Under,draftkings,-114,-6.14,0.5,bovada,5,4.2
2026-10-08T20:01:15Z,football_nfl,32678,2026-10-09T00:15:00Z,Dallas Cowboys,Tampa Bay Buccaneers,player_pass_rush_yds,Jalon Daniels,229.5,Over,bovada,-115,-6.52,0.5,bovada,5,4.2
2026-10-08T20:01:15Z,football_nfl,32678,2026-10-09T00:15:00Z,Dallas Cowboys,Tampa Bay Buccaneers,player_pass_rush_yds,Jalon Daniels,229.5,Under,bovada,-115,-6.52,0.5,bovada,5,4.2
2026-10-08T20:01:15Z,football_nfl,32678,2026-10-09T00:15:00Z,Dallas Cowboys,Tampa Bay Buccaneers,player_pass_tds,Dak Prescott,0.5,Over,kalshi,-1011,-0.99,0.901,kalshi,2,4.2
2026-10-08T20:01:15Z,football_nfl,32678,2026-10-09T00:15:00Z,Dallas Cowboys,Tampa Bay Buccaneers,player_pass_tds,Dak Prescott,0.5,Under,kalshi,900,-0.99,0.099,kalshi,2,4.2
2026-10-08T20:01:15Z,football_nfl,32678,2026-10-09T00:15:00Z,Dallas Cowboys,Tampa Bay Buccaneers,player_pass_tds,Dak Prescott,1.5,Over,kalshi,-223,-1.08,0.6829,kalshi,6,4.2
2026-10-08T20:01:15Z,football_nfl,32678,2026-10-09T00:15:00Z,Dallas Cowboys,Tampa Bay Buccaneers,player_pass_tds,Dak Prescott,1.5,Under,kalshi,212,-1.08,0.3171,kalshi,6,4.2
2026-10-08T20:01:15Z,football_nfl,32678,2026-10-09T00:15:00Z,Dallas Cowboys,Tampa Bay Buccaneers,player_pass_tds,Dak Prescott,3.5,Over,kalshi,614,-0.99,0.1387,kalshi,3,4.2
2026-10-08T20:01:15Z,football_nfl,32678,2026-10-09T00:15:00Z,Dallas Cowboys,Tampa Bay Buccaneers,player_pass_tds,Dak Prescott,3.5,Under,kalshi,-669,-0.99,0.8613,kalshi,3,4.2
2026-10-08T20:01:15Z,football_nfl,32678,2026-10-09T00:15:00Z,Dallas Cowboys,Tampa Bay Buccaneers,player_pass_tds,Dak Prescott,4.5,Over,kalshi,1900,-0.99,0.0495,kalshi,3,4.2
2026-10-08T20:01:15Z,football_nfl,32678,2026-10-09T00:15:00Z,Dallas Cowboys,Tampa Bay Buccaneers,player_pass_tds,Dak Prescott,4.5,Under,kalshi,-2400,-0.99,0.9505,kalshi,3,4.2
2026-10-08T20:01:15Z,football_nfl,32678,2026-10-09T00:15:00Z,Dallas Cowboys,Tampa Bay Buccaneers,player_pass_tds,Jalon Daniels,1.5,Over,kalshi,233,-1.03,0.2972,kalshi,3,4.2
2026-10-08T20:01:15Z,football_nfl,32678,2026-10-09T00:15:00Z,Dallas Cowboys,Tampa Bay Buccaneers,player_pass_tds,Jalon Daniels,1.5,Under,kalshi,-245,-1.03,0.7028,kalshi,3,4.2
2026-10-08T20:01:15Z,football_nfl,32678,2026-10-09T00:15:00Z,Dallas Cowboys,Tampa Bay Buccaneers,player_pass_tds,Jalon Daniels,2.5,Over,kalshi,900,-0.99,0.099,kalshi,3,4.2
2026-10-08T20:01:15Z,football_nfl,32678,2026-10-09T00:15:00Z,Dallas Cowboys,Tampa Bay Buccaneers,player_pass_tds,Jalon Daniels,2.5,Under,kalshi,-1011,-0.99,0.901,kalshi,3,4.2
2026-10-08T20:01:15Z,football_nfl,32678,2026-10-09T00:15:00Z,Dallas Cowboys,Tampa Bay Buccaneers,player_pass_yds,Dak Prescott,174.5,Over,kalshi,-1150,-0.99,0.9109,kalshi,3,4.2
2026-10-08T20:01:15Z,football_nfl,32678,2026-10-09T00:15:00Z,Dallas Cowboys,Tampa Bay Buccaneers,player_pass_yds,Dak Prescott,174.5,Under,kalshi,1011,-0.99,0.0891,kalshi,3,4.2
2026-10-08T20:01:15Z,football_nfl,32678,2026-10-09T00:15:00Z,Dallas Cowboys,Tampa Bay Buccaneers,player_pass_yds,Dak Prescott,199.5,Over,kalshi,-567,-1.0,0.8416,kalshi,3,4.2
2026-10-08T20:01:15Z,football_nfl,32678,2026-10-09T00:15:00Z,Dallas Cowboys,Tampa Bay Buccaneers,player_pass_yds,Dak Prescott,199.5,Under,kalshi,525,-1.0,0.1584,kalshi,3,4.2
2026-10-08T20:01:15Z,football_nfl,32678,2026-10-09T00:15:00Z,Dallas Cowboys,Tampa Bay Buccaneers,player_pass_yds,Dak Prescott,224.5,Over,kalshi,-285,-1.04,0.7325,kalshi,3,4.2
2026-10-08T20:01:15Z,football_nfl,32678,2026-10-09T00:15:00Z,Dallas Cowboys,Tampa Bay Buccaneers,player_pass_yds,Dak Prescott,224.5,Under,kalshi,270,-1.04,0.2675,kalshi,3,4.2
2026-10-08T20:01:15Z,football_nfl,32678,2026-10-09T00:15:00Z,Dallas Cowboys,Tampa Bay Buccaneers,player_pass_yds,Dak Prescott,238.5,Over,bovada,-245,-6.3,0.6654,bovada,1,4.2
2026-10-08T20:01:15Z,football_nfl,32678,2026-10-09T00:15:00Z,Dallas Cowboys,Tampa Bay Buccaneers,player_pass_yds,Dak Prescott,238.5,Under,bovada,180,-6.3,0.3346,bovada,1,4.2
2026-10-08T20:01:15Z,football_nfl,32678,2026-10-09T00:15:00Z,Dallas Cowboys,Tampa Bay Buccaneers,player_pass_yds,Dak Prescott,248.5,Over,bovada,-185,-6.17,0.6091,bovada,1,4.2
2026-10-08T20:01:15Z,football_nfl,32678,2026-10-09T00:15:00Z,Dallas Cowboys,Tampa Bay Buccaneers,player_pass_yds,Dak Prescott,248.5,Under,bovada,140,-6.17,0.3909,bovada,1,4.2
2026-10-08T20:01:15Z,football_nfl,32678,2026-10-09T00:15:00Z,Dallas Cowboys,Tampa Bay Buccaneers,player_pass_yds,Dak Prescott,258.5,Over,bovada,-145,-6.37,0.5541,bovada,3,4.2
2026-10-08T20:01:15Z,football_nfl,32678,2026-10-09T00:15:00Z,Dallas Cowboys,Tampa Bay Buccaneers,player_pass_yds,Dak Prescott,258.5,Under,bovada,110,-6.37,0.4459,bovada,3,4.2
2026-10-08T20:01:15Z,football_nfl,32678,2026-10-09T00:15:00Z,Dallas Cowboys,Tampa Bay Buccaneers,player_pass_yds,Dak Prescott,268.5,Over,draftkings,-112,-4.54,0.5043,pinnacle,6,4.2
2026-10-08T20:01:15Z,football_nfl,32678,2026-10-09T00:15:00Z,Dallas Cowboys,Tampa Bay Buccaneers,player_pass_yds,Dak Prescott,268.5,Over,pinnacle,-112,-4.54,0.5043,pinnacle,6,4.2
2026-10-08T20:01:15Z,football_nfl,32678,2026-10-09T00:15:00Z,Dallas Cowboys,Tampa Bay Buccaneers,player_pass_yds,Dak Prescott,268.5,Under,pinnacle,-108,-4.54,0.4957,pinnacle,6,4.2
2026-10-08T20:01:15Z,football_nfl,32678,2026-10-09T00:15:00Z,Dallas Cowboys,Tampa Bay Buccaneers,player_pass_yds,Dak Prescott,268.5,Over,fanduel,-113,-4.94,0.5043,pinnacle,6,4.2
2026-10-08T20:01:15Z,football_nfl,32678,2026-10-09T00:15:00Z,Dallas Cowboys,Tampa Bay Buccaneers,player_pass_yds,Dak Prescott,268.5,Over,bovada,-115,-5.71,0.5043,pinnacle,6,4.2
2026-10-08T20:01:15Z,football_nfl,32678,2026-10-09T00:15:00Z,Dallas Cowboys,Tampa Bay Buccaneers,player_pass_yds,Dak Prescott,268.5,Under,draftkings,-112,-6.18,0.4957,pinnacle,6,4.2
2026-10-08T20:01:15Z,football_nfl,32678,2026-10-09T00:15:00Z,Dallas Cowboys,Tampa Bay Buccaneers,player_pass_yds,Dak Prescott,268.5,Under,fanduel,-113,-6.57,0.4957,pinnacle,6,4.2
2026-10-08T20:01:15Z,football_nfl,32678,2026-10-09T00:15:00Z,Dallas Cowboys,Tampa Bay Buccaneers,player_pass_yds,Dak Prescott,268.5,Under,bovada,-115,-7.33,0.4957,pinnacle,6,4.2
2026-10-08T20:01:15Z,football_nfl,32678,2026-10-09T00:15:00Z,Dallas Cowboys,Tampa Bay Buccaneers,player_pass_yds,Dak Prescott,274.5,Over,kalshi,113,-0.86,0.4655,kalshi,3,4.2
2026-10-08T20:01:15Z,football_nfl,32678,2026-10-09T00:15:00Z,Dallas Cowboys,Tampa Bay Buccaneers,player_pass_yds,Dak Prescott,274.5,Under,kalshi,-117,-0.86,0.5345,kalshi,3,4.2
2026-10-08T20:01:15Z,football_nfl,32678,2026-10-09T00:15:00Z,Dallas Cowboys,Tampa Bay Buccaneers,player_pass_yds,Dak Prescott,278.5,Over,bovada,110,-6.37,0.4459,bovada,1,4.2
2026-10-08T20:01:15Z,football_nfl,32678,2026-10-09T00:15:00Z,Dallas Cowboys,Tampa Bay Buccaneers,player_pass_yds,Dak Prescott,278.5,Under,bovada,-145,-6.37,0.5541,bovada,1,4.2
2026-10-08T20:01:15Z,football_nfl,32678,2026-10-09T00:15:00Z,Dallas Cowboys,Tampa Bay Buccaneers,player_pass_yds,Dak Prescott,288.5,Over,bovada,140,-6.17,0.3909,bovada,1,4.2
2026-10-08T20:01:15Z,football_nfl,32678,2026-10-09T00:15:00Z,Dallas Cowboys,Tampa Bay Buccaneers,player_pass_yds,Dak Prescott,288.5,Under,bovada,-185,-6.17,0.6091,bovada,1,4.2
2026-10-08T20:01:15Z,football_nfl,32678,2026-10-09T00:15:00Z,Dallas Cowboys,Tampa Bay Buccaneers,player_pass_yds,Dak Prescott,298.5,Over,bovada,170,-6.31,0.347,bovada,1,4.2
2026-10-08T20:01:15Z,football_nfl,32678,2026-10-09T00:15:00Z,Dallas Cowboys,Tampa Bay Buccaneers,player_pass_yds,Dak Prescott,298.5,Under,bovada,-230,-6.31,0.653,bovada,1,4.2
2026-10-08T20:01:15Z,football_nfl,32678,2026-10-09T00:15:00Z,Dallas Cowboys,Tampa Bay Buccaneers,player_pass_yds,Dak Prescott,299.5,Over,kalshi,194,-1.0,0.3367,kalshi,2,4.2
2026-10-08T20:01:15Z,football_nfl,32678,2026-10-09T00:15:00Z,Dallas Cowboys,Tampa Bay Buccaneers,player_pass_yds,Dak Prescott,299.5,Under,kalshi,-203,-1.0,0.6633,kalshi,2,4.2
2026-10-08T20:01:15Z,football_nfl,32678,2026-10-09T00:15:00Z,Dallas Cowboys,Tampa Bay Buccaneers,player_pass_yds,Dak Prescott,324.5,Over,kalshi,335,-1.0,0.2276,kalshi,2,4.2
2026-10-08T20:01:15Z,football_nfl,32678,2026-10-09T00:15:00Z,Dallas Cowboys,Tampa Bay Buccaneers,player_pass_yds,Dak Prescott,324.5,Under,kalshi,-355,-1.0,0.7724,kalshi,2,4.2
2026-10-08T20:01:15Z,football_nfl,32678,2026-10-09T00:15:00Z,Dallas Cowboys,Tampa Bay Buccaneers,player_pass_yds,Dak Prescott,349.5,Over,kalshi,614,-0.99,0.1387,kalshi,2,4.2
2026-10-08T20:01:15Z,football_nfl,32678,2026-10-09T00:15:00Z,Dallas Cowboys,Tampa Bay Buccaneers,player_pass_yds,Dak Prescott,349.5,Under,kalshi,-669,-0.99,0.8613,kalshi,2,4.2
2026-10-08T20:01:15Z,football_nfl,32678,2026-10-09T00:15:00Z,Dallas Cowboys,Tampa Bay Buccaneers,player_pass_yds,Jalon Daniels,124.5,Over,kalshi,-456,-1.97,0.8039,kalshi,3,4.2
2026-10-08T20:01:15Z,football_nfl,32678,2026-10-09T00:15:00Z,Dallas Cowboys,Tampa Bay Buccaneers,player_pass_yds,Jalon Daniels,124.5,Under,kalshi,400,-1.97,0.1961,kalshi,3,4.2
2026-10-08T20:01:15Z,football_nfl,32678,2026-10-09T00:15:00Z,Dallas Cowboys,Tampa Bay Buccaneers,player_pass_yds,Jalon Daniels,149.5,Over,kalshi,-233,-0.92,0.6933,kalshi,3,4.2
2026-10-08T20:01:15Z,football_nfl,32678,2026-10-09T00:15:00Z,Dallas Cowboys,Tampa Bay Buccaneers,player_pass_yds,Jalon Daniels,149.5,Under,kalshi,223,-0.92,0.3067,kalshi,3,4.2
2026-10-08T20:01:15Z,football_nfl,32678,2026-10-09T00:15:00Z,Dallas Cowboys,Tampa Bay Buccaneers,player_pass_yds,Jalon Daniels,152.5,Over,bovada,-260,-6.28,0.6768,bovada,1,4.2
2026-10-08T20:01:15Z,football_nfl,32678,2026-10-09T00:15:00Z,Dallas Cowboys,Tampa Bay Buccaneers,player_pass_yds,Jalon Daniels,152.5,Under,bovada,190,-6.28,0.3232,bovada,1,4.2
2026-10-08T20:01:15Z,football_nfl,32678,2026-10-09T00:15:00Z,Dallas Cowboys,Tampa Bay Buccaneers,player_pass_yds,Jalon Daniels,162.5,Over,bovada,-190,-5.96,0.6161,bovada,1,4.2
2026-10-08T20:01:15Z,football_nfl,32678,2026-10-09T00:15:00Z,Dallas Cowboys,Tampa Bay Buccaneers,player_pass_yds,Jalon Daniels,162.5,Under,bovada,145,-5.96,0.3839,bovada,1,4.2
2026-10-08T20:01:15Z,football_nfl,32678,2026-10-09T00:15:00Z,Dallas Cowboys,Tampa Bay Buccaneers,player_pass_yds,Jalon Daniels,172.5,Over,bovada,-145,-6.37,0.5541,bovada,2,4.2
2026-10-08T20:01:15Z,football_nfl,32678,2026-10-09T00:15:00Z,Dallas Cowboys,Tampa Bay Buccaneers,player_pass_yds,Jalon Daniels,172.5,Under,bovada,110,-6.37,0.4459,bovada,2,4.2
2026-10-08T20:01:15Z,football_nfl,32678,2026-10-09T00:15:00Z,Dallas Cowboys,Tampa Bay Buccaneers,player_pass_yds,Jalon Daniels,174.5,Over,kalshi,-127,-0.98,0.554,kalshi,3,4.2
2026-10-08T20:01:15Z,football_nfl,32678,2026-10-09T00:15:00Z,Dallas Cowboys,Tampa Bay Buccaneers,player_pass_yds,Jalon Daniels,174.5,Under,kalshi,122,-0.98,0.446,kalshi,3,4.2
2026-10-08T20:01:15Z,football_nfl,32678,2026-10-09T00:15:00Z,Dallas Cowboys,Tampa Bay Buccaneers,player_pass_yds,Jalon Daniels,182.5,Over,draftkings,-112,-3.31,0.5108,pinnacle,7,4.2
2026-10-08T20:01:15Z,football_nfl,32678,2026-10-09T00:15:00Z,Dallas Cowboys,Tampa Bay Buccaneers,player_pass_yds,Jalon Daniels,182.5,Over,fanduel,-113,-3.71,0.5108,pinnacle,7,4.2
2026-10-08T20:01:15Z,football_nfl,32678,2026-10-09T00:15:00Z,Dallas Cowboys,Tampa Bay Buccaneers,player_pass_yds,Jalon Daniels,182.5,Over,bovada,-115,-4.5,0.5108,pinnacle,7,4.2
2026-10-08T20:01:15Z,football_nfl,32678,2026-10-09T00:15:00Z,Dallas Cowboys,Tampa Bay Buccaneers,player_pass_yds,Jalon Daniels,182.5,Over,pinnacle,-115,-4.5,0.5108,pinnacle,7,4.2
2026-10-08T20:01:15Z,football_nfl,32678,2026-10-09T00:15:00Z,Dallas Cowboys,Tampa Bay Buccaneers,player_pass_yds,Jalon Daniels,182.5,Under,pinnacle,-105,-4.5,0.4892,pinnacle,7,4.2
2026-10-08T20:01:15Z,football_nfl,32678,2026-10-09T00:15:00Z,Dallas Cowboys,Tampa Bay Buccaneers,player_pass_yds,Jalon Daniels,182.5,Under,draftkings,-112,-7.41,0.4892,pinnacle,7,4.2
2026-10-08T20:01:15Z,football_nfl,32678,2026-10-09T00:15:00Z,Dallas Cowboys,Tampa Bay Buccaneers,player_pass_yds,Jalon Daniels,182.5,Under,fanduel,-113,-7.79,0.4892,pinnacle,7,4.2
2026-10-08T20:01:15Z,football_nfl,32678,2026-10-09T00:15:00Z,Dallas Cowboys,Tampa Bay Buccaneers,player_pass_yds,Jalon Daniels,182.5,Under,bovada,-115,-8.55,0.4892,pinnacle,7,4.2
2026-10-08T20:01:15Z,football_nfl,32678,2026-10-09T00:15:00Z,Dallas Cowboys,Tampa Bay Buccaneers,player_pass_yds,Jalon Daniels,192.5,Over,bovada,110,-6.37,0.4459,bovada,1,4.2
2026-10-08T20:01:15Z,football_nfl,32678,2026-10-09T00:15:00Z,Dallas Cowboys,Tampa Bay Buccaneers,player_pass_yds,Jalon Daniels,192.5,Under,bovada,-145,-6.37,0.5541,bovada,1,4.2
2026-10-08T20:01:15Z,football_nfl,32678,2026-10-09T00:15:00Z,Dallas Cowboys,Tampa Bay Buccaneers,player_pass_yds,Jalon Daniels,202.5,Over,bovada,140,-6.17,0.3909,bovada,1,4.2
2026-10-08T20:01:15Z,football_nfl,32678,2026-10-09T00:15:00Z,Dallas Cowboys,Tampa Bay Buccaneers,player_pass_yds,Jalon Daniels,202.5,Under,bovada,-185,-6.17,0.6091,bovada,1,4.2
2026-10-08T20:01:15Z,football_nfl,32678,2026-10-09T00:15:00Z,Dallas Cowboys,Tampa Bay Buccaneers,player_pass_yds,Jalon Daniels,212.5,Over,bovada,175,-6.5,0.34,bovada,1,4.2
2026-10-08T20:01:15Z,football_nfl,32678,2026-10-09T00:15:00Z,Dallas Cowboys,Tampa Bay Buccaneers,player_pass_yds,Jalon Daniels,212.5,Under,bovada,-240,-6.5,0.66,bovada,1,4.2
2026-10-08T20:01:15Z,football_nfl,32678,2026-10-09T00:15:00Z,Dallas Cowboys,Tampa Bay Buccaneers,player_pass_yds,Jalon Daniels,224.5,Over,kalshi,270,-1.04,0.2675,kalshi,3,4.2
2026-10-08T20:01:15Z,football_nfl,32678,2026-10-09T00:15:00Z,Dallas Cowboys,Tampa Bay Buccaneers,player_pass_yds,Jalon Daniels,224.5,Under,kalshi,-285,-1.04,0.7325,kalshi,3,4.2
2026-10-08T20:01:15Z,football_nfl,32678,2026-10-09T00:15:00Z,Dallas Cowboys,Tampa Bay Buccaneers,player_pass_yds,Jalon Daniels,249.5,Over,kalshi,488,-1.0,0.1684,kalshi,3,4.2
2026-10-08T20:01:15Z,football_nfl,32678,2026-10-09T00:15:00Z,Dallas Cowboys,Tampa Bay Buccaneers,player_pass_yds,Jalon Daniels,249.5,Under,kalshi,-525,-1.0,0.8316,kalshi,3,4.2
2026-10-08T20:01:15Z,football_nfl,32678,2026-10-09T00:15:00Z,Dallas Cowboys,Tampa Bay Buccaneers,player_pass_yds,Jalon Daniels,274.5,Over,kalshi,809,-0.99,0.1089,kalshi,3,4.2
2026-10-08T20:01:15Z,football_nfl,32678,2026-10-09T00:15:00Z,Dallas Cowboys,Tampa Bay Buccaneers,player_pass_yds,Jalon Daniels,274.5,Under,kalshi,-900,-0.99,0.8911,kalshi,3,4.2
2026-10-08T20:01:15Z,football_nfl,32678,2026-10-09T00:15:00Z,Dallas Cowboys,Tampa Bay Buccaneers,player_pass_yds,Jalon Daniels,299.5,Over,kalshi,1567,-0.99,0.0594,kalshi,2,4.2
2026-10-08T20:01:15Z,football_nfl,32678,2026-10-09T00:15:00Z,Dallas Cowboys,Tampa Bay Buccaneers,player_pass_yds,Jalon Daniels,299.5,Under,kalshi,-1900,-0.99,0.9406,kalshi,2,4.2
2026-10-08T20:01:15Z,football_nfl,32678,2026-10-09T00:15:00Z,Dallas Cowboys,Tampa Bay Buccaneers,player_reception_longest,Cade Otton,14.5,Under,hardrock,-115,-2.73,0.5203,bovada,7,4.2
2026-10-08T20:01:15Z,football_nfl,32678,2026-10-09T00:15:00Z,Dallas Cowboys,Tampa Bay Buccaneers,player_reception_longest,Cade Otton,14.5,Under,underdog,-121,-4.97,0.5203,bovada,7,4.2
2026-10-08T20:01:15Z,football_nfl,32678,2026-10-09T00:15:00Z,Dallas Cowboys,Tampa Bay Buccaneers,player_reception_longest,Cade Otton,14.5,Over,underdog,-102,-5.0,0.4797,bovada,7,4.2
2026-10-08T20:01:15Z,football_nfl,32678,2026-10-09T00:15:00Z,Dallas Cowboys,Tampa Bay Buccaneers,player_reception_longest,Cade Otton,14.5,Over,draftkings,-104,-5.91,0.4797,bovada,7,4.2
2026-10-08T20:01:15Z,football_nfl,32678,2026-10-09T00:15:00Z,Dallas Cowboys,Tampa Bay Buccaneers,player_reception_longest,Cade Otton,14.5,Under,draftkings,-125,-6.35,0.5203,bovada,7,4.2
2026-10-08T20:01:15Z,football_nfl,32678,2026-10-09T00:15:00Z,Dallas Cowboys,Tampa Bay Buccaneers,player_reception_longest,Cade Otton,14.5,Over,bovada,-105,-6.35,0.4797,bovada,7,4.2
2026-10-08T20:01:15Z,football_nfl,32678,2026-10-09T00:15:00Z,Dallas Cowboys,Tampa Bay Buccaneers,player_reception_longest,Cade Otton,14.5,Under,bovada,-125,-6.35,0.5203,bovada,7,4.2
2026-10-08T20:01:15Z,football_nfl,32678,2026-10-09T00:15:00Z,Dallas Cowboys,Tampa Bay Buccaneers,player_reception_longest,Cade Otton,14.5,Over,hardrock,-115,-10.32,0.4797,bovada,7,4.2
2026-10-08T20:01:15Z,football_nfl,32678,2026-10-09T00:15:00Z,Dallas Cowboys,Tampa Bay Buccaneers,player_reception_longest,CeeDee Lamb,27.5,Under,hardrock,-115,-4.63,0.5101,bovada,5,4.2
2026-10-08T20:01:15Z,football_nfl,32678,2026-10-09T00:15:00Z,Dallas Cowboys,Tampa Bay Buccaneers,player_reception_longest,CeeDee Lamb,27.5,Under,underdog,-115,-4.63,0.5101,bovada,5,4.2
2026-10-08T20:01:15Z,football_nfl,32678,2026-10-09T00:15:00Z,Dallas Cowboys,Tampa Bay Buccaneers,player_reception_longest,CeeDee Lamb,27.5,Over,underdog,-107,-5.23,0.4899,bovada,5,4.2
2026-10-08T20:01:15Z,football_nfl,32678,2026-10-09T00:15:00Z,Dallas Cowboys,Tampa Bay Buccaneers,player_reception_longest,CeeDee Lamb,27.5,Over,draftkings,-109,-6.07,0.4899,bovada,5,4.2
2026-10-08T20:01:15Z,football_nfl,32678,2026-10-09T00:15:00Z,Dallas Cowboys,Tampa Bay Buccaneers,player_reception_longest,CeeDee Lamb,27.5,Under,draftkings,-119,-6.12,0.5101,bovada,5,4.2
2026-10-08T20:01:15Z,football_nfl,32678,2026-10-09T00:15:00Z,Dallas Cowboys,Tampa Bay Buccaneers,player_reception_longest,CeeDee Lamb,27.5,Over,bovada,-110,-6.48,0.4899,bovada,5,4.2
2026-10-08T20:01:15Z,football_nfl,32678,2026-10-09T00:15:00Z,Dallas Cowboys,Tampa Bay Buccaneers,player_reception_longest,CeeDee Lamb,27.5,Under,bovada,-120,-6.48,0.5101,bovada,5,4.2
2026-10-08T20:01:15Z,football_nfl,32678,2026-10-09T00:15:00Z,Dallas Cowboys,Tampa Bay Buccaneers,player_reception_longest,CeeDee Lamb,27.5,Over,hardrock,-115,-8.41,0.4899,bovada,5,4.2
2026-10-08T20:01:15Z,football_nfl,32678,2026-10-09T00:15:00Z,Dallas Cowboys,Tampa Bay Buccaneers,player_reception_longest,Emeka Egbuka,16.5,Over,underdog,-120,-4.61,0.5203,bovada,5,4.2
2026-10-08T20:01:15Z,football_nfl,32678,2026-10-09T00:15:00Z,Dallas Cowboys,Tampa Bay Buccaneers,player_reception_longest,Emeka Egbuka,16.5,Over,draftkings,-122,-5.32,0.5203,bovada,5,4.2
2026-10-08T20:01:15Z,football_nfl,32678,2026-10-09T00:15:00Z,Dallas Cowboys,Tampa Bay Buccaneers,player_reception_longest,Emeka Egbuka,16.5,Under,underdog,-104,-5.91,0.4797,bovada,5,4.2
2026-10-08T20:01:15Z,football_nfl,32678,2026-10-09T00:15:00Z,Dallas Cowboys,Tampa Bay Buccaneers,player_reception_longest,Emeka Egbuka,16.5,Over,bovada,-125,-6.35,0.5203,bovada,5,4.2
2026-10-08T20:01:15Z,football_nfl,32678,2026-10-09T00:15:00Z,Dallas Cowboys,Tampa Bay Buccaneers,player_reception_longest,Emeka Egbuka,16.5,Under,bovada,-105,-6.35,0.4797,bovada,5,4.2
2026-10-08T20:01:15Z,football_nfl,32678,2026-10-09T00:15:00Z,Dallas Cowboys,Tampa Bay Buccaneers,player_reception_longest,Emeka Egbuka,16.5,Under,draftkings,-106,-6.78,0.4797,bovada,5,4.2
2026-10-08T20:01:15Z,football_nfl,32678,2026-10-09T00:15:00Z,Dallas Cowboys,Tampa Bay Buccaneers,player_reception_longest,George Pickens,25.5,Over,underdog,-106,-2.83,0.5,bovada,6,4.2
2026-10-08T20:01:15Z,football_nfl,32678,2026-10-09T00:15:00Z,Dallas Cowboys,Tampa Bay Buccaneers,player_reception_longest,George Pickens,25.5,Over,hardrock,-110,-4.55,0.5,bovada,6,4.2
2026-10-08T20:01:15Z,football_nfl,32678,2026-10-09T00:15:00Z,Dallas Cowboys,Tampa Bay Buccaneers,player_reception_longest,George Pickens,25.5,Over,draftkings,-112,-5.36,0.5,bovada,6,4.2
2026-10-08T20:01:15Z,football_nfl,32678,2026-10-09T00:15:00Z,Dallas Cowboys,Tampa Bay Buccaneers,player_reception_longest,George Pickens,25.5,Under,draftkings,-115,-6.52,0.5,bovada,6,4.2
2026-10-08T20:01:15Z,football_nfl,32678,2026-10-09T00:15:00Z,Dallas Cowboys,Tampa Bay Buccaneers,player_reception_longest,George Pickens,25.5,Over,bovada,-115,-6.52,0.5,bovada,6,4.2
2026-10-08T20:01:15Z,football_nfl,32678,2026-10-09T00:15:00Z,Dallas Cowboys,Tampa Bay Buccaneers,player_reception_longest,George Pickens,25.5,Under,bovada,-115,-6.52,0.5,bovada,6,4.2
2026-10-08T20:01:15Z,football_nfl,32678,2026-10-09T00:15:00Z,Dallas Cowboys,Tampa Bay Buccaneers,player_reception_longest,George Pickens,25.5,Under,underdog,-117,-7.26,0.5,bovada,6,4.2
2026-10-08T20:01:15Z,football_nfl,32678,2026-10-09T00:15:00Z,Dallas Cowboys,Tampa Bay Buccaneers,player_reception_longest,George Pickens,25.5,Under,hardrock,-120,-8.33,0.5,bovada,6,4.2
2026-10-08T20:01:15Z,football_nfl,32678,2026-10-09T00:15:00Z,Dallas Cowboys,Tampa Bay Buccaneers,player_reception_longest,Jake Ferguson,11.5,Under,underdog,-104,-1.92,0.5,bovada,5,4.2
2026-10-08T20:01:15Z,football_nfl,32678,2026-10-09T00:15:00Z,Dallas Cowboys,Tampa Bay Buccaneers,player_reception_longest,Jake Ferguson,11.5,Under,hardrock,-105,-2.38,0.5,bovada,5,4.2
2026-10-08T20:01:15Z,football_nfl,32678,2026-10-09T00:15:00Z,Dallas Cowboys,Tampa Bay Buccaneers,player_reception_longest,Jake Ferguson,11.5,Under,draftkings,-113,-5.75,0.5,bovada,5,4.2
2026-10-08T20:01:15Z,football_nfl,32678,2026-10-09T00:15:00Z,Dallas Cowboys,Tampa Bay Buccaneers,player_reception_longest,Jake Ferguson,11.5,Over,draftkings,-114,-6.14,0.5,bovada,5,4.2
2026-10-08T20:01:15Z,football_nfl,32678,2026-10-09T00:15:00Z,Dallas Cowboys,Tampa Bay Buccaneers,player_reception_longest,Jake Ferguson,11.5,Over,bovada,-115,-6.52,0.5,bovada,5,4.2
2026-10-08T20:01:15Z,football_nfl,32678,2026-10-09T00:15:00Z,Dallas Cowboys,Tampa Bay Buccaneers,player_reception_longest,Jake Ferguson,11.5,Under,bovada,-115,-6.52,0.5,bovada,5,4.2
2026-10-08T20:01:15Z,football_nfl,32678,2026-10-09T00:15:00Z,Dallas Cowboys,Tampa Bay Buccaneers,player_reception_longest,Jake Ferguson,11.5,Over,underdog,-120,-8.33,0.5,bovada,5,4.2
2026-10-08T20:01:15Z,football_nfl,32678,2026-10-09T00:15:00Z,Dallas Cowboys,Tampa Bay Buccaneers,player_reception_longest,Jake Ferguson,11.5,Over,hardrock,-125,-10.0,0.5,bovada,5,4.2
2026-10-08T20:01:15Z,football_nfl,32678,2026-10-09T00:15:00Z,Dallas Cowboys,Tampa Bay Buccaneers,player_reception_longest,Kenneth Gainwell,9.5,Under,draftkings,-122,-5.32,0.5203,bovada,2,4.2
2026-10-08T20:01:15Z,football_nfl,32678,2026-10-09T00:15:00Z,Dallas Cowboys,Tampa Bay Buccaneers,player_reception_longest,Kenneth Gainwell,9.5,Over,bovada,-105,-6.35,0.4797,bovada,2,4.2
2026-10-08T20:01:15Z,football_nfl,32678,2026-10-09T00:15:00Z,Dallas Cowboys,Tampa Bay Buccaneers,player_reception_longest,Kenneth Gainwell,9.5,Under,bovada,-125,-6.35,0.5203,bovada,2,4.2
2026-10-08T20:01:15Z,football_nfl,32678,2026-10-09T00:15:00Z,Dallas Cowboys,Tampa Bay Buccaneers,player_reception_longest,Kenneth Gainwell,9.5,Over,draftkings,-106,-6.78,0.4797,bovada,2,4.2
2026-10-08T20:01:15Z,football_nfl,32678,2026-10-09T00:15:00Z,Dallas Cowboys,Tampa Bay Buccaneers,player_reception_longest,Ryan Flournoy,15.5,Under,underdog,-107,-1.31,0.5101,bovada,7,4.2
2026-10-08T20:01:15Z,football_nfl,32678,2026-10-09T00:15:00Z,Dallas Cowboys,Tampa Bay Buccaneers,player_reception_longest,Ryan Flournoy,15.5,Under,hardrock,-110,-2.61,0.5101,bovada,7,4.2
2026-10-08T20:01:15Z,football_nfl,32678,2026-10-09T00:15:00Z,Dallas Cowboys,Tampa Bay Buccaneers,player_reception_longest,Ryan Flournoy,15.5,Over,draftkings,-107,-5.23,0.4899,bovada,7,4.2
2026-10-08T20:01:15Z,football_nfl,32678,2026-10-09T00:15:00Z,Dallas Cowboys,Tampa Bay Buccaneers,player_reception_longest,Ryan Flournoy,15.5,Over,bovada,-110,-6.48,0.4899,bovada,7,4.2
2026-10-08T20:01:15Z,football_nfl,32678,2026-10-09T00:15:00Z,Dallas Cowboys,Tampa Bay Buccaneers,player_reception_longest,Ryan Flournoy,15.5,Under,bovada,-120,-6.48,0.5101,bovada,7,4.2
2026-10-08T20:01:15Z,football_nfl,32678,2026-10-09T00:15:00Z,Dallas Cowboys,Tampa Bay Buccaneers,player_reception_longest,Ryan Flournoy,15.5,Under,draftkings,-121,-6.83,0.5101,bovada,7,4.2
2026-10-08T20:01:15Z,football_nfl,32678,2026-10-09T00:15:00Z,Dallas Cowboys,Tampa Bay Buccaneers,player_reception_longest,Ryan Flournoy,15.5,Over,underdog,-115,-8.41,0.4899,bovada,7,4.2
2026-10-08T20:01:15Z,football_nfl,32678,2026-10-09T00:15:00Z,Dallas Cowboys,Tampa Bay Buccaneers,player_reception_longest,Ryan Flournoy,15.5,Over,hardrock,-120,-10.19,0.4899,bovada,7,4.2
2026-10-08T20:01:15Z,football_nfl,32678,2026-10-09T00:15:00Z,Dallas Cowboys,Tampa Bay Buccaneers,player_reception_longest,Ted Hurst,12.5,Under,underdog,-107,-3.27,0.5,bovada,5,4.2
2026-10-08T20:01:15Z,football_nfl,32678,2026-10-09T00:15:00Z,Dallas Cowboys,Tampa Bay Buccaneers,player_reception_longest,Ted Hurst,12.5,Under,draftkings,-113,-5.75,0.5,bovada,5,4.2
2026-10-08T20:01:15Z,football_nfl,32678,2026-10-09T00:15:00Z,Dallas Cowboys,Tampa Bay Buccaneers,player_reception_longest,Ted Hurst,12.5,Over,draftkings,-114,-6.14,0.5,bovada,5,4.2
2026-10-08T20:01:15Z,football_nfl,32678,2026-10-09T00:15:00Z,Dallas Cowboys,Tampa Bay Buccaneers,player_reception_longest,Ted Hurst,12.5,Over,bovada,-115,-6.52,0.5,bovada,5,4.2
2026-10-08T20:01:15Z,football_nfl,32678,2026-10-09T00:15:00Z,Dallas Cowboys,Tampa Bay Buccaneers,player_reception_longest,Ted Hurst,12.5,Under,bovada,-115,-6.52,0.5,bovada,5,4.2
2026-10-08T20:01:15Z,football_nfl,32678,2026-10-09T00:15:00Z,Dallas Cowboys,Tampa Bay Buccaneers,player_reception_longest,Ted Hurst,12.5,Over,underdog,-115,-6.52,0.5,bovada,5,4.2
2026-10-08T20:01:15Z,football_nfl,32678,2026-10-09T00:15:00Z,Dallas Cowboys,Tampa Bay Buccaneers,player_reception_longest,Tez Johnson,11.5,Over,underdog,-105,-4.36,0.4899,bovada,5,4.2
2026-10-08T20:01:15Z,football_nfl,32678,2026-10-09T00:15:00Z,Dallas Cowboys,Tampa Bay Buccaneers,player_reception_longest,Tez Johnson,11.5,Over,draftkings,-107,-5.23,0.4899,bovada,5,4.2
2026-10-08T20:01:15Z,football_nfl,32678,2026-10-09T00:15:00Z,Dallas Cowboys,Tampa Bay Buccaneers,player_reception_longest,Tez Johnson,11.5,Under,underdog,-118,-5.76,0.5101,bovada,5,4.2
2026-10-08T20:01:15Z,football_nfl,32678,2026-10-09T00:15:00Z,Dallas Cowboys,Tampa Bay Buccaneers,player_reception_longest,Tez Johnson,11.5,Over,bovada,-110,-6.48,0.4899,bovada,5,4.2
2026-10-08T20:01:15Z,football_nfl,32678,2026-10-09T00:15:00Z,Dallas Cowboys,Tampa Bay Buccaneers,player_reception_longest,Tez Johnson,11.5,Under,bovada,-120,-6.48,0.5101,bovada,5,4.2
2026-10-08T20:01:15Z,football_nfl,32678,2026-10-09T00:15:00Z,Dallas Cowboys,Tampa Bay Buccaneers,player_reception_longest,Tez Johnson,11.5,Over,hardrock,-110,-6.48,0.4899,bovada,5,4.2
2026-10-08T20:01:15Z,football_nfl,32678,2026-10-09T00:15:00Z,Dallas Cowboys,Tampa Bay Buccaneers,player_reception_longest,Tez Johnson,11.5,Under,hardrock,-120,-6.48,0.5101,bovada,5,4.2
2026-10-08T20:01:15Z,football_nfl,32678,2026-10-09T00:15:00Z,Dallas Cowboys,Tampa Bay Buccaneers,player_reception_longest,Tez Johnson,11.5,Under,draftkings,-121,-6.83,0.5101,bovada,5,4.2
2026-10-08T20:01:15Z,football_nfl,32678,2026-10-09T00:15:00Z,Dallas Cowboys,Tampa Bay Buccaneers,player_reception_yds,Brevyn Spann-Ford,3.5,Over,draftkings,-111,-4.95,0.5,bovada,6,4.2
2026-10-08T20:01:15Z,football_nfl,32678,2026-10-09T00:15:00Z,Dallas Cowboys,Tampa Bay Buccaneers,player_reception_yds,Brevyn Spann-Ford,3.5,Under,draftkings,-113,-5.75,0.5,bovada,6,4.2
2026-10-08T20:01:15Z,football_nfl,32678,2026-10-09T00:15:00Z,Dallas Cowboys,Tampa Bay Buccaneers,player_reception_yds,Brevyn Spann-Ford,3.5,Over,bovada,-115,-6.52,0.5,bovada,6,4.2
2026-10-08T20:01:15Z,football_nfl,32678,2026-10-09T00:15:00Z,Dallas Cowboys,Tampa Bay Buccaneers,player_reception_yds,Brevyn Spann-Ford,3.5,Under,bovada,-115,-6.52,0.5,bovada,6,4.2
2026-10-08T20:01:15Z,football_nfl,32678,2026-10-09T00:15:00Z,Dallas Cowboys,Tampa Bay Buccaneers,player_reception_yds,Brevyn Spann-Ford,5.5,Over,pinnacle,101,-4.49,0.4752,pinnacle,3,4.2
2026-10-08T20:01:15Z,football_nfl,32678,2026-10-09T00:15:00Z,Dallas Cowboys,Tampa Bay Buccaneers,player_reception_yds,Brevyn Spann-Ford,5.5,Under,pinnacle,-122,-4.49,0.5248,pinnacle,3,4.2
2026-10-08T20:01:15Z,football_nfl,32678,2026-10-09T00:15:00Z,Dallas Cowboys,Tampa Bay Buccaneers,player_reception_yds,Brevyn Spann-Ford,14.5,Over,kalshi,335,-1.0,0.2276,kalshi,3,4.2
2026-10-08T20:01:15Z,football_nfl,32678,2026-10-09T00:15:00Z,Dallas Cowboys,Tampa Bay Buccaneers,player_reception_yds,Brevyn Spann-Ford,14.5,Under,kalshi,-355,-1.0,0.7724,kalshi,3,4.2
2026-10-08T20:01:15Z,football_nfl,32678,2026-10-09T00:15:00Z,Dallas Cowboys,Tampa Bay Buccaneers,player_reception_yds,Brevyn Spann-Ford,24.5,Over,kalshi,900,-0.99,0.099,kalshi,3,4.2
2026-10-08T20:01:15Z,football_nfl,32678,2026-10-09T00:15:00Z,Dallas Cowboys,Tampa Bay Buccaneers,player_reception_yds,Brevyn Spann-Ford,24.5,Under,kalshi,-1011,-0.99,0.901,kalshi,3,4.2
2026-10-08T20:01:15Z,football_nfl,32678,2026-10-09T00:15:00Z,Dallas Cowboys,Tampa Bay Buccaneers,player_reception_yds,Brevyn Spann-Ford,39.5,Over,kalshi,1900,-0.99,0.0495,kalshi,1,4.2
2026-10-08T20:01:15Z,football_nfl,32678,2026-10-09T00:15:00Z,Dallas Cowboys,Tampa Bay Buccaneers,player_reception_yds,Brevyn Spann-Ford,39.5,Under,kalshi,-2400,-0.99,0.9505,kalshi,1,4.2
2026-10-08T20:01:15Z,football_nfl,32678,2026-10-09T00:15:00Z,Dallas Cowboys,Tampa Bay Buccaneers,player_reception_yds,Bucky Irving,14.5,Over,kalshi,117,-1.03,0.4561,kalshi,4,4.2
2026-10-08T20:01:15Z,football_nfl,32678,2026-10-09T00:15:00Z,Dallas Cowboys,Tampa Bay Buccaneers,player_reception_yds,Bucky Irving,14.5,Under,kalshi,-122,-1.03,0.5439,kalshi,4,4.2
2026-10-08T20:01:15Z,football_nfl,32678,2026-10-09T00:15:00Z,Dallas Cowboys,Tampa Bay Buccaneers,player_reception_yds,Bucky Irving,24.5,Over,kalshi,300,-1.01,0.2475,kalshi,3,4.2
2026-10-08T20:01:15Z,football_nfl,32678,2026-10-09T00:15:00Z,Dallas Cowboys,Tampa Bay Buccaneers,player_reception_yds,Bucky Irving,24.5,Under,kalshi,-317,-1.01,0.7525,kalshi,3,4.2
2026-10-08T20:01:15Z,football_nfl,32678,2026-10-09T00:15:00Z,Dallas Cowboys,Tampa Bay Buccaneers,player_reception_yds,Bucky Irving,39.5,Over,kalshi,900,-0.99,0.099,kalshi,3,4.2
2026-10-08T20:01:15Z,football_nfl,32678,2026-10-09T00:15:00Z,Dallas Cowboys,Tampa Bay Buccaneers,player_reception_yds,Bucky Irving,39.5,Under,kalshi,-1011,-0.99,0.901,kalshi,3,4.2
2026-10-08T20:01:15Z,football_nfl,32678,2026-10-09T00:15:00Z,Dallas Cowboys,Tampa Bay Buccaneers,player_reception_yds,Bucky Irving,49.5,Over,kalshi,1567,-0.99,0.0594,kalshi,3,4.2
2026-10-08T20:01:15Z,football_nfl,32678,2026-10-09T00:15:00Z,Dallas Cowboys,Tampa Bay Buccaneers,player_reception_yds,Bucky Irving,49.5,Under,kalshi,-1900,-0.99,0.9406,kalshi,3,4.2
2026-10-08T20:01:15Z,football_nfl,32678,2026-10-09T00:15:00Z,Dallas Cowboys,Tampa Bay Buccaneers,player_reception_yds,Cade Otton,14.5,Over,kalshi,-317,-1.01,0.7525,kalshi,3,4.2
2026-10-08T20:01:15Z,football_nfl,32678,2026-10-09T00:15:00Z,Dallas Cowboys,Tampa Bay Buccaneers,player_reception_yds,Cade Otton,14.5,Under,kalshi,300,-1.01,0.2475,kalshi,3,4.2
2026-10-08T20:01:15Z,football_nfl,32678,2026-10-09T00:15:00Z,Dallas Cowboys,Tampa Bay Buccaneers,player_reception_yds,Cade Otton,24.5,Over,kalshi,-144,-1.02,0.5841,kalshi,3,4.2
2026-10-08T20:01:15Z,football_nfl,32678,2026-10-09T00:15:00Z,Dallas Cowboys,Tampa Bay Buccaneers,player_reception_yds,Cade Otton,24.5,Under,kalshi,138,-1.02,0.4159,kalshi,3,4.2
2026-10-08T20:01:15Z,football_nfl,32678,2026-10-09T00:15:00Z,Dallas Cowboys,Tampa Bay Buccaneers,player_reception_yds,Cade Otton,39.5,Over,kalshi,186,-0.94,0.3464,kalshi,3,4.2
2026-10-08T20:01:15Z,football_nfl,32678,2026-10-09T00:15:00Z,Dallas Cowboys,Tampa Bay Buccaneers,player_reception_yds,Cade Otton,39.5,Under,kalshi,-194,-0.94,0.6536,kalshi,3,4.2
2026-10-08T20:01:15Z,football_nfl,32678,2026-10-09T00:15:00Z,Dallas Cowboys,Tampa Bay Buccaneers,player_reception_yds,Cade Otton,49.5,Over,kalshi,317,-0.98,0.2375,kalshi,3,4.2
2026-10-08T20:01:15Z,football_nfl,32678,2026-10-09T00:15:00Z,Dallas Cowboys,Tampa Bay Buccaneers,player_reception_yds,Cade Otton,49.5,Under,kalshi,-335,-0.98,0.7625,kalshi,3,4.2
2026-10-08T20:01:15Z,football_nfl,32678,2026-10-09T00:15:00Z,Dallas Cowboys,Tampa Bay Buccaneers,player_reception_yds,Cade Otton,59.5,Over,kalshi,567,-0.98,0.1485,kalshi,3,4.2
2026-10-08T20:01:15Z,football_nfl,32678,2026-10-09T00:15:00Z,Dallas Cowboys,Tampa Bay Buccaneers,player_reception_yds,Cade Otton,59.5,Under,kalshi,-614,-0.98,0.8515,kalshi,3,4.2
2026-10-08T20:01:15Z,football_nfl,32678,2026-10-09T00:15:00Z,Dallas Cowboys,Tampa Bay Buccaneers,player_reception_yds,Cade Otton,69.5,Over,kalshi,900,-0.99,0.099,kalshi,3,4.2
2026-10-08T20:01:15Z,football_nfl,32678,2026-10-09T00:15:00Z,Dallas Cowboys,Tampa Bay Buccaneers,player_reception_yds,Cade Otton,69.5,Under,kalshi,-1011,-0.99,0.901,kalshi,3,4.2
2026-10-08T20:01:15Z,football_nfl,32678,2026-10-09T00:15:00Z,Dallas Cowboys,Tampa Bay Buccaneers,player_reception_yds,Cade Otton,79.5,Over,kalshi,1567,-0.99,0.0594,kalshi,2,4.2
2026-10-08T20:01:15Z,football_nfl,32678,2026-10-09T00:15:00Z,Dallas Cowboys,Tampa Bay Buccaneers,player_reception_yds,Cade Otton,79.5,Under,kalshi,-1900,-0.99,0.9406,kalshi,2,4.2
2026-10-08T20:01:15Z,football_nfl,32678,2026-10-09T00:15:00Z,Dallas Cowboys,Tampa Bay Buccaneers,player_reception_yds,CeeDee Lamb,39.5,Over,kalshi,-809,-0.99,0.8811,kalshi,3,4.2
2026-10-08T20:01:15Z,football_nfl,32678,2026-10-09T00:15:00Z,Dallas Cowboys,Tampa Bay Buccaneers,player_reception_yds,CeeDee Lamb,39.5,Under,kalshi,733,-0.99,0.1189,kalshi,3,4.2
2026-10-08T20:01:15Z,football_nfl,32678,2026-10-09T00:15:00Z,Dallas Cowboys,Tampa Bay Buccaneers,player_reception_yds,CeeDee Lamb,49.5,Over,kalshi,-400,-1.0,0.792,kalshi,3,4.2
2026-10-08T20:01:15Z,football_nfl,32678,2026-10-09T00:15:00Z,Dallas Cowboys,Tampa Bay Buccaneers,player_reception_yds,CeeDee Lamb,49.5,Under,kalshi,376,-1.0,0.208,kalshi,3,4.2
2026-10-08T20:01:15Z,football_nfl,32678,2026-10-09T00:15:00Z,Dallas Cowboys,Tampa Bay Buccaneers,player_reception_yds,CeeDee Lamb,59.5,Over,kalshi,-270,-0.97,0.7226,kalshi,3,4.2
2026-10-08T20:01:15Z,football_nfl,32678,2026-10-09T00:15:00Z,Dallas Cowboys,Tampa Bay Buccaneers,player_reception_yds,CeeDee Lamb,59.5,Under,kalshi,257,-0.97,0.2774,kalshi,3,4.2
2026-10-08T20:01:15Z,football_nfl,32678,2026-10-09T00:15:00Z,Dallas Cowboys,Tampa Bay Buccaneers,player_reception_yds,CeeDee Lamb,63.5,Over,bovada,-275,-6.25,0.6875,bovada,1,4.2
2026-10-08T20:01:15Z,football_nfl,32678,2026-10-09T00:15:00Z,Dallas Cowboys,Tampa Bay Buccaneers,player_reception_yds,CeeDee Lamb,63.5,Under,bovada,200,-6.25,0.3125,bovada,1,4.2
2026-10-08T20:01:15Z,football_nfl,32678,2026-10-09T00:15:00Z,Dallas Cowboys,Tampa Bay Buccaneers,player_reception_yds,CeeDee Lamb,69.5,Over,kalshi,-170,-0.98,0.6235,kalshi,3,4.2
2026-10-08T20:01:15Z,football_nfl,32678,2026-10-09T00:15:00Z,Dallas Cowboys,Tampa Bay Buccaneers,player_reception_yds,CeeDee Lamb,69.5,Under,kalshi,163,-0.98,0.3765,kalshi,3,4.2
2026-10-08T20:01:15Z,football_nfl,32678,2026-10-09T00:15:00Z,Dallas Cowboys,Tampa Bay Buccaneers,player_reception_yds,CeeDee Lamb,73.5,Over,bovada,-170,-6.05,0.5915,bovada,1,4.2
2026-10-08T20:01:15Z,football_nfl,32678,2026-10-09T00:15:00Z,Dallas Cowboys,Tampa Bay Buccaneers,player_reception_yds,CeeDee Lamb,73.5,Under,bovada,130,-6.05,0.4085,bovada,1,4.2
2026-10-08T20:01:15Z,football_nfl,32678,2026-10-09T00:15:00Z,Dallas Cowboys,Tampa Bay Buccaneers,player_reception_yds,CeeDee Lamb,79.5,Over,kalshi,-122,-1.03,0.5439,kalshi,3,4.2
2026-10-08T20:01:15Z,football_nfl,32678,2026-10-09T00:15:00Z,Dallas Cowboys,Tampa Bay Buccaneers,player_reception_yds,CeeDee Lamb,79.5,Under,kalshi,117,-1.03,0.4561,kalshi,3,4.2
2026-10-08T20:01:15Z,football_nfl,32678,2026-10-09T00:15:00Z,Dallas Cowboys,Tampa Bay Buccaneers,player_reception_yds,CeeDee Lamb,83.5,Over,draftkings,-112,-3.72,0.5087,pinnacle,9,4.2
2026-10-08T20:01:15Z,football_nfl,32678,2026-10-09T00:15:00Z,Dallas Cowboys,Tampa Bay Buccaneers,player_reception_yds,CeeDee Lamb,83.5,Over,fanduel,-113,-4.12,0.5087,pinnacle,9,4.2
2026-10-08T20:01:15Z,football_nfl,32678,2026-10-09T00:15:00Z,Dallas Cowboys,Tampa Bay Buccaneers,player_reception_yds,CeeDee Lamb,83.5,Over,pinnacle,-114,-4.51,0.5087,pinnacle,9,4.2
2026-10-08T20:01:15Z,football_nfl,32678,2026-10-09T00:15:00Z,Dallas Cowboys,Tampa Bay Buccaneers,player_reception_yds,CeeDee Lamb,83.5,Under,pinnacle,-106,-4.51,0.4913,pinnacle,9,4.2
2026-10-08T20:01:15Z,football_nfl,32678,2026-10-09T00:15:00Z,Dallas Cowboys,Tampa Bay Buccaneers,player_reception_yds,CeeDee Lamb,83.5,Over,bovada,-115,-4.9,0.5087,pinnacle,9,4.2
2026-10-08T20:01:15Z,football_nfl,32678,2026-10-09T00:15:00Z,Dallas Cowboys,Tampa Bay Buccaneers,player_reception_yds,CeeDee Lamb,83.5,Under,draftkings,-112,-7.0,0.4913,pinnacle,9,4.2
2026-10-08T20:01:15Z,football_nfl,32678,2026-10-09T00:15:00Z,Dallas Cowboys,Tampa Bay Buccaneers,player_reception_yds,CeeDee Lamb,83.5,Under,fanduel,-113,-7.39,0.4913,pinnacle,9,4.2
2026-10-08T20:01:15Z,football_nfl,32678,2026-10-09T00:15:00Z,Dallas Cowboys,Tampa Bay Buccaneers,player_reception_yds,CeeDee Lamb,83.5,Under,bovada,-115,-8.14,0.4913,pinnacle,9,4.2
2026-10-08T20:01:15Z,football_nfl,32678,2026-10-09T00:15:00Z,Dallas Cowboys,Tampa Bay Buccaneers,player_reception_yds,CeeDee Lamb,89.5,Over,kalshi,127,-1.12,0.4356,kalshi,3,4.2
2026-10-08T20:01:15Z,football_nfl,32678,2026-10-09T00:15:00Z,Dallas Cowboys,Tampa Bay Buccaneers,player_reception_yds,CeeDee Lamb,89.5,Under,kalshi,-133,-1.12,0.5644,kalshi,3,4.2
2026-10-08T20:01:15Z,football_nfl,32678,2026-10-09T00:15:00Z,Dallas Cowboys,Tampa Bay Buccaneers,player_reception_yds,CeeDee Lamb,93.5,Over,bovada,125,-6.29,0.4165,bovada,1,4.2
2026-10-08T20:01:15Z,football_nfl,32678,2026-10-09T00:15:00Z,Dallas Cowboys,Tampa Bay Buccaneers,player_reception_yds,CeeDee Lamb,93.5,Under,bovada,-165,-6.29,0.5835,bovada,1,4.2
2026-10-08T20:01:15Z,football_nfl,32678,2026-10-09T00:15:00Z,Dallas Cowboys,Tampa Bay Buccaneers,player_reception_yds,CeeDee Lamb,99.5,Over,kalshi,170,-1.05,0.3665,kalshi,3,4.2
2026-10-08T20:01:15Z,football_nfl,32678,2026-10-09T00:15:00Z,Dallas Cowboys,Tampa Bay Buccaneers,player_reception_yds,CeeDee Lamb,99.5,Under,kalshi,-178,-1.05,0.6335,kalshi,3,4.2
2026-10-08T20:01:15Z,football_nfl,32678,2026-10-09T00:15:00Z,Dallas Cowboys,Tampa Bay Buccaneers,player_reception_yds,CeeDee Lamb,103.5,Over,bovada,175,-6.5,0.34,bovada,1,4.2
2026-10-08T20:01:15Z,football_nfl,32678,2026-10-09T00:15:00Z,Dallas Cowboys,Tampa Bay Buccaneers,player_reception_yds,CeeDee Lamb,103.5,Under,bovada,-240,-6.5,0.66,bovada,1,4.2
2026-10-08T20:01:15Z,football_nfl,32678,2026-10-09T00:15:00Z,Dallas Cowboys,Tampa Bay Buccaneers,player_reception_yds,CeeDee Lamb,109.5,Over,kalshi,233,-1.03,0.2972,kalshi,3,4.2
2026-10-08T20:01:15Z,football_nfl,32678,2026-10-09T00:15:00Z,Dallas Cowboys,Tampa Bay Buccaneers,player_reception_yds,CeeDee Lamb,109.5,Under,kalshi,-245,-1.03,0.7028,kalshi,3,4.2
2026-10-08T20:01:15Z,football_nfl,32678,2026-10-09T00:15:00Z,Dallas Cowboys,Tampa Bay Buccaneers,player_reception_yds,CeeDee Lamb,119.5,Over,kalshi,300,-1.01,0.2475,kalshi,3,4.2
2026-10-08T20:01:15Z,football_nfl,32678,2026-10-09T00:15:00Z,Dallas Cowboys,Tampa Bay Buccaneers,player_reception_yds,CeeDee Lamb,119.5,Under,kalshi,-317,-1.01,0.7525,kalshi,3,4.2
2026-10-08T20:01:15Z,football_nfl,32678,2026-10-09T00:15:00Z,Dallas Cowboys,Tampa Bay Buccaneers,player_reception_yds,CeeDee Lamb,129.5,Over,kalshi,426,-1.02,0.1882,kalshi,2,4.2
2026-10-08T20:01:15Z,football_nfl,32678,2026-10-09T00:15:00Z,Dallas Cowboys,Tampa Bay Buccaneers,player_reception_yds,CeeDee Lamb,129.5,Under,kalshi,-456,-1.02,0.8118,kalshi,2,4.2
2026-10-08T20:01:15Z,football_nfl,32678,2026-10-09T00:15:00Z,Dallas Cowboys,Tampa Bay Buccaneers,player_reception_yds,CeeDee Lamb,139.5,Over,kalshi,614,-1.96,0.1373,kalshi,2,4.2
2026-10-08T20:01:15Z,football_nfl,32678,2026-10-09T00:15:00Z,Dallas Cowboys,Tampa Bay Buccaneers,player_reception_yds,CeeDee Lamb,139.5,Under,kalshi,-733,-1.96,0.8627,kalshi,2,4.2
2026-10-08T20:01:15Z,football_nfl,32678,2026-10-09T00:15:00Z,Dallas Cowboys,Tampa Bay Buccaneers,player_reception_yds,CeeDee Lamb,149.5,Over,kalshi,900,-0.99,0.099,kalshi,2,4.2
2026-10-08T20:01:15Z,football_nfl,32678,2026-10-09T00:15:00Z,Dallas Cowboys,Tampa Bay Buccaneers,player_reception_yds,CeeDee Lamb,149.5,Under,kalshi,-1011,-0.99,0.901,kalshi,2,4.2
2026-10-08T20:01:15Z,football_nfl,32678,2026-10-09T00:15:00Z,Dallas Cowboys,Tampa Bay Buccaneers,player_reception_yds,CeeDee Lamb,159.5,Over,kalshi,1150,-0.99,0.0792,kalshi,2,4.2
2026-10-08T20:01:15Z,football_nfl,32678,2026-10-09T00:15:00Z,Dallas Cowboys,Tampa Bay Buccaneers,player_reception_yds,CeeDee Lamb,159.5,Under,kalshi,-1329,-0.99,0.9208,kalshi,2,4.2
2026-10-08T20:01:15Z,football_nfl,32678,2026-10-09T00:15:00Z,Dallas Cowboys,Tampa Bay Buccaneers,player_reception_yds,Chris Godwin,29.5,Over,bovada,-165,-6.29,0.5835,bovada,3,4.2
2026-10-08T20:01:15Z,football_nfl,32678,2026-10-09T00:15:00Z,Dallas Cowboys,Tampa Bay Buccaneers,player_reception_yds,Chris Godwin,29.5,Under,bovada,125,-6.29,0.4165,bovada,3,4.2
2026-10-08T20:01:15Z,football_nfl,32678,2026-10-09T00:15:00Z,Dallas Cowboys,Tampa Bay Buccaneers,player_reception_yds,Chris Godwin,34.5,Over,draftkings,-111,-3.03,0.5101,bovada,2,4.2
2026-10-08T20:01:15Z,football_nfl,32678,2026-10-09T00:15:00Z,Dallas Cowboys,Tampa Bay Buccaneers,player_reception_yds,Chris Godwin,34.5,Over,bovada,-120,-6.48,0.5101,bovada,2,4.2
2026-10-08T20:01:15Z,football_nfl,32678,2026-10-09T00:15:00Z,Dallas Cowboys,Tampa Bay Buccaneers,player_reception_yds,Chris Godwin,34.5,Under,bovada,-110,-6.48,0.4899,bovada,2,4.2
2026-10-08T20:01:15Z,football_nfl,32678,2026-10-09T00:15:00Z,Dallas Cowboys,Tampa Bay Buccaneers,player_reception_yds,Chris Godwin,34.5,Under,draftkings,-113,-7.66,0.4899,bovada,2,4.2
2026-10-08T20:01:15Z,football_nfl,32678,2026-10-09T00:15:00Z,Dallas Cowboys,Tampa Bay Buccaneers,player_reception_yds,Chris Godwin,44.5,Over,bovada,145,-5.96,0.3839,bovada,1,4.2
2026-10-08T20:01:15Z,football_nfl,32678,2026-10-09T00:15:00Z,Dallas Cowboys,Tampa Bay Buccaneers,player_reception_yds,Chris Godwin,44.5,Under,bovada,-190,-5.96,0.6161,bovada,1,4.2
2026-10-08T20:01:15Z,football_nfl,32678,2026-10-09T00:15:00Z,Dallas Cowboys,Tampa Bay Buccaneers,player_reception_yds,Chris Godwin Jr.,14.5,Over,kalshi,-355,-1.0,0.7724,kalshi,1,4.2
2026-10-08T20:01:15Z,football_nfl,32678,2026-10-09T00:15:00Z,Dallas Cowboys,Tampa Bay Buccaneers,player_reception_yds,Chris Godwin Jr.,14.5,Under,kalshi,335,-1.0,0.2276,kalshi,1,4.2
2026-10-08T20:01:15Z,football_nfl,32678,2026-10-09T00:15:00Z,Dallas Cowboys,Tampa Bay Buccaneers,player_reception_yds,Chris Godwin Jr.,24.5,Over,kalshi,-150,-0.97,0.5942,kalshi,1,4.2
2026-10-08T20:01:15Z,football_nfl,32678,2026-10-09T00:15:00Z,Dallas Cowboys,Tampa Bay Buccaneers,player_reception_yds,Chris Godwin Jr.,24.5,Under,kalshi,144,-0.97,0.4058,kalshi,1,4.2
2026-10-08T20:01:15Z,football_nfl,32678,2026-10-09T00:15:00Z,Dallas Cowboys,Tampa Bay Buccaneers,player_reception_yds,Chris Godwin Jr.,31.5,Over,pinnacle,-110,-4.55,0.5,pinnacle,1,4.2
2026-10-08T20:01:15Z,football_nfl,32678,2026-10-09T00:15:00Z,Dallas Cowboys,Tampa Bay Buccaneers,player_reception_yds,Chris Godwin Jr.,31.5,Under,pinnacle,-110,-4.55,0.5,pinnacle,1,4.2
2026-10-08T20:01:15Z,football_nfl,32678,2026-10-09T00:15:00Z,Dallas Cowboys,Tampa Bay Buccaneers,player_reception_yds,Chris Godwin Jr.,39.5,Over,kalshi,163,-0.98,0.3765,kalshi,1,4.2
2026-10-08T20:01:15Z,football_nfl,32678,2026-10-09T00:15:00Z,Dallas Cowboys,Tampa Bay Buccaneers,player_reception_yds,Chris Godwin Jr.,39.5,Under,kalshi,-170,-0.98,0.6235,kalshi,1,4.2
2026-10-08T20:01:15Z,football_nfl,32678,2026-10-09T00:15:00Z,Dallas Cowboys,Tampa Bay Buccaneers,player_reception_yds,Chris Godwin Jr.,49.5,Over,kalshi,270,-1.04,0.2675,kalshi,1,4.2
2026-10-08T20:01:15Z,football_nfl,32678,2026-10-09T00:15:00Z,Dallas Cowboys,Tampa Bay Buccaneers,player_reception_yds,Chris Godwin Jr.,49.5,Under,kalshi,-285,-1.04,0.7325,kalshi,1,4.2
2026-10-08T20:01:15Z,football_nfl,32678,2026-10-09T00:15:00Z,Dallas Cowboys,Tampa Bay Buccaneers,player_reception_yds,Chris Godwin Jr.,59.5,Over,kalshi,488,-1.0,0.1684,kalshi,1,4.2
2026-10-08T20:01:15Z,football_nfl,32678,2026-10-09T00:15:00Z,Dallas Cowboys,Tampa Bay Buccaneers,player_reception_yds,Chris Godwin Jr.,59.5,Under,kalshi,-525,-1.0,0.8316,kalshi,1,4.2
2026-10-08T20:01:15Z,football_nfl,32678,2026-10-09T00:15:00Z,Dallas Cowboys,Tampa Bay Buccaneers,player_reception_yds,Chris Godwin Jr.,69.5,Over,kalshi,809,-0.99,0.1089,kalshi,1,4.2
2026-10-08T20:01:15Z,football_nfl,32678,2026-10-09T00:15:00Z,Dallas Cowboys,Tampa Bay Buccaneers,player_reception_yds,Chris Godwin Jr.,69.5,Under,kalshi,-900,-0.99,0.8911,kalshi,1,4.2
2026-10-08T20:01:15Z,football_nfl,32678,2026-10-09T00:15:00Z,Dallas Cowboys,Tampa Bay Buccaneers,player_reception_yds,Chris Godwin Jr.,79.5,Over,kalshi,1150,-0.99,0.0792,kalshi,1,4.2
2026-10-08T20:01:15Z,football_nfl,32678,2026-10-09T00:15:00Z,Dallas Cowboys,Tampa Bay Buccaneers,player_reception_yds,Chris Godwin Jr.,79.5,Under,kalshi,-1329,-0.99,0.9208,kalshi,1,4.2
2026-10-08T20:01:15Z,football_nfl,32678,2026-10-09T00:15:00Z,Dallas Cowboys,Tampa Bay Buccaneers,player_reception_yds,Emeka Egbuka,14.5,Over,kalshi,-376,-0.96,0.7823,kalshi,3,4.2
2026-10-08T20:01:15Z,football_nfl,32678,2026-10-09T00:15:00Z,Dallas Cowboys,Tampa Bay Buccaneers,player_reception_yds,Emeka Egbuka,14.5,Under,kalshi,355,-0.96,0.2177,kalshi,3,4.2
2026-10-08T20:01:15Z,football_nfl,32678,2026-10-09T00:15:00Z,Dallas Cowboys,Tampa Bay Buccaneers,player_reception_yds,Emeka Egbuka,24.5,Over,kalshi,-186,-1.0,0.6439,kalshi,4,4.2
2026-10-08T20:01:15Z,football_nfl,32678,2026-10-09T00:15:00Z,Dallas Cowboys,Tampa Bay Buccaneers,player_reception_yds,Emeka Egbuka,24.5,Under,kalshi,178,-1.0,0.3561,kalshi,4,4.2
2026-10-08T20:01:15Z,football_nfl,32678,2026-10-09T00:15:00Z,Dallas Cowboys,Tampa Bay Buccaneers,player_reception_yds,Emeka Egbuka,24.5,Under,bovada,175,-2.06,0.3561,kalshi,4,4.2
2026-10-08T20:01:15Z,football_nfl,32678,2026-10-09T00:15:00Z,Dallas Cowboys,Tampa Bay Buccaneers,player_reception_yds,Emeka Egbuka,24.5,Over,bovada,-240,-8.78,0.6439,kalshi,4,4.2
2026-10-08T20:01:15Z,football_nfl,32678,2026-10-09T00:15:00Z,Dallas Cowboys,Tampa Bay Buccaneers,player_reception_yds,Emeka Egbuka,29.5,Over,bovada,-165,-6.29,0.5835,bovada,3,4.2
2026-10-08T20:01:15Z,football_nfl,32678,2026-10-09T00:15:00Z,Dallas Cowboys,Tampa Bay Buccaneers,player_reception_yds,Emeka Egbuka,29.5,Under,bovada,125,-6.29,0.4165,bovada,3,4.2
2026-10-08T20:01:15Z,football_nfl,32678,2026-10-09T00:15:00Z,Dallas Cowboys,Tampa Bay Buccaneers,player_reception_yds,Emeka Egbuka,44.5,Over,bovada,145,-5.96,0.3839,bovada,1,4.2
2026-10-08T20:01:15Z,football_nfl,32678,2026-10-09T00:15:00Z,Dallas Cowboys,Tampa Bay Buccaneers,player_reception_yds,Emeka Egbuka,44.5,Under,bovada,-190,-5.96,0.6161,bovada,1,4.2
2026-10-08T20:01:15Z,football_nfl,32678,2026-10-09T00:15:00Z,Dallas Cowboys,Tampa Bay Buccaneers,player_reception_yds,Emeka Egbuka,59.5,Over,kalshi,317,-0.98,0.2375,kalshi,3,4.2
2026-10-08T20:01:15Z,football_nfl,32678,2026-10-09T00:15:00Z,Dallas Cowboys,Tampa Bay Buccaneers,player_reception_yds,Emeka Egbuka,59.5,Under,kalshi,-335,-0.98,0.7625,kalshi,3,4.2
2026-10-08T20:01:15Z,football_nfl,32678,2026-10-09T00:15:00Z,Dallas Cowboys,Tampa Bay Buccaneers,player_reception_yds,Emeka Egbuka,69.5,Over,kalshi,456,-0.97,0.1781,kalshi,3,4.2
2026-10-08T20:01:15Z,football_nfl,32678,2026-10-09T00:15:00Z,Dallas Cowboys,Tampa Bay Buccaneers,player_reception_yds,Emeka Egbuka,69.5,Under,kalshi,-488,-0.97,0.8219,kalshi,3,4.2
2026-10-08T20:01:15Z,football_nfl,32678,2026-10-09T00:15:00Z,Dallas Cowboys,Tampa Bay Buccaneers,player_reception_yds,Emeka Egbuka,79.5,Over,kalshi,733,-0.99,0.1189,kalshi,3,4.2
2026-10-08T20:01:15Z,football_nfl,32678,2026-10-09T00:15:00Z,Dallas Cowboys,Tampa Bay Buccaneers,player_reception_yds,Emeka Egbuka,79.5,Under,kalshi,-809,-0.99,0.8811,kalshi,3,4.2
2026-10-08T20:01:15Z,football_nfl,32678,2026-10-09T00:15:00Z,Dallas Cowboys,Tampa Bay Buccaneers,player_reception_yds,Emeka Egbuka,89.5,Over,kalshi,1011,-1.96,0.0882,kalshi,3,4.2
2026-10-08T20:01:15Z,football_nfl,32678,2026-10-09T00:15:00Z,Dallas Cowboys,Tampa Bay Buccaneers,player_reception_yds,Emeka Egbuka,89.5,Under,kalshi,-1329,-1.96,0.9118,kalshi,3,4.2
2026-10-08T20:01:15Z,football_nfl,32678,2026-10-09T00:15:00Z,Dallas Cowboys,Tampa Bay Buccaneers,player_reception_yds,Emeka Egbuka,99.5,Over,kalshi,1329,-0.99,0.0693,kalshi,2,4.2
2026-10-08T20:01:15Z,football_nfl,32678,2026-10-09T00:15:00Z,Dallas Cowboys,Tampa Bay Buccaneers,player_reception_yds,Emeka Egbuka,99.5,Under,kalshi,-1567,-0.99,0.9307,kalshi,2,4.2
2026-10-08T20:01:15Z,football_nfl,32678,2026-10-09T00:15:00Z,Dallas Cowboys,Tampa Bay Buccaneers,player_reception_yds,George Pickens,39.5,Over,kalshi,-285,-1.04,0.7325,kalshi,3,4.2
2026-10-08T20:01:15Z,football_nfl,32678,2026-10-09T00:15:00Z,Dallas Cowboys,Tampa Bay Buccaneers,player_reception_yds,George Pickens,39.5,Under,kalshi,270,-1.04,0.2675,kalshi,3,4.2
2026-10-08T20:01:15Z,football_nfl,32678,2026-10-09T00:15:00Z,Dallas Cowboys,Tampa Bay Buccaneers,player_reception_yds,George Pickens,49.5,Over,kalshi,-170,-0.98,0.6235,kalshi,3,4.2
2026-10-08T20:01:15Z,football_nfl,32678,2026-10-09T00:15:00Z,Dallas Cowboys,Tampa Bay Buccaneers,player_reception_yds,George Pickens,49.5,Under,kalshi,163,-0.98,0.3765,kalshi,3,4.2
2026-10-08T20:01:15Z,football_nfl,32678,2026-10-09T00:15:00Z,Dallas Cowboys,Tampa Bay Buccaneers,player_reception_yds,George Pickens,54.5,Over,bovada,-180,-6.4,0.6017,bovada,1,4.2
2026-10-08T20:01:15Z,football_nfl,32678,2026-10-09T00:15:00Z,Dallas Cowboys,Tampa Bay Buccaneers,player_reception_yds,George Pickens,54.5,Under,bovada,135,-6.4,0.3983,bovada,1,4.2
2026-10-08T20:01:15Z,football_nfl,32678,2026-10-09T00:15:00Z,Dallas Cowboys,Tampa Bay Buccaneers,player_reception_yds,George Pickens,63.5,Over,pinnacle,-118,-4.64,0.5162,pinnacle,5,4.2
2026-10-08T20:01:15Z,football_nfl,32678,2026-10-09T00:15:00Z,Dallas Cowboys,Tampa Bay Buccaneers,player_reception_yds,George Pickens,63.5,Under,pinnacle,-103,-4.64,0.4838,pinnacle,5,4.2
2026-10-08T20:01:15Z,football_nfl,32678,2026-10-09T00:15:00Z,Dallas Cowboys,Tampa Bay Buccaneers,player_reception_yds,George Pickens,64.5,Under,draftkings,-110,-4.55,0.5,bovada,6,4.2
2026-10-08T20:01:15Z,football_nfl,32678,2026-10-09T00:15:00Z,Dallas Cowboys,Tampa Bay Buccaneers,player_reception_yds,George Pickens,64.5,Over,draftkings,-114,-6.14,0.5,bovada,6,4.2
2026-10-08T20:01:15Z,football_nfl,32678,2026-10-09T00:15:00Z,Dallas Cowboys,Tampa Bay Buccaneers,player_reception_yds,George Pickens,64.5,Over,bovada,-115,-6.52,0.5,bovada,6,4.2
2026-10-08T20:01:15Z,football_nfl,32678,2026-10-09T00:15:00Z,Dallas Cowboys,Tampa Bay Buccaneers,player_reception_yds,George Pickens,64.5,Under,bovada,-115,-6.52,0.5,bovada,6,4.2
2026-10-08T20:01:15Z,football_nfl,32678,2026-10-09T00:15:00Z,Dallas Cowboys,Tampa Bay Buccaneers,player_reception_yds,George Pickens,69.5,Over,kalshi,127,-1.12,0.4356,kalshi,4,4.2
2026-10-08T20:01:15Z,football_nfl,32678,2026-10-09T00:15:00Z,Dallas Cowboys,Tampa Bay Buccaneers,player_reception_yds,George Pickens,69.5,Under,kalshi,-133,-1.12,0.5644,kalshi,4,4.2
2026-10-08T20:01:15Z,football_nfl,32678,2026-10-09T00:15:00Z,Dallas Cowboys,Tampa Bay Buccaneers,player_reception_yds,George Pickens,69.5,Under,bovada,-145,-4.63,0.5644,kalshi,4,4.2
2026-10-08T20:01:15Z,football_nfl,32678,2026-10-09T00:15:00Z,Dallas Cowboys,Tampa Bay Buccaneers,player_reception_yds,George Pickens,69.5,Over,bovada,110,-8.53,0.4356,kalshi,4,4.2
2026-10-08T20:01:15Z,football_nfl,32678,2026-10-09T00:15:00Z,Dallas Cowboys,Tampa Bay Buccaneers,player_reception_yds,George Pickens,74.5,Over,bovada,130,-6.05,0.4085,bovada,2,4.2
2026-10-08T20:01:15Z,football_nfl,32678,2026-10-09T00:15:00Z,Dallas Cowboys,Tampa Bay Buccaneers,player_reception_yds,George Pickens,74.5,Under,bovada,-170,-6.05,0.5915,bovada,2,4.2
2026-10-08T20:01:15Z,football_nfl,32678,2026-10-09T00:15:00Z,Dallas Cowboys,Tampa Bay Buccaneers,player_reception_yds,George Pickens,79.5,Over,kalshi,186,-0.94,0.3464,kalshi,3,4.2
2026-10-08T20:01:15Z,football_nfl,32678,2026-10-09T00:15:00Z,Dallas Cowboys,Tampa Bay Buccaneers,player_reception_yds,George Pickens,79.5,Under,kalshi,-194,-0.94,0.6536,kalshi,3,4.2
2026-10-08T20:01:15Z,football_nfl,32678,2026-10-09T00:15:00Z,Dallas Cowboys,Tampa Bay Buccaneers,player_reception_yds,George Pickens,89.5,Over,kalshi,245,-0.96,0.2871,kalshi,3,4.2
2026-10-08T20:01:15Z,football_nfl,32678,2026-10-09T00:15:00Z,Dallas Cowboys,Tampa Bay Buccaneers,player_reception_yds,George Pickens,89.5,Under,kalshi,-257,-0.96,0.7129,kalshi,3,4.2
2026-10-08T20:01:15Z,football_nfl,32678,2026-10-09T00:15:00Z,Dallas Cowboys,Tampa Bay Buccaneers,player_reception_yds,George Pickens,109.5,Over,kalshi,525,-1.0,0.1584,kalshi,3,4.2
2026-10-08T20:01:15Z,football_nfl,32678,2026-10-09T00:15:00Z,Dallas Cowboys,Tampa Bay Buccaneers,player_reception_yds,George Pickens,109.5,Under,kalshi,-567,-1.0,0.8416,kalshi,3,4.2
2026-10-08T20:01:15Z,football_nfl,32678,2026-10-09T00:15:00Z,Dallas Cowboys,Tampa Bay Buccaneers,player_reception_yds,George Pickens,119.5,Over,kalshi,669,-0.99,0.1288,kalshi,3,4.2
2026-10-08T20:01:15Z,football_nfl,32678,2026-10-09T00:15:00Z,Dallas Cowboys,Tampa Bay Buccaneers,player_reception_yds,George Pickens,119.5,Under,kalshi,-733,-0.99,0.8712,kalshi,3,4.2
2026-10-08T20:01:15Z,football_nfl,32678,2026-10-09T00:15:00Z,Dallas Cowboys,Tampa Bay Buccaneers,player_reception_yds,George Pickens,129.5,Over,kalshi,900,-0.99,0.099,kalshi,3,4.2
2026-10-08T20:01:15Z,football_nfl,32678,2026-10-09T00:15:00Z,Dallas Cowboys,Tampa Bay Buccaneers,player_reception_yds,George Pickens,129.5,Under,kalshi,-1011,-0.99,0.901,kalshi,3,4.2
2026-10-08T20:01:15Z,football_nfl,32678,2026-10-09T00:15:00Z,Dallas Cowboys,Tampa Bay Buccaneers,player_reception_yds,George Pickens,139.5,Over,kalshi,1150,-0.99,0.0792,kalshi,2,4.2
2026-10-08T20:01:15Z,football_nfl,32678,2026-10-09T00:15:00Z,Dallas Cowboys,Tampa Bay Buccaneers,player_reception_yds,George Pickens,139.5,Under,kalshi,-1329,-0.99,0.9208,kalshi,2,4.2
2026-10-08T20:01:15Z,football_nfl,32678,2026-10-09T00:15:00Z,Dallas Cowboys,Tampa Bay Buccaneers,player_reception_yds,Jake Ferguson,14.5,Over,kalshi,-285,-1.04,0.7325,kalshi,3,4.2
2026-10-08T20:01:15Z,football_nfl,32678,2026-10-09T00:15:00Z,Dallas Cowboys,Tampa Bay Buccaneers,player_reception_yds,Jake Ferguson,14.5,Under,kalshi,270,-1.04,0.2675,kalshi,3,4.2
2026-10-08T20:01:15Z,football_nfl,32678,2026-10-09T00:15:00Z,Dallas Cowboys,Tampa Bay Buccaneers,player_reception_yds,Jake Ferguson,24.5,Over,kalshi,-127,-0.98,0.554,kalshi,3,4.2
2026-10-08T20:01:15Z,football_nfl,32678,2026-10-09T00:15:00Z,Dallas Cowboys,Tampa Bay Buccaneers,player_reception_yds,Jake Ferguson,24.5,Under,kalshi,122,-0.98,0.446,kalshi,3,4.2
2026-10-08T20:01:15Z,football_nfl,32678,2026-10-09T00:15:00Z,Dallas Cowboys,Tampa Bay Buccaneers,player_reception_yds,Jake Ferguson,25.5,Over,draftkings,-115,-4.63,0.5101,bovada,5,4.2
2026-10-08T20:01:15Z,football_nfl,32678,2026-10-09T00:15:00Z,Dallas Cowboys,Tampa Bay Buccaneers,player_reception_yds,Jake Ferguson,25.5,Under,draftkings,-109,-6.07,0.4899,bovada,5,4.2
2026-10-08T20:01:15Z,football_nfl,32678,2026-10-09T00:15:00Z,Dallas Cowboys,Tampa Bay Buccaneers,player_reception_yds,Jake Ferguson,25.5,Over,bovada,-120,-6.48,0.5101,bovada,5,4.2
2026-10-08T20:01:15Z,football_nfl,32678,2026-10-09T00:15:00Z,Dallas Cowboys,Tampa Bay Buccaneers,player_reception_yds,Jake Ferguson,25.5,Under,bovada,-110,-6.48,0.4899,bovada,5,4.2
2026-10-08T20:01:15Z,football_nfl,32678,2026-10-09T00:15:00Z,Dallas Cowboys,Tampa Bay Buccaneers,player_reception_yds,Jake Ferguson,25.5,Over,fanatics,-125,-8.18,0.5101,bovada,5,4.2
2026-10-08T20:01:15Z,football_nfl,32678,2026-10-09T00:15:00Z,Dallas Cowboys,Tampa Bay Buccaneers,player_reception_yds,Jake Ferguson,25.5,Under,fanatics,-120,-10.19,0.4899,bovada,5,4.2
2026-10-08T20:01:15Z,football_nfl,32678,2026-10-09T00:15:00Z,Dallas Cowboys,Tampa Bay Buccaneers,player_reception_yds,Jake Ferguson,26.5,Over,pinnacle,-108,-4.54,0.4957,pinnacle,9,4.2
2026-10-08T20:01:15Z,football_nfl,32678,2026-10-09T00:15:00Z,Dallas Cowboys,Tampa Bay Buccaneers,player_reception_yds,Jake Ferguson,26.5,Under,pinnacle,-112,-4.54,0.5043,pinnacle,9,4.2
2026-10-08T20:01:15Z,football_nfl,32678,2026-10-09T00:15:00Z,Dallas Cowboys,Tampa Bay Buccaneers,player_reception_yds,Jake Ferguson,26.5,Under,fanduel,-113,-4.94,0.5043,pinnacle,9,4.2
2026-10-08T20:01:15Z,football_nfl,32678,2026-10-09T00:15:00Z,Dallas Cowboys,Tampa Bay Buccaneers,player_reception_yds,Jake Ferguson,26.5,Over,fanduel,-113,-6.57,0.4957,pinnacle,9,4.2
2026-10-08T20:01:15Z,football_nfl,32678,2026-10-09T00:15:00Z,Dallas Cowboys,Tampa Bay Buccaneers,player_reception_yds,Jake Ferguson,39.5,Over,kalshi,223,-0.92,0.3067,kalshi,3,4.2
2026-10-08T20:01:15Z,football_nfl,32678,2026-10-09T00:15:00Z,Dallas Cowboys,Tampa Bay Buccaneers,player_reception_yds,Jake Ferguson,39.5,Under,kalshi,-233,-0.92,0.6933,kalshi,3,4.2
2026-10-08T20:01:15Z,football_nfl,32678,2026-10-09T00:15:00Z,Dallas Cowboys,Tampa Bay Buccaneers,player_reception_yds,Jake Ferguson,49.5,Over,kalshi,456,-0.97,0.1781,kalshi,3,4.2
2026-10-08T20:01:15Z,football_nfl,32678,2026-10-09T00:15:00Z,Dallas Cowboys,Tampa Bay Buccaneers,player_reception_yds,Jake Ferguson,49.5,Under,kalshi,-488,-0.97,0.8219,kalshi,3,4.2
2026-10-08T20:01:15Z,football_nfl,32678,2026-10-09T00:15:00Z,Dallas Cowboys,Tampa Bay Buccaneers,player_reception_yds,Jake Ferguson,59.5,Over,kalshi,809,-0.99,0.1089,kalshi,3,4.2
2026-10-08T20:01:15Z,football_nfl,32678,2026-10-09T00:15:00Z,Dallas Cowboys,Tampa Bay Buccaneers,player_reception_yds,Jake Ferguson,59.5,Under,kalshi,-900,-0.99,0.8911,kalshi,3,4.2
2026-10-08T20:01:15Z,football_nfl,32678,2026-10-09T00:15:00Z,Dallas Cowboys,Tampa Bay Buccaneers,player_reception_yds,Jake Ferguson,69.5,Over,kalshi,1329,-0.99,0.0693,kalshi,3,4.2
2026-10-08T20:01:15Z,football_nfl,32678,2026-10-09T00:15:00Z,Dallas Cowboys,Tampa Bay Buccaneers,player_reception_yds,Jake Ferguson,69.5,Under,kalshi,-1567,-0.99,0.9307,kalshi,3,4.2
2026-10-08T20:01:15Z,football_nfl,32678,2026-10-09T00:15:00Z,Dallas Cowboys,Tampa Bay Buccaneers,player_reception_yds,Jake Ferguson,79.5,Over,kalshi,1900,-0.99,0.0495,kalshi,2,4.2
2026-10-08T20:01:15Z,football_nfl,32678,2026-10-09T00:15:00Z,Dallas Cowboys,Tampa Bay Buccaneers,player_reception_yds,Jake Ferguson,79.5,Under,kalshi,-2400,-0.99,0.9505,kalshi,2,4.2
2026-10-08T20:01:15Z,football_nfl,32678,2026-10-09T00:15:00Z,Dallas Cowboys,Tampa Bay Buccaneers,player_reception_yds,Javonte Williams,13.5,Under,draftkings,-111,-4.95,0.5,bovada,5,4.2
2026-10-08T20:01:15Z,football_nfl,32678,2026-10-09T00:15:00Z,Dallas Cowboys,Tampa Bay Buccaneers,player_reception_yds,Javonte Williams,13.5,Over,draftkings,-113,-5.75,0.5,bovada,5,4.2
2026-10-08T20:01:15Z,football_nfl,32678,2026-10-09T00:15:00Z,Dallas Cowboys,Tampa Bay Buccaneers,player_reception_yds,Javonte Williams,13.5,Over,bovada,-115,-6.52,0.5,bovada,5,4.2
2026-10-08T20:01:15Z,football_nfl,32678,2026-10-09T00:15:00Z,Dallas Cowboys,Tampa Bay Buccaneers,player_reception_yds,Javonte Williams,13.5,Under,bovada,-115,-6.52,0.5,bovada,5,4.2
2026-10-08T20:01:15Z,football_nfl,32678,2026-10-09T00:15:00Z,Dallas Cowboys,Tampa Bay Buccaneers,player_reception_yds,Javonte Williams,24.5,Over,kalshi,233,-1.03,0.2972,kalshi,3,4.2
2026-10-08T20:01:15Z,football_nfl,32678,2026-10-09T00:15:00Z,Dallas Cowboys,Tampa Bay Buccaneers,player_reception_yds,Javonte Williams,24.5,Under,kalshi,-245,-1.03,0.7028,kalshi,3,4.2
2026-10-08T20:01:15Z,football_nfl,32678,2026-10-09T00:15:00Z,Dallas Cowboys,Tampa Bay Buccaneers,player_reception_yds,Javonte Williams,39.5,Over,kalshi,733,-0.99,0.1189,kalshi,3,4.2
2026-10-08T20:01:15Z,football_nfl,32678,2026-10-09T00:15:00Z,Dallas Cowboys,Tampa Bay Buccaneers,player_reception_yds,Javonte Williams,39.5,Under,kalshi,-809,-0.99,0.8811,kalshi,3,4.2
2026-10-08T20:01:15Z,football_nfl,32678,2026-10-09T00:15:00Z,Dallas Cowboys,Tampa Bay Buccaneers,player_reception_yds,Javonte Williams,49.5,Over,kalshi,1329,-0.99,0.0693,kalshi,3,4.2
2026-10-08T20:01:15Z,football_nfl,32678,2026-10-09T00:15:00Z,Dallas Cowboys,Tampa Bay Buccaneers,player_reception_yds,Javonte Williams,49.5,Under,kalshi,-1567,-0.99,0.9307,kalshi,3,4.2
2026-10-08T20:01:15Z,football_nfl,32678,2026-10-09T00:15:00Z,Dallas Cowboys,Tampa Bay Buccaneers,player_reception_yds,Javonte Williams,59.5,Over,kalshi,2400,-0.99,0.0396,kalshi,3,4.2
2026-10-08T20:01:15Z,football_nfl,32678,2026-10-09T00:15:00Z,Dallas Cowboys,Tampa Bay Buccaneers,player_reception_yds,Javonte Williams,59.5,Under,kalshi,-3233,-0.99,0.9604,kalshi,3,4.2
2026-10-08T20:01:15Z,football_nfl,32678,2026-10-09T00:15:00Z,Dallas Cowboys,Tampa Bay Buccaneers,player_reception_yds,KaVontae Turpin,3.5,Over,pinnacle,105,-4.51,0.4658,pinnacle,4,4.2
2026-10-08T20:01:15Z,football_nfl,32678,2026-10-09T00:15:00Z,Dallas Cowboys,Tampa Bay Buccaneers,player_reception_yds,KaVontae Turpin,3.5,Under,pinnacle,-127,-4.51,0.5342,pinnacle,4,4.2
2026-10-08T20:01:15Z,football_nfl,32678,2026-10-09T00:15:00Z,Dallas Cowboys,Tampa Bay Buccaneers,player_reception_yds,KaVontae Turpin,3.5,Under,fanduel,-130,-5.48,0.5342,pinnacle,4,4.2
2026-10-08T20:01:15Z,football_nfl,32678,2026-10-09T00:15:00Z,Dallas Cowboys,Tampa Bay Buccaneers,player_reception_yds,KaVontae Turpin,3.5,Over,fanduel,102,-5.91,0.4658,pinnacle,4,4.2
2026-10-08T20:01:15Z,football_nfl,32678,2026-10-09T00:15:00Z,Dallas Cowboys,Tampa Bay Buccaneers,player_reception_yds,KaVontae Turpin,14.5,Over,kalshi,335,-1.0,0.2276,kalshi,3,4.2
2026-10-08T20:01:15Z,football_nfl,32678,2026-10-09T00:15:00Z,Dallas Cowboys,Tampa Bay Buccaneers,player_reception_yds,KaVontae Turpin,14.5,Under,kalshi,-355,-1.0,0.7724,kalshi,3,4.2
2026-10-08T20:01:15Z,football_nfl,32678,2026-10-09T00:15:00Z,Dallas Cowboys,Tampa Bay Buccaneers,player_reception_yds,KaVontae Turpin,24.5,Over,kalshi,809,-0.99,0.1089,kalshi,3,4.2
2026-10-08T20:01:15Z,football_nfl,32678,2026-10-09T00:15:00Z,Dallas Cowboys,Tampa Bay Buccaneers,player_reception_yds,KaVontae Turpin,24.5,Under,kalshi,-900,-0.99,0.8911,kalshi,3,4.2
2026-10-08T20:01:15Z,football_nfl,32678,2026-10-09T00:15:00Z,Dallas Cowboys,Tampa Bay Buccaneers,player_reception_yds,KaVontae Turpin,39.5,Over,kalshi,1011,-0.99,0.0891,kalshi,3,4.2
2026-10-08T20:01:15Z,football_nfl,32678,2026-10-09T00:15:00Z,Dallas Cowboys,Tampa Bay Buccaneers,player_reception_yds,KaVontae Turpin,39.5,Under,kalshi,-1150,-0.99,0.9109,kalshi,3,4.2
2026-10-08T20:01:15Z,football_nfl,32678,2026-10-09T00:15:00Z,Dallas Cowboys,Tampa Bay Buccaneers,player_reception_yds,KaVontae Turpin,49.5,Over,kalshi,1567,-1.96,0.0588,kalshi,2,4.2
2026-10-08T20:01:15Z,football_nfl,32678,2026-10-09T00:15:00Z,Dallas Cowboys,Tampa Bay Buccaneers,player_reception_yds,KaVontae Turpin,49.5,Under,kalshi,-2400,-1.96,0.9412,kalshi,2,4.2
2026-10-08T20:01:15Z,football_nfl,32678,2026-10-09T00:15:00Z,Dallas Cowboys,Tampa Bay Buccaneers,player_reception_yds,Kavontae Turpin,0.5,Over,bovada,-115,-6.52,0.5,bovada,1,4.2
2026-10-08T20:01:15Z,football_nfl,32678,2026-10-09T00:15:00Z,Dallas Cowboys,Tampa Bay Buccaneers,player_reception_yds,Kavontae Turpin,0.5,Under,bovada,-115,-6.52,0.5,bovada,1,4.2
2026-10-08T20:01:15Z,football_nfl,32678,2026-10-09T00:15:00Z,Dallas Cowboys,Tampa Bay Buccaneers,player_reception_yds,Kenneth Gainwell,11.5,Under,draftkings,-107,-5.23,0.4899,bovada,7,4.2
2026-10-08T20:01:15Z,football_nfl,32678,2026-10-09T00:15:00Z,Dallas Cowboys,Tampa Bay Buccaneers,player_reception_yds,Kenneth Gainwell,11.5,Over,draftkings,-118,-5.76,0.5101,bovada,7,4.2
2026-10-08T20:01:15Z,football_nfl,32678,2026-10-09T00:15:00Z,Dallas Cowboys,Tampa Bay Buccaneers,player_reception_yds,Kenneth Gainwell,11.5,Over,bovada,-120,-6.48,0.5101,bovada,7,4.2
2026-10-08T20:01:15Z,football_nfl,32678,2026-10-09T00:15:00Z,Dallas Cowboys,Tampa Bay Buccaneers,player_reception_yds,Kenneth Gainwell,11.5,Under,bovada,-110,-6.48,0.4899,bovada,7,4.2
2026-10-08T20:01:15Z,football_nfl,32678,2026-10-09T00:15:00Z,Dallas Cowboys,Tampa Bay Buccaneers,player_reception_yds,Kenneth Gainwell,11.5,Over,hardrock,-120,-6.48,0.5101,bovada,7,4.2
2026-10-08T20:01:15Z,football_nfl,32678,2026-10-09T00:15:00Z,Dallas Cowboys,Tampa Bay Buccaneers,player_reception_yds,Kenneth Gainwell,11.5,Under,hardrock,-110,-6.48,0.4899,bovada,7,4.2
2026-10-08T20:01:15Z,football_nfl,32678,2026-10-09T00:15:00Z,Dallas Cowboys,Tampa Bay Buccaneers,player_reception_yds,Kenneth Gainwell,12.5,Over,pinnacle,-108,-4.54,0.4957,pinnacle,5,4.2
2026-10-08T20:01:15Z,football_nfl,32678,2026-10-09T00:15:00Z,Dallas Cowboys,Tampa Bay Buccaneers,player_reception_yds,Kenneth Gainwell,12.5,Under,pinnacle,-112,-4.54,0.5043,pinnacle,5,4.2
2026-10-08T20:01:15Z,football_nfl,32678,2026-10-09T00:15:00Z,Dallas Cowboys,Tampa Bay Buccaneers,player_reception_yds,Kenneth Gainwell,12.5,Under,fanduel,-113,-4.94,0.5043,pinnacle,5,4.2
2026-10-08T20:01:15Z,football_nfl,32678,2026-10-09T00:15:00Z,Dallas Cowboys,Tampa Bay Buccaneers,player_reception_yds,Kenneth Gainwell,12.5,Over,fanduel,-113,-6.57,0.4957,pinnacle,5,4.2
2026-10-08T20:01:15Z,football_nfl,32678,2026-10-09T00:15:00Z,Dallas Cowboys,Tampa Bay Buccaneers,player_reception_yds,Kenny Gainwell,14.5,Over,kalshi,133,-0.89,0.4253,kalshi,1,4.2
2026-10-08T20:01:15Z,football_nfl,32678,2026-10-09T00:15:00Z,Dallas Cowboys,Tampa Bay Buccaneers,player_reception_yds,Kenny Gainwell,14.5,Under,kalshi,-138,-0.89,0.5747,kalshi,1,4.2
2026-10-08T20:01:15Z,football_nfl,32678,2026-10-09T00:15:00Z,Dallas Cowboys,Tampa Bay Buccaneers,player_reception_yds,Kenny Gainwell,24.5,Over,kalshi,317,-0.98,0.2375,kalshi,1,4.2
2026-10-08T20:01:15Z,football_nfl,32678,2026-10-09T00:15:00Z,Dallas Cowboys,Tampa Bay Buccaneers,player_reception_yds,Kenny Gainwell,24.5,Under,kalshi,-335,-0.98,0.7625,kalshi,1,4.2
2026-10-08T20:01:15Z,football_nfl,32678,2026-10-09T00:15:00Z,Dallas Cowboys,Tampa Bay Buccaneers,player_reception_yds,Kenny Gainwell,39.5,Over,kalshi,900,-0.99,0.099,kalshi,1,4.2
2026-10-08T20:01:15Z,football_nfl,32678,2026-10-09T00:15:00Z,Dallas Cowboys,Tampa Bay Buccaneers,player_reception_yds,Kenny Gainwell,39.5,Under,kalshi,-1011,-0.99,0.901,kalshi,1,4.2
2026-10-08T20:01:15Z,football_nfl,32678,2026-10-09T00:15:00Z,Dallas Cowboys,Tampa Bay Buccaneers,player_reception_yds,Ryan Flournoy,14.5,Over,kalshi,-335,-0.98,0.7625,kalshi,3,4.2
2026-10-08T20:01:15Z,football_nfl,32678,2026-10-09T00:15:00Z,Dallas Cowboys,Tampa Bay Buccaneers,player_reception_yds,Ryan Flournoy,14.5,Under,kalshi,317,-0.98,0.2375,kalshi,3,4.2
2026-10-08T20:01:15Z,football_nfl,32678,2026-10-09T00:15:00Z,Dallas Cowboys,Tampa Bay Buccaneers,player_reception_yds,Ryan Flournoy,20.5,Over,bovada,-245,-6.3,0.6654,bovada,1,4.2
2026-10-08T20:01:15Z,football_nfl,32678,2026-10-09T00:15:00Z,Dallas Cowboys,Tampa Bay Buccaneers,player_reception_yds,Ryan Flournoy,20.5,Under,bovada,180,-6.3,0.3346,bovada,1,4.2
2026-10-08T20:01:15Z,football_nfl,32678,2026-10-09T00:15:00Z,Dallas Cowboys,Tampa Bay Buccaneers,player_reception_yds,Ryan Flournoy,24.5,Over,kalshi,-156,-0.93,0.6037,kalshi,3,4.2
2026-10-08T20:01:15Z,football_nfl,32678,2026-10-09T00:15:00Z,Dallas Cowboys,Tampa Bay Buccaneers,player_reception_yds,Ryan Flournoy,24.5,Under,kalshi,150,-0.93,0.3963,kalshi,3,4.2
2026-10-08T20:01:15Z,football_nfl,32678,2026-10-09T00:15:00Z,Dallas Cowboys,Tampa Bay Buccaneers,player_reception_yds,Ryan Flournoy,25.5,Over,bovada,-160,-6.54,0.5752,bovada,1,4.2
2026-10-08T20:01:15Z,football_nfl,32678,2026-10-09T00:15:00Z,Dallas Cowboys,Tampa Bay Buccaneers,player_reception_yds,Ryan Flournoy,25.5,Under,bovada,120,-6.54,0.4248,bovada,1,4.2
2026-10-08T20:01:15Z,football_nfl,32678,2026-10-09T00:15:00Z,Dallas Cowboys,Tampa Bay Buccaneers,player_reception_yds,Ryan Flournoy,30.5,Under,draftkings,-110,-4.55,0.5,bovada,8,4.2
2026-10-08T20:01:15Z,football_nfl,32678,2026-10-09T00:15:00Z,Dallas Cowboys,Tampa Bay Buccaneers,player_reception_yds,Ryan Flournoy,30.5,Over,draftkings,-114,-6.14,0.5,bovada,8,4.2
2026-10-08T20:01:15Z,football_nfl,32678,2026-10-09T00:15:00Z,Dallas Cowboys,Tampa Bay Buccaneers,player_reception_yds,Ryan Flournoy,30.5,Over,bovada,-115,-6.52,0.5,bovada,8,4.2
2026-10-08T20:01:15Z,football_nfl,32678,2026-10-09T00:15:00Z,Dallas Cowboys,Tampa Bay Buccaneers,player_reception_yds,Ryan Flournoy,30.5,Under,bovada,-115,-6.52,0.5,bovada,8,4.2
2026-10-08T20:01:15Z,football_nfl,32678,2026-10-09T00:15:00Z,Dallas Cowboys,Tampa Bay Buccaneers,player_reception_yds,Ryan Flournoy,30.5,Under,fanatics,-120,-8.33,0.5,bovada,8,4.2
2026-10-08T20:01:15Z,football_nfl,32678,2026-10-09T00:15:00Z,Dallas Cowboys,Tampa Bay Buccaneers,player_reception_yds,Ryan Flournoy,30.5,Over,fanatics,-125,-10.0,0.5,bovada,8,4.2
2026-10-08T20:01:15Z,football_nfl,32678,2026-10-09T00:15:00Z,Dallas Cowboys,Tampa Bay Buccaneers,player_reception_yds,Ryan Flournoy,31.5,Over,pinnacle,-111,-4.54,0.5022,pinnacle,6,4.2
2026-10-08T20:01:15Z,football_nfl,32678,2026-10-09T00:15:00Z,Dallas Cowboys,Tampa Bay Buccaneers,player_reception_yds,Ryan Flournoy,31.5,Under,pinnacle,-109,-4.54,0.4978,pinnacle,6,4.2
2026-10-08T20:01:15Z,football_nfl,32678,2026-10-09T00:15:00Z,Dallas Cowboys,Tampa Bay Buccaneers,player_reception_yds,Ryan Flournoy,31.5,Over,fanduel,-113,-5.34,0.5022,pinnacle,6,4.2
2026-10-08T20:01:15Z,football_nfl,32678,2026-10-09T00:15:00Z,Dallas Cowboys,Tampa Bay Buccaneers,player_reception_yds,Ryan Flournoy,31.5,Over,hardrock,-115,-6.12,0.5022,pinnacle,6,4.2
2026-10-08T20:01:15Z,football_nfl,32678,2026-10-09T00:15:00Z,Dallas Cowboys,Tampa Bay Buccaneers,player_reception_yds,Ryan Flournoy,31.5,Under,fanduel,-113,-6.16,0.4978,pinnacle,6,4.2
2026-10-08T20:01:15Z,football_nfl,32678,2026-10-09T00:15:00Z,Dallas Cowboys,Tampa Bay Buccaneers,player_reception_yds,Ryan Flournoy,31.5,Under,hardrock,-115,-6.93,0.4978,pinnacle,6,4.2
2026-10-08T20:01:15Z,football_nfl,32678,2026-10-09T00:15:00Z,Dallas Cowboys,Tampa Bay Buccaneers,player_reception_yds,Ryan Flournoy,35.5,Over,bovada,120,-6.54,0.4248,bovada,1,4.2
2026-10-08T20:01:15Z,football_nfl,32678,2026-10-09T00:15:00Z,Dallas Cowboys,Tampa Bay Buccaneers,player_reception_yds,Ryan Flournoy,35.5,Under,bovada,-160,-6.54,0.5752,bovada,1,4.2
2026-10-08T20:01:15Z,football_nfl,32678,2026-10-09T00:15:00Z,Dallas Cowboys,Tampa Bay Buccaneers,player_reception_yds,Ryan Flournoy,39.5,Over,kalshi,156,-1.03,0.3866,kalshi,3,4.2
2026-10-08T20:01:15Z,football_nfl,32678,2026-10-09T00:15:00Z,Dallas Cowboys,Tampa Bay Buccaneers,player_reception_yds,Ryan Flournoy,39.5,Under,kalshi,-163,-1.03,0.6134,kalshi,3,4.2
2026-10-08T20:01:15Z,football_nfl,32678,2026-10-09T00:15:00Z,Dallas Cowboys,Tampa Bay Buccaneers,player_reception_yds,Ryan Flournoy,40.5,Over,bovada,155,-6.51,0.3666,bovada,1,4.2
2026-10-08T20:01:15Z,football_nfl,32678,2026-10-09T00:15:00Z,Dallas Cowboys,Tampa Bay Buccaneers,player_reception_yds,Ryan Flournoy,40.5,Under,bovada,-210,-6.51,0.6334,bovada,1,4.2
2026-10-08T20:01:15Z,football_nfl,32678,2026-10-09T00:15:00Z,Dallas Cowboys,Tampa Bay Buccaneers,player_reception_yds,Ryan Flournoy,49.5,Over,kalshi,270,-1.04,0.2675,kalshi,3,4.2
2026-10-08T20:01:15Z,football_nfl,32678,2026-10-09T00:15:00Z,Dallas Cowboys,Tampa Bay Buccaneers,player_reception_yds,Ryan Flournoy,49.5,Under,kalshi,-285,-1.04,0.7325,kalshi,3,4.2
2026-10-08T20:01:15Z,football_nfl,32678,2026-10-09T00:15:00Z,Dallas Cowboys,Tampa Bay Buccaneers,player_reception_yds,Ryan Flournoy,59.5,Over,kalshi,456,-0.97,0.1781,kalshi,3,4.2
2026-10-08T20:01:15Z,football_nfl,32678,2026-10-09T00:15:00Z,Dallas Cowboys,Tampa Bay Buccaneers,player_reception_yds,Ryan Flournoy,59.5,Under,kalshi,-488,-0.97,0.8219,kalshi,3,4.2
2026-10-08T20:01:15Z,football_nfl,32678,2026-10-09T00:15:00Z,Dallas Cowboys,Tampa Bay Buccaneers,player_reception_yds,Ryan Flournoy,69.5,Over,kalshi,733,-0.99,0.1189,kalshi,3,4.2
2026-10-08T20:01:15Z,football_nfl,32678,2026-10-09T00:15:00Z,Dallas Cowboys,Tampa Bay Buccaneers,player_reception_yds,Ryan Flournoy,69.5,Under,kalshi,-809,-0.99,0.8811,kalshi,3,4.2
2026-10-08T20:01:15Z,football_nfl,32678,2026-10-09T00:15:00Z,Dallas Cowboys,Tampa Bay Buccaneers,player_reception_yds,Ryan Flournoy,79.5,Over,kalshi,1150,-0.99,0.0792,kalshi,3,4.2
2026-10-08T20:01:15Z,football_nfl,32678,2026-10-09T00:15:00Z,Dallas Cowboys,Tampa Bay Buccaneers,player_reception_yds,Ryan Flournoy,79.5,Under,kalshi,-1329,-0.99,0.9208,kalshi,3,4.2
2026-10-08T20:01:15Z,football_nfl,32678,2026-10-09T00:15:00Z,Dallas Cowboys,Tampa Bay Buccaneers,player_reception_yds,Ryan Flournoy,89.5,Over,kalshi,1567,-0.99,0.0594,kalshi,2,4.2
2026-10-08T20:01:15Z,football_nfl,32678,2026-10-09T00:15:00Z,Dallas Cowboys,Tampa Bay Buccaneers,player_reception_yds,Ryan Flournoy,89.5,Under,kalshi,-1900,-0.99,0.9406,kalshi,2,4.2
2026-10-08T20:01:15Z,football_nfl,32678,2026-10-09T00:15:00Z,Dallas Cowboys,Tampa Bay Buccaneers,player_reception_yds,Ted Hurst,15.5,Under,draftkings,-110,-4.55,0.5,bovada,4,4.2
2026-10-08T20:01:15Z,football_nfl,32678,2026-10-09T00:15:00Z,Dallas Cowboys,Tampa Bay Buccaneers,player_reception_yds,Ted Hurst,15.5,Over,draftkings,-114,-6.14,0.5,bovada,4,4.2
2026-10-08T20:01:15Z,football_nfl,32678,2026-10-09T00:15:00Z,Dallas Cowboys,Tampa Bay Buccaneers,player_reception_yds,Ted Hurst,15.5,Over,bovada,-115,-6.52,0.5,bovada,4,4.2
2026-10-08T20:01:15Z,football_nfl,32678,2026-10-09T00:15:00Z,Dallas Cowboys,Tampa Bay Buccaneers,player_reception_yds,Ted Hurst,15.5,Under,bovada,-115,-6.52,0.5,bovada,4,4.2
2026-10-08T20:01:15Z,football_nfl,32678,2026-10-09T00:15:00Z,Dallas Cowboys,Tampa Bay Buccaneers,player_reception_yds,Ted Hurst III,14.5,Over,kalshi,-122,-1.03,0.5439,kalshi,1,4.2
2026-10-08T20:01:15Z,football_nfl,32678,2026-10-09T00:15:00Z,Dallas Cowboys,Tampa Bay Buccaneers,player_reception_yds,Ted Hurst III,14.5,Under,kalshi,117,-1.03,0.4561,kalshi,1,4.2
2026-10-08T20:01:15Z,football_nfl,32678,2026-10-09T00:15:00Z,Dallas Cowboys,Tampa Bay Buccaneers,player_reception_yds,Ted Hurst III,24.5,Over,kalshi,170,-1.05,0.3665,kalshi,1,4.2
2026-10-08T20:01:15Z,football_nfl,32678,2026-10-09T00:15:00Z,Dallas Cowboys,Tampa Bay Buccaneers,player_reception_yds,Ted Hurst III,24.5,Under,kalshi,-178,-1.05,0.6335,kalshi,1,4.2
2026-10-08T20:01:15Z,football_nfl,32678,2026-10-09T00:15:00Z,Dallas Cowboys,Tampa Bay Buccaneers,player_reception_yds,Ted Hurst III,39.5,Over,kalshi,335,-1.0,0.2276,kalshi,1,4.2
2026-10-08T20:01:15Z,football_nfl,32678,2026-10-09T00:15:00Z,Dallas Cowboys,Tampa Bay Buccaneers,player_reception_yds,Ted Hurst III,39.5,Under,kalshi,-355,-1.0,0.7724,kalshi,1,4.2
2026-10-08T20:01:15Z,football_nfl,32678,2026-10-09T00:15:00Z,Dallas Cowboys,Tampa Bay Buccaneers,player_reception_yds,Ted Hurst III,49.5,Over,kalshi,567,-0.98,0.1485,kalshi,1,4.2
2026-10-08T20:01:15Z,football_nfl,32678,2026-10-09T00:15:00Z,Dallas Cowboys,Tampa Bay Buccaneers,player_reception_yds,Ted Hurst III,49.5,Under,kalshi,-614,-0.98,0.8515,kalshi,1,4.2
2026-10-08T20:01:15Z,football_nfl,32678,2026-10-09T00:15:00Z,Dallas Cowboys,Tampa Bay Buccaneers,player_reception_yds,Ted Hurst III,59.5,Over,kalshi,809,-0.99,0.1089,kalshi,1,4.2
2026-10-08T20:01:15Z,football_nfl,32678,2026-10-09T00:15:00Z,Dallas Cowboys,Tampa Bay Buccaneers,player_reception_yds,Ted Hurst III,59.5,Under,kalshi,-900,-0.99,0.8911,kalshi,1,4.2
2026-10-08T20:01:15Z,football_nfl,32678,2026-10-09T00:15:00Z,Dallas Cowboys,Tampa Bay Buccaneers,player_reception_yds,Ted Hurst III,69.5,Over,kalshi,1329,-0.99,0.0693,kalshi,1,4.2
2026-10-08T20:01:15Z,football_nfl,32678,2026-10-09T00:15:00Z,Dallas Cowboys,Tampa Bay Buccaneers,player_reception_yds,Ted Hurst III,69.5,Under,kalshi,-1567,-0.99,0.9307,kalshi,1,4.2
2026-10-08T20:01:15Z,football_nfl,32678,2026-10-09T00:15:00Z,Dallas Cowboys,Tampa Bay Buccaneers,player_reception_yds,Ted Hurst III,79.5,Over,kalshi,1900,-0.99,0.0495,kalshi,1,4.2
2026-10-08T20:01:15Z,football_nfl,32678,2026-10-09T00:15:00Z,Dallas Cowboys,Tampa Bay Buccaneers,player_reception_yds,Ted Hurst III,79.5,Under,kalshi,-2400,-0.99,0.9505,kalshi,1,4.2
2026-10-08T20:01:15Z,football_nfl,32678,2026-10-09T00:15:00Z,Dallas Cowboys,Tampa Bay Buccaneers,player_reception_yds,Tez Johnson,12.5,Over,fanduel,-113,-4.12,0.5087,pinnacle,7,4.2
2026-10-08T20:01:15Z,football_nfl,32678,2026-10-09T00:15:00Z,Dallas Cowboys,Tampa Bay Buccaneers,player_reception_yds,Tez Johnson,12.5,Over,pinnacle,-114,-4.51,0.5087,pinnacle,7,4.2
2026-10-08T20:01:15Z,football_nfl,32678,2026-10-09T00:15:00Z,Dallas Cowboys,Tampa Bay Buccaneers,player_reception_yds,Tez Johnson,12.5,Under,pinnacle,-106,-4.51,0.4913,pinnacle,7,4.2
2026-10-08T20:01:15Z,football_nfl,32678,2026-10-09T00:15:00Z,Dallas Cowboys,Tampa Bay Buccaneers,player_reception_yds,Tez Johnson,12.5,Over,hardrock,-115,-4.9,0.5087,pinnacle,7,4.2
2026-10-08T20:01:15Z,football_nfl,32678,2026-10-09T00:15:00Z,Dallas Cowboys,Tampa Bay Buccaneers,player_reception_yds,Tez Johnson,12.5,Over,draftkings,-116,-5.28,0.5087,pinnacle,7,4.2
2026-10-08T20:01:15Z,football_nfl,32678,2026-10-09T00:15:00Z,Dallas Cowboys,Tampa Bay Buccaneers,player_reception_yds,Tez Johnson,12.5,Under,draftkings,-108,-5.37,0.4913,pinnacle,7,4.2
2026-10-08T20:01:15Z,football_nfl,32678,2026-10-09T00:15:00Z,Dallas Cowboys,Tampa Bay Buccaneers,player_reception_yds,Tez Johnson,12.5,Under,bovada,-110,-6.2,0.4913,pinnacle,7,4.2
2026-10-08T20:01:15Z,football_nfl,32678,2026-10-09T00:15:00Z,Dallas Cowboys,Tampa Bay Buccaneers,player_reception_yds,Tez Johnson,12.5,Over,bovada,-120,-6.74,0.5087,pinnacle,7,4.2
2026-10-08T20:01:15Z,football_nfl,32678,2026-10-09T00:15:00Z,Dallas Cowboys,Tampa Bay Buccaneers,player_reception_yds,Tez Johnson,12.5,Under,fanduel,-113,-7.39,0.4913,pinnacle,7,4.2
2026-10-08T20:01:15Z,football_nfl,32678,2026-10-09T00:15:00Z,Dallas Cowboys,Tampa Bay Buccaneers,player_reception_yds,Tez Johnson,12.5,Under,hardrock,-115,-8.14,0.4913,pinnacle,7,4.2
2026-10-08T20:01:15Z,football_nfl,32678,2026-10-09T00:15:00Z,Dallas Cowboys,Tampa Bay Buccaneers,player_reception_yds,Tez Johnson,24.5,Over,kalshi,212,-1.08,0.3171,kalshi,3,4.2
2026-10-08T20:01:15Z,football_nfl,32678,2026-10-09T00:15:00Z,Dallas Cowboys,Tampa Bay Buccaneers,player_reception_yds,Tez Johnson,24.5,Under,kalshi,-223,-1.08,0.6829,kalshi,3,4.2
2026-10-08T20:01:15Z,football_nfl,32678,2026-10-09T00:15:00Z,Dallas Cowboys,Tampa Bay Buccaneers,player_reception_yds,Tez Johnson,39.5,Over,kalshi,525,-1.0,0.1584,kalshi,3,4.2
2026-10-08T20:01:15Z,football_nfl,32678,2026-10-09T00:15:00Z,Dallas Cowboys,Tampa Bay Buccaneers,player_reception_yds,Tez Johnson,39.5,Under,kalshi,-567,-1.0,0.8416,kalshi,3,4.2
2026-10-08T20:01:15Z,football_nfl,32678,2026-10-09T00:15:00Z,Dallas Cowboys,Tampa Bay Buccaneers,player_reception_yds,Tez Johnson,49.5,Over,kalshi,809,-0.99,0.1089,kalshi,3,4.2
2026-10-08T20:01:15Z,football_nfl,32678,2026-10-09T00:15:00Z,Dallas Cowboys,Tampa Bay Buccaneers,player_reception_yds,Tez Johnson,49.5,Under,kalshi,-900,-0.99,0.8911,kalshi,3,4.2
2026-10-08T20:01:15Z,football_nfl,32678,2026-10-09T00:15:00Z,Dallas Cowboys,Tampa Bay Buccaneers,player_receptions,Brevyn Spann-Ford,0.5,Over,kalshi,-113,-1.12,0.5246,kalshi,5,4.2
2026-10-08T20:01:15Z,football_nfl,32678,2026-10-09T00:15:00Z,Dallas Cowboys,Tampa Bay Buccaneers,player_receptions,Brevyn Spann-Ford,0.5,Under,kalshi,108,-1.12,0.4754,kalshi,5,4.2
2026-10-08T20:01:15Z,football_nfl,32678,2026-10-09T00:15:00Z,Dallas Cowboys,Tampa Bay Buccaneers,player_receptions,Brevyn Spann-Ford,0.5,Over,bovada,-125,-5.57,0.5246,kalshi,5,4.2
2026-10-08T20:01:15Z,football_nfl,32678,2026-10-09T00:15:00Z,Dallas Cowboys,Tampa Bay Buccaneers,player_receptions,Brevyn Spann-Ford,0.5,Under,draftkings,-102,-5.85,0.4754,kalshi,5,4.2
2026-10-08T20:01:15Z,football_nfl,32678,2026-10-09T00:15:00Z,Dallas Cowboys,Tampa Bay Buccaneers,player_receptions,Brevyn Spann-Ford,0.5,Over,draftkings,-126,-5.91,0.5246,kalshi,5,4.2
2026-10-08T20:01:15Z,football_nfl,32678,2026-10-09T00:15:00Z,Dallas Cowboys,Tampa Bay Buccaneers,player_receptions,Brevyn Spann-Ford,0.5,Under,bovada,-105,-7.18,0.4754,kalshi,5,4.2
2026-10-08T20:01:15Z,football_nfl,32678,2026-10-09T00:15:00Z,Dallas Cowboys,Tampa Bay Buccaneers,player_receptions,Brevyn Spann-Ford,1.5,Over,kalshi,488,-1.97,0.1667,kalshi,2,4.2
2026-10-08T20:01:15Z,football_nfl,32678,2026-10-09T00:15:00Z,Dallas Cowboys,Tampa Bay Buccaneers,player_receptions,Brevyn Spann-Ford,1.5,Under,kalshi,-567,-1.97,0.8333,kalshi,2,4.2
2026-10-08T20:01:15Z,football_nfl,32678,2026-10-09T00:15:00Z,Dallas Cowboys,Tampa Bay Buccaneers,player_receptions,Brevyn Spann-Ford,2.5,Over,kalshi,1900,-0.99,0.0495,kalshi,1,4.2
2026-10-08T20:01:15Z,football_nfl,32678,2026-10-09T00:15:00Z,Dallas Cowboys,Tampa Bay Buccaneers,player_receptions,Brevyn Spann-Ford,2.5,Under,kalshi,-2400,-0.99,0.9505,kalshi,1,4.2
2026-10-08T20:01:15Z,football_nfl,32678,2026-10-09T00:15:00Z,Dallas Cowboys,Tampa Bay Buccaneers,player_receptions,Bucky Irving,1.5,Over,kalshi,-186,-1.0,0.6439,kalshi,3,4.2
2026-10-08T20:01:15Z,football_nfl,32678,2026-10-09T00:15:00Z,Dallas Cowboys,Tampa Bay Buccaneers,player_receptions,Bucky Irving,1.5,Under,kalshi,178,-1.0,0.3561,kalshi,3,4.2
2026-10-08T20:01:15Z,football_nfl,32678,2026-10-09T00:15:00Z,Dallas Cowboys,Tampa Bay Buccaneers,player_receptions,Bucky Irving,3.5,Over,kalshi,355,-0.96,0.2177,kalshi,3,4.2
2026-10-08T20:01:15Z,football_nfl,32678,2026-10-09T00:15:00Z,Dallas Cowboys,Tampa Bay Buccaneers,player_receptions,Bucky Irving,3.5,Under,kalshi,-376,-0.96,0.7823,kalshi,3,4.2
2026-10-08T20:01:15Z,football_nfl,32678,2026-10-09T00:15:00Z,Dallas Cowboys,Tampa Bay Buccaneers,player_receptions,Bucky Irving,4.5,Over,kalshi,900,-0.99,0.099,kalshi,3,4.2
2026-10-08T20:01:15Z,football_nfl,32678,2026-10-09T00:15:00Z,Dallas Cowboys,Tampa Bay Buccaneers,player_receptions,Bucky Irving,4.5,Under,kalshi,-1011,-0.99,0.901,kalshi,3,4.2
2026-10-08T20:01:15Z,football_nfl,32678,2026-10-09T00:15:00Z,Dallas Cowboys,Tampa Bay Buccaneers,player_receptions,Bucky Irving,5.5,Over,kalshi,1567,-1.96,0.0588,kalshi,3,4.2
2026-10-08T20:01:15Z,football_nfl,32678,2026-10-09T00:15:00Z,Dallas Cowboys,Tampa Bay Buccaneers,player_receptions,Bucky Irving,5.5,Under,kalshi,-2400,-1.96,0.9412,kalshi,3,4.2
2026-10-08T20:01:15Z,football_nfl,32678,2026-10-09T00:15:00Z,Dallas Cowboys,Tampa Bay Buccaneers,player_receptions,Bucky Irving,6.5,Over,kalshi,1900,-2.91,0.0485,kalshi,1,4.2
2026-10-08T20:01:15Z,football_nfl,32678,2026-10-09T00:15:00Z,Dallas Cowboys,Tampa Bay Buccaneers,player_receptions,Bucky Irving,6.5,Under,kalshi,-4900,-2.91,0.9515,kalshi,1,4.2
2026-10-08T20:01:15Z,football_nfl,32678,2026-10-09T00:15:00Z,Dallas Cowboys,Tampa Bay Buccaneers,player_receptions,Cade Otton,1.5,Over,kalshi,-525,-1.0,0.8316,kalshi,3,4.2
2026-10-08T20:01:15Z,football_nfl,32678,2026-10-09T00:15:00Z,Dallas Cowboys,Tampa Bay Buccaneers,player_receptions,Cade Otton,1.5,Under,kalshi,488,-1.0,0.1684,kalshi,3,4.2
2026-10-08T20:01:15Z,football_nfl,32678,2026-10-09T00:15:00Z,Dallas Cowboys,Tampa Bay Buccaneers,player_receptions,Cade Otton,2.5,Over,kalshi,-213,-1.04,0.6734,kalshi,3,4.2
2026-10-08T20:01:15Z,football_nfl,32678,2026-10-09T00:15:00Z,Dallas Cowboys,Tampa Bay Buccaneers,player_receptions,Cade Otton,2.5,Under,kalshi,203,-1.04,0.3266,kalshi,3,4.2
2026-10-08T20:01:15Z,football_nfl,32678,2026-10-09T00:15:00Z,Dallas Cowboys,Tampa Bay Buccaneers,player_receptions,Cade Otton,6.5,Over,kalshi,900,-0.99,0.099,kalshi,3,4.2
2026-10-08T20:01:15Z,football_nfl,32678,2026-10-09T00:15:00Z,Dallas Cowboys,Tampa Bay Buccaneers,player_receptions,Cade Otton,6.5,Under,kalshi,-1011,-0.99,0.901,kalshi,3,4.2
2026-10-08T20:01:15Z,football_nfl,32678,2026-10-09T00:15:00Z,Dallas Cowboys,Tampa Bay Buccaneers,player_receptions,Cade Otton,7.5,Over,kalshi,1900,-0.99,0.0495,kalshi,2,4.2
2026-10-08T20:01:15Z,football_nfl,32678,2026-10-09T00:15:00Z,Dallas Cowboys,Tampa Bay Buccaneers,player_receptions,Cade Otton,7.5,Under,kalshi,-2400,-0.99,0.9505,kalshi,2,4.2
2026-10-08T20:01:15Z,football_nfl,32678,2026-10-09T00:15:00Z,Dallas Cowboys,Tampa Bay Buccaneers,player_receptions,CeeDee Lamb,2.5,Over,kalshi,-1329,-0.99,0.9208,kalshi,2,4.2
2026-10-08T20:01:15Z,football_nfl,32678,2026-10-09T00:15:00Z,Dallas Cowboys,Tampa Bay Buccaneers,player_receptions,CeeDee Lamb,2.5,Under,kalshi,1150,-0.99,0.0792,kalshi,2,4.2
2026-10-08T20:01:15Z,football_nfl,32678,2026-10-09T00:15:00Z,Dallas Cowboys,Tampa Bay Buccaneers,player_receptions,CeeDee Lamb,3.5,Over,kalshi,-669,-0.99,0.8613,kalshi,3,4.2
2026-10-08T20:01:15Z,football_nfl,32678,2026-10-09T00:15:00Z,Dallas Cowboys,Tampa Bay Buccaneers,player_receptions,CeeDee Lamb,3.5,Under,kalshi,614,-0.99,0.1387,kalshi,3,4.2
2026-10-08T20:01:15Z,football_nfl,32678,2026-10-09T00:15:00Z,Dallas Cowboys,Tampa Bay Buccaneers,player_receptions,CeeDee Lamb,4.5,Over,kalshi,-335,-0.98,0.7625,kalshi,3,4.2
2026-10-08T20:01:15Z,football_nfl,32678,2026-10-09T00:15:00Z,Dallas Cowboys,Tampa Bay Buccaneers,player_receptions,CeeDee Lamb,4.5,Under,kalshi,317,-0.98,0.2375,kalshi,3,4.2
2026-10-08T20:01:15Z,football_nfl,32678,2026-10-09T00:15:00Z,Dallas Cowboys,Tampa Bay Buccaneers,player_receptions,CeeDee Lamb,5.5,Over,kalshi,-178,-1.05,0.6335,kalshi,3,4.2
2026-10-08T20:01:15Z,football_nfl,32678,2026-10-09T00:15:00Z,Dallas Cowboys,Tampa Bay Buccaneers,player_receptions,CeeDee Lamb,5.5,Under,kalshi,170,-1.05,0.3665,kalshi,3,4.2
2026-10-08T20:01:15Z,football_nfl,32678,2026-10-09T00:15:00Z,Dallas Cowboys,Tampa Bay Buccaneers,player_receptions,CeeDee Lamb,8.5,Over,kalshi,335,-1.0,0.2276,kalshi,3,4.2
2026-10-08T20:01:15Z,football_nfl,32678,2026-10-09T00:15:00Z,Dallas Cowboys,Tampa Bay Buccaneers,player_receptions,CeeDee Lamb,8.5,Under,kalshi,-355,-1.0,0.7724,kalshi,3,4.2
2026-10-08T20:01:15Z,football_nfl,32678,2026-10-09T00:15:00Z,Dallas Cowboys,Tampa Bay Buccaneers,player_receptions,CeeDee Lamb,9.5,Over,kalshi,567,-1.95,0.147,kalshi,3,4.2
2026-10-08T20:01:15Z,football_nfl,32678,2026-10-09T00:15:00Z,Dallas Cowboys,Tampa Bay Buccaneers,player_receptions,CeeDee Lamb,9.5,Under,kalshi,-669,-1.95,0.853,kalshi,3,4.2
2026-10-08T20:01:15Z,football_nfl,32678,2026-10-09T00:15:00Z,Dallas Cowboys,Tampa Bay Buccaneers,player_receptions,CeeDee Lamb,10.5,Over,kalshi,900,-0.99,0.099,kalshi,3,4.2
2026-10-08T20:01:15Z,football_nfl,32678,2026-10-09T00:15:00Z,Dallas Cowboys,Tampa Bay Buccaneers,player_receptions,CeeDee Lamb,10.5,Under,kalshi,-1011,-0.99,0.901,kalshi,3,4.2
2026-10-08T20:01:15Z,football_nfl,32678,2026-10-09T00:15:00Z,Dallas Cowboys,Tampa Bay Buccaneers,player_receptions,CeeDee Lamb,11.5,Over,kalshi,1567,-0.99,0.0594,kalshi,3,4.2
2026-10-08T20:01:15Z,football_nfl,32678,2026-10-09T00:15:00Z,Dallas Cowboys,Tampa Bay Buccaneers,player_receptions,CeeDee Lamb,11.5,Under,kalshi,-1900,-0.99,0.9406,kalshi,3,4.2
2026-10-08T20:01:15Z,football_nfl,32678,2026-10-09T00:15:00Z,Dallas Cowboys,Tampa Bay Buccaneers,player_receptions,CeeDee Lamb,12.5,Over,kalshi,2400,-0.99,0.0396,kalshi,1,4.2
2026-10-08T20:01:15Z,football_nfl,32678,2026-10-09T00:15:00Z,Dallas Cowboys,Tampa Bay Buccaneers,player_receptions,CeeDee Lamb,12.5,Under,kalshi,-3233,-0.99,0.9604,kalshi,1,4.2
2026-10-08T20:01:15Z,football_nfl,32678,2026-10-09T00:15:00Z,Dallas Cowboys,Tampa Bay Buccaneers,player_receptions,Chris Godwin Jr.,1.5,Over,kalshi,-669,-0.99,0.8613,kalshi,1,4.2
2026-10-08T20:01:15Z,football_nfl,32678,2026-10-09T00:15:00Z,Dallas Cowboys,Tampa Bay Buccaneers,player_receptions,Chris Godwin Jr.,1.5,Under,kalshi,614,-0.99,0.1387,kalshi,1,4.2
2026-10-08T20:01:15Z,football_nfl,32678,2026-10-09T00:15:00Z,Dallas Cowboys,Tampa Bay Buccaneers,player_receptions,Chris Godwin Jr.,2.5,Over,kalshi,-233,-0.92,0.6933,kalshi,1,4.2
2026-10-08T20:01:15Z,football_nfl,32678,2026-10-09T00:15:00Z,Dallas Cowboys,Tampa Bay Buccaneers,player_receptions,Chris Godwin Jr.,2.5,Under,kalshi,223,-0.92,0.3067,kalshi,1,4.2
2026-10-08T20:01:15Z,football_nfl,32678,2026-10-09T00:15:00Z,Dallas Cowboys,Tampa Bay Buccaneers,player_receptions,Chris Godwin Jr.,3.5,Over,kalshi,-122,-0.43,0.5472,pinnacle,4,4.2
2026-10-08T20:01:15Z,football_nfl,32678,2026-10-09T00:15:00Z,Dallas Cowboys,Tampa Bay Buccaneers,player_receptions,Chris Godwin Jr.,3.5,Under,kalshi,117,-1.73,0.4528,pinnacle,4,4.2
2026-10-08T20:01:15Z,football_nfl,32678,2026-10-09T00:15:00Z,Dallas Cowboys,Tampa Bay Buccaneers,player_receptions,Chris Godwin Jr.,3.5,Over,pinnacle,-134,-4.45,0.5472,pinnacle,4,4.2
2026-10-08T20:01:15Z,football_nfl,32678,2026-10-09T00:15:00Z,Dallas Cowboys,Tampa Bay Buccaneers,player_receptions,Chris Godwin Jr.,3.5,Under,pinnacle,111,-4.45,0.4528,pinnacle,4,4.2
2026-10-08T20:01:15Z,football_nfl,32678,2026-10-09T00:15:00Z,Dallas Cowboys,Tampa Bay Buccaneers,player_receptions,Chris Godwin Jr.,3.5,Under,hardrock,110,-4.9,0.4528,pinnacle,4,4.2
2026-10-08T20:01:15Z,football_nfl,32678,2026-10-09T00:15:00Z,Dallas Cowboys,Tampa Bay Buccaneers,player_receptions,Chris Godwin Jr.,3.5,Over,hardrock,-145,-7.55,0.5472,pinnacle,4,4.2
2026-10-08T20:01:15Z,football_nfl,32678,2026-10-09T00:15:00Z,Dallas Cowboys,Tampa Bay Buccaneers,player_receptions,Chris Godwin Jr.,4.5,Over,kalshi,178,-1.0,0.3561,kalshi,1,4.2
2026-10-08T20:01:15Z,football_nfl,32678,2026-10-09T00:15:00Z,Dallas Cowboys,Tampa Bay Buccaneers,player_receptions,Chris Godwin Jr.,4.5,Under,kalshi,-186,-1.0,0.6439,kalshi,1,4.2
2026-10-08T20:01:15Z,football_nfl,32678,2026-10-09T00:15:00Z,Dallas Cowboys,Tampa Bay Buccaneers,player_receptions,Chris Godwin Jr.,5.5,Over,kalshi,355,-0.96,0.2177,kalshi,1,4.2
2026-10-08T20:01:15Z,football_nfl,32678,2026-10-09T00:15:00Z,Dallas Cowboys,Tampa Bay Buccaneers,player_receptions,Chris Godwin Jr.,5.5,Under,kalshi,-376,-0.96,0.7823,kalshi,1,4.2
2026-10-08T20:01:15Z,football_nfl,32678,2026-10-09T00:15:00Z,Dallas Cowboys,Tampa Bay Buccaneers,player_receptions,Chris Godwin Jr.,6.5,Over,kalshi,733,-0.99,0.1189,kalshi,1,4.2
2026-10-08T20:01:15Z,football_nfl,32678,2026-10-09T00:15:00Z,Dallas Cowboys,Tampa Bay Buccaneers,player_receptions,Chris Godwin Jr.,6.5,Under,kalshi,-809,-0.99,0.8811,kalshi,1,4.2
2026-10-08T20:01:15Z,football_nfl,32678,2026-10-09T00:15:00Z,Dallas Cowboys,Tampa Bay Buccaneers,player_receptions,Chris Godwin Jr.,7.5,Over,kalshi,1329,-0.99,0.0693,kalshi,1,4.2
2026-10-08T20:01:15Z,football_nfl,32678,2026-10-09T00:15:00Z,Dallas Cowboys,Tampa Bay Buccaneers,player_receptions,Chris Godwin Jr.,7.5,Under,kalshi,-1567,-0.99,0.9307,kalshi,1,4.2
2026-10-08T20:01:15Z,football_nfl,32678,2026-10-09T00:15:00Z,Dallas Cowboys,Tampa Bay Buccaneers,player_receptions,Emeka Egbuka,1.5,Over,kalshi,-456,-1.02,0.8118,kalshi,3,4.2
2026-10-08T20:01:15Z,football_nfl,32678,2026-10-09T00:15:00Z,Dallas Cowboys,Tampa Bay Buccaneers,player_receptions,Emeka Egbuka,1.5,Under,kalshi,426,-1.02,0.1882,kalshi,3,4.2
2026-10-08T20:01:15Z,football_nfl,32678,2026-10-09T00:15:00Z,Dallas Cowboys,Tampa Bay Buccaneers,player_receptions,Emeka Egbuka,4.5,Over,kalshi,285,-0.96,0.2572,kalshi,3,4.2
2026-10-08T20:01:15Z,football_nfl,32678,2026-10-09T00:15:00Z,Dallas Cowboys,Tampa Bay Buccaneers,player_receptions,Emeka Egbuka,4.5,Under,kalshi,-300,-0.96,0.7428,kalshi,3,4.2
2026-10-08T20:01:15Z,football_nfl,32678,2026-10-09T00:15:00Z,Dallas Cowboys,Tampa Bay Buccaneers,player_receptions,Emeka Egbuka,5.5,Over,kalshi,614,-0.99,0.1387,kalshi,3,4.2
2026-10-08T20:01:15Z,football_nfl,32678,2026-10-09T00:15:00Z,Dallas Cowboys,Tampa Bay Buccaneers,player_receptions,Emeka Egbuka,5.5,Under,kalshi,-669,-0.99,0.8613,kalshi,3,4.2
2026-10-08T20:01:15Z,football_nfl,32678,2026-10-09T00:15:00Z,Dallas Cowboys,Tampa Bay Buccaneers,player_receptions,Emeka Egbuka,6.5,Over,kalshi,1150,-0.99,0.0792,kalshi,3,4.2
2026-10-08T20:01:15Z,football_nfl,32678,2026-10-09T00:15:00Z,Dallas Cowboys,Tampa Bay Buccaneers,player_receptions,Emeka Egbuka,6.5,Under,kalshi,-1329,-0.99,0.9208,kalshi,3,4.2
2026-10-08T20:01:15Z,football_nfl,32678,2026-10-09T00:15:00Z,Dallas Cowboys,Tampa Bay Buccaneers,player_receptions,Emeka Egbuka,7.5,Over,kalshi,1900,-0.99,0.0495,kalshi,2,4.2
2026-10-08T20:01:15Z,football_nfl,32678,2026-10-09T00:15:00Z,Dallas Cowboys,Tampa Bay Buccaneers,player_receptions,Emeka Egbuka,7.5,Under,kalshi,-2400,-0.99,0.9505,kalshi,2,4.2
2026-10-08T20:01:15Z,football_nfl,32678,2026-10-09T00:15:00Z,Dallas Cowboys,Tampa Bay Buccaneers,player_receptions,George Pickens,1.5,Over,kalshi,-1329,-0.99,0.9208,kalshi,2,4.2
2026-10-08T20:01:15Z,football_nfl,32678,2026-10-09T00:15:00Z,Dallas Cowboys,Tampa Bay Buccaneers,player_receptions,George Pickens,1.5,Under,kalshi,1150,-0.99,0.0792,kalshi,2,4.2
2026-10-08T20:01:15Z,football_nfl,32678,2026-10-09T00:15:00Z,Dallas Cowboys,Tampa Bay Buccaneers,player_receptions,George Pickens,2.5,Over,kalshi,-525,-1.95,0.8236,kalshi,3,4.2
2026-10-08T20:01:15Z,football_nfl,32678,2026-10-09T00:15:00Z,Dallas Cowboys,Tampa Bay Buccaneers,player_receptions,George Pickens,2.5,Under,kalshi,456,-1.95,0.1764,kalshi,3,4.2
2026-10-08T20:01:15Z,football_nfl,32678,2026-10-09T00:15:00Z,Dallas Cowboys,Tampa Bay Buccaneers,player_receptions,George Pickens,3.5,Over,kalshi,-223,-1.08,0.6829,kalshi,3,4.2
2026-10-08T20:01:15Z,football_nfl,32678,2026-10-09T00:15:00Z,Dallas Cowboys,Tampa Bay Buccaneers,player_receptions,George Pickens,3.5,Under,kalshi,212,-1.08,0.3171,kalshi,3,4.2
2026-10-08T20:01:15Z,football_nfl,32678,2026-10-09T00:15:00Z,Dallas Cowboys,Tampa Bay Buccaneers,player_receptions,George Pickens,6.5,Over,kalshi,335,-1.0,0.2276,kalshi,3,4.2
2026-10-08T20:01:15Z,football_nfl,32678,2026-10-09T00:15:00Z,Dallas Cowboys,Tampa Bay Buccaneers,player_receptions,George Pickens,6.5,Under,kalshi,-355,-1.0,0.7724,kalshi,3,4.2
2026-10-08T20:01:15Z,football_nfl,32678,2026-10-09T00:15:00Z,Dallas Cowboys,Tampa Bay Buccaneers,player_receptions,George Pickens,7.5,Over,kalshi,669,-0.99,0.1288,kalshi,3,4.2
2026-10-08T20:01:15Z,football_nfl,32678,2026-10-09T00:15:00Z,Dallas Cowboys,Tampa Bay Buccaneers,player_receptions,George Pickens,7.5,Under,kalshi,-733,-0.99,0.8712,kalshi,3,4.2
2026-10-08T20:01:15Z,football_nfl,32678,2026-10-09T00:15:00Z,Dallas Cowboys,Tampa Bay Buccaneers,player_receptions,George Pickens,8.5,Over,kalshi,1011,-0.99,0.0891,kalshi,3,4.2
2026-10-08T20:01:15Z,football_nfl,32678,2026-10-09T00:15:00Z,Dallas Cowboys,Tampa Bay Buccaneers,player_receptions,George Pickens,8.5,Under,kalshi,-1150,-0.99,0.9109,kalshi,3,4.2
2026-10-08T20:01:15Z,football_nfl,32678,2026-10-09T00:15:00Z,Dallas Cowboys,Tampa Bay Buccaneers,player_receptions,George Pickens,9.5,Over,kalshi,1900,-0.99,0.0495,kalshi,2,4.2
2026-10-08T20:01:15Z,football_nfl,32678,2026-10-09T00:15:00Z,Dallas Cowboys,Tampa Bay Buccaneers,player_receptions,George Pickens,9.5,Under,kalshi,-2400,-0.99,0.9505,kalshi,2,4.2
2026-10-08T20:01:15Z,football_nfl,32678,2026-10-09T00:15:00Z,Dallas Cowboys,Tampa Bay Buccaneers,player_receptions,Jake Ferguson,1.5,Over,kalshi,-525,-1.0,0.8316,kalshi,3,4.2
2026-10-08T20:01:15Z,football_nfl,32678,2026-10-09T00:15:00Z,Dallas Cowboys,Tampa Bay Buccaneers,player_receptions,Jake Ferguson,1.5,Under,kalshi,488,-1.0,0.1684,kalshi,3,4.2
2026-10-08T20:01:15Z,football_nfl,32678,2026-10-09T00:15:00Z,Dallas Cowboys,Tampa Bay Buccaneers,player_receptions,Jake Ferguson,2.5,Over,kalshi,-194,-0.94,0.6536,kalshi,3,4.2
2026-10-08T20:01:15Z,football_nfl,32678,2026-10-09T00:15:00Z,Dallas Cowboys,Tampa Bay Buccaneers,player_receptions,Jake Ferguson,2.5,Under,kalshi,186,-0.94,0.3464,kalshi,3,4.2
2026-10-08T20:01:15Z,football_nfl,32678,2026-10-09T00:15:00Z,Dallas Cowboys,Tampa Bay Buccaneers,player_receptions,Jake Ferguson,3.5,Over,kalshi,122,-0.08,0.4501,pinnacle,14,4.2
2026-10-08T20:01:15Z,football_nfl,32678,2026-10-09T00:15:00Z,Dallas Cowboys,Tampa Bay Buccaneers,player_receptions,Jake Ferguson,3.5,Under,kalshi,-127,-1.71,0.5499,pinnacle,14,4.2
2026-10-08T20:01:15Z,football_nfl,32678,2026-10-09T00:15:00Z,Dallas Cowboys,Tampa Bay Buccaneers,player_receptions,Jake Ferguson,3.5,Over,bovada,115,-3.23,0.4501,pinnacle,14,4.2
2026-10-08T20:01:15Z,football_nfl,32678,2026-10-09T00:15:00Z,Dallas Cowboys,Tampa Bay Buccaneers,player_receptions,Jake Ferguson,3.5,Over,draftkings,115,-3.23,0.4501,pinnacle,14,4.2
2026-10-08T20:01:15Z,football_nfl,32678,2026-10-09T00:15:00Z,Dallas Cowboys,Tampa Bay Buccaneers,player_receptions,Jake Ferguson,3.5,Under,hardrock,-135,-4.28,0.5499,pinnacle,14,4.2
2026-10-08T20:01:15Z,football_nfl,32678,2026-10-09T00:15:00Z,Dallas Cowboys,Tampa Bay Buccaneers,player_receptions,Jake Ferguson,3.5,Over,pinnacle,112,-4.58,0.4501,pinnacle,14,4.2
2026-10-08T20:01:15Z,football_nfl,32678,2026-10-09T00:15:00Z,Dallas Cowboys,Tampa Bay Buccaneers,player_receptions,Jake Ferguson,3.5,Under,pinnacle,-136,-4.58,0.5499,pinnacle,14,4.2
2026-10-08T20:01:15Z,football_nfl,32678,2026-10-09T00:15:00Z,Dallas Cowboys,Tampa Bay Buccaneers,player_receptions,Jake Ferguson,3.5,Under,fanduel,-136,-4.58,0.5499,pinnacle,14,4.2
2026-10-08T20:01:15Z,football_nfl,32678,2026-10-09T00:15:00Z,Dallas Cowboys,Tampa Bay Buccaneers,player_receptions,Jake Ferguson,3.5,Under,draftkings,-147,-7.6,0.5499,pinnacle,14,4.2
2026-10-08T20:01:15Z,football_nfl,32678,2026-10-09T00:15:00Z,Dallas Cowboys,Tampa Bay Buccaneers,player_receptions,Jake Ferguson,3.5,Over,hardrock,105,-7.73,0.4501,pinnacle,14,4.2
2026-10-08T20:01:15Z,football_nfl,32678,2026-10-09T00:15:00Z,Dallas Cowboys,Tampa Bay Buccaneers,player_receptions,Jake Ferguson,3.5,Under,bovada,-150,-8.35,0.5499,pinnacle,14,4.2
2026-10-08T20:01:15Z,football_nfl,32678,2026-10-09T00:15:00Z,Dallas Cowboys,Tampa Bay Buccaneers,player_receptions,Jake Ferguson,3.5,Over,fanduel,102,-9.08,0.4501,pinnacle,14,4.2
2026-10-08T20:01:15Z,football_nfl,32678,2026-10-09T00:15:00Z,Dallas Cowboys,Tampa Bay Buccaneers,player_receptions,Jake Ferguson,4.5,Over,kalshi,233,-1.03,0.2972,kalshi,3,4.2
2026-10-08T20:01:15Z,football_nfl,32678,2026-10-09T00:15:00Z,Dallas Cowboys,Tampa Bay Buccaneers,player_receptions,Jake Ferguson,4.5,Under,kalshi,-245,-1.03,0.7028,kalshi,3,4.2
2026-10-08T20:01:15Z,football_nfl,32678,2026-10-09T00:15:00Z,Dallas Cowboys,Tampa Bay Buccaneers,player_receptions,Jake Ferguson,5.5,Over,kalshi,488,-1.0,0.1684,kalshi,3,4.2
2026-10-08T20:01:15Z,football_nfl,32678,2026-10-09T00:15:00Z,Dallas Cowboys,Tampa Bay Buccaneers,player_receptions,Jake Ferguson,5.5,Under,kalshi,-525,-1.0,0.8316,kalshi,3,4.2
2026-10-08T20:01:15Z,football_nfl,32678,2026-10-09T00:15:00Z,Dallas Cowboys,Tampa Bay Buccaneers,player_receptions,Jake Ferguson,6.5,Over,kalshi,1011,-0.99,0.0891,kalshi,3,4.2
2026-10-08T20:01:15Z,football_nfl,32678,2026-10-09T00:15:00Z,Dallas Cowboys,Tampa Bay Buccaneers,player_receptions,Jake Ferguson,6.5,Under,kalshi,-1150,-0.99,0.9109,kalshi,3,4.2
2026-10-08T20:01:15Z,football_nfl,32678,2026-10-09T00:15:00Z,Dallas Cowboys,Tampa Bay Buccaneers,player_receptions,Jake Ferguson,7.5,Over,kalshi,1900,-0.99,0.0495,kalshi,2,4.2
2026-10-08T20:01:15Z,football_nfl,32678,2026-10-09T00:15:00Z,Dallas Cowboys,Tampa Bay Buccaneers,player_receptions,Jake Ferguson,7.5,Under,kalshi,-2400,-0.99,0.9505,kalshi,2,4.2
2026-10-08T20:01:15Z,football_nfl,32678,2026-10-09T00:15:00Z,Dallas Cowboys,Tampa Bay Buccaneers,player_receptions,Jake Ferguson,8.5,Over,kalshi,1900,-2.91,0.0485,kalshi,1,4.2
2026-10-08T20:01:15Z,football_nfl,32678,2026-10-09T00:15:00Z,Dallas Cowboys,Tampa Bay Buccaneers,player_receptions,Jake Ferguson,8.5,Under,kalshi,-4900,-2.91,0.9515,kalshi,1,4.2
2026-10-08T20:01:15Z,football_nfl,32678,2026-10-09T00:15:00Z,Dallas Cowboys,Tampa Bay Buccaneers,player_receptions,Javonte Williams,1.5,Over,kalshi,-317,-1.01,0.7525,kalshi,3,4.2
2026-10-08T20:01:15Z,football_nfl,32678,2026-10-09T00:15:00Z,Dallas Cowboys,Tampa Bay Buccaneers,player_receptions,Javonte Williams,1.5,Under,kalshi,300,-1.01,0.2475,kalshi,3,4.2
2026-10-08T20:01:15Z,football_nfl,32678,2026-10-09T00:15:00Z,Dallas Cowboys,Tampa Bay Buccaneers,player_receptions,Javonte Williams,3.5,Over,kalshi,223,-0.92,0.3067,kalshi,3,4.2
2026-10-08T20:01:15Z,football_nfl,32678,2026-10-09T00:15:00Z,Dallas Cowboys,Tampa Bay Buccaneers,player_receptions,Javonte Williams,3.5,Under,kalshi,-233,-0.92,0.6933,kalshi,3,4.2
2026-10-08T20:01:15Z,football_nfl,32678,2026-10-09T00:15:00Z,Dallas Cowboys,Tampa Bay Buccaneers,player_receptions,Javonte Williams,4.5,Over,kalshi,456,-0.97,0.1781,kalshi,3,4.2
2026-10-08T20:01:15Z,football_nfl,32678,2026-10-09T00:15:00Z,Dallas Cowboys,Tampa Bay Buccaneers,player_receptions,Javonte Williams,4.5,Under,kalshi,-488,-0.97,0.8219,kalshi,3,4.2
2026-10-08T20:01:15Z,football_nfl,32678,2026-10-09T00:15:00Z,Dallas Cowboys,Tampa Bay Buccaneers,player_receptions,Javonte Williams,5.5,Over,kalshi,900,-0.99,0.099,kalshi,3,4.2
2026-10-08T20:01:15Z,football_nfl,32678,2026-10-09T00:15:00Z,Dallas Cowboys,Tampa Bay Buccaneers,player_receptions,Javonte Williams,5.5,Under,kalshi,-1011,-0.99,0.901,kalshi,3,4.2
2026-10-08T20:01:15Z,football_nfl,32678,2026-10-09T00:15:00Z,Dallas Cowboys,Tampa Bay Buccaneers,player_receptions,Javonte Williams,6.5,Over,kalshi,1900,-0.99,0.0495,kalshi,3,4.2
2026-10-08T20:01:15Z,football_nfl,32678,2026-10-09T00:15:00Z,Dallas Cowboys,Tampa Bay Buccaneers,player_receptions,Javonte Williams,6.5,Under,kalshi,-2400,-0.99,0.9505,kalshi,3,4.2
2026-10-08T20:01:15Z,football_nfl,32678,2026-10-09T00:15:00Z,Dallas Cowboys,Tampa Bay Buccaneers,player_receptions,KaVontae Turpin,1.5,Over,kalshi,525,-1.0,0.1584,kalshi,3,4.2
2026-10-08T20:01:15Z,football_nfl,32678,2026-10-09T00:15:00Z,Dallas Cowboys,Tampa Bay Buccaneers,player_receptions,KaVontae Turpin,1.5,Under,kalshi,-567,-1.0,0.8416,kalshi,3,4.2
2026-10-08T20:01:15Z,football_nfl,32678,2026-10-09T00:15:00Z,Dallas Cowboys,Tampa Bay Buccaneers,player_receptions,KaVontae Turpin,2.5,Over,kalshi,1900,-0.99,0.0495,kalshi,3,4.2
2026-10-08T20:01:15Z,football_nfl,32678,2026-10-09T00:15:00Z,Dallas Cowboys,Tampa Bay Buccaneers,player_receptions,KaVontae Turpin,2.5,Under,kalshi,-2400,-0.99,0.9505,kalshi,3,4.2
2026-10-08T20:01:15Z,football_nfl,32678,2026-10-09T00:15:00Z,Dallas Cowboys,Tampa Bay Buccaneers,player_receptions,Kavontae Turpin,0.5,Over,bovada,-115,-6.52,0.5,bovada,1,4.2
2026-10-08T20:01:15Z,football_nfl,32678,2026-10-09T00:15:00Z,Dallas Cowboys,Tampa Bay Buccaneers,player_receptions,Kavontae Turpin,0.5,Under,bovada,-115,-6.52,0.5,bovada,1,4.2
2026-10-08T20:01:15Z,football_nfl,32678,2026-10-09T00:15:00Z,Dallas Cowboys,Tampa Bay Buccaneers,player_receptions,Kenny Gainwell,1.5,Over,kalshi,-150,-0.97,0.5942,kalshi,2,4.2
2026-10-08T20:01:15Z,football_nfl,32678,2026-10-09T00:15:00Z,Dallas Cowboys,Tampa Bay Buccaneers,player_receptions,Kenny Gainwell,1.5,Under,kalshi,144,-0.97,0.4058,kalshi,2,4.2
2026-10-08T20:01:15Z,football_nfl,32678,2026-10-09T00:15:00Z,Dallas Cowboys,Tampa Bay Buccaneers,player_receptions,Kenny Gainwell,2.5,Over,kalshi,186,-0.94,0.3464,kalshi,1,4.2
2026-10-08T20:01:15Z,football_nfl,32678,2026-10-09T00:15:00Z,Dallas Cowboys,Tampa Bay Buccaneers,player_receptions,Kenny Gainwell,2.5,Under,kalshi,-194,-0.94,0.6536,kalshi,1,4.2
2026-10-08T20:01:15Z,football_nfl,32678,2026-10-09T00:15:00Z,Dallas Cowboys,Tampa Bay Buccaneers,player_receptions,Kenny Gainwell,3.5,Over,kalshi,456,-0.97,0.1781,kalshi,1,4.2
2026-10-08T20:01:15Z,football_nfl,32678,2026-10-09T00:15:00Z,Dallas Cowboys,Tampa Bay Buccaneers,player_receptions,Kenny Gainwell,3.5,Under,kalshi,-488,-0.97,0.8219,kalshi,1,4.2
2026-10-08T20:01:15Z,football_nfl,32678,2026-10-09T00:15:00Z,Dallas Cowboys,Tampa Bay Buccaneers,player_receptions,Kenny Gainwell,4.5,Over,kalshi,1011,-0.99,0.0891,kalshi,1,4.2
2026-10-08T20:01:15Z,football_nfl,32678,2026-10-09T00:15:00Z,Dallas Cowboys,Tampa Bay Buccaneers,player_receptions,Kenny Gainwell,4.5,Under,kalshi,-1150,-0.99,0.9109,kalshi,1,4.2
2026-10-08T20:01:15Z,football_nfl,32678,2026-10-09T00:15:00Z,Dallas Cowboys,Tampa Bay Buccaneers,player_receptions,Kenny Gainwell,5.5,Over,kalshi,2400,-0.99,0.0396,kalshi,1,4.2
2026-10-08T20:01:15Z,football_nfl,32678,2026-10-09T00:15:00Z,Dallas Cowboys,Tampa Bay Buccaneers,player_receptions,Kenny Gainwell,5.5,Under,kalshi,-3233,-0.99,0.9604,kalshi,1,4.2
2026-10-08T20:01:15Z,football_nfl,32678,2026-10-09T00:15:00Z,Dallas Cowboys,Tampa Bay Buccaneers,player_receptions,Ryan Flournoy,1.5,Over,kalshi,-488,-0.97,0.8219,kalshi,3,4.2
2026-10-08T20:01:15Z,football_nfl,32678,2026-10-09T00:15:00Z,Dallas Cowboys,Tampa Bay Buccaneers,player_receptions,Ryan Flournoy,1.5,Under,kalshi,456,-0.97,0.1781,kalshi,3,4.2
2026-10-08T20:01:15Z,football_nfl,32678,2026-10-09T00:15:00Z,Dallas Cowboys,Tampa Bay Buccaneers,player_receptions,Ryan Flournoy,2.5,Over,kalshi,-170,-0.98,0.6235,kalshi,4,4.2
2026-10-08T20:01:15Z,football_nfl,32678,2026-10-09T00:15:00Z,Dallas Cowboys,Tampa Bay Buccaneers,player_receptions,Ryan Flournoy,2.5,Under,kalshi,163,-0.98,0.3765,kalshi,4,4.2
2026-10-08T20:01:15Z,football_nfl,32678,2026-10-09T00:15:00Z,Dallas Cowboys,Tampa Bay Buccaneers,player_receptions,Ryan Flournoy,4.5,Over,kalshi,285,-0.96,0.2572,kalshi,3,4.2
2026-10-08T20:01:15Z,football_nfl,32678,2026-10-09T00:15:00Z,Dallas Cowboys,Tampa Bay Buccaneers,player_receptions,Ryan Flournoy,4.5,Under,kalshi,-300,-0.96,0.7428,kalshi,3,4.2
2026-10-08T20:01:15Z,football_nfl,32678,2026-10-09T00:15:00Z,Dallas Cowboys,Tampa Bay Buccaneers,player_receptions,Ryan Flournoy,5.5,Over,kalshi,614,-0.99,0.1387,kalshi,3,4.2
2026-10-08T20:01:15Z,football_nfl,32678,2026-10-09T00:15:00Z,Dallas Cowboys,Tampa Bay Buccaneers,player_receptions,Ryan Flournoy,5.5,Under,kalshi,-669,-0.99,0.8613,kalshi,3,4.2
2026-10-08T20:01:15Z,football_nfl,32678,2026-10-09T00:15:00Z,Dallas Cowboys,Tampa Bay Buccaneers,player_receptions,Ryan Flournoy,6.5,Over,kalshi,1150,-0.99,0.0792,kalshi,2,4.2
2026-10-08T20:01:15Z,football_nfl,32678,2026-10-09T00:15:00Z,Dallas Cowboys,Tampa Bay Buccaneers,player_receptions,Ryan Flournoy,6.5,Under,kalshi,-1329,-0.99,0.9208,kalshi,2,4.2
2026-10-08T20:01:15Z,football_nfl,32678,2026-10-09T00:15:00Z,Dallas Cowboys,Tampa Bay Buccaneers,player_receptions,Ryan Flournoy,7.5,Over,kalshi,2400,-0.99,0.0396,kalshi,2,4.2
2026-10-08T20:01:15Z,football_nfl,32678,2026-10-09T00:15:00Z,Dallas Cowboys,Tampa Bay Buccaneers,player_receptions,Ryan Flournoy,7.5,Under,kalshi,-3233,-0.99,0.9604,kalshi,2,4.2
2026-10-08T20:01:15Z,football_nfl,32678,2026-10-09T00:15:00Z,Dallas Cowboys,Tampa Bay Buccaneers,player_receptions,Ted Hurst III,2.5,Over,kalshi,335,-1.0,0.2276,kalshi,1,4.2
2026-10-08T20:01:15Z,football_nfl,32678,2026-10-09T00:15:00Z,Dallas Cowboys,Tampa Bay Buccaneers,player_receptions,Ted Hurst III,2.5,Under,kalshi,-355,-1.0,0.7724,kalshi,1,4.2
2026-10-08T20:01:15Z,football_nfl,32678,2026-10-09T00:15:00Z,Dallas Cowboys,Tampa Bay Buccaneers,player_receptions,Ted Hurst III,3.5,Over,kalshi,733,-0.99,0.1189,kalshi,1,4.2
2026-10-08T20:01:15Z,football_nfl,32678,2026-10-09T00:15:00Z,Dallas Cowboys,Tampa Bay Buccaneers,player_receptions,Ted Hurst III,3.5,Under,kalshi,-809,-0.99,0.8811,kalshi,1,4.2
2026-10-08T20:01:15Z,football_nfl,32678,2026-10-09T00:15:00Z,Dallas Cowboys,Tampa Bay Buccaneers,player_receptions,Ted Hurst III,4.5,Over,kalshi,1567,-0.99,0.0594,kalshi,1,4.2
2026-10-08T20:01:15Z,football_nfl,32678,2026-10-09T00:15:00Z,Dallas Cowboys,Tampa Bay Buccaneers,player_receptions,Ted Hurst III,4.5,Under,kalshi,-1900,-0.99,0.9406,kalshi,1,4.2
2026-10-08T20:01:15Z,football_nfl,32678,2026-10-09T00:15:00Z,Dallas Cowboys,Tampa Bay Buccaneers,player_receptions,Ted Hurst III,5.5,Over,kalshi,2400,-0.99,0.0396,kalshi,1,4.2
2026-10-08T20:01:15Z,football_nfl,32678,2026-10-09T00:15:00Z,Dallas Cowboys,Tampa Bay Buccaneers,player_receptions,Ted Hurst III,5.5,Under,kalshi,-3233,-0.99,0.9604,kalshi,1,4.2
2026-10-08T20:01:15Z,football_nfl,32678,2026-10-09T00:15:00Z,Dallas Cowboys,Tampa Bay Buccaneers,player_receptions,Tez Johnson,2.5,Over,kalshi,488,-1.0,0.1684,kalshi,3,4.2
2026-10-08T20:01:15Z,football_nfl,32678,2026-10-09T00:15:00Z,Dallas Cowboys,Tampa Bay Buccaneers,player_receptions,Tez Johnson,2.5,Under,kalshi,-525,-1.0,0.8316,kalshi,3,4.2
2026-10-08T20:01:15Z,football_nfl,32678,2026-10-09T00:15:00Z,Dallas Cowboys,Tampa Bay Buccaneers,player_receptions,Tez Johnson,3.5,Over,kalshi,1150,-0.99,0.0792,kalshi,2,4.2
2026-10-08T20:01:15Z,football_nfl,32678,2026-10-09T00:15:00Z,Dallas Cowboys,Tampa Bay Buccaneers,player_receptions,Tez Johnson,3.5,Under,kalshi,-1329,-0.99,0.9208,kalshi,2,4.2
2026-10-08T20:01:15Z,football_nfl,32678,2026-10-09T00:15:00Z,Dallas Cowboys,Tampa Bay Buccaneers,player_rush_attempts,Bucky Irving,13.5,Over,draftkings,105,-1.26,0.4817,pinnacle,6,4.2
2026-10-08T20:01:15Z,football_nfl,32678,2026-10-09T00:15:00Z,Dallas Cowboys,Tampa Bay Buccaneers,player_rush_attempts,Bucky Irving,13.5,Over,pinnacle,-102,-4.61,0.4817,pinnacle,6,4.2
2026-10-08T20:01:15Z,football_nfl,32678,2026-10-09T00:15:00Z,Dallas Cowboys,Tampa Bay Buccaneers,player_rush_attempts,Bucky Irving,13.5,Under,pinnacle,-119,-4.61,0.5183,pinnacle,6,4.2
2026-10-08T20:01:15Z,football_nfl,32678,2026-10-09T00:15:00Z,Dallas Cowboys,Tampa Bay Buccaneers,player_rush_attempts,Bucky Irving,13.5,Under,hardrock,-120,-4.97,0.5183,pinnacle,6,4.2
2026-10-08T20:01:15Z,football_nfl,32678,2026-10-09T00:15:00Z,Dallas Cowboys,Tampa Bay Buccaneers,player_rush_attempts,Bucky Irving,13.5,Over,hardrock,-110,-8.04,0.4817,pinnacle,6,4.2
2026-10-08T20:01:15Z,football_nfl,32678,2026-10-09T00:15:00Z,Dallas Cowboys,Tampa Bay Buccaneers,player_rush_attempts,Bucky Irving,13.5,Under,draftkings,-134,-9.49,0.5183,pinnacle,6,4.2
2026-10-08T20:01:15Z,football_nfl,32678,2026-10-09T00:15:00Z,Dallas Cowboys,Tampa Bay Buccaneers,player_rush_attempts,Dak Prescott,3.5,Over,pinnacle,121,-4.55,0.4319,pinnacle,2,4.2
2026-10-08T20:01:15Z,football_nfl,32678,2026-10-09T00:15:00Z,Dallas Cowboys,Tampa Bay Buccaneers,player_rush_attempts,Dak Prescott,3.5,Under,pinnacle,-147,-4.55,0.5681,pinnacle,2,4.2
2026-10-08T20:01:15Z,football_nfl,32678,2026-10-09T00:15:00Z,Dallas Cowboys,Tampa Bay Buccaneers,player_rush_attempts,Jalon Daniels,7.5,Under,hardrock,-125,-2.59,0.5412,pinnacle,6,4.2
2026-10-08T20:01:15Z,football_nfl,32678,2026-10-09T00:15:00Z,Dallas Cowboys,Tampa Bay Buccaneers,player_rush_attempts,Jalon Daniels,7.5,Under,draftkings,-126,-2.93,0.5412,pinnacle,6,4.2
2026-10-08T20:01:15Z,football_nfl,32678,2026-10-09T00:15:00Z,Dallas Cowboys,Tampa Bay Buccaneers,player_rush_attempts,Jalon Daniels,7.5,Over,pinnacle,108,-4.57,0.4588,pinnacle,6,4.2
2026-10-08T20:01:15Z,football_nfl,32678,2026-10-09T00:15:00Z,Dallas Cowboys,Tampa Bay Buccaneers,player_rush_attempts,Jalon Daniels,7.5,Under,pinnacle,-131,-4.57,0.5412,pinnacle,6,4.2
2026-10-08T20:01:15Z,football_nfl,32678,2026-10-09T00:15:00Z,Dallas Cowboys,Tampa Bay Buccaneers,player_rush_attempts,Jalon Daniels,7.5,Over,draftkings,-101,-8.69,0.4588,pinnacle,6,4.2
2026-10-08T20:01:15Z,football_nfl,32678,2026-10-09T00:15:00Z,Dallas Cowboys,Tampa Bay Buccaneers,player_rush_attempts,Jalon Daniels,7.5,Over,hardrock,-105,-10.42,0.4588,pinnacle,6,4.2
2026-10-08T20:01:15Z,football_nfl,32678,2026-10-09T00:15:00Z,Dallas Cowboys,Tampa Bay Buccaneers,player_rush_longest,Bucky Irving,13.5,Over,underdog,-107,-3.27,0.5,bovada,6,4.2
2026-10-08T20:01:15Z,football_nfl,32678,2026-10-09T00:15:00Z,Dallas Cowboys,Tampa Bay Buccaneers,player_rush_longest,Bucky Irving,13.5,Under,draftkings,-113,-5.75,0.5,bovada,6,4.2
2026-10-08T20:01:15Z,football_nfl,32678,2026-10-09T00:15:00Z,Dallas Cowboys,Tampa Bay Buccaneers,player_rush_longest,Bucky Irving,13.5,Over,bovada,-115,-6.52,0.5,bovada,6,4.2
2026-10-08T20:01:15Z,football_nfl,32678,2026-10-09T00:15:00Z,Dallas Cowboys,Tampa Bay Buccaneers,player_rush_longest,Bucky Irving,13.5,Under,bovada,-115,-6.52,0.5,bovada,6,4.2
2026-10-08T20:01:15Z,football_nfl,32678,2026-10-09T00:15:00Z,Dallas Cowboys,Tampa Bay Buccaneers,player_rush_longest,Bucky Irving,13.5,Over,hardrock,-115,-6.52,0.5,bovada,6,4.2
2026-10-08T20:01:15Z,football_nfl,32678,2026-10-09T00:15:00Z,Dallas Cowboys,Tampa Bay Buccaneers,player_rush_longest,Bucky Irving,13.5,Under,hardrock,-115,-6.52,0.5,bovada,6,4.2
2026-10-08T20:01:15Z,football_nfl,32678,2026-10-09T00:15:00Z,Dallas Cowboys,Tampa Bay Buccaneers,player_rush_longest,Bucky Irving,13.5,Under,underdog,-115,-6.52,0.5,bovada,6,4.2
2026-10-08T20:01:15Z,football_nfl,32678,2026-10-09T00:15:00Z,Dallas Cowboys,Tampa Bay Buccaneers,player_rush_longest,Bucky Irving,13.5,Over,draftkings,-115,-6.52,0.5,bovada,6,4.2
2026-10-08T20:01:15Z,football_nfl,32678,2026-10-09T00:15:00Z,Dallas Cowboys,Tampa Bay Buccaneers,player_rush_longest,Dak Prescott,8.5,Under,draftkings,-133,-5.26,0.5408,bovada,3,4.2
2026-10-08T20:01:15Z,football_nfl,32678,2026-10-09T00:15:00Z,Dallas Cowboys,Tampa Bay Buccaneers,player_rush_longest,Dak Prescott,8.5,Over,bovada,105,-5.86,0.4592,bovada,3,4.2
2026-10-08T20:01:15Z,football_nfl,32678,2026-10-09T00:15:00Z,Dallas Cowboys,Tampa Bay Buccaneers,player_rush_longest,Dak Prescott,8.5,Under,bovada,-135,-5.86,0.5408,bovada,3,4.2
2026-10-08T20:01:15Z,football_nfl,32678,2026-10-09T00:15:00Z,Dallas Cowboys,Tampa Bay Buccaneers,player_rush_longest,Dak Prescott,8.5,Over,draftkings,103,-6.78,0.4592,bovada,3,4.2
2026-10-08T20:01:15Z,football_nfl,32678,2026-10-09T00:15:00Z,Dallas Cowboys,Tampa Bay Buccaneers,player_rush_longest,Jalon Daniels,15.5,Over,underdog,-106,-4.8,0.4899,bovada,4,4.2
2026-10-08T20:01:15Z,football_nfl,32678,2026-10-09T00:15:00Z,Dallas Cowboys,Tampa Bay Buccaneers,player_rush_longest,Jalon Daniels,15.5,Under,underdog,-117,-5.39,0.5101,bovada,4,4.2
2026-10-08T20:01:15Z,football_nfl,32678,2026-10-09T00:15:00Z,Dallas Cowboys,Tampa Bay Buccaneers,player_rush_longest,Jalon Daniels,15.5,Over,draftkings,-108,-5.65,0.4899,bovada,4,4.2
2026-10-08T20:01:15Z,football_nfl,32678,2026-10-09T00:15:00Z,Dallas Cowboys,Tampa Bay Buccaneers,player_rush_longest,Jalon Daniels,15.5,Under,draftkings,-119,-6.12,0.5101,bovada,4,4.2
2026-10-08T20:01:15Z,football_nfl,32678,2026-10-09T00:15:00Z,Dallas Cowboys,Tampa Bay Buccaneers,player_rush_longest,Jalon Daniels,15.5,Over,bovada,-110,-6.48,0.4899,bovada,4,4.2
2026-10-08T20:01:15Z,football_nfl,32678,2026-10-09T00:15:00Z,Dallas Cowboys,Tampa Bay Buccaneers,player_rush_longest,Jalon Daniels,15.5,Under,bovada,-120,-6.48,0.5101,bovada,4,4.2
2026-10-08T20:01:15Z,football_nfl,32678,2026-10-09T00:15:00Z,Dallas Cowboys,Tampa Bay Buccaneers,player_rush_longest,Javonte Williams,14.5,Under,underdog,-102,-0.98,0.5,bovada,4,4.2
2026-10-08T20:01:15Z,football_nfl,32678,2026-10-09T00:15:00Z,Dallas Cowboys,Tampa Bay Buccaneers,player_rush_longest,Javonte Williams,14.5,Over,draftkings,-112,-5.36,0.5,bovada,4,4.2
2026-10-08T20:01:15Z,football_nfl,32678,2026-10-09T00:15:00Z,Dallas Cowboys,Tampa Bay Buccaneers,player_rush_longest,Javonte Williams,14.5,Over,bovada,-115,-6.52,0.5,bovada,4,4.2
2026-10-08T20:01:15Z,football_nfl,32678,2026-10-09T00:15:00Z,Dallas Cowboys,Tampa Bay Buccaneers,player_rush_longest,Javonte Williams,14.5,Under,bovada,-115,-6.52,0.5,bovada,4,4.2
2026-10-08T20:01:15Z,football_nfl,32678,2026-10-09T00:15:00Z,Dallas Cowboys,Tampa Bay Buccaneers,player_rush_longest,Javonte Williams,14.5,Over,hardrock,-115,-6.52,0.5,bovada,4,4.2
2026-10-08T20:01:15Z,football_nfl,32678,2026-10-09T00:15:00Z,Dallas Cowboys,Tampa Bay Buccaneers,player_rush_longest,Javonte Williams,14.5,Under,hardrock,-115,-6.52,0.5,bovada,4,4.2
2026-10-08T20:01:15Z,football_nfl,32678,2026-10-09T00:15:00Z,Dallas Cowboys,Tampa Bay Buccaneers,player_rush_longest,Javonte Williams,14.5,Under,draftkings,-116,-6.9,0.5,bovada,4,4.2
2026-10-08T20:01:15Z,football_nfl,32678,2026-10-09T00:15:00Z,Dallas Cowboys,Tampa Bay Buccaneers,player_rush_longest,Javonte Williams,14.5,Over,underdog,-121,-8.68,0.5,bovada,4,4.2
2026-10-08T20:01:15Z,football_nfl,32678,2026-10-09T00:15:00Z,Dallas Cowboys,Tampa Bay Buccaneers,player_rush_longest,Kenneth Gainwell,5.5,Over,hardrock,-115,-4.63,0.5101,bovada,5,4.2
2026-10-08T20:01:15Z,football_nfl,32678,2026-10-09T00:15:00Z,Dallas Cowboys,Tampa Bay Buccaneers,player_rush_longest,Kenneth Gainwell,5.5,Over,draftkings,-118,-5.76,0.5101,bovada,5,4.2
2026-10-08T20:01:15Z,football_nfl,32678,2026-10-09T00:15:00Z,Dallas Cowboys,Tampa Bay Buccaneers,player_rush_longest,Kenneth Gainwell,5.5,Over,bovada,-120,-6.48,0.5101,bovada,5,4.2
2026-10-08T20:01:15Z,football_nfl,32678,2026-10-09T00:15:00Z,Dallas Cowboys,Tampa Bay Buccaneers,player_rush_longest,Kenneth Gainwell,5.5,Under,bovada,-110,-6.48,0.4899,bovada,5,4.2
2026-10-08T20:01:15Z,football_nfl,32678,2026-10-09T00:15:00Z,Dallas Cowboys,Tampa Bay Buccaneers,player_rush_longest,Kenneth Gainwell,5.5,Under,draftkings,-110,-6.48,0.4899,bovada,5,4.2
2026-10-08T20:01:15Z,football_nfl,32678,2026-10-09T00:15:00Z,Dallas Cowboys,Tampa Bay Buccaneers,player_rush_longest,Kenneth Gainwell,5.5,Under,hardrock,-115,-8.41,0.4899,bovada,5,4.2
2026-10-08T20:01:15Z,football_nfl,32678,2026-10-09T00:15:00Z,Dallas Cowboys,Tampa Bay Buccaneers,player_rush_yds,Bucky Irving,29.5,Over,kalshi,-525,-1.0,0.8316,kalshi,3,4.2
2026-10-08T20:01:15Z,football_nfl,32678,2026-10-09T00:15:00Z,Dallas Cowboys,Tampa Bay Buccaneers,player_rush_yds,Bucky Irving,29.5,Under,kalshi,488,-1.0,0.1684,kalshi,3,4.2
2026-10-08T20:01:15Z,football_nfl,32678,2026-10-09T00:15:00Z,Dallas Cowboys,Tampa Bay Buccaneers,player_rush_yds,Bucky Irving,39.5,Over,kalshi,-223,-1.08,0.6829,kalshi,3,4.2
2026-10-08T20:01:15Z,football_nfl,32678,2026-10-09T00:15:00Z,Dallas Cowboys,Tampa Bay Buccaneers,player_rush_yds,Bucky Irving,39.5,Under,kalshi,212,-1.08,0.3171,kalshi,3,4.2
2026-10-08T20:01:15Z,football_nfl,32678,2026-10-09T00:15:00Z,Dallas Cowboys,Tampa Bay Buccaneers,player_rush_yds,Bucky Irving,42.5,Over,bovada,-215,-6.29,0.6396,bovada,1,4.2
2026-10-08T20:01:15Z,football_nfl,32678,2026-10-09T00:15:00Z,Dallas Cowboys,Tampa Bay Buccaneers,player_rush_yds,Bucky Irving,42.5,Under,bovada,160,-6.29,0.3604,bovada,1,4.2
2026-10-08T20:01:15Z,football_nfl,32678,2026-10-09T00:15:00Z,Dallas Cowboys,Tampa Bay Buccaneers,player_rush_yds,Bucky Irving,47.5,Over,bovada,-160,-6.54,0.5752,bovada,1,4.2
2026-10-08T20:01:15Z,football_nfl,32678,2026-10-09T00:15:00Z,Dallas Cowboys,Tampa Bay Buccaneers,player_rush_yds,Bucky Irving,47.5,Under,bovada,120,-6.54,0.4248,bovada,1,4.2
2026-10-08T20:01:15Z,football_nfl,32678,2026-10-09T00:15:00Z,Dallas Cowboys,Tampa Bay Buccaneers,player_rush_yds,Bucky Irving,49.5,Over,kalshi,-117,-0.86,0.5345,kalshi,3,4.2
2026-10-08T20:01:15Z,football_nfl,32678,2026-10-09T00:15:00Z,Dallas Cowboys,Tampa Bay Buccaneers,player_rush_yds,Bucky Irving,49.5,Under,kalshi,113,-0.86,0.4655,kalshi,3,4.2
2026-10-08T20:01:15Z,football_nfl,32678,2026-10-09T00:15:00Z,Dallas Cowboys,Tampa Bay Buccaneers,player_rush_yds,Bucky Irving,57.5,Over,bovada,115,-6.11,0.4367,bovada,3,4.2
2026-10-08T20:01:15Z,football_nfl,32678,2026-10-09T00:15:00Z,Dallas Cowboys,Tampa Bay Buccaneers,player_rush_yds,Bucky Irving,57.5,Under,bovada,-150,-6.11,0.5633,bovada,3,4.2
2026-10-08T20:01:15Z,football_nfl,32678,2026-10-09T00:15:00Z,Dallas Cowboys,Tampa Bay Buccaneers,player_rush_yds,Bucky Irving,59.5,Over,kalshi,138,-1.02,0.4159,kalshi,3,4.2
2026-10-08T20:01:15Z,football_nfl,32678,2026-10-09T00:15:00Z,Dallas Cowboys,Tampa Bay Buccaneers,player_rush_yds,Bucky Irving,59.5,Under,kalshi,-144,-1.02,0.5841,kalshi,3,4.2
2026-10-08T20:01:15Z,football_nfl,32678,2026-10-09T00:15:00Z,Dallas Cowboys,Tampa Bay Buccaneers,player_rush_yds,Bucky Irving,62.5,Over,bovada,150,-6.25,0.375,bovada,1,4.2
2026-10-08T20:01:15Z,football_nfl,32678,2026-10-09T00:15:00Z,Dallas Cowboys,Tampa Bay Buccaneers,player_rush_yds,Bucky Irving,62.5,Under,bovada,-200,-6.25,0.625,bovada,1,4.2
2026-10-08T20:01:15Z,football_nfl,32678,2026-10-09T00:15:00Z,Dallas Cowboys,Tampa Bay Buccaneers,player_rush_yds,Bucky Irving,69.5,Over,kalshi,233,-1.03,0.2972,kalshi,3,4.2
2026-10-08T20:01:15Z,football_nfl,32678,2026-10-09T00:15:00Z,Dallas Cowboys,Tampa Bay Buccaneers,player_rush_yds,Bucky Irving,69.5,Under,kalshi,-245,-1.03,0.7028,kalshi,3,4.2
2026-10-08T20:01:15Z,football_nfl,32678,2026-10-09T00:15:00Z,Dallas Cowboys,Tampa Bay Buccaneers,player_rush_yds,Bucky Irving,79.5,Over,kalshi,376,-1.0,0.208,kalshi,3,4.2
2026-10-08T20:01:15Z,football_nfl,32678,2026-10-09T00:15:00Z,Dallas Cowboys,Tampa Bay Buccaneers,player_rush_yds,Bucky Irving,79.5,Under,kalshi,-400,-1.0,0.792,kalshi,3,4.2
2026-10-08T20:01:15Z,football_nfl,32678,2026-10-09T00:15:00Z,Dallas Cowboys,Tampa Bay Buccaneers,player_rush_yds,Bucky Irving,89.5,Over,kalshi,525,-1.0,0.1584,kalshi,3,4.2
2026-10-08T20:01:15Z,football_nfl,32678,2026-10-09T00:15:00Z,Dallas Cowboys,Tampa Bay Buccaneers,player_rush_yds,Bucky Irving,89.5,Under,kalshi,-567,-1.0,0.8416,kalshi,3,4.2
2026-10-08T20:01:15Z,football_nfl,32678,2026-10-09T00:15:00Z,Dallas Cowboys,Tampa Bay Buccaneers,player_rush_yds,Bucky Irving,99.5,Over,kalshi,809,-0.99,0.1089,kalshi,3,4.2
2026-10-08T20:01:15Z,football_nfl,32678,2026-10-09T00:15:00Z,Dallas Cowboys,Tampa Bay Buccaneers,player_rush_yds,Bucky Irving,99.5,Under,kalshi,-900,-0.99,0.8911,kalshi,3,4.2
2026-10-08T20:01:15Z,football_nfl,32678,2026-10-09T00:15:00Z,Dallas Cowboys,Tampa Bay Buccaneers,player_rush_yds,Bucky Irving,109.5,Over,kalshi,1150,-0.99,0.0792,kalshi,2,4.2
2026-10-08T20:01:15Z,football_nfl,32678,2026-10-09T00:15:00Z,Dallas Cowboys,Tampa Bay Buccaneers,player_rush_yds,Bucky Irving,109.5,Under,kalshi,-1329,-0.99,0.9208,kalshi,2,4.2
2026-10-08T20:01:15Z,football_nfl,32678,2026-10-09T00:15:00Z,Dallas Cowboys,Tampa Bay Buccaneers,player_rush_yds,Bucky Irving,119.5,Over,kalshi,2400,-0.99,0.0396,kalshi,1,4.2
2026-10-08T20:01:15Z,football_nfl,32678,2026-10-09T00:15:00Z,Dallas Cowboys,Tampa Bay Buccaneers,player_rush_yds,Bucky Irving,119.5,Under,kalshi,-3233,-0.99,0.9604,kalshi,1,4.2
2026-10-08T20:01:15Z,football_nfl,32678,2026-10-09T00:15:00Z,Dallas Cowboys,Tampa Bay Buccaneers,player_rush_yds,Bucky Irving,129.5,Over,kalshi,2400,-0.99,0.0396,kalshi,2,4.2
2026-10-08T20:01:15Z,football_nfl,32678,2026-10-09T00:15:00Z,Dallas Cowboys,Tampa Bay Buccaneers,player_rush_yds,Bucky Irving,129.5,Under,kalshi,-3233,-0.99,0.9604,kalshi,2,4.2
2026-10-08T20:01:15Z,football_nfl,32678,2026-10-09T00:15:00Z,Dallas Cowboys,Tampa Bay Buccaneers,player_rush_yds,Dak Prescott,14.5,Over,kalshi,186,-0.94,0.3464,kalshi,3,4.2
2026-10-08T20:01:15Z,football_nfl,32678,2026-10-09T00:15:00Z,Dallas Cowboys,Tampa Bay Buccaneers,player_rush_yds,Dak Prescott,14.5,Under,kalshi,-194,-0.94,0.6536,kalshi,3,4.2
2026-10-08T20:01:15Z,football_nfl,32678,2026-10-09T00:15:00Z,Dallas Cowboys,Tampa Bay Buccaneers,player_rush_yds,Dak Prescott,19.5,Over,kalshi,317,-0.98,0.2375,kalshi,3,4.2
2026-10-08T20:01:15Z,football_nfl,32678,2026-10-09T00:15:00Z,Dallas Cowboys,Tampa Bay Buccaneers,player_rush_yds,Dak Prescott,19.5,Under,kalshi,-335,-0.98,0.7625,kalshi,3,4.2
2026-10-08T20:01:15Z,football_nfl,32678,2026-10-09T00:15:00Z,Dallas Cowboys,Tampa Bay Buccaneers,player_rush_yds,Dak Prescott,24.5,Over,kalshi,525,-1.0,0.1584,kalshi,3,4.2
2026-10-08T20:01:15Z,football_nfl,32678,2026-10-09T00:15:00Z,Dallas Cowboys,Tampa Bay Buccaneers,player_rush_yds,Dak Prescott,24.5,Under,kalshi,-567,-1.0,0.8416,kalshi,3,4.2
2026-10-08T20:01:15Z,football_nfl,32678,2026-10-09T00:15:00Z,Dallas Cowboys,Tampa Bay Buccaneers,player_rush_yds,Dak Prescott,29.5,Over,kalshi,809,-0.99,0.1089,kalshi,3,4.2
2026-10-08T20:01:15Z,football_nfl,32678,2026-10-09T00:15:00Z,Dallas Cowboys,Tampa Bay Buccaneers,player_rush_yds,Dak Prescott,29.5,Under,kalshi,-900,-0.99,0.8911,kalshi,3,4.2
2026-10-08T20:01:15Z,football_nfl,32678,2026-10-09T00:15:00Z,Dallas Cowboys,Tampa Bay Buccaneers,player_rush_yds,Dak Prescott,39.5,Over,kalshi,1567,-0.99,0.0594,kalshi,2,4.2
2026-10-08T20:01:15Z,football_nfl,32678,2026-10-09T00:15:00Z,Dallas Cowboys,Tampa Bay Buccaneers,player_rush_yds,Dak Prescott,39.5,Under,kalshi,-1900,-0.99,0.9406,kalshi,2,4.2
2026-10-08T20:01:15Z,football_nfl,32678,2026-10-09T00:15:00Z,Dallas Cowboys,Tampa Bay Buccaneers,player_rush_yds,Jalon Daniels,19.5,Over,kalshi,-567,-1.0,0.8416,kalshi,3,4.2
2026-10-08T20:01:15Z,football_nfl,32678,2026-10-09T00:15:00Z,Dallas Cowboys,Tampa Bay Buccaneers,player_rush_yds,Jalon Daniels,19.5,Under,kalshi,525,-1.0,0.1584,kalshi,3,4.2
2026-10-08T20:01:15Z,football_nfl,32678,2026-10-09T00:15:00Z,Dallas Cowboys,Tampa Bay Buccaneers,player_rush_yds,Jalon Daniels,24.5,Over,kalshi,-376,-0.96,0.7823,kalshi,3,4.2
2026-10-08T20:01:15Z,football_nfl,32678,2026-10-09T00:15:00Z,Dallas Cowboys,Tampa Bay Buccaneers,player_rush_yds,Jalon Daniels,24.5,Under,kalshi,355,-0.96,0.2177,kalshi,3,4.2
2026-10-08T20:01:15Z,football_nfl,32678,2026-10-09T00:15:00Z,Dallas Cowboys,Tampa Bay Buccaneers,player_rush_yds,Jalon Daniels,29.5,Over,kalshi,-257,-0.96,0.7129,kalshi,3,4.2
2026-10-08T20:01:15Z,football_nfl,32678,2026-10-09T00:15:00Z,Dallas Cowboys,Tampa Bay Buccaneers,player_rush_yds,Jalon Daniels,29.5,Under,kalshi,245,-0.96,0.2871,kalshi,3,4.2
2026-10-08T20:01:15Z,football_nfl,32678,2026-10-09T00:15:00Z,Dallas Cowboys,Tampa Bay Buccaneers,player_rush_yds,Jalon Daniels,32.5,Over,bovada,-250,-6.12,0.6706,bovada,1,4.2
2026-10-08T20:01:15Z,football_nfl,32678,2026-10-09T00:15:00Z,Dallas Cowboys,Tampa Bay Buccaneers,player_rush_yds,Jalon Daniels,32.5,Under,bovada,185,-6.12,0.3294,bovada,1,4.2
2026-10-08T20:01:15Z,football_nfl,32678,2026-10-09T00:15:00Z,Dallas Cowboys,Tampa Bay Buccaneers,player_rush_yds,Jalon Daniels,33.5,Over,bovada,-220,-6.09,0.6456,bovada,1,4.2
2026-10-08T20:01:15Z,football_nfl,32678,2026-10-09T00:15:00Z,Dallas Cowboys,Tampa Bay Buccaneers,player_rush_yds,Jalon Daniels,33.5,Under,bovada,165,-6.09,0.3544,bovada,1,4.2
2026-10-08T20:01:15Z,football_nfl,32678,2026-10-09T00:15:00Z,Dallas Cowboys,Tampa Bay Buccaneers,player_rush_yds,Jalon Daniels,37.5,Over,bovada,-170,-6.05,0.5915,bovada,1,4.2
2026-10-08T20:01:15Z,football_nfl,32678,2026-10-09T00:15:00Z,Dallas Cowboys,Tampa Bay Buccaneers,player_rush_yds,Jalon Daniels,37.5,Under,bovada,130,-6.05,0.4085,bovada,1,4.2
2026-10-08T20:01:15Z,football_nfl,32678,2026-10-09T00:15:00Z,Dallas Cowboys,Tampa Bay Buccaneers,player_rush_yds,Jalon Daniels,38.5,Over,bovada,-150,-6.11,0.5633,bovada,2,4.2
2026-10-08T20:01:15Z,football_nfl,32678,2026-10-09T00:15:00Z,Dallas Cowboys,Tampa Bay Buccaneers,player_rush_yds,Jalon Daniels,38.5,Under,bovada,115,-6.11,0.4367,bovada,2,4.2
2026-10-08T20:01:15Z,football_nfl,32678,2026-10-09T00:15:00Z,Dallas Cowboys,Tampa Bay Buccaneers,player_rush_yds,Jalon Daniels,39.5,Over,kalshi,-133,-1.12,0.5644,kalshi,3,4.2
2026-10-08T20:01:15Z,football_nfl,32678,2026-10-09T00:15:00Z,Dallas Cowboys,Tampa Bay Buccaneers,player_rush_yds,Jalon Daniels,39.5,Under,kalshi,127,-1.12,0.4356,kalshi,3,4.2
2026-10-08T20:01:15Z,football_nfl,32678,2026-10-09T00:15:00Z,Dallas Cowboys,Tampa Bay Buccaneers,player_rush_yds,Jalon Daniels,42.5,Over,draftkings,-115,-4.63,0.5101,bovada,3,4.2
2026-10-08T20:01:15Z,football_nfl,32678,2026-10-09T00:15:00Z,Dallas Cowboys,Tampa Bay Buccaneers,player_rush_yds,Jalon Daniels,42.5,Under,draftkings,-109,-6.07,0.4899,bovada,3,4.2
2026-10-08T20:01:15Z,football_nfl,32678,2026-10-09T00:15:00Z,Dallas Cowboys,Tampa Bay Buccaneers,player_rush_yds,Jalon Daniels,42.5,Over,bovada,-120,-6.48,0.5101,bovada,3,4.2
2026-10-08T20:01:15Z,football_nfl,32678,2026-10-09T00:15:00Z,Dallas Cowboys,Tampa Bay Buccaneers,player_rush_yds,Jalon Daniels,42.5,Under,bovada,-110,-6.48,0.4899,bovada,3,4.2
2026-10-08T20:01:15Z,football_nfl,32678,2026-10-09T00:15:00Z,Dallas Cowboys,Tampa Bay Buccaneers,player_rush_yds,Jalon Daniels,47.5,Over,bovada,115,-6.11,0.4367,bovada,1,4.2
2026-10-08T20:01:15Z,football_nfl,32678,2026-10-09T00:15:00Z,Dallas Cowboys,Tampa Bay Buccaneers,player_rush_yds,Jalon Daniels,47.5,Under,bovada,-150,-6.11,0.5633,bovada,1,4.2
2026-10-08T20:01:15Z,football_nfl,32678,2026-10-09T00:15:00Z,Dallas Cowboys,Tampa Bay Buccaneers,player_rush_yds,Jalon Daniels,48.5,Over,bovada,125,-6.29,0.4165,bovada,1,4.2
2026-10-08T20:01:15Z,football_nfl,32678,2026-10-09T00:15:00Z,Dallas Cowboys,Tampa Bay Buccaneers,player_rush_yds,Jalon Daniels,48.5,Under,bovada,-165,-6.29,0.5835,bovada,1,4.2
2026-10-08T20:01:15Z,football_nfl,32678,2026-10-09T00:15:00Z,Dallas Cowboys,Tampa Bay Buccaneers,player_rush_yds,Jalon Daniels,49.5,Over,kalshi,150,-0.93,0.3963,kalshi,3,4.2
2026-10-08T20:01:15Z,football_nfl,32678,2026-10-09T00:15:00Z,Dallas Cowboys,Tampa Bay Buccaneers,player_rush_yds,Jalon Daniels,49.5,Under,kalshi,-156,-0.93,0.6037,kalshi,3,4.2
2026-10-08T20:01:15Z,football_nfl,32678,2026-10-09T00:15:00Z,Dallas Cowboys,Tampa Bay Buccaneers,player_rush_yds,Jalon Daniels,52.5,Over,bovada,150,-6.25,0.375,bovada,1,4.2
2026-10-08T20:01:15Z,football_nfl,32678,2026-10-09T00:15:00Z,Dallas Cowboys,Tampa Bay Buccaneers,player_rush_yds,Jalon Daniels,52.5,Under,bovada,-200,-6.25,0.625,bovada,1,4.2
2026-10-08T20:01:15Z,football_nfl,32678,2026-10-09T00:15:00Z,Dallas Cowboys,Tampa Bay Buccaneers,player_rush_yds,Jalon Daniels,53.5,Over,bovada,165,-6.09,0.3544,bovada,1,4.2
2026-10-08T20:01:15Z,football_nfl,32678,2026-10-09T00:15:00Z,Dallas Cowboys,Tampa Bay Buccaneers,player_rush_yds,Jalon Daniels,53.5,Under,bovada,-220,-6.09,0.6456,bovada,1,4.2
2026-10-08T20:01:15Z,football_nfl,32678,2026-10-09T00:15:00Z,Dallas Cowboys,Tampa Bay Buccaneers,player_rush_yds,Jalon Daniels,59.5,Over,kalshi,245,-0.96,0.2871,kalshi,3,4.2
2026-10-08T20:01:15Z,football_nfl,32678,2026-10-09T00:15:00Z,Dallas Cowboys,Tampa Bay Buccaneers,player_rush_yds,Jalon Daniels,59.5,Under,kalshi,-257,-0.96,0.7129,kalshi,3,4.2
2026-10-08T20:01:15Z,football_nfl,32678,2026-10-09T00:15:00Z,Dallas Cowboys,Tampa Bay Buccaneers,player_rush_yds,Jalon Daniels,69.5,Over,kalshi,400,-0.98,0.198,kalshi,3,4.2
2026-10-08T20:01:15Z,football_nfl,32678,2026-10-09T00:15:00Z,Dallas Cowboys,Tampa Bay Buccaneers,player_rush_yds,Jalon Daniels,69.5,Under,kalshi,-426,-0.98,0.802,kalshi,3,4.2
2026-10-08T20:01:15Z,football_nfl,32678,2026-10-09T00:15:00Z,Dallas Cowboys,Tampa Bay Buccaneers,player_rush_yds,Jalon Daniels,79.5,Over,kalshi,614,-0.99,0.1387,kalshi,3,4.2
2026-10-08T20:01:15Z,football_nfl,32678,2026-10-09T00:15:00Z,Dallas Cowboys,Tampa Bay Buccaneers,player_rush_yds,Jalon Daniels,79.5,Under,kalshi,-669,-0.99,0.8613,kalshi,3,4.2
2026-10-08T20:01:15Z,football_nfl,32678,2026-10-09T00:15:00Z,Dallas Cowboys,Tampa Bay Buccaneers,player_rush_yds,Jalon Daniels,89.5,Over,kalshi,900,-0.99,0.099,kalshi,3,4.2
2026-10-08T20:01:15Z,football_nfl,32678,2026-10-09T00:15:00Z,Dallas Cowboys,Tampa Bay Buccaneers,player_rush_yds,Jalon Daniels,89.5,Under,kalshi,-1011,-0.99,0.901,kalshi,3,4.2
2026-10-08T20:01:15Z,football_nfl,32678,2026-10-09T00:15:00Z,Dallas Cowboys,Tampa Bay Buccaneers,player_rush_yds,Javonte Williams,47.5,Over,bovada,-400,-6.25,0.75,bovada,1,4.2
2026-10-08T20:01:15Z,football_nfl,32678,2026-10-09T00:15:00Z,Dallas Cowboys,Tampa Bay Buccaneers,player_rush_yds,Javonte Williams,47.5,Under,bovada,275,-6.25,0.25,bovada,1,4.2
2026-10-08T20:01:15Z,football_nfl,32678,2026-10-09T00:15:00Z,Dallas Cowboys,Tampa Bay Buccaneers,player_rush_yds,Javonte Williams,49.5,Over,kalshi,-257,-0.96,0.7129,kalshi,3,4.2
2026-10-08T20:01:15Z,football_nfl,32678,2026-10-09T00:15:00Z,Dallas Cowboys,Tampa Bay Buccaneers,player_rush_yds,Javonte Williams,49.5,Under,kalshi,245,-0.96,0.2871,kalshi,3,4.2
2026-10-08T20:01:15Z,football_nfl,32678,2026-10-09T00:15:00Z,Dallas Cowboys,Tampa Bay Buccaneers,player_rush_yds,Javonte Williams,57.5,Over,bovada,-200,-6.25,0.625,bovada,1,4.2
2026-10-08T20:01:15Z,football_nfl,32678,2026-10-09T00:15:00Z,Dallas Cowboys,Tampa Bay Buccaneers,player_rush_yds,Javonte Williams,57.5,Under,bovada,150,-6.25,0.375,bovada,1,4.2
2026-10-08T20:01:15Z,football_nfl,32678,2026-10-09T00:15:00Z,Dallas Cowboys,Tampa Bay Buccaneers,player_rush_yds,Javonte Williams,59.5,Over,kalshi,-144,-1.02,0.5841,kalshi,3,4.2
2026-10-08T20:01:15Z,football_nfl,32678,2026-10-09T00:15:00Z,Dallas Cowboys,Tampa Bay Buccaneers,player_rush_yds,Javonte Williams,59.5,Under,kalshi,138,-1.02,0.4159,kalshi,3,4.2
2026-10-08T20:01:15Z,football_nfl,32678,2026-10-09T00:15:00Z,Dallas Cowboys,Tampa Bay Buccaneers,player_rush_yds,Javonte Williams,67.5,Under,draftkings,-113,-4.12,0.5087,pinnacle,7,4.2
2026-10-08T20:01:15Z,football_nfl,32678,2026-10-09T00:15:00Z,Dallas Cowboys,Tampa Bay Buccaneers,player_rush_yds,Javonte Williams,67.5,Over,pinnacle,-106,-4.51,0.4913,pinnacle,7,4.2
2026-10-08T20:01:15Z,football_nfl,32678,2026-10-09T00:15:00Z,Dallas Cowboys,Tampa Bay Buccaneers,player_rush_yds,Javonte Williams,67.5,Under,pinnacle,-114,-4.51,0.5087,pinnacle,7,4.2
2026-10-08T20:01:15Z,football_nfl,32678,2026-10-09T00:15:00Z,Dallas Cowboys,Tampa Bay Buccaneers,player_rush_yds,Javonte Williams,67.5,Under,bovada,-115,-4.9,0.5087,pinnacle,7,4.2
2026-10-08T20:01:15Z,football_nfl,32678,2026-10-09T00:15:00Z,Dallas Cowboys,Tampa Bay Buccaneers,player_rush_yds,Javonte Williams,67.5,Under,hardrock,-115,-4.9,0.5087,pinnacle,7,4.2
2026-10-08T20:01:15Z,football_nfl,32678,2026-10-09T00:15:00Z,Dallas Cowboys,Tampa Bay Buccaneers,player_rush_yds,Javonte Williams,67.5,Over,draftkings,-111,-6.6,0.4913,pinnacle,7,4.2
2026-10-08T20:01:15Z,football_nfl,32678,2026-10-09T00:15:00Z,Dallas Cowboys,Tampa Bay Buccaneers,player_rush_yds,Javonte Williams,67.5,Over,bovada,-115,-8.14,0.4913,pinnacle,7,4.2
2026-10-08T20:01:15Z,football_nfl,32678,2026-10-09T00:15:00Z,Dallas Cowboys,Tampa Bay Buccaneers,player_rush_yds,Javonte Williams,67.5,Over,hardrock,-115,-8.14,0.4913,pinnacle,7,4.2
2026-10-08T20:01:15Z,football_nfl,32678,2026-10-09T00:15:00Z,Dallas Cowboys,Tampa Bay Buccaneers,player_rush_yds,Javonte Williams,77.5,Over,bovada,140,-6.17,0.3909,bovada,1,4.2
2026-10-08T20:01:15Z,football_nfl,32678,2026-10-09T00:15:00Z,Dallas Cowboys,Tampa Bay Buccaneers,player_rush_yds,Javonte Williams,77.5,Under,bovada,-185,-6.17,0.6091,bovada,1,4.2
2026-10-08T20:01:15Z,football_nfl,32678,2026-10-09T00:15:00Z,Dallas Cowboys,Tampa Bay Buccaneers,player_rush_yds,Javonte Williams,79.5,Over,kalshi,170,-1.05,0.3665,kalshi,3,4.2
2026-10-08T20:01:15Z,football_nfl,32678,2026-10-09T00:15:00Z,Dallas Cowboys,Tampa Bay Buccaneers,player_rush_yds,Javonte Williams,79.5,Under,kalshi,-178,-1.05,0.6335,kalshi,3,4.2
2026-10-08T20:01:15Z,football_nfl,32678,2026-10-09T00:15:00Z,Dallas Cowboys,Tampa Bay Buccaneers,player_rush_yds,Javonte Williams,87.5,Over,bovada,225,-6.0,0.2892,bovada,1,4.2
2026-10-08T20:01:15Z,football_nfl,32678,2026-10-09T00:15:00Z,Dallas Cowboys,Tampa Bay Buccaneers,player_rush_yds,Javonte Williams,87.5,Under,bovada,-310,-6.0,0.7108,bovada,1,4.2
2026-10-08T20:01:15Z,football_nfl,32678,2026-10-09T00:15:00Z,Dallas Cowboys,Tampa Bay Buccaneers,player_rush_yds,Javonte Williams,89.5,Over,kalshi,257,-0.97,0.2774,kalshi,3,4.2
2026-10-08T20:01:15Z,football_nfl,32678,2026-10-09T00:15:00Z,Dallas Cowboys,Tampa Bay Buccaneers,player_rush_yds,Javonte Williams,89.5,Under,kalshi,-270,-0.97,0.7226,kalshi,3,4.2
2026-10-08T20:01:15Z,football_nfl,32678,2026-10-09T00:15:00Z,Dallas Cowboys,Tampa Bay Buccaneers,player_rush_yds,Javonte Williams,99.5,Over,kalshi,400,-0.98,0.198,kalshi,3,4.2
2026-10-08T20:01:15Z,football_nfl,32678,2026-10-09T00:15:00Z,Dallas Cowboys,Tampa Bay Buccaneers,player_rush_yds,Javonte Williams,99.5,Under,kalshi,-426,-0.98,0.802,kalshi,3,4.2
2026-10-08T20:01:15Z,football_nfl,32678,2026-10-09T00:15:00Z,Dallas Cowboys,Tampa Bay Buccaneers,player_rush_yds,Javonte Williams,109.5,Over,kalshi,614,-0.99,0.1387,kalshi,3,4.2
2026-10-08T20:01:15Z,football_nfl,32678,2026-10-09T00:15:00Z,Dallas Cowboys,Tampa Bay Buccaneers,player_rush_yds,Javonte Williams,109.5,Under,kalshi,-669,-0.99,0.8613,kalshi,3,4.2
2026-10-08T20:01:15Z,football_nfl,32678,2026-10-09T00:15:00Z,Dallas Cowboys,Tampa Bay Buccaneers,player_rush_yds,Javonte Williams,119.5,Over,kalshi,809,-0.99,0.1089,kalshi,2,4.2
2026-10-08T20:01:15Z,football_nfl,32678,2026-10-09T00:15:00Z,Dallas Cowboys,Tampa Bay Buccaneers,player_rush_yds,Javonte Williams,119.5,Under,kalshi,-900,-0.99,0.8911,kalshi,2,4.2
2026-10-08T20:01:15Z,football_nfl,32678,2026-10-09T00:15:00Z,Dallas Cowboys,Tampa Bay Buccaneers,player_rush_yds,Javonte Williams,129.5,Over,kalshi,1150,-0.99,0.0792,kalshi,3,4.2
2026-10-08T20:01:15Z,football_nfl,32678,2026-10-09T00:15:00Z,Dallas Cowboys,Tampa Bay Buccaneers,player_rush_yds,Javonte Williams,129.5,Under,kalshi,-1329,-0.99,0.9208,kalshi,3,4.2
2026-10-08T20:01:15Z,football_nfl,32678,2026-10-09T00:15:00Z,Dallas Cowboys,Tampa Bay Buccaneers,player_rush_yds,Javonte Williams,139.5,Over,kalshi,1900,-0.99,0.0495,kalshi,1,4.2
2026-10-08T20:01:15Z,football_nfl,32678,2026-10-09T00:15:00Z,Dallas Cowboys,Tampa Bay Buccaneers,player_rush_yds,Javonte Williams,139.5,Under,kalshi,-2400,-0.99,0.9505,kalshi,1,4.2
2026-10-08T20:01:15Z,football_nfl,32678,2026-10-09T00:15:00Z,Dallas Cowboys,Tampa Bay Buccaneers,player_rush_yds,Javonte Williams,149.5,Over,kalshi,1900,-0.99,0.0495,kalshi,2,4.2
2026-10-08T20:01:15Z,football_nfl,32678,2026-10-09T00:15:00Z,Dallas Cowboys,Tampa Bay Buccaneers,player_rush_yds,Javonte Williams,149.5,Under,kalshi,-2400,-0.99,0.9505,kalshi,2,4.2
2026-10-08T20:01:15Z,football_nfl,32678,2026-10-09T00:15:00Z,Dallas Cowboys,Tampa Bay Buccaneers,player_rush_yds,Kenny Gainwell,9.5,Over,kalshi,-144,-1.02,0.5841,kalshi,1,4.2
2026-10-08T20:01:15Z,football_nfl,32678,2026-10-09T00:15:00Z,Dallas Cowboys,Tampa Bay Buccaneers,player_rush_yds,Kenny Gainwell,9.5,Under,kalshi,138,-1.02,0.4159,kalshi,1,4.2
2026-10-08T20:01:15Z,football_nfl,32678,2026-10-09T00:15:00Z,Dallas Cowboys,Tampa Bay Buccaneers,player_rush_yds,Kenny Gainwell,14.5,Over,kalshi,127,-1.12,0.4356,kalshi,1,4.2
2026-10-08T20:01:15Z,football_nfl,32678,2026-10-09T00:15:00Z,Dallas Cowboys,Tampa Bay Buccaneers,player_rush_yds,Kenny Gainwell,14.5,Under,kalshi,-133,-1.12,0.5644,kalshi,1,4.2
2026-10-08T20:01:15Z,football_nfl,32678,2026-10-09T00:15:00Z,Dallas Cowboys,Tampa Bay Buccaneers,player_rush_yds,Kenny Gainwell,19.5,Over,kalshi,223,-0.92,0.3067,kalshi,1,4.2
2026-10-08T20:01:15Z,football_nfl,32678,2026-10-09T00:15:00Z,Dallas Cowboys,Tampa Bay Buccaneers,player_rush_yds,Kenny Gainwell,19.5,Under,kalshi,-233,-0.92,0.6933,kalshi,1,4.2
2026-10-08T20:01:15Z,football_nfl,32678,2026-10-09T00:15:00Z,Dallas Cowboys,Tampa Bay Buccaneers,player_rush_yds,Kenny Gainwell,24.5,Over,kalshi,376,-1.0,0.208,kalshi,1,4.2
2026-10-08T20:01:15Z,football_nfl,32678,2026-10-09T00:15:00Z,Dallas Cowboys,Tampa Bay Buccaneers,player_rush_yds,Kenny Gainwell,24.5,Under,kalshi,-400,-1.0,0.792,kalshi,1,4.2
2026-10-08T20:01:15Z,football_nfl,32678,2026-10-09T00:15:00Z,Dallas Cowboys,Tampa Bay Buccaneers,player_rush_yds,Kenny Gainwell,29.5,Over,kalshi,567,-0.98,0.1485,kalshi,1,4.2
2026-10-08T20:01:15Z,football_nfl,32678,2026-10-09T00:15:00Z,Dallas Cowboys,Tampa Bay Buccaneers,player_rush_yds,Kenny Gainwell,29.5,Under,kalshi,-614,-0.98,0.8515,kalshi,1,4.2
2026-10-08T20:01:15Z,football_nfl,32678,2026-10-09T00:15:00Z,Dallas Cowboys,Tampa Bay Buccaneers,player_rush_yds,Kenny Gainwell,39.5,Over,kalshi,1150,-0.99,0.0792,kalshi,1,4.2
2026-10-08T20:01:15Z,football_nfl,32678,2026-10-09T00:15:00Z,Dallas Cowboys,Tampa Bay Buccaneers,player_rush_yds,Kenny Gainwell,39.5,Under,kalshi,-1329,-0.99,0.9208,kalshi,1,4.2
2026-10-08T20:01:15Z,football_nfl,32678,2026-10-09T00:15:00Z,Dallas Cowboys,Tampa Bay Buccaneers,player_rush_yds,Sean Tucker,9.5,Over,kalshi,-104,-0.97,0.5049,kalshi,4,4.2
2026-10-08T20:01:15Z,football_nfl,32678,2026-10-09T00:15:00Z,Dallas Cowboys,Tampa Bay Buccaneers,player_rush_yds,Sean Tucker,9.5,Under,kalshi,-100,-0.97,0.4951,kalshi,4,4.2
2026-10-08T20:01:15Z,football_nfl,32678,2026-10-09T00:15:00Z,Dallas Cowboys,Tampa Bay Buccaneers,player_rush_yds,Sean Tucker,9.5,Over,fanduel,-113,-4.84,0.5049,kalshi,4,4.2
2026-10-08T20:01:15Z,football_nfl,32678,2026-10-09T00:15:00Z,Dallas Cowboys,Tampa Bay Buccaneers,player_rush_yds,Sean Tucker,9.5,Under,fanduel,-113,-6.67,0.4951,kalshi,4,4.2
2026-10-08T20:01:15Z,football_nfl,32678,2026-10-09T00:15:00Z,Dallas Cowboys,Tampa Bay Buccaneers,player_rush_yds,Sean Tucker,10.5,Over,pinnacle,-109,-4.54,0.4978,pinnacle,3,4.2
2026-10-08T20:01:15Z,football_nfl,32678,2026-10-09T00:15:00Z,Dallas Cowboys,Tampa Bay Buccaneers,player_rush_yds,Sean Tucker,10.5,Under,pinnacle,-111,-4.54,0.5022,pinnacle,3,4.2
2026-10-08T20:01:15Z,football_nfl,32678,2026-10-09T00:15:00Z,Dallas Cowboys,Tampa Bay Buccaneers,player_rush_yds,Sean Tucker,12.5,Over,draftkings,-107,-5.23,0.4899,bovada,3,4.2
2026-10-08T20:01:15Z,football_nfl,32678,2026-10-09T00:15:00Z,Dallas Cowboys,Tampa Bay Buccaneers,player_rush_yds,Sean Tucker,12.5,Under,draftkings,-117,-5.39,0.5101,bovada,3,4.2
2026-10-08T20:01:15Z,football_nfl,32678,2026-10-09T00:15:00Z,Dallas Cowboys,Tampa Bay Buccaneers,player_rush_yds,Sean Tucker,12.5,Over,bovada,-110,-6.48,0.4899,bovada,3,4.2
2026-10-08T20:01:15Z,football_nfl,32678,2026-10-09T00:15:00Z,Dallas Cowboys,Tampa Bay Buccaneers,player_rush_yds,Sean Tucker,12.5,Under,bovada,-120,-6.48,0.5101,bovada,3,4.2
2026-10-08T20:01:15Z,football_nfl,32678,2026-10-09T00:15:00Z,Dallas Cowboys,Tampa Bay Buccaneers,player_rush_yds,Sean Tucker,14.5,Over,kalshi,163,-0.98,0.3765,kalshi,3,4.2
2026-10-08T20:01:15Z,football_nfl,32678,2026-10-09T00:15:00Z,Dallas Cowboys,Tampa Bay Buccaneers,player_rush_yds,Sean Tucker,14.5,Under,kalshi,-170,-0.98,0.6235,kalshi,3,4.2
2026-10-08T20:01:15Z,football_nfl,32678,2026-10-09T00:15:00Z,Dallas Cowboys,Tampa Bay Buccaneers,player_rush_yds,Sean Tucker,19.5,Over,kalshi,233,-1.03,0.2972,kalshi,3,4.2
2026-10-08T20:01:15Z,football_nfl,32678,2026-10-09T00:15:00Z,Dallas Cowboys,Tampa Bay Buccaneers,player_rush_yds,Sean Tucker,19.5,Under,kalshi,-245,-1.03,0.7028,kalshi,3,4.2
2026-10-08T20:01:15Z,football_nfl,32678,2026-10-09T00:15:00Z,Dallas Cowboys,Tampa Bay Buccaneers,player_rush_yds,Sean Tucker,24.5,Over,kalshi,335,-1.0,0.2276,kalshi,3,4.2
2026-10-08T20:01:15Z,football_nfl,32678,2026-10-09T00:15:00Z,Dallas Cowboys,Tampa Bay Buccaneers,player_rush_yds,Sean Tucker,24.5,Under,kalshi,-355,-1.0,0.7724,kalshi,3,4.2
2026-10-08T20:01:15Z,football_nfl,32678,2026-10-09T00:15:00Z,Dallas Cowboys,Tampa Bay Buccaneers,player_rush_yds,Sean Tucker,29.5,Over,kalshi,426,-1.02,0.1882,kalshi,3,4.2
2026-10-08T20:01:15Z,football_nfl,32678,2026-10-09T00:15:00Z,Dallas Cowboys,Tampa Bay Buccaneers,player_rush_yds,Sean Tucker,29.5,Under,kalshi,-456,-1.02,0.8118,kalshi,3,4.2
2026-10-08T20:01:15Z,football_nfl,32678,2026-10-09T00:15:00Z,Dallas Cowboys,Tampa Bay Buccaneers,player_rush_yds,Sean Tucker,39.5,Over,kalshi,733,-0.99,0.1189,kalshi,3,4.2
2026-10-08T20:01:15Z,football_nfl,32678,2026-10-09T00:15:00Z,Dallas Cowboys,Tampa Bay Buccaneers,player_rush_yds,Sean Tucker,39.5,Under,kalshi,-809,-0.99,0.8811,kalshi,3,4.2
2026-10-08T20:01:15Z,football_nfl,32678,2026-10-09T00:15:00Z,Dallas Cowboys,Tampa Bay Buccaneers,player_rush_yds,Sean Tucker,49.5,Over,kalshi,1329,-0.99,0.0693,kalshi,3,4.2
2026-10-08T20:01:15Z,football_nfl,32678,2026-10-09T00:15:00Z,Dallas Cowboys,Tampa Bay Buccaneers,player_rush_yds,Sean Tucker,49.5,Under,kalshi,-1567,-0.99,0.9307,kalshi,3,4.2
2026-10-08T20:01:15Z,football_nfl,32678,2026-10-09T00:15:00Z,Dallas Cowboys,Tampa Bay Buccaneers,player_rush_yds,Tyler Goodson,9.5,Over,kalshi,-213,-1.04,0.6734,kalshi,3,4.2
2026-10-08T20:01:15Z,football_nfl,32678,2026-10-09T00:15:00Z,Dallas Cowboys,Tampa Bay Buccaneers,player_rush_yds,Tyler Goodson,9.5,Under,kalshi,203,-1.04,0.3266,kalshi,3,4.2
2026-10-08T20:01:15Z,football_nfl,32678,2026-10-09T00:15:00Z,Dallas Cowboys,Tampa Bay Buccaneers,player_rush_yds,Tyler Goodson,14.5,Under,underdog,-103,-0.5,0.5049,kalshi,4,4.2
2026-10-08T20:01:15Z,football_nfl,32678,2026-10-09T00:15:00Z,Dallas Cowboys,Tampa Bay Buccaneers,player_rush_yds,Tyler Goodson,14.5,Over,kalshi,-100,-0.97,0.4951,kalshi,4,4.2
2026-10-08T20:01:15Z,football_nfl,32678,2026-10-09T00:15:00Z,Dallas Cowboys,Tampa Bay Buccaneers,player_rush_yds,Tyler Goodson,14.5,Under,kalshi,-104,-0.97,0.5049,kalshi,4,4.2
2026-10-08T20:01:15Z,football_nfl,32678,2026-10-09T00:15:00Z,Dallas Cowboys,Tampa Bay Buccaneers,player_rush_yds,Tyler Goodson,14.5,Over,underdog,-118,-8.52,0.4951,kalshi,4,4.2
2026-10-08T20:01:15Z,football_nfl,32678,2026-10-09T00:15:00Z,Dallas Cowboys,Tampa Bay Buccaneers,player_rush_yds,Tyler Goodson,19.5,Over,kalshi,156,-1.03,0.3866,kalshi,3,4.2
2026-10-08T20:01:15Z,football_nfl,32678,2026-10-09T00:15:00Z,Dallas Cowboys,Tampa Bay Buccaneers,player_rush_yds,Tyler Goodson,19.5,Under,kalshi,-163,-1.03,0.6134,kalshi,3,4.2
2026-10-08T20:01:15Z,football_nfl,32678,2026-10-09T00:15:00Z,Dallas Cowboys,Tampa Bay Buccaneers,player_rush_yds,Tyler Goodson,24.5,Over,kalshi,212,-1.08,0.3171,kalshi,3,4.2
2026-10-08T20:01:15Z,football_nfl,32678,2026-10-09T00:15:00Z,Dallas Cowboys,Tampa Bay Buccaneers,player_rush_yds,Tyler Goodson,24.5,Under,kalshi,-223,-1.08,0.6829,kalshi,3,4.2
2026-10-08T20:01:15Z,football_nfl,32678,2026-10-09T00:15:00Z,Dallas Cowboys,Tampa Bay Buccaneers,player_rush_yds,Tyler Goodson,29.5,Over,kalshi,317,-0.98,0.2375,kalshi,3,4.2
2026-10-08T20:01:15Z,football_nfl,32678,2026-10-09T00:15:00Z,Dallas Cowboys,Tampa Bay Buccaneers,player_rush_yds,Tyler Goodson,29.5,Under,kalshi,-335,-0.98,0.7625,kalshi,3,4.2
2026-10-08T20:01:15Z,football_nfl,32678,2026-10-09T00:15:00Z,Dallas Cowboys,Tampa Bay Buccaneers,player_rush_yds,Tyler Goodson,39.5,Over,kalshi,614,-0.99,0.1387,kalshi,3,4.2
2026-10-08T20:01:15Z,football_nfl,32678,2026-10-09T00:15:00Z,Dallas Cowboys,Tampa Bay Buccaneers,player_rush_yds,Tyler Goodson,39.5,Under,kalshi,-669,-0.99,0.8613,kalshi,3,4.2
2026-10-08T20:01:15Z,football_nfl,32678,2026-10-09T00:15:00Z,Dallas Cowboys,Tampa Bay Buccaneers,player_rush_yds,Tyler Goodson,49.5,Over,kalshi,1150,-0.99,0.0792,kalshi,2,4.2
2026-10-08T20:01:15Z,football_nfl,32678,2026-10-09T00:15:00Z,Dallas Cowboys,Tampa Bay Buccaneers,player_rush_yds,Tyler Goodson,49.5,Under,kalshi,-1329,-0.99,0.9208,kalshi,2,4.2
2026-10-08T20:01:15Z,football_nfl,32678,2026-10-09T00:15:00Z,Dallas Cowboys,Tampa Bay Buccaneers,player_rush_yds,Tyler Goodson,59.5,Over,kalshi,1567,-0.99,0.0594,kalshi,1,4.2
2026-10-08T20:01:15Z,football_nfl,32678,2026-10-09T00:15:00Z,Dallas Cowboys,Tampa Bay Buccaneers,player_rush_yds,Tyler Goodson,59.5,Under,kalshi,-1900,-0.99,0.9406,kalshi,1,4.2
