graded_ts,candidate_ts,event_id,market,player,player_id,point,side,book,price,hours_to_kick,timing_bucket,ev_pct,fair_prob,fair_source,n_books,outcome_id,closing_price,closing_point,closing_at,is_stale,same_point,candidate_implied_prob,closing_implied_prob,clv_implied_pp,beat_close_price,beat_close_point,line_type,match_method
2026-10-05T12:51:33Z,2026-09-30T11:28:24Z,32669,player_pass_completions,Drake Maye,,19.5,Over,underdog,-108,101.5,T-24h+,4.36,0.5419,pinnacle,6,,-129,19.5,2026-10-04T12:44:45.956121Z,True,True,0.5192307692307693,0.5633187772925764,4.408800806180713,True,False,main,exact
2026-10-05T12:51:33Z,2026-09-30T11:28:24Z,32669,player_receptions,Romeo Doubs,,3.5,Over,draftkings,130,101.5,T-24h+,3.25,0.4489,pinnacle,8,,117,3.5,2026-10-04T16:27:59.493495Z,True,True,0.43478260869565216,0.4608294930875576,2.6046884391905447,True,False,main,exact
2026-10-05T12:51:33Z,2026-09-30T16:18:25Z,32674,player_reception_yds,Christian McCaffrey,,24.5,Under,hardrock,230,100.1,T-24h+,3.73,0.3143,kalshi,4,,225,24.5,2026-09-30T19:01:39.049352Z,True,True,0.30303030303030304,0.3076923076923077,0.46620046620046707,True,False,milestone,exact
2026-10-05T12:51:33Z,2026-09-30T16:18:25Z,32676,player_pass_completions,Jared Goff,,23.5,Under,draftkings,-105,104.0,T-24h+,3.92,0.5323,pinnacle,8,,102,22.5,2026-10-05T00:13:33.536768Z,False,False,0.5121951219512195,0.49504950495049505,-1.7145617000724478,,True,main,loose
2026-10-05T12:51:33Z,2026-09-30T16:50:03Z,32674,player_reception_yds,Christian McCaffrey,,24.5,Under,hardrock,230,99.6,T-24h+,4.7,0.3173,kalshi,4,,225,24.5,2026-09-30T19:01:39.049352Z,True,True,0.30303030303030304,0.3076923076923077,0.46620046620046707,True,False,milestone,exact
2026-10-05T12:51:33Z,2026-09-30T16:50:03Z,32676,player_pass_completions,Jared Goff,,23.5,Under,draftkings,-105,103.5,T-24h+,3.92,0.5323,pinnacle,8,,102,22.5,2026-10-05T00:13:33.536768Z,False,False,0.5121951219512195,0.49504950495049505,-1.7145617000724478,,True,main,loose
2026-10-05T12:51:33Z,2026-09-30T17:06:11Z,32674,player_reception_yds,Christian McCaffrey,,24.5,Under,hardrock,230,99.3,T-24h+,4.7,0.3173,kalshi,4,,225,24.5,2026-09-30T19:01:39.049352Z,True,True,0.30303030303030304,0.3076923076923077,0.46620046620046707,True,False,milestone,exact
2026-10-05T12:51:33Z,2026-09-30T17:06:11Z,32676,player_pass_completions,Jared Goff,,23.5,Under,draftkings,-105,103.2,T-24h+,3.92,0.5323,pinnacle,8,,102,22.5,2026-10-05T00:13:33.536768Z,False,False,0.5121951219512195,0.49504950495049505,-1.7145617000724478,,True,main,loose
2026-10-05T12:51:33Z,2026-09-30T21:04:12Z,32674,player_rush_yds,Bo Nix,,19.5,Over,kalshi,113,95.3,T-24h+,6.07,0.498,pinnacle,3,,138,19.5,2026-10-04T20:17:54.429857Z,False,True,0.4694835680751174,0.42016806722689076,-4.931550084822661,False,False,alternate,exact
2026-10-05T12:51:33Z,2026-09-30T21:12:13Z,32674,player_rush_yds,Bo Nix,,19.5,Over,kalshi,113,95.2,T-24h+,6.07,0.498,pinnacle,3,,138,19.5,2026-10-04T20:17:54.429857Z,False,True,0.4694835680751174,0.42016806722689076,-4.931550084822661,False,False,alternate,exact
2026-10-05T12:51:33Z,2026-09-30T21:35:40Z,32674,player_rush_yds,Bo Nix,,19.5,Over,kalshi,113,94.8,T-24h+,6.07,0.498,pinnacle,3,,138,19.5,2026-10-04T20:17:54.429857Z,False,True,0.4694835680751174,0.42016806722689076,-4.931550084822661,False,False,alternate,exact
2026-10-05T12:51:33Z,2026-10-01T02:45:37Z,32670,player_reception_yds,Ja'Marr Chase,,78.5,Over,underdog,-112,86.2,T-24h+,5.85,0.5592,pinnacle,7,,-112,83.5,2026-10-04T15:43:04.120593Z,True,False,0.5283018867924528,0.5283018867924528,0.0,,True,main,loose
2026-10-05T12:51:33Z,2026-10-01T02:45:37Z,32670,player_reception_yds,Ja'Marr Chase,,78.5,Over,fanduel,-114,86.2,T-24h+,4.97,0.5592,pinnacle,7,,-113,81.5,2026-10-03T17:05:30.622312Z,True,False,0.5327102803738317,0.5305164319248826,-0.21938484489490984,,True,main,loose
2026-10-05T12:51:33Z,2026-10-01T02:45:37Z,32674,player_rush_yds,Bo Nix,,19.5,Over,kalshi,113,89.7,T-24h+,6.07,0.498,pinnacle,4,,138,19.5,2026-10-04T20:17:54.429857Z,False,True,0.4694835680751174,0.42016806722689076,-4.931550084822661,False,False,alternate,exact
2026-10-05T12:51:33Z,2026-10-01T11:56:30Z,32671,player_reception_yds,Dontayvion Wicks,,24.5,Under,hardrock,210,77.1,T-24h+,3.31,0.3333,kalshi,4,,210,24.5,2026-09-30T08:41:34.905567Z,True,True,0.3225806451612903,0.3225806451612903,0.0,False,False,milestone,exact
2026-10-05T12:51:33Z,2026-10-01T11:56:30Z,32671,player_rush_yds,Matthew Stafford,,1.5,Over,fanduel,108,77.1,T-24h+,4.0,0.5,bovada,5,,132,1.5,2026-10-04T16:31:03.803709Z,True,True,0.4807692307692308,0.43103448275862066,-4.973474801061012,False,False,main,exact
2026-10-05T12:51:33Z,2026-10-01T11:56:30Z,32672,player_rush_yds,Ollie Gordon II,,24.5,Over,hardrock,-120,80.1,T-24h+,5.72,0.5766,kalshi,4,,-115,24.5,2026-10-03T19:15:23.065219Z,True,True,0.5454545454545454,0.5348837209302325,-1.0570824524312905,False,False,main,exact
2026-10-05T12:51:33Z,2026-10-01T11:56:30Z,32672,player_rush_yds,Ollie Gordon II,,39.5,Over,hardrock,240,80.1,T-24h+,17.57,0.3458,kalshi,4,,240,39.5,2026-09-30T23:30:35.868746Z,True,True,0.29411764705882354,0.29411764705882354,0.0,False,False,milestone,exact
2026-10-05T12:51:33Z,2026-10-01T11:56:30Z,32674,player_rush_yds,Bo Nix,,19.5,Over,kalshi,113,80.5,T-24h+,6.07,0.498,pinnacle,4,,138,19.5,2026-10-04T20:17:54.429857Z,False,True,0.4694835680751174,0.42016806722689076,-4.931550084822661,False,False,alternate,exact
2026-10-05T12:51:33Z,2026-10-01T11:56:30Z,32676,player_pass_completions,Jared Goff,,23.5,Under,underdog,100,84.4,T-24h+,6.45,0.5323,pinnacle,8,,104,22.5,2026-10-05T00:14:31.656108Z,False,False,0.5,0.49019607843137253,-0.9803921568627472,,True,main,loose
2026-10-05T12:51:33Z,2026-10-01T17:45:32Z,32670,player_receptions,Chase Brown,,2.5,Under,hardrock,180,71.2,T-24h+,7.92,0.3854,kalshi,4,,180,2.5,2026-09-30T13:21:20.931675Z,True,True,0.35714285714285715,0.35714285714285715,0.0,False,False,milestone,exact
2026-10-05T12:51:33Z,2026-10-01T17:45:32Z,32670,player_receptions,Drew Sample,,1.5,Over,kalshi,138,71.2,T-24h+,3.05,0.433,pinnacle,10,,156,1.5,2026-10-04T16:18:20.685501Z,True,True,0.42016806722689076,0.390625,-2.9543067226890765,False,False,main,exact
2026-10-05T12:51:33Z,2026-10-01T17:45:32Z,32671,player_pass_tds,Matthew Stafford,,1.5,Under,kalshi,104,71.2,T-24h+,4.06,0.5101,pinnacle,10,,108,1.5,2026-10-04T09:54:28.507288Z,True,True,0.49019607843137253,0.4807692307692308,-0.9426847662141746,False,False,main,exact
2026-10-05T12:51:33Z,2026-10-01T17:45:32Z,32671,player_reception_yds,Davante Adams,,49.5,Under,hardrock,225,71.2,T-24h+,12.57,0.3464,kalshi,4,,225,49.5,2026-09-30T20:50:39.697510Z,True,True,0.3076923076923077,0.3076923076923077,0.0,False,False,milestone,exact
2026-10-05T12:51:33Z,2026-10-01T17:45:32Z,32671,player_reception_yds,Davante Adams,,79.5,Under,hardrock,-145,71.2,T-24h+,7.66,0.6371,kalshi,4,,-145,79.5,2026-09-29T16:49:00.418655Z,True,True,0.5918367346938775,0.5918367346938775,0.0,False,False,milestone,exact
2026-10-05T12:51:33Z,2026-10-01T17:45:32Z,32671,player_receptions,Davante Adams,,4.5,Under,hardrock,125,71.2,T-24h+,3.25,0.4589,pinnacle,10,,125,4.5,2026-09-30T07:01:47.513099Z,True,True,0.4444444444444444,0.4444444444444444,0.0,False,False,milestone,exact
2026-10-05T12:51:33Z,2026-10-01T17:45:32Z,32671,player_receptions,Johnny Mundt,,1.5,Over,kalshi,170,71.2,T-24h+,3.45,0.3831,pinnacle,8,,186,1.5,2026-10-04T16:08:43.371434Z,True,True,0.37037037037037035,0.34965034965034963,-2.0720020720020713,False,False,main,exact
2026-10-05T12:51:33Z,2026-10-01T17:45:32Z,32671,player_rush_attempts,Saquon Barkley,,17.5,Under,draftkings,-108,71.2,T-24h+,5.12,0.5458,pinnacle,7,,-104,16.5,2026-10-04T15:46:54.223556Z,True,False,0.5192307692307693,0.5098039215686274,-0.9426847662141857,,True,main,loose
2026-10-05T12:51:33Z,2026-10-01T17:45:32Z,32669,player_receptions,Hunter Henry,,3.5,Over,kalshi,113,71.2,T-24h+,3.48,0.4858,pinnacle,11,,133,3.5,2026-10-04T12:03:58.118881Z,True,True,0.4694835680751174,0.4291845493562232,-4.029901871889418,False,False,main,exact
2026-10-05T12:51:33Z,2026-10-01T17:45:32Z,32669,player_receptions,Romeo Doubs,,3.5,Over,kalshi,133,71.2,T-24h+,4.6,0.4489,pinnacle,11,,138,3.5,2026-10-04T15:08:14.129601Z,True,True,0.4291845493562232,0.42016806722689076,-0.9016482129332426,False,False,main,exact
2026-10-05T12:51:33Z,2026-10-01T17:45:32Z,32672,player_pass_tds,Malik Willis,,0.5,Under,draftkings,-108,74.3,T-24h+,3.6,0.5379,pinnacle,9,,101,0.5,2026-10-04T14:25:15.646590Z,True,True,0.5192307692307693,0.4975124378109453,-2.1718331419823986,False,False,main,exact
2026-10-05T12:51:33Z,2026-10-01T17:45:32Z,32675,player_pass_tds,Patrick Mahomes,,1.5,Under,kalshi,117,74.7,T-24h+,3.02,0.4747,pinnacle,11,,127,1.5,2026-10-04T16:10:05.212471Z,True,True,0.4608294930875576,0.44052863436123346,-2.0300858726324145,False,False,main,exact
2026-10-05T12:51:33Z,2026-10-01T17:45:32Z,32675,player_reception_yds,Jalen Nailor,,19.5,Under,kalshi,108,74.7,T-24h+,4.0,0.5,pinnacle,12,,-104,19.5,2026-10-04T20:20:03.176858Z,False,True,0.4807692307692308,0.5098039215686274,2.903469079939663,True,False,main,exact
2026-10-05T12:51:33Z,2026-10-01T17:45:32Z,32675,player_receptions,Tyquan Thornton,,1.5,Over,hardrock,120,74.7,T-24h+,3.81,0.4718,pinnacle,10,,120,1.5,2026-09-30T22:40:53.919640Z,True,True,0.45454545454545453,0.45454545454545453,0.0,False,False,milestone,exact
2026-10-05T12:51:33Z,2026-10-01T17:45:32Z,32676,player_pass_completions,Jared Goff,,23.5,Under,underdog,-103,78.6,T-24h+,4.9,0.5323,pinnacle,8,,104,22.5,2026-10-05T00:14:31.656108Z,False,False,0.5073891625615764,0.49019607843137253,-1.7193084130203873,,True,main,loose
2026-10-05T12:51:33Z,2026-10-01T17:45:32Z,32676,player_reception_yds,Tetairoa McMillan,,39.5,Under,hardrock,325,78.6,T-24h+,29.26,0.3041,kalshi,4,,325,39.5,2026-09-30T10:01:36.314181Z,True,True,0.23529411764705882,0.23529411764705882,0.0,False,False,milestone,exact
2026-10-05T12:51:33Z,2026-10-01T22:04:24Z,32670,player_receptions,Dohnte Meyers,,1.5,Under,hardrock,160,66.9,T-24h+,4.55,0.4021,kalshi,4,,120,1.5,2026-10-04T11:41:25.373192Z,True,True,0.38461538461538464,0.45454545454545453,6.99300699300699,True,False,main,exact
2026-10-05T12:51:33Z,2026-10-01T22:04:24Z,32670,player_receptions,Drew Sample,,1.5,Over,kalshi,138,66.9,T-24h+,3.05,0.433,pinnacle,10,,156,1.5,2026-10-04T16:18:20.685501Z,True,True,0.42016806722689076,0.390625,-2.9543067226890765,False,False,main,exact
2026-10-05T12:51:33Z,2026-10-01T22:04:24Z,32671,player_pass_tds,Matthew Stafford,,1.5,Under,kalshi,104,66.9,T-24h+,4.06,0.5101,pinnacle,11,,108,1.5,2026-10-04T09:54:28.507288Z,True,True,0.49019607843137253,0.4807692307692308,-0.9426847662141746,False,False,main,exact
2026-10-05T12:51:33Z,2026-10-01T22:04:24Z,32671,player_reception_yds,Davante Adams,,49.5,Under,hardrock,225,66.9,T-24h+,13.54,0.3493,kalshi,4,,225,49.5,2026-09-30T20:50:39.697510Z,True,True,0.3076923076923077,0.3076923076923077,0.0,False,False,milestone,exact
2026-10-05T12:51:33Z,2026-10-01T22:04:24Z,32671,player_reception_yds,Davante Adams,,79.5,Under,hardrock,-145,66.9,T-24h+,7.05,0.6335,kalshi,4,,-145,79.5,2026-09-29T16:49:00.418655Z,True,True,0.5918367346938775,0.5918367346938775,0.0,False,False,milestone,exact
2026-10-05T12:51:33Z,2026-10-01T22:04:24Z,32671,player_receptions,Dontayvion Wicks,,3.5,Under,draftkings,-129,66.9,T-24h+,3.49,0.583,pinnacle,10,,120,3.5,2026-10-04T12:57:27.054029Z,True,True,0.5633187772925764,0.45454545454545453,-10.877332274712186,False,False,main,exact
2026-10-05T12:51:33Z,2026-10-01T22:04:24Z,32671,player_rush_attempts,Saquon Barkley,,17.5,Under,draftkings,-112,66.9,T-24h+,3.31,0.5458,pinnacle,7,,-104,16.5,2026-10-04T15:46:54.223556Z,True,False,0.5283018867924528,0.5098039215686274,-1.8497965223825408,,True,main,loose
2026-10-05T12:51:33Z,2026-10-01T22:04:24Z,32669,player_receptions,Hunter Henry,,3.5,Over,kalshi,113,66.9,T-24h+,3.48,0.4858,pinnacle,11,,133,3.5,2026-10-04T12:03:58.118881Z,True,True,0.4694835680751174,0.4291845493562232,-4.029901871889418,False,False,main,exact
2026-10-05T12:51:33Z,2026-10-01T22:04:24Z,32669,player_receptions,Romeo Doubs,,3.5,Over,kalshi,133,66.9,T-24h+,4.6,0.4489,pinnacle,11,,138,3.5,2026-10-04T15:08:14.129601Z,True,True,0.4291845493562232,0.42016806722689076,-0.9016482129332426,False,False,main,exact
2026-10-05T12:51:33Z,2026-10-01T22:04:24Z,32672,player_pass_tds,Malik Willis,,0.5,Under,kalshi,-108,70.0,T-24h+,3.6,0.5379,pinnacle,10,,108,0.5,2026-10-04T12:53:18.293124Z,True,True,0.5192307692307693,0.4807692307692308,-3.8461538461538494,False,False,main,exact
2026-10-05T12:51:33Z,2026-10-01T22:04:24Z,32672,player_reception_yds,Jaylen Wright,,4.5,Over,fanduel,-102,70.0,T-24h+,5.97,0.5351,pinnacle,6,,-130,5.5,2026-10-04T20:04:17.614673Z,False,False,0.504950495049505,0.5652173913043478,6.026689625484282,,True,main,loose
2026-10-05T12:51:33Z,2026-10-01T22:04:24Z,32672,player_rush_attempts,Malik Willis,,5.5,Under,draftkings,119,70.0,T-24h+,3.33,0.4718,pinnacle,4,,-125,6.5,2026-10-04T20:04:17.242503Z,False,False,0.45662100456621,0.5555555555555556,9.893455098934556,,False,main,loose
2026-10-05T12:51:33Z,2026-10-01T22:04:24Z,32672,player_rush_yds,Kyler Murray,,19.5,Under,kalshi,113,70.0,T-24h+,5.21,0.4939,pinnacle,4,,113,19.5,2026-10-04T20:04:57.306045Z,False,True,0.4694835680751174,0.4694835680751174,0.0,False,False,alternate,exact
2026-10-05T12:51:33Z,2026-10-01T22:04:24Z,32672,player_rush_yds,Malik Washington,,4.5,Under,draftkings,-109,70.0,T-24h+,4.65,0.5458,pinnacle,7,,-107,4.5,2026-10-04T11:15:46.551510Z,True,True,0.5215311004784688,0.5169082125603864,-0.4622887918082408,False,False,main,exact
2026-10-05T12:51:33Z,2026-10-01T22:04:24Z,32672,player_rush_yds,Ollie Gordon II,,39.5,Over,hardrock,240,70.0,T-24h+,12.22,0.3301,kalshi,4,,240,39.5,2026-09-30T23:30:35.868746Z,True,True,0.29411764705882354,0.29411764705882354,0.0,False,False,milestone,exact
2026-10-05T12:51:33Z,2026-10-01T22:04:24Z,32674,player_field_goals_made,Eddy Pineiro,,1.5,Under,draftkings,102,70.3,T-24h+,3.52,0.5125,pinnacle,4,,-109,1.5,2026-10-04T14:57:42.147922Z,True,True,0.49504950495049505,0.5215311004784688,2.64815955279738,True,False,main,exact
2026-10-05T12:51:33Z,2026-10-01T22:04:24Z,32673,player_receptions,AJ Barner,,3.5,Over,kalshi,144,70.3,T-24h+,3.66,0.4248,pinnacle,9,,150,3.5,2026-10-04T17:33:33.942112Z,True,True,0.4098360655737705,0.4,-0.983606557377048,False,False,main,exact
2026-10-05T12:51:33Z,2026-10-01T22:04:24Z,32673,player_receptions,Cooper Kupp,,2.5,Over,kalshi,133,70.3,T-24h+,3.72,0.4452,pinnacle,11,,127,2.5,2026-10-04T13:31:46.621088Z,True,True,0.4291845493562232,0.44052863436123346,1.1344085005010274,True,False,main,exact
2026-10-05T12:51:33Z,2026-10-01T22:04:24Z,32673,player_receptions,Rashid Shaheed,,2.5,Over,kalshi,163,70.3,T-24h+,5.02,0.3993,pinnacle,8,,150,2.5,2026-10-03T22:05:33.591807Z,True,True,0.38022813688212925,0.4,1.977186311787077,True,False,main,exact
2026-10-05T12:51:33Z,2026-10-01T22:04:24Z,32675,player_pass_tds,Patrick Mahomes,,1.5,Under,kalshi,117,70.3,T-24h+,3.02,0.4747,pinnacle,11,,127,1.5,2026-10-04T16:10:05.212471Z,True,True,0.4608294930875576,0.44052863436123346,-2.0300858726324145,False,False,main,exact
2026-10-05T12:51:33Z,2026-10-01T22:04:24Z,32675,player_reception_yds,Jalen Nailor,,19.5,Under,kalshi,108,70.3,T-24h+,4.0,0.5,pinnacle,12,,-104,19.5,2026-10-04T20:20:03.176858Z,False,True,0.4807692307692308,0.5098039215686274,2.903469079939663,True,False,main,exact
2026-10-05T12:51:33Z,2026-10-01T22:04:24Z,32675,player_receptions,Emmett Johnson,,1.5,Over,kalshi,170,70.3,T-24h+,3.45,0.3831,pinnacle,10,,170,1.5,2026-10-04T16:13:38.765854Z,True,True,0.37037037037037035,0.37037037037037035,0.0,False,False,main,exact
2026-10-05T12:51:33Z,2026-10-01T22:04:24Z,32675,player_receptions,Tyquan Thornton,,1.5,Over,hardrock,120,70.3,T-24h+,3.81,0.4718,pinnacle,11,,120,1.5,2026-09-30T22:40:53.919640Z,True,True,0.45454545454545453,0.45454545454545453,0.0,False,False,milestone,exact
2026-10-05T12:51:33Z,2026-10-02T02:49:19Z,32670,player_pass_tds,Joe Burrow,,1.5,Under,kalshi,163,62.2,T-24h+,3.23,0.3925,pinnacle,11,,170,1.5,2026-10-04T00:22:29.838509Z,True,True,0.38022813688212925,0.37037037037037035,-0.9857766511758903,False,False,alternate,exact
2026-10-05T12:51:33Z,2026-10-02T02:49:19Z,32670,player_receptions,Dohnte Meyers,,2.5,Over,kalshi,170,62.2,T-24h+,3.45,0.3831,pinnacle,11,,178,2.5,2026-10-04T16:17:06.507370Z,True,True,0.37037037037037035,0.3597122302158273,-1.0658140154543028,False,False,main,exact
2026-10-05T12:51:33Z,2026-10-02T02:49:19Z,32670,player_receptions,Drew Sample,,1.5,Over,kalshi,138,62.2,T-24h+,3.05,0.433,pinnacle,11,,156,1.5,2026-10-04T16:18:20.685501Z,True,True,0.42016806722689076,0.390625,-2.9543067226890765,False,False,main,exact
2026-10-05T12:51:33Z,2026-10-02T02:49:19Z,32671,player_pass_tds,Jalen Hurts,,0.5,Under,kalshi,223,62.2,T-24h+,7.41,0.3325,pinnacle,9,,203,0.5,2026-10-04T16:16:05.183788Z,True,True,0.30959752321981426,0.33003300330033003,2.0435480080515767,True,False,alternate,exact
2026-10-05T12:51:33Z,2026-10-02T02:49:19Z,32671,player_pass_tds,Matthew Stafford,,1.5,Under,kalshi,104,62.2,T-24h+,4.06,0.5101,pinnacle,11,,108,1.5,2026-10-04T09:54:28.507288Z,True,True,0.49019607843137253,0.4807692307692308,-0.9426847662141746,False,False,main,exact
2026-10-05T12:51:33Z,2026-10-02T02:49:19Z,32671,player_reception_longest,Saquon Barkley,,8.5,Under,underdog,-103,62.2,T-24h+,4.58,0.5306,bovada,3,,-122,9.5,2026-10-02T19:09:40.144335Z,True,False,0.5073891625615764,0.5495495495495496,4.21603869879732,,False,main,loose
2026-10-05T12:51:33Z,2026-10-02T02:49:19Z,32671,player_reception_yds,Johnny Mundt,,7.5,Under,draftkings,-106,62.2,T-24h+,3.84,0.5343,pinnacle,3,,-109,8.5,2026-10-04T15:32:55.585651Z,True,False,0.5145631067961165,0.5215311004784688,0.6967993682352347,,False,main,loose
2026-10-05T12:51:33Z,2026-10-02T02:49:19Z,32671,player_receptions,Davante Adams,,3.5,Under,hardrock,260,62.2,T-24h+,11.95,0.311,kalshi,4,,260,3.5,2026-09-30T07:01:47.513099Z,True,True,0.2777777777777778,0.2777777777777778,0.0,False,False,milestone,exact
2026-10-05T12:51:33Z,2026-10-02T02:49:19Z,32671,player_receptions,Davante Adams,,4.5,Over,kalshi,-108,62.2,T-24h+,3.45,0.5371,pinnacle,11,,122,4.5,2026-10-04T16:57:22.762314Z,False,True,0.5192307692307693,0.45045045045045046,-6.878031878031882,False,False,main,exact
2026-10-05T12:51:33Z,2026-10-02T02:49:19Z,32671,player_receptions,Dontayvion Wicks,,3.5,Under,kalshi,127,62.2,T-24h+,27.91,0.5635,pinnacle,8,,127,3.5,2026-10-04T16:46:22.248582Z,True,True,0.44052863436123346,0.44052863436123346,0.0,False,False,main,exact
2026-10-05T12:51:33Z,2026-10-02T02:49:19Z,32671,player_receptions,Dontayvion Wicks,,3.5,Under,draftkings,121,62.2,T-24h+,24.53,0.5635,pinnacle,8,,120,3.5,2026-10-04T12:57:27.054029Z,True,True,0.45248868778280543,0.45454545454545453,0.20567667626490982,True,False,main,exact
2026-10-05T12:51:33Z,2026-10-02T02:49:19Z,32671,player_receptions,Dontayvion Wicks,,3.5,Under,fanduel,120,62.2,T-24h+,23.96,0.5635,pinnacle,8,,106,3.5,2026-10-04T16:40:19.726703Z,True,True,0.45454545454545453,0.4854368932038835,3.089143865842897,True,False,main,exact
2026-10-05T12:51:33Z,2026-10-02T02:49:19Z,32671,player_receptions,Johnny Mundt,,1.5,Over,kalshi,178,62.2,T-24h+,6.51,0.3831,pinnacle,8,,186,1.5,2026-10-04T16:08:43.371434Z,True,True,0.3597122302158273,0.34965034965034963,-1.0061880565477688,False,False,main,exact
2026-10-05T12:51:33Z,2026-10-02T02:49:19Z,32671,player_receptions,Makai Lemon,,2.5,Under,kalshi,194,62.2,T-24h+,21.65,0.4138,pinnacle,4,,233,2.5,2026-10-04T16:50:46.766589Z,False,True,0.3401360544217687,0.3003003003003003,-3.9835754121468394,False,False,main,exact
2026-10-05T12:51:33Z,2026-10-02T02:49:19Z,32671,player_receptions,Saquon Barkley,,1.5,Under,kalshi,144,62.2,T-24h+,5.65,0.433,pinnacle,4,,178,1.5,2026-10-04T08:52:37.901535Z,True,True,0.4098360655737705,0.3597122302158273,-5.012383535794318,False,False,main,exact
2026-10-05T12:51:33Z,2026-10-02T02:49:19Z,32669,player_receptions,Hunter Henry,,3.5,Over,kalshi,113,62.2,T-24h+,3.48,0.4858,pinnacle,11,,133,3.5,2026-10-04T12:03:58.118881Z,True,True,0.4694835680751174,0.4291845493562232,-4.029901871889418,False,False,main,exact
2026-10-05T12:51:33Z,2026-10-02T02:49:19Z,32669,player_receptions,Romeo Doubs,,3.5,Over,kalshi,133,62.2,T-24h+,4.6,0.4489,pinnacle,11,,138,3.5,2026-10-04T15:08:14.129601Z,True,True,0.4291845493562232,0.42016806722689076,-0.9016482129332426,False,False,main,exact
2026-10-05T12:51:33Z,2026-10-02T02:49:19Z,32672,player_pass_tds,Malik Willis,,0.5,Under,kalshi,-108,65.3,T-24h+,3.6,0.5379,pinnacle,9,,108,0.5,2026-10-04T12:53:18.293124Z,True,True,0.5192307692307693,0.4807692307692308,-3.8461538461538494,False,False,main,exact
2026-10-05T12:51:33Z,2026-10-02T02:49:19Z,32672,player_rush_yds,Jaylen Wright,,24.5,Over,hardrock,105,65.3,T-24h+,15.37,0.5628,kalshi,4,,105,24.5,2026-09-30T23:20:45.930072Z,True,True,0.4878048780487805,0.4878048780487805,0.0,False,False,milestone,exact
2026-10-05T12:51:33Z,2026-10-02T02:49:19Z,32672,player_rush_yds,Kyler Murray,,19.5,Under,kalshi,113,65.3,T-24h+,5.21,0.4939,pinnacle,4,,113,19.5,2026-10-04T20:04:57.306045Z,False,True,0.4694835680751174,0.4694835680751174,0.0,False,False,alternate,exact
2026-10-05T12:51:33Z,2026-10-02T02:49:19Z,32674,player_field_goals_made,Eddy Pineiro,,1.5,Under,draftkings,102,65.6,T-24h+,3.52,0.5125,pinnacle,3,,-109,1.5,2026-10-04T14:57:42.147922Z,True,True,0.49504950495049505,0.5215311004784688,2.64815955279738,True,False,main,exact
2026-10-05T12:51:33Z,2026-10-02T02:49:19Z,32675,player_pass_tds,Patrick Mahomes,,1.5,Under,kalshi,117,65.6,T-24h+,3.02,0.4747,pinnacle,11,,127,1.5,2026-10-04T16:10:05.212471Z,True,True,0.4608294930875576,0.44052863436123346,-2.0300858726324145,False,False,main,exact
2026-10-05T12:51:33Z,2026-10-02T02:49:19Z,32675,player_reception_yds,Jalen Nailor,,19.5,Under,kalshi,108,65.6,T-24h+,4.0,0.5,pinnacle,11,,-104,19.5,2026-10-04T20:20:03.176858Z,False,True,0.4807692307692308,0.5098039215686274,2.903469079939663,True,False,main,exact
2026-10-05T12:51:33Z,2026-10-02T02:49:19Z,32675,player_receptions,Emmett Johnson,,1.5,Over,kalshi,170,65.6,T-24h+,3.45,0.3831,pinnacle,10,,170,1.5,2026-10-04T16:13:38.765854Z,True,True,0.37037037037037035,0.37037037037037035,0.0,False,False,main,exact
2026-10-05T12:51:33Z,2026-10-02T02:49:19Z,32675,player_receptions,Tyquan Thornton,,1.5,Over,hardrock,120,65.6,T-24h+,3.81,0.4718,pinnacle,11,,120,1.5,2026-09-30T22:40:53.919640Z,True,True,0.45454545454545453,0.45454545454545453,0.0,False,False,milestone,exact
2026-10-05T12:51:33Z,2026-10-02T11:28:18Z,32670,player_pass_tds,Trevor Lawrence,,1.5,Under,kalshi,122,53.5,T-24h+,3.84,0.4677,pinnacle,11,,127,1.5,2026-10-04T16:50:03.337138Z,False,True,0.45045045045045046,0.44052863436123346,-0.9921816089216995,False,False,alternate,exact
2026-10-05T12:51:33Z,2026-10-02T11:28:18Z,32670,player_receptions,Dohnte Meyers,,2.5,Over,kalshi,170,53.5,T-24h+,3.45,0.3831,pinnacle,11,,178,2.5,2026-10-04T16:17:06.507370Z,True,True,0.37037037037037035,0.3597122302158273,-1.0658140154543028,False,False,main,exact
2026-10-05T12:51:33Z,2026-10-02T11:28:18Z,32670,player_receptions,Drew Sample,,1.5,Over,kalshi,138,53.5,T-24h+,3.05,0.433,pinnacle,11,,156,1.5,2026-10-04T16:18:20.685501Z,True,True,0.42016806722689076,0.390625,-2.9543067226890765,False,False,main,exact
2026-10-05T12:51:33Z,2026-10-02T11:28:18Z,32671,player_pass_tds,Jalen Hurts,,0.5,Under,kalshi,223,53.5,T-24h+,7.41,0.3325,pinnacle,10,,203,0.5,2026-10-04T16:16:05.183788Z,True,True,0.30959752321981426,0.33003300330033003,2.0435480080515767,True,False,alternate,exact
2026-10-05T12:51:33Z,2026-10-02T11:28:18Z,32671,player_reception_yds,Davante Adams,,49.5,Under,hardrock,225,53.5,T-24h+,11.45,0.3429,kalshi,4,,225,49.5,2026-09-30T20:50:39.697510Z,True,True,0.3076923076923077,0.3076923076923077,0.0,False,False,milestone,exact
2026-10-05T12:51:33Z,2026-10-02T11:28:18Z,32671,player_reception_yds,Davante Adams,,79.5,Under,hardrock,-145,53.5,T-24h+,7.66,0.6371,kalshi,4,,-145,79.5,2026-09-29T16:49:00.418655Z,True,True,0.5918367346938775,0.5918367346938775,0.0,False,False,milestone,exact
2026-10-05T12:51:33Z,2026-10-02T11:28:18Z,32671,player_reception_yds,Dontayvion Wicks,,39.5,Over,hardrock,-120,53.5,T-24h+,25.74,0.6858,kalshi,4,,-120,39.5,2026-09-30T10:01:38.648067Z,True,True,0.5454545454545454,0.5454545454545454,0.0,False,False,milestone,exact
2026-10-05T12:51:33Z,2026-10-02T11:28:18Z,32671,player_reception_yds,Dontayvion Wicks,,49.5,Over,hardrock,135,53.5,T-24h+,36.06,0.579,kalshi,4,,135,49.5,2026-09-29T16:49:00.418655Z,True,True,0.425531914893617,0.425531914893617,0.0,False,False,milestone,exact
2026-10-05T12:51:33Z,2026-10-02T11:28:18Z,32671,player_reception_yds,Makai Lemon,,39.5,Over,hardrock,195,53.5,T-24h+,24.21,0.421,kalshi,4,,195,39.5,2026-09-30T21:21:03.477702Z,True,True,0.3389830508474576,0.3389830508474576,0.0,False,False,milestone,exact
2026-10-05T12:51:33Z,2026-10-02T11:28:18Z,32671,player_reception_yds,Makai Lemon,,49.5,Over,hardrock,325,53.5,T-24h+,30.37,0.3067,kalshi,4,,325,49.5,2026-09-29T21:42:46.647473Z,True,True,0.23529411764705882,0.23529411764705882,0.0,False,False,milestone,exact
2026-10-05T12:51:33Z,2026-10-02T11:28:18Z,32671,player_receptions,Davante Adams,,3.5,Under,hardrock,260,53.5,T-24h+,10.9,0.3081,kalshi,4,,260,3.5,2026-09-30T07:01:47.513099Z,True,True,0.2777777777777778,0.2777777777777778,0.0,False,False,milestone,exact
2026-10-05T12:51:33Z,2026-10-02T11:28:18Z,32671,player_receptions,Davante Adams,,4.5,Under,hardrock,125,53.5,T-24h+,4.15,0.4629,pinnacle,11,,125,4.5,2026-09-30T07:01:47.513099Z,True,True,0.4444444444444444,0.4444444444444444,0.0,False,False,milestone,exact
2026-10-05T12:51:33Z,2026-10-02T11:28:18Z,32671,player_receptions,Davante Adams,,4.5,Over,kalshi,-108,53.5,T-24h+,3.45,0.5371,pinnacle,11,,122,4.5,2026-10-04T16:57:22.762314Z,False,True,0.5192307692307693,0.45045045045045046,-6.878031878031882,False,False,main,exact
2026-10-05T12:51:33Z,2026-10-02T11:28:18Z,32671,player_receptions,Dontayvion Wicks,,3.5,Under,kalshi,133,53.5,T-24h+,31.29,0.5635,pinnacle,9,,127,3.5,2026-10-04T16:46:22.248582Z,True,True,0.4291845493562232,0.44052863436123346,1.1344085005010274,True,False,main,exact
2026-10-05T12:51:33Z,2026-10-02T11:28:18Z,32671,player_receptions,Dontayvion Wicks,,3.5,Under,fanduel,120,53.5,T-24h+,23.96,0.5635,pinnacle,9,,106,3.5,2026-10-04T16:40:19.726703Z,True,True,0.45454545454545453,0.4854368932038835,3.089143865842897,True,False,main,exact
2026-10-05T12:51:33Z,2026-10-02T11:28:18Z,32671,player_receptions,Dontayvion Wicks,,3.5,Under,draftkings,108,53.5,T-24h+,17.2,0.5635,pinnacle,9,,120,3.5,2026-10-04T12:57:27.054029Z,True,True,0.4807692307692308,0.45454545454545453,-2.622377622377625,False,False,main,exact
2026-10-05T12:51:33Z,2026-10-02T11:28:18Z,32671,player_receptions,Dontayvion Wicks,,4.5,Over,hardrock,275,53.5,T-24h+,52.19,0.4058,kalshi,5,,275,4.5,2026-09-29T20:14:49.686540Z,True,True,0.26666666666666666,0.26666666666666666,0.0,False,False,milestone,exact
2026-10-05T12:51:33Z,2026-10-02T11:28:18Z,32671,player_receptions,Johnny Mundt,,1.5,Over,kalshi,178,53.5,T-24h+,6.51,0.3831,pinnacle,10,,186,1.5,2026-10-04T16:08:43.371434Z,True,True,0.3597122302158273,0.34965034965034963,-1.0061880565477688,False,False,main,exact
2026-10-05T12:51:33Z,2026-10-02T11:28:18Z,32671,player_receptions,Makai Lemon,,2.5,Under,kalshi,194,53.5,T-24h+,21.65,0.4138,pinnacle,5,,233,2.5,2026-10-04T16:50:46.766589Z,False,True,0.3401360544217687,0.3003003003003003,-3.9835754121468394,False,False,main,exact
2026-10-05T12:51:33Z,2026-10-02T11:28:18Z,32671,player_receptions,Makai Lemon,,3.5,Over,hardrock,145,53.5,T-24h+,12.88,0.4607,kalshi,9,,145,3.5,2026-09-30T21:10:41.389450Z,True,True,0.40816326530612246,0.40816326530612246,0.0,False,False,milestone,exact
2026-10-05T12:51:33Z,2026-10-02T11:28:18Z,32671,player_receptions,Saquon Barkley,,1.5,Under,kalshi,144,53.5,T-24h+,5.65,0.433,pinnacle,4,,178,1.5,2026-10-04T08:52:37.901535Z,True,True,0.4098360655737705,0.3597122302158273,-5.012383535794318,False,False,main,exact
2026-10-05T12:51:33Z,2026-10-02T11:28:18Z,32669,player_receptions,Hunter Henry,,3.5,Over,kalshi,113,53.5,T-24h+,3.48,0.4858,pinnacle,11,,133,3.5,2026-10-04T12:03:58.118881Z,True,True,0.4694835680751174,0.4291845493562232,-4.029901871889418,False,False,main,exact
2026-10-05T12:51:33Z,2026-10-02T11:28:18Z,32669,player_receptions,Romeo Doubs,,3.5,Over,kalshi,133,53.5,T-24h+,4.6,0.4489,pinnacle,11,,138,3.5,2026-10-04T15:08:14.129601Z,True,True,0.4291845493562232,0.42016806722689076,-0.9016482129332426,False,False,main,exact
2026-10-05T12:51:33Z,2026-10-02T11:28:18Z,32672,player_rush_attempts,Kyler Murray,,5.5,Under,hardrock,-130,56.6,T-24h+,3.14,0.583,pinnacle,3,,-110,4.5,2026-10-04T16:55:38.099810Z,True,False,0.5652173913043478,0.5238095238095238,-4.140786749482395,,True,main,loose
2026-10-05T12:51:33Z,2026-10-02T11:28:18Z,32672,player_rush_attempts,Malik Willis,,5.5,Under,draftkings,119,56.6,T-24h+,3.33,0.4718,pinnacle,3,,-125,6.5,2026-10-04T20:04:17.242503Z,False,False,0.45662100456621,0.5555555555555556,9.893455098934556,,False,main,loose
2026-10-05T12:51:33Z,2026-10-02T11:28:18Z,32672,player_rush_yds,Jaylen Wright,,24.5,Over,hardrock,105,56.6,T-24h+,15.37,0.5628,kalshi,4,,105,24.5,2026-09-30T23:20:45.930072Z,True,True,0.4878048780487805,0.4878048780487805,0.0,False,False,milestone,exact
2026-10-05T12:51:33Z,2026-10-02T11:28:18Z,32672,player_rush_yds,Kyler Murray,,19.5,Under,kalshi,113,56.6,T-24h+,3.91,0.4878,pinnacle,4,,113,19.5,2026-10-04T20:04:57.306045Z,False,True,0.4694835680751174,0.4694835680751174,0.0,False,False,alternate,exact
2026-10-05T12:51:33Z,2026-10-02T11:28:18Z,32675,player_pass_tds,Patrick Mahomes,,1.5,Under,kalshi,117,56.9,T-24h+,3.02,0.4747,pinnacle,11,,127,1.5,2026-10-04T16:10:05.212471Z,True,True,0.4608294930875576,0.44052863436123346,-2.0300858726324145,False,False,main,exact
2026-10-05T12:51:33Z,2026-10-02T11:28:18Z,32675,player_reception_yds,Jalen Nailor,,19.5,Under,kalshi,108,56.9,T-24h+,4.0,0.5,pinnacle,11,,-104,19.5,2026-10-04T20:20:03.176858Z,False,True,0.4807692307692308,0.5098039215686274,2.903469079939663,True,False,main,exact
2026-10-05T12:51:33Z,2026-10-02T11:28:18Z,32675,player_reception_yds,Michael Mayer,,24.5,Over,hardrock,130,56.9,T-24h+,3.88,0.4517,kalshi,4,,130,24.5,2026-09-30T21:30:40.748277Z,True,True,0.43478260869565216,0.43478260869565216,0.0,False,False,milestone,exact
2026-10-05T12:51:33Z,2026-10-02T11:28:18Z,32676,player_pass_completions,Jared Goff,,23.5,Under,underdog,-104,60.9,T-24h+,4.4,0.5323,pinnacle,9,,104,22.5,2026-10-05T00:14:31.656108Z,False,False,0.5098039215686274,0.49019607843137253,-1.9607843137254888,,True,main,loose
2026-10-05T12:51:33Z,2026-10-02T11:28:18Z,32676,player_pass_tds,Jared Goff,,1.5,Under,kalshi,156,60.9,T-24h+,4.04,0.4064,pinnacle,11,,163,1.5,2026-10-05T00:03:53.185789Z,True,True,0.390625,0.38022813688212925,-1.0396863117870747,False,False,main,exact
2026-10-05T12:51:33Z,2026-10-02T11:28:18Z,32676,player_receptions,Tetairoa McMillan,,3.5,Under,hardrock,240,60.9,T-24h+,11.19,0.327,kalshi,4,,240,3.5,2026-09-30T13:41:29.775133Z,True,True,0.29411764705882354,0.29411764705882354,0.0,False,False,milestone,exact
2026-10-05T12:51:33Z,2026-10-02T16:55:29Z,32670,player_pass_tds,Joe Burrow,,1.5,Under,kalshi,163,48.1,T-24h+,3.23,0.3925,pinnacle,11,,170,1.5,2026-10-04T00:22:29.838509Z,True,True,0.38022813688212925,0.37037037037037035,-0.9857766511758903,False,False,alternate,exact
2026-10-05T12:51:33Z,2026-10-02T16:55:29Z,32670,player_pass_tds,Trevor Lawrence,,1.5,Under,kalshi,122,48.1,T-24h+,3.84,0.4677,pinnacle,11,,127,1.5,2026-10-04T16:50:03.337138Z,False,True,0.45045045045045046,0.44052863436123346,-0.9921816089216995,False,False,alternate,exact
2026-10-05T12:51:33Z,2026-10-02T16:55:29Z,32670,player_receptions,Dohnte Meyers,,2.5,Over,kalshi,170,48.1,T-24h+,3.45,0.3831,pinnacle,11,,178,2.5,2026-10-04T16:17:06.507370Z,True,True,0.37037037037037035,0.3597122302158273,-1.0658140154543028,False,False,main,exact
2026-10-05T12:51:33Z,2026-10-02T16:55:29Z,32670,player_receptions,Drew Sample,,1.5,Over,kalshi,138,48.1,T-24h+,3.05,0.433,pinnacle,11,,156,1.5,2026-10-04T16:18:20.685501Z,True,True,0.42016806722689076,0.390625,-2.9543067226890765,False,False,main,exact
2026-10-05T12:51:33Z,2026-10-02T16:55:29Z,32671,player_pass_tds,Matthew Stafford,,1.5,Under,kalshi,104,48.1,T-24h+,4.06,0.5101,pinnacle,12,,108,1.5,2026-10-04T09:54:28.507288Z,True,True,0.49019607843137253,0.4807692307692308,-0.9426847662141746,False,False,main,exact
2026-10-05T12:51:33Z,2026-10-02T16:55:29Z,32671,player_pass_yds,Matthew Stafford,,249.5,Under,kalshi,108,48.1,T-24h+,4.42,0.502,pinnacle,7,,-104,249.5,2026-10-03T03:59:41.518896Z,True,True,0.4807692307692308,0.5098039215686274,2.903469079939663,True,False,alternate,exact
2026-10-05T12:51:33Z,2026-10-02T16:55:29Z,32671,player_reception_yds,Davante Adams,,49.5,Under,hardrock,225,48.1,T-24h+,20.85,0.3719,kalshi,4,,225,49.5,2026-09-30T20:50:39.697510Z,True,True,0.3076923076923077,0.3076923076923077,0.0,False,False,milestone,exact
2026-10-05T12:51:33Z,2026-10-02T16:55:29Z,32671,player_reception_yds,Davante Adams,,79.5,Under,hardrock,-145,48.1,T-24h+,10.54,0.6542,kalshi,4,,-145,79.5,2026-09-29T16:49:00.418655Z,True,True,0.5918367346938775,0.5918367346938775,0.0,False,False,milestone,exact
2026-10-05T12:51:33Z,2026-10-02T16:55:29Z,32671,player_reception_yds,Dontayvion Wicks,,39.5,Over,hardrock,-120,48.1,T-24h+,18.65,0.6472,kalshi,4,,-120,39.5,2026-09-30T10:01:38.648067Z,True,True,0.5454545454545454,0.5454545454545454,0.0,False,False,milestone,exact
2026-10-05T12:51:33Z,2026-10-02T16:55:29Z,32671,player_reception_yds,Dontayvion Wicks,,49.5,Over,hardrock,135,48.1,T-24h+,28.86,0.5483,kalshi,4,,135,49.5,2026-09-29T16:49:00.418655Z,True,True,0.425531914893617,0.425531914893617,0.0,False,False,milestone,exact
2026-10-05T12:51:33Z,2026-10-02T16:55:29Z,32671,player_reception_yds,Makai Lemon,,39.5,Over,hardrock,195,48.1,T-24h+,31.58,0.446,kalshi,4,,195,39.5,2026-09-30T21:21:03.477702Z,True,True,0.3389830508474576,0.3389830508474576,0.0,False,False,milestone,exact
2026-10-05T12:51:33Z,2026-10-02T16:55:29Z,32671,player_reception_yds,Makai Lemon,,49.5,Over,hardrock,325,48.1,T-24h+,34.75,0.3171,kalshi,4,,325,49.5,2026-09-29T21:42:46.647473Z,True,True,0.23529411764705882,0.23529411764705882,0.0,False,False,milestone,exact
2026-10-05T12:51:33Z,2026-10-02T16:55:29Z,32671,player_receptions,Davante Adams,,3.5,Under,hardrock,260,48.1,T-24h+,15.52,0.3209,kalshi,4,,260,3.5,2026-09-30T07:01:47.513099Z,True,True,0.2777777777777778,0.2777777777777778,0.0,False,False,milestone,exact
2026-10-05T12:51:33Z,2026-10-02T16:55:29Z,32671,player_receptions,Davante Adams,,4.5,Over,kalshi,-104,48.1,T-24h+,5.36,0.5371,pinnacle,11,,122,4.5,2026-10-04T16:57:22.762314Z,False,True,0.5098039215686274,0.45045045045045046,-5.935347111817696,False,False,main,exact
2026-10-05T12:51:33Z,2026-10-02T16:55:29Z,32671,player_receptions,Davante Adams,,4.5,Under,hardrock,125,48.1,T-24h+,4.15,0.4629,pinnacle,11,,125,4.5,2026-09-30T07:01:47.513099Z,True,True,0.4444444444444444,0.4444444444444444,0.0,False,False,milestone,exact
2026-10-05T12:51:33Z,2026-10-02T16:55:29Z,32671,player_receptions,Dontayvion Wicks,,3.5,Under,kalshi,127,48.1,T-24h+,15.8,0.5101,pinnacle,10,,127,3.5,2026-10-04T16:46:22.248582Z,True,True,0.44052863436123346,0.44052863436123346,0.0,False,False,main,exact
2026-10-05T12:51:33Z,2026-10-02T16:55:29Z,32671,player_receptions,Dontayvion Wicks,,3.5,Over,hardrock,135,48.1,T-24h+,15.12,0.4899,pinnacle,10,,-155,3.5,2026-10-04T09:05:39.494366Z,True,True,0.425531914893617,0.6078431372549019,18.23112223612849,True,False,main,exact
2026-10-05T12:51:33Z,2026-10-02T16:55:29Z,32671,player_receptions,Dontayvion Wicks,,3.5,Under,fanduel,120,48.1,T-24h+,12.23,0.5101,pinnacle,10,,106,3.5,2026-10-04T16:40:19.726703Z,True,True,0.45454545454545453,0.4854368932038835,3.089143865842897,True,False,main,exact
2026-10-05T12:51:33Z,2026-10-02T16:55:29Z,32671,player_receptions,Dontayvion Wicks,,3.5,Under,draftkings,113,48.1,T-24h+,8.66,0.5101,pinnacle,10,,120,3.5,2026-10-04T12:57:27.054029Z,True,True,0.4694835680751174,0.45454545454545453,-1.4938113529662844,False,False,main,exact
2026-10-05T12:51:33Z,2026-10-02T16:55:29Z,32671,player_receptions,Dontayvion Wicks,,4.5,Over,hardrock,275,48.1,T-24h+,42.09,0.3789,kalshi,5,,275,4.5,2026-09-29T20:14:49.686540Z,True,True,0.26666666666666666,0.26666666666666666,0.0,False,False,milestone,exact
2026-10-05T12:51:33Z,2026-10-02T16:55:29Z,32671,player_receptions,Johnny Mundt,,1.5,Over,kalshi,178,48.1,T-24h+,6.51,0.3831,pinnacle,11,,186,1.5,2026-10-04T16:08:43.371434Z,True,True,0.3597122302158273,0.34965034965034963,-1.0061880565477688,False,False,main,exact
2026-10-05T12:51:33Z,2026-10-02T16:55:29Z,32671,player_receptions,Johnny Mundt,,1.5,Over,draftkings,175,48.1,T-24h+,5.36,0.3831,pinnacle,11,,156,1.5,2026-10-04T15:46:54.223556Z,True,True,0.36363636363636365,0.390625,2.6988636363636354,True,False,main,exact
2026-10-05T12:51:33Z,2026-10-02T16:55:29Z,32671,player_receptions,Makai Lemon,,2.5,Over,hardrock,-165,48.1,T-24h+,8.15,0.6734,kalshi,4,,-165,2.5,2026-09-30T21:10:41.389450Z,True,True,0.6226415094339622,0.6226415094339622,0.0,False,False,milestone,exact
2026-10-05T12:51:33Z,2026-10-02T16:55:29Z,32671,player_receptions,Makai Lemon,,3.5,Over,hardrock,145,48.1,T-24h+,21.51,0.496,pinnacle,12,,145,3.5,2026-09-30T21:10:41.389450Z,True,True,0.40816326530612246,0.40816326530612246,0.0,False,False,milestone,exact
2026-10-05T12:51:33Z,2026-10-02T16:55:29Z,32671,player_receptions,Makai Lemon,,4.5,Over,hardrock,300,48.1,T-24h+,22.7,0.3067,kalshi,4,,300,4.5,2026-09-30T13:51:44.859075Z,True,True,0.25,0.25,0.0,False,False,milestone,exact
2026-10-05T12:51:33Z,2026-10-02T16:55:29Z,32671,player_receptions,Saquon Barkley,,2.5,Over,kalshi,150,48.1,T-24h+,4.26,0.417,pinnacle,11,,133,2.5,2026-10-03T06:55:59.477025Z,True,True,0.4,0.4291845493562232,2.9184549356223166,True,False,main,exact
2026-10-05T12:51:33Z,2026-10-02T16:55:29Z,32669,player_receptions,Romeo Doubs,,3.5,Over,kalshi,133,48.1,T-24h+,4.6,0.4489,pinnacle,11,,138,3.5,2026-10-04T15:08:14.129601Z,True,True,0.4291845493562232,0.42016806722689076,-0.9016482129332426,False,False,main,exact
2026-10-05T12:51:33Z,2026-10-02T16:55:29Z,32669,player_receptions,Ty Johnson,,1.5,Over,kalshi,-108,48.1,T-24h+,4.36,0.5419,pinnacle,11,,-108,1.5,2026-10-04T16:55:26.974981Z,False,True,0.5192307692307693,0.5192307692307693,0.0,False,False,main,exact
2026-10-05T12:51:33Z,2026-10-02T16:55:29Z,32672,player_pass_completions,Kyler Murray,,19.5,Over,draftkings,102,51.2,T-24h+,4.28,0.5162,pinnacle,9,,-101,19.5,2026-10-04T12:58:19.858318Z,True,True,0.49504950495049505,0.5024875621890548,0.7438057238559725,True,False,main,exact
2026-10-05T12:51:33Z,2026-10-02T16:55:29Z,32672,player_receptions,Malik Washington,,3.5,Over,hardrock,-135,51.2,T-24h+,4.22,0.5987,pinnacle,7,,-135,3.5,2026-09-30T23:30:35.868746Z,True,True,0.574468085106383,0.574468085106383,0.0,False,False,milestone,exact
2026-10-05T12:51:33Z,2026-10-02T16:55:29Z,32672,player_receptions,Malik Washington,,4.5,Over,hardrock,150,51.2,T-24h+,8.9,0.4356,kalshi,7,,150,4.5,2026-09-30T23:30:35.868746Z,True,True,0.4,0.4,0.0,False,False,milestone,exact
2026-10-05T12:51:33Z,2026-10-02T16:55:29Z,32674,player_reception_yds,Christian McCaffrey,,39.5,Under,kalshi,108,51.5,T-24h+,3.16,0.496,pinnacle,7,,108,39.5,2026-10-04T20:24:47.541411Z,False,True,0.4807692307692308,0.4807692307692308,0.0,False,False,main,exact
2026-10-05T12:51:33Z,2026-10-02T16:55:29Z,32674,player_receptions,Evan Engram,,1.5,Under,hardrock,210,51.5,T-24h+,4.22,0.3362,kalshi,4,,210,1.5,2026-09-30T10:01:27.592992Z,True,True,0.3225806451612903,0.3225806451612903,0.0,False,False,milestone,exact
2026-10-05T12:51:33Z,2026-10-02T16:55:29Z,32674,player_receptions,Kyle Juszczyk,,1.5,Over,kalshi,178,51.5,T-24h+,4.77,0.3769,pinnacle,9,,186,1.5,2026-10-04T20:24:47.541411Z,False,True,0.3597122302158273,0.34965034965034963,-1.0061880565477688,False,False,main,exact
2026-10-05T12:51:33Z,2026-10-02T16:55:29Z,32673,player_reception_yds,Quentin Johnston,,24.5,Under,hardrock,165,51.5,T-24h+,3.09,0.389,kalshi,4,,165,24.5,2026-09-30T13:41:30.902616Z,True,True,0.37735849056603776,0.37735849056603776,0.0,False,False,milestone,exact
2026-10-05T12:51:33Z,2026-10-02T16:55:29Z,32673,player_receptions,Tory Horton,,1.5,Over,kalshi,178,51.5,T-24h+,7.28,0.3859,pinnacle,9,,257,1.5,2026-10-04T19:27:25.867959Z,True,True,0.3597122302158273,0.2801120448179272,-7.960018539790015,False,False,main,exact
2026-10-05T12:51:33Z,2026-10-02T16:55:29Z,32675,player_pass_tds,Patrick Mahomes,,1.5,Under,kalshi,122,51.5,T-24h+,5.39,0.4747,pinnacle,11,,127,1.5,2026-10-04T16:10:05.212471Z,True,True,0.45045045045045046,0.44052863436123346,-0.9921816089216995,False,False,main,exact
2026-10-05T12:51:33Z,2026-10-02T16:55:29Z,32675,player_reception_yds,Brock Bowers,,79.5,Under,hardrock,-130,51.5,T-24h+,4.06,0.5881,kalshi,4,,-130,79.5,2026-09-30T23:30:40.448253Z,True,True,0.5652173913043478,0.5652173913043478,0.0,False,False,milestone,exact
2026-10-05T12:51:33Z,2026-10-02T16:55:29Z,32675,player_reception_yds,Jalen Nailor,,19.5,Under,kalshi,108,51.5,T-24h+,4.0,0.5,pinnacle,11,,-104,19.5,2026-10-04T20:20:03.176858Z,False,True,0.4807692307692308,0.5098039215686274,2.903469079939663,True,False,main,exact
2026-10-05T12:51:33Z,2026-10-02T16:55:29Z,32675,player_reception_yds,Michael Mayer,,24.5,Over,hardrock,130,51.5,T-24h+,4.9,0.4561,kalshi,4,,130,24.5,2026-09-30T21:30:40.748277Z,True,True,0.43478260869565216,0.43478260869565216,0.0,False,False,milestone,exact
2026-10-05T12:51:33Z,2026-10-02T16:55:29Z,32675,player_receptions,Emmett Johnson,,1.5,Over,kalshi,170,51.5,T-24h+,3.45,0.3831,pinnacle,10,,170,1.5,2026-10-04T16:13:38.765854Z,True,True,0.37037037037037035,0.37037037037037035,0.0,False,False,main,exact
2026-10-05T12:51:33Z,2026-10-02T16:55:29Z,32675,player_receptions,Tyquan Thornton,,1.5,Over,hardrock,120,51.5,T-24h+,3.81,0.4718,pinnacle,11,,120,1.5,2026-09-30T22:40:53.919640Z,True,True,0.45454545454545453,0.45454545454545453,0.0,False,False,milestone,exact
2026-10-05T12:51:33Z,2026-10-02T16:55:29Z,32676,player_reception_yds,Tetairoa McMillan,,39.5,Under,hardrock,325,55.4,T-24h+,30.2,0.3064,kalshi,4,,325,39.5,2026-09-30T10:01:36.314181Z,True,True,0.23529411764705882,0.23529411764705882,0.0,False,False,milestone,exact
2026-10-05T12:51:33Z,2026-10-02T16:55:29Z,32676,player_receptions,Jahmyr Gibbs,,4.5,Over,kalshi,-104,55.4,T-24h+,3.6,0.5282,pinnacle,10,,-104,4.5,2026-10-03T13:58:31.678481Z,True,True,0.5098039215686274,0.5098039215686274,0.0,False,False,main,exact
2026-10-05T12:51:33Z,2026-10-02T16:55:29Z,32676,player_receptions,Tetairoa McMillan,,3.5,Under,hardrock,240,55.4,T-24h+,12.26,0.3302,kalshi,4,,240,3.5,2026-09-30T13:41:29.775133Z,True,True,0.29411764705882354,0.29411764705882354,0.0,False,False,milestone,exact
2026-10-05T12:51:33Z,2026-10-02T21:30:10Z,32670,player_pass_tds,Joe Burrow,,1.5,Under,kalshi,163,43.5,T-24h+,3.29,0.3927,pinnacle,11,,170,1.5,2026-10-04T00:22:29.838509Z,True,True,0.38022813688212925,0.37037037037037035,-0.9857766511758903,False,False,alternate,exact
2026-10-05T12:51:33Z,2026-10-02T21:30:10Z,32670,player_pass_tds,Trevor Lawrence,,1.5,Under,kalshi,122,43.5,T-24h+,3.84,0.4677,pinnacle,11,,127,1.5,2026-10-04T16:50:03.337138Z,False,True,0.45045045045045046,0.44052863436123346,-0.9921816089216995,False,False,alternate,exact
2026-10-05T12:51:33Z,2026-10-02T21:30:10Z,32670,player_reception_yds,Ja'Marr Chase,,79.5,Over,hardrock,-115,43.5,T-24h+,3.57,0.554,kalshi,4,,-115,79.5,2026-09-30T07:51:20.521649Z,True,True,0.5348837209302325,0.5348837209302325,0.0,False,False,milestone,exact
2026-10-05T12:51:33Z,2026-10-02T21:30:10Z,32670,player_receptions,Dohnte Meyers,,1.5,Under,hardrock,160,43.5,T-24h+,5.52,0.4058,kalshi,4,,120,1.5,2026-10-04T11:41:25.373192Z,True,True,0.38461538461538464,0.45454545454545453,6.99300699300699,True,False,main,exact
2026-10-05T12:51:33Z,2026-10-02T21:30:10Z,32670,player_receptions,Dohnte Meyers,,2.5,Over,kalshi,178,43.5,T-24h+,6.54,0.3832,pinnacle,11,,178,2.5,2026-10-04T16:17:06.507370Z,True,True,0.3597122302158273,0.3597122302158273,0.0,False,False,main,exact
2026-10-05T12:51:33Z,2026-10-02T21:30:10Z,32670,player_receptions,Drew Sample,,1.5,Over,kalshi,138,43.5,T-24h+,3.01,0.4328,pinnacle,11,,156,1.5,2026-10-04T16:18:20.685501Z,True,True,0.42016806722689076,0.390625,-2.9543067226890765,False,False,main,exact
2026-10-05T12:51:33Z,2026-10-02T21:30:10Z,32670,player_receptions,Jakobi Meyers,,2.5,Under,hardrock,260,43.5,T-24h+,15.49,0.3208,kalshi,4,,260,2.5,2026-09-29T04:08:15.639981Z,True,True,0.2777777777777778,0.2777777777777778,0.0,False,False,milestone,exact
2026-10-05T12:51:33Z,2026-10-02T21:30:10Z,32670,player_rush_longest,Trevor Lawrence,,8.5,Over,underdog,-104,43.5,T-24h+,4.08,0.5306,bovada,4,,103,9.5,2026-10-04T15:50:26.360926Z,True,False,0.5098039215686274,0.49261083743842365,-1.7193084130203762,,True,main,loose
2026-10-05T12:51:33Z,2026-10-02T21:30:10Z,32670,player_rush_yds,Chase Brown,,49.5,Under,hardrock,190,43.5,T-24h+,3.28,0.3561,kalshi,4,,190,49.5,2026-09-30T23:30:42.850509Z,True,True,0.3448275862068966,0.3448275862068966,0.0,False,False,milestone,exact
2026-10-05T12:51:33Z,2026-10-02T21:30:10Z,32671,player_pass_tds,Matthew Stafford,,1.5,Under,kalshi,104,43.5,T-24h+,4.15,0.5105,pinnacle,12,,108,1.5,2026-10-04T09:54:28.507288Z,True,True,0.49019607843137253,0.4807692307692308,-0.9426847662141746,False,False,main,exact
2026-10-05T12:51:33Z,2026-10-02T21:30:10Z,32671,player_reception_yds,Davante Adams,,49.5,Under,hardrock,225,43.5,T-24h+,18.81,0.3656,kalshi,4,,225,49.5,2026-09-30T20:50:39.697510Z,True,True,0.3076923076923077,0.3076923076923077,0.0,False,False,milestone,exact
2026-10-05T12:51:33Z,2026-10-02T21:30:10Z,32671,player_reception_yds,Dontayvion Wicks,,39.5,Over,hardrock,-120,43.5,T-24h+,18.65,0.6472,kalshi,4,,-120,39.5,2026-09-30T10:01:38.648067Z,True,True,0.5454545454545454,0.5454545454545454,0.0,False,False,milestone,exact
2026-10-05T12:51:33Z,2026-10-02T21:30:10Z,32671,player_reception_yds,Makai Lemon,,39.5,Over,hardrock,195,43.5,T-24h+,34.6,0.4563,kalshi,4,,195,39.5,2026-09-30T21:21:03.477702Z,True,True,0.3389830508474576,0.3389830508474576,0.0,False,False,milestone,exact
2026-10-05T12:51:33Z,2026-10-02T21:30:10Z,32671,player_reception_yds,Makai Lemon,,49.5,Over,hardrock,325,43.5,T-24h+,45.74,0.3429,kalshi,4,,325,49.5,2026-09-29T21:42:46.647473Z,True,True,0.23529411764705882,0.23529411764705882,0.0,False,False,milestone,exact
2026-10-05T12:51:33Z,2026-10-02T21:30:10Z,32671,player_receptions,Davante Adams,,3.5,Under,hardrock,260,43.5,T-24h+,16.59,0.3239,kalshi,4,,260,3.5,2026-09-30T07:01:47.513099Z,True,True,0.2777777777777778,0.2777777777777778,0.0,False,False,milestone,exact
2026-10-05T12:51:33Z,2026-10-02T21:30:10Z,32671,player_receptions,Davante Adams,,4.5,Over,kalshi,-104,43.5,T-24h+,5.05,0.5355,pinnacle,11,,122,4.5,2026-10-04T16:57:22.762314Z,False,True,0.5098039215686274,0.45045045045045046,-5.935347111817696,False,False,main,exact
2026-10-05T12:51:33Z,2026-10-02T21:30:10Z,32671,player_receptions,Davante Adams,,4.5,Under,hardrock,125,43.5,T-24h+,4.5,0.4645,pinnacle,11,,125,4.5,2026-09-30T07:01:47.513099Z,True,True,0.4444444444444444,0.4444444444444444,0.0,False,False,milestone,exact
2026-10-05T12:51:33Z,2026-10-02T21:30:10Z,32671,player_receptions,Dontayvion Wicks,,3.5,Over,hardrock,135,43.5,T-24h+,26.05,0.5364,pinnacle,11,,-155,3.5,2026-10-04T09:05:39.494366Z,True,True,0.425531914893617,0.6078431372549019,18.23112223612849,True,False,main,exact
2026-10-05T12:51:33Z,2026-10-02T21:30:10Z,32671,player_receptions,Dontayvion Wicks,,3.5,Under,kalshi,127,43.5,T-24h+,5.24,0.4636,pinnacle,11,,127,3.5,2026-10-04T16:46:22.248582Z,True,True,0.44052863436123346,0.44052863436123346,0.0,False,False,main,exact
2026-10-05T12:51:33Z,2026-10-02T21:30:10Z,32671,player_receptions,Johnny Mundt,,1.5,Over,kalshi,178,43.5,T-24h+,5.65,0.38,pinnacle,11,,186,1.5,2026-10-04T16:08:43.371434Z,True,True,0.3597122302158273,0.34965034965034963,-1.0061880565477688,False,False,main,exact
2026-10-05T12:51:33Z,2026-10-02T21:30:10Z,32671,player_receptions,Kyren Williams,,2.5,Over,draftkings,141,43.5,T-24h+,3.3,0.4286,pinnacle,11,,122,2.5,2026-10-04T16:05:20.214769Z,True,True,0.4149377593360996,0.45045045045045046,3.5512691114350847,True,False,main,exact
2026-10-05T12:51:33Z,2026-10-02T21:30:10Z,32671,player_receptions,Makai Lemon,,2.5,Over,hardrock,-165,43.5,T-24h+,8.15,0.6734,kalshi,4,,-165,2.5,2026-09-30T21:10:41.389450Z,True,True,0.6226415094339622,0.6226415094339622,0.0,False,False,milestone,exact
2026-10-05T12:51:33Z,2026-10-02T21:30:10Z,32671,player_receptions,Makai Lemon,,3.5,Over,hardrock,145,43.5,T-24h+,21.47,0.4958,pinnacle,12,,145,3.5,2026-09-30T21:10:41.389450Z,True,True,0.40816326530612246,0.40816326530612246,0.0,False,False,milestone,exact
2026-10-05T12:51:33Z,2026-10-02T21:30:10Z,32671,player_receptions,Makai Lemon,,4.5,Over,hardrock,300,43.5,T-24h+,22.7,0.3067,kalshi,4,,300,4.5,2026-09-30T13:51:44.859075Z,True,True,0.25,0.25,0.0,False,False,milestone,exact
2026-10-05T12:51:33Z,2026-10-02T21:30:10Z,32669,player_receptions,Romeo Doubs,,3.5,Over,kalshi,133,43.5,T-24h+,4.62,0.449,pinnacle,11,,138,3.5,2026-10-04T15:08:14.129601Z,True,True,0.4291845493562232,0.42016806722689076,-0.9016482129332426,False,False,main,exact
2026-10-05T12:51:33Z,2026-10-02T21:30:10Z,32669,player_receptions,Ty Johnson,,1.5,Over,kalshi,-108,43.5,T-24h+,4.47,0.5424,pinnacle,11,,-108,1.5,2026-10-04T16:55:26.974981Z,False,True,0.5192307692307693,0.5192307692307693,0.0,False,False,main,exact
2026-10-05T12:51:33Z,2026-10-02T21:30:10Z,32672,player_pass_tds,Malik Willis,,0.5,Under,kalshi,-104,46.6,T-24h+,4.24,0.5314,pinnacle,10,,108,0.5,2026-10-04T12:53:18.293124Z,True,True,0.5098039215686274,0.4807692307692308,-2.903469079939663,False,False,main,exact
2026-10-05T12:51:33Z,2026-10-02T21:30:10Z,32672,player_receptions,Malik Washington,,3.5,Over,hardrock,-135,46.6,T-24h+,6.55,0.6121,pinnacle,6,,-135,3.5,2026-09-30T23:30:35.868746Z,True,True,0.574468085106383,0.574468085106383,0.0,False,False,milestone,exact
2026-10-05T12:51:33Z,2026-10-02T21:30:10Z,32672,player_receptions,Malik Washington,,4.5,Over,hardrock,150,46.6,T-24h+,12.92,0.4517,kalshi,9,,150,4.5,2026-09-30T23:30:35.868746Z,True,True,0.4,0.4,0.0,False,False,milestone,exact
2026-10-05T12:51:33Z,2026-10-02T21:30:10Z,32672,player_rush_attempts,Kyler Murray,,5.5,Under,hardrock,-130,46.6,T-24h+,3.11,0.5828,pinnacle,3,,-110,4.5,2026-10-04T16:55:38.099810Z,True,False,0.5652173913043478,0.5238095238095238,-4.140786749482395,,True,main,loose
2026-10-05T12:51:33Z,2026-10-02T21:30:10Z,32672,player_rush_yds,Jaylen Wright,,24.5,Over,hardrock,105,46.6,T-24h+,17.09,0.5712,kalshi,4,,105,24.5,2026-09-30T23:20:45.930072Z,True,True,0.4878048780487805,0.4878048780487805,0.0,False,False,milestone,exact
2026-10-05T12:51:33Z,2026-10-02T21:30:10Z,32674,player_reception_yds,Christian McCaffrey,,39.5,Under,kalshi,113,46.9,T-24h+,5.39,0.4948,pinnacle,6,,108,39.5,2026-10-04T20:24:47.541411Z,False,True,0.4694835680751174,0.4807692307692308,1.1285662694113408,True,False,main,exact
2026-10-05T12:51:33Z,2026-10-02T21:30:10Z,32674,player_reception_yds,Christian McCaffrey,,49.5,Over,hardrock,165,46.9,T-24h+,7.55,0.4058,kalshi,4,,165,49.5,2026-09-30T19:01:39.049352Z,True,True,0.37735849056603776,0.37735849056603776,0.0,False,False,milestone,exact
2026-10-05T12:51:33Z,2026-10-02T21:30:10Z,32674,player_receptions,Kyle Juszczyk,,1.5,Over,kalshi,178,46.9,T-24h+,4.77,0.3769,pinnacle,9,,186,1.5,2026-10-04T20:24:47.541411Z,False,True,0.3597122302158273,0.34965034965034963,-1.0061880565477688,False,False,main,exact
2026-10-05T12:51:33Z,2026-10-02T21:30:10Z,32673,player_receptions,Tory Horton,,1.5,Over,kalshi,178,46.9,T-24h+,3.66,0.3729,pinnacle,10,,257,1.5,2026-10-04T19:27:25.867959Z,True,True,0.3597122302158273,0.2801120448179272,-7.960018539790015,False,False,main,exact
2026-10-05T12:51:33Z,2026-10-02T21:30:10Z,32675,player_pass_tds,Patrick Mahomes,,1.5,Under,kalshi,122,46.9,T-24h+,5.43,0.4749,pinnacle,13,,127,1.5,2026-10-04T16:10:05.212471Z,True,True,0.45045045045045046,0.44052863436123346,-0.9921816089216995,False,False,main,exact
2026-10-05T12:51:33Z,2026-10-02T21:30:10Z,32675,player_reception_yds,Jalen Nailor,,19.5,Under,kalshi,108,46.9,T-24h+,4.0,0.5,pinnacle,13,,-104,19.5,2026-10-04T20:20:03.176858Z,False,True,0.4807692307692308,0.5098039215686274,2.903469079939663,True,False,main,exact
2026-10-05T12:51:33Z,2026-10-02T21:30:10Z,32675,player_reception_yds,Michael Mayer,,24.5,Over,hardrock,130,46.9,T-24h+,4.9,0.4561,kalshi,4,,130,24.5,2026-09-30T21:30:40.748277Z,True,True,0.43478260869565216,0.43478260869565216,0.0,False,False,milestone,exact
2026-10-05T12:51:33Z,2026-10-02T21:30:10Z,32675,player_receptions,Cody White,,1.5,Over,kalshi,178,46.9,T-24h+,4.77,0.3769,pinnacle,9,,170,1.5,2026-10-04T20:24:49.890043Z,False,True,0.3597122302158273,0.37037037037037035,1.0658140154543028,True,False,main,exact
2026-10-05T12:51:33Z,2026-10-02T21:30:10Z,32675,player_receptions,Emmett Johnson,,1.5,Over,kalshi,170,46.9,T-24h+,3.47,0.3832,pinnacle,10,,170,1.5,2026-10-04T16:13:38.765854Z,True,True,0.37037037037037035,0.37037037037037035,0.0,False,False,main,exact
2026-10-05T12:51:33Z,2026-10-02T21:30:10Z,32675,player_receptions,Tyquan Thornton,,1.5,Over,hardrock,120,46.9,T-24h+,3.74,0.4716,pinnacle,13,,120,1.5,2026-09-30T22:40:53.919640Z,True,True,0.45454545454545453,0.45454545454545453,0.0,False,False,milestone,exact
2026-10-05T12:51:33Z,2026-10-02T21:30:10Z,32676,player_reception_yds,Tetairoa McMillan,,49.5,Under,hardrock,210,50.8,T-24h+,3.31,0.3333,kalshi,4,,210,49.5,2026-09-30T11:41:29.623533Z,True,True,0.3225806451612903,0.3225806451612903,0.0,False,False,milestone,exact
2026-10-05T12:51:33Z,2026-10-02T21:30:10Z,32676,player_receptions,Sam LaPorta,,3.5,Under,hardrock,170,50.8,T-24h+,3.82,0.3845,kalshi,4,,170,3.5,2026-09-29T19:04:43.451007Z,True,True,0.37037037037037035,0.37037037037037035,0.0,False,False,milestone,exact
2026-10-05T12:51:33Z,2026-10-02T21:30:10Z,32676,player_receptions,Tetairoa McMillan,,3.5,Under,hardrock,240,50.8,T-24h+,14.47,0.3367,kalshi,4,,240,3.5,2026-09-30T13:41:29.775133Z,True,True,0.29411764705882354,0.29411764705882354,0.0,False,False,milestone,exact
2026-10-05T12:51:33Z,2026-10-03T02:35:50Z,32670,player_pass_tds,Joe Burrow,,1.5,Under,kalshi,163,38.4,T-24h+,3.29,0.3927,pinnacle,13,,170,1.5,2026-10-04T00:22:29.838509Z,True,True,0.38022813688212925,0.37037037037037035,-0.9857766511758903,False,False,alternate,exact
2026-10-05T12:51:33Z,2026-10-03T02:35:50Z,32670,player_pass_tds,Trevor Lawrence,,1.5,Under,kalshi,127,38.4,T-24h+,6.18,0.4677,pinnacle,13,,127,1.5,2026-10-04T16:50:03.337138Z,False,True,0.44052863436123346,0.44052863436123346,0.0,False,False,alternate,exact
2026-10-05T12:51:33Z,2026-10-03T02:35:50Z,32670,player_reception_yds,Ja'Marr Chase,,79.5,Over,hardrock,-115,38.4,T-24h+,3.57,0.554,kalshi,4,,-115,79.5,2026-09-30T07:51:20.521649Z,True,True,0.5348837209302325,0.5348837209302325,0.0,False,False,milestone,exact
2026-10-05T12:51:33Z,2026-10-03T02:35:50Z,32670,player_receptions,Dohnte Meyers,,2.5,Over,kalshi,178,38.4,T-24h+,7.84,0.3879,pinnacle,11,,178,2.5,2026-10-04T16:17:06.507370Z,True,True,0.3597122302158273,0.3597122302158273,0.0,False,False,main,exact
2026-10-05T12:51:33Z,2026-10-03T02:35:50Z,32670,player_receptions,Samaje Perine,,1.5,Over,kalshi,104,38.4,T-24h+,5.01,0.5148,pinnacle,12,,108,1.5,2026-10-04T15:59:36.197987Z,True,True,0.49019607843137253,0.4807692307692308,-0.9426847662141746,False,False,main,exact
2026-10-05T12:51:33Z,2026-10-03T02:35:50Z,32670,player_receptions,Tee Higgins,,4.5,Over,kalshi,104,38.4,T-24h+,3.29,0.5063,pinnacle,13,,104,4.5,2026-10-04T16:53:05.091812Z,False,True,0.49019607843137253,0.49019607843137253,0.0,False,False,main,exact
2026-10-05T12:51:33Z,2026-10-03T02:35:50Z,32670,player_rush_longest,Trevor Lawrence,,8.5,Over,underdog,-104,38.4,T-24h+,4.08,0.5306,bovada,4,,103,9.5,2026-10-04T15:50:26.360926Z,True,False,0.5098039215686274,0.49261083743842365,-1.7193084130203762,,True,main,loose
2026-10-05T12:51:33Z,2026-10-03T02:35:50Z,32670,player_rush_yds,Chase Brown,,49.5,Under,hardrock,190,38.4,T-24h+,3.28,0.3561,kalshi,4,,190,49.5,2026-09-30T23:30:42.850509Z,True,True,0.3448275862068966,0.3448275862068966,0.0,False,False,milestone,exact
2026-10-05T12:51:33Z,2026-10-03T02:35:50Z,32671,player_pass_tds,Matthew Stafford,,1.5,Under,kalshi,104,38.4,T-24h+,4.15,0.5105,pinnacle,12,,108,1.5,2026-10-04T09:54:28.507288Z,True,True,0.49019607843137253,0.4807692307692308,-0.9426847662141746,False,False,main,exact
2026-10-05T12:51:33Z,2026-10-03T02:35:50Z,32671,player_pass_yds,Jalen Hurts,,149.5,Under,hardrock,350,38.4,T-24h+,36.62,0.3036,kalshi,4,,350,149.5,2026-09-29T20:34:53.253597Z,True,True,0.2222222222222222,0.2222222222222222,0.0,False,False,milestone,exact
2026-10-05T12:51:33Z,2026-10-03T02:35:50Z,32671,player_pass_yds,Jalen Hurts,,199.5,Under,hardrock,-110,38.4,T-24h+,13.43,0.5942,kalshi,4,,-110,199.5,2026-09-29T21:52:35.780039Z,True,True,0.5238095238095238,0.5238095238095238,0.0,False,False,milestone,exact
2026-10-05T12:51:33Z,2026-10-03T02:35:50Z,32671,player_reception_yds,Dontayvion Wicks,,39.5,Over,hardrock,-120,38.4,T-24h+,18.65,0.6472,kalshi,4,,-120,39.5,2026-09-30T10:01:38.648067Z,True,True,0.5454545454545454,0.5454545454545454,0.0,False,False,milestone,exact
2026-10-05T12:51:33Z,2026-10-03T02:35:50Z,32671,player_reception_yds,Makai Lemon,,39.5,Over,hardrock,195,38.4,T-24h+,33.24,0.4517,kalshi,4,,195,39.5,2026-09-30T21:21:03.477702Z,True,True,0.3389830508474576,0.3389830508474576,0.0,False,False,milestone,exact
2026-10-05T12:51:33Z,2026-10-03T02:35:50Z,32671,player_reception_yds,Makai Lemon,,49.5,Over,hardrock,325,38.4,T-24h+,41.63,0.3333,kalshi,4,,325,49.5,2026-09-29T21:42:46.647473Z,True,True,0.23529411764705882,0.23529411764705882,0.0,False,False,milestone,exact
2026-10-05T12:51:33Z,2026-10-03T02:35:50Z,32671,player_receptions,Davante Adams,,4.5,Under,hardrock,125,38.4,T-24h+,8.7,0.4831,pinnacle,11,,125,4.5,2026-09-30T07:01:47.513099Z,True,True,0.4444444444444444,0.4444444444444444,0.0,False,False,milestone,exact
2026-10-05T12:51:33Z,2026-10-03T02:35:50Z,32671,player_receptions,Dontayvion Wicks,,4.5,Over,hardrock,275,38.4,T-24h+,47.09,0.3922,kalshi,4,,275,4.5,2026-09-29T20:14:49.686540Z,True,True,0.26666666666666666,0.26666666666666666,0.0,False,False,milestone,exact
2026-10-05T12:51:33Z,2026-10-03T02:35:50Z,32671,player_receptions,Johnny Mundt,,1.5,Over,kalshi,178,38.4,T-24h+,5.65,0.38,pinnacle,11,,186,1.5,2026-10-04T16:08:43.371434Z,True,True,0.3597122302158273,0.34965034965034963,-1.0061880565477688,False,False,main,exact
2026-10-05T12:51:33Z,2026-10-03T02:35:50Z,32671,player_receptions,Makai Lemon,,2.5,Over,hardrock,-165,38.4,T-24h+,10.15,0.6858,kalshi,4,,-165,2.5,2026-09-30T21:10:41.389450Z,True,True,0.6226415094339622,0.6226415094339622,0.0,False,False,milestone,exact
2026-10-05T12:51:33Z,2026-10-03T02:35:50Z,32671,player_receptions,Makai Lemon,,3.5,Over,hardrock,145,38.4,T-24h+,23.53,0.5042,pinnacle,12,,145,3.5,2026-09-30T21:10:41.389450Z,True,True,0.40816326530612246,0.40816326530612246,0.0,False,False,milestone,exact
2026-10-05T12:51:33Z,2026-10-03T02:35:50Z,32671,player_receptions,Makai Lemon,,4.5,Over,hardrock,300,38.4,T-24h+,25.67,0.3142,kalshi,4,,300,4.5,2026-09-30T13:51:44.859075Z,True,True,0.25,0.25,0.0,False,False,milestone,exact
2026-10-05T12:51:33Z,2026-10-03T02:35:50Z,32671,player_receptions,Saquon Barkley,,2.5,Over,kalshi,127,38.4,T-24h+,3.25,0.4548,pinnacle,11,,133,2.5,2026-10-03T06:55:59.477025Z,True,True,0.44052863436123346,0.4291845493562232,-1.1344085005010274,False,False,main,exact
2026-10-05T12:51:33Z,2026-10-03T02:35:50Z,32671,player_rush_yds,Saquon Barkley,,79.5,Under,hardrock,-120,38.4,T-24h+,13.14,0.6171,kalshi,4,,-120,79.5,2026-09-30T17:52:33.917129Z,True,True,0.5454545454545454,0.5454545454545454,0.0,False,False,milestone,exact
2026-10-05T12:51:33Z,2026-10-03T02:35:50Z,32669,player_receptions,DeMario Douglas,,2.5,Over,kalshi,-122,38.4,T-24h+,4.71,0.5755,pinnacle,5,,-127,2.5,2026-10-04T16:41:00.816665Z,True,True,0.5495495495495496,0.5594713656387665,0.9921816089216939,True,False,main,exact
2026-10-05T12:51:33Z,2026-10-03T02:35:50Z,32669,player_receptions,Kyle Williams,,0.5,Under,draftkings,178,38.4,T-24h+,3.18,0.3712,pinnacle,8,,174,0.5,2026-10-04T16:28:00.844451Z,True,True,0.3597122302158273,0.36496350364963503,0.5251273433807713,True,False,main,exact
2026-10-05T12:51:33Z,2026-10-03T02:35:50Z,32669,player_receptions,Rhamondre Stevenson,,2.5,Under,hardrock,105,38.4,T-24h+,5.72,0.5157,pinnacle,11,,-120,2.5,2026-10-04T15:40:06.099241Z,True,True,0.4878048780487805,0.5454545454545454,5.764966740576494,True,False,main,exact
2026-10-05T12:51:33Z,2026-10-03T02:35:50Z,32669,player_receptions,Rhamondre Stevenson,,2.5,Under,kalshi,-100,38.4,T-24h+,3.14,0.5157,pinnacle,11,,-108,2.5,2026-10-04T06:36:36.034430Z,True,True,0.5,0.5192307692307693,1.9230769230769273,True,False,main,exact
2026-10-05T12:51:33Z,2026-10-03T02:35:50Z,32669,player_receptions,Romeo Doubs,,3.5,Over,kalshi,133,38.4,T-24h+,4.62,0.449,pinnacle,11,,138,3.5,2026-10-04T15:08:14.129601Z,True,True,0.4291845493562232,0.42016806722689076,-0.9016482129332426,False,False,main,exact
2026-10-05T12:51:33Z,2026-10-03T02:35:50Z,32669,player_receptions,Ty Johnson,,1.5,Over,kalshi,-108,38.4,T-24h+,4.47,0.5424,pinnacle,11,,-108,1.5,2026-10-04T16:55:26.974981Z,False,True,0.5192307692307693,0.5192307692307693,0.0,False,False,main,exact
2026-10-05T12:51:33Z,2026-10-03T02:35:50Z,32672,player_pass_tds,Malik Willis,,0.5,Under,kalshi,-104,41.5,T-24h+,4.24,0.5314,pinnacle,10,,108,0.5,2026-10-04T12:53:18.293124Z,True,True,0.5098039215686274,0.4807692307692308,-2.903469079939663,False,False,main,exact
2026-10-05T12:51:33Z,2026-10-03T02:35:50Z,32672,player_receptions,Jauan Jennings,,2.5,Over,kalshi,113,41.5,T-24h+,6.95,0.5021,pinnacle,9,,108,2.5,2026-10-04T19:31:06.627293Z,True,True,0.4694835680751174,0.4807692307692308,1.1285662694113408,True,False,main,exact
2026-10-05T12:51:33Z,2026-10-03T02:35:50Z,32672,player_receptions,Malik Washington,,3.5,Over,hardrock,-135,41.5,T-24h+,6.79,0.6135,pinnacle,6,,-135,3.5,2026-09-30T23:30:35.868746Z,True,True,0.574468085106383,0.574468085106383,0.0,False,False,milestone,exact
2026-10-05T12:51:33Z,2026-10-03T02:35:50Z,32672,player_receptions,Malik Washington,,4.5,Over,hardrock,150,41.5,T-24h+,15.18,0.4607,kalshi,9,,150,4.5,2026-09-30T23:30:35.868746Z,True,True,0.4,0.4,0.0,False,False,milestone,exact
2026-10-05T12:51:33Z,2026-10-03T02:35:50Z,32672,player_receptions,T.J. Hockenson,,4.5,Over,kalshi,122,41.5,T-24h+,4.96,0.4728,pinnacle,10,,117,4.5,2026-10-04T19:59:56.471071Z,False,True,0.45045045045045046,0.4608294930875576,1.037904263710715,True,False,main,exact
2026-10-05T12:51:33Z,2026-10-03T02:35:50Z,32672,player_receptions,Tai Felton,,1.5,Over,kalshi,104,41.5,T-24h+,5.21,0.5157,pinnacle,9,,-104,1.5,2026-10-04T16:11:27.166925Z,True,True,0.49019607843137253,0.5098039215686274,1.9607843137254888,True,False,main,exact
2026-10-05T12:51:33Z,2026-10-03T02:35:50Z,32672,player_receptions,Tai Felton,,1.5,Over,fanduel,100,41.5,T-24h+,3.14,0.5157,pinnacle,9,,-130,1.5,2026-10-04T02:11:21.227179Z,True,True,0.5,0.5652173913043478,6.521739130434778,True,False,main,exact
2026-10-05T12:51:33Z,2026-10-03T02:35:50Z,32672,player_rush_attempts,Kyler Murray,,5.5,Under,hardrock,-130,41.5,T-24h+,3.11,0.5828,pinnacle,3,,-110,4.5,2026-10-04T16:55:38.099810Z,True,False,0.5652173913043478,0.5238095238095238,-4.140786749482395,,True,main,loose
2026-10-05T12:51:33Z,2026-10-03T02:35:50Z,32672,player_rush_yds,Jaylen Wright,,24.5,Over,hardrock,105,41.5,T-24h+,17.38,0.5726,kalshi,4,,105,24.5,2026-09-30T23:20:45.930072Z,True,True,0.4878048780487805,0.4878048780487805,0.0,False,False,milestone,exact
2026-10-05T12:51:33Z,2026-10-03T02:35:50Z,32674,player_reception_yds,Christian McCaffrey,,39.5,Under,kalshi,113,41.8,T-24h+,5.15,0.4937,pinnacle,6,,108,39.5,2026-10-04T20:24:47.541411Z,False,True,0.4694835680751174,0.4807692307692308,1.1285662694113408,True,False,main,exact
2026-10-05T12:51:33Z,2026-10-03T02:35:50Z,32674,player_reception_yds,Christian McCaffrey,,49.5,Over,hardrock,165,41.8,T-24h+,7.55,0.4058,kalshi,4,,165,49.5,2026-09-30T19:01:39.049352Z,True,True,0.37735849056603776,0.37735849056603776,0.0,False,False,milestone,exact
2026-10-05T12:51:33Z,2026-10-03T02:35:50Z,32674,player_receptions,Evan Engram,,2.5,Over,kalshi,138,41.8,T-24h+,3.86,0.4364,pinnacle,11,,127,2.5,2026-10-04T14:44:40.734869Z,True,True,0.42016806722689076,0.44052863436123346,2.03605671343427,True,False,main,exact
2026-10-05T12:51:33Z,2026-10-03T02:35:50Z,32674,player_receptions,George Kittle,,4.5,Over,kalshi,-117,41.8,T-24h+,3.03,0.5555,pinnacle,10,,-122,4.5,2026-10-04T08:48:38.383649Z,True,True,0.5391705069124424,0.5495495495495496,1.0379042637107205,True,False,alternate,exact
2026-10-05T12:51:33Z,2026-10-03T02:35:50Z,32674,player_receptions,Jaylen Waddle,,4.5,Over,kalshi,108,41.8,T-24h+,5.75,0.5084,pinnacle,11,,104,4.5,2026-10-03T21:11:51.578243Z,True,True,0.4807692307692308,0.49019607843137253,0.9426847662141746,True,False,alternate,exact
2026-10-05T12:51:33Z,2026-10-03T02:35:50Z,32674,player_receptions,Troy Franklin,,0.5,Under,draftkings,161,41.8,T-24h+,4.19,0.3992,pinnacle,8,,136,0.5,2026-10-04T20:15:14.341185Z,False,True,0.3831417624521073,0.423728813559322,4.058705110721473,True,False,main,exact
2026-10-05T12:51:33Z,2026-10-03T02:35:50Z,32673,player_pass_completions,Justin Herbert,,18.5,Over,underdog,-106,41.8,T-24h+,3.12,0.5306,bovada,7,,106,19.5,2026-10-04T20:20:47.647762Z,False,False,0.5145631067961165,0.4854368932038835,-2.9126213592232997,,True,main,loose
2026-10-05T12:51:33Z,2026-10-03T02:35:50Z,32673,player_receptions,Tory Horton,,1.5,Over,kalshi,178,41.8,T-24h+,3.66,0.3729,pinnacle,10,,257,1.5,2026-10-04T19:27:25.867959Z,True,True,0.3597122302158273,0.2801120448179272,-7.960018539790015,False,False,main,exact
2026-10-05T12:51:33Z,2026-10-03T02:35:50Z,32675,player_reception_yds,Jalen Nailor,,19.5,Under,kalshi,108,41.8,T-24h+,4.0,0.5,pinnacle,9,,-104,19.5,2026-10-04T20:20:03.176858Z,False,True,0.4807692307692308,0.5098039215686274,2.903469079939663,True,False,main,exact
2026-10-05T12:51:33Z,2026-10-03T02:35:50Z,32675,player_reception_yds,Michael Mayer,,24.5,Over,hardrock,130,41.8,T-24h+,4.9,0.4561,kalshi,4,,130,24.5,2026-09-30T21:30:40.748277Z,True,True,0.43478260869565216,0.43478260869565216,0.0,False,False,milestone,exact
2026-10-05T12:51:33Z,2026-10-03T02:35:50Z,32675,player_receptions,Cody White,,1.5,Over,kalshi,178,41.8,T-24h+,4.77,0.3769,pinnacle,10,,170,1.5,2026-10-04T20:24:49.890043Z,False,True,0.3597122302158273,0.37037037037037035,1.0658140154543028,True,False,main,exact
2026-10-05T12:51:33Z,2026-10-03T02:35:50Z,32675,player_receptions,Kenneth Walker III,,2.5,Over,kalshi,-138,41.8,T-24h+,5.56,0.6121,pinnacle,9,,-163,2.5,2026-10-04T16:21:41.466349Z,True,True,0.5798319327731093,0.6197718631178707,3.99399303447614,True,False,main,exact
2026-10-05T12:51:33Z,2026-10-03T02:35:50Z,32675,player_receptions,Kenneth Walker III,,2.5,Over,hardrock,-145,41.8,T-24h+,3.42,0.6121,pinnacle,9,,-145,2.5,2026-09-30T22:40:53.919640Z,True,True,0.5918367346938775,0.5918367346938775,0.0,False,False,milestone,exact
2026-10-05T12:51:33Z,2026-10-03T02:35:50Z,32675,player_receptions,Travis Kelce,,4.5,Over,kalshi,127,41.8,T-24h+,3.25,0.4548,pinnacle,11,,117,4.5,2026-10-04T19:38:56.231832Z,True,True,0.44052863436123346,0.4608294930875576,2.0300858726324145,True,False,main,exact
2026-10-05T12:51:33Z,2026-10-03T02:35:50Z,32675,player_receptions,Tyquan Thornton,,1.5,Over,hardrock,120,41.8,T-24h+,3.74,0.4716,pinnacle,11,,120,1.5,2026-09-30T22:40:53.919640Z,True,True,0.45454545454545453,0.45454545454545453,0.0,False,False,milestone,exact
2026-10-05T12:51:33Z,2026-10-03T02:35:50Z,32675,player_rush_yds,Kirk Cousins,,0.5,Over,draftkings,106,41.8,T-24h+,6.04,0.5148,pinnacle,7,,-103,0.5,2026-10-04T19:42:53.127622Z,True,True,0.4854368932038835,0.5073891625615764,2.19522693576929,True,False,main,exact
2026-10-05T12:51:33Z,2026-10-03T10:43:53Z,32670,player_pass_tds,Joe Burrow,,1.5,Under,kalshi,163,30.3,T-24h+,3.29,0.3927,pinnacle,13,,170,1.5,2026-10-04T00:22:29.838509Z,True,True,0.38022813688212925,0.37037037037037035,-0.9857766511758903,False,False,alternate,exact
2026-10-05T12:51:33Z,2026-10-03T10:43:53Z,32670,player_pass_tds,Trevor Lawrence,,1.5,Under,kalshi,127,30.3,T-24h+,6.18,0.4677,pinnacle,13,,127,1.5,2026-10-04T16:50:03.337138Z,False,True,0.44052863436123346,0.44052863436123346,0.0,False,False,alternate,exact
2026-10-05T12:51:33Z,2026-10-03T10:43:53Z,32670,player_reception_yds,Ja'Marr Chase,,79.5,Over,hardrock,-115,30.3,T-24h+,3.57,0.554,kalshi,4,,-115,79.5,2026-09-30T07:51:20.521649Z,True,True,0.5348837209302325,0.5348837209302325,0.0,False,False,milestone,exact
2026-10-05T12:51:33Z,2026-10-03T10:43:53Z,32670,player_receptions,Dohnte Meyers,,2.5,Over,kalshi,170,30.3,T-24h+,4.74,0.3879,pinnacle,13,,178,2.5,2026-10-04T16:17:06.507370Z,True,True,0.37037037037037035,0.3597122302158273,-1.0658140154543028,False,False,main,exact
2026-10-05T12:51:33Z,2026-10-03T10:43:53Z,32670,player_receptions,Samaje Perine,,1.5,Over,kalshi,104,30.3,T-24h+,5.01,0.5148,pinnacle,12,,108,1.5,2026-10-04T15:59:36.197987Z,True,True,0.49019607843137253,0.4807692307692308,-0.9426847662141746,False,False,main,exact
2026-10-05T12:51:33Z,2026-10-03T10:43:53Z,32670,player_receptions,Tee Higgins,,4.5,Over,kalshi,108,30.3,T-24h+,5.31,0.5063,pinnacle,13,,104,4.5,2026-10-04T16:53:05.091812Z,False,True,0.4807692307692308,0.49019607843137253,0.9426847662141746,True,False,main,exact
2026-10-05T12:51:33Z,2026-10-03T10:43:53Z,32670,player_receptions,Tee Higgins,,4.5,Over,hardrock,105,30.3,T-24h+,3.8,0.5063,pinnacle,13,,-110,4.5,2026-10-04T16:58:54.546567Z,False,True,0.4878048780487805,0.5238095238095238,3.600464576074336,True,False,main,exact
2026-10-05T12:51:33Z,2026-10-03T10:43:53Z,32670,player_rush_longest,Trevor Lawrence,,8.5,Over,underdog,-104,30.3,T-24h+,4.08,0.5306,bovada,4,,103,9.5,2026-10-04T15:50:26.360926Z,True,False,0.5098039215686274,0.49261083743842365,-1.7193084130203762,,True,main,loose
2026-10-05T12:51:33Z,2026-10-03T10:43:53Z,32670,player_rush_yds,Chase Brown,,49.5,Under,hardrock,190,30.3,T-24h+,5.23,0.3629,kalshi,4,,190,49.5,2026-09-30T23:30:42.850509Z,True,True,0.3448275862068966,0.3448275862068966,0.0,False,False,milestone,exact
2026-10-05T12:51:33Z,2026-10-03T10:43:53Z,32671,player_pass_tds,Matthew Stafford,,1.5,Under,kalshi,104,30.3,T-24h+,4.15,0.5105,pinnacle,12,,108,1.5,2026-10-04T09:54:28.507288Z,True,True,0.49019607843137253,0.4807692307692308,-0.9426847662141746,False,False,main,exact
2026-10-05T12:51:33Z,2026-10-03T10:43:53Z,32671,player_pass_yds,Jalen Hurts,,149.5,Under,hardrock,350,30.3,T-24h+,35.33,0.3007,kalshi,4,,350,149.5,2026-09-29T20:34:53.253597Z,True,True,0.2222222222222222,0.2222222222222222,0.0,False,False,milestone,exact
2026-10-05T12:51:33Z,2026-10-03T10:43:53Z,32671,player_pass_yds,Jalen Hurts,,199.5,Under,hardrock,-110,30.3,T-24h+,13.43,0.5942,kalshi,4,,-110,199.5,2026-09-29T21:52:35.780039Z,True,True,0.5238095238095238,0.5238095238095238,0.0,False,False,milestone,exact
2026-10-05T12:51:33Z,2026-10-03T10:43:53Z,32671,player_reception_yds,Dontayvion Wicks,,39.5,Over,hardrock,-120,30.3,T-24h+,18.65,0.6472,kalshi,4,,-120,39.5,2026-09-30T10:01:38.648067Z,True,True,0.5454545454545454,0.5454545454545454,0.0,False,False,milestone,exact
2026-10-05T12:51:33Z,2026-10-03T10:43:53Z,32671,player_reception_yds,Makai Lemon,,39.5,Over,hardrock,195,30.3,T-24h+,31.58,0.446,kalshi,4,,195,39.5,2026-09-30T21:21:03.477702Z,True,True,0.3389830508474576,0.3389830508474576,0.0,False,False,milestone,exact
2026-10-05T12:51:33Z,2026-10-03T10:43:53Z,32671,player_reception_yds,Makai Lemon,,49.5,Over,hardrock,325,30.3,T-24h+,41.63,0.3333,kalshi,4,,325,49.5,2026-09-29T21:42:46.647473Z,True,True,0.23529411764705882,0.23529411764705882,0.0,False,False,milestone,exact
2026-10-05T12:51:33Z,2026-10-03T10:43:53Z,32671,player_receptions,Davante Adams,,4.5,Under,hardrock,125,30.3,T-24h+,8.7,0.4831,pinnacle,11,,125,4.5,2026-09-30T07:01:47.513099Z,True,True,0.4444444444444444,0.4444444444444444,0.0,False,False,milestone,exact
2026-10-05T12:51:33Z,2026-10-03T10:43:53Z,32671,player_receptions,Dontayvion Wicks,,3.5,Over,hardrock,135,30.3,T-24h+,38.0,0.5872,pinnacle,11,,-155,3.5,2026-10-04T09:05:39.494366Z,True,True,0.425531914893617,0.6078431372549019,18.23112223612849,True,False,main,exact
2026-10-05T12:51:33Z,2026-10-03T10:43:53Z,32671,player_receptions,Dontayvion Wicks,,4.5,Over,hardrock,275,30.3,T-24h+,47.09,0.3922,kalshi,4,,275,4.5,2026-09-29T20:14:49.686540Z,True,True,0.26666666666666666,0.26666666666666666,0.0,False,False,milestone,exact
2026-10-05T12:51:33Z,2026-10-03T10:43:53Z,32671,player_receptions,Johnny Mundt,,1.5,Over,kalshi,178,30.3,T-24h+,5.65,0.38,pinnacle,11,,186,1.5,2026-10-04T16:08:43.371434Z,True,True,0.3597122302158273,0.34965034965034963,-1.0061880565477688,False,False,main,exact
2026-10-05T12:51:33Z,2026-10-03T10:43:53Z,32671,player_receptions,Makai Lemon,,2.5,Over,hardrock,-165,30.3,T-24h+,9.69,0.6829,kalshi,4,,-165,2.5,2026-09-30T21:10:41.389450Z,True,True,0.6226415094339622,0.6226415094339622,0.0,False,False,milestone,exact
2026-10-05T12:51:33Z,2026-10-03T10:43:53Z,32671,player_receptions,Makai Lemon,,3.5,Over,hardrock,145,30.3,T-24h+,23.53,0.5042,pinnacle,12,,145,3.5,2026-09-30T21:10:41.389450Z,True,True,0.40816326530612246,0.40816326530612246,0.0,False,False,milestone,exact
2026-10-05T12:51:33Z,2026-10-03T10:43:53Z,32671,player_receptions,Makai Lemon,,4.5,Over,hardrock,300,30.3,T-24h+,29.37,0.3234,kalshi,4,,300,4.5,2026-09-30T13:51:44.859075Z,True,True,0.25,0.25,0.0,False,False,milestone,exact
2026-10-05T12:51:33Z,2026-10-03T10:43:53Z,32671,player_receptions,Saquon Barkley,,2.5,Over,kalshi,133,30.3,T-24h+,5.97,0.4548,pinnacle,11,,133,2.5,2026-10-03T06:55:59.477025Z,True,True,0.4291845493562232,0.4291845493562232,0.0,False,False,main,exact
2026-10-05T12:51:33Z,2026-10-03T10:43:53Z,32671,player_rush_yds,Jalen Hurts,,24.5,Over,hardrock,-115,30.3,T-24h+,3.57,0.554,kalshi,4,,-115,24.5,2026-09-30T08:41:34.905567Z,True,True,0.5348837209302325,0.5348837209302325,0.0,False,False,milestone,exact
2026-10-05T12:51:33Z,2026-10-03T10:43:53Z,32671,player_rush_yds,Saquon Barkley,,79.5,Under,hardrock,-120,30.3,T-24h+,12.46,0.6134,kalshi,4,,-120,79.5,2026-09-30T17:52:33.917129Z,True,True,0.5454545454545454,0.5454545454545454,0.0,False,False,milestone,exact
2026-10-05T12:51:33Z,2026-10-03T10:43:53Z,32669,player_receptions,DeMario Douglas,,2.5,Over,kalshi,-122,30.3,T-24h+,4.71,0.5755,pinnacle,5,,-127,2.5,2026-10-04T16:41:00.816665Z,True,True,0.5495495495495496,0.5594713656387665,0.9921816089216939,True,False,main,exact
2026-10-05T12:51:33Z,2026-10-03T10:43:53Z,32669,player_receptions,Rhamondre Stevenson,,2.5,Under,hardrock,105,30.3,T-24h+,5.72,0.5157,pinnacle,11,,-120,2.5,2026-10-04T15:40:06.099241Z,True,True,0.4878048780487805,0.5454545454545454,5.764966740576494,True,False,main,exact
2026-10-05T12:51:33Z,2026-10-03T10:43:53Z,32669,player_receptions,Rhamondre Stevenson,,2.5,Under,kalshi,-100,30.3,T-24h+,3.14,0.5157,pinnacle,11,,-108,2.5,2026-10-04T06:36:36.034430Z,True,True,0.5,0.5192307692307693,1.9230769230769273,True,False,main,exact
2026-10-05T12:51:33Z,2026-10-03T10:43:53Z,32669,player_receptions,Romeo Doubs,,3.5,Over,kalshi,133,30.3,T-24h+,4.62,0.449,pinnacle,11,,138,3.5,2026-10-04T15:08:14.129601Z,True,True,0.4291845493562232,0.42016806722689076,-0.9016482129332426,False,False,main,exact
2026-10-05T12:51:33Z,2026-10-03T10:43:53Z,32669,player_receptions,Ty Johnson,,1.5,Over,kalshi,-108,30.3,T-24h+,4.47,0.5424,pinnacle,11,,-108,1.5,2026-10-04T16:55:26.974981Z,False,True,0.5192307692307693,0.5192307692307693,0.0,False,False,main,exact
2026-10-05T12:51:33Z,2026-10-03T10:43:53Z,32672,player_receptions,Chris Bell,,2.5,Under,draftkings,-106,33.4,T-24h+,3.68,0.5335,pinnacle,11,,-106,2.5,2026-10-04T18:37:40.308755Z,True,True,0.5145631067961165,0.5145631067961165,0.0,False,False,main,exact
2026-10-05T12:51:33Z,2026-10-03T10:43:53Z,32672,player_receptions,Jauan Jennings,,2.5,Over,kalshi,108,33.4,T-24h+,4.44,0.5021,pinnacle,9,,108,2.5,2026-10-04T19:31:06.627293Z,True,True,0.4807692307692308,0.4807692307692308,0.0,False,False,main,exact
2026-10-05T12:51:33Z,2026-10-03T10:43:53Z,32672,player_receptions,Malik Washington,,3.5,Over,hardrock,-135,33.4,T-24h+,6.79,0.6135,pinnacle,6,,-135,3.5,2026-09-30T23:30:35.868746Z,True,True,0.574468085106383,0.574468085106383,0.0,False,False,milestone,exact
2026-10-05T12:51:33Z,2026-10-03T10:43:53Z,32672,player_receptions,Malik Washington,,3.5,Under,kalshi,170,33.4,T-24h+,4.35,0.3865,pinnacle,6,,163,3.5,2026-10-04T20:04:57.306045Z,False,True,0.37037037037037035,0.38022813688212925,0.9857766511758903,True,False,alternate,exact
2026-10-05T12:51:33Z,2026-10-03T10:43:53Z,32672,player_receptions,Malik Washington,,4.5,Over,hardrock,150,33.4,T-24h+,15.18,0.4607,kalshi,9,,150,4.5,2026-09-30T23:30:35.868746Z,True,True,0.4,0.4,0.0,False,False,milestone,exact
2026-10-05T12:51:33Z,2026-10-03T10:43:53Z,32672,player_receptions,T.J. Hockenson,,4.5,Over,kalshi,122,33.4,T-24h+,4.96,0.4728,pinnacle,10,,117,4.5,2026-10-04T19:59:56.471071Z,False,True,0.45045045045045046,0.4608294930875576,1.037904263710715,True,False,main,exact
2026-10-05T12:51:33Z,2026-10-03T10:43:53Z,32672,player_receptions,Tai Felton,,1.5,Over,kalshi,104,33.4,T-24h+,5.01,0.5148,pinnacle,9,,-104,1.5,2026-10-04T16:11:27.166925Z,True,True,0.49019607843137253,0.5098039215686274,1.9607843137254888,True,False,main,exact
2026-10-05T12:51:33Z,2026-10-03T10:43:53Z,32672,player_rush_attempts,Kyler Murray,,5.5,Under,hardrock,-130,33.4,T-24h+,3.11,0.5828,pinnacle,3,,-110,4.5,2026-10-04T16:55:38.099810Z,True,False,0.5652173913043478,0.5238095238095238,-4.140786749482395,,True,main,loose
2026-10-05T12:51:33Z,2026-10-03T10:43:53Z,32672,player_rush_yds,Jaylen Wright,,24.5,Over,hardrock,105,33.4,T-24h+,16.49,0.5683,kalshi,4,,105,24.5,2026-09-30T23:20:45.930072Z,True,True,0.4878048780487805,0.4878048780487805,0.0,False,False,milestone,exact
2026-10-05T12:51:33Z,2026-10-03T10:43:53Z,32674,player_reception_yds,Christian McCaffrey,,39.5,Under,kalshi,113,33.7,T-24h+,5.15,0.4937,pinnacle,6,,108,39.5,2026-10-04T20:24:47.541411Z,False,True,0.4694835680751174,0.4807692307692308,1.1285662694113408,True,False,main,exact
2026-10-05T12:51:33Z,2026-10-03T10:43:53Z,32674,player_reception_yds,Christian McCaffrey,,49.5,Over,hardrock,165,33.7,T-24h+,7.55,0.4058,kalshi,4,,165,49.5,2026-09-30T19:01:39.049352Z,True,True,0.37735849056603776,0.37735849056603776,0.0,False,False,milestone,exact
2026-10-05T12:51:33Z,2026-10-03T10:43:53Z,32674,player_receptions,Jaylen Waddle,,4.5,Over,kalshi,108,33.7,T-24h+,5.75,0.5084,pinnacle,12,,104,4.5,2026-10-03T21:11:51.578243Z,True,True,0.4807692307692308,0.49019607843137253,0.9426847662141746,True,False,alternate,exact
2026-10-05T12:51:33Z,2026-10-03T10:43:53Z,32673,player_receptions,Tory Horton,,1.5,Over,kalshi,178,33.7,T-24h+,3.66,0.3729,pinnacle,10,,257,1.5,2026-10-04T19:27:25.867959Z,True,True,0.3597122302158273,0.2801120448179272,-7.960018539790015,False,False,main,exact
2026-10-05T12:51:33Z,2026-10-03T10:43:53Z,32673,player_rush_yds,Emanuel Wilson,,49.5,Over,hardrock,140,33.7,T-24h+,35.46,0.5644,kalshi,4,,140,49.5,2026-09-30T20:11:41.078291Z,True,True,0.4166666666666667,0.4166666666666667,0.0,False,False,milestone,exact
2026-10-05T12:51:33Z,2026-10-03T10:43:53Z,32675,player_reception_yds,Brock Bowers,,79.5,Under,hardrock,-130,33.7,T-24h+,3.14,0.583,kalshi,4,,-130,79.5,2026-09-30T23:30:40.448253Z,True,True,0.5652173913043478,0.5652173913043478,0.0,False,False,milestone,exact
2026-10-05T12:51:33Z,2026-10-03T10:43:53Z,32675,player_reception_yds,Jalen Nailor,,19.5,Under,kalshi,108,33.7,T-24h+,4.0,0.5,pinnacle,11,,-104,19.5,2026-10-04T20:20:03.176858Z,False,True,0.4807692307692308,0.5098039215686274,2.903469079939663,True,False,main,exact
2026-10-05T12:51:33Z,2026-10-03T10:43:53Z,32675,player_reception_yds,Michael Mayer,,24.5,Over,hardrock,130,33.7,T-24h+,4.9,0.4561,kalshi,4,,130,24.5,2026-09-30T21:30:40.748277Z,True,True,0.43478260869565216,0.43478260869565216,0.0,False,False,milestone,exact
2026-10-05T12:51:33Z,2026-10-03T10:43:53Z,32675,player_receptions,Cody White,,1.5,Over,kalshi,186,33.7,T-24h+,7.79,0.3769,pinnacle,10,,170,1.5,2026-10-04T20:24:49.890043Z,False,True,0.34965034965034963,0.37037037037037035,2.0720020720020713,True,False,main,exact
2026-10-05T12:51:33Z,2026-10-03T10:43:53Z,32675,player_receptions,Kenneth Walker III,,2.5,Over,kalshi,-138,33.7,T-24h+,5.56,0.6121,pinnacle,9,,-163,2.5,2026-10-04T16:21:41.466349Z,True,True,0.5798319327731093,0.6197718631178707,3.99399303447614,True,False,main,exact
2026-10-05T12:51:33Z,2026-10-03T10:43:53Z,32675,player_receptions,Kenneth Walker III,,2.5,Over,hardrock,-145,33.7,T-24h+,3.42,0.6121,pinnacle,9,,-145,2.5,2026-09-30T22:40:53.919640Z,True,True,0.5918367346938775,0.5918367346938775,0.0,False,False,milestone,exact
2026-10-05T12:51:33Z,2026-10-03T10:43:53Z,32675,player_receptions,Travis Kelce,,4.5,Over,kalshi,127,33.7,T-24h+,3.25,0.4548,pinnacle,13,,117,4.5,2026-10-04T19:38:56.231832Z,True,True,0.44052863436123346,0.4608294930875576,2.0300858726324145,True,False,main,exact
2026-10-05T12:51:33Z,2026-10-03T10:43:53Z,32675,player_receptions,Tyquan Thornton,,1.5,Over,hardrock,120,33.7,T-24h+,3.74,0.4716,pinnacle,13,,120,1.5,2026-09-30T22:40:53.919640Z,True,True,0.45454545454545453,0.45454545454545453,0.0,False,False,milestone,exact
2026-10-05T12:51:33Z,2026-10-03T10:43:53Z,32675,player_rush_yds,Kirk Cousins,,0.5,Over,draftkings,106,33.7,T-24h+,6.04,0.5148,pinnacle,9,,-103,0.5,2026-10-04T19:42:53.127622Z,True,True,0.4854368932038835,0.5073891625615764,2.19522693576929,True,False,main,exact
2026-10-05T12:51:33Z,2026-10-03T10:43:53Z,32676,player_reception_yds,Tetairoa McMillan,,49.5,Under,hardrock,210,37.6,T-24h+,15.47,0.3725,kalshi,4,,210,49.5,2026-09-30T11:41:29.623533Z,True,True,0.3225806451612903,0.3225806451612903,0.0,False,False,milestone,exact
2026-10-05T12:51:33Z,2026-10-03T10:43:53Z,32676,player_receptions,Sam LaPorta,,4.5,Under,hardrock,-120,37.6,T-24h+,4.43,0.5696,pinnacle,13,,-120,4.5,2026-09-29T19:04:43.451007Z,True,True,0.5454545454545454,0.5454545454545454,0.0,False,False,milestone,exact
2026-10-05T12:51:33Z,2026-10-03T15:19:05Z,32670,player_pass_tds,Joe Burrow,,1.5,Under,kalshi,163,25.7,T-24h+,3.29,0.3927,pinnacle,13,,170,1.5,2026-10-04T00:22:29.838509Z,True,True,0.38022813688212925,0.37037037037037035,-0.9857766511758903,False,False,alternate,exact
2026-10-05T12:51:33Z,2026-10-03T15:19:05Z,32670,player_pass_tds,Trevor Lawrence,,1.5,Under,kalshi,127,25.7,T-24h+,6.18,0.4677,pinnacle,13,,127,1.5,2026-10-04T16:50:03.337138Z,False,True,0.44052863436123346,0.44052863436123346,0.0,False,False,alternate,exact
2026-10-05T12:51:33Z,2026-10-03T15:19:05Z,32670,player_reception_yds,Ja'Marr Chase,,79.5,Over,hardrock,-115,25.7,T-24h+,3.57,0.554,kalshi,4,,-115,79.5,2026-09-30T07:51:20.521649Z,True,True,0.5348837209302325,0.5348837209302325,0.0,False,False,milestone,exact
2026-10-05T12:51:33Z,2026-10-03T15:19:05Z,32670,player_receptions,Samaje Perine,,1.5,Over,kalshi,104,25.7,T-24h+,5.01,0.5148,pinnacle,12,,108,1.5,2026-10-04T15:59:36.197987Z,True,True,0.49019607843137253,0.4807692307692308,-0.9426847662141746,False,False,main,exact
2026-10-05T12:51:33Z,2026-10-03T15:19:05Z,32670,player_receptions,Tee Higgins,,4.5,Over,kalshi,108,25.7,T-24h+,5.31,0.5063,pinnacle,13,,104,4.5,2026-10-04T16:53:05.091812Z,False,True,0.4807692307692308,0.49019607843137253,0.9426847662141746,True,False,main,exact
2026-10-05T12:51:33Z,2026-10-03T15:19:05Z,32670,player_rush_longest,Trevor Lawrence,,8.5,Over,underdog,-104,25.7,T-24h+,4.08,0.5306,bovada,4,,103,9.5,2026-10-04T15:50:26.360926Z,True,False,0.5098039215686274,0.49261083743842365,-1.7193084130203762,,True,main,loose
2026-10-05T12:51:33Z,2026-10-03T15:19:05Z,32670,player_rush_yds,Chase Brown,,49.5,Under,hardrock,190,25.7,T-24h+,6.27,0.3665,kalshi,4,,190,49.5,2026-09-30T23:30:42.850509Z,True,True,0.3448275862068966,0.3448275862068966,0.0,False,False,milestone,exact
2026-10-05T12:51:33Z,2026-10-03T15:19:05Z,32671,player_pass_tds,Matthew Stafford,,1.5,Under,kalshi,104,25.7,T-24h+,4.15,0.5105,pinnacle,12,,108,1.5,2026-10-04T09:54:28.507288Z,True,True,0.49019607843137253,0.4807692307692308,-0.9426847662141746,False,False,main,exact
2026-10-05T12:51:33Z,2026-10-03T15:19:05Z,32671,player_pass_yds,Jalen Hurts,,149.5,Under,hardrock,350,25.7,T-24h+,35.33,0.3007,kalshi,4,,350,149.5,2026-09-29T20:34:53.253597Z,True,True,0.2222222222222222,0.2222222222222222,0.0,False,False,milestone,exact
2026-10-05T12:51:33Z,2026-10-03T15:19:05Z,32671,player_pass_yds,Jalen Hurts,,199.5,Under,hardrock,-110,25.7,T-24h+,13.43,0.5942,kalshi,4,,-110,199.5,2026-09-29T21:52:35.780039Z,True,True,0.5238095238095238,0.5238095238095238,0.0,False,False,milestone,exact
2026-10-05T12:51:33Z,2026-10-03T15:19:05Z,32671,player_reception_yds,Dontayvion Wicks,,39.5,Over,hardrock,-120,25.7,T-24h+,15.69,0.6311,kalshi,4,,-120,39.5,2026-09-30T10:01:38.648067Z,True,True,0.5454545454545454,0.5454545454545454,0.0,False,False,milestone,exact
2026-10-05T12:51:33Z,2026-10-03T15:19:05Z,32671,player_reception_yds,Makai Lemon,,39.5,Over,hardrock,195,25.7,T-24h+,37.31,0.4655,kalshi,4,,195,39.5,2026-09-30T21:21:03.477702Z,True,True,0.3389830508474576,0.3389830508474576,0.0,False,False,milestone,exact
2026-10-05T12:51:33Z,2026-10-03T15:19:05Z,32671,player_reception_yds,Makai Lemon,,49.5,Over,hardrock,325,25.7,T-24h+,38.8,0.3266,kalshi,4,,325,49.5,2026-09-29T21:42:46.647473Z,True,True,0.23529411764705882,0.23529411764705882,0.0,False,False,milestone,exact
2026-10-05T12:51:33Z,2026-10-03T15:19:05Z,32671,player_reception_yds,Puka Nacua,,74.5,Over,kalshi,156,25.7,T-24h+,13.13,0.4419,pinnacle,3,,-108,74.5,2026-10-04T16:49:59.016826Z,False,True,0.390625,0.5192307692307693,12.860576923076927,True,False,alternate,exact
2026-10-05T12:51:33Z,2026-10-03T15:19:05Z,32671,player_receptions,Davante Adams,,4.5,Under,draftkings,116,25.7,T-24h+,4.35,0.4831,pinnacle,10,,-130,4.5,2026-10-04T16:36:55.822724Z,True,True,0.46296296296296297,0.5652173913043478,10.225442834138482,True,False,main,exact
2026-10-05T12:51:33Z,2026-10-03T15:19:05Z,32671,player_receptions,Dontayvion Wicks,,3.5,Over,hardrock,135,25.7,T-24h+,37.86,0.5867,pinnacle,11,,-155,3.5,2026-10-04T09:05:39.494366Z,True,True,0.425531914893617,0.6078431372549019,18.23112223612849,True,False,main,exact
2026-10-05T12:51:33Z,2026-10-03T15:19:05Z,32671,player_receptions,Dontayvion Wicks,,4.5,Over,hardrock,275,25.7,T-24h+,44.98,0.3866,kalshi,4,,275,4.5,2026-09-29T20:14:49.686540Z,True,True,0.26666666666666666,0.26666666666666666,0.0,False,False,milestone,exact
2026-10-05T12:51:33Z,2026-10-03T15:19:05Z,32671,player_receptions,Johnny Mundt,,1.5,Over,kalshi,178,25.7,T-24h+,4.89,0.3773,pinnacle,11,,186,1.5,2026-10-04T16:08:43.371434Z,True,True,0.3597122302158273,0.34965034965034963,-1.0061880565477688,False,False,main,exact
2026-10-05T12:51:33Z,2026-10-03T15:19:05Z,32671,player_receptions,Makai Lemon,,2.5,Over,hardrock,-165,25.7,T-24h+,9.69,0.6829,kalshi,4,,-165,2.5,2026-09-30T21:10:41.389450Z,True,True,0.6226415094339622,0.6226415094339622,0.0,False,False,milestone,exact
2026-10-05T12:51:33Z,2026-10-03T15:19:05Z,32671,player_receptions,Makai Lemon,,4.5,Over,hardrock,300,25.7,T-24h+,29.37,0.3234,kalshi,4,,300,4.5,2026-09-30T13:51:44.859075Z,True,True,0.25,0.25,0.0,False,False,milestone,exact
2026-10-05T12:51:33Z,2026-10-03T15:19:05Z,32671,player_rush_yds,Jalen Hurts,,24.5,Over,hardrock,-115,25.7,T-24h+,3.57,0.554,kalshi,4,,-115,24.5,2026-09-30T08:41:34.905567Z,True,True,0.5348837209302325,0.5348837209302325,0.0,False,False,milestone,exact
2026-10-05T12:51:33Z,2026-10-03T15:19:05Z,32671,player_rush_yds,Saquon Barkley,,79.5,Under,hardrock,-120,25.7,T-24h+,12.46,0.6134,kalshi,4,,-120,79.5,2026-09-30T17:52:33.917129Z,True,True,0.5454545454545454,0.5454545454545454,0.0,False,False,milestone,exact
2026-10-05T12:51:33Z,2026-10-03T15:19:05Z,32669,player_reception_yds,Mack Hollins,,24.5,Under,hardrock,250,25.7,T-24h+,26.3,0.3608,kalshi,4,,250,24.5,2026-09-30T09:11:36.959626Z,True,True,0.2857142857142857,0.2857142857142857,0.0,False,False,milestone,exact
2026-10-05T12:51:33Z,2026-10-03T15:19:05Z,32669,player_reception_yds,Romeo Doubs,,24.5,Under,hardrock,190,25.7,T-24h+,7.8,0.3717,kalshi,4,,190,24.5,2026-09-29T22:23:10.991790Z,True,True,0.3448275862068966,0.3448275862068966,0.0,False,False,milestone,exact
2026-10-05T12:51:33Z,2026-10-03T15:19:05Z,32669,player_receptions,Romeo Doubs,,3.5,Over,kalshi,133,25.7,T-24h+,4.0,0.4464,pinnacle,11,,138,3.5,2026-10-04T15:08:14.129601Z,True,True,0.4291845493562232,0.42016806722689076,-0.9016482129332426,False,False,main,exact
2026-10-05T12:51:33Z,2026-10-03T15:19:05Z,32669,player_receptions,Ty Johnson,,1.5,Over,kalshi,-108,25.7,T-24h+,4.47,0.5424,pinnacle,11,,-108,1.5,2026-10-04T16:55:26.974981Z,False,True,0.5192307692307693,0.5192307692307693,0.0,False,False,main,exact
2026-10-05T12:51:33Z,2026-10-03T15:19:05Z,32672,player_receptions,Chris Bell,,2.5,Under,draftkings,-106,28.8,T-24h+,3.68,0.5335,pinnacle,11,,-106,2.5,2026-10-04T18:37:40.308755Z,True,True,0.5145631067961165,0.5145631067961165,0.0,False,False,main,exact
2026-10-05T12:51:33Z,2026-10-03T15:19:05Z,32672,player_receptions,Jauan Jennings,,2.5,Over,kalshi,113,28.8,T-24h+,6.95,0.5021,pinnacle,10,,108,2.5,2026-10-04T19:31:06.627293Z,True,True,0.4694835680751174,0.4807692307692308,1.1285662694113408,True,False,main,exact
2026-10-05T12:51:33Z,2026-10-03T15:19:05Z,32672,player_receptions,Malik Washington,,3.5,Over,hardrock,-135,28.8,T-24h+,6.79,0.6135,pinnacle,6,,-135,3.5,2026-09-30T23:30:35.868746Z,True,True,0.574468085106383,0.574468085106383,0.0,False,False,milestone,exact
2026-10-05T12:51:33Z,2026-10-03T15:19:05Z,32672,player_receptions,T.J. Hockenson,,4.5,Over,kalshi,122,28.8,T-24h+,4.96,0.4728,pinnacle,11,,117,4.5,2026-10-04T19:59:56.471071Z,False,True,0.45045045045045046,0.4608294930875576,1.037904263710715,True,False,main,exact
2026-10-05T12:51:33Z,2026-10-03T15:19:05Z,32672,player_receptions,Tai Felton,,1.5,Over,kalshi,104,28.8,T-24h+,5.01,0.5148,pinnacle,11,,-104,1.5,2026-10-04T16:11:27.166925Z,True,True,0.49019607843137253,0.5098039215686274,1.9607843137254888,True,False,main,exact
2026-10-05T12:51:33Z,2026-10-03T15:19:05Z,32672,player_rush_attempts,Kyler Murray,,5.5,Under,hardrock,-130,28.8,T-24h+,3.11,0.5828,pinnacle,3,,-110,4.5,2026-10-04T16:55:38.099810Z,True,False,0.5652173913043478,0.5238095238095238,-4.140786749482395,,True,main,loose
2026-10-05T12:51:33Z,2026-10-03T15:19:05Z,32672,player_rush_longest,Malik Willis,,11.5,Over,underdog,-105,28.8,T-24h+,3.6,0.5306,bovada,4,,-124,11.5,2026-10-04T19:34:53.735597Z,True,True,0.5121951219512195,0.5535714285714286,4.137630662020908,True,False,main,exact
2026-10-05T12:51:33Z,2026-10-03T15:19:05Z,32672,player_rush_yds,Jaylen Wright,,24.5,Over,hardrock,105,28.8,T-24h+,15.7,0.5644,kalshi,4,,105,24.5,2026-09-30T23:20:45.930072Z,True,True,0.4878048780487805,0.4878048780487805,0.0,False,False,milestone,exact
2026-10-05T12:51:33Z,2026-10-03T15:19:05Z,32674,player_pass_tds,Brock Purdy,,1.5,Under,kalshi,108,29.1,T-24h+,4.0,0.5,pinnacle,12,,113,1.5,2026-10-04T18:42:16.560077Z,True,True,0.4807692307692308,0.4694835680751174,-1.1285662694113408,False,False,main,exact
2026-10-05T12:51:33Z,2026-10-03T15:19:05Z,32674,player_reception_yds,Christian McCaffrey,,49.5,Over,hardrock,165,29.1,T-24h+,7.55,0.4058,kalshi,4,,165,49.5,2026-09-30T19:01:39.049352Z,True,True,0.37735849056603776,0.37735849056603776,0.0,False,False,milestone,exact
2026-10-05T12:51:33Z,2026-10-03T15:19:05Z,32674,player_receptions,Adam Trautman,,0.5,Under,kalshi,156,29.1,T-24h+,7.81,0.4211,pinnacle,8,,138,0.5,2026-10-04T01:18:57.117367Z,True,True,0.390625,0.42016806722689076,2.9543067226890765,True,False,main,exact
2026-10-05T12:51:33Z,2026-10-03T15:19:05Z,32674,player_receptions,Adam Trautman,,0.5,Under,draftkings,153,29.1,T-24h+,6.55,0.4211,pinnacle,8,,140,0.5,2026-10-04T04:12:42.621358Z,True,True,0.3952569169960474,0.4166666666666667,2.140974967061926,True,False,main,exact
2026-10-05T12:51:33Z,2026-10-03T15:19:05Z,32674,player_receptions,Adam Trautman,,0.5,Under,fanduel,152,29.1,T-24h+,6.13,0.4211,pinnacle,8,,136,0.5,2026-10-04T01:11:39.614039Z,True,True,0.3968253968253968,0.423728813559322,2.6903416733925214,True,False,main,exact
2026-10-05T12:51:33Z,2026-10-03T15:19:05Z,32674,player_receptions,Adam Trautman,,0.5,Under,hardrock,145,29.1,T-24h+,3.18,0.4211,pinnacle,8,,135,0.5,2026-10-04T04:15:11.073214Z,True,True,0.40816326530612246,0.425531914893617,1.7368649587494567,True,False,main,exact
2026-10-05T12:51:33Z,2026-10-03T15:19:05Z,32674,player_receptions,Jaylen Waddle,,4.5,Over,kalshi,108,29.1,T-24h+,5.75,0.5084,pinnacle,12,,104,4.5,2026-10-03T21:11:51.578243Z,True,True,0.4807692307692308,0.49019607843137253,0.9426847662141746,True,False,alternate,exact
2026-10-05T12:51:33Z,2026-10-03T15:19:05Z,32673,player_receptions,Tory Horton,,1.5,Over,kalshi,178,29.1,T-24h+,3.66,0.3729,pinnacle,10,,257,1.5,2026-10-04T19:27:25.867959Z,True,True,0.3597122302158273,0.2801120448179272,-7.960018539790015,False,False,main,exact
2026-10-05T12:51:33Z,2026-10-03T15:19:05Z,32673,player_rush_yds,Emanuel Wilson,,49.5,Over,hardrock,140,29.1,T-24h+,35.46,0.5644,kalshi,4,,140,49.5,2026-09-30T20:11:41.078291Z,True,True,0.4166666666666667,0.4166666666666667,0.0,False,False,milestone,exact
2026-10-05T12:51:33Z,2026-10-03T15:19:05Z,32675,player_reception_yds,Jalen Nailor,,19.5,Under,kalshi,108,29.1,T-24h+,4.0,0.5,pinnacle,11,,-104,19.5,2026-10-04T20:20:03.176858Z,False,True,0.4807692307692308,0.5098039215686274,2.903469079939663,True,False,main,exact
2026-10-05T12:51:33Z,2026-10-03T15:19:05Z,32675,player_reception_yds,Michael Mayer,,24.5,Over,hardrock,130,29.1,T-24h+,4.9,0.4561,kalshi,4,,130,24.5,2026-09-30T21:30:40.748277Z,True,True,0.43478260869565216,0.43478260869565216,0.0,False,False,milestone,exact
2026-10-05T12:51:33Z,2026-10-03T15:19:05Z,32675,player_receptions,Cody White,,1.5,Over,kalshi,186,29.1,T-24h+,6.53,0.3725,pinnacle,10,,170,1.5,2026-10-04T20:24:49.890043Z,False,True,0.34965034965034963,0.37037037037037035,2.0720020720020713,True,False,main,exact
2026-10-05T12:51:33Z,2026-10-03T15:19:05Z,32675,player_receptions,Kenneth Walker III,,2.5,Over,kalshi,-144,29.1,T-24h+,3.71,0.6121,pinnacle,9,,-163,2.5,2026-10-04T16:21:41.466349Z,True,True,0.5901639344262295,0.6197718631178707,2.9607928691641194,True,False,main,exact
2026-10-05T12:51:33Z,2026-10-03T15:19:05Z,32675,player_receptions,Kenneth Walker III,,2.5,Over,hardrock,-145,29.1,T-24h+,3.42,0.6121,pinnacle,9,,-145,2.5,2026-09-30T22:40:53.919640Z,True,True,0.5918367346938775,0.5918367346938775,0.0,False,False,milestone,exact
2026-10-05T12:51:33Z,2026-10-03T15:19:05Z,32675,player_receptions,Travis Kelce,,4.5,Over,kalshi,127,29.1,T-24h+,3.25,0.4548,pinnacle,13,,117,4.5,2026-10-04T19:38:56.231832Z,True,True,0.44052863436123346,0.4608294930875576,2.0300858726324145,True,False,main,exact
2026-10-05T12:51:33Z,2026-10-03T15:19:05Z,32675,player_receptions,Tyquan Thornton,,1.5,Over,hardrock,120,29.1,T-24h+,3.74,0.4716,pinnacle,13,,120,1.5,2026-09-30T22:40:53.919640Z,True,True,0.45454545454545453,0.45454545454545453,0.0,False,False,milestone,exact
2026-10-05T12:51:33Z,2026-10-03T15:19:05Z,32675,player_rush_yds,Kirk Cousins,,0.5,Over,draftkings,106,29.1,T-24h+,5.61,0.5127,pinnacle,9,,-103,0.5,2026-10-04T19:42:53.127622Z,True,True,0.4854368932038835,0.5073891625615764,2.19522693576929,True,False,main,exact
2026-10-05T12:51:33Z,2026-10-03T15:19:05Z,32676,player_reception_yds,Tetairoa McMillan,,49.5,Under,hardrock,210,33.0,T-24h+,7.2,0.3458,kalshi,4,,210,49.5,2026-09-30T11:41:29.623533Z,True,True,0.3225806451612903,0.3225806451612903,0.0,False,False,milestone,exact
2026-10-05T12:51:33Z,2026-10-03T15:19:05Z,32676,player_receptions,Sam LaPorta,,4.5,Under,hardrock,-120,33.0,T-24h+,4.43,0.5696,pinnacle,13,,-120,4.5,2026-09-29T19:04:43.451007Z,True,True,0.5454545454545454,0.5454545454545454,0.0,False,False,milestone,exact
2026-10-05T12:51:33Z,2026-10-03T20:17:11Z,32670,player_rush_yds,Chase Brown,,49.5,Under,hardrock,190,20.7,T-24_to_12h,6.27,0.3665,kalshi,4,,190,49.5,2026-09-30T23:30:42.850509Z,True,True,0.3448275862068966,0.3448275862068966,0.0,False,False,milestone,exact
2026-10-05T12:51:33Z,2026-10-03T20:17:11Z,32671,player_pass_yds,Jalen Hurts,,199.5,Under,hardrock,-110,20.7,T-24_to_12h,13.43,0.5942,kalshi,4,,-110,199.5,2026-09-29T21:52:35.780039Z,True,True,0.5238095238095238,0.5238095238095238,0.0,False,False,milestone,exact
2026-10-05T12:51:33Z,2026-10-03T20:17:11Z,32671,player_reception_yds,Dontayvion Wicks,,39.5,Over,hardrock,-120,20.7,T-24_to_12h,19.83,0.6536,kalshi,4,,-120,39.5,2026-09-30T10:01:38.648067Z,True,True,0.5454545454545454,0.5454545454545454,0.0,False,False,milestone,exact
2026-10-05T12:51:33Z,2026-10-03T20:17:11Z,32671,player_reception_yds,Makai Lemon,,39.5,Over,hardrock,195,20.7,T-24_to_12h,37.31,0.4655,kalshi,4,,195,39.5,2026-09-30T21:21:03.477702Z,True,True,0.3389830508474576,0.3389830508474576,0.0,False,False,milestone,exact
2026-10-05T12:51:33Z,2026-10-03T20:17:11Z,32671,player_reception_yds,Makai Lemon,,49.5,Over,hardrock,325,20.7,T-24_to_12h,47.2,0.3464,kalshi,4,,325,49.5,2026-09-29T21:42:46.647473Z,True,True,0.23529411764705882,0.23529411764705882,0.0,False,False,milestone,exact
2026-10-05T12:51:33Z,2026-10-03T20:17:11Z,32671,player_receptions,Davante Adams,,4.5,Under,hardrock,125,20.7,T-24_to_12h,6.97,0.4754,kalshi,11,,125,4.5,2026-09-30T07:01:47.513099Z,True,True,0.4444444444444444,0.4444444444444444,0.0,False,False,milestone,exact
2026-10-05T12:51:33Z,2026-10-03T20:17:11Z,32671,player_receptions,Dontayvion Wicks,,4.5,Over,hardrock,275,20.7,T-24_to_12h,44.98,0.3866,kalshi,4,,275,4.5,2026-09-29T20:14:49.686540Z,True,True,0.26666666666666666,0.26666666666666666,0.0,False,False,milestone,exact
2026-10-05T12:51:33Z,2026-10-03T20:17:11Z,32671,player_receptions,Makai Lemon,,4.5,Over,hardrock,300,20.7,T-24_to_12h,29.37,0.3234,kalshi,4,,300,4.5,2026-09-30T13:51:44.859075Z,True,True,0.25,0.25,0.0,False,False,milestone,exact
2026-10-05T12:51:33Z,2026-10-03T20:17:11Z,32671,player_rush_yds,Saquon Barkley,,79.5,Under,hardrock,-120,20.7,T-24_to_12h,12.46,0.6134,kalshi,4,,-120,79.5,2026-09-30T17:52:33.917129Z,True,True,0.5454545454545454,0.5454545454545454,0.0,False,False,milestone,exact
2026-10-05T12:51:33Z,2026-10-03T20:17:11Z,32669,player_receptions,Ty Johnson,,1.5,Under,hardrock,115,20.7,T-24_to_12h,4.41,0.4856,kalshi,11,,100,1.5,2026-10-04T09:05:45.058677Z,True,True,0.46511627906976744,0.5,3.4883720930232567,True,False,main,exact
2026-10-05T12:51:33Z,2026-10-03T20:17:11Z,32672,player_receptions,Malik Washington,,3.5,Over,hardrock,-135,23.8,T-24_to_12h,8.53,0.6235,kalshi,6,,-135,3.5,2026-09-30T23:30:35.868746Z,True,True,0.574468085106383,0.574468085106383,0.0,False,False,milestone,exact
2026-10-05T12:51:33Z,2026-10-03T20:17:11Z,32672,player_rush_yds,Jaylen Wright,,29.5,Under,draftkings,-107,23.8,T-24_to_12h,3.41,0.5345,kalshi,4,,-110,28.5,2026-10-04T20:04:17.242503Z,False,False,0.5169082125603864,0.5238095238095238,0.6901311249137398,,True,main,loose
2026-10-05T12:51:33Z,2026-10-03T20:17:11Z,32674,player_reception_yds,Christian McCaffrey,,49.5,Over,hardrock,165,24.1,T-24h+,7.55,0.4058,kalshi,4,,165,49.5,2026-09-30T19:01:39.049352Z,True,True,0.37735849056603776,0.37735849056603776,0.0,False,False,milestone,exact
2026-10-05T12:51:33Z,2026-10-03T20:17:11Z,32673,player_rush_yds,Emanuel Wilson,,49.5,Over,hardrock,140,24.1,T-24h+,32.95,0.554,kalshi,4,,140,49.5,2026-09-30T20:11:41.078291Z,True,True,0.4166666666666667,0.4166666666666667,0.0,False,False,milestone,exact
2026-10-05T12:51:33Z,2026-10-03T20:17:11Z,32675,player_reception_yds,Michael Mayer,,24.5,Over,hardrock,130,24.1,T-24h+,4.9,0.4561,kalshi,4,,130,24.5,2026-09-30T21:30:40.748277Z,True,True,0.43478260869565216,0.43478260869565216,0.0,False,False,milestone,exact
2026-10-05T12:51:33Z,2026-10-03T20:17:11Z,32676,player_reception_yds,Tetairoa McMillan,,39.5,Under,hardrock,325,28.0,T-24h+,31.52,0.3095,kalshi,4,,325,39.5,2026-09-30T10:01:36.314181Z,True,True,0.23529411764705882,0.23529411764705882,0.0,False,False,milestone,exact
2026-10-05T12:51:33Z,2026-10-03T20:17:11Z,32676,player_reception_yds,Tetairoa McMillan,,49.5,Under,hardrock,210,28.0,T-24h+,10.36,0.356,kalshi,4,,210,49.5,2026-09-30T11:41:29.623533Z,True,True,0.3225806451612903,0.3225806451612903,0.0,False,False,milestone,exact
2026-10-05T12:51:33Z,2026-10-04T03:07:18Z,32670,player_pass_tds,Joe Burrow,,1.5,Under,kalshi,170,13.9,T-24_to_12h,6.04,0.3927,pinnacle,11,,170,1.5,2026-10-04T00:22:29.838509Z,True,True,0.37037037037037035,0.37037037037037035,0.0,False,False,alternate,exact
2026-10-05T12:51:33Z,2026-10-04T03:07:18Z,32670,player_pass_tds,Joe Burrow,,1.5,Under,fanduel,165,13.9,T-24_to_12h,4.08,0.3927,pinnacle,11,,165,1.5,2026-10-04T16:57:13.789870Z,False,True,0.37735849056603776,0.37735849056603776,0.0,False,False,main,exact
2026-10-05T12:51:33Z,2026-10-04T03:07:18Z,32670,player_pass_tds,Joe Burrow,,1.5,Under,draftkings,164,13.9,T-24_to_12h,3.68,0.3927,pinnacle,11,,-223,2.5,2026-10-04T15:24:25.503011Z,True,False,0.3787878787878788,0.6904024767801857,31.161459799230695,,False,main,loose
2026-10-05T12:51:33Z,2026-10-04T03:07:18Z,32670,player_pass_tds,Trevor Lawrence,,1.5,Under,kalshi,127,13.9,T-24_to_12h,6.18,0.4677,pinnacle,11,,127,1.5,2026-10-04T16:50:03.337138Z,False,True,0.44052863436123346,0.44052863436123346,0.0,False,False,alternate,exact
2026-10-05T12:51:33Z,2026-10-04T03:07:18Z,32670,player_reception_yds,Ja'Marr Chase,,79.5,Over,hardrock,-115,13.9,T-24_to_12h,3.57,0.554,kalshi,4,,-115,79.5,2026-09-30T07:51:20.521649Z,True,True,0.5348837209302325,0.5348837209302325,0.0,False,False,milestone,exact
2026-10-05T12:51:33Z,2026-10-04T03:07:18Z,32670,player_reception_yds,Samaje Perine,,9.5,Over,kalshi,108,13.9,T-24_to_12h,4.0,0.5,pinnacle,4,,117,9.5,2026-10-04T16:51:47.203623Z,False,True,0.4807692307692308,0.4608294930875576,-1.9939737681673175,False,False,main,exact
2026-10-05T12:51:33Z,2026-10-04T03:07:18Z,32670,player_receptions,Dohnte Meyers,,1.5,Under,hardrock,160,13.9,T-24_to_12h,5.52,0.4058,kalshi,4,,120,1.5,2026-10-04T11:41:25.373192Z,True,True,0.38461538461538464,0.45454545454545453,6.99300699300699,True,False,main,exact
2026-10-05T12:51:33Z,2026-10-04T03:07:18Z,32670,player_receptions,Dohnte Meyers,,2.5,Over,kalshi,170,13.9,T-24_to_12h,4.74,0.3879,pinnacle,11,,178,2.5,2026-10-04T16:17:06.507370Z,True,True,0.37037037037037035,0.3597122302158273,-1.0658140154543028,False,False,main,exact
2026-10-05T12:51:33Z,2026-10-04T03:07:18Z,32670,player_receptions,Josh Cameron,,1.5,Over,kalshi,194,13.9,T-24_to_12h,4.98,0.3571,pinnacle,9,,194,1.5,2026-10-03T20:40:29.547204Z,True,True,0.3401360544217687,0.3401360544217687,0.0,False,False,main,exact
2026-10-05T12:51:33Z,2026-10-04T03:07:18Z,32670,player_receptions,Tee Higgins,,4.5,Over,hardrock,105,13.9,T-24_to_12h,3.8,0.5063,pinnacle,11,,-110,4.5,2026-10-04T16:58:54.546567Z,False,True,0.4878048780487805,0.5238095238095238,3.600464576074336,True,False,main,exact
2026-10-05T12:51:33Z,2026-10-04T03:07:18Z,32670,player_receptions,Tee Higgins,,4.5,Over,kalshi,104,13.9,T-24_to_12h,3.29,0.5063,pinnacle,11,,104,4.5,2026-10-04T16:53:05.091812Z,False,True,0.49019607843137253,0.49019607843137253,0.0,False,False,main,exact
2026-10-05T12:51:33Z,2026-10-04T03:07:18Z,32670,player_rush_longest,Trevor Lawrence,,8.5,Over,underdog,-104,13.9,T-24_to_12h,4.08,0.5306,bovada,4,,103,9.5,2026-10-04T15:50:26.360926Z,True,False,0.5098039215686274,0.49261083743842365,-1.7193084130203762,,True,main,loose
2026-10-05T12:51:33Z,2026-10-04T03:07:18Z,32670,player_rush_yds,Chase Brown,,49.5,Under,hardrock,190,13.9,T-24_to_12h,9.88,0.3789,kalshi,4,,190,49.5,2026-09-30T23:30:42.850509Z,True,True,0.3448275862068966,0.3448275862068966,0.0,False,False,milestone,exact
2026-10-05T12:51:33Z,2026-10-04T03:07:18Z,32671,player_pass_tds,Matthew Stafford,,1.5,Under,kalshi,104,13.9,T-24_to_12h,4.15,0.5105,pinnacle,12,,108,1.5,2026-10-04T09:54:28.507288Z,True,True,0.49019607843137253,0.4807692307692308,-0.9426847662141746,False,False,main,exact
2026-10-05T12:51:33Z,2026-10-04T03:07:18Z,32671,player_pass_yds,Jalen Hurts,,199.5,Under,hardrock,-110,13.9,T-24_to_12h,13.43,0.5942,kalshi,4,,-110,199.5,2026-09-29T21:52:35.780039Z,True,True,0.5238095238095238,0.5238095238095238,0.0,False,False,milestone,exact
2026-10-05T12:51:33Z,2026-10-04T03:07:18Z,32671,player_reception_yds,Davante Adams,,49.5,Under,hardrock,225,13.9,T-24_to_12h,11.45,0.3429,kalshi,4,,225,49.5,2026-09-30T20:50:39.697510Z,True,True,0.3076923076923077,0.3076923076923077,0.0,False,False,milestone,exact
2026-10-05T12:51:33Z,2026-10-04T03:07:18Z,32671,player_reception_yds,Davante Adams,,79.5,Under,hardrock,-145,13.9,T-24_to_12h,8.79,0.6439,kalshi,4,,-145,79.5,2026-09-29T16:49:00.418655Z,True,True,0.5918367346938775,0.5918367346938775,0.0,False,False,milestone,exact
2026-10-05T12:51:33Z,2026-10-04T03:07:18Z,32671,player_reception_yds,Dontayvion Wicks,,39.5,Over,hardrock,-120,13.9,T-24_to_12h,18.04,0.6439,kalshi,4,,-120,39.5,2026-09-30T10:01:38.648067Z,True,True,0.5454545454545454,0.5454545454545454,0.0,False,False,milestone,exact
2026-10-05T12:51:33Z,2026-10-04T03:07:18Z,32671,player_reception_yds,Dontayvion Wicks,,49.5,Over,hardrock,135,13.9,T-24_to_12h,32.64,0.5644,kalshi,4,,135,49.5,2026-09-29T16:49:00.418655Z,True,True,0.425531914893617,0.425531914893617,0.0,False,False,milestone,exact
2026-10-05T12:51:33Z,2026-10-04T03:07:18Z,32671,player_reception_yds,Makai Lemon,,39.5,Over,hardrock,195,13.9,T-24_to_12h,37.31,0.4655,kalshi,4,,195,39.5,2026-09-30T21:21:03.477702Z,True,True,0.3389830508474576,0.3389830508474576,0.0,False,False,milestone,exact
2026-10-05T12:51:33Z,2026-10-04T03:07:18Z,32671,player_reception_yds,Makai Lemon,,49.5,Over,hardrock,325,13.9,T-24_to_12h,47.2,0.3464,kalshi,4,,325,49.5,2026-09-29T21:42:46.647473Z,True,True,0.23529411764705882,0.23529411764705882,0.0,False,False,milestone,exact
2026-10-05T12:51:33Z,2026-10-04T03:07:18Z,32671,player_reception_yds,Puka Nacua,,49.5,Under,hardrock,260,13.9,T-24_to_12h,21.22,0.3367,kalshi,4,,260,49.5,2026-09-30T21:10:41.389450Z,True,True,0.2777777777777778,0.2777777777777778,0.0,False,False,milestone,exact
2026-10-05T12:51:33Z,2026-10-04T03:07:18Z,32671,player_reception_yds,Puka Nacua,,74.5,Over,kalshi,150,13.9,T-24_to_12h,10.48,0.4419,pinnacle,4,,-108,74.5,2026-10-04T16:49:59.016826Z,False,True,0.4,0.5192307692307693,11.923076923076925,True,False,alternate,exact
2026-10-05T12:51:33Z,2026-10-04T03:07:18Z,32671,player_reception_yds,Puka Nacua,,79.5,Under,hardrock,-130,13.9,T-24_to_12h,10.31,0.6235,kalshi,4,,-130,79.5,2026-09-30T21:10:41.389450Z,True,True,0.5652173913043478,0.5652173913043478,0.0,False,False,milestone,exact
2026-10-05T12:51:33Z,2026-10-04T03:07:18Z,32671,player_receptions,Davante Adams,,4.5,Under,hardrock,125,13.9,T-24_to_12h,8.49,0.4822,pinnacle,11,,125,4.5,2026-09-30T07:01:47.513099Z,True,True,0.4444444444444444,0.4444444444444444,0.0,False,False,milestone,exact
2026-10-05T12:51:33Z,2026-10-04T03:07:18Z,32671,player_receptions,Davante Adams,,5.5,Under,hardrock,-155,13.9,T-24_to_12h,5.93,0.6439,kalshi,4,,-155,5.5,2026-09-30T20:50:39.697510Z,True,True,0.6078431372549019,0.6078431372549019,0.0,False,False,milestone,exact
2026-10-05T12:51:33Z,2026-10-04T03:07:18Z,32671,player_receptions,Dontayvion Wicks,,4.5,Over,hardrock,275,13.9,T-24_to_12h,44.98,0.3866,kalshi,4,,275,4.5,2026-09-29T20:14:49.686540Z,True,True,0.26666666666666666,0.26666666666666666,0.0,False,False,milestone,exact
2026-10-05T12:51:33Z,2026-10-04T03:07:18Z,32671,player_receptions,Johnny Mundt,,1.5,Over,kalshi,178,13.9,T-24_to_12h,4.89,0.3773,pinnacle,11,,186,1.5,2026-10-04T16:08:43.371434Z,True,True,0.3597122302158273,0.34965034965034963,-1.0061880565477688,False,False,main,exact
2026-10-05T12:51:33Z,2026-10-04T03:07:18Z,32671,player_receptions,Makai Lemon,,3.5,Over,hardrock,145,13.9,T-24_to_12h,30.91,0.5343,pinnacle,12,,145,3.5,2026-09-30T21:10:41.389450Z,True,True,0.40816326530612246,0.40816326530612246,0.0,False,False,milestone,exact
2026-10-05T12:51:33Z,2026-10-04T03:07:18Z,32671,player_receptions,Makai Lemon,,3.5,Over,underdog,-107,13.9,T-24_to_12h,3.37,0.5343,pinnacle,12,,-107,3.5,2026-10-02T14:59:16.867270Z,True,True,0.5169082125603864,0.5169082125603864,0.0,False,False,main,exact
2026-10-05T12:51:33Z,2026-10-04T03:07:18Z,32671,player_receptions,Makai Lemon,,4.5,Over,hardrock,300,13.9,T-24_to_12h,34.69,0.3367,kalshi,4,,300,4.5,2026-09-30T13:51:44.859075Z,True,True,0.25,0.25,0.0,False,False,milestone,exact
2026-10-05T12:51:33Z,2026-10-04T03:07:18Z,32671,player_receptions,Puka Nacua,,6.5,Over,kalshi,138,13.9,T-24_to_12h,3.7,0.4357,pinnacle,8,,104,6.5,2026-10-04T13:03:12.522819Z,True,True,0.42016806722689076,0.49019607843137253,7.002801120448177,True,False,main,exact
2026-10-05T12:51:33Z,2026-10-04T03:07:18Z,32671,player_rush_yds,Saquon Barkley,,79.5,Under,hardrock,-120,13.9,T-24_to_12h,10.68,0.6037,kalshi,4,,-120,79.5,2026-09-30T17:52:33.917129Z,True,True,0.5454545454545454,0.5454545454545454,0.0,False,False,milestone,exact
2026-10-05T12:51:33Z,2026-10-04T03:07:18Z,32669,player_pass_interceptions,Josh Allen,,0.5,Over,draftkings,131,13.9,T-24_to_12h,3.72,0.449,pinnacle,7,,119,0.5,2026-10-04T12:43:00.924116Z,True,True,0.4329004329004329,0.45662100456621,2.3720571665777124,True,False,main,exact
2026-10-05T12:51:33Z,2026-10-04T03:07:18Z,32669,player_pass_tds,Drake Maye,,1.5,Under,kalshi,-138,13.9,T-24_to_12h,3.62,0.6008,pinnacle,11,,-150,1.5,2026-10-04T15:41:13.214589Z,True,True,0.5798319327731093,0.6,2.0168067226890685,True,False,alternate,exact
2026-10-05T12:51:33Z,2026-10-04T03:07:18Z,32669,player_receptions,Dalton Kincaid,,3.5,Under,hardrock,180,13.9,T-24_to_12h,15.32,0.4119,kalshi,4,,180,3.5,2026-09-30T13:31:37.361313Z,True,True,0.35714285714285715,0.35714285714285715,0.0,False,False,milestone,exact
2026-10-05T12:51:33Z,2026-10-04T03:07:18Z,32669,player_receptions,Dalton Kincaid,,4.5,Over,kalshi,144,13.9,T-24_to_12h,7.82,0.4419,pinnacle,11,,138,4.5,2026-10-04T10:12:16.010705Z,True,True,0.4098360655737705,0.42016806722689076,1.033200165312026,True,False,main,exact
2026-10-05T12:51:33Z,2026-10-04T03:07:18Z,32669,player_receptions,Dalton Kincaid,,4.5,Under,hardrock,-115,13.9,T-24_to_12h,4.34,0.5581,pinnacle,11,,-155,4.5,2026-10-04T11:57:02.028479Z,True,True,0.5348837209302325,0.6078431372549019,7.29594163246694,True,False,main,exact
2026-10-05T12:51:33Z,2026-10-04T03:07:18Z,32669,player_receptions,Dawson Knox,,1.5,Over,kalshi,156,13.9,T-24_to_12h,5.82,0.4133,pinnacle,9,,156,1.5,2026-10-03T22:39:19.377605Z,True,True,0.390625,0.390625,0.0,False,False,main,exact
2026-10-05T12:51:33Z,2026-10-04T03:07:18Z,32669,player_receptions,Dawson Knox,,1.5,Over,fanduel,152,13.9,T-24_to_12h,4.16,0.4133,pinnacle,9,,152,1.5,2026-10-02T21:01:52.494425Z,True,True,0.3968253968253968,0.3968253968253968,0.0,False,False,main,exact
2026-10-05T12:51:33Z,2026-10-04T03:07:18Z,32669,player_receptions,Hunter Henry,,3.5,Over,kalshi,127,13.9,T-24_to_12h,5.43,0.4645,pinnacle,11,,133,3.5,2026-10-04T12:03:58.118881Z,True,True,0.44052863436123346,0.4291845493562232,-1.1344085005010274,False,False,main,exact
2026-10-05T12:51:33Z,2026-10-04T03:07:18Z,32669,player_receptions,Mack Hollins,,3.5,Over,kalshi,-100,13.9,T-24_to_12h,3.99,0.5199,pinnacle,11,,-100,3.5,2026-10-03T16:15:33.455678Z,True,True,0.5,0.5,0.0,False,False,main,exact
2026-10-05T12:51:33Z,2026-10-04T03:07:18Z,32669,player_receptions,Rhamondre Stevenson,,2.5,Under,hardrock,105,13.9,T-24_to_12h,5.53,0.5148,pinnacle,11,,-120,2.5,2026-10-04T15:40:06.099241Z,True,True,0.4878048780487805,0.5454545454545454,5.764966740576494,True,False,main,exact
2026-10-05T12:51:33Z,2026-10-04T03:07:18Z,32669,player_receptions,Romeo Doubs,,3.5,Over,kalshi,133,13.9,T-24_to_12h,4.0,0.4464,pinnacle,11,,138,3.5,2026-10-04T15:08:14.129601Z,True,True,0.4291845493562232,0.42016806722689076,-0.9016482129332426,False,False,main,exact
2026-10-05T12:51:33Z,2026-10-04T03:07:18Z,32669,player_receptions,Ty Johnson,,1.5,Over,kalshi,-108,13.9,T-24_to_12h,4.47,0.5424,pinnacle,11,,-108,1.5,2026-10-04T16:55:26.974981Z,False,True,0.5192307692307693,0.5192307692307693,0.0,False,False,main,exact
2026-10-05T12:51:33Z,2026-10-04T03:07:18Z,32672,player_receptions,Chris Bell,,2.5,Under,kalshi,-104,17.0,T-24_to_12h,4.64,0.5335,pinnacle,12,,-100,2.5,2026-10-04T20:03:14.553804Z,False,True,0.5098039215686274,0.5,-0.9803921568627416,False,False,main,exact
2026-10-05T12:51:33Z,2026-10-04T03:07:18Z,32672,player_receptions,Chris Bell,,2.5,Under,draftkings,-107,17.0,T-24_to_12h,3.21,0.5335,pinnacle,12,,-106,2.5,2026-10-04T18:37:40.308755Z,True,True,0.5169082125603864,0.5145631067961165,-0.2345105764269939,False,False,main,exact
2026-10-05T12:51:33Z,2026-10-04T03:07:18Z,32672,player_receptions,Jauan Jennings,,2.5,Over,kalshi,113,17.0,T-24_to_12h,5.6,0.4958,pinnacle,11,,108,2.5,2026-10-04T19:31:06.627293Z,True,True,0.4694835680751174,0.4807692307692308,1.1285662694113408,True,False,main,exact
2026-10-05T12:51:33Z,2026-10-04T03:07:18Z,32672,player_receptions,Jauan Jennings,,2.5,Over,draftkings,109,17.0,T-24_to_12h,3.62,0.4958,pinnacle,11,,104,2.5,2026-10-04T12:51:01.052599Z,True,True,0.4784688995215311,0.49019607843137253,1.172717890984143,True,False,main,exact
2026-10-05T12:51:33Z,2026-10-04T03:07:18Z,32672,player_receptions,Jordan Addison,,4.5,Under,kalshi,-113,17.0,T-24_to_12h,3.5,0.5491,pinnacle,12,,-113,4.5,2026-10-04T19:54:58.558090Z,True,True,0.5305164319248826,0.5305164319248826,0.0,False,False,main,exact
2026-10-05T12:51:33Z,2026-10-04T03:07:18Z,32672,player_receptions,Malik Washington,,3.5,Over,hardrock,-135,17.0,T-24_to_12h,6.79,0.6135,pinnacle,7,,-135,3.5,2026-09-30T23:30:35.868746Z,True,True,0.574468085106383,0.574468085106383,0.0,False,False,milestone,exact
2026-10-05T12:51:33Z,2026-10-04T03:07:18Z,32672,player_receptions,Malik Washington,,4.5,Over,hardrock,150,17.0,T-24_to_12h,14.02,0.4561,kalshi,8,,150,4.5,2026-09-30T23:30:35.868746Z,True,True,0.4,0.4,0.0,False,False,milestone,exact
2026-10-05T12:51:33Z,2026-10-04T03:07:18Z,32672,player_receptions,Ryan Miller,,0.5,Over,kalshi,-113,17.0,T-24_to_12h,3.13,0.5471,pinnacle,9,,-108,0.5,2026-10-04T16:44:10.352790Z,True,True,0.5305164319248826,0.5192307692307693,-1.1285662694113352,False,False,main,exact
2026-10-05T12:51:33Z,2026-10-04T03:07:18Z,32672,player_rush_attempts,Aaron Jones,,16.5,Under,draftkings,103,17.0,T-24_to_12h,4.07,0.5127,pinnacle,6,,-115,16.5,2026-10-04T16:25:03.030558Z,True,True,0.49261083743842365,0.5348837209302325,4.227288349180886,True,False,main,exact
2026-10-05T12:51:33Z,2026-10-04T03:07:18Z,32672,player_rush_longest,Malik Willis,,11.5,Over,underdog,-105,17.0,T-24_to_12h,3.6,0.5306,bovada,3,,-124,11.5,2026-10-04T19:34:53.735597Z,True,True,0.5121951219512195,0.5535714285714286,4.137630662020908,True,False,main,exact
2026-10-05T12:51:33Z,2026-10-04T03:07:18Z,32672,player_rush_yds,Jaylen Wright,,24.5,Over,hardrock,105,17.0,T-24_to_12h,15.7,0.5644,kalshi,4,,105,24.5,2026-09-30T23:20:45.930072Z,True,True,0.4878048780487805,0.4878048780487805,0.0,False,False,milestone,exact
2026-10-05T12:51:33Z,2026-10-04T03:07:18Z,32672,player_rush_yds,Jaylen Wright,,39.5,Over,hardrock,275,17.0,T-24_to_12h,18.89,0.3171,kalshi,4,,275,39.5,2026-09-30T23:20:45.930072Z,True,True,0.26666666666666666,0.26666666666666666,0.0,False,False,milestone,exact
2026-10-05T12:51:33Z,2026-10-04T03:07:18Z,32674,player_pass_tds,Brock Purdy,,1.5,Under,kalshi,108,17.3,T-24_to_12h,4.0,0.5,pinnacle,11,,113,1.5,2026-10-04T18:42:16.560077Z,True,True,0.4807692307692308,0.4694835680751174,-1.1285662694113408,False,False,main,exact
2026-10-05T12:51:33Z,2026-10-04T03:07:18Z,32674,player_reception_yds,Christian McCaffrey,,49.5,Over,hardrock,165,17.3,T-24_to_12h,7.55,0.4058,kalshi,4,,165,49.5,2026-09-30T19:01:39.049352Z,True,True,0.37735849056603776,0.37735849056603776,0.0,False,False,milestone,exact
2026-10-05T12:51:33Z,2026-10-04T03:07:18Z,32674,player_receptions,Adam Trautman,,0.5,Under,draftkings,145,17.3,T-24_to_12h,3.45,0.4222,pinnacle,9,,140,0.5,2026-10-04T04:12:42.621358Z,True,True,0.40816326530612246,0.4166666666666667,0.8503401360544227,True,False,main,exact
2026-10-05T12:51:33Z,2026-10-04T03:07:18Z,32674,player_receptions,Jaylen Waddle,,4.5,Over,kalshi,104,17.3,T-24_to_12h,3.72,0.5084,pinnacle,12,,104,4.5,2026-10-03T21:11:51.578243Z,True,True,0.49019607843137253,0.49019607843137253,0.0,False,False,alternate,exact
2026-10-05T12:51:33Z,2026-10-04T03:07:18Z,32674,player_receptions,Kyle Juszczyk,,1.5,Over,kalshi,178,17.3,T-24_to_12h,4.77,0.3769,pinnacle,9,,186,1.5,2026-10-04T20:24:47.541411Z,False,True,0.3597122302158273,0.34965034965034963,-1.0061880565477688,False,False,main,exact
2026-10-05T12:51:33Z,2026-10-04T03:07:18Z,32673,player_reception_yds,Quentin Johnston,,35.5,Over,fanatics,-105,17.3,T-24_to_12h,3.34,0.5293,pinnacle,11,,-115,35.5,2026-10-04T20:24:59.815567Z,False,True,0.5121951219512195,0.5348837209302325,2.2688598979012986,True,False,main,exact
2026-10-05T12:51:33Z,2026-10-04T03:07:18Z,32673,player_receptions,AJ Barner,,3.5,Over,kalshi,144,17.3,T-24_to_12h,3.59,0.4245,pinnacle,9,,150,3.5,2026-10-04T17:33:33.942112Z,True,True,0.4098360655737705,0.4,-0.983606557377048,False,False,main,exact
2026-10-05T12:51:33Z,2026-10-04T03:07:18Z,32673,player_receptions,Oronde Gadsden II,,2.5,Under,draftkings,122,17.3,T-24_to_12h,3.38,0.4657,pinnacle,7,,120,2.5,2026-10-04T19:54:54.958544Z,True,True,0.45045045045045046,0.45454545454545453,0.40950040950040734,True,False,main,exact
2026-10-05T12:51:33Z,2026-10-04T03:07:18Z,32673,player_receptions,Quentin Johnston,,2.5,Over,kalshi,-156,17.3,T-24_to_12h,3.47,0.6305,pinnacle,7,,-156,2.5,2026-10-04T15:42:20.971760Z,True,True,0.609375,0.609375,0.0,False,False,main,exact
2026-10-05T12:51:33Z,2026-10-04T03:07:18Z,32673,player_receptions,Tory Horton,,1.5,Over,kalshi,178,17.3,T-24_to_12h,3.55,0.3725,pinnacle,10,,257,1.5,2026-10-04T19:27:25.867959Z,True,True,0.3597122302158273,0.2801120448179272,-7.960018539790015,False,False,main,exact
2026-10-05T12:51:33Z,2026-10-04T03:07:18Z,32673,player_rush_yds,Emanuel Wilson,,39.5,Over,hardrock,-125,17.3,T-24_to_12h,12.23,0.6235,kalshi,4,,-125,39.5,2026-09-30T20:11:41.078291Z,True,True,0.5555555555555556,0.5555555555555556,0.0,False,False,milestone,exact
2026-10-05T12:51:33Z,2026-10-04T03:07:18Z,32673,player_rush_yds,Emanuel Wilson,,49.5,Over,hardrock,140,17.3,T-24_to_12h,16.55,0.4856,kalshi,7,,140,49.5,2026-09-30T20:11:41.078291Z,True,True,0.4166666666666667,0.4166666666666667,0.0,False,False,milestone,exact
2026-10-05T12:51:33Z,2026-10-04T03:07:18Z,32675,player_pass_tds,Kirk Cousins,,1.5,Under,kalshi,-133,17.3,T-24_to_12h,3.06,0.5883,pinnacle,13,,-138,1.5,2026-10-04T19:48:32.155843Z,True,True,0.5708154506437768,0.5798319327731093,0.9016482129332481,True,False,main,exact
2026-10-05T12:51:33Z,2026-10-04T03:07:18Z,32675,player_reception_yds,Brock Bowers,,79.5,Under,hardrock,-130,17.3,T-24_to_12h,3.14,0.583,kalshi,4,,-130,79.5,2026-09-30T23:30:40.448253Z,True,True,0.5652173913043478,0.5652173913043478,0.0,False,False,milestone,exact
2026-10-05T12:51:33Z,2026-10-04T03:07:18Z,32675,player_reception_yds,Jalen Nailor,,19.5,Under,kalshi,108,17.3,T-24_to_12h,4.0,0.5,pinnacle,13,,-104,19.5,2026-10-04T20:20:03.176858Z,False,True,0.4807692307692308,0.5098039215686274,2.903469079939663,True,False,main,exact
2026-10-05T12:51:33Z,2026-10-04T03:07:18Z,32675,player_reception_yds,Michael Mayer,,24.5,Over,hardrock,130,17.3,T-24_to_12h,5.96,0.4607,kalshi,4,,130,24.5,2026-09-30T21:30:40.748277Z,True,True,0.43478260869565216,0.43478260869565216,0.0,False,False,milestone,exact
2026-10-05T12:51:33Z,2026-10-04T03:07:18Z,32675,player_receptions,Cody White,,1.5,Over,kalshi,186,17.3,T-24_to_12h,6.53,0.3725,pinnacle,10,,170,1.5,2026-10-04T20:24:49.890043Z,False,True,0.34965034965034963,0.37037037037037035,2.0720020720020713,True,False,main,exact
2026-10-05T12:51:33Z,2026-10-04T03:07:18Z,32675,player_receptions,Kenneth Walker III,,2.5,Over,kalshi,-144,17.3,T-24_to_12h,3.47,0.6106,pinnacle,9,,-163,2.5,2026-10-04T16:21:41.466349Z,True,True,0.5901639344262295,0.6197718631178707,2.9607928691641194,True,False,main,exact
2026-10-05T12:51:33Z,2026-10-04T03:07:18Z,32675,player_receptions,Kenneth Walker III,,2.5,Over,hardrock,-145,17.3,T-24_to_12h,3.18,0.6106,pinnacle,9,,-145,2.5,2026-09-30T22:40:53.919640Z,True,True,0.5918367346938775,0.5918367346938775,0.0,False,False,milestone,exact
2026-10-05T12:51:33Z,2026-10-04T03:07:18Z,32675,player_receptions,Travis Kelce,,4.5,Over,kalshi,127,17.3,T-24_to_12h,3.25,0.4548,pinnacle,13,,117,4.5,2026-10-04T19:38:56.231832Z,True,True,0.44052863436123346,0.4608294930875576,2.0300858726324145,True,False,main,exact
2026-10-05T12:51:33Z,2026-10-04T03:07:18Z,32675,player_receptions,Tyquan Thornton,,1.5,Over,hardrock,120,17.3,T-24_to_12h,3.74,0.4716,pinnacle,13,,120,1.5,2026-09-30T22:40:53.919640Z,True,True,0.45454545454545453,0.45454545454545453,0.0,False,False,milestone,exact
2026-10-05T12:51:33Z,2026-10-04T03:07:18Z,32676,player_pass_tds,Jared Goff,,1.5,Under,kalshi,156,21.2,T-24_to_12h,4.04,0.4064,pinnacle,13,,163,1.5,2026-10-05T00:03:53.185789Z,True,True,0.390625,0.38022813688212925,-1.0396863117870747,False,False,main,exact
2026-10-05T12:51:33Z,2026-10-04T03:07:18Z,32676,player_pass_tds,Jared Goff,,1.5,Under,fanduel,154,21.2,T-24_to_12h,3.23,0.4064,pinnacle,13,,165,1.5,2026-10-05T00:16:21.325901Z,False,True,0.3937007874015748,0.37735849056603776,-1.6342296835537062,False,False,main,exact
2026-10-05T12:51:33Z,2026-10-04T03:07:18Z,32676,player_receptions,Isaac TeSlaa,,1.5,Over,kalshi,113,21.2,T-24_to_12h,3.35,0.4852,pinnacle,13,,113,1.5,2026-10-04T16:28:59.694584Z,True,True,0.4694835680751174,0.4694835680751174,0.0,False,False,main,exact
2026-10-05T12:51:33Z,2026-10-04T03:07:18Z,32676,player_receptions,Sam LaPorta,,3.5,Under,hardrock,170,21.2,T-24_to_12h,3.37,0.3829,kalshi,4,,170,3.5,2026-09-29T19:04:43.451007Z,True,True,0.37037037037037035,0.37037037037037035,0.0,False,False,milestone,exact
2026-10-05T12:51:33Z,2026-10-04T03:07:18Z,32676,player_receptions,Tetairoa McMillan,,4.5,Over,kalshi,-144,21.2,T-24_to_12h,3.47,0.6106,pinnacle,12,,-150,4.5,2026-10-05T00:19:32.168882Z,False,True,0.5901639344262295,0.6,0.983606557377048,True,False,main,exact
2026-10-05T23:29:24Z,2026-10-01T11:56:30Z,32665,player_pass_attempts,Cam Ward,,33.5,Under,underdog,-103,77.1,T-24h+,3.29,0.5241,pinnacle,5,,-105,32.5,2026-10-04T04:34:34.812557Z,True,False,0.5073891625615764,0.5121951219512195,0.4805959389643122,,True,main,loose
2026-10-05T23:29:24Z,2026-10-01T11:56:30Z,32665,player_pass_completions,Lamar Jackson,,18.5,Over,underdog,-102,77.1,T-24h+,6.53,0.5379,pinnacle,9,,-127,17.5,2026-10-04T16:57:34.899749Z,False,False,0.504950495049505,0.5594713656387665,5.452087058926159,,False,main,loose
2026-10-05T23:29:24Z,2026-10-01T11:56:30Z,32665,player_pass_completions,Lamar Jackson,,18.5,Over,draftkings,-103,77.1,T-24h+,6.01,0.5379,pinnacle,9,,-104,18.5,2026-10-03T20:19:55.858969Z,True,True,0.5073891625615764,0.5098039215686274,0.2414759007051015,True,False,main,exact
2026-10-05T23:29:24Z,2026-10-01T11:56:30Z,32667,player_pass_completions,Geno Smith,,21.5,Over,draftkings,102,77.1,T-24h+,3.87,0.5142,pinnacle,7,,-115,21.5,2026-10-04T16:27:01.060949Z,True,True,0.49504950495049505,0.5348837209302325,3.9834215979737464,True,False,main,exact
2026-10-05T23:29:24Z,2026-10-01T17:45:32Z,32664,player_receptions,Jonnu Smith,,1.5,Over,kalshi,163,71.2,T-24h+,4.63,0.3978,pinnacle,9,,194,1.5,2026-10-04T16:44:49.546024Z,True,True,0.38022813688212925,0.3401360544217687,-4.009208246036056,False,False,main,exact
2026-10-05T23:29:24Z,2026-10-01T17:45:32Z,32664,player_rush_attempts,Kaleb Johnson,,8.5,Over,underdog,-104,71.2,T-24h+,8.47,0.553,pinnacle,7,,104,9.5,2026-10-04T16:54:13.804041Z,False,False,0.5098039215686274,0.49019607843137253,-1.9607843137254888,,True,main,loose
2026-10-05T23:29:24Z,2026-10-01T17:45:32Z,32664,player_rush_attempts,Kaleb Johnson,,8.5,Over,draftkings,-115,71.2,T-24h+,3.38,0.553,pinnacle,7,,102,9.5,2026-10-04T16:52:39.343388Z,False,False,0.5348837209302325,0.49504950495049505,-3.9834215979737464,,True,main,loose
2026-10-05T23:29:24Z,2026-10-01T17:45:32Z,32665,player_pass_attempts,Cam Ward,,33.5,Under,underdog,-103,71.2,T-24h+,3.29,0.5241,pinnacle,5,,-105,32.5,2026-10-04T04:34:34.812557Z,True,False,0.5073891625615764,0.5121951219512195,0.4805959389643122,,True,main,loose
2026-10-05T23:29:24Z,2026-10-01T17:45:32Z,32665,player_receptions,Calvin Ridley,,1.5,Over,kalshi,212,71.2,T-24h+,3.51,0.3318,pinnacle,7,,285,1.5,2026-10-04T16:42:37.169371Z,True,True,0.32051282051282054,0.2597402597402597,-6.077256077256083,False,False,main,exact
2026-10-05T23:29:24Z,2026-10-01T17:45:32Z,32665,player_receptions,Elic Ayomanor,,1.5,Under,kalshi,138,71.2,T-24h+,3.05,0.433,pinnacle,11,,127,1.5,2026-10-04T16:59:28.852494Z,False,True,0.42016806722689076,0.44052863436123346,2.03605671343427,True,False,main,exact
2026-10-05T23:29:24Z,2026-10-01T17:45:32Z,32665,player_receptions,Gunnar Helm,,2.5,Over,kalshi,-117,71.2,T-24h+,6.04,0.5717,pinnacle,11,,-117,2.5,2026-10-04T16:25:26.608722Z,True,True,0.5391705069124424,0.5391705069124424,0.0,False,False,main,exact
2026-10-05T23:29:24Z,2026-10-01T17:45:32Z,32667,player_reception_yds,Garrett Wilson,,49.5,Under,hardrock,275,71.2,T-24h+,14.88,0.3064,kalshi,4,,275,49.5,2026-09-30T18:51:58.738525Z,True,True,0.26666666666666666,0.26666666666666666,0.0,False,False,milestone,exact
2026-10-05T23:29:24Z,2026-10-01T17:45:32Z,32667,player_receptions,Kyle Monangai,,1.5,Over,kalshi,186,71.2,T-24h+,7.25,0.375,bovada,6,,233,1.5,2026-10-04T15:51:55.205891Z,True,True,0.34965034965034963,0.3003003003003003,-4.935004935004933,False,False,main,exact
2026-10-05T23:29:24Z,2026-10-01T17:45:32Z,32667,player_receptions,Rome Odunze,,2.5,Over,hardrock,105,71.2,T-24h+,5.41,0.5142,pinnacle,11,,-120,2.5,2026-10-01T04:47:22.009071Z,True,True,0.4878048780487805,0.5454545454545454,5.764966740576494,True,False,main,exact
2026-10-05T23:29:24Z,2026-10-01T22:04:24Z,32664,player_receptions,Jonnu Smith,,1.5,Over,kalshi,170,66.9,T-24h+,7.41,0.3978,pinnacle,9,,194,1.5,2026-10-04T16:44:49.546024Z,True,True,0.37037037037037035,0.3401360544217687,-3.023431594860165,False,False,main,exact
2026-10-05T23:29:24Z,2026-10-01T22:04:24Z,32664,player_rush_attempts,Kaleb Johnson,,8.5,Over,draftkings,-111,66.9,T-24h+,5.11,0.553,pinnacle,7,,102,9.5,2026-10-04T16:52:39.343388Z,False,False,0.5260663507109005,0.49504950495049505,-3.101684576040542,,True,main,loose
2026-10-05T23:29:24Z,2026-10-01T22:04:24Z,32664,player_rush_attempts,Kaleb Johnson,,8.5,Over,underdog,-112,66.9,T-24h+,4.67,0.553,pinnacle,7,,104,9.5,2026-10-04T16:54:13.804041Z,False,False,0.5283018867924528,0.49019607843137253,-3.81058083610803,,True,main,loose
2026-10-05T23:29:24Z,2026-10-01T22:04:24Z,32664,player_rush_yds,Bucky Irving,,49.5,Under,hardrock,150,66.9,T-24h+,9.3,0.4372,kalshi,4,,150,49.5,2026-09-30T12:21:20.974927Z,True,True,0.4,0.4,0.0,False,False,milestone,exact
2026-10-05T23:29:24Z,2026-10-01T22:04:24Z,32665,player_pass_attempts,Cam Ward,,33.5,Under,underdog,-103,66.9,T-24h+,3.29,0.5241,pinnacle,5,,-105,32.5,2026-10-04T04:34:34.812557Z,True,False,0.5073891625615764,0.5121951219512195,0.4805959389643122,,True,main,loose
2026-10-05T23:29:24Z,2026-10-01T22:04:24Z,32665,player_receptions,Calvin Ridley,,1.5,Over,kalshi,212,66.9,T-24h+,3.51,0.3318,pinnacle,7,,285,1.5,2026-10-04T16:42:37.169371Z,True,True,0.32051282051282054,0.2597402597402597,-6.077256077256083,False,False,main,exact
2026-10-05T23:29:24Z,2026-10-01T22:04:24Z,32665,player_receptions,Elic Ayomanor,,1.5,Under,kalshi,138,66.9,T-24h+,3.05,0.433,pinnacle,11,,127,1.5,2026-10-04T16:59:28.852494Z,False,True,0.42016806722689076,0.44052863436123346,2.03605671343427,True,False,main,exact
2026-10-05T23:29:24Z,2026-10-01T22:04:24Z,32665,player_receptions,Mark Andrews,,4.5,Over,kalshi,163,66.9,T-24h+,4.5,0.3974,pinnacle,4,,156,4.5,2026-10-04T15:02:48.839842Z,True,True,0.38022813688212925,0.390625,1.0396863117870747,True,False,main,exact
2026-10-05T23:29:24Z,2026-10-01T22:04:24Z,32667,player_reception_yds,D'Andre Swift,,14.5,Over,kalshi,122,66.9,T-24h+,11.0,0.5,pinnacle,5,,-100,14.5,2026-10-04T14:28:11.573531Z,True,True,0.45045045045045046,0.5,4.954954954954954,True,False,alternate,exact
2026-10-05T23:29:24Z,2026-10-01T22:04:24Z,32667,player_reception_yds,Rome Odunze,,39.5,Over,hardrock,165,66.9,T-24h+,4.48,0.3943,kalshi,4,,165,39.5,2026-09-30T22:30:58.328554Z,True,True,0.37735849056603776,0.37735849056603776,0.0,False,False,milestone,exact
2026-10-05T23:29:24Z,2026-10-01T22:04:24Z,32667,player_receptions,Garrett Wilson,,4.5,Under,hardrock,300,66.9,T-24h+,26.22,0.3156,kalshi,4,,300,4.5,2026-09-30T20:30:34.486435Z,True,True,0.25,0.25,0.0,False,False,milestone,exact
2026-10-05T23:29:24Z,2026-10-01T22:04:24Z,32667,player_receptions,Kalif Raymond,,2.5,Under,hardrock,175,66.9,T-24h+,3.79,0.3774,kalshi,4,,175,2.5,2026-09-30T21:40:39.284778Z,True,True,0.36363636363636365,0.36363636363636365,0.0,False,False,milestone,exact
2026-10-05T23:29:24Z,2026-10-01T22:04:24Z,32667,player_receptions,Rome Odunze,,2.5,Over,hardrock,105,66.9,T-24h+,5.41,0.5142,pinnacle,10,,-120,2.5,2026-10-01T04:47:22.009071Z,True,True,0.4878048780487805,0.5454545454545454,5.764966740576494,True,False,main,exact
2026-10-05T23:29:24Z,2026-10-01T22:04:24Z,32667,player_receptions,Rome Odunze,,3.5,Over,hardrock,250,66.9,T-24h+,6.26,0.3036,kalshi,4,,250,3.5,2026-09-30T18:22:15.802192Z,True,True,0.2857142857142857,0.2857142857142857,0.0,False,False,milestone,exact
2026-10-05T23:29:24Z,2026-10-01T22:04:24Z,32667,player_rush_yds,Kyle Monangai,,38.5,Over,underdog,-112,66.9,T-24h+,6.32,0.5617,pinnacle,3,,-112,39.5,2026-10-02T19:19:29.748390Z,True,False,0.5283018867924528,0.5283018867924528,0.0,,True,main,loose
2026-10-05T23:29:24Z,2026-10-02T02:49:19Z,32664,player_receptions,Jonnu Smith,,1.5,Over,kalshi,186,62.2,T-24h+,10.49,0.3863,pinnacle,8,,194,1.5,2026-10-04T16:44:49.546024Z,True,True,0.34965034965034963,0.3401360544217687,-0.9514295228580938,False,False,main,exact
2026-10-05T23:29:24Z,2026-10-02T02:49:19Z,32664,player_receptions,Jonnu Smith,,1.5,Over,hardrock,170,62.2,T-24h+,4.31,0.3863,pinnacle,8,,175,1.5,2026-10-04T16:51:48.852390Z,False,True,0.37037037037037035,0.36363636363636365,-0.6734006734006703,False,False,main,exact
2026-10-05T23:29:24Z,2026-10-02T02:49:19Z,32664,player_receptions,MarShawn Lloyd,,1.5,Over,kalshi,163,62.2,T-24h+,5.02,0.3993,pinnacle,8,,178,1.5,2026-10-04T16:44:10.773221Z,True,True,0.38022813688212925,0.3597122302158273,-2.051590666630193,False,False,main,exact
2026-10-05T23:29:24Z,2026-10-02T02:49:19Z,32664,player_rush_attempts,Kaleb Johnson,,8.5,Over,draftkings,-111,62.2,T-24h+,3.38,0.5438,pinnacle,7,,102,9.5,2026-10-04T16:52:39.343388Z,False,False,0.5260663507109005,0.49504950495049505,-3.101684576040542,,True,main,loose
2026-10-05T23:29:24Z,2026-10-02T02:49:19Z,32664,player_rush_yds,Bucky Irving,,49.5,Under,hardrock,150,62.2,T-24h+,10.27,0.4411,kalshi,4,,150,49.5,2026-09-30T12:21:20.974927Z,True,True,0.4,0.4,0.0,False,False,milestone,exact
2026-10-05T23:29:24Z,2026-10-02T02:49:19Z,32665,player_pass_attempts,Cam Ward,,33.5,Under,underdog,-103,62.2,T-24h+,3.29,0.5241,pinnacle,5,,-105,32.5,2026-10-04T04:34:34.812557Z,True,False,0.5073891625615764,0.5121951219512195,0.4805959389643122,,True,main,loose
2026-10-05T23:29:24Z,2026-10-02T02:49:19Z,32665,player_receptions,Calvin Ridley,,1.5,Over,kalshi,212,62.2,T-24h+,3.51,0.3318,pinnacle,7,,285,1.5,2026-10-04T16:42:37.169371Z,True,True,0.32051282051282054,0.2597402597402597,-6.077256077256083,False,False,main,exact
2026-10-05T23:29:24Z,2026-10-02T02:49:19Z,32665,player_receptions,Elic Ayomanor,,1.5,Under,kalshi,138,62.2,T-24h+,3.05,0.433,pinnacle,11,,127,1.5,2026-10-04T16:59:28.852494Z,False,True,0.42016806722689076,0.44052863436123346,2.03605671343427,True,False,main,exact
2026-10-05T23:29:24Z,2026-10-02T02:49:19Z,32665,player_receptions,Mark Andrews,,4.5,Over,kalshi,163,62.2,T-24h+,4.5,0.3974,pinnacle,4,,156,4.5,2026-10-04T15:02:48.839842Z,True,True,0.38022813688212925,0.390625,1.0396863117870747,True,False,main,exact
2026-10-05T23:29:24Z,2026-10-02T02:49:19Z,32667,player_reception_yds,Rome Odunze,,39.5,Over,hardrock,165,62.2,T-24h+,6.56,0.4021,kalshi,4,,165,39.5,2026-09-30T22:30:58.328554Z,True,True,0.37735849056603776,0.37735849056603776,0.0,False,False,milestone,exact
2026-10-05T23:29:24Z,2026-10-02T02:49:19Z,32667,player_receptions,Garrett Wilson,,4.5,Under,hardrock,300,62.2,T-24h+,26.22,0.3156,kalshi,4,,300,4.5,2026-09-30T20:30:34.486435Z,True,True,0.25,0.25,0.0,False,False,milestone,exact
2026-10-05T23:29:24Z,2026-10-02T02:49:19Z,32667,player_receptions,Kalif Raymond,,2.5,Under,hardrock,175,62.2,T-24h+,3.79,0.3774,kalshi,4,,175,2.5,2026-09-30T21:40:39.284778Z,True,True,0.36363636363636365,0.36363636363636365,0.0,False,False,milestone,exact
2026-10-05T23:29:24Z,2026-10-02T02:49:19Z,32667,player_rush_yds,Kyle Monangai,,38.5,Over,underdog,-112,62.2,T-24h+,6.32,0.5617,pinnacle,3,,-112,39.5,2026-10-02T19:19:29.748390Z,True,False,0.5283018867924528,0.5283018867924528,0.0,,True,main,loose
2026-10-05T23:29:24Z,2026-10-02T11:28:18Z,32664,player_receptions,Jonnu Smith,,1.5,Over,kalshi,186,53.5,T-24h+,10.49,0.3863,pinnacle,8,,194,1.5,2026-10-04T16:44:49.546024Z,True,True,0.34965034965034963,0.3401360544217687,-0.9514295228580938,False,False,main,exact
2026-10-05T23:29:24Z,2026-10-02T11:28:18Z,32664,player_receptions,Jonnu Smith,,1.5,Over,hardrock,170,53.5,T-24h+,4.31,0.3863,pinnacle,8,,175,1.5,2026-10-04T16:51:48.852390Z,False,True,0.37037037037037035,0.36363636363636365,-0.6734006734006703,False,False,main,exact
2026-10-05T23:29:24Z,2026-10-02T11:28:18Z,32664,player_receptions,MarShawn Lloyd,,1.5,Over,kalshi,163,53.5,T-24h+,5.02,0.3993,pinnacle,8,,178,1.5,2026-10-04T16:44:10.773221Z,True,True,0.38022813688212925,0.3597122302158273,-2.051590666630193,False,False,main,exact
2026-10-05T23:29:24Z,2026-10-02T11:28:18Z,32664,player_rush_attempts,Kaleb Johnson,,8.5,Over,draftkings,-111,53.5,T-24h+,3.38,0.5438,pinnacle,7,,102,9.5,2026-10-04T16:52:39.343388Z,False,False,0.5260663507109005,0.49504950495049505,-3.101684576040542,,True,main,loose
2026-10-05T23:29:24Z,2026-10-02T11:28:18Z,32664,player_rush_yds,Bucky Irving,,49.5,Under,hardrock,150,53.5,T-24h+,8.22,0.4329,kalshi,4,,150,49.5,2026-09-30T12:21:20.974927Z,True,True,0.4,0.4,0.0,False,False,milestone,exact
2026-10-05T23:29:24Z,2026-10-02T11:28:18Z,32665,player_pass_attempts,Cam Ward,,33.5,Under,underdog,-103,53.5,T-24h+,3.29,0.5241,pinnacle,5,,-105,32.5,2026-10-04T04:34:34.812557Z,True,False,0.5073891625615764,0.5121951219512195,0.4805959389643122,,True,main,loose
2026-10-05T23:29:24Z,2026-10-02T11:28:18Z,32665,player_receptions,Calvin Ridley,,1.5,Over,kalshi,212,53.5,T-24h+,3.51,0.3318,pinnacle,6,,285,1.5,2026-10-04T16:42:37.169371Z,True,True,0.32051282051282054,0.2597402597402597,-6.077256077256083,False,False,main,exact
2026-10-05T23:29:24Z,2026-10-02T11:28:18Z,32665,player_receptions,Elic Ayomanor,,1.5,Under,kalshi,138,53.5,T-24h+,3.05,0.433,pinnacle,11,,127,1.5,2026-10-04T16:59:28.852494Z,False,True,0.42016806722689076,0.44052863436123346,2.03605671343427,True,False,main,exact
2026-10-05T23:29:24Z,2026-10-02T11:28:18Z,32665,player_receptions,Mark Andrews,,4.5,Over,kalshi,163,53.5,T-24h+,4.5,0.3974,pinnacle,4,,156,4.5,2026-10-04T15:02:48.839842Z,True,True,0.38022813688212925,0.390625,1.0396863117870747,True,False,main,exact
2026-10-05T23:29:24Z,2026-10-02T11:28:18Z,32667,player_reception_yds,Rome Odunze,,39.5,Over,hardrock,165,53.5,T-24h+,8.15,0.4081,kalshi,4,,165,39.5,2026-09-30T22:30:58.328554Z,True,True,0.37735849056603776,0.37735849056603776,0.0,False,False,milestone,exact
2026-10-05T23:29:24Z,2026-10-02T11:28:18Z,32667,player_receptions,Rome Odunze,,3.5,Over,hardrock,250,53.5,T-24h+,6.26,0.3036,kalshi,4,,250,3.5,2026-09-30T18:22:15.802192Z,True,True,0.2857142857142857,0.2857142857142857,0.0,False,False,milestone,exact
2026-10-05T23:29:24Z,2026-10-02T11:28:18Z,32667,player_rush_yds,Kyle Monangai,,38.5,Over,underdog,-112,53.5,T-24h+,6.32,0.5617,pinnacle,3,,-112,39.5,2026-10-02T19:19:29.748390Z,True,False,0.5283018867924528,0.5283018867924528,0.0,,True,main,loose
2026-10-05T23:29:24Z,2026-10-02T16:55:29Z,32664,player_receptions,Christian Watson,,4.5,Over,kalshi,-122,48.1,T-24h+,3.18,0.567,pinnacle,9,,-122,4.5,2026-10-04T16:40:00.819865Z,True,True,0.5495495495495496,0.5495495495495496,0.0,False,False,alternate,exact
2026-10-05T23:29:24Z,2026-10-02T16:55:29Z,32664,player_receptions,MarShawn Lloyd,,1.5,Over,kalshi,170,48.1,T-24h+,7.82,0.3993,pinnacle,8,,178,1.5,2026-10-04T16:44:10.773221Z,True,True,0.37037037037037035,0.3597122302158273,-1.0658140154543028,False,False,main,exact
2026-10-05T23:29:24Z,2026-10-02T16:55:29Z,32664,player_receptions,Skyy Moore,,1.5,Under,draftkings,149,48.1,T-24h+,7.37,0.4312,pinnacle,9,,-111,1.5,2026-10-04T15:57:47.878656Z,True,True,0.40160642570281124,0.5260663507109005,12.445992500808922,True,False,main,exact
2026-10-05T23:29:24Z,2026-10-02T16:55:29Z,32664,player_rush_yds,Bucky Irving,,49.5,Under,hardrock,150,48.1,T-24h+,6.85,0.4274,kalshi,4,,150,49.5,2026-09-30T12:21:20.974927Z,True,True,0.4,0.4,0.0,False,False,milestone,exact
2026-10-05T23:29:24Z,2026-10-02T16:55:29Z,32665,player_pass_attempts,Cam Ward,,33.5,Under,underdog,-103,48.1,T-24h+,3.29,0.5241,pinnacle,5,,-105,32.5,2026-10-04T04:34:34.812557Z,True,False,0.5073891625615764,0.5121951219512195,0.4805959389643122,,True,main,loose
2026-10-05T23:29:24Z,2026-10-02T16:55:29Z,32665,player_receptions,Calvin Ridley,,1.5,Over,kalshi,223,48.1,T-24h+,7.49,0.3328,pinnacle,6,,285,1.5,2026-10-04T16:42:37.169371Z,True,True,0.30959752321981426,0.2597402597402597,-4.985726347955454,False,False,main,exact
2026-10-05T23:29:24Z,2026-10-02T16:55:29Z,32665,player_receptions,Zay Flowers,,3.5,Under,hardrock,260,48.1,T-24h+,11.01,0.3084,kalshi,4,,260,3.5,2026-09-30T14:57:52.205331Z,True,True,0.2777777777777778,0.2777777777777778,0.0,False,False,milestone,exact
2026-10-05T23:29:24Z,2026-10-02T16:55:29Z,32667,player_reception_yds,Rome Odunze,,39.5,Over,hardrock,165,48.1,T-24h+,7.55,0.4058,kalshi,4,,165,39.5,2026-09-30T22:30:58.328554Z,True,True,0.37735849056603776,0.37735849056603776,0.0,False,False,milestone,exact
2026-10-05T23:29:24Z,2026-10-02T16:55:29Z,32667,player_receptions,Garrett Wilson,,6.5,Over,kalshi,113,48.1,T-24h+,3.48,0.4858,pinnacle,12,,113,6.5,2026-10-04T16:59:01.095028Z,False,True,0.4694835680751174,0.4694835680751174,0.0,False,False,main,exact
2026-10-05T23:29:24Z,2026-10-02T16:55:29Z,32667,player_receptions,Rome Odunze,,2.5,Over,hardrock,105,48.1,T-24h+,5.41,0.5142,pinnacle,11,,-120,2.5,2026-10-01T04:47:22.009071Z,True,True,0.4878048780487805,0.5454545454545454,5.764966740576494,True,False,main,exact
2026-10-05T23:29:24Z,2026-10-02T16:55:29Z,32667,player_receptions,Rome Odunze,,3.5,Over,hardrock,250,48.1,T-24h+,6.26,0.3036,kalshi,4,,250,3.5,2026-09-30T18:22:15.802192Z,True,True,0.2857142857142857,0.2857142857142857,0.0,False,False,milestone,exact
2026-10-05T23:29:24Z,2026-10-02T16:55:29Z,32667,player_rush_yds,Kyle Monangai,,38.5,Over,underdog,-112,48.1,T-24h+,5.37,0.5567,pinnacle,4,,-112,39.5,2026-10-02T19:19:29.748390Z,True,False,0.5283018867924528,0.5283018867924528,0.0,,True,main,loose
2026-10-05T23:29:24Z,2026-10-02T21:30:10Z,32664,player_pass_completions,Jordan Love,,20.5,Under,draftkings,104,43.5,T-24h+,4.15,0.5105,pinnacle,7,,-119,21.5,2026-10-04T16:52:39.343388Z,False,False,0.49019607843137253,0.54337899543379,5.318291700241745,,False,main,loose
2026-10-05T23:29:24Z,2026-10-02T21:30:10Z,32664,player_reception_yds,Skyy Moore,,19.5,Over,kalshi,113,43.5,T-24h+,5.6,0.4958,pinnacle,3,,117,19.5,2026-10-04T16:48:53.027624Z,True,True,0.4694835680751174,0.4608294930875576,-0.8654074987559768,False,False,alternate,exact
2026-10-05T23:29:24Z,2026-10-02T21:30:10Z,32664,player_receptions,Cade Otton,,2.5,Over,kalshi,-138,43.5,T-24h+,3.0,0.5972,pinnacle,11,,-138,2.5,2026-10-04T15:40:50.250914Z,True,True,0.5798319327731093,0.5798319327731093,0.0,False,False,main,exact
2026-10-05T23:29:24Z,2026-10-02T21:30:10Z,32664,player_receptions,MarShawn Lloyd,,1.5,Over,kalshi,170,43.5,T-24h+,7.78,0.3992,pinnacle,8,,178,1.5,2026-10-04T16:44:10.773221Z,True,True,0.37037037037037035,0.3597122302158273,-1.0658140154543028,False,False,main,exact
2026-10-05T23:29:24Z,2026-10-02T21:30:10Z,32664,player_receptions,Tez Johnson,,1.5,Over,kalshi,194,43.5,T-24h+,4.98,0.3571,pinnacle,9,,212,1.5,2026-10-04T14:33:05.923649Z,True,True,0.3401360544217687,0.32051282051282054,-1.9623233908948157,False,False,main,exact
2026-10-05T23:29:24Z,2026-10-02T21:30:10Z,32665,player_pass_attempts,Cam Ward,,33.5,Under,underdog,-103,43.5,T-24h+,3.73,0.5263,pinnacle,4,,-105,32.5,2026-10-04T04:34:34.812557Z,True,False,0.5073891625615764,0.5121951219512195,0.4805959389643122,,True,main,loose
2026-10-05T23:29:24Z,2026-10-02T21:30:10Z,32665,player_receptions,Calvin Ridley,,1.5,Over,kalshi,223,43.5,T-24h+,7.59,0.3331,pinnacle,6,,285,1.5,2026-10-04T16:42:37.169371Z,True,True,0.30959752321981426,0.2597402597402597,-4.985726347955454,False,False,main,exact
2026-10-05T23:29:24Z,2026-10-02T21:30:10Z,32665,player_receptions,Rashod Bateman,,1.5,Under,hardrock,300,43.5,T-24h+,28.2,0.3205,kalshi,4,,300,1.5,2026-09-30T14:57:52.205331Z,True,True,0.25,0.25,0.0,False,False,milestone,exact
2026-10-05T23:29:24Z,2026-10-02T21:30:10Z,32665,player_receptions,Rashod Bateman,,2.5,Under,hardrock,115,43.5,T-24h+,21.17,0.5636,pinnacle,11,,115,2.5,2026-09-30T22:50:52.831847Z,True,True,0.46511627906976744,0.46511627906976744,0.0,False,False,milestone,exact
2026-10-05T23:29:24Z,2026-10-02T21:30:10Z,32665,player_receptions,Tony Pollard,,1.5,Under,fanduel,140,43.5,T-24h+,3.29,0.4304,pinnacle,9,,-102,1.5,2026-10-04T16:07:00.777765Z,True,True,0.4166666666666667,0.504950495049505,8.828382838283828,True,False,main,exact
2026-10-05T23:29:24Z,2026-10-02T21:30:10Z,32667,player_reception_yds,Rome Odunze,,39.5,Over,hardrock,165,43.5,T-24h+,5.48,0.3981,kalshi,4,,165,39.5,2026-09-30T22:30:58.328554Z,True,True,0.37735849056603776,0.37735849056603776,0.0,False,False,milestone,exact
2026-10-05T23:29:24Z,2026-10-02T21:30:10Z,32667,player_receptions,Isaiah Williams,,2.5,Over,kalshi,-104,43.5,T-24h+,3.66,0.5284,pinnacle,11,,-113,2.5,2026-10-04T16:57:23.581326Z,False,True,0.5098039215686274,0.5305164319248826,2.071251035625521,True,False,main,exact
2026-10-05T23:29:24Z,2026-10-02T21:30:10Z,32667,player_receptions,Kalif Raymond,,2.5,Under,hardrock,175,43.5,T-24h+,3.19,0.3752,kalshi,4,,175,2.5,2026-09-30T21:40:39.284778Z,True,True,0.36363636363636365,0.36363636363636365,0.0,False,False,milestone,exact
2026-10-05T23:29:24Z,2026-10-02T21:30:10Z,32667,player_rush_yds,D'Andre Swift,,49.5,Under,hardrock,210,43.5,T-24h+,16.33,0.3752,kalshi,4,,210,49.5,2026-09-30T20:30:34.486435Z,True,True,0.3225806451612903,0.3225806451612903,0.0,False,False,milestone,exact
2026-10-05T23:29:24Z,2026-10-03T02:35:50Z,32664,player_field_goals_made,Chase McLaughlin,,1.5,Under,hardrock,-105,38.4,T-24h+,5.9,0.5424,pinnacle,5,,-105,1.5,2026-10-04T16:35:05.352603Z,True,True,0.5121951219512195,0.5121951219512195,0.0,False,False,main,exact
2026-10-05T23:29:24Z,2026-10-03T02:35:50Z,32664,player_field_goals_made,Chase McLaughlin,,1.5,Under,draftkings,-107,38.4,T-24h+,4.93,0.5424,pinnacle,5,,-116,1.5,2026-10-04T15:57:45.013186Z,True,True,0.5169082125603864,0.5370370370370371,2.0128824476650653,True,False,main,exact
2026-10-05T23:29:24Z,2026-10-03T02:35:50Z,32664,player_pass_completions,Jordan Love,,20.5,Under,draftkings,104,38.4,T-24h+,4.15,0.5105,pinnacle,7,,-119,21.5,2026-10-04T16:52:39.343388Z,False,False,0.49019607843137253,0.54337899543379,5.318291700241745,,False,main,loose
2026-10-05T23:29:24Z,2026-10-03T02:35:50Z,32664,player_receptions,Cade Otton,,2.5,Over,kalshi,-138,38.4,T-24h+,3.0,0.5972,pinnacle,11,,-138,2.5,2026-10-04T15:40:50.250914Z,True,True,0.5798319327731093,0.5798319327731093,0.0,False,False,main,exact
2026-10-05T23:29:24Z,2026-10-03T02:35:50Z,32664,player_receptions,Jonnu Smith,,1.5,Under,hardrock,-180,38.4,T-24h+,3.17,0.6633,kalshi,7,,-250,1.5,2026-10-04T16:51:48.852390Z,False,True,0.6428571428571429,0.7142857142857143,7.14285714285714,True,False,main,exact
2026-10-05T23:29:24Z,2026-10-03T02:35:50Z,32664,player_receptions,MarShawn Lloyd,,1.5,Over,kalshi,170,38.4,T-24h+,7.78,0.3992,pinnacle,9,,178,1.5,2026-10-04T16:44:10.773221Z,True,True,0.37037037037037035,0.3597122302158273,-1.0658140154543028,False,False,main,exact
2026-10-05T23:29:24Z,2026-10-03T02:35:50Z,32664,player_receptions,Matthew Golden,,4.5,Over,hardrock,-110,38.4,T-24h+,3.17,0.5404,pinnacle,11,,-110,4.5,2026-09-30T12:01:35.504710Z,True,True,0.5238095238095238,0.5238095238095238,0.0,False,False,milestone,exact
2026-10-05T23:29:24Z,2026-10-03T02:35:50Z,32664,player_receptions,Tez Johnson,,1.5,Over,kalshi,203,38.4,T-24h+,8.19,0.3571,pinnacle,6,,212,1.5,2026-10-04T14:33:05.923649Z,True,True,0.33003300330033003,0.32051282051282054,-0.952018278750949,False,False,main,exact
2026-10-05T23:29:24Z,2026-10-03T02:35:50Z,32664,player_rush_yds,Bucky Irving,,39.5,Under,hardrock,275,38.4,T-24h+,13.85,0.3036,kalshi,4,,275,39.5,2026-09-30T17:22:07.896699Z,True,True,0.26666666666666666,0.26666666666666666,0.0,False,False,milestone,exact
2026-10-05T23:29:24Z,2026-10-03T02:35:50Z,32664,player_rush_yds,Bucky Irving,,49.5,Under,hardrock,150,38.4,T-24h+,6.85,0.4274,kalshi,4,,150,49.5,2026-09-30T12:21:20.974927Z,True,True,0.4,0.4,0.0,False,False,milestone,exact
2026-10-05T23:29:24Z,2026-10-03T02:35:50Z,32665,player_receptions,Calvin Ridley,,1.5,Over,kalshi,223,38.4,T-24h+,5.82,0.3276,pinnacle,6,,285,1.5,2026-10-04T16:42:37.169371Z,True,True,0.30959752321981426,0.2597402597402597,-4.985726347955454,False,False,main,exact
2026-10-05T23:29:24Z,2026-10-03T02:35:50Z,32665,player_receptions,Rashod Bateman,,2.5,Under,hardrock,115,38.4,T-24h+,21.17,0.5636,pinnacle,11,,115,2.5,2026-09-30T22:50:52.831847Z,True,True,0.46511627906976744,0.46511627906976744,0.0,False,False,milestone,exact
2026-10-05T23:29:24Z,2026-10-03T02:35:50Z,32665,player_receptions,Tony Pollard,,1.5,Under,fanduel,140,38.4,T-24h+,3.29,0.4304,pinnacle,10,,-102,1.5,2026-10-04T16:07:00.777765Z,True,True,0.4166666666666667,0.504950495049505,8.828382838283828,True,False,main,exact
2026-10-05T23:29:24Z,2026-10-03T02:35:50Z,32665,player_rush_yds,Lamar Jackson,,24.5,Under,hardrock,170,38.4,T-24h+,4.37,0.3866,kalshi,4,,170,24.5,2026-09-30T18:52:01.189681Z,True,True,0.37037037037037035,0.37037037037037035,0.0,False,False,milestone,exact
2026-10-05T23:29:24Z,2026-10-03T02:35:50Z,32667,player_reception_yds,Rome Odunze,,39.5,Over,hardrock,165,38.4,T-24h+,5.48,0.3981,kalshi,4,,165,39.5,2026-09-30T22:30:58.328554Z,True,True,0.37735849056603776,0.37735849056603776,0.0,False,False,milestone,exact
2026-10-05T23:29:24Z,2026-10-03T02:35:50Z,32667,player_receptions,Isaiah Williams,,2.5,Over,kalshi,-104,38.4,T-24h+,3.66,0.5284,pinnacle,11,,-113,2.5,2026-10-04T16:57:23.581326Z,False,True,0.5098039215686274,0.5305164319248826,2.071251035625521,True,False,main,exact
2026-10-05T23:29:24Z,2026-10-03T02:35:50Z,32667,player_receptions,Rome Odunze,,2.5,Over,hardrock,105,38.4,T-24h+,5.53,0.5148,pinnacle,11,,-120,2.5,2026-10-01T04:47:22.009071Z,True,True,0.4878048780487805,0.5454545454545454,5.764966740576494,True,False,main,exact
2026-10-05T23:29:24Z,2026-10-03T02:35:50Z,32667,player_rush_yds,D'Andre Swift,,49.5,Under,hardrock,210,38.4,T-24h+,9.37,0.3528,kalshi,4,,210,49.5,2026-09-30T20:30:34.486435Z,True,True,0.3225806451612903,0.3225806451612903,0.0,False,False,milestone,exact
2026-10-05T23:29:24Z,2026-10-03T10:43:53Z,32664,player_field_goals_made,Chase McLaughlin,,1.5,Under,draftkings,-107,30.3,T-24h+,4.93,0.5424,pinnacle,6,,-116,1.5,2026-10-04T15:57:45.013186Z,True,True,0.5169082125603864,0.5370370370370371,2.0128824476650653,True,False,main,exact
2026-10-05T23:29:24Z,2026-10-03T10:43:53Z,32664,player_field_goals_made,Chase McLaughlin,,1.5,Under,hardrock,-110,30.3,T-24h+,3.55,0.5424,pinnacle,6,,-105,1.5,2026-10-04T16:35:05.352603Z,True,True,0.5238095238095238,0.5121951219512195,-1.1614401858304313,False,False,main,exact
2026-10-05T23:29:24Z,2026-10-03T10:43:53Z,32664,player_pass_completions,Jordan Love,,20.5,Under,draftkings,104,30.3,T-24h+,4.15,0.5105,pinnacle,7,,-119,21.5,2026-10-04T16:52:39.343388Z,False,False,0.49019607843137253,0.54337899543379,5.318291700241745,,False,main,loose
2026-10-05T23:29:24Z,2026-10-03T10:43:53Z,32664,player_receptions,Cade Otton,,2.5,Over,kalshi,-138,30.3,T-24h+,3.0,0.5972,pinnacle,11,,-138,2.5,2026-10-04T15:40:50.250914Z,True,True,0.5798319327731093,0.5798319327731093,0.0,False,False,main,exact
2026-10-05T23:29:24Z,2026-10-03T10:43:53Z,32664,player_receptions,MarShawn Lloyd,,1.5,Over,kalshi,170,30.3,T-24h+,7.78,0.3992,pinnacle,9,,178,1.5,2026-10-04T16:44:10.773221Z,True,True,0.37037037037037035,0.3597122302158273,-1.0658140154543028,False,False,main,exact
2026-10-05T23:29:24Z,2026-10-03T10:43:53Z,32664,player_receptions,Matthew Golden,,4.5,Over,hardrock,-110,30.3,T-24h+,3.17,0.5404,pinnacle,11,,-110,4.5,2026-09-30T12:01:35.504710Z,True,True,0.5238095238095238,0.5238095238095238,0.0,False,False,milestone,exact
2026-10-05T23:29:24Z,2026-10-03T10:43:53Z,32664,player_receptions,Tez Johnson,,1.5,Over,kalshi,203,30.3,T-24h+,7.82,0.3559,pinnacle,7,,212,1.5,2026-10-04T14:33:05.923649Z,True,True,0.33003300330033003,0.32051282051282054,-0.952018278750949,False,False,main,exact
2026-10-05T23:29:24Z,2026-10-03T10:43:53Z,32664,player_rush_yds,Bucky Irving,,49.5,Under,hardrock,150,30.3,T-24h+,6.85,0.4274,kalshi,4,,150,49.5,2026-09-30T12:21:20.974927Z,True,True,0.4,0.4,0.0,False,False,milestone,exact
2026-10-05T23:29:24Z,2026-10-03T10:43:53Z,32665,player_receptions,Calvin Ridley,,1.5,Over,kalshi,223,30.3,T-24h+,5.82,0.3276,pinnacle,6,,285,1.5,2026-10-04T16:42:37.169371Z,True,True,0.30959752321981426,0.2597402597402597,-4.985726347955454,False,False,main,exact
2026-10-05T23:29:24Z,2026-10-03T10:43:53Z,32665,player_receptions,Mark Andrews,,3.5,Over,kalshi,-122,30.3,T-24h+,4.09,0.572,pinnacle,11,,-138,3.5,2026-10-04T16:39:46.647935Z,True,True,0.5495495495495496,0.5798319327731093,3.0282383223559695,True,False,main,exact
2026-10-05T23:29:24Z,2026-10-03T10:43:53Z,32665,player_receptions,Rashod Bateman,,2.5,Under,hardrock,115,30.3,T-24h+,21.17,0.5636,pinnacle,11,,115,2.5,2026-09-30T22:50:52.831847Z,True,True,0.46511627906976744,0.46511627906976744,0.0,False,False,milestone,exact
2026-10-05T23:29:24Z,2026-10-03T10:43:53Z,32665,player_rush_yds,Lamar Jackson,,24.5,Under,hardrock,170,30.3,T-24h+,4.37,0.3866,kalshi,4,,170,24.5,2026-09-30T18:52:01.189681Z,True,True,0.37037037037037035,0.37037037037037035,0.0,False,False,milestone,exact
2026-10-05T23:29:24Z,2026-10-03T10:43:53Z,32667,player_reception_yds,Rome Odunze,,39.5,Over,hardrock,165,30.3,T-24h+,5.48,0.3981,kalshi,4,,165,39.5,2026-09-30T22:30:58.328554Z,True,True,0.37735849056603776,0.37735849056603776,0.0,False,False,milestone,exact
2026-10-05T23:29:24Z,2026-10-03T10:43:53Z,32667,player_receptions,Isaiah Williams,,2.5,Over,kalshi,-104,30.3,T-24h+,3.66,0.5284,pinnacle,11,,-113,2.5,2026-10-04T16:57:23.581326Z,False,True,0.5098039215686274,0.5305164319248826,2.071251035625521,True,False,main,exact
2026-10-05T23:29:24Z,2026-10-03T10:43:53Z,32667,player_receptions,Rome Odunze,,2.5,Over,hardrock,105,30.3,T-24h+,5.53,0.5148,pinnacle,11,,-120,2.5,2026-10-01T04:47:22.009071Z,True,True,0.4878048780487805,0.5454545454545454,5.764966740576494,True,False,main,exact
2026-10-05T23:29:24Z,2026-10-03T10:43:53Z,32667,player_rush_yds,D'Andre Swift,,49.5,Under,hardrock,210,30.3,T-24h+,7.37,0.3464,kalshi,4,,210,49.5,2026-09-30T20:30:34.486435Z,True,True,0.3225806451612903,0.3225806451612903,0.0,False,False,milestone,exact
2026-10-05T23:29:24Z,2026-10-03T15:19:05Z,32664,player_field_goals_made,Chase McLaughlin,,1.5,Under,draftkings,-107,25.7,T-24h+,4.93,0.5424,pinnacle,6,,-116,1.5,2026-10-04T15:57:45.013186Z,True,True,0.5169082125603864,0.5370370370370371,2.0128824476650653,True,False,main,exact
2026-10-05T23:29:24Z,2026-10-03T15:19:05Z,32664,player_field_goals_made,Chase McLaughlin,,1.5,Under,hardrock,-110,25.7,T-24h+,3.55,0.5424,pinnacle,6,,-105,1.5,2026-10-04T16:35:05.352603Z,True,True,0.5238095238095238,0.5121951219512195,-1.1614401858304313,False,False,main,exact
2026-10-05T23:29:24Z,2026-10-03T15:19:05Z,32664,player_pass_completions,Jordan Love,,20.5,Under,draftkings,104,25.7,T-24h+,4.15,0.5105,pinnacle,7,,-119,21.5,2026-10-04T16:52:39.343388Z,False,False,0.49019607843137253,0.54337899543379,5.318291700241745,,False,main,loose
2026-10-05T23:29:24Z,2026-10-03T15:19:05Z,32664,player_receptions,Cade Otton,,2.5,Over,kalshi,-138,25.7,T-24h+,3.0,0.5972,pinnacle,11,,-138,2.5,2026-10-04T15:40:50.250914Z,True,True,0.5798319327731093,0.5798319327731093,0.0,False,False,main,exact
2026-10-05T23:29:24Z,2026-10-03T15:19:05Z,32664,player_receptions,MarShawn Lloyd,,1.5,Over,kalshi,170,25.7,T-24h+,7.78,0.3992,pinnacle,9,,178,1.5,2026-10-04T16:44:10.773221Z,True,True,0.37037037037037035,0.3597122302158273,-1.0658140154543028,False,False,main,exact
2026-10-05T23:29:24Z,2026-10-03T15:19:05Z,32664,player_receptions,Tez Johnson,,1.5,Over,kalshi,203,25.7,T-24h+,7.0,0.3531,pinnacle,9,,212,1.5,2026-10-04T14:33:05.923649Z,True,True,0.33003300330033003,0.32051282051282054,-0.952018278750949,False,False,main,exact
2026-10-05T23:29:24Z,2026-10-03T15:19:05Z,32664,player_rush_yds,Bucky Irving,,49.5,Under,hardrock,150,25.7,T-24h+,6.85,0.4274,kalshi,4,,150,49.5,2026-09-30T12:21:20.974927Z,True,True,0.4,0.4,0.0,False,False,milestone,exact
2026-10-05T23:29:24Z,2026-10-03T15:19:05Z,32664,player_rush_yds,Jalon Daniels,,24.5,Under,hardrock,210,25.7,T-24h+,3.31,0.3333,kalshi,4,,210,24.5,2026-09-30T17:32:10.763424Z,True,True,0.3225806451612903,0.3225806451612903,0.0,False,False,milestone,exact
2026-10-05T23:29:24Z,2026-10-03T15:19:05Z,32665,player_receptions,Calvin Ridley,,1.5,Over,kalshi,233,25.7,T-24h+,9.01,0.3274,pinnacle,6,,285,1.5,2026-10-04T16:42:37.169371Z,True,True,0.3003003003003003,0.2597402597402597,-4.056004056004059,False,False,main,exact
2026-10-05T23:29:24Z,2026-10-03T15:19:05Z,32665,player_receptions,Mark Andrews,,3.5,Over,kalshi,-122,25.7,T-24h+,4.09,0.572,pinnacle,11,,-138,3.5,2026-10-04T16:39:46.647935Z,True,True,0.5495495495495496,0.5798319327731093,3.0282383223559695,True,False,main,exact
2026-10-05T23:29:24Z,2026-10-03T15:19:05Z,32665,player_rush_yds,Lamar Jackson,,24.5,Under,hardrock,170,25.7,T-24h+,4.37,0.3866,kalshi,4,,170,24.5,2026-09-30T18:52:01.189681Z,True,True,0.37037037037037035,0.37037037037037035,0.0,False,False,milestone,exact
2026-10-05T23:29:24Z,2026-10-03T15:19:05Z,32667,player_reception_yds,Rome Odunze,,39.5,Over,hardrock,165,25.7,T-24h+,7.07,0.404,kalshi,4,,165,39.5,2026-09-30T22:30:58.328554Z,True,True,0.37735849056603776,0.37735849056603776,0.0,False,False,milestone,exact
2026-10-05T23:29:24Z,2026-10-03T15:19:05Z,32667,player_receptions,Isaiah Williams,,2.5,Over,kalshi,-104,25.7,T-24h+,3.66,0.5284,pinnacle,11,,-113,2.5,2026-10-04T16:57:23.581326Z,False,True,0.5098039215686274,0.5305164319248826,2.071251035625521,True,False,main,exact
2026-10-05T23:29:24Z,2026-10-03T15:19:05Z,32667,player_rush_yds,D'Andre Swift,,49.5,Under,hardrock,210,25.7,T-24h+,7.37,0.3464,kalshi,4,,210,49.5,2026-09-30T20:30:34.486435Z,True,True,0.3225806451612903,0.3225806451612903,0.0,False,False,milestone,exact
2026-10-05T23:29:24Z,2026-10-03T20:17:11Z,32664,player_rush_yds,Jalon Daniels,,24.5,Under,hardrock,210,20.7,T-24_to_12h,4.39,0.3367,kalshi,4,,210,24.5,2026-09-30T17:32:10.763424Z,True,True,0.3225806451612903,0.3225806451612903,0.0,False,False,milestone,exact
2026-10-05T23:29:24Z,2026-10-03T20:17:11Z,32665,player_pass_yds,Lamar Jackson,,224.5,Under,hardrock,-120,20.7,T-24_to_12h,3.48,0.5644,kalshi,4,,-120,224.5,2026-09-30T21:21:06.928624Z,True,True,0.5454545454545454,0.5454545454545454,0.0,False,False,milestone,exact
2026-10-05T23:29:24Z,2026-10-03T20:17:11Z,32665,player_receptions,Tony Pollard,,1.5,Under,draftkings,132,20.7,T-24_to_12h,3.48,0.446,kalshi,11,,112,1.5,2026-10-04T16:20:32.321942Z,True,True,0.43103448275862066,0.4716981132075472,4.066363044892651,True,False,main,exact
2026-10-05T23:29:24Z,2026-10-03T20:17:11Z,32665,player_rush_yds,Lamar Jackson,,24.5,Under,hardrock,170,20.7,T-24_to_12h,6.45,0.3943,kalshi,4,,170,24.5,2026-09-30T18:52:01.189681Z,True,True,0.37037037037037035,0.37037037037037035,0.0,False,False,milestone,exact
2026-10-05T23:29:24Z,2026-10-03T20:17:11Z,32667,player_reception_yds,Rome Odunze,,39.5,Over,hardrock,165,20.7,T-24_to_12h,6.56,0.4021,kalshi,4,,165,39.5,2026-09-30T22:30:58.328554Z,True,True,0.37735849056603776,0.37735849056603776,0.0,False,False,milestone,exact
2026-10-05T23:29:24Z,2026-10-03T20:17:11Z,32667,player_receptions,Rome Odunze,,2.5,Over,hardrock,105,20.7,T-24_to_12h,3.5,0.5049,kalshi,11,,-120,2.5,2026-10-01T04:47:22.009071Z,True,True,0.4878048780487805,0.5454545454545454,5.764966740576494,True,False,main,exact
2026-10-05T23:29:24Z,2026-10-04T03:07:18Z,32664,player_field_goals_made,Chase McLaughlin,,1.5,Under,hardrock,100,13.9,T-24_to_12h,7.68,0.5384,pinnacle,6,,-105,1.5,2026-10-04T16:35:05.352603Z,True,True,0.5,0.5121951219512195,1.2195121951219523,True,False,main,exact
2026-10-05T23:29:24Z,2026-10-04T03:07:18Z,32664,player_field_goals_made,Chase McLaughlin,,1.5,Under,draftkings,-106,13.9,T-24_to_12h,4.63,0.5384,pinnacle,6,,-116,1.5,2026-10-04T15:57:45.013186Z,True,True,0.5145631067961165,0.5370370370370371,2.247393024092059,True,False,main,exact
2026-10-05T23:29:24Z,2026-10-04T03:07:18Z,32664,player_pass_tds,Jordan Love,,1.5,Over,fanduel,126,13.9,T-24_to_12h,3.41,0.4576,pinnacle,11,,122,1.5,2026-10-04T16:55:55.678288Z,False,True,0.4424778761061947,0.45045045045045046,0.7972574344255745,True,False,main,exact
2026-10-05T23:29:24Z,2026-10-04T03:07:18Z,32664,player_receptions,MarShawn Lloyd,,1.5,Over,kalshi,170,13.9,T-24_to_12h,7.78,0.3992,pinnacle,9,,178,1.5,2026-10-04T16:44:10.773221Z,True,True,0.37037037037037035,0.3597122302158273,-1.0658140154543028,False,False,main,exact
2026-10-05T23:29:24Z,2026-10-04T03:07:18Z,32664,player_receptions,Matthew Golden,,4.5,Over,kalshi,-108,13.9,T-24_to_12h,3.3,0.5364,pinnacle,12,,-108,4.5,2026-10-04T00:33:20.287311Z,True,True,0.5192307692307693,0.5192307692307693,0.0,False,False,alternate,exact
2026-10-05T23:29:24Z,2026-10-04T03:07:18Z,32664,player_receptions,Tez Johnson,,1.5,Over,kalshi,203,13.9,T-24_to_12h,7.36,0.3543,pinnacle,9,,212,1.5,2026-10-04T14:33:05.923649Z,True,True,0.33003300330033003,0.32051282051282054,-0.952018278750949,False,False,main,exact
2026-10-05T23:29:24Z,2026-10-04T03:07:18Z,32664,player_rush_yds,Bucky Irving,,49.5,Under,hardrock,150,13.9,T-24_to_12h,7.93,0.4317,kalshi,4,,150,49.5,2026-09-30T12:21:20.974927Z,True,True,0.4,0.4,0.0,False,False,milestone,exact
2026-10-05T23:29:24Z,2026-10-04T03:07:18Z,32664,player_rush_yds,Jalon Daniels,,24.5,Under,hardrock,210,13.9,T-24_to_12h,4.39,0.3367,kalshi,4,,210,24.5,2026-09-30T17:32:10.763424Z,True,True,0.3225806451612903,0.3225806451612903,0.0,False,False,milestone,exact
2026-10-05T23:29:24Z,2026-10-04T03:07:18Z,32665,player_pass_yds,Lamar Jackson,,199.5,Under,hardrock,155,13.9,T-24_to_12h,6.05,0.4159,kalshi,4,,155,199.5,2026-09-30T21:21:06.928624Z,True,True,0.39215686274509803,0.39215686274509803,0.0,False,False,milestone,exact
2026-10-05T23:29:24Z,2026-10-04T03:07:18Z,32665,player_pass_yds,Lamar Jackson,,224.5,Under,hardrock,-120,13.9,T-24_to_12h,3.48,0.5644,kalshi,4,,-120,224.5,2026-09-30T21:21:06.928624Z,True,True,0.5454545454545454,0.5454545454545454,0.0,False,False,milestone,exact
2026-10-05T23:29:24Z,2026-10-04T03:07:18Z,32665,player_reception_yds,Rashod Bateman,,24.5,Under,hardrock,145,13.9,T-24_to_12h,18.98,0.4856,kalshi,4,,145,24.5,2026-09-30T23:00:42.541276Z,True,True,0.40816326530612246,0.40816326530612246,0.0,False,False,milestone,exact
2026-10-05T23:29:24Z,2026-10-04T03:07:18Z,32665,player_reception_yds,Rashod Bateman,,39.5,Under,hardrock,-160,13.9,T-24_to_12h,9.43,0.6734,kalshi,4,,-160,39.5,2026-09-30T23:00:42.541276Z,True,True,0.6153846153846154,0.6153846153846154,0.0,False,False,milestone,exact
2026-10-05T23:29:24Z,2026-10-04T03:07:18Z,32665,player_receptions,Calvin Ridley,,1.5,Over,kalshi,233,13.9,T-24_to_12h,9.01,0.3274,pinnacle,7,,285,1.5,2026-10-04T16:42:37.169371Z,True,True,0.3003003003003003,0.2597402597402597,-4.056004056004059,False,False,main,exact
2026-10-05T23:29:24Z,2026-10-04T03:07:18Z,32665,player_receptions,Mark Andrews,,3.5,Over,kalshi,-122,13.9,T-24_to_12h,4.09,0.572,pinnacle,11,,-138,3.5,2026-10-04T16:39:46.647935Z,True,True,0.5495495495495496,0.5798319327731093,3.0282383223559695,True,False,main,exact
2026-10-05T23:29:24Z,2026-10-04T03:07:18Z,32665,player_receptions,Rashod Bateman,,2.5,Under,hardrock,115,13.9,T-24_to_12h,21.17,0.5636,pinnacle,11,,115,2.5,2026-09-30T22:50:52.831847Z,True,True,0.46511627906976744,0.46511627906976744,0.0,False,False,milestone,exact
2026-10-05T23:29:24Z,2026-10-04T03:07:18Z,32665,player_receptions,Tony Pollard,,1.5,Over,kalshi,-122,13.9,T-24_to_12h,3.65,0.5696,pinnacle,11,,-104,1.5,2026-10-04T16:33:03.456589Z,True,True,0.5495495495495496,0.5098039215686274,-3.9745627980922182,False,False,main,exact
2026-10-05T23:29:24Z,2026-10-04T03:07:18Z,32665,player_rush_yds,Cam Ward,,9.5,Under,kalshi,108,13.9,T-24_to_12h,3.56,0.4979,pinnacle,5,,108,9.5,2026-10-04T16:19:53.258438Z,True,True,0.4807692307692308,0.4807692307692308,0.0,False,False,alternate,exact
2026-10-05T23:29:24Z,2026-10-04T03:07:18Z,32665,player_rush_yds,Lamar Jackson,,24.5,Under,hardrock,170,13.9,T-24_to_12h,6.45,0.3943,kalshi,4,,170,24.5,2026-09-30T18:52:01.189681Z,True,True,0.37037037037037035,0.37037037037037035,0.0,False,False,milestone,exact
2026-10-05T23:29:24Z,2026-10-04T03:07:18Z,32667,player_reception_yds,Isaiah Davis,,9.5,Over,kalshi,104,13.9,T-24_to_12h,7.37,0.5263,pinnacle,8,,104,9.5,2026-10-03T21:06:32.406165Z,True,True,0.49019607843137253,0.49019607843137253,0.0,False,False,main,exact
2026-10-05T23:29:24Z,2026-10-04T03:07:18Z,32667,player_reception_yds,Rome Odunze,,39.5,Over,hardrock,165,13.9,T-24_to_12h,3.94,0.3922,kalshi,4,,165,39.5,2026-09-30T22:30:58.328554Z,True,True,0.37735849056603776,0.37735849056603776,0.0,False,False,milestone,exact
2026-10-05T23:29:24Z,2026-10-04T03:07:18Z,32667,player_receptions,Braelon Allen,,1.5,Under,draftkings,139,13.9,T-24_to_12h,3.28,0.4322,pinnacle,11,,126,1.5,2026-10-04T12:25:41.033204Z,True,True,0.41841004184100417,0.4424778761061947,2.4067834265190546,True,False,main,exact
2026-10-05T23:29:24Z,2026-10-04T03:07:18Z,32667,player_receptions,Isaiah Williams,,2.5,Over,kalshi,-104,13.9,T-24_to_12h,3.83,0.5293,pinnacle,11,,-113,2.5,2026-10-04T16:57:23.581326Z,False,True,0.5098039215686274,0.5305164319248826,2.071251035625521,True,False,main,exact
2026-10-05T23:29:24Z,2026-10-04T03:07:18Z,32667,player_receptions,Kyle Monangai,,1.5,Under,hardrock,-195,13.9,T-24_to_12h,4.88,0.6933,kalshi,4,,145,0.5,2026-10-04T16:12:16.473025Z,True,False,0.6610169491525424,0.40816326530612246,-25.28536838464199,,True,main,loose
2026-10-05T23:29:24Z,2026-10-04T03:07:18Z,32667,player_receptions,Rome Odunze,,2.5,Over,hardrock,105,13.9,T-24_to_12h,5.53,0.5148,pinnacle,12,,-120,2.5,2026-10-01T04:47:22.009071Z,True,True,0.4878048780487805,0.5454545454545454,5.764966740576494,True,False,main,exact
2026-10-05T23:29:24Z,2026-10-04T03:07:18Z,32667,player_rush_yds,D'Andre Swift,,49.5,Under,hardrock,210,13.9,T-24_to_12h,7.37,0.3464,kalshi,4,,210,49.5,2026-09-30T20:30:34.486435Z,True,True,0.3225806451612903,0.3225806451612903,0.0,False,False,milestone,exact
