season,week,team,position,full_name,football_name,status
2026,5,PIT,QB,Aaron Rodgers,Aaron,ACT
2026,5,ATL,K,Nick Folk,Nick,ACT
2026,4,CAR,LS,J.J. Jansen,J.J.,ACT
2026,5,CIN,QB,Joe Flacco,Joe,ACT
2026,5,BAL,DL,Calais Campbell,Calais,ACT
2026,5,CIN,QB,Josh Johnson,Josh,DEV
2026,5,LA,QB,Matthew Stafford,Matthew,ACT
2026,5,SF,LS,Jon Weeks,Jonathan,ACT
2026,5,TEN,LS,Morgan Cox,Morgan,ACT
2026,5,SF,OL,Trent Williams,Trent,ACT
2026,5,DAL,LB,Von Miller,Von,ACT
2026,5,NO,LB,Cameron Jordan,Cameron,ACT
2026,5,PIT,DL,Cameron Heyward,Cameron,ACT
2026,5,PHI,QB,Andy Dalton,Andy,ACT
2026,5,GB,QB,Tyrod Taylor,Tyrod,ACT
2026,5,WAS,LB,Nick Bellore,Nick,RET
2026,5,LAC,LS,Josh Harris,Josh,ACT
2026,5,MIN,P,Johnny Hekker,Johnny,DEV
2026,5,CHI,QB,Case Keenum,Case,ACT
2026,5,GB,OL,Kevin Zeitler,Kevin,ACT
2026,5,LV,QB,Kirk Cousins,Kirk,ACT
2026,5,MIN,DB,Harrison Smith,Harrison,ACT
2026,5,NYJ,LB,Demario Davis,Demario,ACT
2026,5,NE,OL,Greg Van Roten,Greg,RES
2026,5,DAL,P,Bryan Anger,Bryan,ACT
2026,5,MIN,LS,Andrew DePaola,Andrew,ACT
2026,5,SF,RB,Kyle Juszczyk,Kyle,ACT
2026,5,MIN,WR,Adam Thielen,Adam,RET
2026,5,PHI,TE,Zach Ertz,Zach,DEV
2026,5,BAL,DL,John Jenkins,John,ACT
2026,4,CAR,P,Sam Martin,Sam,ACT
2026,5,LA,OL,David Quessenberry,David,ACT
2026,5,WAS,P,Tress Way,Tress,ACT
2026,5,IND,WR,Keenan Allen,Keenan,ACT
2026,5,LAC,DB,Tony Jefferson,Tony,ACT
2026,4,KC,TE,Travis Kelce,Travis,ACT
2026,5,PHI,OL,Lane Johnson,Lane,ACT
2026,5,NYJ,QB,Geno Smith,Geno,ACT
2026,4,KC,LS,James Winchester,James,ACT
2026,5,ARI,LS,Casey Kreiter,Casey,ACT
2026,5,LAC,LB,Khalil Mack,Khalil,ACT
2026,5,NE,DL,DaQuan Jones,DaQuan,ACT
2026,5,PIT,K,Chris Boswell,Chris,ACT
2026,5,WAS,LS,Tyler Ott,Tyler,ACT
2026,5,CHI,K,Cairo Santos,Cairo,ACT
2026,5,MIN,WR,Odell Beckham Jr.,Odell,DEV
2026,4,NYG,WR,Odell Beckham Jr.,Odell,CUT
2026,5,SF,WR,Brandin Cooks,Brandin,ACT
2026,5,DET,QB,Teddy Bridgewater,Teddy,RET
2026,5,NYG,DL,Shelby Harris,Shelby,ACT
2026,5,ATL,OL,Jake Matthews,Jake,ACT
2026,5,NE,OL,Morgan Moses,Morgan,ACT
2026,5,MIN,LB,Kyle Van Noy,Kyle,ACT
2026,5,HOU,DL,Jadeveon Clowney,Jadeveon,ACT
2026,5,LA,WR,Davante Adams,Davante,ACT
2026,5,LA,DL,Aaron Donald,Aaron,ACT
2026,5,SF,WR,Mike Evans,Mike,ACT
2026,5,SEA,LB,DeMarcus Lawrence,Demarcus,ACT
2026,5,NYG,TE,Chris Manhertz,Chris,ACT
2026,5,SEA,K,Jason Myers,Jason,ACT
2026,5,NYG,QB,Jameis Winston,Jameis,ACT
2026,5,BUF,LB,Shaq Thompson,Shaq,DEV
2026,5,LA,LB,Eric Kendricks,Eric,DEV
2026,5,HOU,DL,Danielle Hunter,Danielle,ACT
2026,5,ATL,LB,Za'Darius Smith,Za'Darius,ACT
2026,5,CHI,DL,Grady Jarrett,Grady,ACT
2026,5,WAS,WR,Stefon Diggs,Stefon,ACT
2026,5,CLE,RB,Michael Burton,Michael,ACT
2026,4,CAR,TE,Darren Waller,Darren,ACT
2026,5,SEA,OL,Bobby Hart,Bobby,DEV
2026,5,DEN,LB,Alex Singleton,Alex,ACT
2026,5,BAL,OL,Kendall Lamm,Kendall,RET
2026,5,SEA,DL,Leonard Williams,Leonard,ACT
2026,5,TB,DL,Rakeem Nunez-Roches,Rakeem,ACT
2026,5,SEA,LB,Dante Fowler Jr.,Dante,ACT
2026,5,MIA,P,Bradley Pinion,Bradley,ACT
2026,5,HOU,OL,Trent Brown,Trenton,ACT
2026,5,LAC,LB,Denzel Perryman,Denzel,RES
2026,5,JAX,RB,Ameer Abdullah,Ameer,ACT
2026,5,LAC,LB,Bud Dupree,Bud,ACT
2026,5,JAX,DL,Arik Armstead,Arik,ACT
2026,5,LV,WR,Phillip Dorsett,Phillip,DEV
2026,1,WAS,OL,D.J. Humphries,D.J.,CUT
2026,5,LA,LS,Joe Cardona,Joe,ACT
2026,3,DAL,OL,Laken Tomlinson,Laken,DEV
2026,5,GB,OL,Laken Tomlinson,Laken,ACT
2026,5,HOU,DL,Mario Edwards,Mario,RES
2026,5,WAS,QB,Marcus Mariota,Marcus,ACT
2026,5,IND,DL,DeForest Buckner,DeForest,ACT
2026,5,WAS,OL,Laremy Tunsil,Laremy,RES
2026,5,NYJ,WR,Sterling Shepard,Sterling,DEV
2026,5,SEA,DL,Jarran Reed,Jarran,ACT
2026,5,CHI,OL,Joe Thuney,Joe,ACT
2026,5,ATL,TE,Austin Hooper,Austin,ACT
2026,5,BAL,TE,Nick Vannett,Nick,ACT
2026,5,BAL,WR,Chris Moore,Chris,ACT
2026,5,TB,DB,Miles Killebrew,Miles,ACT
2026,5,SF,LB,Matthew Judon,Matt,DEV
2026,5,NYG,DL,DJ Reader,D.J.,ACT
2026,5,CIN,OL,Ted Karras,Ted,ACT
2026,5,CHI,WR,Kalif Raymond,Kalif,ACT
2026,5,BUF,LS,Reid Ferguson,Reid,ACT
2026,5,DEN,K,Wil Lutz,Wil,ACT
2026,5,PHI,DB,Jonathan Jones,Jonathan,ACT
2026,5,NYG,DL,Roy Robertson-Harris,Roy,RES
2026,5,SF,OL,Jake Brendel,Jake,ACT
2026,5,HOU,K,Ka'imi Fairbairn,Ka'imi,ACT
2026,5,IND,LS,Luke Rhodes,Luke,ACT
2026,5,HOU,DL,Sheldon Rankins,Sheldon,ACT
2026,4,KC,DL,Chris Jones,Chris,ACT
2026,5,BUF,DL,Austin Johnson,Austin,DEV
2026,5,BAL,RB,Derrick Henry,Derrick,ACT
2026,5,SF,WR,Demarcus Robinson,Demarcus,RES
2026,5,DET,DB,Jalen Mills,Jalen,DEV
2026,5,TB,DL,A'Shawn Robinson,A'Shawn,ACT
2026,5,MIN,RB,C.J. Ham,C.J.,RET
2026,5,TB,P,Riley Dixon,Riley,ACT
2026,5,MIN,QB,Carson Wentz,Carson,ACT
2026,5,IND,WR,Laquon Treadwell,Laquon,ACT
2026,5,ARI,OL,Isaac Seumalo,Isaac,ACT
2026,5,BAL,OL,Ronnie Stanley,Ronnie,ACT
2026,5,JAX,DB,Eric Murray,Eric,ACT
2026,3,MIN,LB,Jihad Ward,Jihad,DEV
2026,5,NYG,LB,Jihad Ward,Jihad,ACT
2026,5,NYJ,DL,David Onyemata,David,RES
2026,5,PIT,DB,Jalen Ramsey,Jalen,ACT
2026,5,NO,LS,Zach Wood,Zach,RES
2026,5,ARI,DL,Andrew Billings,Andrew,ACT
2026,4,KC,DL,Emmanuel Ogbah,Emmanuel,DEV
2026,5,DAL,QB,Dak Prescott,Dak,ACT
2026,5,WAS,OL,Lucas Patrick,Lucas,ACT
2026,5,NE,TE,Hunter Henry,Hunter,ACT
2026,5,DAL,DL,Jonathan Bullard,Jonathan,RES
2026,5,DET,QB,Jared Goff,Jared,ACT
2026,5,GB,DL,Javon Hargrave,Javon,ACT
2026,5,LA,TE,Tyler Higbee,Tyler,ACT
2026,5,ARI,QB,Jacoby Brissett,Jacoby,ACT
2026,5,DAL,DL,Kenny Clark,Kenny,ACT
2026,5,CLE,DL,Maliek Collins,Maliek,ACT
2026,5,NE,DB,Kevin Byard,Kevin,ACT
2026,5,IND,TE,Mo Alie-Cox,Mo,ACT
2026,5,LAC,OL,Daniel Brunskill,Daniel,DEV
2026,5,PHI,TE,Johnny Mundt,Johnny,ACT
2026,5,NYJ,LS,Thomas Hennessy,Thomas,ACT
2026,5,IND,P,Rigoberto Sanchez,Rigoberto,ACT
2026,5,SF,RB,Christian McCaffrey,Christian,ACT
2026,5,BAL,DB,Marlon Humphrey,Marlon,ACT
2026,4,CAR,OL,Taylor Moton,Taylor,RES
2026,5,SF,TE,George Kittle,George,ACT
2026,5,NYG,OL,Jermaine Eluemunor,Jermaine,ACT
2026,5,MIN,RB,Aaron Jones,Aaron,ACT
2026,5,DET,DB,Chuck Clark,Chuck,ACT
2026,5,DEN,DL,D.J. Jones,D.J.,ACT
2026,4,KC,K,Harrison Butker,Harrison,ACT
2026,5,ARI,WR,Kendrick Bourne,Kendrick,ACT
2026,5,JAX,QB,Nick Mullens,Nick,DEV
2026,5,MIN,LB,Eric Wilson,Eric,ACT
2026,5,NYG,DL,Josh Tupou,Josh,DEV
2026,5,NYJ,WR,Tim Patrick,Tim,RES
2026,5,NYG,RB,Patrick Ricard,Patrick,ACT
2026,5,LV,DL,Adam Butler,Adam,ACT
2026,5,PHI,DB,Kenny Moore II,Kenny,ACT
2026,5,IND,TE,Pharaoh Brown,Pharaoh,DEV
2026,5,IND,DL,Carl Lawson,Carl,DEV
2026,5,CIN,DL,Jonathan Allen,Jonathan,ACT
2026,5,CIN,RB,Samaje Perine,Samaje,ACT
2026,5,CLE,QB,Deshaun Watson,Deshaun,ACT
2026,5,DEN,OL,Garett Bolles,Garett,ACT
2026,5,LAC,DL,Dalvin Tomlinson,Dalvin,ACT
2026,5,BAL,DB,Chidobe Awuzie,Chidobe,ACT
2026,5,WAS,DB,Rasul Douglas,Rasul,ACT
2026,5,ARI,RB,James Conner,James,RES
2026,5,NE,WR,Mack Hollins,Mack,ACT
2026,5,SEA,TE,Eric Saubert,Eric,ACT
2026,5,CHI,DB,Xavier Woods,Xavier,ACT
2026,4,CAR,WR,David Moore,David,ACT
2026,5,ATL,QB,Cooper Rush,Cooper,ACT
2026,5,ARI,OL,Elijah Wilkinson,Elijah,ACT
2026,5,WAS,RB,Austin Ekeler,Austin,ACT
2026,5,PIT,P,Cameron Johnston,Cameron,ACT
2026,5,ATL,OL,Storm Norton,Storm,RES
2026,5,PIT,TE,Robert Tonyan,Robert,ACT
2026,5,WAS,DB,Ahkello Witherspoon,Ahkello,RET
2026,5,PHI,K,Jake Elliott,Jake,ACT
2026,5,ATL,OL,Corey Levin,Corey,ACT
2026,5,WAS,OL,Andrew Wylie,Andrew,ACT
2026,3,LV,RB,Dare Ogunbowale,Dare,DEV
2026,5,HOU,RB,Dare Ogunbowale,Dare,ACT
2026,5,GB,TE,Jonnu Smith,Jonnu,ACT
2026,5,NO,DL,Davon Godchaux,Davon,ACT
2026,5,LA,LB,Myles Garrett,Myles,RES
2026,5,TEN,QB,Mitchell Trubisky,Mitchell,ACT
2026,5,TEN,DL,Solomon Thomas,Solomon,ACT
2026,5,MIN,LB,Jamal Adams,Jamal,RES
2026,4,KC,QB,Patrick Mahomes,Patrick,ACT
2026,5,CLE,DL,Derek Barnett,Derek,ACT
2026,5,DAL,DB,Malik Hooker,Malik,ACT
2026,5,DEN,TE,Evan Engram,Evan,ACT
2026,5,LAC,TE,David Njoku,David,RES
2026,5,PIT,LB,T.J. Watt,T.J.,ACT
2026,5,ARI,DB,Budda Baker,Budda,ACT
2026,5,BAL,OL,Ethan Pocic,Ethan,RES
2026,5,TEN,DL,Tanoh Kpassagnon,Tanoh,RES
2026,5,BUF,OL,Dion Dawkins,Dion,ACT
2026,5,NO,RB,Alvin Kamara,Alvin,ACT
2026,5,SEA,WR,Cooper Kupp,Cooper,ACT
2026,5,TB,OL,Dan Feeney,Dan,ACT
2026,5,TB,LB,Alex Anzalone,Alex,ACT
2026,5,WAS,DB,Fabian Moreau,Fabian,ACT
2026,5,TB,WR,Chris Godwin Jr.,Chris,ACT
2026,5,JAX,DB,Jourdan Lewis,Jourdan,ACT
2026,5,BAL,LB,Trey Hendrickson,Trey,ACT
2026,5,PIT,DB,Rayshawn Jenkins,Rayshawn,ACT
2026,5,ATL,DL,Samson Ebukam,Samson,ACT
2026,5,WAS,DL,Deatrich Wise,Deatrich,RES
2026,5,DET,QB,Joshua Dobbs,Joshua,ACT
2026,5,IND,DL,Grover Stewart,Grover,ACT
2026,5,WAS,RB,Jeremy McNichols,Jeremy,RES
2026,5,TB,LB,Al-Quadin Muhammad,Al-Quadin,ACT
2026,5,PIT,LS,Christian Kuntz,Christian,ACT
2026,5,CHI,LS,Scott Daly,Scott,ACT
2026,1,GB,LS,Scott Daly,Scott,DEV
2026,2,NO,LS,Scott Daly,Scott,ACT
2026,5,HOU,DB,George Odum,George,DEV
2026,5,TEN,OL,Austin Schlottmann,Austin,ACT
2026,5,LA,OL,Coleman Shelton,Coleman,ACT
2026,5,MIN,OL,Brian O'Neill,Brian,ACT
2026,5,SEA,P,Michael Dickson,Michael,ACT
2026,5,NO,K,Daniel Carlson,Daniel,ACT
2026,5,LAC,P,J.K. Scott,J.K.,ACT
2026,5,TEN,DL,Jacob Martin,Jake,ACT
2026,5,SF,K,Eddy Pineiro,Eddy,ACT
2026,5,DAL,LS,Trent Sieg,Trent,ACT
2026,5,LA,DL,Poona Ford,Poona,ACT
2026,5,NYG,DB,Elijah Campbell,Elijah,ACT
2026,5,BUF,OL,Austin Corbett,Austin,ACT
2026,5,TEN,DL,Jalyn Holmes,Jalyn,DEV
2026,5,DET,TE,Tyler Conklin,Tyler,ACT
2026,5,LAC,WR,Marquez Valdes-Scantling,Marquez,ACT
2026,5,LV,DL,Foley Fatukasi,Folorunso,ACT
2026,5,PIT,DB,DeShon Elliott,DeShon,RES
2026,5,HOU,DB,Tremon Smith,Tremon,ACT
2026,5,MIA,DL,Zach Sieler,Zach,ACT
2026,5,WAS,LB,Frankie Luvu,Frankie,ACT
2026,5,CHI,DL,Kentavius Street,Kentavius,ACT
2026,5,WAS,DL,Daron Payne,Daron,ACT
2026,5,IND,OL,Quenton Nelson,Quenton,ACT
2026,4,CHI,DL,Marcus Davenport,Marcus,ACT
2026,5,DEN,WR,Courtland Sutton,Courtland,ACT
2026,5,SEA,LB,Uchenna Nwosu,Uchenna,ACT
2026,5,PHI,TE,Dallas Goedert,Dallas,ACT
2026,5,HOU,DB,M.J. Stewart,M.J.,RES
2026,5,LAC,DB,Donte Jackson,Donte,ACT
2026,5,TEN,DB,Isaiah Oliver,Isaiah,DEV
2026,5,NO,DB,Justin Reid,Justin,ACT
2026,5,LV,TE,Ian Thomas,Ian,ACT
2026,5,ATL,DL,Da'Shawn Hand,Da'Shawn,RES
2026,5,WAS,LB,Dorance Armstrong,Dorance,ACT
2026,5,LV,DB,Taron Johnson,Taron,ACT
2026,5,DET,DB,Avonte Maddox,Avonte,RES
2026,5,ARI,LB,Josh Sweat,Josh,ACT
2026,5,HOU,TE,Dalton Schultz,Dalton,ACT
2026,5,DET,DB,D.J. Reed,D.J.,ACT
2026,5,SF,DB,Siran Neal,Siran,ACT
2026,5,WAS,DL,Tim Settle,Tim,ACT
2026,5,HOU,OL,Wyatt Teller,Wyatt,ACT
2026,1,CHI,WR,Ray-Ray McCloud,Ray-Ray,RES
2026,5,JAX,LB,Foyesade Oluokun,Foyesade,ACT
2026,2,JAX,LB,Foye Oluokun,Foyesade,ACT
2026,3,ARI,OL,Matt Pryor,Matt,DEV
2026,5,NE,OL,Matt Pryor,Matt,ACT
2026,5,NYG,WR,Braxton Berrios,Braxton,RES
2026,5,PHI,OL,Jordan Mailata,Jordan,ACT
2026,5,GB,LB,Zaire Franklin,Zaire,ACT
2026,5,JAX,P,Logan Cooke,Logan,ACT
2026,5,CIN,DB,Jalen Davis,Jalen,RES
2026,5,WAS,DB,Jeremy Reaves,Jeremy,ACT
2026,5,JAX,LB,Dennis Gardeck,Dennis,ACT
2026,5,IND,DB,Jonathan Owens,Jonathan,ACT
2026,5,BUF,WR,Trent Sherfield,Trent,DEV
2026,5,MIN,DB,Tavierre Thomas,Tavierre,DEV
2026,5,HOU,OL,Evan Brown,Evan,ACT
2026,5,WAS,OL,Trent Scott,Trenton,DEV
2026,5,IND,DB,Charvarius Ward,Charvarius,ACT
2026,5,BUF,QB,Kyle Allen,Kyle,ACT
2026,5,CIN,TE,Tanner Hudson,Tanner,ACT
2026,5,ATL,DB,Mike Ford,Mike,ACT
2026,5,JAX,DL,Matt Dickerson,Matt,ACT
2026,5,NYG,OL,Aaron Stinnie,Aaron,ACT
2026,5,NYG,LB,Tremaine Edmunds,Tremaine,ACT
2026,5,ATL,DB,Jessie Bates,Jessie,ACT
2026,5,NE,LB,Robert Spillane,Robert,ACT
2026,5,CLE,P,Corey Bojorquez,Corey,ACT
2026,5,CIN,OL,Orlando Brown,Orlando,ACT
2026,5,BAL,TE,Mark Andrews,Mark,ACT
2026,5,CIN,LB,Oren Burks,Oren,ACT
2026,5,LV,OL,Kolton Miller,Kolton,ACT
2026,5,NO,DL,Nathan Shepherd,Nathan,ACT
2026,5,NYJ,OL,Chukwuma Okorafor,Chukwuma,ACT
2026,5,PIT,QB,Mason Rudolph,Mason,ACT
2026,5,TB,DL,Vita Vea,Vita,ACT
2026,5,SF,WR,Christian Kirk,Christian,RES
2026,5,NE,DB,Carlton Davis III,Carlton,ACT
2026,5,MIA,LB,Ronnie Harrison,Ronnie,RES
2026,5,WAS,DB,Isaac Yiadom,Isaac,ACT
2026,5,NYJ,DL,Harrison Phillips,Harrison,ACT
2026,5,NYJ,DB,Minkah Fitzpatrick,Minkah,ACT
2026,5,LAC,DB,Derwin James,Derwin,ACT
2026,5,NYJ,K,Jason Sanders,Jason,ACT
2026,5,BAL,QB,Lamar Jackson,Lamar,ACT
2026,5,BAL,TE,Durham Smythe,Durham,RES
2026,5,CIN,DL,B.J. Hill,B.J.,ACT
2026,5,ATL,LB,Josh Woods,Josh,ACT
2026,5,TEN,DL,John Franklin-Myers,John,ACT
2026,5,SF,DL,Ogbo Okoronkwo,Ogbonnia,ACT
2026,5,PIT,DL,Sebastian Joseph-Day,Sebastian,ACT
2026,5,SF,LB,Fred Warner,Fred,ACT
2026,5,JAX,OL,Geron Christian,Geron,DEV
2026,5,IND,DL,Arden Key,Arden,ACT
2026,5,BUF,WR,DJ Moore,D.J.,ACT
2026,5,NE,LB,Harold Landry III,Harold,RES
2026,5,CIN,TE,Mike Gesicki,Mike,ACT
2026,5,BUF,LB,Bradley Chubb,Bradley,ACT
2026,5,HOU,OL,Braden Smith,Braden,RES
2026,5,TEN,WR,Calvin Ridley,Calvin,ACT
2026,5,ATL,DB,Mike Hughes,Mike,ACT
2026,5,PHI,RB,Saquon Barkley,Saquon,ACT
2026,5,DEN,OL,Mike McGlinchey,Mike,ACT
2026,4,SF,WR,KhaDarel Hodge,KhaDarel,CUT
2026,5,TB,QB,Baker Mayfield,Baker,INA
2026,5,CLE,DB,Denzel Ward,Denzel,ACT
2026,5,BUF,QB,Josh Allen,Josh,ACT
2026,5,SF,WR,Dante Pettis,Dante,DEV
2026,5,SF,WR,Malik Turner,Malik,DEV
2026,5,SEA,QB,Sam Darnold,Sam,ACT
2026,5,BAL,LB,Roquan Smith,Roquan,ACT
2026,5,NE,P,Mitch Wishnowsky,Mitch,ACT
2026,5,PHI,OL,Fred Johnson,Fred,ACT
2026,5,TB,QB,Brett Rypien,Brett,DEV
2026,5,NYJ,RB,Andrew Beck,Andrew,ACT
2026,5,JAX,WR,Jakobi Meyers,Jakobi,ACT
2026,3,CLE,DB,D'Angelo Ross,D'Angelo,DEV
2026,5,DAL,LB,Rashan Gary,Rashan,ACT
2026,5,LV,DL,Maxx Crosby,Maxx,ACT
2026,5,SEA,DB,Julian Love,Julian,ACT
2026,5,BAL,RB,Justice Hill,Justice,ACT
2026,5,DEN,OL,Ben Powers,Ben,ACT
2026,5,HOU,TE,Foster Moreau,Foster,ACT
2026,5,SF,LB,Dre Greenlaw,Dre,ACT
2026,5,HOU,LB,E.J. Speed,E.J.,RES
2026,5,TB,OL,Justin Skule,Justin,ACT
2026,5,PHI,DB,Marcus Epps,Marcus,ACT
2026,1,BUF,LB,Demetrius Flannigan-Fowles,Demetrius,RES
2026,5,IND,WR,Ashton Dulin,Ashton,ACT
2026,5,SF,DL,Kevin Givens,Kevin,DEV
2026,5,CHI,TE,Stephen Carlson,Stephen,DEV
2026,5,IND,WR,D.J. Montgomery,D.J.,RES
2026,5,JAX,OL,Sam Mustipher,Sam,RES
2026,4,MIN,DL,Jonathan Harris,Jonathan,CUT
2026,5,JAX,OL,Patrick Mekari,Patrick,RES
2026,5,GB,LS,Matthew Orzech,Matt,ACT
2026,5,LAC,RB,Alec Ingold,Alec,ACT
2026,1,TEN,OL,Andre James,Andre,CUT
2026,5,BAL,OL,Andre James,Andre,DEV
2026,5,GB,DB,Keisean Nixon,Keisean,ACT
2026,5,ARI,LB,Mack Wilson,Mack,ACT
2026,5,WAS,OL,Nick Allegretti,Nick,ACT
2026,5,DET,P,Jack Fox,Jack,ACT
2026,5,HOU,LB,Azeez Al-Shaair,Azeez,ACT
2026,5,LV,P,AJ Cole,A.J.,ACT
2026,5,TEN,K,Joey Slye,Joey,ACT
2026,5,LAC,LB,Del'Shawn Phillips,Del'Shawn,ACT
2026,5,ATL,WR,Olamide Zaccheaus,Olamide,ACT
2026,5,DAL,DB,P.J. Locke,P.J.,RES
2026,5,MIN,QB,Kyler Murray,Kyler,ACT
2026,5,MIN,TE,T.J. Hockenson,T.J.,ACT
2026,5,BUF,DL,Ed Oliver,Ed,ACT
2026,5,CLE,OL,Tytus Howard,Tytus,ACT
2026,5,ATL,OL,Kaleb McGary,Kaleb,RET
2026,5,MIN,DB,Byron Murphy,Byron,ACT
2026,5,ATL,OL,Jawaan Taylor,Jawaan,ACT
2026,4,TB,DB,Sean Murphy-Bunting,Sean,DEV
2026,5,PIT,DB,Sean Murphy-Bunting,Sean,ACT
2026,5,JAX,LB,Jahlani Tavai,Jahlani,ACT
2026,5,NO,OL,Erik McCoy,Erik,ACT
2026,5,DEN,DL,Zach Allen,Zach,ACT
2026,5,MIN,TE,Josh Oliver,Josh,RES
2026,5,NYG,RB,Devin Singletary,Devin,ACT
2026,4,CAR,QB,Will Grier,Will,RET
2026,5,BUF,DB,C.J. Gardner-Johnson,Chauncey,ACT
2026,5,TB,LB,Anthony Nelson,Anthony,ACT
2026,5,ARI,OL,Hjalte Froholdt,Hjalte,ACT
2026,5,TEN,RB,Tony Pollard,Tony,ACT
2026,4,KC,LB,Drue Tranquill,Drue,ACT
2026,5,DEN,QB,Jarrett Stidham,Jarrett,ACT
2026,5,LV,K,Matt Gay,Matt,ACT
2026,5,BAL,DB,Amani Oruwariye,Amani,DEV
2026,5,MIN,LB,Andrew Van Ginkel,Andrew,ACT
2026,5,MIN,LB,Blake Cashman,Blake,ACT
2026,4,CAR,DB,Mike Jackson,Michael,RES
2026,5,WAS,DL,Byron Cowart,Byron,DEV
2026,5,WAS,DL,Charles Omenihu,Charles,ACT
2026,5,ATL,P,Jake Bailey,Jake,ACT
2026,5,TB,QB,Easton Stick,Easton,ACT
2026,5,PIT,LB,Cole Holcomb,Cole,ACT
2026,5,ARI,QB,Gardner Minshew,Gardner,ACT
2026,5,CHI,WR,Scott Miller,Scott,DEV
2026,5,NO,LB,Kaden Elliss,Kaden,ACT
2026,5,LV,OL,Joshua Miles,Joshua,RET
2026,5,LV,TE,Chris Myarick,Chris,DEV
2026,4,CAR,LB,Tyrel Dodson,Tyrel,ACT
2026,5,LA,OL,Blake Hance,Blake,DEV
2026,5,CHI,DB,Cam Lewis,Cameron,ACT
2026,5,TB,K,Chase McLaughlin,Chase,ACT
2026,5,TB,WR,David Sills,David,RES
2026,5,CIN,LB,Joe Giles-Harris,Joe,ACT
2026,5,ARI,DB,Andrew Wingard,Andrew,ACT
2026,5,CHI,LB,T.J. Edwards,T.J.,ACT
2026,5,NO,LB,Carl Granderson,Carl,ACT
2026,5,DEN,WR,Lil'Jordan Humphrey,Lil'Jordan,DEV
2026,5,BAL,LS,Nick Moore,Nick,ACT
2026,5,WAS,DL,Shy Tuttle,Shy,ACT
2026,5,SF,LB,Luke Gifford,Luke,ACT
2026,5,BUF,WR,Greg Dortch,Greg,ACT
2026,5,CHI,LB,Devin Bush,Devin,ACT
2026,5,CLE,OL,Elgton Jenkins,Elgton,ACT
2026,5,IND,WR,Darius Slayton,Darius,ACT
2026,1,NYG,WR,Darius Slayton,Darius,CUT
2026,5,BUF,RB,Ty Johnson,Ty,ACT
2026,5,DET,WR,Tom Kennedy,Tom,ACT
2026,5,WAS,RB,Craig Reynolds,Craig,DEV
2026,5,CHI,OL,Garrett Bradbury,Garrett,ACT
2026,5,LAC,WR,Gary Jennings,Gary,DEV
2026,5,PIT,RB,Travis Homer,Travis,ACT
2026,5,LA,WR,Alex Bachman,Alex,ACT
2026,5,NYJ,LB,Troy Reeder,Troy,ACT
2026,5,ATL,OL,Chris Lindstrom,Chris,ACT
2026,5,CIN,TE,Drew Sample,Drew,ACT
2026,5,TEN,DB,Amani Hooker,Amani,ACT
2026,5,ARI,DL,L.J. Collier,L.J.,ACT
2026,5,DET,DB,Rock Ya-Sin,Rock,ACT
2026,5,DAL,WR,Parris Campbell,Parris,RET
2026,5,PIT,WR,DK Metcalf,DK,ACT
2026,5,JAX,DL,Josh Hines-Allen,Josh,ACT
2026,5,TEN,DL,Jeffery Simmons,Jeffery,ACT
2026,5,NO,TE,Noah Fant,Noah,ACT
2026,5,NYG,WR,Gunner Olszewski,Gunner,RES
2026,5,CHI,DL,Montez Sweat,Montez,ACT
2026,5,WAS,WR,Terry McLaurin,Terry,ACT
2026,5,PHI,WR,Marquise Brown,Marquise,ACT
2026,5,DEN,DB,Taylor Rapp,Taylor,DEV
2026,5,NO,DB,David Long,David,RES
2026,5,BUF,DL,Greg Gaines,Greg,ACT
2026,5,NO,OL,David Edwards,David,ACT
2026,4,CAR,DB,Nick Scott,Nick,ACT
2026,5,TEN,LB,Cody Barton,Cody,ACT
2026,5,IND,DL,Jerry Tillery,Jerry,ACT
2026,5,NE,WR,A.J. Brown,A.J.,RES
2026,5,NE,LB,Dre'Mont Jones,Dre'Mont,ACT
2026,5,BUF,OL,Connor McGovern,Connor,ACT
2026,5,CLE,LB,Quincy Williams,Quincy,ACT
2026,5,CIN,DL,Dexter Lawrence,Dexter,ACT
2026,5,HOU,RB,David Montgomery,David,ACT
2026,5,DEN,OL,Michael Deiter,Michael,RES
2026,4,CAR,LB,Bobby Okereke,Bobby,ACT
2026,5,LAC,OL,Trey Pipkins,Trey,RES
2026,5,BUF,TE,Dawson Knox,Dawson,ACT
2026,3,MIA,DL,Clelin Ferrell,Clelin,ACT
2026,5,BAL,OL,Chuma Edoga,Chuma,DEV
2026,5,PIT,DB,Jamel Dean,Jamel,ACT
2026,5,GB,RB,Josh Jacobs,Josh,EXE
2026,5,CIN,OL,Dalton Risner,Dalton,ACT
2026,5,SEA,QB,Drew Lock,Drew,ACT
2026,5,DAL,DB,Jalen Thompson,Jalen,RES
2026,5,DET,LB,Devin White,Devin,ACT
2026,5,IND,QB,Daniel Jones,Daniel,ACT
2026,5,NYG,LB,Brian Burns,Brian,RES
2026,5,SF,DL,Nick Bosa,Nick,ACT
2026,5,DAL,DL,Quinnen Williams,Quinnen,ACT
2026,5,SF,WR,Deebo Samuel Sr.,Deebo,ACT
2026,5,SF,OL,Brett Toth,Brett,RES
2026,5,DEN,DL,Malcolm Roach,Malcolm,ACT
2026,5,DEN,OL,Calvin Throckmorton,Calvin,DEV
2026,5,MIN,DB,James Pierre,James,ACT
2026,5,SF,P,Corliss Waitman,Corliss,ACT
2026,5,JAX,LS,Ross Matiscik,Ross,ACT
2026,5,SF,OL,Austen Pleasants,Austen,RES
2026,5,CLE,DL,Chris Williams,Chris,DEV
2026,5,ARI,P,Blake Gillikin,Blake,ACT
2026,5,TEN,P,Tommy Townsend,Tommy,ACT
2026,4,CAR,DL,Tershawn Wharton,Tershawn,RES
2026,5,LV,WR,Cody White,Cody,ACT
2026,5,DET,LB,Joe Bachie,Joe,DEV
2026,4,KC,LB,Cole Christiansen,Cole,ACT
2026,5,BAL,RB,Jonathan Ward,Jonathan,DEV
2026,5,BUF,LB,Michael Hoecht,Michael,ACT
2026,5,TB,LB,Christian Rozeboom,Christian,ACT
2026,5,NO,DL,Jonah Williams,Jonah,DEV
2026,5,LAC,DL,Myles Adams,Myles,DEV
2026,5,CLE,LB,Krys Barnes,Krys,DEV
2026,5,JAX,OL,Trystan Colon,Trystan,RET
2026,5,BAL,QB,Tyler Huntley,Tyler,ACT
2026,5,WAS,OL,Julian Good-Jones,Julian,DEV
2026,5,CHI,RB,Salvon Ahmed,Salvon,DEV
2026,5,DAL,OL,Terence Steele,Terence,ACT
2026,5,BUF,DB,Sam Franklin Jr.,Sam,ACT
2026,5,NO,TE,Juwan Johnson,Juwan,ACT
2026,4,CAR,LB,Cam Gill,Cam,DEV
2026,5,BAL,DL,Broderick Washington,Broderick,ACT
2026,5,ATL,LS,Liam McCullough,Liam,ACT
2026,5,CLE,DB,Myles Bryant,Myles,DEV
2026,5,LA,OL,Bill Murray,Bill,ACT
2026,5,DAL,OL,Nick Leverett,Nick,ACT
2026,1,MIA,DB,A.J. Green,A.J.,CUT
2026,5,DET,DB,Khalil Dorsey,Khalil,ACT
2026,5,BAL,DL,Nnamdi Madubuike,Nnamdi,ACT
2026,5,TB,OL,Ben Bredeson,Ben,ACT
2026,5,CLE,WR,James Proche,James,DEV
2026,5,PIT,RB,Rico Dowdle,Rico,ACT
2026,5,GB,LB,Kristian Welch,Kristian,ACT
2026,5,DEN,RB,J.K. Dobbins,J.K.,ACT
2026,5,MIA,LB,Joshua Uche,Joshua,ACT
2026,5,BUF,K,Tyler Bass,Tyler,ACT
2026,5,PIT,WR,Isaiah Hodgins,Isaiah,DEV
2026,5,JAX,DB,Dane Jackson,Dane,RET
2026,5,MIA,OL,Aaron Brewer,Aaron,ACT
2026,5,LAC,DL,Teair Tart,Teair,ACT
2026,5,IND,WR,Nick Westbrook-Ikhine,Nick,DEV
2026,5,NE,RB,Reggie Gilliam,Reggie,ACT
2026,5,PHI,DL,A.J. Epenesa,A.J.,ACT
2026,5,NO,LB,Anfernee Jennings,Anfernee,ACT
2026,5,NE,OL,Mike Onwenu,Michael,RES
2026,5,BUF,DB,Geno Stone,Geno,DEV
2026,5,ATL,DL,LaCale London,Lacale,ACT
2026,5,ATL,QB,Tua Tagovailoa,Tua,ACT
2026,5,BAL,OL,Danny Pinter,Danny,RES
2026,4,CAR,DL,Derrick Brown,Derrick,ACT
2026,5,DEN,DB,Brandon Jones,Brandon,ACT
2026,5,MIN,DB,Isaiah Rodgers,Isaiah,ACT
2026,5,IND,RB,Jonathan Taylor,Jonathan,ACT
2026,5,PHI,LB,Jonathan Greenard,Jonathan,ACT
2026,5,CIN,DB,Kyle Dugger,Kyle,ACT
2026,5,LA,DL,Larrell Murchison,Larrell,ACT
2026,5,CHI,LB,Jonathan Garvin,Jonathan,RES
2026,5,HOU,DB,Bryce Hall,Bryce,DEV
2026,5,LA,TE,Colby Parkinson,Colby,ACT
2026,5,NYG,OL,Jon Runyan,Jon,ACT
2026,5,MIA,OL,Austin Jackson,Austin,ACT
2026,1,CLE,DL,Julian Okwara,Julian,CUT
2026,5,PIT,WR,Michael Pittman,Michael,ACT
2026,5,NO,DB,Julian Blackmon,Julian,ACT
2026,5,SF,OL,Colton McKivitz,Colton,ACT
2026,5,CHI,OL,Jonah Jackson,Jonah,ACT
2026,5,MIN,WR,Jauan Jennings,Jauan,ACT
2026,5,WAS,DL,Javon Kinlaw,Javon,ACT
2026,5,JAX,DL,DaVon Hamilton,Davon,ACT
2026,5,GB,QB,Jordan Love,Jordan,ACT
2026,4,CAR,RB,AJ Dillon,A.J.,ACT
2026,5,TEN,DL,Jordan Elliott,Jordan,ACT
2026,5,ARI,OL,Jedrick Wills,Jedrick,ACT
2026,4,BUF,OL,Jedrick Wills,Jedrick,DEV
2026,5,IND,WR,Quez Watkins,Quez,DEV
2026,5,DET,OL,Ben Bartch,Ben,ACT
2026,5,CHI,RB,D'Andre Swift,D'Andre,ACT
2026,5,NYG,LB,Malik Harrison,Malik,DEV
2026,5,ATL,DB,C.J. Henderson,C.J.,ACT
2026,5,CLE,DB,Grant Delpit,Grant,ACT
2026,5,GB,OL,Mekhi Becton,Mekhi,DEV
2026,5,ATL,DB,A.J. Terrell,A.J.,RES
2026,5,WAS,LB,K'Lavon Chaisson,K'Lavon,ACT
2026,5,CLE,DB,Noah Igbinoghene,Noah,ACT
2026,5,CHI,TE,Cole Kmet,Cole,ACT
2026,5,CHI,DB,Jaylon Johnson,Jaylon,ACT
2026,5,LV,DB,Jeremy Chinn,Jeremy,ACT
2026,5,DAL,OL,Matt Hennessy,Matt,RES
2026,5,IND,LB,Akeem Davis-Gaither,Akeem,ACT
2026,1,NYJ,LB,Mykal Walker,Mykal,RES
2026,5,BAL,DB,Jaylinn Hawkins,Jaylinn,ACT
2026,4,CAR,LB,Trevis Gipson,Trevis,ACT
2026,5,CLE,DB,Daniel Thomas,Daniel,ACT
2026,5,NE,DB,Kindle Vildor,Kindle,DEV
2026,5,NYG,WR,Darnell Mooney,Darnell,ACT
2026,5,BAL,OL,Hakeem Adeniji,Hakeem,RET
2026,5,PHI,P,Braden Mann,Braden,ACT
2026,5,NO,LB,Chase Young,Chase,ACT
2026,5,MIN,WR,Justin Jefferson,Justin,ACT
2026,5,PIT,LB,Patrick Queen,Patrick,ACT
2026,4,CAR,OL,Robert Hunt,Robert,ACT
2026,5,JAX,OL,Ezra Cleveland,Ezra,ACT
2026,5,SF,DB,Ashtyn Davis,Ashtyn,ACT
2026,5,ARI,WR,Devin Duvernay,Devin,ACT
2026,5,PHI,TE,Josiah Deguara,Josiah,DEV
2026,5,PIT,LB,Alex Highsmith,Alex,ACT
2026,4,CAR,OL,Saahdiq Charles,Saahdiq,DEV
2026,5,DET,LB,D.J. Wonnum,D.J.,ACT
2026,5,CHI,DL,James Lynch,James,ACT
2026,5,LAC,LB,Troy Dye,Troy,ACT
2026,5,LA,OL,Kevin Dotson,Kevin,ACT
2026,5,SF,DL,Khalid Kareem,Khalid,ACT
2026,5,TEN,WR,K.J. Osborn,K.J.,DEV
2026,5,MIN,OL,Blake Brandel,Blake,ACT
2026,5,MIN,DB,Josh Metellus,Josh,ACT
2026,5,LA,DB,Kam Curl,Kamren,ACT
2026,5,ATL,OL,Kyle Hinton,Kyle,ACT
2026,5,LAC,QB,Justin Herbert,Justin,ACT
2026,4,CAR,DB,Isaiah Simmons,Isaiah,ACT
2026,5,DAL,WR,CeeDee Lamb,CeeDee,ACT
2026,5,SEA,DB,Trevon Diggs,Trevon,DEV
2026,5,MIA,LB,Willie Gay Jr.,Willie,ACT
2026,5,SEA,OL,Josh Jones,Josh,ACT
2026,5,CHI,DL,Neville Gallimore,Neville,ACT
2026,5,BAL,OL,John Simpson,John,ACT
2026,4,KC,DB,L'Jarius Sneed,L'Jarius,ACT
2026,5,WAS,DB,Amik Robertson,Amik,ACT
2026,5,LAC,OL,Tyler Biadasz,Tyler,RES
2026,5,BUF,LB,Michael Danna,Michael,ACT
2026,4,KC,DB,Alohi Gilman,Alohi,ACT
2026,5,NYG,OL,Andrew Thomas,Andrew,ACT
2026,5,MIA,WR,Jalen Reagor,Jalen,DEV
2026,5,GB,DB,Xavier McKinney,Xavier,ACT
2026,5,PHI,QB,Jalen Hurts,Jalen,ACT
2026,5,BUF,OL,Lloyd Cushenberry III,Lloyd,ACT
2026,5,DEN,OL,Matt Peart,Matt,ACT
2026,5,ATL,DB,Darnay Holmes,Darnay,DEV
2026,5,BAL,DB,K'Von Wallace,K'Von,ACT
2026,5,PIT,OL,Jack Driscoll,Jack,RES
2026,5,TB,OL,Tristan Wirfs,Tristan,ACT
2026,5,CLE,WR,Jerry Jeudy,Jerry,ACT
2026,5,NO,OL,Cesar Ruiz,Cesar,ACT
2026,5,MIA,LB,Jordyn Brooks,Jordyn,ACT
2026,5,CIN,WR,Tee Higgins,Tee,ACT
2026,5,TB,DB,Antoine Winfield Jr.,Antoine,INA
2026,5,WAS,WR,Van Jefferson,Van,DEV
2026,4,KC,DB,Kristian Fulton,Kristian,ACT
2026,4,CAR,OL,Damien Lewis,Damien,INA
2026,5,PHI,LB,Zack Baun,Zack,ACT
2026,5,TEN,DB,Terrell Burgess,Terrell,ACT
2026,5,DEN,TE,Adam Trautman,Adam,ACT
2026,1,LV,TE,Albert Okwuegbunam,Albert,DEV
2026,5,MIN,RB,DeeJay Dallas,DeeJay,ACT
2026,5,NYJ,WR,Tyler Johnson,Tyler,DEV
2026,5,DEN,LB,Justin Strnad,Justin,ACT
2026,5,ATL,TE,Charlie Woerner,Charlie,ACT
2026,5,HOU,LB,"Kenneth Murray, Jr.",Kenneth,DEV
2026,5,CIN,QB,Joe Burrow,Joe,ACT
2026,5,CLE,LS,Rex Sunahara,Rex,ACT
2026,5,SF,OL,Isaac Alarcon,Isaac,DEV
2026,5,ATL,WR,Chris Blair,Chris,ACT
2026,5,LV,DL,Kwity Paye,Kwity,ACT
2026,5,CHI,DL,Dayo Odeyingbo,Dayo,ACT
2026,5,MIN,OL,Will Fries,Will,ACT
2026,1,DET,WR,Tarik Black,Tarik,CUT
2026,5,JAX,WR,Tim Jones,Tim,DEV
2026,5,NYJ,LB,Jamien Sherwood,Jamien,ACT
2026,5,PHI,DB,Michael Carter II,Michael,ACT
2026,5,NYG,DB,Jason Pinnock,Jason,ACT
2026,5,PIT,DB,Brandin Echols,Brandin,ACT
2026,5,ARI,TE,Kenny Yeboah,Kenny,DEV
2026,5,TEN,LB,Milo Eifler,Milo,RES
2026,2,NE,TE,Shane Zylstra,Shane,CUT
2026,5,NO,OL,Will Sherman,William,ACT
2026,5,BAL,WR,Rashod Bateman,Rashod,ACT
2026,5,GB,OL,Aaron Banks,Aaron,ACT
2026,5,LV,LB,Azeez Ojulari,Azeez,DEV
2026,5,HOU,WR,Nico Collins,Nico,ACT
2026,4,CAR,RB,Chuba Hubbard,Chuba,ACT
2026,5,HOU,TE,Brevin Jordan,Brevin,ACT
2026,4,KC,OL,Jaylon Moore,Jaylon,ACT
2026,5,PHI,DB,Shaun Wade,Shaun,DEV
2026,5,SF,DB,Deommodore Lenoir,Deommodore,ACT
2026,5,DEN,DB,Talanoa Hufanga,Talanoa,ACT
2026,5,ARI,DL,Roy Lopez,Roy,ACT
2026,5,SF,OL,Foster Sarell,Foster,DEV
2026,5,NYG,DB,Ar'Darius Washington,Ar'Darius,ACT
2026,5,CHI,DB,Nick McCloud,Nick,DEV
2026,5,JAX,TE,Quintin Morris,Quintin,ACT
2026,5,LA,OL,Alaric Jackson,Alaric,ACT
2026,5,NYJ,OL,Jordan Meredith,Jordan,ACT
2026,5,HOU,OL,Max Pircher,Max,DEV
2026,5,DEN,WR,Jaylen Waddle,Jaylen,ACT
2026,5,MIN,OL,Christian Darrisaw,Christian,ACT
2026,5,PIT,DB,Asante Samuel Jr.,Asante,ACT
2026,5,WAS,OL,Sam Cosmi,Samuel,ACT
2026,5,NO,OL,Dillon Radunz,Dillon,RES
2026,4,KC,LB,Nick Bolton,Nick,ACT
2026,5,NYJ,OL,Josh Myers,Josh,ACT
2026,4,KC,OL,Creed Humphrey,Creed,ACT
2026,5,DET,DL,Alim McNeill,Alim,ACT
2026,5,GB,DB,Benjamin St-Juste,Benjamin,ACT
2026,5,WAS,WR,Dyami Brown,Dyami,ACT
2026,5,WAS,TE,John Bates,John,ACT
2026,5,IND,DB,Camryn Bynum,Camryn,ACT
2026,5,CLE,WR,Tylan Wallace,Tylan,ACT
2026,5,CHI,LB,Tony Fields II,Tony,RES
2026,4,CAR,WR,Ihmir Smith-Marsette,Ihmir,DEV
2026,2,ARI,WR,Ihmir Smith-Marsette,Ihmir,CUT
2026,4,KC,TE,Noah Gray,Noah,ACT
2026,5,SF,DB,Darrick Forrest,Darrick,RES
2026,5,CIN,DL,Tedarrell Slaton,Tedarrell,ACT
2026,5,NE,LB,K.J. Britt,K.J.,DEV
2026,5,LV,LB,Cameron McGrone,Cameron,DEV
2026,5,ARI,WR,Simi Fehoko,Simi,ACT
2026,1,PIT,WR,Cornell Powell,Cornell,CUT
2026,5,GB,LB,Nick Niemann,Nick,ACT
2026,4,CAR,OL,Stone Forsythe,Stone,ACT
2026,5,JAX,OL,Cole Van Lanen,Cole,ACT
2026,5,GB,LB,Isaiah McDuffie,Isaiah,ACT
2026,4,KC,OL,Trey Smith,Trey,ACT
2026,1,MIN,RB,Jermar Jefferson,Jermar,CUT
2026,5,LA,LB,Grant Stuard,Grant,ACT
2026,5,MIA,DB,Zayne Anderson,Zayne,ACT
2026,5,BUF,QB,Shane Buechele,Shane,DEV
2026,5,MIA,DL,Malik Herring,Malik,ACT
2026,5,DEN,DB,Devon Key,Devon,ACT
2026,5,SF,DL,Naquan Jones,Naquan,ACT
2026,2,MIN,DL,Naquan Jones,Naquan,DEV
2026,5,HOU,LB,Caleb Johnson,Caleb,DEV
2026,5,CLE,DL,Sam Kamara,Sam,DEV
2026,5,WAS,DL,Charles Snowden,Charles,DEV
2026,5,DET,LB,Amen Ogbongbemiga,Amen,ACT
2026,5,DEN,RB,Adam Prentice,Adam,ACT
2026,5,DAL,LB,Curtis Robinson,Curtis,DEV
2026,5,LAC,OL,Kayode Awosika,Kayode,ACT
2026,5,SF,TE,Jack Stoll,Jack,DEV
2026,5,DET,TE,Brock Wright,Brock,ACT
2026,4,MIN,RB,Jaret Patterson,Jaret,CUT
2026,5,CLE,RB,Jaret Patterson,Jaret,DEV
2026,5,PIT,WR,Brandon Smith,Brandon,DEV
2026,5,PIT,OL,Ryan McCollum,Ryan,ACT
2026,5,NYJ,DL,Jack Heflin,Jack,ACT
2026,4,CAR,OL,Jake Curhan,Jake,DEV
2026,5,NE,LB,Christian Elliss,Christian,ACT
2026,5,MIA,K,Riley Patterson,Riley,ACT
2026,4,CAR,TE,Feleipe Franks,Feleipe,ACT
2026,5,ATL,OL,Ryan Neuzil,Ryan,ACT
2026,5,JAX,WR,Austin Trammell,Austin,DEV
2026,5,NYJ,RB,Kene Nwangwu,Kene,ACT
2026,5,NYJ,DL,Isaiahh Loudermilk,Isaiahh,DEV
2026,5,SF,LB,Garret Wallow,Garret,ACT
2026,5,LA,WR,Tutu Atwell,Tutu,ACT
2026,1,ATL,DL,Cameron Sample,Cam,CUT
2026,5,CIN,K,Evan McPherson,Evan,ACT
2026,1,IND,OL,Jimmy Morrissey,Jimmy,CUT
2026,5,NYJ,OL,Jimmy Morrissey,Jimmy,DEV
2026,5,PIT,WR,Ben Skowronek,Ben,ACT
2026,5,TEN,OL,James Hudson,James,ACT
2026,5,NO,LB,Chris Rumph II,Chris,ACT
2026,5,TEN,OL,Dan Moore Jr.,Dan,ACT
2026,5,CHI,LB,Buddy Johnson,Buddy,DEV
2026,5,SF,DB,Nate Hobbs,Nate,RES
2026,1,WAS,DB,Joshuah Bledsoe,Joshuah,CUT
2026,5,DEN,DB,Pat Surtain II,Patrick,ACT
2026,5,NE,RB,Rhamondre Stevenson,Rhamondre,ACT
2026,5,TEN,TE,Kylen Granson,Kylen,ACT
2026,5,DEN,QB,Sam Ehlinger,Sam,ACT
2026,5,DET,OL,Penei Sewell,Penei,ACT
2026,5,HOU,DL,Tommy Togiai,Tommy,ACT
2026,5,NYJ,DB,Tre Brown,Tre,RES
2026,5,SF,TE,Luke Farrell,Luke,ACT
2026,5,BUF,DB,Damar Hamlin,Damar,ACT
2026,5,NYG,RB,Najee Harris,Najee,ACT
2026,5,PIT,TE,Pat Freiermuth,Pat,ACT
2026,1,SF,DL,Victor Dimukeje,Victor,RES
2026,5,HOU,QB,Davis Mills,Davis,ACT
2026,5,CIN,WR,Ja'Marr Chase,Ja'Marr,ACT
2026,5,LV,DB,Eric Stokes,Eric,ACT
2026,5,NYJ,LB,Joseph Ossai,Joseph,ACT
2026,4,CAR,DL,Bobby Brown III,Bobby,ACT
2026,4,CAR,DB,Robert Rochell,Robert,ACT
2026,5,DET,OL,Larry Borom,Larry,ACT
2026,5,ATL,RB,Khalil Herbert,Khalil,DEV
2026,4,KC,DL,Khyiris Tonga,Khyiris,ACT
2026,5,PHI,WR,DeVonta Smith,DeVonta,ACT
2026,5,BUF,LB,Greg Rousseau,Gregory,ACT
2026,5,CLE,LB,Jeremiah Owusu-Koramoah,Jeremiah,RES
2026,5,NE,DL,Milton Williams,Milton,ACT
2026,1,LA,DB,Zech McPhearson,Zech,RES
2026,5,TB,RB,Kenny Gainwell,Kenneth,ACT
2026,5,LV,LB,Patrick Johnson,Patrick,ACT
2026,5,TEN,RB,Michael Carter,Michael,ACT
2026,5,DET,DL,Payton Turner,Payton,RES
2026,5,NO,LB,Pete Werner,Pete,ACT
2026,5,GB,LB,Micah Parsons,Micah,RES
2026,5,ARI,LB,Zaven Collins,Zaven,ACT
2026,4,CAR,LB,Jaelan Phillips,Jaelan,ACT
2026,5,NYG,DB,Paulson Adebo,Paulson,RES
2026,5,WAS,LB,Odafe Oweh,Odafe,ACT
2026,5,NYJ,DB,Andre Cisco,Andre,ACT
2026,5,SF,DL,Osa Odighizuwa,Osa,ACT
2026,5,DEN,LS,Mitchell Fraboni,Mitchell,ACT
2026,4,CAR,DB,Jaycee Horn,Jaycee,RES
2026,4,KC,QB,Justin Fields,Justin,ACT
2026,5,DEN,LB,Jonathon Cooper,Jonathon,EXE
2026,5,CLE,OL,Teven Jenkins,Teven,ACT
2026,5,DET,DL,Levi Onwuzurike,Levi,ACT
2026,5,WAS,DB,Darren Hall,Darren,DEV
2026,1,ATL,DB,Darren Hall,Darren,RES
2026,5,DEN,WR,Michael Bandy,Michael,DEV
2026,4,CAR,DB,Tre'von Moehrig,Tre'von,ACT
2026,5,DET,WR,Amon-Ra St. Brown,Amon-Ra,ACT
2026,5,DET,LB,Derrick Barnes,Derrick,ACT
2026,5,PHI,DL,Joe Tryon,Joe,RET
2026,4,CAR,OL,Brady Christensen,Brady,RES
2026,5,ATL,TE,Kyle Pitts,Kyle,ACT
2026,5,JAX,QB,Trevor Lawrence,Trevor,ACT
2026,5,SF,QB,Mac Jones,Mac,ACT
2026,5,NO,RB,Travis Etienne,Travis,RES
2026,5,CLE,DB,Tyson Campbell,Tyson,ACT
2026,5,JAX,OL,Walker Little,Walker,ACT
2026,5,BUF,OL,Spencer Brown,Spencer,ACT
2026,5,NE,OL,Alijah Vera-Tucker,Alijah,ACT
2026,5,PHI,WR,Elijah Moore,Elijah,ACT
2026,5,NE,DL,Christian Barmore,Christian,ACT
2026,5,NYG,DL,Chauncey Golston,Chauncey,ACT
2026,4,CLE,OL,Kendrick Green,Kendrick,CUT
2026,5,NYG,OL,Kendrick Green,Kendrick,DEV
2026,5,ATL,RB,Trey Sermon,Trey,RES
2026,5,JAX,OL,Robert Hainsey,Robert,ACT
2026,5,NYJ,DB,Nahshon Wright,Nahshon,ACT
2026,5,NYJ,DB,Brandon Stephens,Brandon,ACT
2026,5,BUF,WR,Josh Palmer,Josh,ACT
2026,5,LV,DL,Malcolm Koonce,Malcolm,ACT
2026,5,ATL,LB,Divine Deablo,Divine,ACT
2026,5,LAC,DB,Elijah Molden,Elijah,ACT
2026,5,TB,DB,Ifeatu Melifonwu,Ifeatu,ACT
2026,5,SEA,LB,Ernest Jones,Ernest,ACT
2026,5,ARI,LB,Baron Browning,Baron,ACT
2026,5,NYG,DB,Greg Newsome II,Greg,ACT
2026,5,DAL,RB,Javonte Williams,Javonte,ACT
2026,5,NYG,DB,Jevon Holland,Jevon,ACT
2026,5,DEN,OL,Quinn Meinerz,Quinn,ACT
2026,5,PHI,OL,Landon Dickerson,Landon,RES
2026,5,SEA,LB,Chazz Surratt,Chazz,ACT
2026,5,ARI,TE,Hunter Long,Hunter,RES
2026,4,CAR,TE,Tommy Tremble,Tommy,ACT
2026,4,CAR,LB,Patrick Jones II,Patrick,ACT
2026,5,LAC,OL,Rashawn Slater,Rashawn,ACT
2026,1,WAS,TE,Tre' McKitty,Tre',CUT
2026,5,LAC,QB,Trey Lance,Trey,ACT
2026,5,NO,QB,Zach Wilson,Zach,ACT
2026,5,CHI,TE,Nikola Kalinic,Nikola,RES
2026,5,BUF,DB,Dee Alford,Dee,ACT
2026,5,IND,OL,Roy Mbaeteka,Roy,DEV
2026,5,DAL,DL,Elijah Garcia,Elijah,ACT
2026,1,TEN,WR,Lance McCutcheon,Lance,CUT
2026,5,LA,LB,Keir Thomas,Keir,RES
2026,5,PHI,DL,Jordan Davis,Jordan,ACT
2026,5,LV,LB,Quay Walker,Quay,ACT
2026,5,GB,DL,Devonte Wyatt,Devonte,ACT
2026,5,GB,OL,Sean Rhyan,Sean,ACT
2026,5,DAL,QB,Sam Howell,Sam,ACT
2026,5,MIA,TE,Cole Turner,Cole,RES
2026,5,PHI,DB,Riq Woolen,Tariq,ACT
2026,4,KC,DL,Tyreke Smith,Tyreke,DEV
2026,5,CHI,OL,Braxton Jones,Braxton,RES
2026,5,HOU,DL,Dominique Robinson,Dominique,ACT
2026,5,NYJ,LB,Kingsley Enagbare,Kingsley,ACT
2026,5,DEN,RB,Tyler Badie,Tyler,ACT
2026,5,PHI,TE,Grant Calcaterra,Grant,RES
2026,5,GB,WR,Bo Melton,Bo,ACT
2026,5,WAS,OL,Chris Paul,Chris,ACT
2026,5,LV,WR,Dareke Young,Dareke,ACT
2026,5,GB,DL,Jonathan Ford,Jonathan,ACT
2026,5,CHI,DB,Elijah Hicks,Elijah,ACT
2026,1,PHI,WR,Samori Toure,Samori,CUT
2026,5,JAX,DB,Jaylon Jones,Jaylon,ACT
2026,1,CHI,DB,Jaylon Jones,Jaylon,CUT
2026,5,CHI,LB,Jack Sanborn,Jack,ACT
2026,5,SF,TE,Jake Tonges,Jake,RES
2026,1,ATL,RB,Tyler Goodson,Tyler,DEV
2026,5,DAL,RB,Tyler Goodson,Tyler,ACT
2026,5,CHI,DB,Josh Blackwell,Josh,ACT
2026,5,HOU,DB,Reed Blankenship,Reed,ACT
2026,5,PHI,WR,Britain Covey,Britain,ACT
2026,1,TEN,DB,Mario Goodrich,Mario,CUT
2026,5,SEA,DB,Josh Jobe,Josh,ACT
2026,5,IND,OL,Josh Sills,Josh,DEV
2026,5,ARI,DB,Joey Blount,Joey,RES
2026,5,TEN,DB,Tony Adams,Tony,ACT
2026,5,SEA,WR,Irvin Charles,Irvin,RES
2026,5,ARI,RB,Bam Knight,Bam,ACT
2026,4,CAR,LB,Jeremiah Moon,Jeremiah,DEV
2026,1,MIN,LB,Josh Ross,Josh,CUT
2026,5,IND,DB,Sauce Gardner,Ahmad,ACT
2026,5,LA,DB,Trent McDuffie,Trent,ACT
2026,4,KC,DL,George Karlaftis,George,ACT
2026,5,CIN,DB,Bryan Cook,Bryan,ACT
2026,4,NYG,OL,Darian Kinnard,Darian,CUT
2026,5,LA,DB,Jaylen Watson,Jaylen,ACT
2026,4,CAR,OL,Rasheed Walker,Rasheed,ACT
2026,5,DET,RB,Isiah Pacheco,Isiah,RES
2026,4,CAR,DL,LaBryan Ray,LaBryan,RET
2026,5,NE,DB,Brenden Schooler,Brenden,RES
2026,4,KC,OL,Mike Caliendo,Mike,ACT
2026,4,KC,LB,Jack Cochrane,Jack,ACT
2026,5,LAC,K,Cameron Dicker,Cameron,ACT
2026,1,DAL,OL,Chris Glaser,Chris,CUT
2026,5,PIT,RB,Jaylen Warren,Jaylen,ACT
2026,4,CAR,OL,Ikem Ekwonu,Ikem,RES
2026,1,DEN,DL,Israel Antwine,Israel,CUT
2026,5,NO,WR,Kevin Austin Jr.,Kevin,ACT
2026,5,JAX,DL,Travon Walker,Travon,ACT
2026,5,DET,DL,Aidan Hutchinson,Aidan,ACT
2026,5,HOU,DB,Derek Stingley Jr.,Derek,ACT
2026,5,ATL,WR,Drake London,Drake,ACT
2026,5,NO,WR,Chris Olave,Chris,ACT
2026,5,DET,WR,Jameson Williams,Jameson,ACT
2026,5,LAC,OL,Trevor Penning,Trevor,ACT
2026,5,LAC,DB,Kaiir Elam,Kaiir,DEV
2026,5,DAL,OL,Tyler Smith,Tyler,ACT
2026,4,CAR,LB,Devin Lloyd,Devin,ACT
2026,5,HOU,DB,Jalen Pitre,Jalen,ACT
2026,5,DAL,WR,George Pickens,George,ACT
2026,5,BUF,RB,James Cook,James,ACT
2026,5,DEN,LB,Nik Bonitto,Nik,ACT
2026,5,NO,DB,Martin Emerson,Martin,ACT
2026,5,CLE,DL,Alex Wright,Alex,RES
2026,5,MIA,TE,Greg Dulcich,Greg,ACT
2026,5,NE,DB,Marcus Jones,Marcus,ACT
2026,5,BUF,LB,Terrel Bernard,Terrel,ACT
2026,5,NYJ,OL,Dylan Parham,Dylan,ACT
2026,5,WAS,RB,Rachaad White,Rachaad,ACT
2026,5,PHI,RB,Dameon Pierce,Dameon,ACT
2026,5,NYG,LB,Micah McFadden,Micah,ACT
2026,5,WAS,DL,D.J. Davidson,D.J.,RET
2026,5,BUF,WR,Khalil Shakir,Khalil,ACT
2026,5,LV,DL,Thomas Booker,Thomas,ACT
2026,5,ARI,RB,Tyler Allgeier,Tyler,ACT
2026,4,KC,OL,Matt Waletzko,Matt,RES
2026,4,MIN,RB,Jerome Ford,Jerome,CUT
2026,5,TB,DB,Zyon McCollum,Zyon,ACT
2026,3,GB,DL,Eric Johnson,Eric,DEV
2026,5,DAL,DL,Otito Ogbonnia,Otito,ACT
2026,5,CHI,LB,D'Marco Jackson,D'Marco,ACT
2026,5,PIT,DL,Esezi Otomewo,Esezi,DEV
2026,5,DAL,DB,DaRon Bland,Daron,ACT
2026,5,NO,RB,Ty Chandler,Ty,RES
2026,5,ARI,TE,Teagan Quitoriano,Teagan,ACT
2026,5,DEN,OL,Luke Wattenberg,Luke,ACT
2026,5,DET,LB,Damone Clark,Damone,RES
2026,5,DAL,TE,James Mitchell,James,DEV
2026,5,NO,DL,John Ridgeway,John,ACT
2026,4,KC,P,Matt Araiza,Matt,ACT
2026,5,SF,OL,Vederian Lowe,Vederian,ACT
2026,5,BUF,DB,Christian Benford,Christian,ACT
2026,5,DET,LB,Malcolm Rodriguez,Malcolm,ACT
2026,5,LV,WR,Jalen Nailor,Jalen,ACT
2026,5,IND,TE,Andrew Ogletree,Andrew,ACT
2026,5,DEN,DL,Jordan Jackson,Jordan,ACT
2026,5,DET,OL,Cade Mays,Cade,RES
2026,5,MIN,DB,Theo Jackson,Theo,ACT
2026,1,TEN,OL,Austin Deculus,Austin,CUT
2026,5,ARI,OL,Austin Deculus,Austin,DEV
2026,5,DEN,DL,Matt Henningsen,Matt,RES
2026,5,LV,RB,Connor Heyward,Connor,ACT
2026,5,IND,OL,Luke Tenuta,Luke,ACT
2026,5,CLE,TE,John FitzPatrick,John,DEV
2026,5,CIN,DB,Ja'Sir Taylor,Ja'Sir,RES
2026,5,DAL,LB,James Houston,James,INA
2026,5,TB,TE,Ko Kieft,Ko,ACT
2026,5,PHI,LB,Chance Campbell,Chance,DEV
2026,5,JAX,DB,Montaric Brown,Montaric,ACT
2026,5,ATL,TE,Nick Muse,Nick,ACT
2026,5,LAC,DB,Deane Leonard,Deane,ACT
2026,5,SEA,DB,Rodney Thomas,Rodney,ACT
2026,1,KC,QB,Chris Oladokun,Chris,RES
2026,5,BAL,QB,Skylar Thompson,Skylar,RES
2026,5,CHI,RB,Brittain Brown,Brittain,RES
2026,4,SEA,DB,D'Anthony Bell,D'Anthony,CUT
2026,5,PIT,OL,Brock Hoffman,Brock,ACT
2026,5,HOU,TE,Zaire Mitchell-Paden,Zaire,DEV
2026,5,NE,TE,Tanner Conner,Tanner,DEV
2026,1,SEA,OL,Kellen Diesch,Kellen,CUT
2026,4,KC,DB,Kader Kohou,Kader,DEV
2026,5,DET,DL,Ben Stille,Ben,DEV
2026,5,GB,LB,Arron Mosby,Arron,DEV
2026,5,CHI,WR,Kaden Davis,Kaden,DEV
2026,1,DAL,OL,Sebastian Gutierrez,Sebastian,CUT
2026,5,PIT,WR,Brandon Johnson,Brandon,DEV
2026,5,DEN,DB,Ja'Quan McMillian,Ja'Quan,ACT
2026,1,DET,OL,Michael Niese,Michael,CUT
2026,5,CHI,DB,Dallis Flowers,Dallis,RES
2026,5,MIN,OL,Ryan Van Demark,Ryan,ACT
2026,1,DAL,RB,Jashaun Corbin,Jashaun,CUT
2026,5,NO,LS,Cal Adomitis,Cal,ACT
2026,2,MIA,LS,Cal Adomitis,Cal,DEV
2026,5,NE,OL,Ben Brown,Ben,ACT
2026,5,DET,OL,Devin Cochran,Devin,DEV
2026,1,CIN,WR,Kendric Pryor,Kendric,CUT
2026,5,BUF,OL,Alec Anderson,Alec,ACT
2026,5,NYJ,DL,Kingsley Jonathan,Kingsley,RES
2026,5,CLE,OL,Obinna Eze,Obinna,DEV
2026,5,HOU,LB,Jake Hansen,Jake,ACT
2026,5,LV,DB,Tristin McCollum,Tristin,ACT
2026,5,NYG,DB,Raheem Layne,Raheem,DEV
2026,5,NO,TE,Stone Smartt,Stone,DEV
2026,5,PIT,OL,Dylan Cook,Dylan,ACT
2026,5,LV,WR,Deven Thompkins,Deven,DEV
2026,5,NE,DB,Mike Brown,Mike,ACT
2026,5,NO,P,Ryan Wright,Ryan,ACT
2026,5,SF,RB,Sincere McCormick,Sincere,DEV
2026,5,LV,DB,Isaiah Pola-Mao,Isaiah,ACT
2026,1,WAS,DB,Qwuantrezz Knight,Qwuantrezz,CUT
2026,5,DET,WR,Tay Martin,Tay,ACT
2026,5,MIN,RB,Jordan Mason,Jordan,RES
2026,5,NYJ,LB,Marcelino McCrary-Ball,Marcelino,RES
2026,5,LV,LB,Segun Olubi,Segun,ACT
2026,5,DEN,TE,Lucas Krull,Lucas,DEV
2026,5,CHI,LB,Nephi Sewell,Nephi,RES
2026,5,SEA,WR,Rashid Shaheed,Rashid,ACT
2026,5,GB,P,Daniel Whelan,Daniel,ACT
2026,5,MIA,DB,Darrell Baker Jr.,Darrell,RES
2026,5,LA,RB,Ronnie Rivers,Ronnie,RES
2026,5,DAL,DB,Markquese Bell,Markquese,ACT
2026,5,DAL,RB,Malik Davis,Malik,RES
2026,1,TB,WR,Dennis Houston,Dennis,CUT
2026,5,DAL,DB,Juanyeh Thomas,Juanyeh,ACT
2026,5,TEN,DL,Timmy Horne,Timmy,DEV
2026,5,LA,LB,Nate Landman,Nate,ACT
2026,5,TEN,RB,Julius Chestnut,Julius,ACT
2026,5,ARI,LB,Jack Gibbens,Jack,ACT
2026,5,NE,OL,Xavier Newman-Johnson,Xavier,DEV
2026,1,NYJ,OL,Xavier Newman-Johnson,Xavier,DEV
2026,5,SF,DL,Sam Okuayinonu,Sam,RES
2026,5,NYG,LB,Kayvon Thibodeaux,Kayvon,ACT
2026,5,LV,OL,Evan Neal,Evan,DEV
2026,4,CAR,WR,John Metchie III,John,ACT
2026,5,LV,LB,Nakobe Dean,Nakobe,ACT
2026,5,WAS,DB,Nick Cross,Nick,ACT
2026,1,NE,RB,Hassan Haskins,Hassan,DEV
2026,1,TEN,OL,Zach Thomas,Zachary,CUT
2026,1,ATL,OL,Andrew Stueber,Andrew,CUT
2026,5,HOU,LB,Jacob Hummel,Jake,RES
2026,5,NE,DL,Benton Whitley,Benton,DEV
2026,5,HOU,DB,Ja'Marcus Ingram,Ja'Marcus,RES
2026,5,TEN,LB,Jermaine Johnson II,Jermaine,ACT
2026,5,IND,WR,Alec Pierce,Alec,RES
2026,5,CLE,DL,Sam Williams,Sam,ACT
2026,5,MIA,WR,Jalen Tolbert,Jalen,ACT
2026,5,DET,DB,Kerby Joseph,Kerby,RES
2026,5,MIA,LS,Tucker Addington,Tucker,ACT
2026,5,DAL,K,Brandon Aubrey,Brandon,ACT
2026,1,CHI,WR,Maurice Alexander,Maurice,CUT
2026,5,NE,DL,Jeremiah Pharms Jr.,Jeremiah,DEV
2026,5,NYJ,WR,Garrett Wilson,Garrett,ACT
2026,5,ATL,WR,Jahan Dotson,Jahan,ACT
2026,5,WAS,WR,Treylon Burks,Treylon,ACT
2026,5,CIN,DB,Daxton Hill,Dax,ACT
2026,5,ARI,TE,Trey McBride,Trey,ACT
2026,5,SEA,RB,Velus Jones Jr.,Velus,ACT
2026,5,ATL,RB,Brian Robinson,Brian,ACT
2026,1,NYJ,OL,Marquis Hayes,Marquis,DEV
2026,5,DEN,DB,Tycen Anderson,Tycen,ACT
2026,5,IND,DB,Cam Taylor-Britt,Cam,ACT
2026,1,WAS,OL,Nicholas Petit-Frere,Nicholas,CUT
2026,5,NYJ,TE,Jelani Woods,Jelani,ACT
2026,5,BAL,DL,Travis Jones,Travis,ACT
2026,5,IND,OL,Bernhard Raimann,Bernhard,ACT
2026,5,TEN,DB,Cordale Flott,Cordale,ACT
2026,5,DEN,LB,Dondrea Tillman,Dondrea,ACT
2026,5,DAL,WR,KaVontae Turpin,Kavontae,ACT
2026,5,ARI,DL,Zachary Carter,Zach,RES
2026,5,NYJ,TE,Jeremy Ruckert,Jeremy,ACT
2026,4,KC,OL,Joshua Ezeudu,Joshua,ACT
2026,5,ATL,LB,DeAngelo Malone,DeAngelo,RES
2026,5,WAS,TE,Chig Okonkwo,Chigoziem,ACT
2026,5,HOU,LB,Chad Muma,Chad,DEV
2026,5,SEA,OL,Abraham Lucas,Abraham,ACT
2026,4,CAR,OL,Luke Fortner,Luke,ACT
2026,5,ATL,DL,Cameron Thomas,Cameron,ACT
2026,5,NE,WR,Romeo Doubs,Romeo,ACT
2026,5,GB,OL,Zach Bako-Bewele,Zach,RES
2026,5,CLE,OL,Zion Johnson,Zion,ACT
2026,5,WAS,LB,Leo Chenal,Leo,RES
2026,5,SEA,OL,Charles Cross,Charles,ACT
2026,5,ATL,LB,Brian Asamoah II,Brian,DEV
2026,5,ATL,LB,Christian Harris,Christian,ACT
2026,5,LV,OL,Tyler Linderbaum,Tyler,ACT
2026,5,ATL,LB,Drake Jackson,Drake,DEV
2026,1,WAS,LB,Drake Jackson,Drake,RES
2026,2,PHI,WR,Danny Gray,Danny,CUT
2026,5,LV,OL,Spencer Burford,Spencer,ACT
2026,5,NYJ,DB,Samuel Womack,Samuel,DEV
2026,5,SF,OL,Nick Zakelj,Nick,RES
2026,5,CLE,DL,Kalia Davis,Kalia,RES
2026,5,SF,QB,Brock Purdy,Brock,ACT
2026,5,TB,OL,Luke Goedeke,Luke,ACT
2026,5,NYG,WR,Calvin Austin III,Calvin,RES
2026,5,NYG,TE,Isaiah Likely,Isaiah,ACT
2026,5,DAL,DB,Cobie Durant,Cobie,INA
2026,5,LA,RB,Kyren Williams,Kyren,ACT
2026,5,LA,DB,Quentin Lake,Quentin,ACT
2026,5,DAL,DB,Derion Kendrick,Derion,DEV
2026,5,CHI,DL,Daniel Hardy,Daniel,ACT
2026,5,CIN,DB,Russ Yeast,Russ,DEV
2026,5,BAL,OL,A.J. Arcuri,A.J.,DEV
2026,1,TB,DB,Pepe Williams,Damarion,CUT
2026,5,BAL,DB,Kyle Hamilton,Kyle,ACT
2026,5,SF,DB,Jack Jones,Jack,ACT
2026,5,NO,RB,Zamir White,Zamir,DEV
2026,5,DAL,TE,Jake Ferguson,Jake,ACT
2026,5,TEN,DB,Joshua Williams,Joshua,RES
2026,5,LAC,TE,Charlie Kolar,Charlie,ACT
2026,5,GB,WR,Skyy Moore,Skyy,ACT
2026,1,NYG,DB,JT Woods,J.T.,CUT
2026,5,PHI,WR,Erik Ezukanma,Erik,DEV
2026,5,NYG,P,Jordan Stout,Jordan,ACT
2026,4,GB,OL,Cordell Volson,Cordell,CUT
2026,5,GB,RB,Pierre Strong,Pierre,ACT
2026,5,BUF,DL,Phidarian Mathis,Phidarian,DEV
2026,5,WAS,DB,Percy Butler,Percy,ACT
2026,4,CAR,DB,Akayleb Evans,Akayleb,ACT
2026,4,CAR,QB,Kenny Pickett,Kenny,ACT
2026,5,LAC,OL,Cole Strange,Cole,ACT
2026,4,KC,WR,Tyquan Thornton,Tyquan,ACT
2026,5,CLE,DB,Damarri Mathis,Damarri,RES
2026,5,DEN,DL,Eyioma Uwazurike,Eyioma,ACT
2026,5,IND,DL,Micheal Clemons,Micheal,RES
2026,3,NYJ,QB,Bailey Zappe,Bailey,CUT
2026,5,CHI,DB,Kyler Gordon,Kyler,RES
2026,5,BAL,OL,Cam Jurgens,Cam,ACT
2026,4,PHI,OL,Cam Jurgens,Cam,ACT
2026,5,NYJ,OL,Max Mitchell,Max,ACT
2026,5,TEN,TE,Daniel Bellinger,Daniel,ACT
2026,5,PHI,LB,Arnold Ebiketie,Arnold,ACT
2026,5,TEN,WR,Wan'Dale Robinson,Wan'Dale,ACT
2026,5,JAX,OL,Daniel Faalele,Daniel,ACT
2026,5,NYJ,RB,Breece Hall,Breece,ACT
2026,5,TEN,DB,Alontae Taylor,Alontae,ACT
2026,5,NYJ,DB,Dane Belton,Dane,ACT
2026,5,GB,WR,Christian Watson,Christian,ACT
2026,5,DET,DB,Roger McCreary,Roger,ACT
2026,5,HOU,DL,Logan Hall,Logan,ACT
2026,5,MIA,QB,Malik Willis,Malik,ACT
2026,5,TB,TE,Cade Otton,Cade,ACT
2026,5,HOU,OL,Ed Ingram,Ed,ACT
2026,5,CIN,DL,Boye Mafe,Boye,ACT
2026,4,KC,RB,Kenneth Walker III,Kenneth,ACT
2026,5,PIT,DB,Jaquan Brisker,Jaquan,ACT
2026,5,CHI,DB,Coby Bryant,Coby,RES
2026,5,NO,DL,David Ojabo,David,DEV
2026,5,DAL,DL,Adedayo Odeleye,Adedayo,DEV
2026,4,KC,TE,Thomas Odukoya,Thomas,DEV
2026,5,DET,WR,Lucky Jackson,Lucky,DEV
2026,5,NYJ,OL,Kohl Levao,Kohl,ACT
2026,1,NYJ,OL,Liam Fornadel,Liam,CUT
2026,1,NO,OL,Barry Wesley,Barry,CUT
2026,1,DAL,DB,Josh Butler,Josh,CUT
2026,1,NO,K,Tanner Brown,Tanner,CUT
2026,4,LA,WR,Xavier Smith,Xavier,CUT
2026,5,SF,WR,Xavier Smith,Xavier,DEV
2026,5,LV,LS,Alex Ward,Alex,ACT
2026,5,LA,DB,Tanner Ingle,Tanner,DEV
2026,1,WAS,DB,Quindell Johnson,Quindell,CUT
2026,5,BAL,OL,Andrew Vorhees,Andrew,ACT
2026,5,PHI,DL,Jalen Carter,Jalen,ACT
2026,5,NO,DL,Colby Wooden,Colby,ACT
2026,2,WAS,DB,Darius Rush,Darius,CUT
2026,5,PIT,DB,Darius Rush,Darius,DEV
2026,5,DAL,RB,Israel Abanikanda,Israel,DEV
2026,5,CHI,LB,Noah Sewell,Noah,RES
2026,5,CIN,QB,Sean Clifford,Sean,DEV
2026,5,IND,DB,Daniel Scott,Daniel,DEV
2026,5,PHI,WR,Dontayvion Wicks,Dontayvion,ACT
2026,5,IND,TE,Will Mallory,Will,RES
2026,4,WAS,DB,Terell Smith,Terell,DEV
2026,5,PIT,DB,Terell Smith,Terell,ACT
2026,1,NYG,RB,Eric Gray,Eric,CUT
2026,5,CLE,RB,Eric Gray,Eric,DEV
2026,5,ARI,RB,Evan Hull,Evan,DEV
2026,5,GB,DL,Karl Brooks,Karl,ACT
2026,5,NYG,LB,Zaire Barnes,Zaire,ACT
2026,5,PHI,QB,Tanner McKee,Tanner,ACT
2026,5,NYG,DB,Jarrick Bernard-Converse,Jarrick,RES
2026,1,MIN,DB,Tre Hawkins III,Tre,CUT
2026,1,CLE,DL,Travis Bell,Travis,CUT
2026,1,DAL,TE,Zack Kuntz,Zack,CUT
2026,5,TEN,DB,Jaylon Jones,Jaylon,ACT
2026,5,GB,DB,Carrington Valentine,Carrington,ACT
2026,5,PIT,RB,Lew Nichols III,Lew,DEV
2026,5,CHI,DB,Anthony Johnson,Anthony,DEV
2026,5,PHI,DL,Moro Ojomo,Moro,ACT
2026,5,LAC,DB,Kendall Williamson,Kendall,ACT
2026,5,CHI,QB,Tyson Bagent,Tyson,ACT
2026,5,NE,OL,Lorenz Metz,Lorenz,DEV
2026,5,CLE,K,Andre Szmyt,Andre,ACT
2026,5,MIA,LB,Liam Anderson,Liam,DEV
2026,5,CHI,RB,Zavier Scott,Zavier,DEV
2026,1,TEN,DB,Corey Mayfield Jr.,Corey,CUT
2026,5,LAC,RB,Keaton Mitchell,Keaton,ACT
2026,5,LV,RB,Owen Wright,Owen,DEV
2026,1,HOU,RB,Owen Wright,Owen,CUT
2026,1,ATL,DL,Keshawn Banks,Keshawn,CUT
2026,5,MIN,DL,Keshawn Banks,Keshawn,DEV
2026,5,GB,LB,Brenton Cox Jr.,Brenton,ACT
2026,1,LA,DB,Alex Cook,Alex,CUT
2026,5,NE,QB,Tommy DeVito,Tommy,ACT
2026,1,TEN,LB,Dyontae Johnson,Dyontae,CUT
2026,5,SEA,RB,Brady Russell,Brady,ACT
2026,4,KC,RB,Ben VanSumeren,Ben,ACT
2026,1,KC,WR,Jason Brownlee,Jason,CUT
2026,4,CAR,LB,Claudin Cherelus,Claudin,CUT
2026,2,GB,DB,Trey Dean III,Trey,CUT
2026,5,PHI,WR,Xavier Gipson,Xavier,DEV
2026,5,PHI,TE,E.J. Jenkins,E.J.,ACT
2026,5,BAL,LB,Trenton Simpson,Trenton,ACT
2026,5,BAL,LB,Tavius Robinson,Tavius,ACT
2026,5,GB,DL,Jordon Riley,Jordon,RES
2026,1,JAX,OL,Jerome Carvin,Jerome,CUT
2026,4,KC,LB,Cam Jones,Cam,DEV
2026,5,TEN,DL,Truman Jones,Truman,ACT
2026,4,KC,WR,Nikko Remigio,Nikko,ACT
2026,5,MIA,DB,Reese Taylor,Reese,ACT
2026,5,GB,DB,Kahlef Hailassie,Kahlef,DEV
2026,2,WAS,LB,DJ Johnson,D.J.,CUT
2026,5,TEN,OL,Chandler Zavala,Chandler,DEV
2026,4,CAR,OL,Chandler Zavala,Chandler,CUT
2026,5,ARI,OL,Paris Johnson Jr.,Paris,RES
2026,5,NO,LB,Tyree Wilson,Tyree,ACT
2026,5,ATL,RB,Bijan Robinson,Bijan,ACT
2026,5,SEA,WR,Jaxon Smith-Njigba,Jaxon,ACT
2026,5,LAC,WR,Quentin Johnston,Quentin,ACT
2026,5,MIA,DL,Mazi Smith,Mazi,DEV
2026,5,CIN,DL,Myles Murphy,Myles,ACT
2026,5,DAL,TE,Luke Schoonmaker,Luke,ACT
2026,5,BUF,OL,O'Cyrus Torrence,O'Cyrus,ACT
2026,5,CIN,DB,DJ Turner II,D.J.,ACT
2026,5,TEN,QB,Hendon Hooker,Hendon,DEV
2026,5,NO,RB,Kendre Miller,Kendre,ACT
2026,5,DEN,DB,Riley Moss,Riley,ACT
2026,5,LAC,LB,Daiyan Henley,Daiyan,ACT
2026,5,SF,DB,Ji'Ayir Brown,Ji'Ayir,ACT
2026,5,PHI,RB,Tank Bigsby,Tank,RES
2026,5,DAL,LB,DeMarvion Overshown,DeMarvion,INA
2026,5,BUF,LB,Dorian Williams,Dorian,ACT
2026,5,PIT,TE,Darnell Washington,Darnell,ACT
2026,5,ARI,WR,Michael Wilson,Michael,ACT
2026,5,CIN,DB,Jordan Battle,Jordan,ACT
2026,2,BAL,K,Jake Moody,Jake,CUT
2026,5,LV,WR,Tre Tucker,Tre,ACT
2026,5,NE,TE,Cameron Latu,Cameron,ACT
2026,5,CLE,DB,Mekhi Blackmon,Mekhi,ACT
2026,5,NO,OL,Nick Saldiveri,Nick,RES
2026,5,ARI,K,Chad Ryland,Chad,ACT
2026,5,CHI,DB,Clark Phillips III,Clark,ACT
2026,5,JAX,LB,Ventrell Miller,Ventrell,ACT
2026,5,ARI,OL,Jon Gaines II,Jon,ACT
2026,5,LAC,WR,Derius Davis,Derius,ACT
2026,5,CLE,DL,Isaiah McGuire,Isaiah,ACT
2026,5,SF,DL,Viliami Fehoko Jr.,Viliami,DEV
2026,5,NYG,WR,Charlie Jones,Charlie,ACT
2026,5,PIT,LB,Nick Herbig,Nick,ACT
2026,5,MIN,DB,Jay Ward,Jay,ACT
2026,5,LV,QB,Aidan O'Connell,Aidan,ACT
2026,5,ATL,LB,Yasir Abdullah,Yasir,ACT
2026,5,PIT,DL,K.J. Henry,K.J.,DEV
2026,5,IND,DB,Cameron Mitchell,Cameron,RES
2026,5,TEN,OL,Atonio Mafi,Atonio,ACT
2026,5,ATL,DB,Jammie Robinson,Jammie,DEV
2026,5,NO,DB,Jordan Howden,Jordan,ACT
2026,5,GB,TE,Josh Whyle,Josh,ACT
2026,4,LV,WR,Justin Shorter,Justin,CUT
2026,5,SEA,DL,Mike Morris,Mike,ACT
2026,5,ATL,OL,Colby Sorsdal,Colby,DEV
2026,1,DET,OL,Colby Sorsdal,Colby,CUT
2026,5,SEA,OL,Olu Oluwatimi,Olusegun,ACT
2026,5,LV,DB,Darrell Luter Jr.,Darrell,ACT
2026,5,CHI,OL,Jordan McFadden,Jordan,ACT
2026,5,JAX,DB,Antonio Johnson,Antonio,ACT
2026,5,CIN,RB,Chase Brown,Chase,ACT
2026,5,HOU,LB,Henry To'oTo'o,Henry,RES
2026,5,TEN,LB,Owen Pappoe,Owen,DEV
2026,5,NO,OL,Asim Richards,Asim,ACT
2026,5,MIA,DL,Rob Beal Jr.,Robert,ACT
2026,1,DET,DB,Eric Scott Jr.,Eric,CUT
2026,5,DEN,DB,JL Skinner,J.L.,ACT
2026,5,JAX,WR,Parker Washington,Parker,ACT
2026,5,HOU,WR,Kayshon Boutte,Kayshon,ACT
2026,5,CLE,OL,Luke Wypler,Luke,ACT
2026,5,NE,P,Bryce Baringer,Bryce,RES
2026,5,JAX,RB,Chris Rodriguez Jr.,Chris,ACT
2026,5,ARI,DB,Jerrick Reed II,Jerrick,DEV
2026,1,TEN,DB,Jerrick Reed II,Jerrick,DEV
2026,5,LAC,RB,Scott Matlock,Scott,RES
2026,5,SF,OL,Jarrett Patterson,Jarrett,ACT
2026,5,JAX,DB,Christian Braswell,Christian,RES
2026,1,JAX,LB,Amari Burney,Amari,CUT
2026,5,HOU,WR,Xavier Hutchinson,Xavier,ACT
2026,5,CIN,WR,Andrei Iosivas,Andrei,RES
2026,5,TEN,DB,Erick Hallett,Erick,ACT
2026,5,NE,WR,DeMario Douglas,Demario,ACT
2026,5,HOU,RB,Deuce Vaughn,Deuce,DEV
2026,5,ARI,DL,Dante Stills,Dante,ACT
2026,5,DAL,DB,Ameer Speed,Ameer,ACT
2026,5,DAL,LB,Dee Winters,Dee,ACT
2026,5,ATL,DB,DeMarcco Hellams,DeMarcco,ACT
2026,5,BAL,OL,Jovaughn Gwyn,Jovaughn,RES
2026,5,TEN,OL,Nick Broeker,Nick,TRD
2026,1,BUF,OL,Nick Broeker,Nick,DEV
2026,5,MIA,LB,Andre Jones Jr.,Andre,ACT
2026,2,BUF,LB,Andre Jones Jr.,Andre,DEV
2026,1,HOU,DL,Derek Parish,Derek,CUT
2026,5,ARI,WR,Jalen Brooks,Jalen,ACT
2026,1,PHI,DB,Isaiah Bolden,Isaiah,CUT
2026,5,CIN,DB,D.J. Ivey,D.J.,ACT
2026,5,SF,TE,Brayden Willis,Brayden,ACT
2026,1,PIT,DB,Brandon Hill,Brandon,CUT
2026,5,PIT,OL,Spencer Anderson,Spencer,ACT
2026,1,MIA,DB,Alex Austin,Alex,CUT
2026,5,DAL,DB,Alex Austin,Alex,DEV
2026,3,LV,WR,Ronnie Bell,Ronnie,DEV
2026,5,SF,LB,Jalen Graham,Jalen,DEV
2026,5,DEN,OL,Alex Forsyth,Alex,ACT
2026,5,NE,DL,Cory Durden,Cory,ACT
2026,1,LA,DB,Steven Gilmore,Steven,CUT
2026,1,SF,QB,Adrian Martinez,Adrian,CUT
2026,5,DET,LB,Trevor Nowaske,Trevor,ACT
2026,5,DET,DL,Chris Smith,Chris,DEV
2026,5,ARI,DB,Starling Thomas V,Starling,ACT
2026,1,CAR,WR,Elijah Cooks,Elijah,CUT
2026,1,PHI,RB,Jordan Mims,Jordan,CUT
2026,5,BUF,WR,Tyrell Shavers,Tyrell,RES
2026,5,MIA,DB,Ethan Bonner,Ethan,DEV
2026,5,GB,RB,Chris Brooks,Christopher,ACT
2026,1,NO,LB,Garrett Nelson,Garrett,CUT
2026,5,SEA,DL,Brandon Pili,Brandon,ACT
2026,5,CHI,DB,Keidron Smith,Keidron,DEV
2026,5,TEN,DB,Kendell Brooks,Kendell,RES
2026,5,DAL,RB,Emari Demercado,Emari,CUT
2026,5,CLE,TE,Blake Whiteheart,Blake,ACT
2026,5,TEN,LB,Mohamoud Diabate,Mohamoud,DEV
2026,5,CLE,DB,Ronnie Hickman Jr.,Ronnie,ACT
2026,1,CHI,DL,Jeremiah Martin,Jeremiah,CUT
2026,2,KC,DB,Tanner McCalister,Tanner,CUT
2026,5,NE,TE,Julian Hill,Julian,RES
2026,5,HOU,DL,Ali Gaye,Ali,RES
2026,5,HOU,WR,Jared Wayne,Jared,ACT
2026,5,JAX,OL,Kilian Zierer,Kilian,DEV
2026,5,DAL,OL,TJ Bass,T.J.,ACT
2026,5,DAL,TE,Princeton Fant,Princeton,RES
2026,5,DAL,LB,Isaiah Land,Isaiah,DEV
2026,5,DAL,RB,Hunter Luepke,Hunter,ACT
2026,5,NO,WR,Jalen Cropper,Jalen,DEV
2026,3,NO,WR,Jalen Moreno-Cropper,Jalen,ACT
2026,5,DAL,LB,Tyrus Wheat,Tyrus,ACT
2026,1,TB,K,B.T. Potter,B.T.,CUT
2026,5,SEA,WR,Jake Bobo,Jake,RES
2026,5,SEA,LB,Patrick O'Connell,Patrick,ACT
2026,5,SEA,DB,Ty Okada,Ty,ACT
2026,5,SEA,LS,Chris Stoll,Chris,ACT
2026,1,JAX,OL,Ricky Lee,Ricky,CUT
2026,5,MIN,DL,Jalen Redmond,Jalen,ACT
2026,5,NO,DB,Rejzohn Wright,Rejzohn,RES
2026,5,ARI,LB,Eku Leota,Eku,ACT
2026,5,DEN,TE,Nate Adkins,Nate,ACT
2026,5,MIN,OL,Henry Byrd,Henry,DEV
2026,5,ARI,DB,Art Green,Art,DEV
2026,1,NYG,DB,Art Green,Art,CUT
2026,4,CAR,LB,Thomas Incoom,Thomas,ACT
2026,5,ARI,OL,Demontrey Jacobs,Demontrey,DEV
2026,5,CLE,RB,Jaleel McLaughlin,Jaleel,ACT
2026,5,NYG,DL,PJ Mustipher,P.J.,DEV
2026,5,DEN,OL,Alex Palczewski,Alex,ACT
2026,5,SEA,RB,Emanuel Wilson,Emanuel,ACT
2026,5,LAC,LB,Andre Carter II,Andre,DEV
2026,5,MIN,LB,Ivan Pace Jr.,Ivan,ACT
2026,1,MIA,TE,Ben Sims,Ben,CUT
2026,5,TB,LS,Evan Deckers,Evan,ACT
2026,5,TB,OL,Luke Haggard,Luke,INA
2026,5,DET,DB,Christian Izien,Christian,ACT
2026,5,JAX,DB,Kaevon Merriweather,Kaevon,DEV
2026,5,MIA,WR,Ryan Miller,Ryan,ACT
2026,5,CIN,WR,Mitchell Tinsley,Mitch,ACT
2026,3,HOU,WR,Mitchell Tinsley,Mitch,DEV
2026,4,CAR,WR,Brycen Tremayne,Brycen,ACT
2026,5,DET,DB,Nick Whiteside,Nick,DEV
2026,5,BUF,DB,Anthony Kendall,Anthony,DEV
2026,5,LAC,LB,Caleb Murphy,Caleb,DEV
2026,5,PHI,OL,John Ojukwu,John,DEV
2026,1,BUF,LB,Otis Reese,Otis,CUT
2026,5,SF,LB,Andrew Farmer II,Andrew,RES
2026,5,SEA,DB,AJ Finley,A.J.,DEV
2026,5,ARI,DB,D'Shawn Jamison,D'Shawn,DEV
2026,1,PIT,WR,Isaiah Winstead,Isaiah,CUT
2026,5,MIA,LB,Shaka Heyward,Shaka,ACT
2026,3,CIN,LB,Shaka Heyward,Shaka,DEV
2026,1,LV,WR,Shedrick Jackson,Shedrick,CUT
2026,4,BAL,WR,Shedrick Jackson,Shedrick,CUT
2026,1,ATL,DL,Devonnsha Maxwell,Devonnsha,CUT
2026,5,DET,RB,Jacob Saylors,Jacob,ACT
2026,5,NYJ,K,Blake Grupe,Blake,DEV
2026,1,NYG,LB,Anfernee Orji,Anfernee,CUT
2026,5,PHI,LB,Anfernee Orji,Anfernee,DEV
2026,1,DET,WR,Malik Cunningham,Malik,CUT
2026,5,SEA,LB,Drake Thomas,Drake,ACT
2026,1,LV,OL,Dalton Wagner,Dalton,CUT
2026,5,MIA,RB,Carlos Washington,Carlos,DEV
2026,5,CHI,OL,Darnell Wright,Darnell,ACT
2026,5,BUF,TE,Dalton Kincaid,Dalton,ACT
2026,5,JAX,OL,Anton Harrison,Anton,ACT
2026,5,JAX,TE,Brenton Strange,Brenton,ACT
2026,5,DET,OL,Juice Scruggs,Juice,ACT
2026,5,ATL,DL,Zacch Pickens,Zacch,DEV
2026,5,NYG,WR,Jalin Hyatt,Jalin,DEV
2026,1,ARI,DL,Brodric Martin,Brodric,CUT
2026,5,DET,DL,Tyler Lacy,Tyler,ACT
2026,1,LA,WR,Tyler Scott,Tyler,CUT
2026,5,LV,WR,Tyler Scott,Tyler,DEV
2026,5,TB,RB,Sean Tucker,Sean,ACT
2026,5,ATL,WR,Dylan Drummond,Dylan,DEV
2026,1,DET,DB,Ekow Boye-Doe,Ekow,CUT
2026,5,CLE,LB,Markees Watts,Markees,RET
2026,5,MIN,DB,Natrone Brooks,Natrone,TRT
2026,3,DET,DB,Natrone Brooks,Natrone,DEV
2026,5,DEN,WR,Marvin Mims Jr.,Marvin,ACT
2026,5,HOU,WR,Tank Dell,Tank,RES
2026,5,PHI,DL,Byron Young,Byron,ACT
2026,5,NO,WR,Cedric Tillman,Cedric,DEV
2026,5,ATL,DL,Zach Harrison,Zach,ACT
2026,5,DAL,OL,Wanya Morris,Wanya,DEV
2026,4,KC,DB,Chamarri Conner,Chamarri,ACT
2026,5,ARI,DB,Kei'Trel Clark,Kei'Trel,ACT
2026,5,NYG,DB,Nic Jones,Nic,ACT
2026,5,MIN,WR,Jordan Addison,Jordan,ACT
2026,5,NO,DL,Bryan Bresee,Bryan,RES
2026,5,GB,TE,Tucker Kraft,Tucker,ACT
2026,5,IND,WR,Josh Downs,Josh,ACT
2026,5,NYG,QB,Jake Haener,Jake,ACT
2026,5,NYG,DB,Deonte Banks,Deonte,ACT
2026,5,PHI,OL,Tyler Steen,Tyler,ACT
2026,5,ATL,DB,Sydney Brown,Sydney,ACT
2026,1,DEN,LB,Drew Sanders,Drew,CUT
2026,1,MIA,OL,Carter Warren,Carter,RES
2026,4,KC,DL,Felix Anudike-Uzomah,Felix,ACT
2026,5,ARI,DB,Garrett Williams,Garrett,ACT
2026,5,HOU,DL,Dylan Horton,Dylan,RES
2026,1,LV,OL,Braeden Daniels,Braeden,CUT
2026,5,PHI,LB,Nolan Smith,Nolan,ACT
2026,5,CLE,OL,Dawand Jones,Dawand,ACT
2026,5,DET,LB,Jack Campbell,Jack,ACT
2026,5,NYG,OL,John Michael Schmitz,John Michael,ACT
2026,5,SEA,OL,Anthony Bradford,Anthony,RES
2026,5,CHI,RB,Roschon Johnson,Roschon,ACT
2026,5,TEN,TE,Joel Wilson,Joel,DEV
2026,5,HOU,OL,Jake Andrews,Jake,ACT
2026,5,IND,DL,Adetomiwa Adebawore,Adetomiwa,ACT
2026,5,TEN,RB,Tyjae Spears,Tyjae,ACT
2026,5,TEN,OL,Peter Skoronski,Peter,ACT
2026,5,MIA,RB,De'Von Achane,Devon,RES
2026,5,ARI,TE,Elijah Higgins,Elijah,ACT
2026,1,CAR,OL,Ryan Hayes,Ryan,RES
2026,5,SEA,LB,Derick Hall,Derick,ACT
2026,5,ATL,OL,Matthew Bergeron,Matthew,ACT
2026,5,TB,LB,SirVocea Dennis,SirVocea,INA
2026,5,TB,TE,Payne Durham,Payne,ACT
2026,5,TB,DB,Josh Hayes,Josh,RES
2026,5,NO,WR,Trey Palmer,Trey,DEV
2026,5,NE,LB,Jose Ramirez,Jose,DEV
2026,5,PIT,LB,Marte Mapu,Marte,DEV
2026,1,HOU,LB,Marte Mapu,Marte,CUT
2026,5,LA,OL,Steve Avila,Steve,ACT
2026,5,LA,P,Ethan Evans,Ethan,ACT
2026,1,DET,DB,Jason Taylor II,Jason,CUT
2026,5,LA,LB,Desjuan Johnson,Desjuan,ACT
2026,5,DAL,WR,Jonathan Mingo,Jonathan,ACT
2026,5,TB,DL,Calijah Kancey,Calijah,ACT
2026,5,BAL,WR,Zay Flowers,Zay,ACT
2026,5,DET,TE,Sam LaPorta,Sam,ACT
2026,5,LV,TE,Michael Mayer,Michael,ACT
2026,4,KC,WR,Rashee Rice,Rashee,ACT
2026,5,TB,LB,Yaya Diaby,YaYa,ACT
2026,5,ATL,DL,Gervon Dexter Sr.,Gervon,ACT
2026,5,CHI,DB,Tyrique Stevenson,Tyrique,ACT
2026,5,PHI,DB,Jakorian Bennett,Jakorian,RES
2026,5,LA,TE,Davis Allen,Davis,ACT
2026,5,LA,WR,Puka Nacua,Puka,ACT
2026,5,LA,OL,Warren McClendon Jr.,Warren,ACT
2026,5,LA,QB,Stetson Bennett,Stetson,ACT
2026,5,HOU,DL,Will Anderson Jr.,Will,ACT
2026,5,DAL,OL,Broderick Jones,Broderick,ACT
2026,5,PIT,DL,Keeanu Benton,Keeanu,ACT
2026,5,LAC,LB,Tuli Tuipulotu,Tuli,ACT
2026,5,GB,LB,Lukas Van Ness,Lukas,ACT
2026,5,LA,LB,Byron Young,Byron,ACT
2026,5,LA,DL,Kobie Turner,Kobie,ACT
2026,5,DET,RB,Jahmyr Gibbs,Jahmyr,ACT
2026,5,PHI,DB,Kelee Ringo,Kelee,ACT
2026,5,DET,DB,Brian Branch,Brian,RES
2026,5,NYJ,LB,Will McDonald IV,Will,ACT
2026,5,CIN,DL,Isaiah Foskey,Isaiah,DEV
2026,5,GB,TE,Luke Musgrave,Luke,RES
2026,5,NYJ,OL,Joe Tippmann,Joe,ACT
2026,5,GB,WR,Jayden Reed,Jayden,RES
2026,5,NE,DB,Christian Gonzalez,Christian,ACT
2026,5,SF,DL,Keion White,Keion,ACT
2026,5,WAS,DB,Quan Martin,Quan,ACT
2026,4,CAR,QB,Bryce Young,Bryce,ACT
2026,5,LA,DB,Emmanuel Forbes,Emmanuel,ACT
2026,5,NYJ,QB,Will Levis,Will,DEV
2026,1,TEN,QB,Will Levis,Will,CUT
2026,5,JAX,LB,BJ Ojulari,B.J.,DEV
2026,1,ARI,LB,BJ Ojulari,B.J.,CUT
2026,5,MIA,DB,Julius Brents,Julius,ACT
2026,5,TB,OL,Cody Mauch,Cody,ACT
2026,5,CIN,OL,Blake Freeland,Blake,DEV
2026,5,HOU,QB,C.J. Stroud,C.J.,ACT
2026,5,IND,QB,Anthony Richardson,Anthony,ACT
2026,5,SEA,RB,Zach Charbonnet,Zach,RES
2026,3,PIT,DB,Joey Porter Jr.,Joey,INA
2026,5,DAL,DB,Joey Porter Jr.,Joey,INA
2026,5,SEA,DB,Devon Witherspoon,Devon,ACT
2026,5,DET,K,Jake Bates,Jake,ACT
2026,5,MIA,OL,Chukwuebuka Godrick,Chukwuebuka,ACT
2026,5,NYG,DL,Basil Okoye,Basil,ACT
2026,5,DEN,DL,David Agoha,David Ebuka,DEV
2026,5,IND,LB,Austin Ajiake,Austin,ACT
2026,1,IND,DL,Durell Nchami,Durell,CUT
2026,5,NO,K,Charlie Smyth,Charlie,DEV
2026,5,BAL,DB,Nate Wiggins,Nate,ACT
2026,5,BAL,OL,Roger Rosengarten,Roger,ACT
2026,5,BAL,DB,T.J. Tampa,T.J.,RES
2026,5,PHI,WR,Johnny Wilson,Johnny,RES
2026,5,MIN,OL,Nick Samac,Nick,RES
2026,5,ARI,DB,Kalen King,Kalen,ACT
2026,5,CIN,DB,Beau Brade,Beau,DEV
2026,1,NYG,DB,Beau Brade,Beau,CUT
2026,4,CAR,OL,Corey Bullock,Corey,ACT
2026,5,LV,RB,Chris Collier,Chris,RES
2026,1,DET,DB,Ryan Cooper Jr.,Ryan,CUT
2026,1,NE,OL,Darrian Dalcourt,Darrian,CUT
2026,1,BAL,WR,Dayton Wade,Dayton,CUT
2026,5,MIA,OL,Gottlieb Ayedze,Gottlieb,DEV
2026,1,GB,TE,McCallan Castles,McCallan,RES
2026,5,PHI,DL,Gabe Hall,Gabe,DEV
2026,5,CIN,RB,Kendall Milton,Kendall,DEV
2026,5,PHI,DB,Andre' Sam,Andre',RES
2026,1,LAC,LS,Peter Bowden,Peter,CUT
2026,5,MIA,OL,James Ester,James,DEV
2026,5,GB,OL,Donovan Jennings,Donovan,ACT
2026,4,CLE,TE,Messiah Swinson,Messiah,CUT
2026,1,BUF,LB,Jimmy Ciarlo,Jimmy,CUT
2026,3,TEN,LB,Jimmy Ciarlo,Jimmy,CUT
2026,5,SEA,LB,Jimmy Ciarlo,Jimmy,DEV
2026,5,NYJ,LB,Braiden McGregor,Braiden,RES
2026,1,NYJ,DB,Jarius Monroe,Jarius,CUT
2026,5,NO,LB,Jackson Sirmon,Jackson,DEV
2026,5,NE,DL,Leonard Taylor III,Leonard,ACT
2026,5,MIA,DL,Eric Watts,Eric,DEV
2026,2,TEN,DB,Shemar Bartholomew,Shemar,CUT
2026,5,SEA,RB,George Holani,George,ACT
2026,5,WAS,TE,Jack Westover,Jack,DEV
2026,5,SEA,DL,Byron Murphy II,Byron,ACT
2026,5,MIN,OL,Trevor Keegan,Trevor,ACT
2026,1,MIA,DB,Miles Battle,Miles,CUT
2026,5,CIN,LB,Swayze Bozeman,Swayze,ACT
2026,4,KC,OL,Ethan Driskell,Ethan,DEV
2026,1,WAS,LB,Curtis Jacobs,Curtis,CUT
2026,1,BUF,DB,D.J. Miller,D.J.,CUT
2026,5,CIN,P,Ryan Rehkow,Ryan,ACT
2026,4,KC,DB,Christian Roland-Wallace,Christian,ACT
2026,5,PHI,RB,Carson Steele,Carson,DEV
2026,4,SEA,WR,Julian Hicks,Julian,CUT
2026,5,NYG,DL,C.J. Ravenell,C.J.,DEV
2026,5,SF,DB,Brandon Codrington,Brandon,DEV
2026,5,NYG,WR,Malik Nabers,Malik,ACT
2026,5,LV,TE,Brock Bowers,Brock,ACT
2026,5,NO,OL,Taliese Fuaga,Taliese,ACT
2026,5,IND,DL,Laiatu Latu,Laiatu,ACT
2026,5,DAL,OL,Tyler Guyton,Tyler,ACT
2026,4,CAR,WR,Xavier Legette,Xavier,RES
2026,5,HOU,DB,Kamari Lassiter,Kamari,ACT
2026,4,CAR,RB,Jonathon Brooks,Jonathon,RES
2026,5,SF,DB,Renardo Green,Renardo,ACT
2026,5,LAC,LB,Junior Colson,Junior,DEV
2026,5,NYJ,LB,Trevin Wallace,Trevin,ACT
2026,5,DAL,OL,Cooper Beebe,Cooper,ACT
2026,5,LV,OL,DJ Glaze,Delmar,ACT
2026,5,CLE,OL,Zak Zinter,Zak,ACT
2026,5,SF,OL,Dominick Puni,Dominick,ACT
2026,5,DAL,LB,Marist Liufau,Marist,RES
2026,5,JAX,DB,Jarrian Jones,Jarrian,ACT
2026,1,CIN,DL,McKinnley Jackson,McKinnley,CUT
2026,5,SF,DL,McKinnley Jackson,McKinnley,DEV
2026,5,WAS,WR,Luke McCaffrey,Luke,ACT
2026,4,CAR,TE,Ja'Tavion Sanders,Ja'Tavion,INA
2026,5,NO,DB,Decamerion Richardson,Decamerion,ACT
2026,5,PIT,OL,Mason McCormick,Mason,ACT
2026,5,HOU,TE,Cade Stover,Cade,ACT
2026,5,SF,DB,Malik Mustapha,Malik,ACT
2026,5,TB,RB,Bucky Irving,Bucky,ACT
2026,5,DET,OL,Giovanni Manu,Giovanni,RES
2026,5,SF,RB,Isaac Guerendo,Isaac,RES
2026,5,DET,RB,Sione Vaki,Sione,ACT
2026,5,SF,WR,Jacob Cowing,Jacob,ACT
2026,5,LAC,DB,Tarheeb Still,Tarheeb,ACT
2026,5,WAS,LB,Jordan Magee,Jordan,RES
2026,5,LAC,DB,Cam Hart,Cam,ACT
2026,5,ATL,LB,JD Bertrand,J.D.,RES
2026,5,DEN,DB,Kris Abrams-Draine,Kris,ACT
2026,5,NYJ,DB,Jarvis Brownlee Jr.,Jarvis,ACT
2026,5,MIN,RB,Audric Estimé,Audric,DEV
2026,3,NO,RB,Audric Estimé,Audric,CUT
2026,5,LV,LB,Tommy Eichenberg,Tommy,ACT
2026,5,CIN,DB,Josh Newton,Josh,ACT
2026,5,NO,QB,Spencer Rattler,Spencer,ACT
2026,5,IND,LB,Jaylon Carlies,Jaylon,ACT
2026,5,CHI,DB,Deantre Prince,Deantre,DEV
2026,1,CLE,WR,Jamari Thrash,Jamari,CUT
2026,4,CAR,DB,Chau Smith-Wade,Chau,ACT
2026,1,TEN,LB,Dominique Hampton,Dominique,RES
2026,5,CHI,OL,Christian Jones,Christian,DEV
2026,5,MIA,DB,Jaylin Simpson,Jaylin,ACT
2026,5,NYG,RB,Tyrone Tracy Jr.,Tyrone,ACT
2026,5,CLE,WR,Bub Means,Bub,DEV
2026,5,DAL,DB,Caelen Carson,Caelen,ACT
2026,5,NO,LB,Jaylan Ford,Jaylan,RES
2026,5,PIT,DL,Logan Lee,Logan,RES
2026,5,MIA,DB,Marcellas Dial Jr.,Marcellas,ACT
2026,5,LAC,RB,Kimani Vidal,Kimani,ACT
2026,1,TB,WR,Jha'Quan Jackson,Jha'Quan,CUT
2026,4,CAR,WR,Casey Washington,Casey,DEV
2026,5,HOU,LB,Jamal Hill,Jamal,ACT
2026,5,DET,DL,Mekhi Wingo,Mekhi,ACT
2026,1,NE,WR,Tejhaun Palmer,Tejhaun,CUT
2026,5,DAL,QB,Joe Milton III,Joe,DEV
2026,5,CLE,DL,Zion Logue,Zion,DEV
2026,5,NO,DL,Khristian Boyd,Khristian,ACT
2026,5,HOU,DL,Jaden Crumedy,Jaden,ACT
2026,5,MIN,K,Will Reichard,Will,ACT
2026,5,HOU,RB,Jawhar Jordan,Jawhar,DEV
2026,5,CLE,LB,Nathaniel Watson,Nathaniel,DEV
2026,5,LV,RB,Dylan Laube,Dylan,ACT
2026,5,DET,OL,Christian Mahogany,Christian,ACT
2026,5,JAX,K,Cam Little,Cam,ACT
2026,5,DAL,WR,Ryan Flournoy,Ryan,ACT
2026,5,DET,OL,Elijah Klein,Elijah,DEV
2026,5,WAS,LB,Javontae Jean-Baptiste,Javontae,ACT
2026,1,CIN,DB,Daijahn Anthony,Daijahn,CUT
2026,5,HOU,DB,Jaden Davis,Jaden,DEV
2026,5,CLE,DB,Myles Harden,Myles,ACT
2026,1,GB,DB,MJ Devonshire,M.J.,CUT
2026,5,MIN,OL,Michael Jurgens,Michael,RES
2026,1,PIT,TE,Jaheim Bell,Jaheim,CUT
2026,5,MIN,DL,Levi Drake Rodriguez,Levi Drake,ACT
2026,5,HOU,OL,Nathan Thomas,Nathan,ACT
2026,5,LV,DL,Jonah Laulu,Jonah,ACT
2026,5,NO,WR,Devaughn Vele,Devaughn,ACT
2026,1,NO,DL,Myles Cole,Myles,CUT
2026,5,HOU,DL,Solomon Byrd,Solomon,RES
2026,1,BAL,LB,Michael Barrett,Michael,CUT
2026,5,TEN,LB,James Williams,James,ACT
2026,5,NYJ,DL,Jowon Briggs,Jowon,ACT
2026,4,KC,DL,Marcus Harris,Marcus,DEV
2026,5,SF,LB,Tatum Bethune,Tatum,ACT
2026,5,TEN,LB,Jaylen Harrell,Jaylen,RES
2026,1,BAL,WR,Cornelius Johnson,Cornelius,CUT
2026,5,DEN,OL,Nick Gargiulo,Nick,RES
2026,5,ARI,OL,Kingsley Eguakun,Kingsley,DEV
2026,3,NYG,OL,Kingsley Eguakun,Kingsley,CUT
2026,5,DET,LS,Hogan Hatten,Hogan,ACT
2026,5,NYG,OL,Bryan Hudson,Bryan,ACT
2026,5,NYJ,LB,Nate Lynn,Nate,ACT
2026,5,NYJ,WR,Isaiah Williams,Isaiah,ACT
2026,1,CHI,DB,Beanie Bishop,Beanie,CUT
2026,5,PIT,LB,Jacoby Windmon,Jacoby,DEV
2026,5,JAX,TE,Brenden Bates,Brenden,DEV
2026,5,CHI,OL,Theo Benedet,Theo,ACT
2026,5,BAL,LB,Carl Jones,Carl,DEV
2026,5,CHI,DL,Jamree Kromah,Jamree,ACT
2026,1,BAL,QB,Austin Reed,Austin,CUT
2026,5,DAL,DB,Reddy Steward,Reddy,ACT
2026,1,BUF,RB,Ian Wheeler,Ian,CUT
2026,5,BUF,DB,Te'Cory Couch,Te'Cory,DEV
2026,5,BUF,RB,Frank Gore Jr.,Frank,DEV
2026,1,CIN,WR,Xavier Johnson,Xavier,CUT
2026,5,DET,WR,Lawrence Keys,Lawrence,DEV
2026,1,ARI,P,Jack Browning,Jack,CUT
2026,5,MIA,DB,Storm Duck,Storm,RES
2026,5,MIA,OL,Andrew Meyer,Andrew,ACT
2026,5,ARI,DB,Mark Perry,Mark,DEV
2026,1,GB,DB,Mark Perry,Mark,CUT
2026,5,LAC,TE,Hayden Rucci,Hayden,ACT
2026,2,JAX,TE,Hayden Rucci,Hayden,DEV
2026,4,CAR,WR,Jalen Coker,Jalen,INA
2026,5,MIN,LB,Kenny Dyson,Kenny,DEV
2026,5,LA,K,Harrison Mevis,Harrison,ACT
2026,1,LA,DB,Alex Johnson,Alex,CUT
2026,5,DAL,OL,Marcellus Johnson,Marcellus,DEV
2026,5,NE,OL,Jake Kubas,Jake,DEV
2026,1,NE,DL,Casey Rogers,Casey,CUT
2026,1,CLE,DB,Chris Edmonds,Chris,CUT
2026,5,CLE,LB,Winston Reid,Winston,ACT
2026,5,NO,TE,Treyton Welch,Treyton,ACT
2026,1,ARI,WR,Xavier Weaver,Xavier,CUT
2026,1,LAC,LB,Emany Johnson,Emany,CUT
2026,5,DAL,TE,Brevyn Spann-Ford,Brevyn,ACT
2026,5,MIA,DB,Julius Wood,Julius,ACT
2026,1,JAX,QB,Carter Bradley,Carter,RES
2026,1,CIN,OL,Andrew Coker,Andrew,CUT
2026,5,MIA,LB,Amari Gainer,Amari,DEV
2026,5,LV,OL,Will Putnam,Will,DEV
2026,1,DEN,LB,Ron Stone Jr.,Ron,CUT
2026,5,ARI,TE,Shawn Bowman,Shawn,DEV
2026,5,PIT,OL,Steven Jones,Steven,DEV
2026,5,DEN,LB,Levelle Bailey,Levelle,RES
2026,1,CLE,P,Nik Constantinou,Nik,CUT
2026,5,DEN,OL,Frank Crum,Frank,RES
2026,3,MIA,DL,Jordan Miller,Jordan,DEV
2026,5,IND,K,Spencer Shrader,Spencer,ACT
2026,5,GB,QB,Kedon Slovis,Kedon,DEV
2026,5,IND,OL,Dalton Tucker,Dalton,ACT
2026,5,DAL,DB,Tyrek Funderburk,Tyrek,DEV
2026,1,CAR,DB,Tyrek Funderburk,Tyrek,CUT
2026,1,CHI,LB,Antonio Grier Jr.,Antonio,CUT
2026,5,TB,WR,Kameron Johnson,Kameron,ACT
2026,1,TB,DB,Rashad Wisdom,Rashad,CUT
2026,1,CAR,DB,Demani Richardson,Demani,CUT
2026,5,HOU,RB,British Brooks,British,RES
2026,5,PIT,DL,Kyler Baugh,Kyler,DEV
2026,1,BUF,OL,Sincere Haynesworth,Sincere,CUT
2026,5,NYG,DB,Rico Payton,Rico,RES
2026,5,NO,LB,Isaiah Stalbird,Isaiah,ACT
2026,5,NO,WR,Mason Tipton,Mason,RES
2026,3,CHI,OL,Kyle Hergel,Kyle,CUT
2026,5,BAL,OL,Kyle Hergel,Kyle,DEV
2026,5,PIT,WR,Cole Burgess,Cole,RES
2026,5,MIN,TE,Cam Grandy,Cam,DEV
2026,5,CIN,DB,PJ Jules,P.J.,ACT
2026,5,NYJ,P,Austin McNamara,Austin,ACT
2026,4,CAR,LB,Maema Njongmeta,Maema,DEV
2026,1,NE,DL,Isaiah Iton,Isaiah,CUT
2026,5,TEN,TE,David Martin-Robinson,David,ACT
2026,5,HOU,WR,Bryce Oliver,Bryce,ACT
2026,1,CLE,WR,Bryce Oliver,Bryce,DEV
2026,5,DET,RB,Jabari Small,Jabari,DEV
2026,5,DET,DB,Thomas Harper,Thomas,RES
2026,5,LV,DB,Chigozie Anusiem,Chigozie,RES
2026,5,WAS,QB,Sam Hartman,Sam,DEV
2026,1,IND,WR,Ben Nikkel,Ben,CUT
2026,5,WAS,DB,Tyler Owens,Tyler,ACT
2026,1,ATL,DB,A.J. Woods,A.J.,CUT
2026,5,BUF,DB,A.J. Woods,A.J.,DEV
2026,5,WAS,TE,Colson Yankoff,Colson,ACT
2026,5,NE,DB,Dell Pettus,Dell,RES
2026,1,SF,DL,Evan Anderson,Evan,CUT
2026,1,PHI,DB,Jaylen Mahoney,Jaylen,CUT
2026,5,SF,OL,Drake Nugent,Drake,DEV
2026,1,KC,TE,Mason Pline,Mason,CUT
2026,5,DEN,RB,Cody Schrader,Cody,DEV
2026,5,MIN,WR,Jeshaun Jones,Jeshaun,DEV
2026,1,MIN,DB,Dwight McGlothern,Dwight,CUT
2026,5,PIT,OL,Doug Nester,Doug,DEV
2026,5,MIN,LB,Bo Richter,Bo,ACT
2026,3,MIN,DL,Taki Taimani,Taki,CUT
2026,1,LAC,WR,JaQuae Jackson,JaQuae,CUT
2026,5,NO,DB,Jayden Price,Jayden,ACT
2026,5,TEN,OL,JC Latham,J.C.,ACT
2026,5,DEN,QB,Bo Nix,Bo,ACT
2026,5,JAX,DL,Ruke Orhorhoro,Ruke,ACT
2026,5,LA,DL,Braden Fiske,Braden,ACT
2026,5,LV,OL,Jackson Powers-Johnson,Jackson,ACT
2026,5,IND,OL,Matt Goncalves,Matt,ACT
2026,5,ARI,TE,Tip Reiman,Tip,RES
2026,5,LA,RB,Blake Corum,Blake,ACT
2026,5,PIT,WR,Roman Wilson,Roman,ACT
2026,5,PHI,LB,Jalyx Hunt,Jalyx,ACT
2026,5,PIT,LB,Payton Wilson,Payton,ACT
2026,5,CIN,OL,Javon Foster,Javon,ACT
2026,5,LAC,DL,Jordan Jefferson,Jordan,DEV
2026,5,IND,OL,Tanor Bortolini,Tanor,ACT
2026,5,CHI,P,Tory Taylor,Tory,ACT
2026,5,PHI,RB,Will Shipley,Will,ACT
2026,5,LA,DL,Tyler Davis,Tyler,ACT
2026,5,LA,WR,Jordan Whittington,Jordan,ACT
2026,5,CIN,DL,Cedric Johnson,Cedric,ACT
2026,5,LA,OL,Beaux Limmer,Beaux,ACT
2026,1,TB,TE,Devin Culp,Devin,CUT
2026,5,CLE,OL,KT Leveston,K.T.,DEV
2026,5,BUF,LB,Joe Andreessen,Joe,ACT
2026,5,CLE,DL,Elijah Chatman,Elijah,RES
2026,1,ARI,DB,Quinton Newsome,Quinton,CUT
2026,5,NE,DB,Charles Woods,Charles,ACT
2026,5,LA,DB,Josh Wallace,Josh,ACT
2026,5,LA,LB,Omar Speights,Omar,ACT
2026,5,LA,LB,Elias Neal,Eli,DEV
2026,5,LA,DB,Jaylen McCollough,Jaylen,ACT
2026,5,LA,DB,Cam Lampkin,Cam,DEV
2026,4,CAR,DL,Anthony Goodlow,Anthony,DEV
2026,5,LA,OL,Justin Dedich,Justin,RES
2026,5,NYJ,DB,Qwan'tez Stiggers,Qwan'tez,ACT
2026,5,NYJ,OL,Olumuyiwa Fashanu,Olu,ACT
2026,5,BAL,LB,Adisa Isaac,Adisa,DEV
2026,5,BAL,WR,Devontez Walker,Devontez,ACT
2026,5,SEA,TE,AJ Barner,A.J.,ACT
2026,5,NYJ,RB,Braelon Allen,Braelon,ACT
2026,5,SEA,DB,Nehemiah Pritchett,Nehemiah,ACT
2026,5,BAL,RB,Rasheen Ali,Rasheen,ACT
2026,5,NYJ,RB,Isaiah Davis,Isaiah,ACT
2026,1,NYG,DB,DJ James,D.J.,CUT
2026,5,ARI,DB,Max Melton,Max,ACT
2026,5,ARI,OL,Isaiah Adams,Isaiah,ACT
2026,5,DEN,LB,Jonah Elliss,Jonah,ACT
2026,5,GB,RB,MarShawn Lloyd,MarShawn,ACT
2026,5,GB,LB,Ty'Ron Hopper,Ty'Ron,ACT
2026,5,GB,DB,Evan Williams,Evan,ACT
2026,5,CIN,TE,Erick All,Erick,ACT
2026,5,SEA,LB,Tyrice Knight,Tyrice,ACT
2026,5,IND,WR,Anthony Gould,Anthony,ACT
2026,5,GB,OL,Jacob Monk,Jacob,ACT
2026,5,GB,DB,Kitan Oladapo,Kitan,ACT
2026,5,GB,OL,Travis Glover,Travis,ACT
2026,5,NYG,DB,Andru Phillips,Andru,ACT
2026,5,PHI,OL,Kiran Amegadjie,Kiran,DEV
2026,3,NYG,DB,Elijah Jones,Elijah,CUT
2026,5,CHI,DB,Elijah Jones,Elijah,DEV
2026,4,KC,TE,Jared Wiley,Jared,INA
2026,4,KC,DB,Jaden Hicks,Jaden,ACT
2026,5,PHI,LB,Jeremiah Trotter Jr.,Jeremiah,ACT
2026,4,KC,OL,Hunter Nourzad,Hunter,ACT
2026,5,NE,OL,Walter Rouse,Walter,ACT
2026,5,NE,LB,Darius Muasau,Darius,ACT
2026,5,LA,OL,Dylan McMahon,Dylan,ACT
2026,5,GB,DB,Kamal Hadden,Kamal,ACT
2026,5,MIA,OL,Jarrett Kingston,Jarrett,ACT
2026,1,KC,OL,C.J. Hanson,C.J.,RES
2026,5,LA,DB,Kamren Kinchens,Kamren,ACT
2026,5,LAC,DL,Justin Eboigbe,Justin,ACT
2026,5,LV,LB,Brennan Jackson,Brennan,RES
2026,5,ATL,LB,Bralen Trice,Bralen,DEV
2026,5,HOU,DB,Calen Bullock,Calen,ACT
2026,5,SEA,OL,Christian Haynes,Christian,ACT
2026,5,CHI,DL,Austin Booker,Austin,ACT
2026,5,PHI,DB,Cooper DeJean,Cooper,ACT
2026,5,ATL,OL,Michael Jerrell,Michael,ACT
2026,5,CHI,TE,Qadir Ismail,Qadir,DEV
2026,4,KC,OL,Kingsley Suamataia,Kingsley,ACT
2026,5,TB,DB,Tykee Smith,Tykee,ACT
2026,5,NYG,TE,Theo Johnson,Theo,ACT
2026,5,ARI,WR,Marvin Harrison Jr.,Marvin,ACT
2026,5,GB,LB,Edgerrin Cooper,Edgerrin,RES
2026,5,NE,QB,Drake Maye,Drake,ACT
2026,5,CLE,DL,Jared Verse,Jared,ACT
2026,5,ARI,DL,Darius Robinson,Darius,ACT
2026,5,TB,WR,Jalen McMillan,Jalen,RES
2026,5,HOU,OL,Blake Fisher,Blake,ACT
2026,5,TEN,LB,Cedric Gray,Cedric,ACT
2026,5,ATL,DL,Brandon Dorlus,Brandon,ACT
2026,5,NO,DB,Kool-Aid McKinstry,Kool-Aid,ACT
2026,5,NYG,DB,Tyler Nubin,Tyler,ACT
2026,5,DET,DB,Ennis Rakestraw Jr.,Ennis,ACT
2026,5,MIA,OL,Caedan Wallace,Caedan,ACT
2026,5,ARI,DB,Dadrion Taylor-Demerson,Dadrion,ACT
2026,5,GB,DB,Javon Bullard,Javon,ACT
2026,5,DEN,WR,Troy Franklin,Troy,ACT
2026,5,PIT,OL,Troy Fautanu,Troy,ACT
2026,5,BUF,DB,Cole Bishop,Cole,ACT
2026,5,BUF,DL,DeWayne Carter,DeWayne,ACT
2026,5,MIA,RB,Jaylen Wright,Jaylen,ACT
2026,5,BUF,RB,Ray Davis,Ray,ACT
2026,5,IND,OL,Sedrick Van Pran-Granger,Sedrick,ACT
2026,5,TB,LB,Mohamed Kamara,Mohamed,RES
2026,5,CLE,LB,Edefuan Ulofoshio,Edefuan,RES
2026,5,BUF,LB,Javon Solomon,Javon,ACT
2026,5,MIA,WR,Malik Washington,Malik,ACT
2026,1,SF,DB,Patrick McMorris,Patrick,CUT
2026,5,BUF,OL,Tylan Grable,Tylan,ACT
2026,5,PIT,DB,Daequan Hardy,Daequan,RES
2026,1,PHI,WR,Tahj Washington,Tahj,CUT
2026,5,NYJ,DL,T'Vondre Sweat,T'Vondre,ACT
2026,5,PHI,DB,Quinyon Mitchell,Quinyon,ACT
2026,5,ATL,DL,Maason Smith,Maason,ACT
2026,5,NYJ,WR,Adonai Mitchell,Adonai,ACT
2026,5,JAX,WR,Brian Thomas Jr.,Brian,ACT
2026,4,KC,WR,Xavier Worthy,Xavier,ACT
2026,5,CLE,DL,Mike Hall Jr.,Michael,ACT
2026,5,PIT,OL,Zach Frazier,Zach,ACT
2026,5,LAC,OL,Joe Alt,Joe,ACT
2026,5,WAS,DB,Mike Sainristil,Mike,ACT
2026,5,MIA,OL,Patrick Paul,Patrick,ACT
2026,5,BUF,WR,Keon Coleman,Keon,ACT
2026,5,HOU,LB,Chris Braswell,Chris,ACT
2026,5,SEA,DB,Terrion Arnold,Terrion,EXE
2026,5,GB,OL,Jordan Morgan,Jordan,ACT
2026,5,TB,OL,Graham Barton,Graham,ACT
2026,5,WAS,DL,Jer'Zhan Newton,Jer'Zhan,RES
2026,5,NO,WR,Ja'Lynn Polk,Ja'Lynn,RET
2026,5,CIN,DL,Kris Jenkins,Kris,ACT
2026,5,WAS,QB,Jayden Daniels,Jayden,ACT
2026,5,MIA,LB,Chop Robinson,Chop,ACT
2026,5,WAS,TE,Ben Sinnott,Ben,ACT
2026,5,WAS,OL,Brandon Coleman,Brandon,ACT
2026,5,LAC,WR,Ladd McConkey,Ladd,ACT
2026,5,SF,WR,Ricky Pearsall,Ricky,RES
2026,5,ATL,QB,Michael Penix Jr.,Michael,ACT
2026,5,CHI,QB,Caleb Williams,Caleb,ACT
2026,5,CHI,WR,Rome Odunze,Rome,ACT
2026,5,CLE,WR,Malachi Corley,Malachi,ACT
2026,5,ARI,RB,Trey Benson,Trey,RES
2026,3,MIN,QB,J.J. McCarthy,J.J.,INA
2026,5,NYG,QB,J.J. McCarthy,J.J.,ACT
2026,5,MIN,LB,Dallas Turner,Dallas,ACT
2026,5,CIN,OL,Amarius Mims,Amarius,ACT
2026,5,SEA,OL,Jalen Sundell,Jalen,ACT
2026,5,BUF,DL,Travis Clayton,Travis,DEV
2026,5,PIT,LB,Julius Welschof,Julius,DEV
2026,5,LAC,OL,Laekin Vakalahi,Laekin,DEV
2026,5,GB,TE,Thomas Yassmin,Thomas,RES
2026,5,BAL,DL,David Olajiga,David,DEV
2026,5,LA,LB,Jamie Sheriff,Jamie,DEV
2026,1,CAR,DL,Kyon Barrs,Kyon,CUT
2026,1,ARI,LB,Elliott Brown,Elliott,CUT
2026,1,GB,DB,Tra Fluellen,Tra,CUT
2026,5,GB,K,Lenny Krieg,Lenny,DEV
2026,5,WAS,LB,T.J. Maguranyanga,T.J.,DEV
2026,5,DAL,OL,Tyler Booker,Tyler,ACT
2026,5,DAL,DB,Shavon Revel Jr.,Shavon,ACT
2026,5,GB,WR,Savion Williams,Savion,RES
2026,5,GB,LB,Barryn Sorrell,Barryn,ACT
2026,5,DAL,LB,Shemar James,Shemar,ACT
2026,5,GB,LB,Collin Oliver,Collin,RES
2026,5,PHI,LB,Smael Mondon Jr.,Smael,ACT
2026,5,MIA,QB,Kyle McCord,Kyle,ACT
2026,5,CIN,OL,Myles Hinton,Myles,ACT
2026,5,GB,DL,Warren Brinson,Warren,RES
2026,5,DAL,OL,Ajani Cornelius,Ajani,INA
2026,1,CIN,DL,Antwaun Powell-Ryland,Antwaun,CUT
2026,5,ARI,DL,Jay Toia,Jay,DEV
2026,1,DAL,DL,Jay Toia,Jay,CUT
2026,5,TEN,DB,Micah Robinson,Micah,ACT
2026,5,NYG,RB,Phil Mafah,Phil,DEV
2026,1,DAL,RB,Phil Mafah,Phil,CUT
2026,1,JAX,DL,Tommy Akingbesote,Tommy,CUT
2026,5,GB,OL,John Williams,John,ACT
2026,5,PHI,WR,Darius Cooper,Darius,ACT
2026,5,SEA,DB,Maxen Hook,Maxen,DEV
2026,5,TB,DB,Brandon Johnson,Brandon,DEV
2026,5,GB,DB,Johnathan Baldwin,Johnathan,RES
2026,5,NYJ,OL,Brant Banks,Brant,DEV
2026,4,BAL,LB,Jamon Johnson,Jamon,CUT
2026,5,LAC,RB,Amar Johnson,Amar,DEV
2026,5,TEN,DL,Nazir Stackhouse,Nazir,ACT
2026,5,DAL,LB,Justin Barron,Justin,ACT
2026,4,CAR,DB,Zion Childress,Zion,DEV
2026,5,DAL,DB,Alijah Clark,Alijah,ACT
2026,1,ARI,TE,Rivaldo Fairweather,Rivaldo,CUT
2026,5,HOU,WR,Josh Kelly,Josh,DEV
2026,1,MIA,DL,Seth Coleman-Lyles,Seth,CUT
2026,1,SEA,DL,Jalan Gaines,Jalan,CUT
2026,5,ATL,LB,Jared Ivey,Jared,ACT
2026,5,SEA,TE,Nick Kallerup,Nick,ACT
2026,1,SEA,OL,Amari Kight,Amari,RES
2026,1,MIN,TE,Marshall Lang,Marshall,CUT
2026,5,SEA,LB,Connor O'Toole,Connor,ACT
2026,1,SEA,DL,J.R. Singleton,J.R.,CUT
2026,1,SEA,DL,Wy'Kevious Thomas,Wy'Kevious,CUT
2026,5,LAC,DB,Isas Waxter,Isas,DEV
2026,5,MIA,LB,Jackson Woodard,Jackson,ACT
2026,5,SEA,RB,Jacardia Wright,Jacardia,DEV
2026,5,BAL,OL,Emery Jones Jr.,Emery,ACT
2026,5,BAL,LB,Teddye Buchanan,Teddye,ACT
2026,5,BAL,OL,Carson Vinson,Carson,ACT
2026,5,PHI,DB,Mac McWilliams,Mac,ACT
2026,4,KC,LB,Jeffrey Bassa,Jeffrey,ACT
2026,5,BAL,DB,Bilhal Kone,Bilhal,RES
2026,5,BAL,K,Tyler Loop,Tyler,ACT
2026,5,BAL,WR,LaJohntay Wester,LaJohntay,ACT
2026,5,BAL,DL,Aeneas Peebles,Aeneas,ACT
2026,2,PHI,DB,Robert Longerbeam,Robert,DEV
2026,5,ATL,DB,Robert Longerbeam,Robert,ACT
2026,4,KC,RB,Brashard Smith,Brashard,ACT
2026,5,TEN,OL,Garrett Dellinger,Garrett,ACT
2026,4,KC,TE,Jake Briningstool,Jake,ACT
2026,5,GB,OL,Dalton Cooper,Dalton,DEV
2026,1,PHI,LB,Brandon George,Brandon,CUT
2026,1,CLE,DL,Coziah Izzard,Coziah,CUT
2026,5,TB,DB,Kevin Knowles,Kevin,ACT
2026,5,WAS,OL,Esa Pole,Esa,DEV
2026,4,KC,DB,Melvin Smith Jr.,Melvin,DEV
2026,1,TEN,DB,Melvin Smith,Melvin,CUT
2026,5,MIA,TE,Tre Watson,Tre,DEV
2026,5,BAL,OL,Gerad Lichtenhan,Gerad,DEV
2026,5,BAL,WR,Xavier Guillory,Xavier,DEV
2026,5,BAL,LB,Jay Higgins,Jay,ACT
2026,5,IND,OL,Reid Holskey,Reid,DEV
2026,5,BAL,DB,Keondre Jackson,Keondre,ACT
2026,5,TB,DL,Jayson Jones,Jayson,DEV
2026,5,IND,DB,Reuben Lowery,Reuben,RET
2026,5,NYG,LB,Chandler Martin,Chandler,DEV
2026,1,BAL,DB,Marquise Robinson,Marquise,CUT
2026,4,KC,OL,Josh Simmons,Josh,INA
2026,4,KC,LB,Cooper McDonald,Cooper,RES
2026,4,KC,WR,Jimmy Holiday,Jimmy,RES
2026,5,LV,RB,Ashton Jeanty,Ashton,ACT
2026,5,NYJ,OL,Armand Membou,Armand,ACT
2026,4,CAR,WR,Tetairoa McMillan,Tetairoa,ACT
2026,5,NO,OL,Kelvin Banks Jr.,Kelvin,RES
2026,5,CHI,TE,Colston Loveland,Colston,ACT
2026,5,MIA,DL,Kenneth Grant,Kenneth,RES
2026,5,IND,TE,Tyler Warren,Tyler,ACT
2026,5,TB,WR,Emeka Egbuka,Emeka,ACT
2026,5,HOU,WR,Jayden Higgins,Jayden,RES
2026,5,NE,WR,Kyle Williams,Kyle,ACT
2026,5,BUF,DL,Landon Jackson,Landon,ACT
2026,5,NYJ,DB,Azareye'h Thomas,Azareye'h,ACT
2026,5,DEN,WR,Pat Bryant,Pat,ACT
2026,5,SF,LB,Nick Martin,Nick,RES
2026,4,CAR,LB,Princely Umanmielen,Princely,ACT
2026,5,ARI,LB,Jordan Burch,Jordan,ACT
2026,5,HOU,WR,Jaylin Noel,Jaylin,ACT
2026,5,IND,DB,Justin Walley,Justin,ACT
2026,5,CIN,OL,Dylan Fairchild,Dylan,ACT
2026,5,TEN,DB,Kevin Winston Jr.,Kevin,ACT
2026,5,GB,RB,Kaleb Johnson,Kaleb,ACT
2026,5,TB,DB,Jacob Parrish,Jacob,ACT
2026,5,LAC,DL,Jamaree Caldwell,Jamaree,ACT
2026,5,JAX,DB,Caleb Ransaw,Caleb,RES
2026,5,JAX,OL,Wyatt Milum,Wyatt,ACT
2026,5,NE,OL,Jared Wilson,Jared,ACT
2026,5,ATL,DB,Xavier Watts,Xavier,ACT
2026,5,HOU,DB,Jaylin Smith,Jaylin,RES
2026,5,LV,OL,Caleb Rogers,Caleb,ACT
2026,5,LV,OL,Charles Grant,Charles,ACT
2026,5,SF,DB,Upton Stout,Upton,ACT
2026,5,DEN,DL,Sai'vion Jones,Sai'vion,ACT
2026,5,MIN,WR,Tai Felton,Tai,ACT
2026,5,NO,LB,Danny Stutsman,Danny,ACT
2026,5,ATL,DB,Billy Bowman Jr.,Billy,ACT
2026,5,CIN,LB,Barrett Carter,Barrett,ACT
2026,5,TB,LB,David Walker,David,ACT
2026,4,CAR,DB,Lathan Ransom,Lathan,ACT
2026,5,PIT,LB,Jack Sawyer,Jack,ACT
2026,1,LAC,LB,Kyle Kennard,Kyle,RES
2026,5,CLE,RB,Dylan Sampson,Dylan,RES
2026,5,IND,OL,Jalen Travis,Jalen,ACT
2026,5,WAS,WR,Jaylin Lane,Jaylin,RES
2026,5,NYJ,DB,Malachi Moore,Malachi,ACT
2026,5,NO,DB,Quincy Riley,Quincy,ACT
2026,5,CHI,LB,Ruben Hyppolite II,Ruben,RES
2026,5,DEN,LB,Que Robinson,Que,ACT
2026,5,LV,DL,Tonka Hemingway,Tonka,ACT
2026,5,TEN,WR,Elic Ayomanor,Elic,ACT
2026,5,NE,DL,Joshua Farmer,Joshua,ACT
2026,5,SF,WR,Jordan Watkins,Jordan,ACT
2026,5,MIN,DL,Tyrion Ingram-Dawkins,Tyrion,ACT
2026,4,CAR,DL,Cam Jackson,Cam,ACT
2026,5,MIA,DL,Jordan Phillips,Jordan,ACT
2026,5,PIT,LB,Bradyn Swinson,Bradyn,DEV
2026,5,SF,RB,Jordan James,Jordan,ACT
2026,5,MIA,DB,Jason Marshall Jr.,Jason,ACT
2026,5,IND,RB,DJ Giddens,D.J.,ACT
2026,5,CIN,OL,Jalen Rivers,Jalen,ACT
2026,5,NYG,OL,Marcus Mbow,Marcus,ACT
2026,5,MIA,DB,Dante Trader Jr.,Dante,ACT
2026,5,TB,DL,Elijah Roberts,Elijah,ACT
2026,5,LAC,WR,KeAndre Lambert-Smith,KeAndre,RES
2026,5,SF,DB,Marques Sigle,Marques,ACT
2026,5,NYJ,LB,Francisco Mauigoa,Francisco,ACT
2026,4,CAR,TE,Mitchell Evans,Mitchell,ACT
2026,5,PIT,DL,Yahya Black,Yahya,ACT
2026,5,LAC,TE,Oronde Gadsden II,Oronde,ACT
2026,5,TEN,OL,Jackson Slater,Jackson,RES
2026,5,BUF,DB,Jordan Hancock,Jordan,RES
2026,5,DET,OL,Miles Frazier,Miles,ACT
2026,5,BUF,TE,Jackson Hawes,Jackson,ACT
2026,5,ARI,DB,Denzel Burke,Denzel,ACT
2026,5,NYJ,LB,Tyler Baron,Tyler,RES
2026,5,BUF,DB,Dorian Strong,Dorian,RES
2026,5,MIA,RB,Ollie Gordon II,Ollie,ACT
2026,5,LV,DL,JJ Pegues,J.J.,ACT
2026,5,NE,K,Andy Borregales,Andy,ACT
2026,5,TEN,DB,Marcus Harris,Marcus,ACT
2026,5,MIN,RB,Devin Neal,Devin,DEV
2026,1,NO,RB,Devin Neal,Devin,RES
2026,5,PIT,QB,Will Howard,Will,ACT
2026,5,NE,DB,Jaylen Reed,Jaylen,ACT
2026,5,TEN,RB,Kalel Mullings,Kalel,DEV
2026,5,IND,QB,Riley Leonard,Riley,ACT
2026,5,IND,DL,Tim Smith,Tim,ACT
2026,5,CIN,RB,Tahj Brooks,Tahj,ACT
2026,5,JAX,LB,Jalen McLeod,Jalen,DEV
2026,5,CHI,OL,Luke Newman,Luke,ACT
2026,5,HOU,QB,Graham Mertz,Graham,RES
2026,5,LAC,OL,Branson Taylor,Branson,RES
2026,5,JAX,DB,Rayuan Lane III,Rayuan,ACT
2026,5,MIN,TE,Gavin Bartholomew,Gavin,ACT
2026,5,WAS,LB,Kain Medrano,Kain,ACT
2026,5,BUF,OL,Chase Lundt,Chase,DEV
2026,5,CLE,WR,Jimmy Horn Jr.,Jimmy,DEV
2026,1,CAR,WR,Jimmy Horn Jr.,Jimmy,ACT
2026,5,ARI,OL,Hayden Conner,Hayden,ACT
2026,5,LAC,DB,R.J. Mickens,R.J.,ACT
2026,1,MIA,QB,Cam Miller,Cam,CUT
2026,5,DEN,P,Jeremy Crawshaw,Jeremy,ACT
2026,5,MIN,OL,Jack Nelson,Jack,DEV
2026,5,NYG,TE,Thomas Fidone II,Thomas,ACT
2026,5,NE,OL,Marcus Bryant,Marcus,RES
2026,5,JAX,OL,Jonah Monheim,Jonah,ACT
2026,5,LV,LB,Cody Lindenberg,Cody,ACT
2026,1,HOU,DL,Kyonte Hamilton,Kyonte,CUT
2026,5,ARI,DB,Kitan Crawford,Kitan,RES
2026,5,PIT,LB,Carson Bruener,Carson,ACT
2026,5,PIT,DB,Donte Kent,Donte,RES
2026,1,DET,DB,Dan Jackson,Dan,CUT
2026,5,JAX,QB,Quinn Ewers,Quinn,ACT
2026,5,IND,DB,Hunter Wohler,Hunter,ACT
2026,5,CHI,RB,Kyle Monangai,Kyle,ACT
2026,5,TB,WR,Tez Johnson,Tez,ACT
2026,5,JAX,RB,LeQuint Allen Jr.,LeQuint,ACT
2026,1,GB,WR,Kaden Prather,Kaden,CUT
2026,5,DEN,TE,Caleb Lohner,Caleb,RES
2026,5,DET,WR,Dominic Lovett,Dominic,DEV
2026,5,WAS,RB,Jacory Croskey-Merritt,Jacory,ACT
2026,5,NYG,DB,Korie Black,Korie,RES
2026,5,NO,TE,Moliki Matavao,Moliki,RES
2026,5,SF,OL,Connor Colby,Connor,ACT
2026,5,NE,LS,Julian Ashby,Julian,ACT
2026,1,NYJ,WR,Junior Bergen,Junior,CUT
2026,5,MIA,DL,Zeek Biggers,Zeek,ACT
2026,5,NO,LB,Fadil Diggs,Fadil,DEV
2026,5,CIN,DB,Trikweze Bridges,Trikweze,DEV
2026,1,NE,DB,Kobee Minor,Kobee,CUT
2026,5,CLE,DL,Adin Huntington,Adin,ACT
2026,5,BAL,WR,Gage Larvadain,Gage,DEV
2026,1,CLE,WR,Gage Larvadain,Gage,CUT
2026,4,CAR,RB,Ahmani Marshall,Ahmani,DEV
2026,5,CLE,LB,Easton Mascarenas-Arnold,Easton,ACT
2026,5,CLE,DB,Donovan McMillon,Donovan,ACT
2026,4,CAR,WR,Ja'Seem Reed,Ja'seem,ACT
2026,5,MIA,DB,Major Burns,Major,DEV
2026,1,SEA,LB,Power Echols,Power,CUT
2026,1,SEA,DB,Tysheem Johnson,Tysheem,CUT
2026,5,CHI,WR,JP Richardson,J.P.,DEV
2026,5,CHI,WR,Jahdae Walker,Jahdae,ACT
2026,4,CAR,K,Ryan Fitzgerald,Ryan,ACT
2026,5,ARI,DL,Jared Harrison-Hunte,Jared,DEV
2026,1,PIT,DB,Jack Henderson,Jack,CUT
2026,4,CAR,LB,Bam Martin-Scott,Bam,RES
2026,5,NO,DB,Michael Reid,Mike,ACT
2026,1,JAX,DB,Trevian Thomas,Trevian,CUT
2026,4,CAR,DB,Corey Thornton,Corey,DEV
2026,4,KC,WR,Andrew Armstrong,Andrew,DEV
2026,5,ARI,LB,Eugene Asante,Eugene,DEV
2026,5,MIA,WR,A.J. Henning,A.J.,DEV
2026,1,MIA,DL,Alex Huntley,Alex,CUT
2026,1,MIA,OL,Josh Priebe,Josh,CUT
2026,5,MIN,OL,Josh Priebe,Josh,DEV
2026,4,NYJ,DB,John Saunders Jr.,John,CUT
2026,1,NE,DB,John Saunders Jr.,John,CUT
2026,5,LAC,WR,Theo Wease Jr.,Theo,DEV
2026,1,KC,LB,Kam Arnold,Kam,CUT
2026,5,WAS,DL,Ricky Barber,Ricky,DEV
2026,1,WAS,WR,Jacoby Jones,Jacoby,CUT
2026,5,WAS,LB,Ale Kaho,Ale,DEV
2026,1,TB,DB,Robert McDaniel,Robert,CUT
2026,1,JAX,OL,Timothy McKay,Timothy,CUT
2026,5,PIT,DB,Car'lin Vigers,Car'lin,DEV
2026,5,NE,WR,Chandler Brayboy,Chandler,DEV
2026,1,JAX,WR,Chandler Brayboy,Chandler,CUT
2026,1,NYJ,WR,Cam Camper,Cam,CUT
2026,5,JAX,LB,Branson Combs,Branson,ACT
2026,4,KC,LB,Ethan Downs,Ethan,RES
2026,5,JAX,DL,BJ Green II,B.J.,RES
2026,5,LAC,TE,Patrick Herbert,Patrick,DEV
2026,1,PHI,RB,Ja'Quinden Jackson,Ja'Quinden,CUT
2026,5,JAX,DB,Jabbar Muhammad,Jabbar,DEV
2026,5,IND,WR,Eli Pancol,Eli,DEV
2026,1,JAX,DL,Keivie Rose,Keivie,CUT
2026,5,JAX,DB,Cam'Ron Silmon-Craig,Cam'Ron,DEV
2026,5,PIT,DB,Doneiko Slaughter,Doneiko,DEV
2026,5,JAX,DL,Danny Striggow,Danny,ACT
2026,5,IND,DB,Johnathan Edwards,Johnathan,DEV
2026,1,TB,OL,Marshall Foerner,Marshall,CUT
2026,5,GB,WR,Coleman Owen,Coleman,DEV
2026,1,IND,WR,Coleman Owen,Coleman,RES
2026,5,IND,DB,Trey Washington,Trey,DEV
2026,5,CIN,OL,Jacob Bayer,Jacob,ACT
2026,5,BUF,WR,Stephen Gosnell,Stephen,DEV
2026,5,BUF,LB,Keonta Jenkins,Keonta,DEV
2026,5,BUF,TE,Keleki Latu,Keleki,ACT
2026,1,BUF,DB,Wande Owens,Wande,CUT
2026,1,PIT,DB,Daryl Porter,Daryl,CUT
2026,5,CIN,DL,Howard Cross III,Howard,DEV
2026,5,NE,DL,Eric Gregory,Eric,DEV
2026,5,CIN,DB,Bralyn Lux,Bralyn,DEV
2026,5,DET,OL,Seth McLaughlin,Seth,ACT
2026,5,CIN,WR,Jordan Moore,Jordan,DEV
2026,5,CIN,LS,William Wagner,William,ACT
2026,1,CLE,OL,Jeremiah Byers,Jeremiah,CUT
2026,5,ARI,OL,Josh Fryar,Josh,ACT
2026,5,TB,DL,Elijah Simmons,Elijah,ACT
2026,1,DET,TE,Zach Horton,Zach,CUT
2026,1,PIT,WR,Jakobie Keeney-James,Jakobie,CUT
2026,5,DET,TE,Jackson Meeks,Jackson,ACT
2026,5,DET,OL,Mason Miller,Mason,DEV
2026,1,CAR,TE,Caden Prieskorn,Caden,CUT
2026,4,CAR,RB,Anthony Tyus III,Anthony,ACT
2026,5,JAX,LB,Jared Bartlett,Jared,RES
2026,1,NYJ,DB,Dean Clark,Dean,CUT
2026,5,NYJ,DB,Jordan Clark,Jordan,DEV
2026,5,MIA,QB,Brady Cook,Brady,ACT
2026,1,MIA,RB,Donovan Edwards,Donovan,CUT
2026,1,DET,OL,Gus Hartwig,Gus,CUT
2026,1,MIA,DL,Fatorma Mulbah,Fatorma,CUT
2026,5,NYJ,DL,Payton Page,Payton,DEV
2026,5,NYJ,WR,Jamaal Pritchett,Jamaal,ACT
2026,1,BUF,WR,Quentin Skinner,Quentin,CUT
2026,1,SEA,LB,Aaron Smith,Aaron,CUT
2026,5,HOU,LS,Austin Brinkman,Austin,ACT
2026,5,JAX,OL,Eli Cox,Eli,DEV
2026,4,HOU,DB,Alijah Huzzie,Alijah,DEV
2026,5,JAX,DB,Alijah Huzzie,Alijah,ACT
2026,5,HOU,LB,K.C. Ossai,K.C.,RES
2026,5,HOU,DL,Junior Tafuna,Junior,DEV
2026,1,TB,QB,Connor Bazelak,Connor,CUT
2026,1,TB,LB,John Bullock,John,CUT
2026,5,TB,OL,Benjamin Chukwuma,Ben,ACT
2026,5,TB,WR,Garrett Greene,Garrett,DEV
2026,1,TB,OL,Nash Hutmacher,Nash,CUT
2026,5,PHI,OL,Jake Majors,Jake,DEV
2026,1,TB,DB,Roman Parodie,Roman,CUT
2026,5,TB,DB,JJ Roberts,J.J.,ACT
2026,5,TB,OL,Ben Scott,Ben,DEV
2026,5,TB,RB,Josh Williams,Josh,DEV
2026,5,NYG,WR,Dalen Cambre,Dalen,DEV
2026,5,ATL,WR,Beaux Collins,Beaux,RES
2026,5,NYG,LB,Trace Ford,Trace,DEV
2026,5,ATL,WR,Antwane Wells Jr.,Antwane,DEV
2026,1,MIA,OL,Marques Cox,Marques,CUT
2026,1,TEN,WR,Courtney Jackson,Courtney,CUT
2026,1,NE,OL,Joseph Michalski,Joe,CUT
2026,5,DEN,LB,Karene Reid,Karene,ACT
2026,5,NYG,DB,Jaden Robinson,Jaden,DEV
2026,1,NO,OL,Xavier Truss,Xavier,CUT
2026,5,CLE,OL,Xavier Truss,Xavier,DEV
2026,5,DEN,LB,Johnny Walker Jr.,Johnny,DEV
2026,1,DEN,DL,Kristian Williams,Kristian,CUT
2026,1,CLE,TE,Jermaine Terry,Jermaine,CUT
2026,4,CAR,DL,TeRah Edwards,TeRah,ACT
2026,5,LAC,LB,Marlowe Wax,Marlowe,ACT
2026,5,LAC,QB,DJ Uiagalelei,D.J.,ACT
2026,5,CLE,RB,Raheim Sanders,Raheim,ACT
2026,5,LAC,OL,Josh Kaltenberger,Josh,DEV
2026,1,LAC,DB,Eric Rogers,Eric,CUT
2026,5,NYG,DB,Nikko Reed,Nikko,ACT
2026,1,LAC,DB,Nikko Reed,Nikko,DEV
2026,5,CIN,LB,Garmon Randolph,Garmon,DEV
2026,1,LAC,DB,Myles Purchase,Myles,CUT
2026,5,NO,RB,Ulysses Bentley IV,Ulysses,DEV
2026,1,IND,RB,Ulysses Bentley IV,Ulysses,CUT
2026,1,ARI,DB,Hudson Clark,Hudson,CUT
2026,1,SF,DL,Jah Joyner,Jah,CUT
2026,1,LV,DL,Treven Ma'ae,Treven,CUT
2026,5,LV,TE,Carter Runyon,Carter,RES
2026,5,LV,DB,Greedy Vance,Greedy,DEV
2026,5,MIN,LB,Tyler Batty,Tyler,RES
2026,5,MIN,QB,Max Brosmer,Max,ACT
2026,5,SEA,OL,Logan Brown,Logan,DEV
2026,5,MIN,LB,Chaz Chambliss,Chaz,ACT
2026,1,PHI,OL,Zeke Correll,Zeke,CUT
2026,5,NYG,WR,Dontae Fleming,Dontae,DEV
2026,1,MIN,WR,Dontae Fleming,Dontae,RES
2026,1,NYJ,DB,Keenan Garber,Keenan,CUT
2026,5,MIN,OL,Joe Huber,Joe,ACT
2026,5,WAS,LB,Austin Keys,Austin,DEV
2026,5,TEN,LB,Dorian Mausi,Dorian,RES
2026,1,MIN,TE,Bryson Nesbit,Bryson,RES
2026,5,MIN,WR,Myles Price,Myles,ACT
2026,5,MIN,DB,Zemaiah Vaughn,Zemaiah,ACT
2026,5,MIN,TE,Ben Yurosek,Ben,RES
2026,5,TEN,OL,Brandon Crenshaw-Dickson,Brandon,ACT
2026,5,ARI,DL,Cam Horsley,Cam,DEV
2026,1,CIN,DB,Jalen Kimber,Jalen,CUT
2026,5,TEN,WR,Xavier Restrepo,Xavier,DEV
2026,1,ARI,RB,Tre Stewart,Tre,CUT
2026,5,PIT,DB,Sebastian Castro,Sebastian,DEV
2026,1,IND,TE,JJ Galbreath,J.J.,CUT
2026,1,NYG,K,Ben Sauls,Ben,CUT
2026,1,CAR,WR,Roc Taylor,Roc,CUT
2026,5,CIN,WR,Ke'Shawn Williams,Ke'Shawn,DEV
2026,1,NO,DB,Dalys Beanum,Dalys,CUT
2026,5,NE,DB,Elliott Davison,Elliott,DEV
2026,5,NO,OL,Easton Kilty,Easton,DEV
2026,4,CAR,OL,Torricelli Simpkins III,Torricelli,ACT
2026,1,ATL,DB,Cobee Bryant,Cobee,CUT
2026,4,KC,RB,Nate Carter,Nate,DEV
2026,1,MIN,OL,Joshua Gray,Joshua,CUT
2026,1,CHI,DB,Dontae Manning,Dontae,RES
2026,1,WAS,WR,Nick Nash,Nick,CUT
2026,1,WAS,TE,Joshua Simon,Joshua,DEV
2026,5,GB,WR,Quincy Skinner Jr.,Quincy,DEV
2026,1,NYJ,WR,Quincy Skinner Jr.,Quincy,CUT
2026,1,ATL,LB,Malik Verdon,Malik,CUT
2026,5,NE,RB,Corey Kiner,Corey,ACT
2026,5,TEN,OL,Drew Moss,Drew,DEV
2026,5,GB,WR,Isaiah Neyor,Isaiah,DEV
2026,3,SF,DB,Jakob Robinson,Jakob,CUT
2026,5,TEN,DB,Jakob Robinson,Jakob,DEV
2026,5,SF,DL,Sebastian Valdez,Sebastian,ACT
2026,5,NE,WR,Efton Chism III,Efton,ACT
2026,1,NE,OL,Jack Conley,Jack,CUT
2026,1,NE,DB,Brandon Crossley,Brandon,CUT
2026,5,TB,TE,CJ Dippre,C.J.,DEV
2026,1,SEA,RB,Brock Lampe,Brock,CUT
2026,5,BUF,RB,Brock Lampe,Brock,DEV
2026,5,NE,RB,Lan Larison,Lan,DEV
2026,5,NE,WR,Jeremiah Webb,Jeremiah,RES
2026,5,MIN,DL,Jahvaree Ritzie,Jahvaree,DEV
2026,1,MIA,LB,Cam Riley,Cam,CUT
2026,5,NE,LB,Elijah Ponder,Elijah,ACT
2026,1,ARI,DB,Josh Minkins,Josh,CUT
2026,5,ATL,LB,Jalon Walker,Jalon,RES
2026,5,ATL,LB,James Pearce Jr.,James,RES
2026,5,CLE,LB,Carson Schwesinger,Carson,ACT
2026,5,LA,LB,Josaiah Stewart,Josaiah,ACT
2026,5,LV,WR,Dont'e Thornton Jr.,Dont'e,RES
2026,5,NYJ,WR,Arian Smith,Arian,RES
2026,5,HOU,RB,Woody Marks,Woody,ACT
2026,5,TEN,TE,Gunnar Helm,Gunnar,ACT
2026,5,LA,DL,Ty Hamilton,Ty,ACT
2026,5,PHI,RB,Jaydon Blue,Jaydon,DEV
2026,5,PHI,OL,Drew Kendall,Drew,ACT
2026,1,SEA,LB,Pooh Paul Jr.,Chris,CUT
2026,5,SF,QB,Kurtis Rourke,Kurtis,ACT
2026,5,LA,WR,Konata Mumpfield,Konata,ACT
2026,1,NE,OL,Mehki Butler,Mehki,CUT
2026,1,CLE,DL,Jamil Muhammad,Jamil,CUT
2026,5,LA,DL,Bill Norton,Bill,DEV
2026,5,LA,WR,Brennan Presley,Brennan,DEV
2026,5,GB,TE,Mark Redman,Mark,ACT
2026,1,LA,DB,Nate Valcarcel,Nate,CUT
2026,5,LA,RB,Jordan Waters,Jordan,DEV
2026,1,IND,OL,Trey Wedig,Trey,CUT
2026,5,DEN,LB,Jahfari Harvey,Jahfari,DEV
2026,1,LV,LB,Jahfari Harvey,Jahfari,DEV
2026,1,LA,WR,Tru Edwards,Tru,CUT
2026,1,LA,OL,Wyatt Bowles,Wyatt,CUT
2026,5,LA,LB,Shaun Dolac,Shaun,ACT
2026,1,GB,WR,Kisean Johnson,Kisean,CUT
2026,1,CLE,WR,Luke Floriea,Luke,CUT
2026,5,PIT,WR,Max Hurleman,Max,DEV
2026,5,SEA,WR,Montorie Foster Jr,Montorie,ACT
2026,5,MIN,DL,Elijah Williams,Elijah,ACT
2026,1,TB,LB,Nick Jackson,Nick,CUT
2026,5,GB,TE,Drake Dabney,Drake,DEV
2026,1,LAC,WR,Dalevon Campbell,Dalevon,CUT
2026,5,PHI,OL,Willie Lampkin,Willie,ACT
2026,5,NO,WR,Kyrese Rowan,Kyrese,DEV
2026,5,DEN,LB,Jordan Turner,Jordan,ACT
2026,5,BAL,DB,Keyon Martin,Keyon,ACT
2026,5,BAL,RB,Lucas Scott,Lucas,DEV
2026,5,SEA,OL,Grey Zabel,Grey,ACT
2026,4,KC,DL,Ashton Gillotte,Ashton,ACT
2026,5,LV,DB,Darien Porter,Darien,ACT
2026,5,NO,DL,Vernon Broughton,Vernon,ACT
2026,5,NO,DB,Jonas Sanker,Jonas,ACT
2026,4,CAR,RB,Trevor Etienne,Trevor,RES
2026,5,ARI,LB,Cody Simon,Cody,ACT
2026,4,KC,WR,Jalen Royals,Jalen,ACT
2026,5,SEA,DL,Rylie Mills,Rylie,ACT
2026,5,SEA,WR,Tory Horton,Tory,ACT
2026,5,SEA,RB,Robbie Ouzts,Robbie,RES
2026,1,SEA,OL,Bryce Cabeldue,Bryce,INA
2026,5,LV,OL,Bryce Cabeldue,Bryce,ACT
2026,1,GB,RB,Damien Martinez,Damien,CUT
2026,5,SEA,OL,Mason Richman,Mason,RES
2026,5,SEA,WR,Ricky White III,Ricky,DEV
2026,5,HOU,P,Kai Kroeger,Kai,ACT
2026,5,MIA,DL,Keith Cooper Jr.,Keith,DEV
2026,1,NO,QB,Hunter Dekkers,Hunter,CUT
2026,5,BAL,LB,Kaimon Rucker,Kaimon,DEV
2026,5,TEN,DB,Derrick Canteen,Derrick,DEV
2026,5,SF,DL,Mykel Williams,Mykel,RES
2026,5,MIN,OL,Donovan Jackson,Donovan,RES
2026,5,PHI,DL,Ty Robinson,Ty,ACT
2026,5,CLE,TE,Harold Fannin Jr.,Harold,ACT
2026,5,LAC,RB,Omarion Hampton,Omarion,ACT
2026,5,GB,WR,Matthew Golden,Matthew,ACT
2026,5,CLE,QB,Shedeur Sanders,Shedeur,ACT
2026,5,DET,WR,Isaac TeSlaa,Isaac,ACT
2026,4,KC,DB,Nohl Williams,Nohl,ACT
2026,5,DET,DL,Tyleik Williams,Tyleik,ACT
2026,5,SEA,QB,Jalen Milroe,Jalen,ACT
2026,1,TEN,DB,Keydrain Calligan,Keydrain,CUT
2026,5,TEN,QB,Cam Ward,Cameron,ACT
2026,5,NYG,LB,Abdul Carter,Abdul,ACT
2026,5,PIT,DL,Derrick Harmon,Derrick,RES
2026,5,DEN,DB,Sean Fresch,Sean,DEV
2026,1,CLE,DL,Patrick Jenkins,Patrick,CUT
2026,5,CLE,DL,Mason Graham,Mason,ACT
2026,5,WAS,OL,Josh Conerly Jr.,Josh,ACT
2026,5,ATL,OL,Cameron Williams,Cameron,RES
2026,5,BAL,DB,Malaki Starks,Malaki,ACT
2026,5,GB,DL,Anthony Campbell,Anthony,ACT
2026,5,NYG,QB,Jaxson Dart,Jaxson,RES
2026,5,MIA,RB,Jarquez Hunter,Jarquez,DEV
2026,5,NYG,DL,Darius Alexander,Darius,ACT
2026,5,DET,TE,Thomas Gordon,Thomas,DEV
2026,5,NE,OL,Will Campbell,Will,ACT
2026,1,DAL,TE,Mitch Van Vooren,Mitchell,DEV
2026,5,CLE,QB,Dillon Gabriel,Dillon,RES
2026,5,TEN,WR,Chimere Dike,Chimere,ACT
2026,5,ARI,DL,Walter Nolen,Walter,ACT
2026,5,PHI,LB,Jihaad Campbell,Jihaad,ACT
2026,5,BUF,DB,Maxwell Hairston,Maxwell,ACT
2026,5,BUF,DL,Deone Walker,Deone,ACT
2026,5,SF,DL,C.J. West,C.J.,RES
2026,2,SF,DL,CJ West,C.J.,ACT
2026,5,ARI,OL,Vershon Lee,Vershon,DEV
2026,5,NYG,RB,Cam Skattebo,Cam,ACT
2026,5,NE,DB,Craig Woodson,Craig,ACT
2026,5,JAX,WR,Travis Hunter,Travis,ACT
2026,5,JAX,RB,Bhayshul Tuten,Bhayshul,ACT
2026,5,DEN,DB,Jahdae Barron,Jahdae,ACT
2026,5,SF,DL,Alfred Collins,Alfred,RES
2026,5,BAL,LB,Mike Green,Mike,ACT
2026,5,JAX,LB,Jack Kiser,Jack,ACT
2026,5,BUF,DL,T.J. Sanders,T.J.,ACT
2026,5,DAL,LB,Donovan Ezeiruaku,Donovan,ACT
2026,5,GB,OL,Anthony Belton,Anthony,ACT
2026,5,LAC,WR,Tre Harris,Tre,ACT
2026,5,DET,OL,Tate Ratledge,Tate,ACT
2026,5,LV,WR,Jack Bech,Jack,RES
2026,5,DEN,RB,RJ Harvey,R.J.,ACT
2026,5,WAS,DB,Trey Amos,Trey,RES
2026,5,SEA,DB,Nick Emmanwori,Nick,ACT
2026,5,NE,RB,TreVeyon Henderson,TreVeyon,ACT
2026,5,CHI,WR,Luther Burden III,Luther,ACT
2026,5,NYJ,TE,Mason Taylor,Mason,ACT
2026,5,LA,TE,Terrance Ferguson,Terrance,RES
2026,5,CIN,LB,Demetrius Knight Jr.,Demetrius,ACT
2026,5,SEA,TE,Elijah Arroyo,Elijah,ACT
2026,5,CHI,OL,Ozzy Trapilo,Ozzy,ACT
2026,5,CHI,DL,Shemar Turner,Shemar,RES
2026,5,MIA,OL,Jonah Savaiinaea,Jonah,ACT
2026,5,NO,QB,Tyler Shough,Tyler,ACT
2026,5,IND,DL,Jaylahn Tuimoloau,J.T.,ACT
2026,5,HOU,OL,Aireontae Ersery,Aireontae,ACT
2026,4,CAR,LB,Nic Scourton,Nic,RES
2026,5,TB,DB,Benjamin Morrison,Benjamin,INA
2026,4,KC,DL,Omarr Norman-Lott,Omarr,RES
2026,5,PHI,DB,Andrew Mukuba,Andrew,ACT
2026,5,ARI,DB,Will Johnson,Will,RES
2026,5,TEN,LB,Oluwafemi Oladejo,Oluwafemi,ACT
2026,5,MIA,WR,Will Sheppard,Will,DEV
2026,5,CIN,DL,Shemar Stewart,Shemar,ACT
2026,5,DET,DL,Ahmed Hassanein,Ahmed,ACT
2026,5,TEN,DL,Laki Tasi,Laki,DEV
2026,4,CAR,LB,Mapalo Mwansa,Mapalo,DEV
2026,5,SEA,OL,Federico Maranges,Federico,DEV
2026,5,ARI,OL,Valentin Senn,Valentin,DEV
2026,1,DAL,WR,Jaden Smith,Jaden,CUT
2026,5,CLE,WR,Isaiah Bond,Isaiah,ACT
2026,5,CLE,RB,Quinshon Judkins,Quinshon,ACT
2026,5,CIN,WR,Dohnte Meyers,Dohnte,ACT
2026,1,MIN,LB,Jacob Roberts,Jacob,RES
2026,1,IND,LB,Devin Veresuk,Devin,CUT
2026,2,IND,DB,Rob Carter Jr.,Rob,CUT
2026,1,HOU,TE,Layne Pryor,Layne,CUT
2026,5,NYJ,LB,Paschal Ekeji,Paschal,DEV
2026,1,MIA,LB,Jaheim Thomas,Jaheim,CUT
2026,5,MIN,DB,Maceo Beard,Maceo,DEV
2026,5,IND,TE,Carson Towt,Carson,RES
2026,4,WAS,DL,Jeffrey M'ba,Jeffrey,DEV
2026,5,DET,DL,Jeffrey M'ba,Jeffrey,DEV
2026,5,DAL,DB,Caleb Downs,Caleb,ACT
2026,5,BAL,OL,Olaivavega Ioane,Olaivavega,ACT
2026,5,PHI,WR,Makai Lemon,Makai,ACT
2026,5,LV,DB,Treydan Stukes,Treydan,ACT
2026,5,GB,DL,Chris McClellan,Chris,ACT
2026,5,BAL,WR,Ja'Kobi Lane,Ja'Kobi,RES
2026,5,LV,OL,Trey Zuhn III,Trey,ACT
2026,5,DAL,LB,Jaishawn Barham,Jaishawn,ACT
2026,5,SEA,DB,Julian Neal,Julian,ACT
2026,5,DAL,OL,Drew Shelton,Drew,INA
2026,5,DAL,DB,Devin Moore,Devin,RES
2026,5,BAL,WR,Elijah Sarratt,Elijah,ACT
2026,5,GB,LB,Dani Dennis-Sutton,Dani,ACT
2026,5,LV,RB,Mike Washington Jr.,Mike,ACT
2026,5,BAL,TE,Matthew Hibner,Matthew,ACT
2026,5,DAL,DL,LT Overton,L.T.,ACT
2026,5,TEN,OL,Fernando Carmona,Fernando,RES
2026,5,SEA,OL,Beau Stephens,Beau,ACT
2026,5,LV,DB,Dalton Johnson,Dalton,ACT
2026,5,GB,OL,Jager Burton,Jager,ACT
2026,5,BAL,DB,Chandler Rivers,Chandler,ACT
2026,5,TEN,RB,Nicholas Singleton,Nicholas,ACT
2026,5,BAL,TE,Josh Cuevas,Josh,ACT
2026,5,BAL,RB,Adam Randall,Adam,RES
2026,5,LV,DB,Hezekiah Masses,Hezekiah,ACT
2026,4,KC,WR,Cyrus Allen,Cyrus,ACT
2026,5,PHI,QB,Cole Payton,Cole,ACT
2026,5,TEN,DL,Jackie Marshall,Jackie,ACT
2026,5,TEN,OL,Pat Coogan,Pat,ACT
2026,5,LV,WR,Malik Benson,Malik,ACT
2026,5,SEA,WR,Emmanuel Henderson Jr.,Emmanuel,DEV
2026,5,GB,DB,Domani Jackson,Domani,DEV
2026,5,PHI,OL,Micah Morris,Micah,ACT
2026,5,BAL,P,Ryan Eckley,Ryan,ACT
2026,5,GB,K,Trey Smack,Trey,ACT
2026,5,DAL,WR,Anthony Smith,Anthony,DEV
2026,5,TEN,TE,Jaren Kanak,Jaren,RES
2026,5,LV,DL,Brandon Cleveland,Brandon,DEV
2026,5,SEA,DB,Andre Fuller,Andre,DEV
2026,5,SEA,DL,Deven Eastern,Deven,DEV
2026,5,PHI,DB,Cole Wisniewski,Cole,DEV
2026,4,KC,QB,Garrett Nussmeier,Garrett,INA
2026,5,BAL,DL,Rayshaun Benny,Rayshaun,DEV
2026,5,PHI,LB,Keyshawn James-Newby,Keyshawn,DEV
2026,5,SEA,OL,Evan Beerntsen,Evan,DEV
2026,1,BAL,OL,Evan Beerntsen,Evan,CUT
2026,5,SEA,DB,Michael Dansby,Michael,DEV
2026,1,TEN,WR,Hank Beatty,Hank,CUT
2026,2,PIT,DB,Bishop Fitzgerald,Bishop,DEV
2026,5,DET,DB,Bishop Fitzgerald,Bishop,ACT
2026,5,TEN,DB,Jalen McMurray,Jalen,DEV
2026,5,TEN,OL,Rasheed Miller,Rasheed,DEV
2026,5,TEN,WR,Tyren Montgomery,Tyren,DEV
2026,1,TEN,LB,Mani Powell,Mani,CUT
2026,1,TEN,OL,Aamil Wagner,Aamil,CUT
2026,1,PHI,LB,Deontae Lawson,Deontae,CUT
2026,2,PHI,DB,Maximus Pulley,Maximus,ACT
2026,5,LA,DB,Maximus Pulley,Maximus,ACT
2026,1,ATL,OL,Jaeden Roberts,Jaeden,CUT
2026,5,PHI,LS,Rocco Underwood,Rocco,ACT
2026,5,PHI,LB,Joshua Weru,Joshua,DEV
2026,5,IND,DB,Kapena Gushiken,Kapena,ACT
2026,5,PHI,DB,Tucker Large,Tucker,RES
2026,5,DAL,WR,Camden Brown,Camden,INA
2026,5,DAL,DL,Tommy Dunn,Tommy,DEV
2026,5,DAL,DL,Kelvin Gilliam,Kelvin,RES
2026,5,DAL,WR,Jordan Hudson,Jordan,DEV
2026,1,DAL,LB,Langston Patterson,Langston,CUT
2026,1,DAL,OL,Shiyazh Pete,Shiyazh,CUT
2026,1,NYJ,RB,Dominic Richardson,Dominic,RES
2026,5,DAL,TE,DJ Rogers,D.J.,RES
2026,5,DAL,TE,Michael Trigg,Michael,DEV
2026,1,DAL,DL,DJ Withers,D.J.,CUT
2026,1,GB,OL,Dylan Barrett,Dylan,CUT
2026,5,GB,OL,Josh Gesky,Josh,DEV
2026,5,GB,LB,Nyjalik Kelly,Nyjalik,DEV
2026,1,GB,RB,Jaden Nixon,Jaden,CUT
2026,1,GB,LB,TJ Quinn,T.J.,CUT
2026,5,GB,WR,J. Michael Sturdivant,J.Michael,ACT
2026,5,GB,OL,Dillon Wade,Dillon,DEV
2026,4,SF,DL,Vincent Anthony Jr.,Vincent,CUT
2026,1,KC,LB,Wesley Bissainthe,Wesley,CUT
2026,1,KC,DL,Cole Brevard,Cole,CUT
2026,4,KC,WR,Jeff Caldwell,Jeff,RES
2026,4,KC,WR,Omari Evans,Omari,DEV
2026,4,KC,TE,John Michael Gyllenborg,John Michael,RES
2026,1,KC,DL,Amari McNeill,Amari,CUT
2026,4,KC,DB,Xavier Nwankpa,Xavier,ACT
2026,4,KC,OL,Pete Nygra,Pete,DEV
2026,4,KC,RB,Jaydn Ott,Jaydn,DEV
2026,1,KC,DL,Damon Payne,Damon,CUT
2026,4,KC,DB,D'Arco Perkins-McAllister,D'Arco,DEV
2026,3,MIN,DB,Bryce Phillips,Bryce,CUT
2026,4,KC,DB,DeShon Singleton,DeShon,DEV
2026,1,KC,RB,EJ Smith,E.J.,RES
2026,5,ATL,OL,Josh Thompson,Josh,DEV
2026,1,KC,DB,Zelmar Vedder,Zelmar,CUT
2026,1,KC,WR,Jacob De Jesus,Jacob,CUT
2026,1,GB,DB,Murvin Kenion,Murvin,DEV
2026,1,KC,DL,Ethan Hurkett,Ethan,CUT
2026,5,MIN,WR,Michael Briscoe,Michael,DEV
2026,1,LA,LB,Devean Deal,Devean,CUT
2026,5,SEA,LB,Aidan Hubbard,Aidan,DEV
2026,1,SEA,LB,Marvin Jones Jr.,Marvin,DEV
2026,4,WAS,LB,Marvin Jones Jr.,Marvin,CUT
2026,1,PIT,TE,Lance Mason,Lance,CUT
2026,4,SEA,DL,Uso Seumalo,Uso,CUT
2026,1,PIT,WR,Levi Wentz,Levi,CUT
2026,1,BAL,WR,Cortez Braham,Cortez,CUT
2026,5,BAL,LB,Ethan Burke,Ethan,ACT
2026,5,NYJ,OL,Nick Dawkins,Nick,DEV
2026,1,BAL,OL,Nick Dawkins,Nick,DEV
2026,1,BAL,LB,Dominic DeLuca,Dominic,DEV
2026,5,BAL,QB,Joe Fagnano,Joe,ACT
2026,5,HOU,DL,Aaron Graves,Aaron,DEV
2026,1,BAL,DL,Aaron Graves,Aaron,CUT
2026,1,CIN,DB,Matthew McDoom,Matthew,CUT
2026,1,BAL,RB,Dontae McMillan,Dontae,CUT
2026,5,SEA,RB,Dontae McMillan,Dontae,DEV
2026,5,BAL,WR,Ty Pezza,Ty,DEV
2026,4,KC,OL,Diego Pounds,Diego,INA
2026,5,BAL,DB,Jahquez Robinson,Jahquez,RES
2026,1,BAL,WR,Octavian Smith,Octavian,CUT
2026,1,BAL,RB,Elijah Tau-Tolliver,Elijah,CUT
2026,5,TB,DB,Silas Walters,Silas,DEV
2026,5,BAL,DB,Ladarius Webb Jr.,Lardarius,DEV
2026,1,BAL,DL,Dion Wilson,Dion,CUT
2026,1,LV,QB,Jacob Clark,Jacob,CUT
2026,1,LV,LS,Tyler Duzansky,Tyler,CUT
2026,5,LV,RB,Roman Hemby,Roman,DEV
2026,1,LV,OL,Isaiah Jatta,Isaiah,CUT
2026,1,LV,DB,Devin Lafayette,Devin,DEV
2026,1,MIN,TE,Matt Lauter,Matt,CUT
2026,1,LV,DB,Caleb Offord,Caleb,CUT
2026,5,LV,OL,Justin Pickett,Justin,RES
2026,1,LV,WR,Chase Roberts,Chase,RES
2026,5,LV,WR,Corey Rucker,Corey,RES
2026,5,LV,LB,Cian Slone,Cian,DEV
2026,5,SEA,DL,Gary Smith III,Gary,DEV
2026,1,LV,DL,Gary Smith III,Gary,DEV
2026,1,LV,LB,Xavian Sorey Jr.,Xavian,CUT
2026,1,NYJ,DB,Tanner Wall,Tanner,CUT
2026,3,CAR,WR,E.J. Williams Jr.,E.J.,CUT
2026,1,LV,WR,E.J. Williams Jr.,E.J.,CUT
2026,1,NYJ,DL,Anthony Dunn,Anthony,CUT
2026,4,KC,RB,Emmett Johnson,Emmett,ACT
2026,5,LV,OL,Niklas Henning,Niklas,DEV
2026,5,LV,TE,Patrick Gurd,Patrick,DEV
2026,1,LV,OL,Kamar Missouri,Kamar,DEV
2026,1,LV,DB,Devyn Perkins,Devyn,CUT
2026,4,KC,OL,Kahlil Benson,Kahlil,ACT
2026,1,KC,WR,Xavier Loyd,Xavier,CUT
2026,1,CHI,DB,Marlen Sewell,Marlen,DEV
2026,5,NYJ,LB,David Bailey,David,ACT
2026,5,ARI,RB,Jeremiyah Love,Jeremiyah,ACT
2026,5,WAS,LB,Sonny Styles,Sonny,ACT
2026,5,NO,WR,Jordyn Tyson,Jordyn,RES
2026,5,CLE,OL,Spencer Fano,Spencer,ACT
2026,5,TB,LB,Rueben Bain Jr.,Rueben,ACT
2026,5,NYJ,TE,Kenyon Sadiq,Kenyon,ACT
2026,5,MIN,DL,Caleb Banks,Caleb,ACT
2026,4,CAR,OL,Monroe Freeling,Monroe,ACT
2026,5,SF,WR,De'Zhaun Stribling,De'Zhaun,RES
2026,5,BUF,LB,TJ Parker,T.J.,ACT
2026,5,CLE,WR,Denzel Boston,Denzel,ACT
2026,5,NYJ,DB,D'Angelo Ponds,D'Angelo,ACT
2026,5,IND,LB,CJ Allen,C.J.,ACT
2026,5,WAS,WR,Antonio Williams,Antonio,ACT
2026,5,NO,TE,Oscar Delp,Oscar,ACT
2026,5,NYG,WR,Malachi Fields,Malachi,ACT
2026,5,IND,DB,A.J. Haulcy,A.J.,ACT
2026,5,ATL,WR,Zachariah Branch,Zachariah,ACT
2026,5,JAX,DL,Albert Regis,Albert,ACT
2026,5,MIN,DL,Domonique Orange,Domonique,ACT
2026,4,CAR,WR,Chris Brazzell II,Chris,RES
2026,5,TB,WR,Ted Hurst III,Ted,ACT
2026,5,CLE,OL,Austin Barber,Austin,ACT
2026,5,JAX,OL,Emmanuel Pregnon,Emmanuel,ACT
2026,5,CHI,WR,Zavion Thomas,Zavion,ACT
2026,5,SF,RB,Kaelon Black,Kaelon,ACT
2026,5,MIN,OL,Caleb Tiernan,Caleb,ACT
2026,5,MIN,DB,Jakobe Thomas,Jakobe,ACT
2026,5,JAX,DB,Jalen Huskey,Jalen,ACT
2026,5,NYJ,QB,Cade Klubnik,Cade,ACT
2026,5,TB,DB,Keionte Scott,Keionte,ACT
2026,5,LAC,OL,Travis Burke,Travis,ACT
2026,5,JAX,DL,Wesley Williams,Wesley,ACT
2026,5,CHI,DB,Malik Muhammad,Malik,ACT
2026,5,SF,OL,Carver Willis,Carver,ACT
2026,5,CIN,OL,Connor Lew,Connor,ACT
2026,4,CAR,DB,Will Lee III,Will,ACT
2026,5,LAC,DB,Genesis Smith,Genesis,ACT
2026,5,NO,OL,Jeremiah Wright,Jeremiah,ACT
2026,5,ATL,LB,Kendal Daniels,Kendal,ACT
2026,5,NO,WR,Bryce Lance,Bryce,ACT
2026,5,SF,DB,Ephesians Prysock,Ephesians,ACT
2026,5,CIN,WR,Colbie Young,Colbie,ACT
2026,5,ARI,WR,Reggie Virgil,Reggie,ACT
2026,4,CAR,OL,Sam Hecht,Sam,ACT
2026,5,LAC,DL,Nick Barrett,Nick,ACT
2026,5,CLE,OL,Parker Brailsford,Parker,ACT
2026,5,WAS,LB,Joshua Josephs,Joshua,ACT
2026,5,CLE,LB,Justin Jefferson,Justin,ACT
2026,4,CAR,DB,Zakee Wheatley,Zakee,ACT
2026,5,MIA,TE,Justin Joly,Justin,ACT
2026,5,SF,LB,Jaden Dugger,Jaden,ACT
2026,5,TB,DL,DeMonte Capehart,DeMonte,INA
2026,5,IND,DL,George Gumbs Jr.,George,ACT
2026,5,MIN,RB,Max Bredeson,Max,ACT
2026,5,TB,OL,Billy Schrauth,Billy,INA
2026,5,MIN,DB,Charles Demmings,Charles,ACT
2026,5,JAX,TE,Tanner Koziol,Tanner,ACT
2026,5,CHI,LB,Keyshaun Elliott,Keyshaun,ACT
2026,5,BUF,DB,Jalon Kilgore,Jalon,ACT
2026,5,CLE,TE,Joe Royer,Joe,RES
2026,5,NE,DB,Karon Prunty,Karon,ACT
2026,5,NO,DB,Lorenzo Styles Jr.,Lorenzo,RES
2026,5,SF,OL,Enrique Cruz Jr.,Enrique,ACT
2026,5,BUF,DL,Zane Durant,Zane,RES
2026,5,CLE,QB,Taylen Green,Taylen,ACT
2026,5,ARI,LB,Karson Sharar,Karson,ACT
2026,5,TB,TE,Bauer Sharp,Bauer,ACT
2026,5,NYG,DL,Bobby Jamison-Travis,Bobby,ACT
2026,5,WAS,RB,Kaytron Allen,Kaytron,CUT
2026,5,NYJ,OL,Anez Cooper,Anez,RES
2026,5,CIN,OL,Brian Parker II,Brian,RES
2026,5,NO,WR,Barion Brown,Barion,ACT
2026,5,JAX,WR,Josh Cameron,Josh,ACT
2026,5,NYG,OL,J.C. Davis,J.C.,ACT
2026,5,NYG,LB,Jack Kelly,Jack,ACT
2026,5,NE,OL,Dametrious Crownover,Dametrious,ACT
2026,5,MIN,RB,Demond Claiborne,Demond,ACT
2026,5,LAC,OL,Logan Taylor,Logan,ACT
2026,5,JAX,WR,C.J. Williams,C.J.,ACT
2026,5,LAC,OL,Alex Harkey,Alex,ACT
2026,5,WAS,OL,Matt Gulbin,Matt,ACT
2026,5,NE,LB,Namdi Obiazor,Namdi,ACT
2026,5,CHI,DL,Jordan van den Berg,Jordan,ACT
2026,5,IND,DL,Caden Curry,Caden,ACT
2026,5,ATL,LB,Harold Perkins Jr.,Harold,ACT
2026,5,ARI,OL,Jayden Williams,Jayden,ACT
2026,5,NO,DB,TJ Hall,T.J.,DEV
2026,5,CLE,DB,Toriano Pride Jr.,Toriano,ACT
2026,5,CIN,TE,Jack Endries,Jack,ACT
2026,5,WAS,QB,Athan Kaliakmanis,Athan,ACT
2026,5,CIN,DL,Landon Robinson,Landon,ACT
2026,4,CAR,LB,Jackson Kuwatch,Jackson,ACT
2026,5,NYJ,DB,VJ Payne,Victor,RES
2026,5,ATL,OL,Ethan Onianwa,Ethan,ACT
2026,5,JAX,DL,Zach Durfee,Zach,RES
2026,5,NE,QB,Behren Morton,Behren,ACT
2026,5,HOU,OL,Gavin Gerhardt,Gavin,DEV
2026,5,IND,RB,Seth McGowan,Seth,ACT
2026,5,BUF,P,Tommy Doman Jr.,Tommy,ACT
2026,5,JAX,LB,Parker Hughes,Parker,RES
2026,5,BUF,OL,Ar'maj Reed-Adams,Ar'maj,ACT
2026,5,ATL,RB,Jam Miller,Jam,DEV
2026,1,NE,RB,Jam Miller,Jam,CUT
2026,5,DEN,DB,Miles Scott,Miles,DEV
2026,5,CLE,TE,Carsen Ryan,Carsen,ACT
2026,5,IND,WR,Deion Burks,Deion,ACT
2026,5,DEN,TE,Dallen Bentley,Dallen,ACT
2026,5,DEN,LB,Red Murdock,Red,DEV
2026,5,MIA,DL,Rene Konga,Rene,RES
2026,1,MIA,OL,Kevin Cline,Kevin,CUT
2026,4,CAR,OL,Albert Reese,Albert,INA
2026,5,GB,RB,Damon Bankston,Damon,DEV
2026,1,NYG,DL,Anquin Barnes Jr.,Anquin,CUT
2026,1,NYG,DL,Ben Barten,Ben,DEV
2026,5,NYG,DB,Thaddeus Dixon,Thaddeus,RES
2026,5,NYG,LS,Ben Mann,Ben,ACT
2026,5,NYG,OL,Ryan Schernecke,Ryan,DEV
2026,5,NYG,K,Dominic Zvada,Dominic,ACT
2026,4,CAR,OL,Isaia Glass,Isaia,DEV
2026,1,PIT,DB,Jaylon Guilbeau,Jaylon,CUT
2026,4,CAR,DL,Aaron Hall,Aaron,ACT
2026,4,CAR,QB,Haynes King,Haynes,INA
2026,1,CAR,DB,Cam Miller,Cam,CUT
2026,4,CAR,DL,Parker Petersen,Parker,DEV
2026,1,NYG,WR,Kobe Prentice,Kobe,CUT
2026,4,CAR,DB,Devonta Smith,DeVonta,DEV
2026,1,CAR,LB,Isaiah Smith,Isaiah,CUT
2026,5,HOU,QB,Mark Gronowski,Mark,ACT
2026,1,MIA,WR,Donaven McCulley,Donaven,CUT
2026,5,MIA,DL,Rodney McGraw,Rodney,DEV
2026,1,MIA,DB,Louis Moore,Louis,CUT
2026,5,MIA,RB,Le'Veon Moss,Le'Veon,RET
2026,5,PHI,LB,Mason Reiger,Mason,DEV
2026,1,NO,DL,Kahlil Saunders,Kahlil,CUT
2026,5,CHI,OL,Caden Barnett,Caden,DEV
2026,1,MIA,RB,Coleman Bennett,Coleman,CUT
2026,5,CHI,LS,Beau Gardner,Beau,DEV
2026,1,CHI,WR,Omari Kelly,Omari,CUT
2026,1,CHI,OL,Jaren Kump,Jaren,CUT
2026,5,CHI,TE,Hayden Large,Hayden,RES
2026,5,CHI,DL,Jayden Loving,Jayden,ACT
2026,5,CHI,QB,Miller Moss,Miller,DEV
2026,5,NO,OL,Mason Murphy,Mason,ACT
2026,5,CHI,DB,Skyler Thomas,Skyler,ACT
2026,5,WAS,WR,Jaden Bradley,Jaden,DEV
2026,5,WAS,DB,Fred Davis,Fred,DEV
2026,5,SEA,RB,Robert Henry Jr.,Robert,ACT
2026,4,WAS,RB,Robert Henry Jr.,Robert,DEV
2026,2,GB,WR,Chris Hilton Jr.,Chris,CUT
2026,1,WAS,TE,Quentin Moore,Quentin,CUT
2026,1,WAS,DB,Malik Spencer,Malik,RES
2026,5,WAS,K,Drew Stevens,Drew,ACT
2026,5,WAS,OL,Tanoa Togiai,Tanoa,ACT
2026,1,ATL,DL,Carlos Allen Jr.,Carlos,DEV
2026,5,ATL,WR,Vinny Anthony II,Vinny,DEV
2026,2,ATL,OL,James Brockermeyer,James,DEV
2026,5,PHI,OL,James Brockermeyer,James,DEV
2026,5,ATL,DB,Malcolm DeWalt IV,Malcolm,ACT
2026,5,ATL,RB,Cash Jones,Cash,DEV
2026,5,ATL,OL,Riley Mahlman,Riley,DEV
2026,5,ATL,QB,Jack Strand,Jack,ACT
2026,5,ATL,TE,Jack Velling,Jack,DEV
2026,5,NYJ,DB,Mory Bamba,Mory,DEV
2026,1,NYJ,WR,Caullin Lacy,Caullin,CUT
2026,5,NYJ,LB,Nathan Voorhis,Nathan,DEV
2026,5,JAX,QB,Joey Aguilar,Joey,DEV
2026,5,JAX,DL,T.J. Bollers,T.J.,DEV
2026,1,JAX,WR,Brady Boyd,Brady,CUT
2026,5,JAX,WR,Alex Bullock,Alex,RET
2026,1,MIA,TE,Ethan Conner,Ethan,CUT
2026,5,JAX,OL,Garrett DiGiorgio,Garrett,RES
2026,1,JAX,DL,Quindarius Dunnigan,Quindarius,CUT
2026,1,JAX,DB,Preston Hodge,Preston,CUT
2026,1,NE,DL,Jalen Hunt,Jalen,DEV
2026,1,JAX,DB,Devin Neal,Devin,CUT
2026,1,JAX,OL,Jimto Obidegwu,Jimto,CUT
2026,1,CLE,WR,Ben Patterson,Ben,CUT
2026,5,JAX,WR,Trebor Pena,Trebor,DEV
2026,5,JAX,RB,J'Mari Taylor,J'mari,DEV
2026,5,JAX,DL,Bryan Thomas Jr.,Bryan,ACT
2026,5,JAX,OL,Jordan White,Jordan,RET
2026,5,JAX,WR,Michael Wortham,Michael,DEV
2026,1,BUF,LB,Theron Gaines,Theron,CUT
2026,1,BUF,OL,Da'Metrius Weatherspoon,Da'Metrius,CUT
2026,5,NE,OL,Da'Metrius Weatherspoon,Da'Metrius,DEV
2026,5,IND,DL,Cameron Ball,Cameron,DEV
2026,1,IND,DB,Austin Brown,Austin,CUT
2026,5,IND,LB,Tahj Chambers,Tahj,ACT
2026,1,IND,WR,Sahmir Hagans,Sahmir,CUT
2026,5,IND,DL,Mitchell Melton,Mitchell,DEV
2026,5,IND,OL,Nolan Rucci,Nolan,DEV
2026,1,IND,WR,Raylen Sharpe,Raylen,CUT
2026,5,NYG,OL,Geno VanDeMark,Geno,DEV
2026,5,IND,LB,West Weeks,West,DEV
2026,1,NYJ,TE,Chase Curtis,Chase,CUT
2026,1,NYJ,OL,Xavier Hill,Xavier,CUT
2026,5,NYJ,RB,Chip Trayanum,Chip,RES
2026,1,CIN,OL,Liam Brown,Liam,CUT
2026,5,CIN,RB,Kentrel Bullock,Kentrel,DEV
2026,5,GB,LB,Jack Dingle,Jack,DEV
2026,1,CIN,LB,Jack Dingle,Jack,CUT
2026,1,CIN,LB,Eric Gentry,Eric,CUT
2026,1,CIN,RB,Jamal Haynes,Jamal,CUT
2026,1,CIN,OL,Christian Jones,Christian,CUT
2026,1,CIN,TE,Josh Kattus,Josh,CUT
2026,1,CIN,OL,Corey Robinson II,Corey,CUT
2026,5,CIN,WR,Noah Thomas,Noah,DEV
2026,1,CIN,DB,Ceyair Wright,Ceyair,CUT
2026,5,TB,QB,Jalon Daniels,Jalon,ACT
2026,5,IND,TE,Kenny Fletcher Jr.,Kenny,DEV
2026,5,TB,DB,Ayden Garnes,Ayden,ACT
2026,1,TB,DL,Josiah Green,Josiah,CUT
2026,5,TB,OL,Henry Lutovsky,Henry,DEV
2026,4,KC,LB,Jack Pyburn,Jack,INA
2026,5,TB,WR,Eric Rivers Jr.,Eric,DEV
2026,1,PIT,DB,Devan Boykin,Devan,CUT
2026,5,PIT,DL,Kevin Jobity Jr.,Kevin,ACT
2026,5,PIT,TE,Lake McRee,Lake,DEV
2026,5,CHI,WR,Squirrel White,Squirrel,RET
2026,1,ATL,WR,Keelan Marion,Keelan,CUT
2026,5,NYJ,WR,Malik McClain,Malik,ACT
2026,1,BUF,LB,Cade Denhoff,Cade,CUT
2026,1,BUF,DB,Jordan Dunbar,Jordan,CUT
2026,1,BUF,OL,Bruno Fina,Bruno,CUT
2026,5,BUF,WR,Ja'Mori Maclin,Ja'Mori,DEV
2026,1,BUF,WR,Max Tomczak,Max,CUT
2026,5,BUF,DB,Kani Walker,Kani,DEV
2026,5,ATL,OL,Kam Dewberry,Kam,DEV
2026,5,IND,RB,Davon Booth,Davon,DEV
2026,1,CLE,DB,Nate Evans,Nate,CUT
2026,5,CLE,DL,Logan Fano,Logan,DEV
2026,1,CLE,OL,Izavion Miller,Izavion,CUT
2026,1,CAR,DB,DeCarlos Nicholson,DeCarlos,CUT
2026,5,CLE,P,Wes Pahl,Wes,DEV
2026,5,CLE,DL,Khordae Sydnor,Khordae,DEV
2026,5,CLE,DB,Zion Washington,Zion,DEV
2026,2,CLE,WR,Kole Wilson,Kole,CUT
2026,1,CLE,DL,Tyreak Sapp,Tyreak,DEV
2026,5,DEN,DB,Brent Austin,Brent,DEV
2026,1,DEN,LS,Luke Basso,Luke,DEV
2026,3,MIA,LS,Luke Basso,Luke,DEV
2026,5,DEN,WR,Kolbe Katsis,Kolbe,DEV
2026,5,DEN,WR,Dane Key,Dane,DEV
2026,1,DEN,WR,Joseph Manjack,Joseph,CUT
2026,1,DEN,LB,Dasan McCullough,Dasan,CUT
2026,5,DEN,OL,Tyler Miller,Tyler,DEV
2026,5,DEN,OL,Gavin Ortega,Gavin,DEV
2026,1,DEN,DB,Parker Robertson,Parker,CUT
2026,5,DEN,WR,Cam Ross,Cam,DEV
2026,1,DEN,WR,Cameron Ross,Cam,CUT
2026,1,CHI,DB,William Wright,William,CUT
2026,1,DEN,LB,Taurean York,Taurean,CUT
2026,1,HOU,DL,Dominic Bailey,Dominic,DEV
2026,5,HOU,OL,Sam Hagen,Sam,RES
2026,1,HOU,DB,Stephen Hall,Stephen,CUT
2026,5,HOU,DL,Sabastian Harsh,Sabastian,ACT
2026,5,HOU,OL,James Neal III,James,DEV
2026,5,HOU,WR,Treyvhon Saunders,Treyvhon,DEV
2026,5,HOU,WR,Daniel Sobkowicz,Daniel,DEV
2026,5,HOU,RB,Noah Whittington,Noah,DEV
2026,5,HOU,DB,Collin Wright,Collin,ACT
2026,5,NE,TE,Tanner Arkin,Tanner,ACT
2026,1,PHI,DL,David Blay Jr.,David,CUT
2026,5,GB,DL,David Blay Jr.,David,DEV
2026,5,NE,DB,Channing Canada,Channing,ACT
2026,5,WAS,WR,Nick DeGennaro,Nick,DEV
2026,1,NE,WR,Nick DeGennaro,Nick,CUT
2026,5,NE,WR,Kyle Dixon,Kyle,DEV
2026,5,NE,WR,Cameron Dorner,Cameron,DEV
2026,5,IND,DB,Kenneth Harris,Kenneth,DEV
2026,5,NE,LB,Khalil Jacobs,Khalil,RES
2026,1,NE,WR,Jimmy Kibble,Jimmy,CUT
2026,5,NE,RB,Myles Montgomery,Myles,RES
2026,1,NE,OL,JonDarius Morgan,JonDarius,CUT
2026,2,NE,OL,Jacob Rizy,Jacob,CUT
2026,5,NO,RB,CJ Donaldson,C.J.,ACT
2026,5,NYJ,TE,Cody Hardy,Cody,DEV
2026,1,NO,TE,Cody Hardy,Cody,CUT
2026,4,KC,LB,Michael Heldman,Michael,DEV
2026,1,NO,LB,Michael Heldman,Michael,RES
2026,5,NO,OL,Alan Herron,Alan,DEV
2026,1,CLE,DB,Jeremiah McClendon,Jeremiah,CUT
2026,5,NO,DL,Jay'Viar Suggs,Jay'viar,DEV
2026,5,NO,OL,Alex Wollschlaeger,Alex,DEV
2026,5,TB,LB,Caden Fordham,Caden,DEV
2026,3,TB,DL,Deshawn McKnight,DeShawn,CUT
2026,1,MIN,DB,Marcus Allen,Marcus,CUT
2026,5,MIN,DB,Da'Veawn Armstead,Da'Veawn,DEV
2026,5,MIN,WR,Dillon Bell,Dillon,DEV
2026,5,MIN,DB,Tyreek Chappell,Tyreek,RES
2026,5,MIN,OL,Tristan Leigh,Tristan,DEV
2026,1,MIN,OL,Delby Lemieux,Delby,CUT
2026,1,MIN,OL,Tomas Rimac,Tomas,CUT
2026,1,MIN,WR,Marcus Sanders Jr.,Marcus,CUT
2026,1,MIN,LB,Cam'Ron Stewart,Cam'Ron,CUT
2026,5,MIN,DB,Jacob Thomas,Jacob,ACT
2026,1,GB,LB,Arden Walker,Arden,CUT
2026,5,SF,TE,Khalil Dinkins,Khalil,DEV
2026,4,KC,DL,Bryson Eason,Bryson,ACT
2026,5,SF,WR,Wesley Grimes,Wesley,DEV
2026,5,SF,DL,Mikail Kamara,Mikail,RES
2026,5,SF,WR,Will Pauling,Will,DEV
2026,5,SF,DB,Jalen Stroman,Jalen,DEV
2026,5,SF,DL,James Thompson Jr.,James,ACT
2026,5,IND,DB,Elijah Culp,Elijah,DEV
2026,1,ARI,DB,Elijah Culp,Elijah,CUT
2026,1,HOU,OL,Ka'ena Decambra,Ka'ena,DEV
2026,5,ARI,TE,Jameson Geers,Jameson,RES
2026,5,ARI,LB,Cam Robertson,Cameron,DEV
2026,5,ARI,WR,Harrison Wallace III,Harrison,DEV
2026,5,ARI,DL,Damonic Williams,Damonic,DEV
2026,5,ARI,DB,Wydett Williams Jr.,Wydett,ACT
2026,1,LAC,DB,Noah Avinger,Noah,CUT
2026,5,LAC,LB,Lander Barton,Lander,DEV
2026,1,LAC,WR,Jerand Bradley,Jerand,CUT
2026,1,LAC,WR,Sincere Brown,Sincere,RES
2026,1,LAC,DL,Jahmeer Carter,Jahmeer,CUT
2026,5,LAC,RB,Gregory Desrosiers,Gregory,DEV
2026,1,LAC,DB,Devin Grant,Devin,CUT
2026,1,LAC,DL,Jacobian Guillory,Jacobian,CUT
2026,1,KC,DL,Niles King,Niles,CUT
2026,1,LAC,WR,Devonte Ross,Devonte,CUT
2026,5,LAC,DB,Rodney Shelley,Rodney,ACT
2026,5,SEA,DB,Avery Smith,Avery,ACT
2026,5,LAC,OL,Jacob Spomer,Jacob,ACT
2026,5,LAC,TE,Evan Svoboda,Evan,DEV
2026,5,CLE,DL,Nadame Tucker,Nadame,DEV
2026,5,LAC,DL,Terry Webb,Terry,DEV
2026,5,LAC,OL,Isaiah World,Isaiah,RES
2026,5,CIN,DB,Isaiah Nwokobia,Isaiah,DEV
2026,5,NO,DL,Christen Miller,Christen,ACT
2026,5,BUF,DB,Davison Igbinosun,Davison,ACT
2026,5,LAC,OL,Jake Slaughter,Jake,ACT
2026,5,PIT,DB,Daylen Everette,Daylen,ACT
2026,5,LA,OL,Keagen Trost,Keagen,RES
2026,5,NE,TE,Eli Raridon,Eli,ACT
2026,5,PIT,OL,Gennings Dunker,Gennings,RES
2026,5,PIT,WR,Kaden Wetjen,Kaden,ACT
2026,5,PIT,RB,Riley Nowakowski,Riley,ACT
2026,5,LA,WR,CJ Daniels,C.J.,ACT
2026,5,PIT,DL,Gabe Rubio,Gabe,ACT
2026,5,PIT,DB,Robert Spears-Jennings,Robert,ACT
2026,5,NE,LB,Quintayvious Hutchins,Quintayvious,RES
2026,1,LA,TE,Rohan Jones,Rohan,CUT
2026,5,LA,LB,Wesley Bailey,Wesley,ACT
2026,1,NE,DB,Peter Manuma,Peter,CUT
2026,1,SF,DB,Larry Worth,Larry,CUT
2026,5,CHI,LB,Wayne Matthews II,Wayne,DEV
2026,1,ATL,LB,Daveren Rayner,Daveren,CUT
2026,5,NYJ,LB,Jaden Keller,Jaden,DEV
2026,5,CLE,DB,Michael Coats Jr.,Michael,DEV
2026,5,NE,LB,Xavier Holmes,Xavier,DEV
2026,5,LA,DB,Nick Andersen,Nick,DEV
2026,5,LA,QB,Matthew Caldwell,Matthew,RES
2026,5,LA,RB,Dean Connors,Dean,ACT
2026,5,LA,DB,Nyzier Fourqurean,Nyzier,DEV
2026,5,NE,DB,Al'zillion Hamilton,Al'zillion,DEV
2026,1,LA,DB,"Al'zillion ""AZ"" Hamilton",Al'zillion,CUT
2026,1,LA,OL,Bryce Henderson,Bryce,CUT
2026,1,LA,LB,Nikhai Hill-Green,Nikhai,CUT
2026,5,LA,LB,Darryl Peterson III,Darryl,DEV
2026,5,LA,TE,Dan Villari,Dan,DEV
2026,1,LA,DL,Payton Zdroik,Payton,CUT
2026,5,TB,LB,Javin Wright,Javin,DEV
2026,5,LA,OL,Austin Blaske,Austin,DEV
2026,5,LA,DL,Jaxson Moi,Jaxson,DEV
2026,5,LA,LB,Eddie Walls III,Eddie,RES
2026,1,PIT,OL,Greg Crippen,Greg,CUT
2026,5,MIN,LB,Bangally Kamara,Bangally,DEV
2026,1,MIN,DL,Smith Vilbert,Smith,CUT
2026,5,TB,LB,Yasir Holmes,Yasir,DEV
2026,5,TB,WR,Dean Patterson IV,Dean,DEV
2026,5,MIA,RB,DJ Herman,D.J.,ACT
2026,1,DAL,OL,DJ Wingfield,D.J.,CUT
2026,5,TEN,WR,Carnell Tate,Carnell,ACT
2026,5,DET,OL,Blake Miller,Blake,ACT
2026,5,HOU,DL,Kayden McDonald,Kayden,RES
2026,5,DET,LB,Derrick Moore,Derrick,ACT
2026,5,DET,LB,Jimmy Rolder,Jimmy,ACT
2026,5,BUF,WR,Skyler Bell,Skyler,ACT
2026,5,BUF,LB,Kaleb Elarms-Orr,Kaleb,ACT
2026,5,DET,DB,Keith Abney II,Keith,ACT
2026,5,DET,WR,Kendrick Law,Kendrick,RES
2026,5,DET,DL,Skyler Gill-Howard,Skyler,ACT
2026,1,DET,DL,Tyre West,Tyre,DEV
2026,5,HOU,LB,Aiden Fisher,Aiden,ACT
2026,5,NO,WR,Brock Rechsteiner,Brock,RES
2026,1,LAC,TE,Johnny Pascuzzi,Johnny,CUT
2026,5,DET,QB,Luke Altmyer,Luke,DEV
2026,5,DET,DB,Aamaris Brown,Aamaris,DEV
2026,5,NE,LB,Erick Hunter,Erick,ACT
2026,5,DET,TE,Miles Kitselman,Miles,DEV
2026,5,DET,DL,Anthony Lucas,Anthony,DEV
2026,5,DET,DL,Eric O'Neill,Eric,ACT
2026,1,DET,OL,Melvin Priestly,Melvin,CUT
2026,5,NYG,DB,Colton Hood,Colton,ACT
2026,5,SEA,DB,Bud Clark,Bud,RES
2026,5,CIN,DB,Tacario Davis,Tacario,ACT
2026,5,HOU,LB,Wade Woodaz,Wade,ACT
2026,5,HOU,DB,Kamari Ramsey,Kamari,ACT
2026,5,HOU,WR,Lewis Bond,Lewis,DEV
2026,5,ARI,OL,Chase Bisontis,Chase,RES
2026,5,ATL,DB,Avieon Terrell,Avieon,ACT
2026,5,GB,DB,Brandon Cisse,Brandon,ACT
2026,5,CLE,DB,Emmanuel McNeil-Warren,Emmanuel,ACT
2026,5,HOU,TE,Marlin Klein,Marlin,ACT
2026,1,MIA,LB,Stephen Dix Jr,Stephen,CUT
2026,3,MIN,WR,Trayvon Rudolph,Trayvon,CUT
2026,1,SEA,WR,Rashad Rochelle,Rashad,CUT
2026,4,CAR,DL,Lee Hunter,Lee,ACT
2026,5,TEN,LB,Anthony Hill Jr.,Anthony,ACT
2026,1,MIN,WR,Terrill Davis,Terrill,CUT
2026,5,PIT,OL,Max Iheanachor,Max,ACT
2026,5,PHI,TE,Eli Stowers,Eli,RES
2026,5,ATL,DL,Anterio Thompson,Anterio,RES
2026,1,CAR,RB,Miles Davis,Miles,CUT
2026,3,IND,RB,Anderson Castle,Anderson,CUT
2026,1,CAR,DL,Tywone Malone,Tywone,CUT
2026,1,PIT,DB,Tamon Lynum,Tamon,CUT
2026,5,PIT,WR,Germie Bernard,Germie,ACT
2026,5,PIT,RB,Eli Heidenreich,Eli,ACT
2026,1,TEN,LB,Reid Carrico,Reid,CUT
2026,5,GB,DB,Marlon Jones,Marlon,CUT
2026,5,BAL,LB,Zion Young,Zion,ACT
2026,5,MIN,LB,Jake Golday,Jake,ACT
2026,5,DEN,RB,Jonah Coleman,Jonah,RES
2026,4,KC,DB,Jadon Canady,Jadon,INA
2026,5,DEN,OL,Kage Casey,Kage,ACT
2026,1,TB,DL,Travis Shaw,Travis,CUT
2026,4,KC,DL,R Mason Thomas,R Mason,ACT
2026,5,TB,LB,Josiah Trotter,Josiah,ACT
2026,5,JAX,TE,Nate Boerkircher,Nate,ACT
2026,5,NYG,OL,Francis Mauigoa,Francis,ACT
2026,1,NYJ,OL,Courtland Ford,Courtland,CUT
2026,5,TEN,LB,Keldric Faulk,Keldric,ACT
2026,5,NYG,LB,Arvell Reese,Arvell,ACT
2026,5,LA,TE,Max Klare,Max,ACT
2026,5,NYJ,WR,Omar Cooper Jr.,Omar,RES
2026,5,SEA,RB,Jadarian Price,Jadarian,RES
2026,1,IND,OL,Josh Kreutz,Josh,CUT
2026,1,MIA,DB,Jai'Onte' McMillan,Jai'Onte',CUT
2026,5,TEN,LB,Chase Wilson,Chase,DEV
2026,1,NYJ,LB,Chase Wilson,Chase,CUT
2026,5,IND,OL,Jalen Farmer,Jalen,ACT
2026,5,IND,LB,Bryce Boettcher,Bryce,ACT
2026,1,SEA,OL,Derrick Graham,Derrick,CUT
2026,5,MIA,OL,Kadyn Proctor,Kadyn,ACT
2026,5,MIA,LB,Jacob Rodriguez,Jacob,ACT
2026,5,MIA,WR,Caleb Douglas,Caleb,ACT
2026,5,MIA,TE,Will Kacmarek,Will,ACT
2026,5,MIA,WR,Chris Bell,Chris,ACT
2026,5,MIA,LB,Trey Moore,Trey,RES
2026,5,MIA,LB,Kyle Louis,Kyle,RES
2026,5,MIA,DB,Michael Taaffe,Michael,ACT
2026,5,MIA,WR,Kevin Coleman Jr.,Kevin,ACT
2026,5,MIA,OL,DJ Campbell,D.J.,ACT
2026,5,MIA,DL,Max Llewellyn,Max,DEV
2026,5,HOU,OL,Keylan Rutledge,Keylan,ACT
2026,5,MIA,DB,Chris Johnson,Chris,ACT
2026,5,LV,DL,Tim Keenan III,Tim,DEV
2026,1,HOU,TE,Louis Hansen,Louis,CUT
2026,5,DAL,LB,Malachi Lawrence,Malachi,ACT
2026,5,CHI,DB,Dillon Thieneman,Dillon,ACT
2026,5,CHI,OL,Logan Jones,Logan,ACT
2026,1,PHI,DL,Zion Wilson,Zion,CUT
2026,5,NE,OL,Caleb Lomu,Caleb,ACT
2026,5,SEA,WR,Malick Meiga,Malick,DEV
2026,4,KC,DB,Mansoor Delane,Mansoor,ACT
2026,5,LAC,LB,Akheem Mesidor,Akheem,ACT
2026,4,KC,DL,Peter Woods,Peter,ACT
2026,5,CIN,DL,Cashius Howell,Cashius,ACT
2026,5,CLE,WR,KC Concepcion,K.C.,ACT
2026,5,BUF,OL,Jude Bowry,Jude,ACT
2026,5,NYJ,DL,Darrell Jackson Jr.,Darrell,ACT
2026,5,LAC,WR,Brenen Thompson,Brenen,ACT
2026,5,DEN,DL,Tyler Onyedim,Tyler,ACT
2026,5,LV,LB,Keyron Crawford,Keyron,RES
2026,5,PHI,OL,Markel Bell,Markel,ACT
2026,5,ARI,DL,Kaleb Proctor,Kaleb,RES
2026,5,SF,DL,Romello Height,Romello,ACT
2026,5,SF,DL,Gracen Halton,Gracen,ACT
2026,5,CHI,TE,Sam Roush,Sam,ACT
2026,5,HOU,OL,Febechi Nwaiwu,Febechi,ACT
2026,5,LA,P,Jack Bouwmeester,Jack,DEV
2026,5,ARI,QB,Carson Beck,Carson,ACT
2026,5,LV,QB,Fernando Mendoza,Fernando,ACT
2026,5,LV,DB,Jermod McCoy,Jermod,ACT
2026,4,NE,LB,Riley Wilson,Riley,CUT
2026,5,PIT,QB,Drew Allar,Drew,ACT
2026,1,MIA,TE,Jeremiah Franklin,Jeremiah,CUT
2026,5,LA,QB,Ty Simpson,Ty,ACT
2026,5,NE,LB,Gabe Jacas,Gabe,ACT
2026,1,IND,TE,Tyler Moore,Tyler,CUT
2026,1,LAC,WR,Liam Clifford,Liam,CUT
2026,1,DET,RB,Roydell Williams,Roydell,CUT
2026,1,MIN,DB,Jarod Washington,Jarod,CUT
2026,1,IND,DB,Mekhi Rodgers,Mekhi,CUT
2026,1,KC,WR,Jeff Weimer,Jeff,CUT
2026,1,CLE,TE,Drew Biber,Drew,CUT
2026,1,NYJ,TE,Connor Hulstein,Connor,RES
2026,5,NYG,OL,Jarrod Gray,Jarrod,DEV
2026,5,MIA,TE,Seydou Traore,Seydou,ACT
2026,5,PHI,DL,Uar Bernard,Uar,DEV
2026,5,MIN,P,Brett Thorson,Brett,ACT
2026,5,LV,K,Kansei Matsuzawa,Kansei,DEV
2026,5,TB,OL,Paul Rubelt,Paul,DEV
2026,1,SEA,DB,Jordan Washington,Jordan,CUT
2026,5,NYG,RB,Grant Finley,Grant,DEV
2026,1,NE,DB,Eric Butler,Eric,CUT
2026,5,LA,LB,Daniel Rickert,Daniel,RES
2026,1,SEA,RB,Justin Jones,Justin,CUT
2026,1,DEN,DB,Ricardo Hallman,Ricardo,CUT
2026,1,NO,LB,Malakai Williams,Malakai,CUT
2026,1,NO,DL,Brien Taylor,Brien,CUT
2026,1,TB,DB,Xavier Williams,Xavier,RES
2026,1,ARI,DL,Keveion'ta Spears,Keveion'ta,CUT
2026,1,TB,RB,Barika Kpeenu,Barika,CUT
2026,1,MIA,DL,Cam Rice,Cam,CUT
2026,1,ARI,DB,Devyn Bobby,Devyn,CUT
2026,1,PIT,RB,Alex Tecza,Alex,CUT
2026,1,TB,WR,Matthew Henry,Matthew,CUT
2026,5,NYJ,RB,Al-Jay Henderson,Al-Jay,DEV
2026,3,LAC,LS,Spencer Triplett,Spencer,CUT
