ts,board_date,board_ts,week_key,event_id,home,away,model,pair_id,qb_player,catcher_player,qb_team,catcher_team,catcher_position,qb_market,qb_side,qb_point,qb_fair_prob,catcher_market,catcher_side,catcher_point,catcher_fair_prob,archetype,tier,rho_cons,independent_prob,model_joint_prob,confirm_books,book,sgp_price,book_break_even_prob,pricing_edge_pp,approved,rejection_reason,resolution,pnl_if_played,settled_ts
2026-10-01T17:45:32Z,2026-10-01,2026-10-01T17:45:32Z,2026-09-28,32663,CLE Browns,PIT Steelers,S2,Denzel Boston|player_receptions|Over|2.5||Deshaun Watson|player_pass_tds|Over|0.5,Deshaun Watson,Denzel Boston,CLE,CLE,WR,player_pass_tds,Over,0.5,0.6372,player_receptions,Over,2.5,0.5775,PASS_TD__RECEPTIONS,,0.10402045169750898,0.367983,0.367983,[],fanduel,125,0.4444444444444444,-7.646144444444442,False,no_dual_confirm_leg,won,6.25,2026-10-02T11:28:18Z
2026-10-01T17:45:32Z,2026-10-01,2026-10-01T17:45:32Z,2026-09-28,32663,CLE Browns,PIT Steelers,S2,Deshaun Watson|player_pass_tds|Over|0.5||KC Concepcion|player_receptions|Over|3.5,Deshaun Watson,KC Concepcion,CLE,CLE,WR,player_pass_tds,Over,0.5,0.6372,player_receptions,Over,3.5,0.5758,PASS_TD__RECEPTIONS,,0.10402045169750898,0.36689975999999996,0.36689975999999996,[],fanduel,128,0.43859649122807015,-7.169673122807019,False,no_dual_confirm_leg,won,6.4,2026-10-02T11:28:18Z
2026-10-01T17:45:32Z,2026-10-01,2026-10-01T17:45:32Z,2026-09-28,32663,CLE Browns,PIT Steelers,S2,Aaron Rodgers|player_pass_tds|Under|1.5||Roman Wilson|player_receptions|Under|2.5,Aaron Rodgers,Roman Wilson,PIT,PIT,WR,player_pass_tds,Under,1.5,0.6155,player_receptions,Under,2.5,0.594,PASS_TD__RECEPTIONS,,0.10402045169750898,0.365607,0.365607,[],fanduel,125,0.4444444444444444,-7.8837444444444404,False,no_dual_confirm_leg,lost,-5.0,2026-10-02T11:28:18Z
2026-10-01T17:45:32Z,2026-10-01,2026-10-01T17:45:32Z,2026-09-28,32663,CLE Browns,PIT Steelers,S2,Aaron Rodgers|player_pass_tds|Under|1.5||Pat Freiermuth|player_receptions|Under|3.5,Aaron Rodgers,Pat Freiermuth,PIT,PIT,TE,player_pass_tds,Under,1.5,0.6155,player_receptions,Under,3.5,0.5919,PASS_TD__RECEPTIONS,,0.056139228880222596,0.36431445,0.36431445,[],fanduel,127,0.44052863436123346,-7.621418436123345,False,no_dual_confirm_leg,lost,-5.0,2026-10-02T11:28:18Z
2026-10-01T17:45:32Z,2026-10-01,2026-10-01T17:45:32Z,2026-09-28,32663,CLE Browns,PIT Steelers,S2,Aaron Rodgers|player_pass_tds|Under|1.5||Michael Pittman Jr.|player_receptions|Under|3.5,Aaron Rodgers,Michael Pittman Jr.,PIT,PIT,WR,player_pass_tds,Under,1.5,0.6155,player_receptions,Under,3.5,0.5499,PASS_TD__RECEPTIONS,,0.10402045169750898,0.33846345000000005,0.33846345000000005,[],fanduel,142,0.4132231404958678,-7.475969049586773,False,no_dual_confirm_leg,lost,-5.0,2026-10-02T11:28:18Z
2026-10-01T17:45:32Z,2026-10-01,2026-10-01T17:45:32Z,2026-09-28,32663,CLE Browns,PIT Steelers,S2,Deshaun Watson|player_pass_completions|Under|18.5||Quinshon Judkins|player_receptions|Under|2.5,Deshaun Watson,Quinshon Judkins,CLE,CLE,RB,player_pass_completions,Under,18.5,0.5087,player_receptions,Under,2.5,0.6107,COMPLETIONS__RECEPTIONS,A,0.2690810140451369,0.31066309000000003,0.31066309000000003,[],,,,,False,no_dual_confirm_leg,lost,-5.0,2026-10-02T11:28:18Z
2026-10-01T17:45:32Z,2026-10-01,2026-10-01T17:45:32Z,2026-09-28,32663,CLE Browns,PIT Steelers,S2,Aaron Rodgers|player_pass_completions|Under|20.5||Roman Wilson|player_receptions|Under|2.5,Aaron Rodgers,Roman Wilson,PIT,PIT,WR,player_pass_completions,Under,20.5,0.5162,player_receptions,Under,2.5,0.594,COMPLETIONS__RECEPTIONS,A,0.25803415231969434,0.3066228,0.3066228,[],draftkings,132,0.43103448275862066,-12.441168275862069,False,no_dual_confirm_leg,lost,-5.0,2026-10-02T11:28:18Z
2026-10-01T17:45:32Z,2026-10-01,2026-10-01T17:45:32Z,2026-09-28,32663,CLE Browns,PIT Steelers,S2,Denzel Boston|player_receptions|Over|2.5||Deshaun Watson|player_pass_attempts|Over|28.5,Deshaun Watson,Denzel Boston,CLE,CLE,WR,player_pass_attempts,Over,28.5,0.5432,player_receptions,Over,2.5,0.5775,ATTEMPTS__RECEPTIONS,B,0.21120634316686865,0.31369800000000003,0.31369800000000003,[],draftkings,150,0.4,-8.630199999999999,False,no_dual_confirm_leg,won,7.5,2026-10-02T11:28:18Z
2026-10-01T17:45:32Z,2026-10-01,2026-10-01T17:45:32Z,2026-09-28,32663,CLE Browns,PIT Steelers,S2,Deshaun Watson|player_pass_attempts|Over|28.5||KC Concepcion|player_receptions|Over|3.5,Deshaun Watson,KC Concepcion,CLE,CLE,WR,player_pass_attempts,Over,28.5,0.5432,player_receptions,Over,3.5,0.5758,ATTEMPTS__RECEPTIONS,B,0.21120634316686865,0.31277456,0.31277456,[],draftkings,138,0.42016806722689076,-10.739350722689078,False,no_dual_confirm_leg,won,6.9,2026-10-02T11:28:18Z
2026-10-01T17:45:32Z,2026-10-01,2026-10-01T17:45:32Z,2026-09-28,32663,CLE Browns,PIT Steelers,S2,Aaron Rodgers|player_pass_completions|Under|20.5||Pat Freiermuth|player_receptions|Under|3.5,Aaron Rodgers,Pat Freiermuth,PIT,PIT,TE,player_pass_completions,Under,20.5,0.5162,player_receptions,Under,3.5,0.5919,COMPLETIONS__RECEPTIONS,A,0.2567339180009476,0.30553878,0.30553878,[],draftkings,128,0.43859649122807015,-13.305771122807014,False,no_dual_confirm_leg,lost,-5.0,2026-10-02T11:28:18Z
2026-10-01T17:45:32Z,2026-10-01,2026-10-01T17:45:32Z,2026-09-28,32663,CLE Browns,PIT Steelers,S2,Aaron Rodgers|player_pass_yds|Under|214.5||Roman Wilson|player_receptions|Under|2.5,Aaron Rodgers,Roman Wilson,PIT,PIT,WR,player_pass_yds,Under,214.5,0.5043,player_receptions,Under,2.5,0.594,PASS_YDS__RECEPTIONS,B,0.23931098620281352,0.2995542,0.2995542,[],fanduel,154,0.3937007874015748,-9.414658740157483,False,no_dual_confirm_leg,lost,-5.0,2026-10-02T11:28:18Z
2026-10-01T17:45:32Z,2026-10-01,2026-10-01T17:45:32Z,2026-09-28,32663,CLE Browns,PIT Steelers,S2,Aaron Rodgers|player_pass_yds|Under|214.5||Pat Freiermuth|player_receptions|Under|3.5,Aaron Rodgers,Pat Freiermuth,PIT,PIT,TE,player_pass_yds,Under,214.5,0.5043,player_receptions,Under,3.5,0.5919,PASS_YDS__RECEPTIONS,,0.18000638158556048,0.29849517,0.29849517,[],fanduel,154,0.3937007874015748,-9.520561740157484,False,no_dual_confirm_leg,lost,-5.0,2026-10-02T11:28:18Z
2026-10-01T17:45:32Z,2026-10-01,2026-10-01T17:45:32Z,2026-09-28,32663,CLE Browns,PIT Steelers,S2,Denzel Boston|player_receptions|Over|2.5||Deshaun Watson|player_pass_yds|Over|185.5,Deshaun Watson,Denzel Boston,CLE,CLE,WR,player_pass_yds,Over,185.5,0.5,player_receptions,Over,2.5,0.5775,PASS_YDS__RECEPTIONS,B,0.23931098620281352,0.28875,0.28875,[],fanduel,145,0.40816326530612246,-11.941326530612246,False,no_dual_confirm_leg,won,7.25,2026-10-02T11:28:18Z
2026-10-01T17:45:32Z,2026-10-01,2026-10-01T17:45:32Z,2026-09-28,32663,CLE Browns,PIT Steelers,S2,Deshaun Watson|player_pass_yds|Over|185.5||KC Concepcion|player_receptions|Over|3.5,Deshaun Watson,KC Concepcion,CLE,CLE,WR,player_pass_yds,Over,185.5,0.5,player_receptions,Over,3.5,0.5758,PASS_YDS__RECEPTIONS,B,0.23931098620281352,0.2879,0.2879,[],fanduel,149,0.40160642570281124,-11.370642570281126,False,no_dual_confirm_leg,won,7.45,2026-10-02T11:28:18Z
2026-10-01T17:45:32Z,2026-10-01,2026-10-01T17:45:32Z,2026-09-28,32663,CLE Browns,PIT Steelers,S2,Aaron Rodgers|player_pass_completions|Under|20.5||Michael Pittman Jr.|player_receptions|Under|3.5,Aaron Rodgers,Michael Pittman Jr.,PIT,PIT,WR,player_pass_completions,Under,20.5,0.5162,player_receptions,Under,3.5,0.5499,COMPLETIONS__RECEPTIONS,A,0.25803415231969434,0.28385838,0.28385838,[],draftkings,140,0.4166666666666667,-13.280828666666666,False,no_dual_confirm_leg,lost,-5.0,2026-10-02T11:28:18Z
2026-10-01T17:45:32Z,2026-10-01,2026-10-01T17:45:32Z,2026-09-28,32663,CLE Browns,PIT Steelers,S2,Denzel Boston|player_receptions|Over|2.5||Deshaun Watson|player_pass_completions|Over|18.5,Deshaun Watson,Denzel Boston,CLE,CLE,WR,player_pass_completions,Over,18.5,0.4913,player_receptions,Over,2.5,0.5775,COMPLETIONS__RECEPTIONS,A,0.25803415231969434,0.28372575,0.28372575,[],,,,,False,no_dual_confirm_leg,won,,2026-10-02T11:28:18Z
2026-10-01T17:45:32Z,2026-10-01,2026-10-01T17:45:32Z,2026-09-28,32663,CLE Browns,PIT Steelers,S2,Deshaun Watson|player_pass_yds|Under|185.5||Quinshon Judkins|player_receptions|Under|2.5,Deshaun Watson,Quinshon Judkins,CLE,CLE,RB,player_pass_yds,Under,185.5,0.5,player_receptions,Under,2.5,0.6107,PASS_YDS__RECEPTIONS,,0.12297444982058212,0.30535,0.30535,[],fanduel,154,0.3937007874015748,-8.835078740157481,False,no_dual_confirm_leg,lost,-5.0,2026-10-02T11:28:18Z
2026-10-01T17:45:32Z,2026-10-01,2026-10-01T17:45:32Z,2026-09-28,32663,CLE Browns,PIT Steelers,S2,Deshaun Watson|player_pass_completions|Over|18.5||KC Concepcion|player_receptions|Over|3.5,Deshaun Watson,KC Concepcion,CLE,CLE,WR,player_pass_completions,Over,18.5,0.4913,player_receptions,Over,3.5,0.5758,COMPLETIONS__RECEPTIONS,A,0.25803415231969434,0.28289054,0.28289054,[],,,,,False,no_dual_confirm_leg,won,,2026-10-02T11:28:18Z
2026-10-01T17:45:32Z,2026-10-01,2026-10-01T17:45:32Z,2026-09-28,32663,CLE Browns,PIT Steelers,S2,Aaron Rodgers|player_pass_tds|Under|1.5||Jaylen Warren|player_receptions|Under|3.5,Aaron Rodgers,Jaylen Warren,PIT,PIT,RB,player_pass_tds,Under,1.5,0.6155,player_receptions,Under,3.5,0.5108,PASS_TD__RECEPTIONS,,0.041171907796889576,0.31439740000000005,0.31439740000000005,[],draftkings,164,0.3787878787878788,-6.439047878787873,False,no_dual_confirm_leg,lost,-5.0,2026-10-02T11:28:18Z
2026-10-01T17:45:32Z,2026-10-01,2026-10-01T17:45:32Z,2026-09-28,32663,CLE Browns,PIT Steelers,S2,Denzel Boston|player_reception_yds|Over|37.5||Deshaun Watson|player_pass_tds|Over|0.5,Deshaun Watson,Denzel Boston,CLE,CLE,WR,player_pass_tds,Over,0.5,0.6372,player_reception_yds,Over,37.5,0.5,PASS_TD__REC_YDS,,,0.3186,0.3186,[],fanduel,144,0.4098360655737705,-9.123606557377052,False,no_dual_confirm_leg,won,7.2,2026-10-02T11:28:18Z
2026-10-01T17:45:32Z,2026-10-01,2026-10-01T17:45:32Z,2026-09-28,32663,CLE Browns,PIT Steelers,S2,Deshaun Watson|player_pass_tds|Over|0.5||Jerry Jeudy|player_reception_yds|Over|14.5,Deshaun Watson,Jerry Jeudy,CLE,CLE,WR,player_pass_tds,Over,0.5,0.6372,player_reception_yds,Over,14.5,0.5,PASS_TD__REC_YDS,,,0.3186,0.3186,[],fanduel,156,0.390625,-7.202500000000001,False,no_dual_confirm_leg,won,7.8,2026-10-02T11:28:18Z
2026-10-01T17:45:32Z,2026-10-01,2026-10-01T17:45:32Z,2026-09-28,32663,CLE Browns,PIT Steelers,S2,Deshaun Watson|player_pass_tds|Over|0.5||KC Concepcion|player_reception_yds|Over|35.5,Deshaun Watson,KC Concepcion,CLE,CLE,WR,player_pass_tds,Over,0.5,0.6372,player_reception_yds,Over,35.5,0.5,PASS_TD__REC_YDS,,,0.3186,0.3186,[],fanduel,153,0.3952569169960474,-7.665691699604743,False,no_dual_confirm_leg,won,7.65,2026-10-02T11:28:18Z
2026-10-01T17:45:32Z,2026-10-01,2026-10-01T17:45:32Z,2026-09-28,32663,CLE Browns,PIT Steelers,S2,Deshaun Watson|player_pass_tds|Over|0.5||Quinshon Judkins|player_reception_yds|Over|11.5,Deshaun Watson,Quinshon Judkins,CLE,CLE,RB,player_pass_tds,Over,0.5,0.6372,player_reception_yds,Over,11.5,0.5,PASS_TD__REC_YDS,,,0.3186,0.3186,[],fanduel,161,0.3831417624521073,-6.45417624521073,False,no_dual_confirm_leg,won,8.05,2026-10-02T11:28:18Z
2026-10-01T17:45:32Z,2026-10-01,2026-10-01T17:45:32Z,2026-09-28,32663,CLE Browns,PIT Steelers,S2,Deshaun Watson|player_pass_tds|Over|0.5||Raheim Sanders|player_reception_yds|Over|11.5,Deshaun Watson,Raheim Sanders,CLE,CLE,RB,player_pass_tds,Over,0.5,0.6372,player_reception_yds,Over,11.5,0.5,PASS_TD__REC_YDS,,,0.3186,0.3186,[],fanduel,163,0.38022813688212925,-6.162813688212926,False,no_dual_confirm_leg,lost,-5.0,2026-10-02T11:28:18Z
2026-10-01T17:45:32Z,2026-10-01,2026-10-01T17:45:32Z,2026-09-28,32663,CLE Browns,PIT Steelers,S2,Aaron Rodgers|player_pass_yds|Under|214.5||Michael Pittman Jr.|player_receptions|Under|3.5,Aaron Rodgers,Michael Pittman Jr.,PIT,PIT,WR,player_pass_yds,Under,214.5,0.5043,player_receptions,Under,3.5,0.5499,PASS_YDS__RECEPTIONS,B,0.23931098620281352,0.27731457000000004,0.27731457000000004,[],fanduel,162,0.3816793893129771,-10.436481931297708,False,no_dual_confirm_leg,lost,-5.0,2026-10-02T11:28:18Z
2026-10-01T17:45:32Z,2026-10-01,2026-10-01T17:45:32Z,2026-09-28,32663,CLE Browns,PIT Steelers,S2,Deshaun Watson|player_pass_tds|Over|0.5||Harold Fannin Jr.|player_receptions|Over|4.5,Deshaun Watson,Harold Fannin Jr.,CLE,CLE,TE,player_pass_tds,Over,0.5,0.6372,player_receptions,Over,4.5,0.4817,PASS_TD__RECEPTIONS,,0.056139228880222596,0.30693924,0.30693924,[],fanduel,170,0.37037037037037035,-6.3431130370370346,False,no_dual_confirm_leg,lost,-5.0,2026-10-02T11:28:18Z
2026-10-01T17:45:32Z,2026-10-01,2026-10-01T17:45:32Z,2026-09-28,32663,CLE Browns,PIT Steelers,S2,Aaron Rodgers|player_pass_yds|Over|214.5||Roman Wilson|player_reception_yds|Over|19.5,Aaron Rodgers,Roman Wilson,PIT,PIT,WR,player_pass_yds,Over,214.5,0.4957,player_reception_yds,Over,19.5,0.5342,PASS_YDS__REC_YDS,A,0.30424078103150837,0.26480294,0.26480294,[],fanduel,186,0.34965034965034963,-8.484740965034964,False,no_dual_confirm_leg,won,9.3,2026-10-02T11:28:18Z
2026-10-01T17:45:32Z,2026-10-01,2026-10-01T17:45:32Z,2026-09-28,32663,CLE Browns,PIT Steelers,S2,Deshaun Watson|player_pass_attempts|Under|28.5||Quinshon Judkins|player_receptions|Under|2.5,Deshaun Watson,Quinshon Judkins,CLE,CLE,RB,player_pass_attempts,Under,28.5,0.4568,player_receptions,Under,2.5,0.6107,ATTEMPTS__RECEPTIONS,B,0.22452237672530106,0.27896776,0.27896776,[],draftkings,154,0.3937007874015748,-11.473302740157482,False,no_dual_confirm_leg,lost,-5.0,2026-10-02T11:28:18Z
2026-10-01T17:45:32Z,2026-10-01,2026-10-01T17:45:32Z,2026-09-28,32663,CLE Browns,PIT Steelers,S2,Aaron Rodgers|player_pass_tds|Under|1.5||Jaylen Warren|player_reception_yds|Under|25.5,Aaron Rodgers,Jaylen Warren,PIT,PIT,RB,player_pass_tds,Under,1.5,0.6155,player_reception_yds,Under,25.5,0.5087,PASS_TD__REC_YDS,,,0.31310485000000005,0.31310485000000005,[],fanduel,162,0.3816793893129771,-6.857453931297708,False,no_dual_confirm_leg,lost,-5.0,2026-10-02T11:28:18Z
2026-10-01T17:45:32Z,2026-10-01,2026-10-01T17:45:32Z,2026-09-28,32663,CLE Browns,PIT Steelers,S2,Aaron Rodgers|player_pass_yds|Over|214.5||DK Metcalf|player_receptions|Over|3.5,Aaron Rodgers,DK Metcalf,PIT,PIT,WR,player_pass_yds,Over,214.5,0.4957,player_receptions,Over,3.5,0.5472,PASS_YDS__RECEPTIONS,B,0.23931098620281352,0.27124704,0.27124704,[],,,,,False,no_dual_confirm_leg,won,,2026-10-02T11:28:18Z
2026-10-01T17:45:32Z,2026-10-01,2026-10-01T17:45:32Z,2026-09-28,32663,CLE Browns,PIT Steelers,S2,Aaron Rodgers|player_pass_tds|Under|1.5||Darnell Washington|player_reception_yds|Under|18.5,Aaron Rodgers,Darnell Washington,PIT,PIT,TE,player_pass_tds,Under,1.5,0.6155,player_reception_yds,Under,18.5,0.5,PASS_TD__REC_YDS,,,0.30775,0.30775,[],,,,,False,no_dual_confirm_leg,lost,-5.0,2026-10-02T11:28:18Z
2026-10-01T17:45:32Z,2026-10-01,2026-10-01T17:45:32Z,2026-09-28,32663,CLE Browns,PIT Steelers,S2,Aaron Rodgers|player_pass_tds|Under|1.5||DK Metcalf|player_reception_yds|Under|45.5,Aaron Rodgers,DK Metcalf,PIT,PIT,WR,player_pass_tds,Under,1.5,0.6155,player_reception_yds,Under,45.5,0.5,PASS_TD__REC_YDS,,,0.30775,0.30775,[],,,,,False,no_dual_confirm_leg,lost,-5.0,2026-10-02T11:28:18Z
2026-10-01T17:45:32Z,2026-10-01,2026-10-01T17:45:32Z,2026-09-28,32663,CLE Browns,PIT Steelers,S2,Aaron Rodgers|player_pass_tds|Under|1.5||Pat Freiermuth|player_reception_yds|Under|26.5,Aaron Rodgers,Pat Freiermuth,PIT,PIT,TE,player_pass_tds,Under,1.5,0.6155,player_reception_yds,Under,26.5,0.5,PASS_TD__REC_YDS,,,0.30775,0.30775,[],,,,,False,no_dual_confirm_leg,lost,-5.0,2026-10-02T11:28:18Z
2026-10-01T17:45:32Z,2026-10-01,2026-10-01T17:45:32Z,2026-09-28,32663,CLE Browns,PIT Steelers,S2,Aaron Rodgers|player_pass_completions|Under|20.5||Jaylen Warren|player_receptions|Under|3.5,Aaron Rodgers,Jaylen Warren,PIT,PIT,RB,player_pass_completions,Under,20.5,0.5162,player_receptions,Under,3.5,0.5108,COMPLETIONS__RECEPTIONS,A,0.2690810140451369,0.26367496,0.26367496,[],,,,,False,no_dual_confirm_leg,lost,-5.0,2026-10-02T11:28:18Z
2026-10-01T17:45:32Z,2026-10-01,2026-10-01T17:45:32Z,2026-09-28,32663,CLE Browns,PIT Steelers,S2,Aaron Rodgers|player_pass_completions|Over|20.5||DK Metcalf|player_receptions|Over|3.5,Aaron Rodgers,DK Metcalf,PIT,PIT,WR,player_pass_completions,Over,20.5,0.4838,player_receptions,Over,3.5,0.5472,COMPLETIONS__RECEPTIONS,A,0.25803415231969434,0.26473536000000003,0.26473536000000003,[],,,,,False,no_dual_confirm_leg,won,,2026-10-02T11:28:18Z
2026-10-01T17:45:32Z,2026-10-01,2026-10-01T17:45:32Z,2026-09-28,32663,CLE Browns,PIT Steelers,S2,Deshaun Watson|player_pass_completions|Under|18.5||Harold Fannin Jr.|player_receptions|Under|4.5,Deshaun Watson,Harold Fannin Jr.,CLE,CLE,TE,player_pass_completions,Under,18.5,0.5087,player_receptions,Under,4.5,0.5183,COMPLETIONS__RECEPTIONS,A,0.2567339180009476,0.26365921000000003,0.26365921000000003,[],,,,,False,no_dual_confirm_leg,lost,-5.0,2026-10-02T11:28:18Z
2026-10-01T17:45:32Z,2026-10-01,2026-10-01T17:45:32Z,2026-09-28,32663,CLE Browns,PIT Steelers,S2,Aaron Rodgers|player_pass_yds|Over|214.5||Germie Bernard|player_reception_yds|Over|9.5,Aaron Rodgers,Germie Bernard,PIT,PIT,WR,player_pass_yds,Over,214.5,0.4957,player_reception_yds,Over,9.5,0.513,PASS_YDS__REC_YDS,A,0.30424078103150837,0.25429409999999997,0.25429409999999997,[],,,,,False,no_dual_confirm_leg,won,,2026-10-02T11:28:18Z
2026-10-01T17:45:32Z,2026-10-01,2026-10-01T17:45:32Z,2026-09-28,32663,CLE Browns,PIT Steelers,S2,Aaron Rodgers|player_pass_yds|Under|214.5||DK Metcalf|player_reception_yds|Under|45.5,Aaron Rodgers,DK Metcalf,PIT,PIT,WR,player_pass_yds,Under,214.5,0.5043,player_reception_yds,Under,45.5,0.5,PASS_YDS__REC_YDS,A,0.30424078103150837,0.25215,0.25215,[],,,,,False,no_dual_confirm_leg,lost,-5.0,2026-10-02T11:28:18Z
2026-10-01T17:45:32Z,2026-10-01,2026-10-01T17:45:32Z,2026-09-28,32663,CLE Browns,PIT Steelers,S2,Aaron Rodgers|player_pass_tds|Under|1.5||Germie Bernard|player_reception_yds|Under|9.5,Aaron Rodgers,Germie Bernard,PIT,PIT,WR,player_pass_tds,Under,1.5,0.6155,player_reception_yds,Under,9.5,0.48699999999999993,PASS_TD__REC_YDS,,,0.2997485,0.2997485,[],,,,,False,no_dual_confirm_leg,lost,-5.0,2026-10-02T11:28:18Z
2026-10-01T17:45:32Z,2026-10-01,2026-10-01T17:45:32Z,2026-09-28,32663,CLE Browns,PIT Steelers,S2,Denzel Boston|player_reception_yds|Over|37.5||Deshaun Watson|player_pass_yds|Over|185.5,Deshaun Watson,Denzel Boston,CLE,CLE,WR,player_pass_yds,Over,185.5,0.5,player_reception_yds,Over,37.5,0.5,PASS_YDS__REC_YDS,A,0.30424078103150837,0.25,0.25,[],,,,,False,no_dual_confirm_leg,won,,2026-10-02T11:28:18Z
2026-10-01T17:45:32Z,2026-10-01,2026-10-01T17:45:32Z,2026-09-28,32663,CLE Browns,PIT Steelers,S2,Deshaun Watson|player_pass_yds|Over|185.5||Jerry Jeudy|player_reception_yds|Over|14.5,Deshaun Watson,Jerry Jeudy,CLE,CLE,WR,player_pass_yds,Over,185.5,0.5,player_reception_yds,Over,14.5,0.5,PASS_YDS__REC_YDS,A,0.30424078103150837,0.25,0.25,[],,,,,False,no_dual_confirm_leg,won,,2026-10-02T11:28:18Z
2026-10-01T17:45:32Z,2026-10-01,2026-10-01T17:45:32Z,2026-09-28,32663,CLE Browns,PIT Steelers,S2,Deshaun Watson|player_pass_yds|Over|185.5||KC Concepcion|player_reception_yds|Over|35.5,Deshaun Watson,KC Concepcion,CLE,CLE,WR,player_pass_yds,Over,185.5,0.5,player_reception_yds,Over,35.5,0.5,PASS_YDS__REC_YDS,A,0.30424078103150837,0.25,0.25,[],,,,,False,no_dual_confirm_leg,won,,2026-10-02T11:28:18Z
2026-10-01T17:45:32Z,2026-10-01,2026-10-01T17:45:32Z,2026-09-28,32663,CLE Browns,PIT Steelers,S2,Denzel Boston|player_reception_yds|Under|37.5||Deshaun Watson|player_pass_yds|Under|185.5,Deshaun Watson,Denzel Boston,CLE,CLE,WR,player_pass_yds,Under,185.5,0.5,player_reception_yds,Under,37.5,0.5,PASS_YDS__REC_YDS,A,0.30424078103150837,0.25,0.25,[],,,,,False,no_dual_confirm_leg,lost,-5.0,2026-10-02T11:28:18Z
2026-10-01T17:45:32Z,2026-10-01,2026-10-01T17:45:32Z,2026-09-28,32663,CLE Browns,PIT Steelers,S2,Deshaun Watson|player_pass_yds|Under|185.5||Jerry Jeudy|player_reception_yds|Under|14.5,Deshaun Watson,Jerry Jeudy,CLE,CLE,WR,player_pass_yds,Under,185.5,0.5,player_reception_yds,Under,14.5,0.5,PASS_YDS__REC_YDS,A,0.30424078103150837,0.25,0.25,[],,,,,False,no_dual_confirm_leg,lost,-5.0,2026-10-02T11:28:18Z
2026-10-01T17:45:32Z,2026-10-01,2026-10-01T17:45:32Z,2026-09-28,32663,CLE Browns,PIT Steelers,S2,Deshaun Watson|player_pass_yds|Under|185.5||KC Concepcion|player_reception_yds|Under|35.5,Deshaun Watson,KC Concepcion,CLE,CLE,WR,player_pass_yds,Under,185.5,0.5,player_reception_yds,Under,35.5,0.5,PASS_YDS__REC_YDS,A,0.30424078103150837,0.25,0.25,[],,,,,False,no_dual_confirm_leg,lost,-5.0,2026-10-02T11:28:18Z
2026-10-01T17:45:32Z,2026-10-01,2026-10-01T17:45:32Z,2026-09-28,32663,CLE Browns,PIT Steelers,S2,Aaron Rodgers|player_pass_yds|Over|214.5||DK Metcalf|player_reception_yds|Over|45.5,Aaron Rodgers,DK Metcalf,PIT,PIT,WR,player_pass_yds,Over,214.5,0.4957,player_reception_yds,Over,45.5,0.5,PASS_YDS__REC_YDS,A,0.30424078103150837,0.24785,0.24785,[],,,,,False,no_dual_confirm_leg,won,,2026-10-02T11:28:18Z
2026-10-01T17:45:32Z,2026-10-01,2026-10-01T17:45:32Z,2026-09-28,32663,CLE Browns,PIT Steelers,S2,Deshaun Watson|player_pass_attempts|Over|28.5||Harold Fannin Jr.|player_receptions|Over|4.5,Deshaun Watson,Harold Fannin Jr.,CLE,CLE,TE,player_pass_attempts,Over,28.5,0.5432,player_receptions,Over,4.5,0.4817,ATTEMPTS__RECEPTIONS,B,0.21340393661583412,0.26165944,0.26165944,[],,,,,False,no_dual_confirm_leg,lost,-5.0,2026-10-02T11:28:18Z
2026-10-01T17:45:32Z,2026-10-01,2026-10-01T17:45:32Z,2026-09-28,32663,CLE Browns,PIT Steelers,S2,Aaron Rodgers|player_pass_yds|Under|214.5||Germie Bernard|player_reception_yds|Under|9.5,Aaron Rodgers,Germie Bernard,PIT,PIT,WR,player_pass_yds,Under,214.5,0.5043,player_reception_yds,Under,9.5,0.48699999999999993,PASS_YDS__REC_YDS,A,0.30424078103150837,0.24559409999999995,0.24559409999999995,[],,,,,False,no_dual_confirm_leg,lost,-5.0,2026-10-02T11:28:18Z
2026-10-01T17:45:32Z,2026-10-01,2026-10-01T17:45:32Z,2026-09-28,32663,CLE Browns,PIT Steelers,S2,Aaron Rodgers|player_pass_tds|Under|1.5||DK Metcalf|player_receptions|Under|3.5,Aaron Rodgers,DK Metcalf,PIT,PIT,WR,player_pass_tds,Under,1.5,0.6155,player_receptions,Under,3.5,0.45280000000000004,PASS_TD__RECEPTIONS,,0.10402045169750898,0.27869840000000007,0.27869840000000007,[],,,,,False,no_dual_confirm_leg,lost,-5.0,2026-10-02T11:28:18Z
2026-10-01T17:45:32Z,2026-10-01,2026-10-01T17:45:32Z,2026-09-28,32663,CLE Browns,PIT Steelers,S2,Deshaun Watson|player_pass_yds|Under|185.5||Harold Fannin Jr.|player_receptions|Under|4.5,Deshaun Watson,Harold Fannin Jr.,CLE,CLE,TE,player_pass_yds,Under,185.5,0.5,player_receptions,Under,4.5,0.5183,PASS_YDS__RECEPTIONS,,0.18000638158556048,0.25915,0.25915,[],,,,,False,no_dual_confirm_leg,lost,-5.0,2026-10-02T11:28:18Z
2026-10-01T17:45:32Z,2026-10-01,2026-10-01T17:45:32Z,2026-09-28,32663,CLE Browns,PIT Steelers,S2,Aaron Rodgers|player_pass_yds|Under|214.5||Darnell Washington|player_reception_yds|Under|18.5,Aaron Rodgers,Darnell Washington,PIT,PIT,TE,player_pass_yds,Under,214.5,0.5043,player_reception_yds,Under,18.5,0.5,PASS_YDS__REC_YDS,B,0.21889110444728782,0.25215,0.25215,[],,,,,False,no_dual_confirm_leg,lost,-5.0,2026-10-02T11:28:18Z
2026-10-01T17:45:32Z,2026-10-01,2026-10-01T17:45:32Z,2026-09-28,32663,CLE Browns,PIT Steelers,S2,Aaron Rodgers|player_pass_yds|Under|214.5||Pat Freiermuth|player_reception_yds|Under|26.5,Aaron Rodgers,Pat Freiermuth,PIT,PIT,TE,player_pass_yds,Under,214.5,0.5043,player_reception_yds,Under,26.5,0.5,PASS_YDS__REC_YDS,B,0.21889110444728782,0.25215,0.25215,[],,,,,False,no_dual_confirm_leg,lost,-5.0,2026-10-02T11:28:18Z
2026-10-01T17:45:32Z,2026-10-01,2026-10-01T17:45:32Z,2026-09-28,32663,CLE Browns,PIT Steelers,S2,Aaron Rodgers|player_pass_tds|Under|1.5||Roman Wilson|player_reception_yds|Under|19.5,Aaron Rodgers,Roman Wilson,PIT,PIT,WR,player_pass_tds,Under,1.5,0.6155,player_reception_yds,Under,19.5,0.4658,PASS_TD__REC_YDS,,,0.2866999,0.2866999,[],,,,,False,no_dual_confirm_leg,lost,-5.0,2026-10-02T11:28:18Z
2026-10-01T17:45:32Z,2026-10-01,2026-10-01T17:45:32Z,2026-09-28,32663,CLE Browns,PIT Steelers,S2,Aaron Rodgers|player_pass_yds|Under|214.5||Jaylen Warren|player_reception_yds|Under|25.5,Aaron Rodgers,Jaylen Warren,PIT,PIT,RB,player_pass_yds,Under,214.5,0.5043,player_reception_yds,Under,25.5,0.5087,PASS_YDS__REC_YDS,B,0.18128977168956806,0.25653741,0.25653741,[],,,,,False,no_dual_confirm_leg,lost,-5.0,2026-10-02T11:28:18Z
2026-10-01T17:45:32Z,2026-10-01,2026-10-01T17:45:32Z,2026-09-28,32663,CLE Browns,PIT Steelers,S2,Aaron Rodgers|player_pass_yds|Under|214.5||Roman Wilson|player_reception_yds|Under|19.5,Aaron Rodgers,Roman Wilson,PIT,PIT,WR,player_pass_yds,Under,214.5,0.5043,player_reception_yds,Under,19.5,0.4658,PASS_YDS__REC_YDS,A,0.30424078103150837,0.23490293999999998,0.23490293999999998,[],,,,,False,no_dual_confirm_leg,lost,-5.0,2026-10-02T11:28:18Z
2026-10-01T17:45:32Z,2026-10-01,2026-10-01T17:45:32Z,2026-09-28,32663,CLE Browns,PIT Steelers,S2,Aaron Rodgers|player_pass_yds|Over|214.5||Darnell Washington|player_reception_yds|Over|18.5,Aaron Rodgers,Darnell Washington,PIT,PIT,TE,player_pass_yds,Over,214.5,0.4957,player_reception_yds,Over,18.5,0.5,PASS_YDS__REC_YDS,B,0.21889110444728782,0.24785,0.24785,[],,,,,False,no_dual_confirm_leg,won,,2026-10-02T11:28:18Z
2026-10-01T17:45:32Z,2026-10-01,2026-10-01T17:45:32Z,2026-09-28,32663,CLE Browns,PIT Steelers,S2,Aaron Rodgers|player_pass_yds|Over|214.5||Pat Freiermuth|player_reception_yds|Over|26.5,Aaron Rodgers,Pat Freiermuth,PIT,PIT,TE,player_pass_yds,Over,214.5,0.4957,player_reception_yds,Over,26.5,0.5,PASS_YDS__REC_YDS,B,0.21889110444728782,0.24785,0.24785,[],,,,,False,no_dual_confirm_leg,lost,-5.0,2026-10-02T11:28:18Z
2026-10-01T17:45:32Z,2026-10-01,2026-10-01T17:45:32Z,2026-09-28,32663,CLE Browns,PIT Steelers,S2,Aaron Rodgers|player_pass_completions|Over|20.5||Jaylen Warren|player_receptions|Over|3.5,Aaron Rodgers,Jaylen Warren,PIT,PIT,RB,player_pass_completions,Over,20.5,0.4838,player_receptions,Over,3.5,0.4892,COMPLETIONS__RECEPTIONS,A,0.2690810140451369,0.23667496000000002,0.23667496000000002,[],,,,,False,no_dual_confirm_leg,lost,-5.0,2026-10-02T11:28:18Z
2026-10-01T17:45:32Z,2026-10-01,2026-10-01T17:45:32Z,2026-09-28,32663,CLE Browns,PIT Steelers,S2,Deshaun Watson|player_pass_yds|Over|185.5||Quinshon Judkins|player_reception_yds|Over|11.5,Deshaun Watson,Quinshon Judkins,CLE,CLE,RB,player_pass_yds,Over,185.5,0.5,player_reception_yds,Over,11.5,0.5,PASS_YDS__REC_YDS,B,0.18128977168956806,0.25,0.25,[],,,,,False,no_dual_confirm_leg,won,,2026-10-02T11:28:18Z
2026-10-01T17:45:32Z,2026-10-01,2026-10-01T17:45:32Z,2026-09-28,32663,CLE Browns,PIT Steelers,S2,Deshaun Watson|player_pass_yds|Over|185.5||Raheim Sanders|player_reception_yds|Over|11.5,Deshaun Watson,Raheim Sanders,CLE,CLE,RB,player_pass_yds,Over,185.5,0.5,player_reception_yds,Over,11.5,0.5,PASS_YDS__REC_YDS,B,0.18128977168956806,0.25,0.25,[],,,,,False,no_dual_confirm_leg,lost,-5.0,2026-10-02T11:28:18Z
2026-10-01T17:45:32Z,2026-10-01,2026-10-01T17:45:32Z,2026-09-28,32663,CLE Browns,PIT Steelers,S2,Deshaun Watson|player_pass_yds|Under|185.5||Quinshon Judkins|player_reception_yds|Under|11.5,Deshaun Watson,Quinshon Judkins,CLE,CLE,RB,player_pass_yds,Under,185.5,0.5,player_reception_yds,Under,11.5,0.5,PASS_YDS__REC_YDS,B,0.18128977168956806,0.25,0.25,[],,,,,False,no_dual_confirm_leg,lost,-5.0,2026-10-02T11:28:18Z
2026-10-01T17:45:32Z,2026-10-01,2026-10-01T17:45:32Z,2026-09-28,32663,CLE Browns,PIT Steelers,S2,Deshaun Watson|player_pass_yds|Under|185.5||Raheim Sanders|player_reception_yds|Under|11.5,Deshaun Watson,Raheim Sanders,CLE,CLE,RB,player_pass_yds,Under,185.5,0.5,player_reception_yds,Under,11.5,0.5,PASS_YDS__REC_YDS,B,0.18128977168956806,0.25,0.25,[],,,,,False,no_dual_confirm_leg,lost,-5.0,2026-10-02T11:28:18Z
2026-10-01T17:45:32Z,2026-10-01,2026-10-01T17:45:32Z,2026-09-28,32663,CLE Browns,PIT Steelers,S2,Deshaun Watson|player_pass_completions|Over|18.5||Harold Fannin Jr.|player_receptions|Over|4.5,Deshaun Watson,Harold Fannin Jr.,CLE,CLE,TE,player_pass_completions,Over,18.5,0.4913,player_receptions,Over,4.5,0.4817,COMPLETIONS__RECEPTIONS,A,0.2567339180009476,0.23665921,0.23665921,[],,,,,False,no_dual_confirm_leg,lost,-5.0,2026-10-02T11:28:18Z
2026-10-01T17:45:32Z,2026-10-01,2026-10-01T17:45:32Z,2026-09-28,32663,CLE Browns,PIT Steelers,S2,Aaron Rodgers|player_pass_yds|Under|214.5||Jaylen Warren|player_receptions|Under|3.5,Aaron Rodgers,Jaylen Warren,PIT,PIT,RB,player_pass_yds,Under,214.5,0.5043,player_receptions,Under,3.5,0.5108,PASS_YDS__RECEPTIONS,,0.12297444982058212,0.25759644,0.25759644,[],,,,,False,no_dual_confirm_leg,lost,-5.0,2026-10-02T11:28:18Z
2026-10-01T17:45:32Z,2026-10-01,2026-10-01T17:45:32Z,2026-09-28,32663,CLE Browns,PIT Steelers,S2,Aaron Rodgers|player_pass_completions|Under|20.5||DK Metcalf|player_receptions|Under|3.5,Aaron Rodgers,DK Metcalf,PIT,PIT,WR,player_pass_completions,Under,20.5,0.5162,player_receptions,Under,3.5,0.45280000000000004,COMPLETIONS__RECEPTIONS,A,0.25803415231969434,0.23373536,0.23373536,[],,,,,False,no_dual_confirm_leg,lost,-5.0,2026-10-02T11:28:18Z
2026-10-01T17:45:32Z,2026-10-01,2026-10-01T17:45:32Z,2026-09-28,32663,CLE Browns,PIT Steelers,S2,Aaron Rodgers|player_pass_yds|Over|214.5||Jaylen Warren|player_reception_yds|Over|25.5,Aaron Rodgers,Jaylen Warren,PIT,PIT,RB,player_pass_yds,Over,214.5,0.4957,player_reception_yds,Over,25.5,0.4913,PASS_YDS__REC_YDS,B,0.18128977168956806,0.24353740999999998,0.24353740999999998,[],,,,,False,no_dual_confirm_leg,won,,2026-10-02T11:28:18Z
2026-10-01T17:45:32Z,2026-10-01,2026-10-01T17:45:32Z,2026-09-28,32663,CLE Browns,PIT Steelers,S2,Denzel Boston|player_reception_yds|Over|37.5||Deshaun Watson|player_pass_attempts|Over|28.5,Deshaun Watson,Denzel Boston,CLE,CLE,WR,player_pass_attempts,Over,28.5,0.5432,player_reception_yds,Over,37.5,0.5,ATTEMPTS__REC_YDS,,,0.2716,0.2716,[],,,,,False,no_dual_confirm_leg,won,,2026-10-02T11:28:18Z
2026-10-01T17:45:32Z,2026-10-01,2026-10-01T17:45:32Z,2026-09-28,32663,CLE Browns,PIT Steelers,S2,Deshaun Watson|player_pass_attempts|Over|28.5||Jerry Jeudy|player_reception_yds|Over|14.5,Deshaun Watson,Jerry Jeudy,CLE,CLE,WR,player_pass_attempts,Over,28.5,0.5432,player_reception_yds,Over,14.5,0.5,ATTEMPTS__REC_YDS,,,0.2716,0.2716,[],,,,,False,no_dual_confirm_leg,won,,2026-10-02T11:28:18Z
2026-10-01T17:45:32Z,2026-10-01,2026-10-01T17:45:32Z,2026-09-28,32663,CLE Browns,PIT Steelers,S2,Deshaun Watson|player_pass_attempts|Over|28.5||KC Concepcion|player_reception_yds|Over|35.5,Deshaun Watson,KC Concepcion,CLE,CLE,WR,player_pass_attempts,Over,28.5,0.5432,player_reception_yds,Over,35.5,0.5,ATTEMPTS__REC_YDS,,,0.2716,0.2716,[],,,,,False,no_dual_confirm_leg,won,,2026-10-02T11:28:18Z
2026-10-01T17:45:32Z,2026-10-01,2026-10-01T17:45:32Z,2026-09-28,32663,CLE Browns,PIT Steelers,S2,Deshaun Watson|player_pass_attempts|Over|28.5||Quinshon Judkins|player_reception_yds|Over|11.5,Deshaun Watson,Quinshon Judkins,CLE,CLE,RB,player_pass_attempts,Over,28.5,0.5432,player_reception_yds,Over,11.5,0.5,ATTEMPTS__REC_YDS,,,0.2716,0.2716,[],,,,,False,no_dual_confirm_leg,won,,2026-10-02T11:28:18Z
2026-10-01T17:45:32Z,2026-10-01,2026-10-01T17:45:32Z,2026-09-28,32663,CLE Browns,PIT Steelers,S2,Deshaun Watson|player_pass_attempts|Over|28.5||Raheim Sanders|player_reception_yds|Over|11.5,Deshaun Watson,Raheim Sanders,CLE,CLE,RB,player_pass_attempts,Over,28.5,0.5432,player_reception_yds,Over,11.5,0.5,ATTEMPTS__REC_YDS,,,0.2716,0.2716,[],,,,,False,no_dual_confirm_leg,lost,-5.0,2026-10-02T11:28:18Z
2026-10-01T17:45:32Z,2026-10-01,2026-10-01T17:45:32Z,2026-09-28,32663,CLE Browns,PIT Steelers,S2,Deshaun Watson|player_pass_attempts|Under|28.5||Harold Fannin Jr.|player_receptions|Under|4.5,Deshaun Watson,Harold Fannin Jr.,CLE,CLE,TE,player_pass_attempts,Under,28.5,0.4568,player_receptions,Under,4.5,0.5183,ATTEMPTS__RECEPTIONS,B,0.21340393661583412,0.23675944,0.23675944,[],,,,,False,no_dual_confirm_leg,lost,-5.0,2026-10-02T11:28:18Z
2026-10-01T17:45:32Z,2026-10-01,2026-10-01T17:45:32Z,2026-09-28,32663,CLE Browns,PIT Steelers,S2,Deshaun Watson|player_pass_yds|Over|185.5||Harold Fannin Jr.|player_receptions|Over|4.5,Deshaun Watson,Harold Fannin Jr.,CLE,CLE,TE,player_pass_yds,Over,185.5,0.5,player_receptions,Over,4.5,0.4817,PASS_YDS__RECEPTIONS,,0.18000638158556048,0.24085,0.24085,[],,,,,False,no_dual_confirm_leg,lost,-5.0,2026-10-02T11:28:18Z
2026-10-01T17:45:32Z,2026-10-01,2026-10-01T17:45:32Z,2026-09-28,32663,CLE Browns,PIT Steelers,S2,Aaron Rodgers|player_pass_yds|Under|214.5||DK Metcalf|player_receptions|Under|3.5,Aaron Rodgers,DK Metcalf,PIT,PIT,WR,player_pass_yds,Under,214.5,0.5043,player_receptions,Under,3.5,0.45280000000000004,PASS_YDS__RECEPTIONS,B,0.23931098620281352,0.22834704,0.22834704,[],,,,,False,no_dual_confirm_leg,lost,-5.0,2026-10-02T11:28:18Z
2026-10-01T17:45:32Z,2026-10-01,2026-10-01T17:45:32Z,2026-09-28,32663,CLE Browns,PIT Steelers,S2,Aaron Rodgers|player_pass_completions|Under|20.5||Jaylen Warren|player_reception_yds|Under|25.5,Aaron Rodgers,Jaylen Warren,PIT,PIT,RB,player_pass_completions,Under,20.5,0.5162,player_reception_yds,Under,25.5,0.5087,COMPLETIONS__REC_YDS,,,0.26259094,0.26259094,[],,,,,False,no_dual_confirm_leg,lost,-5.0,2026-10-02T11:28:18Z
2026-10-01T17:45:32Z,2026-10-01,2026-10-01T17:45:32Z,2026-09-28,32663,CLE Browns,PIT Steelers,S2,Aaron Rodgers|player_pass_yds|Over|214.5||Jaylen Warren|player_receptions|Over|3.5,Aaron Rodgers,Jaylen Warren,PIT,PIT,RB,player_pass_yds,Over,214.5,0.4957,player_receptions,Over,3.5,0.4892,PASS_YDS__RECEPTIONS,,0.12297444982058212,0.24249644,0.24249644,[],,,,,False,no_dual_confirm_leg,lost,-5.0,2026-10-02T11:28:18Z
2026-10-01T17:45:32Z,2026-10-01,2026-10-01T17:45:32Z,2026-09-28,32663,CLE Browns,PIT Steelers,S2,Aaron Rodgers|player_pass_yds|Over|214.5||Michael Pittman Jr.|player_receptions|Over|3.5,Aaron Rodgers,Michael Pittman Jr.,PIT,PIT,WR,player_pass_yds,Over,214.5,0.4957,player_receptions,Over,3.5,0.45010000000000006,PASS_YDS__RECEPTIONS,B,0.23931098620281352,0.22311457,0.22311457,[],,,,,False,no_dual_confirm_leg,lost,-5.0,2026-10-02T11:28:18Z
2026-10-01T17:45:32Z,2026-10-01,2026-10-01T17:45:32Z,2026-09-28,32663,CLE Browns,PIT Steelers,S2,Aaron Rodgers|player_pass_completions|Over|20.5||Michael Pittman Jr.|player_receptions|Over|3.5,Aaron Rodgers,Michael Pittman Jr.,PIT,PIT,WR,player_pass_completions,Over,20.5,0.4838,player_receptions,Over,3.5,0.45010000000000006,COMPLETIONS__RECEPTIONS,A,0.25803415231969434,0.21775838000000003,0.21775838000000003,[],,,,,False,no_dual_confirm_leg,lost,-5.0,2026-10-02T11:28:18Z
2026-10-01T17:45:32Z,2026-10-01,2026-10-01T17:45:32Z,2026-09-28,32663,CLE Browns,PIT Steelers,S2,Aaron Rodgers|player_pass_completions|Over|20.5||Roman Wilson|player_reception_yds|Over|19.5,Aaron Rodgers,Roman Wilson,PIT,PIT,WR,player_pass_completions,Over,20.5,0.4838,player_reception_yds,Over,19.5,0.5342,COMPLETIONS__REC_YDS,,,0.25844596000000003,0.25844596000000003,[],,,,,False,no_dual_confirm_leg,won,,2026-10-02T11:28:18Z
2026-10-01T17:45:32Z,2026-10-01,2026-10-01T17:45:32Z,2026-09-28,32663,CLE Browns,PIT Steelers,S2,Aaron Rodgers|player_pass_completions|Under|20.5||Darnell Washington|player_reception_yds|Under|18.5,Aaron Rodgers,Darnell Washington,PIT,PIT,TE,player_pass_completions,Under,20.5,0.5162,player_reception_yds,Under,18.5,0.5,COMPLETIONS__REC_YDS,,,0.2581,0.2581,[],,,,,False,no_dual_confirm_leg,lost,-5.0,2026-10-02T11:28:18Z
2026-10-01T17:45:32Z,2026-10-01,2026-10-01T17:45:32Z,2026-09-28,32663,CLE Browns,PIT Steelers,S2,Aaron Rodgers|player_pass_completions|Under|20.5||DK Metcalf|player_reception_yds|Under|45.5,Aaron Rodgers,DK Metcalf,PIT,PIT,WR,player_pass_completions,Under,20.5,0.5162,player_reception_yds,Under,45.5,0.5,COMPLETIONS__REC_YDS,,,0.2581,0.2581,[],,,,,False,no_dual_confirm_leg,lost,-5.0,2026-10-02T11:28:18Z
2026-10-01T17:45:32Z,2026-10-01,2026-10-01T17:45:32Z,2026-09-28,32663,CLE Browns,PIT Steelers,S2,Aaron Rodgers|player_pass_completions|Under|20.5||Pat Freiermuth|player_reception_yds|Under|26.5,Aaron Rodgers,Pat Freiermuth,PIT,PIT,TE,player_pass_completions,Under,20.5,0.5162,player_reception_yds,Under,26.5,0.5,COMPLETIONS__REC_YDS,,,0.2581,0.2581,[],,,,,False,no_dual_confirm_leg,lost,-5.0,2026-10-02T11:28:18Z
2026-10-01T17:45:32Z,2026-10-01,2026-10-01T17:45:32Z,2026-09-28,32663,CLE Browns,PIT Steelers,S2,Deshaun Watson|player_pass_completions|Under|18.5||KC Concepcion|player_receptions|Under|3.5,Deshaun Watson,KC Concepcion,CLE,CLE,WR,player_pass_completions,Under,18.5,0.5087,player_receptions,Under,3.5,0.4242,COMPLETIONS__RECEPTIONS,A,0.25803415231969434,0.21579054000000003,0.21579054000000003,[],,,,,False,no_dual_confirm_leg,lost,-5.0,2026-10-02T11:28:18Z
2026-10-01T17:45:32Z,2026-10-01,2026-10-01T17:45:32Z,2026-09-28,32663,CLE Browns,PIT Steelers,S2,Denzel Boston|player_receptions|Under|2.5||Deshaun Watson|player_pass_completions|Under|18.5,Deshaun Watson,Denzel Boston,CLE,CLE,WR,player_pass_completions,Under,18.5,0.5087,player_receptions,Under,2.5,0.42250000000000004,COMPLETIONS__RECEPTIONS,A,0.25803415231969434,0.21492575000000003,0.21492575000000003,[],,,,,False,no_dual_confirm_leg,lost,-5.0,2026-10-02T11:28:18Z
2026-10-01T17:45:32Z,2026-10-01,2026-10-01T17:45:32Z,2026-09-28,32663,CLE Browns,PIT Steelers,S2,Denzel Boston|player_reception_yds|Under|37.5||Deshaun Watson|player_pass_completions|Under|18.5,Deshaun Watson,Denzel Boston,CLE,CLE,WR,player_pass_completions,Under,18.5,0.5087,player_reception_yds,Under,37.5,0.5,COMPLETIONS__REC_YDS,,,0.25435,0.25435,[],,,,,False,no_dual_confirm_leg,lost,-5.0,2026-10-02T11:28:18Z
2026-10-01T17:45:32Z,2026-10-01,2026-10-01T17:45:32Z,2026-09-28,32663,CLE Browns,PIT Steelers,S2,Deshaun Watson|player_pass_completions|Under|18.5||Jerry Jeudy|player_reception_yds|Under|14.5,Deshaun Watson,Jerry Jeudy,CLE,CLE,WR,player_pass_completions,Under,18.5,0.5087,player_reception_yds,Under,14.5,0.5,COMPLETIONS__REC_YDS,,,0.25435,0.25435,[],,,,,False,no_dual_confirm_leg,lost,-5.0,2026-10-02T11:28:18Z
2026-10-01T17:45:32Z,2026-10-01,2026-10-01T17:45:32Z,2026-09-28,32663,CLE Browns,PIT Steelers,S2,Deshaun Watson|player_pass_completions|Under|18.5||KC Concepcion|player_reception_yds|Under|35.5,Deshaun Watson,KC Concepcion,CLE,CLE,WR,player_pass_completions,Under,18.5,0.5087,player_reception_yds,Under,35.5,0.5,COMPLETIONS__REC_YDS,,,0.25435,0.25435,[],,,,,False,no_dual_confirm_leg,lost,-5.0,2026-10-02T11:28:18Z
2026-10-01T17:45:32Z,2026-10-01,2026-10-01T17:45:32Z,2026-09-28,32663,CLE Browns,PIT Steelers,S2,Deshaun Watson|player_pass_completions|Under|18.5||Quinshon Judkins|player_reception_yds|Under|11.5,Deshaun Watson,Quinshon Judkins,CLE,CLE,RB,player_pass_completions,Under,18.5,0.5087,player_reception_yds,Under,11.5,0.5,COMPLETIONS__REC_YDS,,,0.25435,0.25435,[],,,,,False,no_dual_confirm_leg,lost,-5.0,2026-10-02T11:28:18Z
2026-10-01T17:45:32Z,2026-10-01,2026-10-01T17:45:32Z,2026-09-28,32663,CLE Browns,PIT Steelers,S2,Deshaun Watson|player_pass_completions|Under|18.5||Raheim Sanders|player_reception_yds|Under|11.5,Deshaun Watson,Raheim Sanders,CLE,CLE,RB,player_pass_completions,Under,18.5,0.5087,player_reception_yds,Under,11.5,0.5,COMPLETIONS__REC_YDS,,,0.25435,0.25435,[],,,,,False,no_dual_confirm_leg,lost,-5.0,2026-10-02T11:28:18Z
2026-10-01T17:45:32Z,2026-10-01,2026-10-01T17:45:32Z,2026-09-28,32663,CLE Browns,PIT Steelers,S2,Deshaun Watson|player_pass_tds|Over|0.5||Quinshon Judkins|player_receptions|Over|2.5,Deshaun Watson,Quinshon Judkins,CLE,CLE,RB,player_pass_tds,Over,0.5,0.6372,player_receptions,Over,2.5,0.3893,PASS_TD__RECEPTIONS,,0.041171907796889576,0.24806195999999997,0.24806195999999997,[],,,,,False,no_dual_confirm_leg,won,,2026-10-02T11:28:18Z
2026-10-01T17:45:32Z,2026-10-01,2026-10-01T17:45:32Z,2026-09-28,32663,CLE Browns,PIT Steelers,S2,Aaron Rodgers|player_pass_completions|Under|20.5||Germie Bernard|player_reception_yds|Under|9.5,Aaron Rodgers,Germie Bernard,PIT,PIT,WR,player_pass_completions,Under,20.5,0.5162,player_reception_yds,Under,9.5,0.48699999999999993,COMPLETIONS__REC_YDS,,,0.2513894,0.2513894,[],,,,,False,no_dual_confirm_leg,lost,-5.0,2026-10-02T11:28:18Z
2026-10-01T17:45:32Z,2026-10-01,2026-10-01T17:45:32Z,2026-09-28,32663,CLE Browns,PIT Steelers,S2,Deshaun Watson|player_pass_yds|Under|185.5||KC Concepcion|player_receptions|Under|3.5,Deshaun Watson,KC Concepcion,CLE,CLE,WR,player_pass_yds,Under,185.5,0.5,player_receptions,Under,3.5,0.4242,PASS_YDS__RECEPTIONS,B,0.23931098620281352,0.2121,0.2121,[],,,,,False,no_dual_confirm_leg,lost,-5.0,2026-10-02T11:28:18Z
2026-10-01T17:45:32Z,2026-10-01,2026-10-01T17:45:32Z,2026-09-28,32663,CLE Browns,PIT Steelers,S2,Denzel Boston|player_receptions|Under|2.5||Deshaun Watson|player_pass_yds|Under|185.5,Deshaun Watson,Denzel Boston,CLE,CLE,WR,player_pass_yds,Under,185.5,0.5,player_receptions,Under,2.5,0.42250000000000004,PASS_YDS__RECEPTIONS,B,0.23931098620281352,0.21125000000000002,0.21125000000000002,[],,,,,False,no_dual_confirm_leg,lost,-5.0,2026-10-02T11:28:18Z
2026-10-01T17:45:32Z,2026-10-01,2026-10-01T17:45:32Z,2026-09-28,32663,CLE Browns,PIT Steelers,S2,Aaron Rodgers|player_pass_completions|Over|20.5||Germie Bernard|player_reception_yds|Over|9.5,Aaron Rodgers,Germie Bernard,PIT,PIT,WR,player_pass_completions,Over,20.5,0.4838,player_reception_yds,Over,9.5,0.513,COMPLETIONS__REC_YDS,,,0.2481894,0.2481894,[],,,,,False,no_dual_confirm_leg,won,,2026-10-02T11:28:18Z
2026-10-01T17:45:32Z,2026-10-01,2026-10-01T17:45:32Z,2026-09-28,32663,CLE Browns,PIT Steelers,S2,Deshaun Watson|player_pass_attempts|Over|28.5||Quinshon Judkins|player_receptions|Over|2.5,Deshaun Watson,Quinshon Judkins,CLE,CLE,RB,player_pass_attempts,Over,28.5,0.5432,player_receptions,Over,2.5,0.3893,ATTEMPTS__RECEPTIONS,B,0.22452237672530106,0.21146776,0.21146776,[],,,,,False,no_dual_confirm_leg,won,,2026-10-02T11:28:18Z
2026-10-01T17:45:32Z,2026-10-01,2026-10-01T17:45:32Z,2026-09-28,32663,CLE Browns,PIT Steelers,S2,Denzel Boston|player_reception_yds|Over|37.5||Deshaun Watson|player_pass_completions|Over|18.5,Deshaun Watson,Denzel Boston,CLE,CLE,WR,player_pass_completions,Over,18.5,0.4913,player_reception_yds,Over,37.5,0.5,COMPLETIONS__REC_YDS,,,0.24565,0.24565,[],,,,,False,no_dual_confirm_leg,won,,2026-10-02T11:28:18Z
2026-10-01T17:45:32Z,2026-10-01,2026-10-01T17:45:32Z,2026-09-28,32663,CLE Browns,PIT Steelers,S2,Deshaun Watson|player_pass_completions|Over|18.5||Jerry Jeudy|player_reception_yds|Over|14.5,Deshaun Watson,Jerry Jeudy,CLE,CLE,WR,player_pass_completions,Over,18.5,0.4913,player_reception_yds,Over,14.5,0.5,COMPLETIONS__REC_YDS,,,0.24565,0.24565,[],,,,,False,no_dual_confirm_leg,won,,2026-10-02T11:28:18Z
2026-10-01T17:45:32Z,2026-10-01,2026-10-01T17:45:32Z,2026-09-28,32663,CLE Browns,PIT Steelers,S2,Deshaun Watson|player_pass_completions|Over|18.5||KC Concepcion|player_reception_yds|Over|35.5,Deshaun Watson,KC Concepcion,CLE,CLE,WR,player_pass_completions,Over,18.5,0.4913,player_reception_yds,Over,35.5,0.5,COMPLETIONS__REC_YDS,,,0.24565,0.24565,[],,,,,False,no_dual_confirm_leg,won,,2026-10-02T11:28:18Z
2026-10-01T17:45:32Z,2026-10-01,2026-10-01T17:45:32Z,2026-09-28,32663,CLE Browns,PIT Steelers,S2,Deshaun Watson|player_pass_completions|Over|18.5||Quinshon Judkins|player_reception_yds|Over|11.5,Deshaun Watson,Quinshon Judkins,CLE,CLE,RB,player_pass_completions,Over,18.5,0.4913,player_reception_yds,Over,11.5,0.5,COMPLETIONS__REC_YDS,,,0.24565,0.24565,[],,,,,False,no_dual_confirm_leg,won,,2026-10-02T11:28:18Z
2026-10-01T17:45:32Z,2026-10-01,2026-10-01T17:45:32Z,2026-09-28,32663,CLE Browns,PIT Steelers,S2,Deshaun Watson|player_pass_completions|Over|18.5||Raheim Sanders|player_reception_yds|Over|11.5,Deshaun Watson,Raheim Sanders,CLE,CLE,RB,player_pass_completions,Over,18.5,0.4913,player_reception_yds,Over,11.5,0.5,COMPLETIONS__REC_YDS,,,0.24565,0.24565,[],,,,,False,no_dual_confirm_leg,lost,-5.0,2026-10-02T11:28:18Z
2026-10-01T17:45:32Z,2026-10-01,2026-10-01T17:45:32Z,2026-09-28,32663,CLE Browns,PIT Steelers,S2,Aaron Rodgers|player_pass_completions|Over|20.5||Darnell Washington|player_reception_yds|Over|18.5,Aaron Rodgers,Darnell Washington,PIT,PIT,TE,player_pass_completions,Over,20.5,0.4838,player_reception_yds,Over,18.5,0.5,COMPLETIONS__REC_YDS,,,0.2419,0.2419,[],,,,,False,no_dual_confirm_leg,won,,2026-10-02T11:28:18Z
2026-10-01T17:45:32Z,2026-10-01,2026-10-01T17:45:32Z,2026-09-28,32663,CLE Browns,PIT Steelers,S2,Aaron Rodgers|player_pass_completions|Over|20.5||DK Metcalf|player_reception_yds|Over|45.5,Aaron Rodgers,DK Metcalf,PIT,PIT,WR,player_pass_completions,Over,20.5,0.4838,player_reception_yds,Over,45.5,0.5,COMPLETIONS__REC_YDS,,,0.2419,0.2419,[],,,,,False,no_dual_confirm_leg,won,,2026-10-02T11:28:18Z
2026-10-01T17:45:32Z,2026-10-01,2026-10-01T17:45:32Z,2026-09-28,32663,CLE Browns,PIT Steelers,S2,Aaron Rodgers|player_pass_completions|Over|20.5||Pat Freiermuth|player_reception_yds|Over|26.5,Aaron Rodgers,Pat Freiermuth,PIT,PIT,TE,player_pass_completions,Over,20.5,0.4838,player_reception_yds,Over,26.5,0.5,COMPLETIONS__REC_YDS,,,0.2419,0.2419,[],,,,,False,no_dual_confirm_leg,lost,-5.0,2026-10-02T11:28:18Z
2026-10-01T17:45:32Z,2026-10-01,2026-10-01T17:45:32Z,2026-09-28,32663,CLE Browns,PIT Steelers,S2,Aaron Rodgers|player_pass_completions|Under|20.5||Roman Wilson|player_reception_yds|Under|19.5,Aaron Rodgers,Roman Wilson,PIT,PIT,WR,player_pass_completions,Under,20.5,0.5162,player_reception_yds,Under,19.5,0.4658,COMPLETIONS__REC_YDS,,,0.24044596,0.24044596,[],,,,,False,no_dual_confirm_leg,lost,-5.0,2026-10-02T11:28:18Z
2026-10-01T17:45:32Z,2026-10-01,2026-10-01T17:45:32Z,2026-09-28,32663,CLE Browns,PIT Steelers,S2,Aaron Rodgers|player_pass_yds|Over|214.5||Roman Wilson|player_receptions|Over|2.5,Aaron Rodgers,Roman Wilson,PIT,PIT,WR,player_pass_yds,Over,214.5,0.4957,player_receptions,Over,2.5,0.40599999999999997,PASS_YDS__RECEPTIONS,B,0.23931098620281352,0.20125419999999997,0.20125419999999997,"[""kalshi""]",,,,,False,no_dual_confirm_leg,won,,2026-10-02T11:28:18Z
2026-10-01T17:45:32Z,2026-10-01,2026-10-01T17:45:32Z,2026-09-28,32663,CLE Browns,PIT Steelers,S2,Aaron Rodgers|player_pass_completions|Over|20.5||Jaylen Warren|player_reception_yds|Over|25.5,Aaron Rodgers,Jaylen Warren,PIT,PIT,RB,player_pass_completions,Over,20.5,0.4838,player_reception_yds,Over,25.5,0.4913,COMPLETIONS__REC_YDS,,,0.23769094000000002,0.23769094000000002,[],,,,,False,no_dual_confirm_leg,won,,2026-10-02T11:28:18Z
2026-10-01T17:45:32Z,2026-10-01,2026-10-01T17:45:32Z,2026-09-28,32663,CLE Browns,PIT Steelers,S2,Aaron Rodgers|player_pass_completions|Over|20.5||Pat Freiermuth|player_receptions|Over|3.5,Aaron Rodgers,Pat Freiermuth,PIT,PIT,TE,player_pass_completions,Over,20.5,0.4838,player_receptions,Over,3.5,0.40809999999999996,COMPLETIONS__RECEPTIONS,A,0.2567339180009476,0.19743877999999998,0.19743877999999998,[],,,,,False,no_dual_confirm_leg,lost,-5.0,2026-10-02T11:28:18Z
2026-10-01T17:45:32Z,2026-10-01,2026-10-01T17:45:32Z,2026-09-28,32663,CLE Browns,PIT Steelers,S2,Aaron Rodgers|player_pass_completions|Over|20.5||Roman Wilson|player_receptions|Over|2.5,Aaron Rodgers,Roman Wilson,PIT,PIT,WR,player_pass_completions,Over,20.5,0.4838,player_receptions,Over,2.5,0.40599999999999997,COMPLETIONS__RECEPTIONS,A,0.25803415231969434,0.19642279999999998,0.19642279999999998,"[""kalshi""]",,,,,False,no_dual_confirm_leg,won,,2026-10-02T11:28:18Z
2026-10-01T17:45:32Z,2026-10-01,2026-10-01T17:45:32Z,2026-09-28,32663,CLE Browns,PIT Steelers,S2,Deshaun Watson|player_pass_completions|Over|18.5||Quinshon Judkins|player_receptions|Over|2.5,Deshaun Watson,Quinshon Judkins,CLE,CLE,RB,player_pass_completions,Over,18.5,0.4913,player_receptions,Over,2.5,0.3893,COMPLETIONS__RECEPTIONS,A,0.2690810140451369,0.19126309,0.19126309,[],,,,,False,no_dual_confirm_leg,won,,2026-10-02T11:28:18Z
2026-10-01T17:45:32Z,2026-10-01,2026-10-01T17:45:32Z,2026-09-28,32663,CLE Browns,PIT Steelers,S2,Aaron Rodgers|player_pass_yds|Over|214.5||Pat Freiermuth|player_receptions|Over|3.5,Aaron Rodgers,Pat Freiermuth,PIT,PIT,TE,player_pass_yds,Over,214.5,0.4957,player_receptions,Over,3.5,0.40809999999999996,PASS_YDS__RECEPTIONS,,0.18000638158556048,0.20229516999999997,0.20229516999999997,[],,,,,False,no_dual_confirm_leg,lost,-5.0,2026-10-02T11:28:18Z
2026-10-01T17:45:32Z,2026-10-01,2026-10-01T17:45:32Z,2026-09-28,32663,CLE Browns,PIT Steelers,S2,Denzel Boston|player_reception_yds|Under|37.5||Deshaun Watson|player_pass_attempts|Under|28.5,Deshaun Watson,Denzel Boston,CLE,CLE,WR,player_pass_attempts,Under,28.5,0.4568,player_reception_yds,Under,37.5,0.5,ATTEMPTS__REC_YDS,,,0.2284,0.2284,[],,,,,False,no_dual_confirm_leg,lost,-5.0,2026-10-02T11:28:18Z
2026-10-01T17:45:32Z,2026-10-01,2026-10-01T17:45:32Z,2026-09-28,32663,CLE Browns,PIT Steelers,S2,Deshaun Watson|player_pass_attempts|Under|28.5||Jerry Jeudy|player_reception_yds|Under|14.5,Deshaun Watson,Jerry Jeudy,CLE,CLE,WR,player_pass_attempts,Under,28.5,0.4568,player_reception_yds,Under,14.5,0.5,ATTEMPTS__REC_YDS,,,0.2284,0.2284,[],,,,,False,no_dual_confirm_leg,lost,-5.0,2026-10-02T11:28:18Z
2026-10-01T17:45:32Z,2026-10-01,2026-10-01T17:45:32Z,2026-09-28,32663,CLE Browns,PIT Steelers,S2,Deshaun Watson|player_pass_attempts|Under|28.5||KC Concepcion|player_reception_yds|Under|35.5,Deshaun Watson,KC Concepcion,CLE,CLE,WR,player_pass_attempts,Under,28.5,0.4568,player_reception_yds,Under,35.5,0.5,ATTEMPTS__REC_YDS,,,0.2284,0.2284,[],,,,,False,no_dual_confirm_leg,lost,-5.0,2026-10-02T11:28:18Z
2026-10-01T17:45:32Z,2026-10-01,2026-10-01T17:45:32Z,2026-09-28,32663,CLE Browns,PIT Steelers,S2,Deshaun Watson|player_pass_attempts|Under|28.5||Quinshon Judkins|player_reception_yds|Under|11.5,Deshaun Watson,Quinshon Judkins,CLE,CLE,RB,player_pass_attempts,Under,28.5,0.4568,player_reception_yds,Under,11.5,0.5,ATTEMPTS__REC_YDS,,,0.2284,0.2284,[],,,,,False,no_dual_confirm_leg,lost,-5.0,2026-10-02T11:28:18Z
2026-10-01T17:45:32Z,2026-10-01,2026-10-01T17:45:32Z,2026-09-28,32663,CLE Browns,PIT Steelers,S2,Deshaun Watson|player_pass_attempts|Under|28.5||Raheim Sanders|player_reception_yds|Under|11.5,Deshaun Watson,Raheim Sanders,CLE,CLE,RB,player_pass_attempts,Under,28.5,0.4568,player_reception_yds,Under,11.5,0.5,ATTEMPTS__REC_YDS,,,0.2284,0.2284,[],,,,,False,no_dual_confirm_leg,lost,-5.0,2026-10-02T11:28:18Z
2026-10-01T17:45:32Z,2026-10-01,2026-10-01T17:45:32Z,2026-09-28,32663,CLE Browns,PIT Steelers,S2,Deshaun Watson|player_pass_tds|Under|0.5||Quinshon Judkins|player_receptions|Under|2.5,Deshaun Watson,Quinshon Judkins,CLE,CLE,RB,player_pass_tds,Under,0.5,0.3628,player_receptions,Under,2.5,0.6107,PASS_TD__RECEPTIONS,,0.041171907796889576,0.22156196,0.22156196,[],,,,,False,no_dual_confirm_leg,lost,-5.0,2026-10-02T11:28:18Z
2026-10-01T17:45:32Z,2026-10-01,2026-10-01T17:45:32Z,2026-09-28,32663,CLE Browns,PIT Steelers,S2,Deshaun Watson|player_pass_attempts|Under|28.5||KC Concepcion|player_receptions|Under|3.5,Deshaun Watson,KC Concepcion,CLE,CLE,WR,player_pass_attempts,Under,28.5,0.4568,player_receptions,Under,3.5,0.4242,ATTEMPTS__RECEPTIONS,B,0.21120634316686865,0.19377456,0.19377456,[],,,,,False,no_dual_confirm_leg,lost,-5.0,2026-10-02T11:28:18Z
2026-10-01T17:45:32Z,2026-10-01,2026-10-01T17:45:32Z,2026-09-28,32663,CLE Browns,PIT Steelers,S2,Aaron Rodgers|player_pass_tds|Over|1.5||DK Metcalf|player_receptions|Over|3.5,Aaron Rodgers,DK Metcalf,PIT,PIT,WR,player_pass_tds,Over,1.5,0.3845,player_receptions,Over,3.5,0.5472,PASS_TD__RECEPTIONS,,0.10402045169750898,0.2103984,0.2103984,[],,,,,False,no_dual_confirm_leg,won,,2026-10-02T11:28:18Z
2026-10-01T17:45:32Z,2026-10-01,2026-10-01T17:45:32Z,2026-09-28,32663,CLE Browns,PIT Steelers,S2,Denzel Boston|player_receptions|Under|2.5||Deshaun Watson|player_pass_attempts|Under|28.5,Deshaun Watson,Denzel Boston,CLE,CLE,WR,player_pass_attempts,Under,28.5,0.4568,player_receptions,Under,2.5,0.42250000000000004,ATTEMPTS__RECEPTIONS,B,0.21120634316686865,0.192998,0.192998,[],,,,,False,no_dual_confirm_leg,lost,-5.0,2026-10-02T11:28:18Z
2026-10-01T17:45:32Z,2026-10-01,2026-10-01T17:45:32Z,2026-09-28,32663,CLE Browns,PIT Steelers,S2,Deshaun Watson|player_pass_yds|Over|185.5||Quinshon Judkins|player_receptions|Over|2.5,Deshaun Watson,Quinshon Judkins,CLE,CLE,RB,player_pass_yds,Over,185.5,0.5,player_receptions,Over,2.5,0.3893,PASS_YDS__RECEPTIONS,,0.12297444982058212,0.19465,0.19465,[],,,,,False,no_dual_confirm_leg,won,,2026-10-02T11:28:18Z
2026-10-01T17:45:32Z,2026-10-01,2026-10-01T17:45:32Z,2026-09-28,32663,CLE Browns,PIT Steelers,S2,Aaron Rodgers|player_pass_tds|Over|1.5||Roman Wilson|player_reception_yds|Over|19.5,Aaron Rodgers,Roman Wilson,PIT,PIT,WR,player_pass_tds,Over,1.5,0.3845,player_reception_yds,Over,19.5,0.5342,PASS_TD__REC_YDS,,,0.2053999,0.2053999,[],,,,,False,no_dual_confirm_leg,won,,2026-10-02T11:28:18Z
2026-10-01T17:45:32Z,2026-10-01,2026-10-01T17:45:32Z,2026-09-28,32663,CLE Browns,PIT Steelers,S2,Aaron Rodgers|player_pass_tds|Over|1.5||Germie Bernard|player_reception_yds|Over|9.5,Aaron Rodgers,Germie Bernard,PIT,PIT,WR,player_pass_tds,Over,1.5,0.3845,player_reception_yds,Over,9.5,0.513,PASS_TD__REC_YDS,,,0.19724850000000002,0.19724850000000002,[],,,,,False,no_dual_confirm_leg,won,,2026-10-02T11:28:18Z
2026-10-01T17:45:32Z,2026-10-01,2026-10-01T17:45:32Z,2026-09-28,32663,CLE Browns,PIT Steelers,S2,Deshaun Watson|player_pass_tds|Under|0.5||Harold Fannin Jr.|player_receptions|Under|4.5,Deshaun Watson,Harold Fannin Jr.,CLE,CLE,TE,player_pass_tds,Under,0.5,0.3628,player_receptions,Under,4.5,0.5183,PASS_TD__RECEPTIONS,,0.056139228880222596,0.18803924,0.18803924,[],,,,,False,no_dual_confirm_leg,lost,-5.0,2026-10-02T11:28:18Z
2026-10-01T17:45:32Z,2026-10-01,2026-10-01T17:45:32Z,2026-09-28,32663,CLE Browns,PIT Steelers,S2,Aaron Rodgers|player_pass_tds|Over|1.5||Jaylen Warren|player_receptions|Over|3.5,Aaron Rodgers,Jaylen Warren,PIT,PIT,RB,player_pass_tds,Over,1.5,0.3845,player_receptions,Over,3.5,0.4892,PASS_TD__RECEPTIONS,,0.041171907796889576,0.18809740000000003,0.18809740000000003,[],,,,,False,no_dual_confirm_leg,lost,-5.0,2026-10-02T11:28:18Z
2026-10-01T17:45:32Z,2026-10-01,2026-10-01T17:45:32Z,2026-09-28,32663,CLE Browns,PIT Steelers,S2,Aaron Rodgers|player_pass_tds|Over|1.5||Darnell Washington|player_reception_yds|Over|18.5,Aaron Rodgers,Darnell Washington,PIT,PIT,TE,player_pass_tds,Over,1.5,0.3845,player_reception_yds,Over,18.5,0.5,PASS_TD__REC_YDS,,,0.19225,0.19225,[],,,,,False,no_dual_confirm_leg,won,,2026-10-02T11:28:18Z
2026-10-01T17:45:32Z,2026-10-01,2026-10-01T17:45:32Z,2026-09-28,32663,CLE Browns,PIT Steelers,S2,Aaron Rodgers|player_pass_tds|Over|1.5||DK Metcalf|player_reception_yds|Over|45.5,Aaron Rodgers,DK Metcalf,PIT,PIT,WR,player_pass_tds,Over,1.5,0.3845,player_reception_yds,Over,45.5,0.5,PASS_TD__REC_YDS,,,0.19225,0.19225,[],,,,,False,no_dual_confirm_leg,won,,2026-10-02T11:28:18Z
2026-10-01T17:45:32Z,2026-10-01,2026-10-01T17:45:32Z,2026-09-28,32663,CLE Browns,PIT Steelers,S2,Aaron Rodgers|player_pass_tds|Over|1.5||Pat Freiermuth|player_reception_yds|Over|26.5,Aaron Rodgers,Pat Freiermuth,PIT,PIT,TE,player_pass_tds,Over,1.5,0.3845,player_reception_yds,Over,26.5,0.5,PASS_TD__REC_YDS,,,0.19225,0.19225,[],,,,,False,no_dual_confirm_leg,lost,-5.0,2026-10-02T11:28:18Z
2026-10-01T17:45:32Z,2026-10-01,2026-10-01T17:45:32Z,2026-09-28,32663,CLE Browns,PIT Steelers,S2,Aaron Rodgers|player_pass_tds|Over|1.5||Jaylen Warren|player_reception_yds|Over|25.5,Aaron Rodgers,Jaylen Warren,PIT,PIT,RB,player_pass_tds,Over,1.5,0.3845,player_reception_yds,Over,25.5,0.4913,PASS_TD__REC_YDS,,,0.18890485,0.18890485,[],,,,,False,no_dual_confirm_leg,won,,2026-10-02T11:28:18Z
2026-10-01T17:45:32Z,2026-10-01,2026-10-01T17:45:32Z,2026-09-28,32663,CLE Browns,PIT Steelers,S2,Aaron Rodgers|player_pass_tds|Over|1.5||Michael Pittman Jr.|player_receptions|Over|3.5,Aaron Rodgers,Michael Pittman Jr.,PIT,PIT,WR,player_pass_tds,Over,1.5,0.3845,player_receptions,Over,3.5,0.45010000000000006,PASS_TD__RECEPTIONS,,0.10402045169750898,0.17306345000000004,0.17306345000000004,[],,,,,False,no_dual_confirm_leg,lost,-5.0,2026-10-02T11:28:18Z
2026-10-01T17:45:32Z,2026-10-01,2026-10-01T17:45:32Z,2026-09-28,32663,CLE Browns,PIT Steelers,S2,Denzel Boston|player_reception_yds|Under|37.5||Deshaun Watson|player_pass_tds|Under|0.5,Deshaun Watson,Denzel Boston,CLE,CLE,WR,player_pass_tds,Under,0.5,0.3628,player_reception_yds,Under,37.5,0.5,PASS_TD__REC_YDS,,,0.1814,0.1814,[],,,,,False,no_dual_confirm_leg,lost,-5.0,2026-10-02T11:28:18Z
2026-10-01T17:45:32Z,2026-10-01,2026-10-01T17:45:32Z,2026-09-28,32663,CLE Browns,PIT Steelers,S2,Deshaun Watson|player_pass_tds|Under|0.5||Jerry Jeudy|player_reception_yds|Under|14.5,Deshaun Watson,Jerry Jeudy,CLE,CLE,WR,player_pass_tds,Under,0.5,0.3628,player_reception_yds,Under,14.5,0.5,PASS_TD__REC_YDS,,,0.1814,0.1814,[],,,,,False,no_dual_confirm_leg,lost,-5.0,2026-10-02T11:28:18Z
2026-10-01T17:45:32Z,2026-10-01,2026-10-01T17:45:32Z,2026-09-28,32663,CLE Browns,PIT Steelers,S2,Deshaun Watson|player_pass_tds|Under|0.5||KC Concepcion|player_reception_yds|Under|35.5,Deshaun Watson,KC Concepcion,CLE,CLE,WR,player_pass_tds,Under,0.5,0.3628,player_reception_yds,Under,35.5,0.5,PASS_TD__REC_YDS,,,0.1814,0.1814,[],,,,,False,no_dual_confirm_leg,lost,-5.0,2026-10-02T11:28:18Z
2026-10-01T17:45:32Z,2026-10-01,2026-10-01T17:45:32Z,2026-09-28,32663,CLE Browns,PIT Steelers,S2,Deshaun Watson|player_pass_tds|Under|0.5||Quinshon Judkins|player_reception_yds|Under|11.5,Deshaun Watson,Quinshon Judkins,CLE,CLE,RB,player_pass_tds,Under,0.5,0.3628,player_reception_yds,Under,11.5,0.5,PASS_TD__REC_YDS,,,0.1814,0.1814,[],,,,,False,no_dual_confirm_leg,lost,-5.0,2026-10-02T11:28:18Z
2026-10-01T17:45:32Z,2026-10-01,2026-10-01T17:45:32Z,2026-09-28,32663,CLE Browns,PIT Steelers,S2,Deshaun Watson|player_pass_tds|Under|0.5||Raheim Sanders|player_reception_yds|Under|11.5,Deshaun Watson,Raheim Sanders,CLE,CLE,RB,player_pass_tds,Under,0.5,0.3628,player_reception_yds,Under,11.5,0.5,PASS_TD__REC_YDS,,,0.1814,0.1814,[],,,,,False,no_dual_confirm_leg,lost,-5.0,2026-10-02T11:28:18Z
2026-10-01T17:45:32Z,2026-10-01,2026-10-01T17:45:32Z,2026-09-28,32663,CLE Browns,PIT Steelers,S2,Aaron Rodgers|player_pass_tds|Over|1.5||Roman Wilson|player_receptions|Over|2.5,Aaron Rodgers,Roman Wilson,PIT,PIT,WR,player_pass_tds,Over,1.5,0.3845,player_receptions,Over,2.5,0.40599999999999997,PASS_TD__RECEPTIONS,,0.10402045169750898,0.156107,0.156107,"[""kalshi""]",,,,,False,no_dual_confirm_leg,won,,2026-10-02T11:28:18Z
2026-10-01T17:45:32Z,2026-10-01,2026-10-01T17:45:32Z,2026-09-28,32663,CLE Browns,PIT Steelers,S2,Deshaun Watson|player_pass_tds|Under|0.5||KC Concepcion|player_receptions|Under|3.5,Deshaun Watson,KC Concepcion,CLE,CLE,WR,player_pass_tds,Under,0.5,0.3628,player_receptions,Under,3.5,0.4242,PASS_TD__RECEPTIONS,,0.10402045169750898,0.15389976000000002,0.15389976000000002,[],,,,,False,no_dual_confirm_leg,lost,-5.0,2026-10-02T11:28:18Z
2026-10-01T17:45:32Z,2026-10-01,2026-10-01T17:45:32Z,2026-09-28,32663,CLE Browns,PIT Steelers,S2,Denzel Boston|player_receptions|Under|2.5||Deshaun Watson|player_pass_tds|Under|0.5,Deshaun Watson,Denzel Boston,CLE,CLE,WR,player_pass_tds,Under,0.5,0.3628,player_receptions,Under,2.5,0.42250000000000004,PASS_TD__RECEPTIONS,,0.10402045169750898,0.15328300000000003,0.15328300000000003,[],,,,,False,no_dual_confirm_leg,lost,-5.0,2026-10-02T11:28:18Z
2026-10-01T17:45:32Z,2026-10-01,2026-10-01T17:45:32Z,2026-09-28,32663,CLE Browns,PIT Steelers,S2,Aaron Rodgers|player_pass_tds|Over|1.5||Pat Freiermuth|player_receptions|Over|3.5,Aaron Rodgers,Pat Freiermuth,PIT,PIT,TE,player_pass_tds,Over,1.5,0.3845,player_receptions,Over,3.5,0.40809999999999996,PASS_TD__RECEPTIONS,,0.056139228880222596,0.15691444999999998,0.15691444999999998,[],,,,,False,no_dual_confirm_leg,lost,-5.0,2026-10-02T11:28:18Z
2026-10-01T17:45:32Z,2026-10-01,2026-10-01T17:45:32Z,2026-09-28,32663,CLE Browns,PIT Steelers,S3-A,Deshaun Watson|player_pass_completions|Under|18.5||Quinshon Judkins|player_receptions|Under|2.5,Deshaun Watson,Quinshon Judkins,CLE,CLE,RB,player_pass_completions,Under,18.5,0.5087,player_receptions,Under,2.5,0.6107,COMPLETIONS__RECEPTIONS,A,0.2690810140451369,0.31066309000000003,0.35232662122681097,[],,,,,False,no_dual_confirm_leg,lost,-5.0,2026-10-02T11:28:18Z
2026-10-01T17:45:32Z,2026-10-01,2026-10-01T17:45:32Z,2026-09-28,32663,CLE Browns,PIT Steelers,S3-A,Aaron Rodgers|player_pass_completions|Under|20.5||Roman Wilson|player_receptions|Under|2.5,Aaron Rodgers,Roman Wilson,PIT,PIT,WR,player_pass_completions,Under,20.5,0.5162,player_receptions,Under,2.5,0.594,COMPLETIONS__RECEPTIONS,A,0.25803415231969434,0.3066228,0.3469933623234422,[],draftkings,132,0.43103448275862066,-8.404112043517847,False,no_dual_confirm_leg,lost,-5.0,2026-10-02T11:28:18Z
2026-10-01T17:45:32Z,2026-10-01,2026-10-01T17:45:32Z,2026-09-28,32663,CLE Browns,PIT Steelers,S3-A,Denzel Boston|player_receptions|Over|2.5||Deshaun Watson|player_pass_attempts|Over|28.5,Deshaun Watson,Denzel Boston,CLE,CLE,WR,player_pass_attempts,Over,28.5,0.5432,player_receptions,Over,2.5,0.5775,ATTEMPTS__RECEPTIONS,B,0.21120634316686865,0.31369800000000003,0.3467948527907561,[],draftkings,150,0.4,-5.320514720924391,False,tier_b_not_allowed,won,7.5,2026-10-02T11:28:18Z
2026-10-01T17:45:32Z,2026-10-01,2026-10-01T17:45:32Z,2026-09-28,32663,CLE Browns,PIT Steelers,S3-A,Deshaun Watson|player_pass_attempts|Over|28.5||KC Concepcion|player_receptions|Over|3.5,Deshaun Watson,KC Concepcion,CLE,CLE,WR,player_pass_attempts,Over,28.5,0.5432,player_receptions,Over,3.5,0.5758,ATTEMPTS__RECEPTIONS,B,0.21120634316686865,0.31277456,0.3458979398273104,[],draftkings,138,0.42016806722689076,-7.427012739958039,False,tier_b_not_allowed,won,6.9,2026-10-02T11:28:18Z
2026-10-01T17:45:32Z,2026-10-01,2026-10-01T17:45:32Z,2026-09-28,32663,CLE Browns,PIT Steelers,S3-A,Aaron Rodgers|player_pass_completions|Under|20.5||Pat Freiermuth|player_receptions|Under|3.5,Aaron Rodgers,Pat Freiermuth,PIT,PIT,TE,player_pass_completions,Under,20.5,0.5162,player_receptions,Under,3.5,0.5919,COMPLETIONS__RECEPTIONS,A,0.2567339180009476,0.30553878,0.34575234716900294,[],draftkings,128,0.43859649122807015,-9.284414405906722,False,no_dual_confirm_leg,lost,-5.0,2026-10-02T11:28:18Z
2026-10-01T17:45:32Z,2026-10-01,2026-10-01T17:45:32Z,2026-09-28,32663,CLE Browns,PIT Steelers,S3-A,Aaron Rodgers|player_pass_yds|Under|214.5||Roman Wilson|player_receptions|Under|2.5,Aaron Rodgers,Roman Wilson,PIT,PIT,WR,player_pass_yds,Under,214.5,0.5043,player_receptions,Under,2.5,0.594,PASS_YDS__RECEPTIONS,B,0.23931098620281352,0.2995542,0.3369309147123789,[],fanduel,154,0.3937007874015748,-5.676987268919592,False,tier_b_not_allowed,lost,-5.0,2026-10-02T11:28:18Z
2026-10-01T17:45:32Z,2026-10-01,2026-10-01T17:45:32Z,2026-09-28,32663,CLE Browns,PIT Steelers,S3-A,Denzel Boston|player_receptions|Over|2.5||Deshaun Watson|player_pass_yds|Over|185.5,Deshaun Watson,Denzel Boston,CLE,CLE,WR,player_pass_yds,Over,185.5,0.5,player_receptions,Over,2.5,0.5775,PASS_YDS__RECEPTIONS,B,0.23931098620281352,0.28875,0.326468381856242,[],fanduel,145,0.40816326530612246,-8.169488344988046,False,tier_b_not_allowed,won,7.25,2026-10-02T11:28:18Z
2026-10-01T17:45:32Z,2026-10-01,2026-10-01T17:45:32Z,2026-09-28,32663,CLE Browns,PIT Steelers,S3-A,Deshaun Watson|player_pass_yds|Over|185.5||KC Concepcion|player_receptions|Over|3.5,Deshaun Watson,KC Concepcion,CLE,CLE,WR,player_pass_yds,Over,185.5,0.5,player_receptions,Over,3.5,0.5758,PASS_YDS__RECEPTIONS,B,0.23931098620281352,0.2879,0.3256506864850503,[],fanduel,149,0.40160642570281124,-7.5955739217760945,False,tier_b_not_allowed,won,7.45,2026-10-02T11:28:18Z
2026-10-01T17:45:32Z,2026-10-01,2026-10-01T17:45:32Z,2026-09-28,32663,CLE Browns,PIT Steelers,S3-A,Aaron Rodgers|player_pass_completions|Under|20.5||Michael Pittman Jr.|player_receptions|Under|3.5,Aaron Rodgers,Michael Pittman Jr.,PIT,PIT,WR,player_pass_completions,Under,20.5,0.5162,player_receptions,Under,3.5,0.5499,COMPLETIONS__RECEPTIONS,A,0.25803415231969434,0.28385838,0.32505622765319914,[],draftkings,140,0.4166666666666667,-9.161043901346755,False,no_dual_confirm_leg,lost,-5.0,2026-10-02T11:28:18Z
2026-10-01T17:45:32Z,2026-10-01,2026-10-01T17:45:32Z,2026-09-28,32663,CLE Browns,PIT Steelers,S3-A,Denzel Boston|player_receptions|Over|2.5||Deshaun Watson|player_pass_completions|Over|18.5,Deshaun Watson,Denzel Boston,CLE,CLE,WR,player_pass_completions,Over,18.5,0.4913,player_receptions,Over,2.5,0.5775,COMPLETIONS__RECEPTIONS,A,0.25803415231969434,0.28372575,0.3244254581848845,[],,,,,False,no_dual_confirm_leg,won,,2026-10-02T11:28:18Z
2026-10-01T17:45:32Z,2026-10-01,2026-10-01T17:45:32Z,2026-09-28,32663,CLE Browns,PIT Steelers,S3-A,Deshaun Watson|player_pass_completions|Over|18.5||KC Concepcion|player_receptions|Over|3.5,Deshaun Watson,KC Concepcion,CLE,CLE,WR,player_pass_completions,Over,18.5,0.4913,player_receptions,Over,3.5,0.5758,COMPLETIONS__RECEPTIONS,A,0.25803415231969434,0.28289054,0.3236257402848271,[],,,,,False,no_dual_confirm_leg,won,,2026-10-02T11:28:18Z
2026-10-01T17:45:32Z,2026-10-01,2026-10-01T17:45:32Z,2026-09-28,32663,CLE Browns,PIT Steelers,S3-A,Aaron Rodgers|player_pass_yds|Under|214.5||Michael Pittman Jr.|player_receptions|Under|3.5,Aaron Rodgers,Michael Pittman Jr.,PIT,PIT,WR,player_pass_yds,Under,214.5,0.5043,player_receptions,Under,3.5,0.5499,PASS_YDS__RECEPTIONS,B,0.23931098620281352,0.27731457000000004,0.3154722353863147,[],fanduel,162,0.3816793893129771,-6.620715392666243,False,tier_b_not_allowed,lost,-5.0,2026-10-02T11:28:18Z
2026-10-01T17:45:32Z,2026-10-01,2026-10-01T17:45:32Z,2026-09-28,32663,CLE Browns,PIT Steelers,S3-A,Aaron Rodgers|player_pass_yds|Over|214.5||Roman Wilson|player_reception_yds|Over|19.5,Aaron Rodgers,Roman Wilson,PIT,PIT,WR,player_pass_yds,Over,214.5,0.4957,player_reception_yds,Over,19.5,0.5342,PASS_YDS__REC_YDS,A,0.30424078103150837,0.26480294,0.31380719283630387,[],fanduel,186,0.34965034965034963,-3.5843156814045765,False,no_dual_confirm_leg,won,9.3,2026-10-02T11:28:18Z
2026-10-01T17:45:32Z,2026-10-01,2026-10-01T17:45:32Z,2026-09-28,32663,CLE Browns,PIT Steelers,S3-A,Deshaun Watson|player_pass_attempts|Under|28.5||Quinshon Judkins|player_receptions|Under|2.5,Deshaun Watson,Quinshon Judkins,CLE,CLE,RB,player_pass_attempts,Under,28.5,0.4568,player_receptions,Under,2.5,0.6107,ATTEMPTS__RECEPTIONS,B,0.22452237672530106,0.27896776,0.3132605475342911,[],draftkings,154,0.3937007874015748,-8.044023986728371,False,tier_b_not_allowed,lost,-5.0,2026-10-02T11:28:18Z
2026-10-01T17:45:32Z,2026-10-01,2026-10-01T17:45:32Z,2026-09-28,32663,CLE Browns,PIT Steelers,S3-A,Aaron Rodgers|player_pass_yds|Over|214.5||DK Metcalf|player_receptions|Over|3.5,Aaron Rodgers,DK Metcalf,PIT,PIT,WR,player_pass_yds,Over,214.5,0.4957,player_receptions,Over,3.5,0.5472,PASS_YDS__RECEPTIONS,B,0.23931098620281352,0.27124704,0.3094246571358446,[],,,,,False,tier_b_not_allowed,won,,2026-10-02T11:28:18Z
2026-10-01T17:45:32Z,2026-10-01,2026-10-01T17:45:32Z,2026-09-28,32663,CLE Browns,PIT Steelers,S3-A,Aaron Rodgers|player_pass_completions|Under|20.5||Jaylen Warren|player_receptions|Under|3.5,Aaron Rodgers,Jaylen Warren,PIT,PIT,RB,player_pass_completions,Under,20.5,0.5162,player_receptions,Under,3.5,0.5108,COMPLETIONS__RECEPTIONS,A,0.2690810140451369,0.26367496,0.30698868426430076,[],,,,,False,no_dual_confirm_leg,lost,-5.0,2026-10-02T11:28:18Z
2026-10-01T17:45:32Z,2026-10-01,2026-10-01T17:45:32Z,2026-09-28,32663,CLE Browns,PIT Steelers,S3-A,Aaron Rodgers|player_pass_completions|Over|20.5||DK Metcalf|player_receptions|Over|3.5,Aaron Rodgers,DK Metcalf,PIT,PIT,WR,player_pass_completions,Over,20.5,0.4838,player_receptions,Over,3.5,0.5472,COMPLETIONS__RECEPTIONS,A,0.25803415231969434,0.26473536000000003,0.3059134489877902,[],,,,,False,no_dual_confirm_leg,won,,2026-10-02T11:28:18Z
2026-10-01T17:45:32Z,2026-10-01,2026-10-01T17:45:32Z,2026-09-28,32663,CLE Browns,PIT Steelers,S3-A,Deshaun Watson|player_pass_completions|Under|18.5||Harold Fannin Jr.|player_receptions|Under|4.5,Deshaun Watson,Harold Fannin Jr.,CLE,CLE,TE,player_pass_completions,Under,18.5,0.5087,player_receptions,Under,4.5,0.5183,COMPLETIONS__RECEPTIONS,A,0.2567339180009476,0.26365921000000003,0.30493340319649576,[],,,,,False,no_dual_confirm_leg,lost,-5.0,2026-10-02T11:28:18Z
2026-10-01T17:45:32Z,2026-10-01,2026-10-01T17:45:32Z,2026-09-28,32663,CLE Browns,PIT Steelers,S3-A,Aaron Rodgers|player_pass_yds|Over|214.5||Germie Bernard|player_reception_yds|Over|9.5,Aaron Rodgers,Germie Bernard,PIT,PIT,WR,player_pass_yds,Over,214.5,0.4957,player_reception_yds,Over,9.5,0.513,PASS_YDS__REC_YDS,A,0.30424078103150837,0.25429409999999997,0.3034627541019096,[],,,,,False,no_dual_confirm_leg,won,,2026-10-02T11:28:18Z
2026-10-01T17:45:32Z,2026-10-01,2026-10-01T17:45:32Z,2026-09-28,32663,CLE Browns,PIT Steelers,S3-A,Aaron Rodgers|player_pass_yds|Under|214.5||DK Metcalf|player_reception_yds|Under|45.5,Aaron Rodgers,DK Metcalf,PIT,PIT,WR,player_pass_yds,Under,214.5,0.5043,player_reception_yds,Under,45.5,0.5,PASS_YDS__REC_YDS,A,0.30424078103150837,0.25215,0.3013484233547537,[],,,,,False,no_dual_confirm_leg,lost,-5.0,2026-10-02T11:28:18Z
2026-10-01T17:45:32Z,2026-10-01,2026-10-01T17:45:32Z,2026-09-28,32663,CLE Browns,PIT Steelers,S3-A,Denzel Boston|player_reception_yds|Over|37.5||Deshaun Watson|player_pass_yds|Over|185.5,Deshaun Watson,Denzel Boston,CLE,CLE,WR,player_pass_yds,Over,185.5,0.5,player_reception_yds,Over,37.5,0.5,PASS_YDS__REC_YDS,A,0.30424078103150837,0.25,0.29920137580175776,[],,,,,False,no_dual_confirm_leg,won,,2026-10-02T11:28:18Z
2026-10-01T17:45:32Z,2026-10-01,2026-10-01T17:45:32Z,2026-09-28,32663,CLE Browns,PIT Steelers,S3-A,Deshaun Watson|player_pass_yds|Over|185.5||Jerry Jeudy|player_reception_yds|Over|14.5,Deshaun Watson,Jerry Jeudy,CLE,CLE,WR,player_pass_yds,Over,185.5,0.5,player_reception_yds,Over,14.5,0.5,PASS_YDS__REC_YDS,A,0.30424078103150837,0.25,0.29920137580175776,[],,,,,False,no_dual_confirm_leg,won,,2026-10-02T11:28:18Z
2026-10-01T17:45:32Z,2026-10-01,2026-10-01T17:45:32Z,2026-09-28,32663,CLE Browns,PIT Steelers,S3-A,Deshaun Watson|player_pass_yds|Over|185.5||KC Concepcion|player_reception_yds|Over|35.5,Deshaun Watson,KC Concepcion,CLE,CLE,WR,player_pass_yds,Over,185.5,0.5,player_reception_yds,Over,35.5,0.5,PASS_YDS__REC_YDS,A,0.30424078103150837,0.25,0.29920137580175776,[],,,,,False,no_dual_confirm_leg,won,,2026-10-02T11:28:18Z
2026-10-01T17:45:32Z,2026-10-01,2026-10-01T17:45:32Z,2026-09-28,32663,CLE Browns,PIT Steelers,S3-A,Denzel Boston|player_reception_yds|Under|37.5||Deshaun Watson|player_pass_yds|Under|185.5,Deshaun Watson,Denzel Boston,CLE,CLE,WR,player_pass_yds,Under,185.5,0.5,player_reception_yds,Under,37.5,0.5,PASS_YDS__REC_YDS,A,0.30424078103150837,0.25,0.29920137580175776,[],,,,,False,no_dual_confirm_leg,lost,-5.0,2026-10-02T11:28:18Z
2026-10-01T17:45:32Z,2026-10-01,2026-10-01T17:45:32Z,2026-09-28,32663,CLE Browns,PIT Steelers,S3-A,Deshaun Watson|player_pass_yds|Under|185.5||Jerry Jeudy|player_reception_yds|Under|14.5,Deshaun Watson,Jerry Jeudy,CLE,CLE,WR,player_pass_yds,Under,185.5,0.5,player_reception_yds,Under,14.5,0.5,PASS_YDS__REC_YDS,A,0.30424078103150837,0.25,0.29920137580175776,[],,,,,False,no_dual_confirm_leg,lost,-5.0,2026-10-02T11:28:18Z
2026-10-01T17:45:32Z,2026-10-01,2026-10-01T17:45:32Z,2026-09-28,32663,CLE Browns,PIT Steelers,S3-A,Deshaun Watson|player_pass_yds|Under|185.5||KC Concepcion|player_reception_yds|Under|35.5,Deshaun Watson,KC Concepcion,CLE,CLE,WR,player_pass_yds,Under,185.5,0.5,player_reception_yds,Under,35.5,0.5,PASS_YDS__REC_YDS,A,0.30424078103150837,0.25,0.29920137580175776,[],,,,,False,no_dual_confirm_leg,lost,-5.0,2026-10-02T11:28:18Z
2026-10-01T17:45:32Z,2026-10-01,2026-10-01T17:45:32Z,2026-09-28,32663,CLE Browns,PIT Steelers,S3-A,Aaron Rodgers|player_pass_yds|Over|214.5||DK Metcalf|player_reception_yds|Over|45.5,Aaron Rodgers,DK Metcalf,PIT,PIT,WR,player_pass_yds,Over,214.5,0.4957,player_reception_yds,Over,45.5,0.5,PASS_YDS__REC_YDS,A,0.30424078103150837,0.24785,0.29704842284225186,[],,,,,False,no_dual_confirm_leg,won,,2026-10-02T11:28:18Z
2026-10-01T17:45:32Z,2026-10-01,2026-10-01T17:45:32Z,2026-09-28,32663,CLE Browns,PIT Steelers,S3-A,Deshaun Watson|player_pass_attempts|Over|28.5||Harold Fannin Jr.|player_receptions|Over|4.5,Deshaun Watson,Harold Fannin Jr.,CLE,CLE,TE,player_pass_attempts,Over,28.5,0.5432,player_receptions,Over,4.5,0.4817,ATTEMPTS__RECEPTIONS,B,0.21340393661583412,0.26165944,0.2956280385858605,[],,,,,False,tier_b_not_allowed,lost,-5.0,2026-10-02T11:28:18Z
2026-10-01T17:45:32Z,2026-10-01,2026-10-01T17:45:32Z,2026-09-28,32663,CLE Browns,PIT Steelers,S3-A,Aaron Rodgers|player_pass_yds|Under|214.5||Germie Bernard|player_reception_yds|Under|9.5,Aaron Rodgers,Germie Bernard,PIT,PIT,WR,player_pass_yds,Under,214.5,0.5043,player_reception_yds,Under,9.5,0.48699999999999993,PASS_YDS__REC_YDS,A,0.30424078103150837,0.24559409999999995,0.29476275460061585,[],,,,,False,no_dual_confirm_leg,lost,-5.0,2026-10-02T11:28:18Z
2026-10-01T17:45:32Z,2026-10-01,2026-10-01T17:45:32Z,2026-09-28,32663,CLE Browns,PIT Steelers,S3-A,Aaron Rodgers|player_pass_yds|Under|214.5||Darnell Washington|player_reception_yds|Under|18.5,Aaron Rodgers,Darnell Washington,PIT,PIT,TE,player_pass_yds,Under,214.5,0.5043,player_reception_yds,Under,18.5,0.5,PASS_YDS__REC_YDS,B,0.21889110444728782,0.25215,0.2872699039062472,[],,,,,False,tier_b_not_allowed,lost,-5.0,2026-10-02T11:28:18Z
2026-10-01T17:45:32Z,2026-10-01,2026-10-01T17:45:32Z,2026-09-28,32663,CLE Browns,PIT Steelers,S3-A,Aaron Rodgers|player_pass_yds|Under|214.5||Pat Freiermuth|player_reception_yds|Under|26.5,Aaron Rodgers,Pat Freiermuth,PIT,PIT,TE,player_pass_yds,Under,214.5,0.5043,player_reception_yds,Under,26.5,0.5,PASS_YDS__REC_YDS,B,0.21889110444728782,0.25215,0.2872699039062472,[],,,,,False,tier_b_not_allowed,lost,-5.0,2026-10-02T11:28:18Z
2026-10-01T17:45:32Z,2026-10-01,2026-10-01T17:45:32Z,2026-09-28,32663,CLE Browns,PIT Steelers,S3-A,Aaron Rodgers|player_pass_yds|Under|214.5||Jaylen Warren|player_reception_yds|Under|25.5,Aaron Rodgers,Jaylen Warren,PIT,PIT,RB,player_pass_yds,Under,214.5,0.5043,player_reception_yds,Under,25.5,0.5087,PASS_YDS__REC_YDS,B,0.18128977168956806,0.25653741,0.28554295839060106,[],,,,,False,tier_b_not_allowed,lost,-5.0,2026-10-02T11:28:18Z
2026-10-01T17:45:32Z,2026-10-01,2026-10-01T17:45:32Z,2026-09-28,32663,CLE Browns,PIT Steelers,S3-A,Aaron Rodgers|player_pass_yds|Under|214.5||Roman Wilson|player_reception_yds|Under|19.5,Aaron Rodgers,Roman Wilson,PIT,PIT,WR,player_pass_yds,Under,214.5,0.5043,player_reception_yds,Under,19.5,0.4658,PASS_YDS__REC_YDS,A,0.30424078103150837,0.23490293999999998,0.28390719332660413,[],,,,,False,no_dual_confirm_leg,lost,-5.0,2026-10-02T11:28:18Z
2026-10-01T17:45:32Z,2026-10-01,2026-10-01T17:45:32Z,2026-09-28,32663,CLE Browns,PIT Steelers,S3-A,Aaron Rodgers|player_pass_yds|Over|214.5||Darnell Washington|player_reception_yds|Over|18.5,Aaron Rodgers,Darnell Washington,PIT,PIT,TE,player_pass_yds,Over,214.5,0.4957,player_reception_yds,Over,18.5,0.5,PASS_YDS__REC_YDS,B,0.21889110444728782,0.24785,0.2829699034120366,[],,,,,False,tier_b_not_allowed,won,,2026-10-02T11:28:18Z
2026-10-01T17:45:32Z,2026-10-01,2026-10-01T17:45:32Z,2026-09-28,32663,CLE Browns,PIT Steelers,S3-A,Aaron Rodgers|player_pass_yds|Over|214.5||Pat Freiermuth|player_reception_yds|Over|26.5,Aaron Rodgers,Pat Freiermuth,PIT,PIT,TE,player_pass_yds,Over,214.5,0.4957,player_reception_yds,Over,26.5,0.5,PASS_YDS__REC_YDS,B,0.21889110444728782,0.24785,0.2829699034120366,[],,,,,False,tier_b_not_allowed,lost,-5.0,2026-10-02T11:28:18Z
2026-10-01T17:45:32Z,2026-10-01,2026-10-01T17:45:32Z,2026-09-28,32663,CLE Browns,PIT Steelers,S3-A,Aaron Rodgers|player_pass_completions|Over|20.5||Jaylen Warren|player_receptions|Over|3.5,Aaron Rodgers,Jaylen Warren,PIT,PIT,RB,player_pass_completions,Over,20.5,0.4838,player_receptions,Over,3.5,0.4892,COMPLETIONS__RECEPTIONS,A,0.2690810140451369,0.23667496000000002,0.27998868235441393,[],,,,,False,no_dual_confirm_leg,lost,-5.0,2026-10-02T11:28:18Z
2026-10-01T17:45:32Z,2026-10-01,2026-10-01T17:45:32Z,2026-09-28,32663,CLE Browns,PIT Steelers,S3-A,Deshaun Watson|player_pass_yds|Over|185.5||Quinshon Judkins|player_reception_yds|Over|11.5,Deshaun Watson,Quinshon Judkins,CLE,CLE,RB,player_pass_yds,Over,185.5,0.5,player_reception_yds,Over,11.5,0.5,PASS_YDS__REC_YDS,B,0.18128977168956806,0.25,0.2790135985693774,[],,,,,False,tier_b_not_allowed,won,,2026-10-02T11:28:18Z
2026-10-01T17:45:32Z,2026-10-01,2026-10-01T17:45:32Z,2026-09-28,32663,CLE Browns,PIT Steelers,S3-A,Deshaun Watson|player_pass_yds|Over|185.5||Raheim Sanders|player_reception_yds|Over|11.5,Deshaun Watson,Raheim Sanders,CLE,CLE,RB,player_pass_yds,Over,185.5,0.5,player_reception_yds,Over,11.5,0.5,PASS_YDS__REC_YDS,B,0.18128977168956806,0.25,0.2790135985693774,[],,,,,False,tier_b_not_allowed,lost,-5.0,2026-10-02T11:28:18Z
2026-10-01T17:45:32Z,2026-10-01,2026-10-01T17:45:32Z,2026-09-28,32663,CLE Browns,PIT Steelers,S3-A,Deshaun Watson|player_pass_yds|Under|185.5||Quinshon Judkins|player_reception_yds|Under|11.5,Deshaun Watson,Quinshon Judkins,CLE,CLE,RB,player_pass_yds,Under,185.5,0.5,player_reception_yds,Under,11.5,0.5,PASS_YDS__REC_YDS,B,0.18128977168956806,0.25,0.2790135985693774,[],,,,,False,tier_b_not_allowed,lost,-5.0,2026-10-02T11:28:18Z
2026-10-01T17:45:32Z,2026-10-01,2026-10-01T17:45:32Z,2026-09-28,32663,CLE Browns,PIT Steelers,S3-A,Deshaun Watson|player_pass_yds|Under|185.5||Raheim Sanders|player_reception_yds|Under|11.5,Deshaun Watson,Raheim Sanders,CLE,CLE,RB,player_pass_yds,Under,185.5,0.5,player_reception_yds,Under,11.5,0.5,PASS_YDS__REC_YDS,B,0.18128977168956806,0.25,0.2790135985693774,[],,,,,False,tier_b_not_allowed,lost,-5.0,2026-10-02T11:28:18Z
2026-10-01T17:45:32Z,2026-10-01,2026-10-01T17:45:32Z,2026-09-28,32663,CLE Browns,PIT Steelers,S3-A,Deshaun Watson|player_pass_completions|Over|18.5||Harold Fannin Jr.|player_receptions|Over|4.5,Deshaun Watson,Harold Fannin Jr.,CLE,CLE,TE,player_pass_completions,Over,18.5,0.4913,player_receptions,Over,4.5,0.4817,COMPLETIONS__RECEPTIONS,A,0.2567339180009476,0.23665921,0.2779334021629809,[],,,,,False,no_dual_confirm_leg,lost,-5.0,2026-10-02T11:28:18Z
2026-10-01T17:45:32Z,2026-10-01,2026-10-01T17:45:32Z,2026-09-28,32663,CLE Browns,PIT Steelers,S3-A,Aaron Rodgers|player_pass_completions|Under|20.5||DK Metcalf|player_receptions|Under|3.5,Aaron Rodgers,DK Metcalf,PIT,PIT,WR,player_pass_completions,Under,20.5,0.5162,player_receptions,Under,3.5,0.45280000000000004,COMPLETIONS__RECEPTIONS,A,0.25803415231969434,0.23373536,0.2749134508590367,[],,,,,False,no_dual_confirm_leg,lost,-5.0,2026-10-02T11:28:18Z
2026-10-01T17:45:32Z,2026-10-01,2026-10-01T17:45:32Z,2026-09-28,32663,CLE Browns,PIT Steelers,S3-A,Aaron Rodgers|player_pass_yds|Over|214.5||Jaylen Warren|player_reception_yds|Over|25.5,Aaron Rodgers,Jaylen Warren,PIT,PIT,RB,player_pass_yds,Over,214.5,0.4957,player_reception_yds,Over,25.5,0.4913,PASS_YDS__REC_YDS,B,0.18128977168956806,0.24353740999999998,0.2725429578942951,[],,,,,False,tier_b_not_allowed,won,,2026-10-02T11:28:18Z
2026-10-01T17:45:32Z,2026-10-01,2026-10-01T17:45:32Z,2026-09-28,32663,CLE Browns,PIT Steelers,S3-A,Deshaun Watson|player_pass_attempts|Under|28.5||Harold Fannin Jr.|player_receptions|Under|4.5,Deshaun Watson,Harold Fannin Jr.,CLE,CLE,TE,player_pass_attempts,Under,28.5,0.4568,player_receptions,Under,4.5,0.5183,ATTEMPTS__RECEPTIONS,B,0.21340393661583412,0.23675944,0.27072803373324644,[],,,,,False,tier_b_not_allowed,lost,-5.0,2026-10-02T11:28:18Z
2026-10-01T17:45:32Z,2026-10-01,2026-10-01T17:45:32Z,2026-09-28,32663,CLE Browns,PIT Steelers,S3-A,Aaron Rodgers|player_pass_yds|Under|214.5||DK Metcalf|player_receptions|Under|3.5,Aaron Rodgers,DK Metcalf,PIT,PIT,WR,player_pass_yds,Under,214.5,0.5043,player_receptions,Under,3.5,0.45280000000000004,PASS_YDS__RECEPTIONS,B,0.23931098620281352,0.22834704,0.2665246576215942,[],,,,,False,tier_b_not_allowed,lost,-5.0,2026-10-02T11:28:18Z
2026-10-01T17:45:32Z,2026-10-01,2026-10-01T17:45:32Z,2026-09-28,32663,CLE Browns,PIT Steelers,S3-A,Aaron Rodgers|player_pass_yds|Over|214.5||Michael Pittman Jr.|player_receptions|Over|3.5,Aaron Rodgers,Michael Pittman Jr.,PIT,PIT,WR,player_pass_yds,Over,214.5,0.4957,player_receptions,Over,3.5,0.45010000000000006,PASS_YDS__RECEPTIONS,B,0.23931098620281352,0.22311457,0.2612722348795633,[],,,,,False,tier_b_not_allowed,lost,-5.0,2026-10-02T11:28:18Z
2026-10-01T17:45:32Z,2026-10-01,2026-10-01T17:45:32Z,2026-09-28,32663,CLE Browns,PIT Steelers,S3-A,Aaron Rodgers|player_pass_completions|Over|20.5||Michael Pittman Jr.|player_receptions|Over|3.5,Aaron Rodgers,Michael Pittman Jr.,PIT,PIT,WR,player_pass_completions,Over,20.5,0.4838,player_receptions,Over,3.5,0.45010000000000006,COMPLETIONS__RECEPTIONS,A,0.25803415231969434,0.21775838000000003,0.25895622575371446,[],,,,,False,no_dual_confirm_leg,lost,-5.0,2026-10-02T11:28:18Z
2026-10-01T17:45:32Z,2026-10-01,2026-10-01T17:45:32Z,2026-09-28,32663,CLE Browns,PIT Steelers,S3-A,Deshaun Watson|player_pass_completions|Under|18.5||KC Concepcion|player_receptions|Under|3.5,Deshaun Watson,KC Concepcion,CLE,CLE,WR,player_pass_completions,Under,18.5,0.5087,player_receptions,Under,3.5,0.4242,COMPLETIONS__RECEPTIONS,A,0.25803415231969434,0.21579054000000003,0.25652574134422995,[],,,,,False,no_dual_confirm_leg,lost,-5.0,2026-10-02T11:28:18Z
2026-10-01T17:45:32Z,2026-10-01,2026-10-01T17:45:32Z,2026-09-28,32663,CLE Browns,PIT Steelers,S3-A,Denzel Boston|player_receptions|Under|2.5||Deshaun Watson|player_pass_completions|Under|18.5,Deshaun Watson,Denzel Boston,CLE,CLE,WR,player_pass_completions,Under,18.5,0.5087,player_receptions,Under,2.5,0.42250000000000004,COMPLETIONS__RECEPTIONS,A,0.25803415231969434,0.21492575000000003,0.2556254592486635,[],,,,,False,no_dual_confirm_leg,lost,-5.0,2026-10-02T11:28:18Z
2026-10-01T17:45:32Z,2026-10-01,2026-10-01T17:45:32Z,2026-09-28,32663,CLE Browns,PIT Steelers,S3-A,Deshaun Watson|player_pass_yds|Under|185.5||KC Concepcion|player_receptions|Under|3.5,Deshaun Watson,KC Concepcion,CLE,CLE,WR,player_pass_yds,Under,185.5,0.5,player_receptions,Under,3.5,0.4242,PASS_YDS__RECEPTIONS,B,0.23931098620281352,0.2121,0.24985068653239786,[],,,,,False,tier_b_not_allowed,lost,-5.0,2026-10-02T11:28:18Z
2026-10-01T17:45:32Z,2026-10-01,2026-10-01T17:45:32Z,2026-09-28,32663,CLE Browns,PIT Steelers,S3-A,Denzel Boston|player_receptions|Under|2.5||Deshaun Watson|player_pass_yds|Under|185.5,Deshaun Watson,Denzel Boston,CLE,CLE,WR,player_pass_yds,Under,185.5,0.5,player_receptions,Under,2.5,0.42250000000000004,PASS_YDS__RECEPTIONS,B,0.23931098620281352,0.21125000000000002,0.24896838190809664,[],,,,,False,tier_b_not_allowed,lost,-5.0,2026-10-02T11:28:18Z
2026-10-01T17:45:32Z,2026-10-01,2026-10-01T17:45:32Z,2026-09-28,32663,CLE Browns,PIT Steelers,S3-A,Deshaun Watson|player_pass_attempts|Over|28.5||Quinshon Judkins|player_receptions|Over|2.5,Deshaun Watson,Quinshon Judkins,CLE,CLE,RB,player_pass_attempts,Over,28.5,0.5432,player_receptions,Over,2.5,0.3893,ATTEMPTS__RECEPTIONS,B,0.22452237672530106,0.21146776,0.24576055248054976,[],,,,,False,tier_b_not_allowed,won,,2026-10-02T11:28:18Z
2026-10-01T17:45:32Z,2026-10-01,2026-10-01T17:45:32Z,2026-09-28,32663,CLE Browns,PIT Steelers,S3-A,Aaron Rodgers|player_pass_yds|Over|214.5||Roman Wilson|player_receptions|Over|2.5,Aaron Rodgers,Roman Wilson,PIT,PIT,WR,player_pass_yds,Over,214.5,0.4957,player_receptions,Over,2.5,0.40599999999999997,PASS_YDS__RECEPTIONS,B,0.23931098620281352,0.20125419999999997,0.23863091430884342,"[""kalshi""]",,,,,False,tier_b_not_allowed,won,,2026-10-02T11:28:18Z
2026-10-01T17:45:32Z,2026-10-01,2026-10-01T17:45:32Z,2026-09-28,32663,CLE Browns,PIT Steelers,S3-A,Aaron Rodgers|player_pass_completions|Over|20.5||Pat Freiermuth|player_receptions|Over|3.5,Aaron Rodgers,Pat Freiermuth,PIT,PIT,TE,player_pass_completions,Over,20.5,0.4838,player_receptions,Over,3.5,0.40809999999999996,COMPLETIONS__RECEPTIONS,A,0.2567339180009476,0.19743877999999998,0.2376523453685644,[],,,,,False,no_dual_confirm_leg,lost,-5.0,2026-10-02T11:28:18Z
2026-10-01T17:45:32Z,2026-10-01,2026-10-01T17:45:32Z,2026-09-28,32663,CLE Browns,PIT Steelers,S3-A,Aaron Rodgers|player_pass_completions|Over|20.5||Roman Wilson|player_receptions|Over|2.5,Aaron Rodgers,Roman Wilson,PIT,PIT,WR,player_pass_completions,Over,20.5,0.4838,player_receptions,Over,2.5,0.40599999999999997,COMPLETIONS__RECEPTIONS,A,0.25803415231969434,0.19642279999999998,0.23679336052697456,"[""kalshi""]",,,,,False,no_dual_confirm_leg,won,,2026-10-02T11:28:18Z
2026-10-01T17:45:32Z,2026-10-01,2026-10-01T17:45:32Z,2026-09-28,32663,CLE Browns,PIT Steelers,S3-A,Deshaun Watson|player_pass_completions|Over|18.5||Quinshon Judkins|player_receptions|Over|2.5,Deshaun Watson,Quinshon Judkins,CLE,CLE,RB,player_pass_completions,Over,18.5,0.4913,player_receptions,Over,2.5,0.3893,COMPLETIONS__RECEPTIONS,A,0.2690810140451369,0.19126309,0.23292662032963926,[],,,,,False,no_dual_confirm_leg,won,,2026-10-02T11:28:18Z
2026-10-01T17:45:32Z,2026-10-01,2026-10-01T17:45:32Z,2026-09-28,32663,CLE Browns,PIT Steelers,S3-A,Deshaun Watson|player_pass_attempts|Under|28.5||KC Concepcion|player_receptions|Under|3.5,Deshaun Watson,KC Concepcion,CLE,CLE,WR,player_pass_attempts,Under,28.5,0.4568,player_receptions,Under,3.5,0.4242,ATTEMPTS__RECEPTIONS,B,0.21120634316686865,0.19377456,0.22689793496431968,[],,,,,False,tier_b_not_allowed,lost,-5.0,2026-10-02T11:28:18Z
2026-10-01T17:45:32Z,2026-10-01,2026-10-01T17:45:32Z,2026-09-28,32663,CLE Browns,PIT Steelers,S3-A,Denzel Boston|player_receptions|Under|2.5||Deshaun Watson|player_pass_attempts|Under|28.5,Deshaun Watson,Denzel Boston,CLE,CLE,WR,player_pass_attempts,Under,28.5,0.4568,player_receptions,Under,2.5,0.42250000000000004,ATTEMPTS__RECEPTIONS,B,0.21120634316686865,0.192998,0.226094847931692,[],,,,,False,tier_b_not_allowed,lost,-5.0,2026-10-02T11:28:18Z
2026-10-01T17:45:32Z,2026-10-01,2026-10-01T17:45:32Z,2026-09-28,32663,CLE Browns,PIT Steelers,S3-B,Deshaun Watson|player_pass_completions|Under|18.5||Quinshon Judkins|player_receptions|Under|2.5,Deshaun Watson,Quinshon Judkins,CLE,CLE,RB,player_pass_completions,Under,18.5,0.5087,player_receptions,Under,2.5,0.6107,COMPLETIONS__RECEPTIONS,A,0.2690810140451369,0.31066309000000003,0.35232662122681097,[],,,,,False,no_dual_confirm_leg,lost,-5.0,2026-10-02T11:28:18Z
2026-10-01T17:45:32Z,2026-10-01,2026-10-01T17:45:32Z,2026-09-28,32663,CLE Browns,PIT Steelers,S3-B,Aaron Rodgers|player_pass_completions|Under|20.5||Roman Wilson|player_receptions|Under|2.5,Aaron Rodgers,Roman Wilson,PIT,PIT,WR,player_pass_completions,Under,20.5,0.5162,player_receptions,Under,2.5,0.594,COMPLETIONS__RECEPTIONS,A,0.25803415231969434,0.3066228,0.3469933623234422,[],draftkings,132,0.43103448275862066,-8.404112043517847,False,no_dual_confirm_leg,lost,-5.0,2026-10-02T11:28:18Z
2026-10-01T17:45:32Z,2026-10-01,2026-10-01T17:45:32Z,2026-09-28,32663,CLE Browns,PIT Steelers,S3-B,Denzel Boston|player_receptions|Over|2.5||Deshaun Watson|player_pass_attempts|Over|28.5,Deshaun Watson,Denzel Boston,CLE,CLE,WR,player_pass_attempts,Over,28.5,0.5432,player_receptions,Over,2.5,0.5775,ATTEMPTS__RECEPTIONS,B,0.21120634316686865,0.31369800000000003,0.3467948527907561,[],draftkings,150,0.4,-5.320514720924391,False,tier_b_not_allowed,won,7.5,2026-10-02T11:28:18Z
2026-10-01T17:45:32Z,2026-10-01,2026-10-01T17:45:32Z,2026-09-28,32663,CLE Browns,PIT Steelers,S3-B,Deshaun Watson|player_pass_attempts|Over|28.5||KC Concepcion|player_receptions|Over|3.5,Deshaun Watson,KC Concepcion,CLE,CLE,WR,player_pass_attempts,Over,28.5,0.5432,player_receptions,Over,3.5,0.5758,ATTEMPTS__RECEPTIONS,B,0.21120634316686865,0.31277456,0.3458979398273104,[],draftkings,138,0.42016806722689076,-7.427012739958039,False,tier_b_not_allowed,won,6.9,2026-10-02T11:28:18Z
2026-10-01T17:45:32Z,2026-10-01,2026-10-01T17:45:32Z,2026-09-28,32663,CLE Browns,PIT Steelers,S3-B,Aaron Rodgers|player_pass_completions|Under|20.5||Pat Freiermuth|player_receptions|Under|3.5,Aaron Rodgers,Pat Freiermuth,PIT,PIT,TE,player_pass_completions,Under,20.5,0.5162,player_receptions,Under,3.5,0.5919,COMPLETIONS__RECEPTIONS,A,0.2567339180009476,0.30553878,0.34575234716900294,[],draftkings,128,0.43859649122807015,-9.284414405906722,False,no_dual_confirm_leg,lost,-5.0,2026-10-02T11:28:18Z
2026-10-01T17:45:32Z,2026-10-01,2026-10-01T17:45:32Z,2026-09-28,32663,CLE Browns,PIT Steelers,S3-B,Aaron Rodgers|player_pass_yds|Under|214.5||Roman Wilson|player_receptions|Under|2.5,Aaron Rodgers,Roman Wilson,PIT,PIT,WR,player_pass_yds,Under,214.5,0.5043,player_receptions,Under,2.5,0.594,PASS_YDS__RECEPTIONS,B,0.23931098620281352,0.2995542,0.3369309147123789,[],fanduel,154,0.3937007874015748,-5.676987268919592,False,tier_b_not_allowed,lost,-5.0,2026-10-02T11:28:18Z
2026-10-01T17:45:32Z,2026-10-01,2026-10-01T17:45:32Z,2026-09-28,32663,CLE Browns,PIT Steelers,S3-B,Denzel Boston|player_receptions|Over|2.5||Deshaun Watson|player_pass_yds|Over|185.5,Deshaun Watson,Denzel Boston,CLE,CLE,WR,player_pass_yds,Over,185.5,0.5,player_receptions,Over,2.5,0.5775,PASS_YDS__RECEPTIONS,B,0.23931098620281352,0.28875,0.326468381856242,[],fanduel,145,0.40816326530612246,-8.169488344988046,False,tier_b_not_allowed,won,7.25,2026-10-02T11:28:18Z
2026-10-01T17:45:32Z,2026-10-01,2026-10-01T17:45:32Z,2026-09-28,32663,CLE Browns,PIT Steelers,S3-B,Deshaun Watson|player_pass_yds|Over|185.5||KC Concepcion|player_receptions|Over|3.5,Deshaun Watson,KC Concepcion,CLE,CLE,WR,player_pass_yds,Over,185.5,0.5,player_receptions,Over,3.5,0.5758,PASS_YDS__RECEPTIONS,B,0.23931098620281352,0.2879,0.3256506864850503,[],fanduel,149,0.40160642570281124,-7.5955739217760945,False,tier_b_not_allowed,won,7.45,2026-10-02T11:28:18Z
2026-10-01T17:45:32Z,2026-10-01,2026-10-01T17:45:32Z,2026-09-28,32663,CLE Browns,PIT Steelers,S3-B,Aaron Rodgers|player_pass_completions|Under|20.5||Michael Pittman Jr.|player_receptions|Under|3.5,Aaron Rodgers,Michael Pittman Jr.,PIT,PIT,WR,player_pass_completions,Under,20.5,0.5162,player_receptions,Under,3.5,0.5499,COMPLETIONS__RECEPTIONS,A,0.25803415231969434,0.28385838,0.32505622765319914,[],draftkings,140,0.4166666666666667,-9.161043901346755,False,no_dual_confirm_leg,lost,-5.0,2026-10-02T11:28:18Z
2026-10-01T17:45:32Z,2026-10-01,2026-10-01T17:45:32Z,2026-09-28,32663,CLE Browns,PIT Steelers,S3-B,Denzel Boston|player_receptions|Over|2.5||Deshaun Watson|player_pass_completions|Over|18.5,Deshaun Watson,Denzel Boston,CLE,CLE,WR,player_pass_completions,Over,18.5,0.4913,player_receptions,Over,2.5,0.5775,COMPLETIONS__RECEPTIONS,A,0.25803415231969434,0.28372575,0.3244254581848845,[],,,,,False,no_dual_confirm_leg,won,,2026-10-02T11:28:18Z
2026-10-01T17:45:32Z,2026-10-01,2026-10-01T17:45:32Z,2026-09-28,32663,CLE Browns,PIT Steelers,S3-B,Deshaun Watson|player_pass_completions|Over|18.5||KC Concepcion|player_receptions|Over|3.5,Deshaun Watson,KC Concepcion,CLE,CLE,WR,player_pass_completions,Over,18.5,0.4913,player_receptions,Over,3.5,0.5758,COMPLETIONS__RECEPTIONS,A,0.25803415231969434,0.28289054,0.3236257402848271,[],,,,,False,no_dual_confirm_leg,won,,2026-10-02T11:28:18Z
2026-10-01T17:45:32Z,2026-10-01,2026-10-01T17:45:32Z,2026-09-28,32663,CLE Browns,PIT Steelers,S3-B,Aaron Rodgers|player_pass_yds|Under|214.5||Michael Pittman Jr.|player_receptions|Under|3.5,Aaron Rodgers,Michael Pittman Jr.,PIT,PIT,WR,player_pass_yds,Under,214.5,0.5043,player_receptions,Under,3.5,0.5499,PASS_YDS__RECEPTIONS,B,0.23931098620281352,0.27731457000000004,0.3154722353863147,[],fanduel,162,0.3816793893129771,-6.620715392666243,False,tier_b_not_allowed,lost,-5.0,2026-10-02T11:28:18Z
2026-10-01T17:45:32Z,2026-10-01,2026-10-01T17:45:32Z,2026-09-28,32663,CLE Browns,PIT Steelers,S3-B,Aaron Rodgers|player_pass_yds|Over|214.5||Roman Wilson|player_reception_yds|Over|19.5,Aaron Rodgers,Roman Wilson,PIT,PIT,WR,player_pass_yds,Over,214.5,0.4957,player_reception_yds,Over,19.5,0.5342,PASS_YDS__REC_YDS,A,0.30424078103150837,0.26480294,0.31380719283630387,[],fanduel,186,0.34965034965034963,-3.5843156814045765,False,no_dual_confirm_leg,won,9.3,2026-10-02T11:28:18Z
2026-10-01T17:45:32Z,2026-10-01,2026-10-01T17:45:32Z,2026-09-28,32663,CLE Browns,PIT Steelers,S3-B,Deshaun Watson|player_pass_attempts|Under|28.5||Quinshon Judkins|player_receptions|Under|2.5,Deshaun Watson,Quinshon Judkins,CLE,CLE,RB,player_pass_attempts,Under,28.5,0.4568,player_receptions,Under,2.5,0.6107,ATTEMPTS__RECEPTIONS,B,0.22452237672530106,0.27896776,0.3132605475342911,[],draftkings,154,0.3937007874015748,-8.044023986728371,False,tier_b_not_allowed,lost,-5.0,2026-10-02T11:28:18Z
2026-10-01T17:45:32Z,2026-10-01,2026-10-01T17:45:32Z,2026-09-28,32663,CLE Browns,PIT Steelers,S3-B,Aaron Rodgers|player_pass_yds|Over|214.5||DK Metcalf|player_receptions|Over|3.5,Aaron Rodgers,DK Metcalf,PIT,PIT,WR,player_pass_yds,Over,214.5,0.4957,player_receptions,Over,3.5,0.5472,PASS_YDS__RECEPTIONS,B,0.23931098620281352,0.27124704,0.3094246571358446,[],,,,,False,tier_b_not_allowed,won,,2026-10-02T11:28:18Z
2026-10-01T17:45:32Z,2026-10-01,2026-10-01T17:45:32Z,2026-09-28,32663,CLE Browns,PIT Steelers,S3-B,Aaron Rodgers|player_pass_completions|Under|20.5||Jaylen Warren|player_receptions|Under|3.5,Aaron Rodgers,Jaylen Warren,PIT,PIT,RB,player_pass_completions,Under,20.5,0.5162,player_receptions,Under,3.5,0.5108,COMPLETIONS__RECEPTIONS,A,0.2690810140451369,0.26367496,0.30698868426430076,[],,,,,False,no_dual_confirm_leg,lost,-5.0,2026-10-02T11:28:18Z
2026-10-01T17:45:32Z,2026-10-01,2026-10-01T17:45:32Z,2026-09-28,32663,CLE Browns,PIT Steelers,S3-B,Aaron Rodgers|player_pass_completions|Over|20.5||DK Metcalf|player_receptions|Over|3.5,Aaron Rodgers,DK Metcalf,PIT,PIT,WR,player_pass_completions,Over,20.5,0.4838,player_receptions,Over,3.5,0.5472,COMPLETIONS__RECEPTIONS,A,0.25803415231969434,0.26473536000000003,0.3059134489877902,[],,,,,False,no_dual_confirm_leg,won,,2026-10-02T11:28:18Z
2026-10-01T17:45:32Z,2026-10-01,2026-10-01T17:45:32Z,2026-09-28,32663,CLE Browns,PIT Steelers,S3-B,Deshaun Watson|player_pass_completions|Under|18.5||Harold Fannin Jr.|player_receptions|Under|4.5,Deshaun Watson,Harold Fannin Jr.,CLE,CLE,TE,player_pass_completions,Under,18.5,0.5087,player_receptions,Under,4.5,0.5183,COMPLETIONS__RECEPTIONS,A,0.2567339180009476,0.26365921000000003,0.30493340319649576,[],,,,,False,no_dual_confirm_leg,lost,-5.0,2026-10-02T11:28:18Z
2026-10-01T17:45:32Z,2026-10-01,2026-10-01T17:45:32Z,2026-09-28,32663,CLE Browns,PIT Steelers,S3-B,Aaron Rodgers|player_pass_yds|Over|214.5||Germie Bernard|player_reception_yds|Over|9.5,Aaron Rodgers,Germie Bernard,PIT,PIT,WR,player_pass_yds,Over,214.5,0.4957,player_reception_yds,Over,9.5,0.513,PASS_YDS__REC_YDS,A,0.30424078103150837,0.25429409999999997,0.3034627541019096,[],,,,,False,no_dual_confirm_leg,won,,2026-10-02T11:28:18Z
2026-10-01T17:45:32Z,2026-10-01,2026-10-01T17:45:32Z,2026-09-28,32663,CLE Browns,PIT Steelers,S3-B,Aaron Rodgers|player_pass_yds|Under|214.5||DK Metcalf|player_reception_yds|Under|45.5,Aaron Rodgers,DK Metcalf,PIT,PIT,WR,player_pass_yds,Under,214.5,0.5043,player_reception_yds,Under,45.5,0.5,PASS_YDS__REC_YDS,A,0.30424078103150837,0.25215,0.3013484233547537,[],,,,,False,no_dual_confirm_leg,lost,-5.0,2026-10-02T11:28:18Z
2026-10-01T17:45:32Z,2026-10-01,2026-10-01T17:45:32Z,2026-09-28,32663,CLE Browns,PIT Steelers,S3-B,Denzel Boston|player_reception_yds|Over|37.5||Deshaun Watson|player_pass_yds|Over|185.5,Deshaun Watson,Denzel Boston,CLE,CLE,WR,player_pass_yds,Over,185.5,0.5,player_reception_yds,Over,37.5,0.5,PASS_YDS__REC_YDS,A,0.30424078103150837,0.25,0.29920137580175776,[],,,,,False,no_dual_confirm_leg,won,,2026-10-02T11:28:18Z
2026-10-01T17:45:32Z,2026-10-01,2026-10-01T17:45:32Z,2026-09-28,32663,CLE Browns,PIT Steelers,S3-B,Deshaun Watson|player_pass_yds|Over|185.5||Jerry Jeudy|player_reception_yds|Over|14.5,Deshaun Watson,Jerry Jeudy,CLE,CLE,WR,player_pass_yds,Over,185.5,0.5,player_reception_yds,Over,14.5,0.5,PASS_YDS__REC_YDS,A,0.30424078103150837,0.25,0.29920137580175776,[],,,,,False,no_dual_confirm_leg,won,,2026-10-02T11:28:18Z
2026-10-01T17:45:32Z,2026-10-01,2026-10-01T17:45:32Z,2026-09-28,32663,CLE Browns,PIT Steelers,S3-B,Deshaun Watson|player_pass_yds|Over|185.5||KC Concepcion|player_reception_yds|Over|35.5,Deshaun Watson,KC Concepcion,CLE,CLE,WR,player_pass_yds,Over,185.5,0.5,player_reception_yds,Over,35.5,0.5,PASS_YDS__REC_YDS,A,0.30424078103150837,0.25,0.29920137580175776,[],,,,,False,no_dual_confirm_leg,won,,2026-10-02T11:28:18Z
2026-10-01T17:45:32Z,2026-10-01,2026-10-01T17:45:32Z,2026-09-28,32663,CLE Browns,PIT Steelers,S3-B,Denzel Boston|player_reception_yds|Under|37.5||Deshaun Watson|player_pass_yds|Under|185.5,Deshaun Watson,Denzel Boston,CLE,CLE,WR,player_pass_yds,Under,185.5,0.5,player_reception_yds,Under,37.5,0.5,PASS_YDS__REC_YDS,A,0.30424078103150837,0.25,0.29920137580175776,[],,,,,False,no_dual_confirm_leg,lost,-5.0,2026-10-02T11:28:18Z
2026-10-01T17:45:32Z,2026-10-01,2026-10-01T17:45:32Z,2026-09-28,32663,CLE Browns,PIT Steelers,S3-B,Deshaun Watson|player_pass_yds|Under|185.5||Jerry Jeudy|player_reception_yds|Under|14.5,Deshaun Watson,Jerry Jeudy,CLE,CLE,WR,player_pass_yds,Under,185.5,0.5,player_reception_yds,Under,14.5,0.5,PASS_YDS__REC_YDS,A,0.30424078103150837,0.25,0.29920137580175776,[],,,,,False,no_dual_confirm_leg,lost,-5.0,2026-10-02T11:28:18Z
2026-10-01T17:45:32Z,2026-10-01,2026-10-01T17:45:32Z,2026-09-28,32663,CLE Browns,PIT Steelers,S3-B,Deshaun Watson|player_pass_yds|Under|185.5||KC Concepcion|player_reception_yds|Under|35.5,Deshaun Watson,KC Concepcion,CLE,CLE,WR,player_pass_yds,Under,185.5,0.5,player_reception_yds,Under,35.5,0.5,PASS_YDS__REC_YDS,A,0.30424078103150837,0.25,0.29920137580175776,[],,,,,False,no_dual_confirm_leg,lost,-5.0,2026-10-02T11:28:18Z
2026-10-01T17:45:32Z,2026-10-01,2026-10-01T17:45:32Z,2026-09-28,32663,CLE Browns,PIT Steelers,S3-B,Aaron Rodgers|player_pass_yds|Over|214.5||DK Metcalf|player_reception_yds|Over|45.5,Aaron Rodgers,DK Metcalf,PIT,PIT,WR,player_pass_yds,Over,214.5,0.4957,player_reception_yds,Over,45.5,0.5,PASS_YDS__REC_YDS,A,0.30424078103150837,0.24785,0.29704842284225186,[],,,,,False,no_dual_confirm_leg,won,,2026-10-02T11:28:18Z
2026-10-01T17:45:32Z,2026-10-01,2026-10-01T17:45:32Z,2026-09-28,32663,CLE Browns,PIT Steelers,S3-B,Deshaun Watson|player_pass_attempts|Over|28.5||Harold Fannin Jr.|player_receptions|Over|4.5,Deshaun Watson,Harold Fannin Jr.,CLE,CLE,TE,player_pass_attempts,Over,28.5,0.5432,player_receptions,Over,4.5,0.4817,ATTEMPTS__RECEPTIONS,B,0.21340393661583412,0.26165944,0.2956280385858605,[],,,,,False,tier_b_not_allowed,lost,-5.0,2026-10-02T11:28:18Z
2026-10-01T17:45:32Z,2026-10-01,2026-10-01T17:45:32Z,2026-09-28,32663,CLE Browns,PIT Steelers,S3-B,Aaron Rodgers|player_pass_yds|Under|214.5||Germie Bernard|player_reception_yds|Under|9.5,Aaron Rodgers,Germie Bernard,PIT,PIT,WR,player_pass_yds,Under,214.5,0.5043,player_reception_yds,Under,9.5,0.48699999999999993,PASS_YDS__REC_YDS,A,0.30424078103150837,0.24559409999999995,0.29476275460061585,[],,,,,False,no_dual_confirm_leg,lost,-5.0,2026-10-02T11:28:18Z
2026-10-01T17:45:32Z,2026-10-01,2026-10-01T17:45:32Z,2026-09-28,32663,CLE Browns,PIT Steelers,S3-B,Aaron Rodgers|player_pass_yds|Under|214.5||Darnell Washington|player_reception_yds|Under|18.5,Aaron Rodgers,Darnell Washington,PIT,PIT,TE,player_pass_yds,Under,214.5,0.5043,player_reception_yds,Under,18.5,0.5,PASS_YDS__REC_YDS,B,0.21889110444728782,0.25215,0.2872699039062472,[],,,,,False,tier_b_not_allowed,lost,-5.0,2026-10-02T11:28:18Z
2026-10-01T17:45:32Z,2026-10-01,2026-10-01T17:45:32Z,2026-09-28,32663,CLE Browns,PIT Steelers,S3-B,Aaron Rodgers|player_pass_yds|Under|214.5||Pat Freiermuth|player_reception_yds|Under|26.5,Aaron Rodgers,Pat Freiermuth,PIT,PIT,TE,player_pass_yds,Under,214.5,0.5043,player_reception_yds,Under,26.5,0.5,PASS_YDS__REC_YDS,B,0.21889110444728782,0.25215,0.2872699039062472,[],,,,,False,tier_b_not_allowed,lost,-5.0,2026-10-02T11:28:18Z
2026-10-01T17:45:32Z,2026-10-01,2026-10-01T17:45:32Z,2026-09-28,32663,CLE Browns,PIT Steelers,S3-B,Aaron Rodgers|player_pass_yds|Under|214.5||Jaylen Warren|player_reception_yds|Under|25.5,Aaron Rodgers,Jaylen Warren,PIT,PIT,RB,player_pass_yds,Under,214.5,0.5043,player_reception_yds,Under,25.5,0.5087,PASS_YDS__REC_YDS,B,0.18128977168956806,0.25653741,0.28554295839060106,[],,,,,False,tier_b_not_allowed,lost,-5.0,2026-10-02T11:28:18Z
2026-10-01T17:45:32Z,2026-10-01,2026-10-01T17:45:32Z,2026-09-28,32663,CLE Browns,PIT Steelers,S3-B,Aaron Rodgers|player_pass_yds|Under|214.5||Roman Wilson|player_reception_yds|Under|19.5,Aaron Rodgers,Roman Wilson,PIT,PIT,WR,player_pass_yds,Under,214.5,0.5043,player_reception_yds,Under,19.5,0.4658,PASS_YDS__REC_YDS,A,0.30424078103150837,0.23490293999999998,0.28390719332660413,[],,,,,False,no_dual_confirm_leg,lost,-5.0,2026-10-02T11:28:18Z
2026-10-01T17:45:32Z,2026-10-01,2026-10-01T17:45:32Z,2026-09-28,32663,CLE Browns,PIT Steelers,S3-B,Aaron Rodgers|player_pass_yds|Over|214.5||Darnell Washington|player_reception_yds|Over|18.5,Aaron Rodgers,Darnell Washington,PIT,PIT,TE,player_pass_yds,Over,214.5,0.4957,player_reception_yds,Over,18.5,0.5,PASS_YDS__REC_YDS,B,0.21889110444728782,0.24785,0.2829699034120366,[],,,,,False,tier_b_not_allowed,won,,2026-10-02T11:28:18Z
2026-10-01T17:45:32Z,2026-10-01,2026-10-01T17:45:32Z,2026-09-28,32663,CLE Browns,PIT Steelers,S3-B,Aaron Rodgers|player_pass_yds|Over|214.5||Pat Freiermuth|player_reception_yds|Over|26.5,Aaron Rodgers,Pat Freiermuth,PIT,PIT,TE,player_pass_yds,Over,214.5,0.4957,player_reception_yds,Over,26.5,0.5,PASS_YDS__REC_YDS,B,0.21889110444728782,0.24785,0.2829699034120366,[],,,,,False,tier_b_not_allowed,lost,-5.0,2026-10-02T11:28:18Z
2026-10-01T17:45:32Z,2026-10-01,2026-10-01T17:45:32Z,2026-09-28,32663,CLE Browns,PIT Steelers,S3-B,Aaron Rodgers|player_pass_completions|Over|20.5||Jaylen Warren|player_receptions|Over|3.5,Aaron Rodgers,Jaylen Warren,PIT,PIT,RB,player_pass_completions,Over,20.5,0.4838,player_receptions,Over,3.5,0.4892,COMPLETIONS__RECEPTIONS,A,0.2690810140451369,0.23667496000000002,0.27998868235441393,[],,,,,False,no_dual_confirm_leg,lost,-5.0,2026-10-02T11:28:18Z
2026-10-01T17:45:32Z,2026-10-01,2026-10-01T17:45:32Z,2026-09-28,32663,CLE Browns,PIT Steelers,S3-B,Deshaun Watson|player_pass_yds|Over|185.5||Quinshon Judkins|player_reception_yds|Over|11.5,Deshaun Watson,Quinshon Judkins,CLE,CLE,RB,player_pass_yds,Over,185.5,0.5,player_reception_yds,Over,11.5,0.5,PASS_YDS__REC_YDS,B,0.18128977168956806,0.25,0.2790135985693774,[],,,,,False,tier_b_not_allowed,won,,2026-10-02T11:28:18Z
2026-10-01T17:45:32Z,2026-10-01,2026-10-01T17:45:32Z,2026-09-28,32663,CLE Browns,PIT Steelers,S3-B,Deshaun Watson|player_pass_yds|Over|185.5||Raheim Sanders|player_reception_yds|Over|11.5,Deshaun Watson,Raheim Sanders,CLE,CLE,RB,player_pass_yds,Over,185.5,0.5,player_reception_yds,Over,11.5,0.5,PASS_YDS__REC_YDS,B,0.18128977168956806,0.25,0.2790135985693774,[],,,,,False,tier_b_not_allowed,lost,-5.0,2026-10-02T11:28:18Z
2026-10-01T17:45:32Z,2026-10-01,2026-10-01T17:45:32Z,2026-09-28,32663,CLE Browns,PIT Steelers,S3-B,Deshaun Watson|player_pass_yds|Under|185.5||Quinshon Judkins|player_reception_yds|Under|11.5,Deshaun Watson,Quinshon Judkins,CLE,CLE,RB,player_pass_yds,Under,185.5,0.5,player_reception_yds,Under,11.5,0.5,PASS_YDS__REC_YDS,B,0.18128977168956806,0.25,0.2790135985693774,[],,,,,False,tier_b_not_allowed,lost,-5.0,2026-10-02T11:28:18Z
2026-10-01T17:45:32Z,2026-10-01,2026-10-01T17:45:32Z,2026-09-28,32663,CLE Browns,PIT Steelers,S3-B,Deshaun Watson|player_pass_yds|Under|185.5||Raheim Sanders|player_reception_yds|Under|11.5,Deshaun Watson,Raheim Sanders,CLE,CLE,RB,player_pass_yds,Under,185.5,0.5,player_reception_yds,Under,11.5,0.5,PASS_YDS__REC_YDS,B,0.18128977168956806,0.25,0.2790135985693774,[],,,,,False,tier_b_not_allowed,lost,-5.0,2026-10-02T11:28:18Z
2026-10-01T17:45:32Z,2026-10-01,2026-10-01T17:45:32Z,2026-09-28,32663,CLE Browns,PIT Steelers,S3-B,Deshaun Watson|player_pass_completions|Over|18.5||Harold Fannin Jr.|player_receptions|Over|4.5,Deshaun Watson,Harold Fannin Jr.,CLE,CLE,TE,player_pass_completions,Over,18.5,0.4913,player_receptions,Over,4.5,0.4817,COMPLETIONS__RECEPTIONS,A,0.2567339180009476,0.23665921,0.2779334021629809,[],,,,,False,no_dual_confirm_leg,lost,-5.0,2026-10-02T11:28:18Z
2026-10-01T17:45:32Z,2026-10-01,2026-10-01T17:45:32Z,2026-09-28,32663,CLE Browns,PIT Steelers,S3-B,Aaron Rodgers|player_pass_completions|Under|20.5||DK Metcalf|player_receptions|Under|3.5,Aaron Rodgers,DK Metcalf,PIT,PIT,WR,player_pass_completions,Under,20.5,0.5162,player_receptions,Under,3.5,0.45280000000000004,COMPLETIONS__RECEPTIONS,A,0.25803415231969434,0.23373536,0.2749134508590367,[],,,,,False,no_dual_confirm_leg,lost,-5.0,2026-10-02T11:28:18Z
2026-10-01T17:45:32Z,2026-10-01,2026-10-01T17:45:32Z,2026-09-28,32663,CLE Browns,PIT Steelers,S3-B,Aaron Rodgers|player_pass_yds|Over|214.5||Jaylen Warren|player_reception_yds|Over|25.5,Aaron Rodgers,Jaylen Warren,PIT,PIT,RB,player_pass_yds,Over,214.5,0.4957,player_reception_yds,Over,25.5,0.4913,PASS_YDS__REC_YDS,B,0.18128977168956806,0.24353740999999998,0.2725429578942951,[],,,,,False,tier_b_not_allowed,won,,2026-10-02T11:28:18Z
2026-10-01T17:45:32Z,2026-10-01,2026-10-01T17:45:32Z,2026-09-28,32663,CLE Browns,PIT Steelers,S3-B,Deshaun Watson|player_pass_attempts|Under|28.5||Harold Fannin Jr.|player_receptions|Under|4.5,Deshaun Watson,Harold Fannin Jr.,CLE,CLE,TE,player_pass_attempts,Under,28.5,0.4568,player_receptions,Under,4.5,0.5183,ATTEMPTS__RECEPTIONS,B,0.21340393661583412,0.23675944,0.27072803373324644,[],,,,,False,tier_b_not_allowed,lost,-5.0,2026-10-02T11:28:18Z
2026-10-01T17:45:32Z,2026-10-01,2026-10-01T17:45:32Z,2026-09-28,32663,CLE Browns,PIT Steelers,S3-B,Aaron Rodgers|player_pass_yds|Under|214.5||DK Metcalf|player_receptions|Under|3.5,Aaron Rodgers,DK Metcalf,PIT,PIT,WR,player_pass_yds,Under,214.5,0.5043,player_receptions,Under,3.5,0.45280000000000004,PASS_YDS__RECEPTIONS,B,0.23931098620281352,0.22834704,0.2665246576215942,[],,,,,False,tier_b_not_allowed,lost,-5.0,2026-10-02T11:28:18Z
2026-10-01T17:45:32Z,2026-10-01,2026-10-01T17:45:32Z,2026-09-28,32663,CLE Browns,PIT Steelers,S3-B,Aaron Rodgers|player_pass_yds|Over|214.5||Michael Pittman Jr.|player_receptions|Over|3.5,Aaron Rodgers,Michael Pittman Jr.,PIT,PIT,WR,player_pass_yds,Over,214.5,0.4957,player_receptions,Over,3.5,0.45010000000000006,PASS_YDS__RECEPTIONS,B,0.23931098620281352,0.22311457,0.2612722348795633,[],,,,,False,tier_b_not_allowed,lost,-5.0,2026-10-02T11:28:18Z
2026-10-01T17:45:32Z,2026-10-01,2026-10-01T17:45:32Z,2026-09-28,32663,CLE Browns,PIT Steelers,S3-B,Aaron Rodgers|player_pass_completions|Over|20.5||Michael Pittman Jr.|player_receptions|Over|3.5,Aaron Rodgers,Michael Pittman Jr.,PIT,PIT,WR,player_pass_completions,Over,20.5,0.4838,player_receptions,Over,3.5,0.45010000000000006,COMPLETIONS__RECEPTIONS,A,0.25803415231969434,0.21775838000000003,0.25895622575371446,[],,,,,False,no_dual_confirm_leg,lost,-5.0,2026-10-02T11:28:18Z
2026-10-01T17:45:32Z,2026-10-01,2026-10-01T17:45:32Z,2026-09-28,32663,CLE Browns,PIT Steelers,S3-B,Deshaun Watson|player_pass_completions|Under|18.5||KC Concepcion|player_receptions|Under|3.5,Deshaun Watson,KC Concepcion,CLE,CLE,WR,player_pass_completions,Under,18.5,0.5087,player_receptions,Under,3.5,0.4242,COMPLETIONS__RECEPTIONS,A,0.25803415231969434,0.21579054000000003,0.25652574134422995,[],,,,,False,no_dual_confirm_leg,lost,-5.0,2026-10-02T11:28:18Z
2026-10-01T17:45:32Z,2026-10-01,2026-10-01T17:45:32Z,2026-09-28,32663,CLE Browns,PIT Steelers,S3-B,Denzel Boston|player_receptions|Under|2.5||Deshaun Watson|player_pass_completions|Under|18.5,Deshaun Watson,Denzel Boston,CLE,CLE,WR,player_pass_completions,Under,18.5,0.5087,player_receptions,Under,2.5,0.42250000000000004,COMPLETIONS__RECEPTIONS,A,0.25803415231969434,0.21492575000000003,0.2556254592486635,[],,,,,False,no_dual_confirm_leg,lost,-5.0,2026-10-02T11:28:18Z
2026-10-01T17:45:32Z,2026-10-01,2026-10-01T17:45:32Z,2026-09-28,32663,CLE Browns,PIT Steelers,S3-B,Deshaun Watson|player_pass_yds|Under|185.5||KC Concepcion|player_receptions|Under|3.5,Deshaun Watson,KC Concepcion,CLE,CLE,WR,player_pass_yds,Under,185.5,0.5,player_receptions,Under,3.5,0.4242,PASS_YDS__RECEPTIONS,B,0.23931098620281352,0.2121,0.24985068653239786,[],,,,,False,tier_b_not_allowed,lost,-5.0,2026-10-02T11:28:18Z
2026-10-01T17:45:32Z,2026-10-01,2026-10-01T17:45:32Z,2026-09-28,32663,CLE Browns,PIT Steelers,S3-B,Denzel Boston|player_receptions|Under|2.5||Deshaun Watson|player_pass_yds|Under|185.5,Deshaun Watson,Denzel Boston,CLE,CLE,WR,player_pass_yds,Under,185.5,0.5,player_receptions,Under,2.5,0.42250000000000004,PASS_YDS__RECEPTIONS,B,0.23931098620281352,0.21125000000000002,0.24896838190809664,[],,,,,False,tier_b_not_allowed,lost,-5.0,2026-10-02T11:28:18Z
2026-10-01T17:45:32Z,2026-10-01,2026-10-01T17:45:32Z,2026-09-28,32663,CLE Browns,PIT Steelers,S3-B,Deshaun Watson|player_pass_attempts|Over|28.5||Quinshon Judkins|player_receptions|Over|2.5,Deshaun Watson,Quinshon Judkins,CLE,CLE,RB,player_pass_attempts,Over,28.5,0.5432,player_receptions,Over,2.5,0.3893,ATTEMPTS__RECEPTIONS,B,0.22452237672530106,0.21146776,0.24576055248054976,[],,,,,False,tier_b_not_allowed,won,,2026-10-02T11:28:18Z
2026-10-01T17:45:32Z,2026-10-01,2026-10-01T17:45:32Z,2026-09-28,32663,CLE Browns,PIT Steelers,S3-B,Aaron Rodgers|player_pass_yds|Over|214.5||Roman Wilson|player_receptions|Over|2.5,Aaron Rodgers,Roman Wilson,PIT,PIT,WR,player_pass_yds,Over,214.5,0.4957,player_receptions,Over,2.5,0.40599999999999997,PASS_YDS__RECEPTIONS,B,0.23931098620281352,0.20125419999999997,0.23863091430884342,"[""kalshi""]",,,,,False,tier_b_not_allowed,won,,2026-10-02T11:28:18Z
2026-10-01T17:45:32Z,2026-10-01,2026-10-01T17:45:32Z,2026-09-28,32663,CLE Browns,PIT Steelers,S3-B,Aaron Rodgers|player_pass_completions|Over|20.5||Pat Freiermuth|player_receptions|Over|3.5,Aaron Rodgers,Pat Freiermuth,PIT,PIT,TE,player_pass_completions,Over,20.5,0.4838,player_receptions,Over,3.5,0.40809999999999996,COMPLETIONS__RECEPTIONS,A,0.2567339180009476,0.19743877999999998,0.2376523453685644,[],,,,,False,no_dual_confirm_leg,lost,-5.0,2026-10-02T11:28:18Z
2026-10-01T17:45:32Z,2026-10-01,2026-10-01T17:45:32Z,2026-09-28,32663,CLE Browns,PIT Steelers,S3-B,Aaron Rodgers|player_pass_completions|Over|20.5||Roman Wilson|player_receptions|Over|2.5,Aaron Rodgers,Roman Wilson,PIT,PIT,WR,player_pass_completions,Over,20.5,0.4838,player_receptions,Over,2.5,0.40599999999999997,COMPLETIONS__RECEPTIONS,A,0.25803415231969434,0.19642279999999998,0.23679336052697456,"[""kalshi""]",,,,,False,no_dual_confirm_leg,won,,2026-10-02T11:28:18Z
2026-10-01T17:45:32Z,2026-10-01,2026-10-01T17:45:32Z,2026-09-28,32663,CLE Browns,PIT Steelers,S3-B,Deshaun Watson|player_pass_completions|Over|18.5||Quinshon Judkins|player_receptions|Over|2.5,Deshaun Watson,Quinshon Judkins,CLE,CLE,RB,player_pass_completions,Over,18.5,0.4913,player_receptions,Over,2.5,0.3893,COMPLETIONS__RECEPTIONS,A,0.2690810140451369,0.19126309,0.23292662032963926,[],,,,,False,no_dual_confirm_leg,won,,2026-10-02T11:28:18Z
2026-10-01T17:45:32Z,2026-10-01,2026-10-01T17:45:32Z,2026-09-28,32663,CLE Browns,PIT Steelers,S3-B,Deshaun Watson|player_pass_attempts|Under|28.5||KC Concepcion|player_receptions|Under|3.5,Deshaun Watson,KC Concepcion,CLE,CLE,WR,player_pass_attempts,Under,28.5,0.4568,player_receptions,Under,3.5,0.4242,ATTEMPTS__RECEPTIONS,B,0.21120634316686865,0.19377456,0.22689793496431968,[],,,,,False,tier_b_not_allowed,lost,-5.0,2026-10-02T11:28:18Z
2026-10-01T17:45:32Z,2026-10-01,2026-10-01T17:45:32Z,2026-09-28,32663,CLE Browns,PIT Steelers,S3-B,Denzel Boston|player_receptions|Under|2.5||Deshaun Watson|player_pass_attempts|Under|28.5,Deshaun Watson,Denzel Boston,CLE,CLE,WR,player_pass_attempts,Under,28.5,0.4568,player_receptions,Under,2.5,0.42250000000000004,ATTEMPTS__RECEPTIONS,B,0.21120634316686865,0.192998,0.226094847931692,[],,,,,False,tier_b_not_allowed,lost,-5.0,2026-10-02T11:28:18Z
2026-10-01T17:45:32Z,2026-10-01,2026-10-01T17:45:32Z,2026-09-28,32663,CLE Browns,PIT Steelers,S3-C,Deshaun Watson|player_pass_completions|Under|18.5||Quinshon Judkins|player_receptions|Under|2.5,Deshaun Watson,Quinshon Judkins,CLE,CLE,RB,player_pass_completions,Under,18.5,0.5087,player_receptions,Under,2.5,0.6107,COMPLETIONS__RECEPTIONS,A,0.2690810140451369,0.31066309000000003,0.35232662122681097,[],,,,,False,no_sgp_quote,lost,-5.0,2026-10-02T11:28:18Z
2026-10-01T17:45:32Z,2026-10-01,2026-10-01T17:45:32Z,2026-09-28,32663,CLE Browns,PIT Steelers,S3-C,Aaron Rodgers|player_pass_completions|Under|20.5||Roman Wilson|player_receptions|Under|2.5,Aaron Rodgers,Roman Wilson,PIT,PIT,WR,player_pass_completions,Under,20.5,0.5162,player_receptions,Under,2.5,0.594,COMPLETIONS__RECEPTIONS,A,0.25803415231969434,0.3066228,0.3469933623234422,[],draftkings,132,0.43103448275862066,-8.404112043517847,False,nonpositive_pricing_edge,lost,-5.0,2026-10-02T11:28:18Z
2026-10-01T17:45:32Z,2026-10-01,2026-10-01T17:45:32Z,2026-09-28,32663,CLE Browns,PIT Steelers,S3-C,Denzel Boston|player_receptions|Over|2.5||Deshaun Watson|player_pass_attempts|Over|28.5,Deshaun Watson,Denzel Boston,CLE,CLE,WR,player_pass_attempts,Over,28.5,0.5432,player_receptions,Over,2.5,0.5775,ATTEMPTS__RECEPTIONS,B,0.21120634316686865,0.31369800000000003,0.3467948527907561,[],draftkings,150,0.4,-5.320514720924391,False,tier_b_not_allowed,won,7.5,2026-10-02T11:28:18Z
2026-10-01T17:45:32Z,2026-10-01,2026-10-01T17:45:32Z,2026-09-28,32663,CLE Browns,PIT Steelers,S3-C,Deshaun Watson|player_pass_attempts|Over|28.5||KC Concepcion|player_receptions|Over|3.5,Deshaun Watson,KC Concepcion,CLE,CLE,WR,player_pass_attempts,Over,28.5,0.5432,player_receptions,Over,3.5,0.5758,ATTEMPTS__RECEPTIONS,B,0.21120634316686865,0.31277456,0.3458979398273104,[],draftkings,138,0.42016806722689076,-7.427012739958039,False,tier_b_not_allowed,won,6.9,2026-10-02T11:28:18Z
2026-10-01T17:45:32Z,2026-10-01,2026-10-01T17:45:32Z,2026-09-28,32663,CLE Browns,PIT Steelers,S3-C,Aaron Rodgers|player_pass_completions|Under|20.5||Pat Freiermuth|player_receptions|Under|3.5,Aaron Rodgers,Pat Freiermuth,PIT,PIT,TE,player_pass_completions,Under,20.5,0.5162,player_receptions,Under,3.5,0.5919,COMPLETIONS__RECEPTIONS,A,0.2567339180009476,0.30553878,0.34575234716900294,[],draftkings,128,0.43859649122807015,-9.284414405906722,False,nonpositive_pricing_edge,lost,-5.0,2026-10-02T11:28:18Z
2026-10-01T17:45:32Z,2026-10-01,2026-10-01T17:45:32Z,2026-09-28,32663,CLE Browns,PIT Steelers,S3-C,Aaron Rodgers|player_pass_yds|Under|214.5||Roman Wilson|player_receptions|Under|2.5,Aaron Rodgers,Roman Wilson,PIT,PIT,WR,player_pass_yds,Under,214.5,0.5043,player_receptions,Under,2.5,0.594,PASS_YDS__RECEPTIONS,B,0.23931098620281352,0.2995542,0.3369309147123789,[],fanduel,154,0.3937007874015748,-5.676987268919592,False,tier_b_not_allowed,lost,-5.0,2026-10-02T11:28:18Z
2026-10-01T17:45:32Z,2026-10-01,2026-10-01T17:45:32Z,2026-09-28,32663,CLE Browns,PIT Steelers,S3-C,Denzel Boston|player_receptions|Over|2.5||Deshaun Watson|player_pass_yds|Over|185.5,Deshaun Watson,Denzel Boston,CLE,CLE,WR,player_pass_yds,Over,185.5,0.5,player_receptions,Over,2.5,0.5775,PASS_YDS__RECEPTIONS,B,0.23931098620281352,0.28875,0.326468381856242,[],fanduel,145,0.40816326530612246,-8.169488344988046,False,tier_b_not_allowed,won,7.25,2026-10-02T11:28:18Z
2026-10-01T17:45:32Z,2026-10-01,2026-10-01T17:45:32Z,2026-09-28,32663,CLE Browns,PIT Steelers,S3-C,Deshaun Watson|player_pass_yds|Over|185.5||KC Concepcion|player_receptions|Over|3.5,Deshaun Watson,KC Concepcion,CLE,CLE,WR,player_pass_yds,Over,185.5,0.5,player_receptions,Over,3.5,0.5758,PASS_YDS__RECEPTIONS,B,0.23931098620281352,0.2879,0.3256506864850503,[],fanduel,149,0.40160642570281124,-7.5955739217760945,False,tier_b_not_allowed,won,7.45,2026-10-02T11:28:18Z
2026-10-01T17:45:32Z,2026-10-01,2026-10-01T17:45:32Z,2026-09-28,32663,CLE Browns,PIT Steelers,S3-C,Aaron Rodgers|player_pass_completions|Under|20.5||Michael Pittman Jr.|player_receptions|Under|3.5,Aaron Rodgers,Michael Pittman Jr.,PIT,PIT,WR,player_pass_completions,Under,20.5,0.5162,player_receptions,Under,3.5,0.5499,COMPLETIONS__RECEPTIONS,A,0.25803415231969434,0.28385838,0.32505622765319914,[],draftkings,140,0.4166666666666667,-9.161043901346755,False,nonpositive_pricing_edge,lost,-5.0,2026-10-02T11:28:18Z
2026-10-01T17:45:32Z,2026-10-01,2026-10-01T17:45:32Z,2026-09-28,32663,CLE Browns,PIT Steelers,S3-C,Denzel Boston|player_receptions|Over|2.5||Deshaun Watson|player_pass_completions|Over|18.5,Deshaun Watson,Denzel Boston,CLE,CLE,WR,player_pass_completions,Over,18.5,0.4913,player_receptions,Over,2.5,0.5775,COMPLETIONS__RECEPTIONS,A,0.25803415231969434,0.28372575,0.3244254581848845,[],,,,,False,no_sgp_quote,won,,2026-10-02T11:28:18Z
2026-10-01T17:45:32Z,2026-10-01,2026-10-01T17:45:32Z,2026-09-28,32663,CLE Browns,PIT Steelers,S3-C,Deshaun Watson|player_pass_completions|Over|18.5||KC Concepcion|player_receptions|Over|3.5,Deshaun Watson,KC Concepcion,CLE,CLE,WR,player_pass_completions,Over,18.5,0.4913,player_receptions,Over,3.5,0.5758,COMPLETIONS__RECEPTIONS,A,0.25803415231969434,0.28289054,0.3236257402848271,[],,,,,False,no_sgp_quote,won,,2026-10-02T11:28:18Z
2026-10-01T17:45:32Z,2026-10-01,2026-10-01T17:45:32Z,2026-09-28,32663,CLE Browns,PIT Steelers,S3-C,Aaron Rodgers|player_pass_yds|Under|214.5||Michael Pittman Jr.|player_receptions|Under|3.5,Aaron Rodgers,Michael Pittman Jr.,PIT,PIT,WR,player_pass_yds,Under,214.5,0.5043,player_receptions,Under,3.5,0.5499,PASS_YDS__RECEPTIONS,B,0.23931098620281352,0.27731457000000004,0.3154722353863147,[],fanduel,162,0.3816793893129771,-6.620715392666243,False,tier_b_not_allowed,lost,-5.0,2026-10-02T11:28:18Z
2026-10-01T17:45:32Z,2026-10-01,2026-10-01T17:45:32Z,2026-09-28,32663,CLE Browns,PIT Steelers,S3-C,Aaron Rodgers|player_pass_yds|Over|214.5||Roman Wilson|player_reception_yds|Over|19.5,Aaron Rodgers,Roman Wilson,PIT,PIT,WR,player_pass_yds,Over,214.5,0.4957,player_reception_yds,Over,19.5,0.5342,PASS_YDS__REC_YDS,A,0.30424078103150837,0.26480294,0.31380719283630387,[],fanduel,186,0.34965034965034963,-3.5843156814045765,False,nonpositive_pricing_edge,won,9.3,2026-10-02T11:28:18Z
2026-10-01T17:45:32Z,2026-10-01,2026-10-01T17:45:32Z,2026-09-28,32663,CLE Browns,PIT Steelers,S3-C,Deshaun Watson|player_pass_attempts|Under|28.5||Quinshon Judkins|player_receptions|Under|2.5,Deshaun Watson,Quinshon Judkins,CLE,CLE,RB,player_pass_attempts,Under,28.5,0.4568,player_receptions,Under,2.5,0.6107,ATTEMPTS__RECEPTIONS,B,0.22452237672530106,0.27896776,0.3132605475342911,[],draftkings,154,0.3937007874015748,-8.044023986728371,False,tier_b_not_allowed,lost,-5.0,2026-10-02T11:28:18Z
2026-10-01T17:45:32Z,2026-10-01,2026-10-01T17:45:32Z,2026-09-28,32663,CLE Browns,PIT Steelers,S3-C,Aaron Rodgers|player_pass_yds|Over|214.5||DK Metcalf|player_receptions|Over|3.5,Aaron Rodgers,DK Metcalf,PIT,PIT,WR,player_pass_yds,Over,214.5,0.4957,player_receptions,Over,3.5,0.5472,PASS_YDS__RECEPTIONS,B,0.23931098620281352,0.27124704,0.3094246571358446,[],,,,,False,tier_b_not_allowed,won,,2026-10-02T11:28:18Z
2026-10-01T17:45:32Z,2026-10-01,2026-10-01T17:45:32Z,2026-09-28,32663,CLE Browns,PIT Steelers,S3-C,Aaron Rodgers|player_pass_completions|Under|20.5||Jaylen Warren|player_receptions|Under|3.5,Aaron Rodgers,Jaylen Warren,PIT,PIT,RB,player_pass_completions,Under,20.5,0.5162,player_receptions,Under,3.5,0.5108,COMPLETIONS__RECEPTIONS,A,0.2690810140451369,0.26367496,0.30698868426430076,[],,,,,False,no_sgp_quote,lost,-5.0,2026-10-02T11:28:18Z
2026-10-01T17:45:32Z,2026-10-01,2026-10-01T17:45:32Z,2026-09-28,32663,CLE Browns,PIT Steelers,S3-C,Aaron Rodgers|player_pass_completions|Over|20.5||DK Metcalf|player_receptions|Over|3.5,Aaron Rodgers,DK Metcalf,PIT,PIT,WR,player_pass_completions,Over,20.5,0.4838,player_receptions,Over,3.5,0.5472,COMPLETIONS__RECEPTIONS,A,0.25803415231969434,0.26473536000000003,0.3059134489877902,[],,,,,False,no_sgp_quote,won,,2026-10-02T11:28:18Z
2026-10-01T17:45:32Z,2026-10-01,2026-10-01T17:45:32Z,2026-09-28,32663,CLE Browns,PIT Steelers,S3-C,Deshaun Watson|player_pass_completions|Under|18.5||Harold Fannin Jr.|player_receptions|Under|4.5,Deshaun Watson,Harold Fannin Jr.,CLE,CLE,TE,player_pass_completions,Under,18.5,0.5087,player_receptions,Under,4.5,0.5183,COMPLETIONS__RECEPTIONS,A,0.2567339180009476,0.26365921000000003,0.30493340319649576,[],,,,,False,no_sgp_quote,lost,-5.0,2026-10-02T11:28:18Z
2026-10-01T17:45:32Z,2026-10-01,2026-10-01T17:45:32Z,2026-09-28,32663,CLE Browns,PIT Steelers,S3-C,Aaron Rodgers|player_pass_yds|Over|214.5||Germie Bernard|player_reception_yds|Over|9.5,Aaron Rodgers,Germie Bernard,PIT,PIT,WR,player_pass_yds,Over,214.5,0.4957,player_reception_yds,Over,9.5,0.513,PASS_YDS__REC_YDS,A,0.30424078103150837,0.25429409999999997,0.3034627541019096,[],,,,,False,no_sgp_quote,won,,2026-10-02T11:28:18Z
2026-10-01T17:45:32Z,2026-10-01,2026-10-01T17:45:32Z,2026-09-28,32663,CLE Browns,PIT Steelers,S3-C,Aaron Rodgers|player_pass_yds|Under|214.5||DK Metcalf|player_reception_yds|Under|45.5,Aaron Rodgers,DK Metcalf,PIT,PIT,WR,player_pass_yds,Under,214.5,0.5043,player_reception_yds,Under,45.5,0.5,PASS_YDS__REC_YDS,A,0.30424078103150837,0.25215,0.3013484233547537,[],,,,,False,no_sgp_quote,lost,-5.0,2026-10-02T11:28:18Z
2026-10-01T17:45:32Z,2026-10-01,2026-10-01T17:45:32Z,2026-09-28,32663,CLE Browns,PIT Steelers,S3-C,Denzel Boston|player_reception_yds|Over|37.5||Deshaun Watson|player_pass_yds|Over|185.5,Deshaun Watson,Denzel Boston,CLE,CLE,WR,player_pass_yds,Over,185.5,0.5,player_reception_yds,Over,37.5,0.5,PASS_YDS__REC_YDS,A,0.30424078103150837,0.25,0.29920137580175776,[],,,,,False,no_sgp_quote,won,,2026-10-02T11:28:18Z
2026-10-01T17:45:32Z,2026-10-01,2026-10-01T17:45:32Z,2026-09-28,32663,CLE Browns,PIT Steelers,S3-C,Deshaun Watson|player_pass_yds|Over|185.5||Jerry Jeudy|player_reception_yds|Over|14.5,Deshaun Watson,Jerry Jeudy,CLE,CLE,WR,player_pass_yds,Over,185.5,0.5,player_reception_yds,Over,14.5,0.5,PASS_YDS__REC_YDS,A,0.30424078103150837,0.25,0.29920137580175776,[],,,,,False,no_sgp_quote,won,,2026-10-02T11:28:18Z
2026-10-01T17:45:32Z,2026-10-01,2026-10-01T17:45:32Z,2026-09-28,32663,CLE Browns,PIT Steelers,S3-C,Deshaun Watson|player_pass_yds|Over|185.5||KC Concepcion|player_reception_yds|Over|35.5,Deshaun Watson,KC Concepcion,CLE,CLE,WR,player_pass_yds,Over,185.5,0.5,player_reception_yds,Over,35.5,0.5,PASS_YDS__REC_YDS,A,0.30424078103150837,0.25,0.29920137580175776,[],,,,,False,no_sgp_quote,won,,2026-10-02T11:28:18Z
2026-10-01T17:45:32Z,2026-10-01,2026-10-01T17:45:32Z,2026-09-28,32663,CLE Browns,PIT Steelers,S3-C,Denzel Boston|player_reception_yds|Under|37.5||Deshaun Watson|player_pass_yds|Under|185.5,Deshaun Watson,Denzel Boston,CLE,CLE,WR,player_pass_yds,Under,185.5,0.5,player_reception_yds,Under,37.5,0.5,PASS_YDS__REC_YDS,A,0.30424078103150837,0.25,0.29920137580175776,[],,,,,False,no_sgp_quote,lost,-5.0,2026-10-02T11:28:18Z
2026-10-01T17:45:32Z,2026-10-01,2026-10-01T17:45:32Z,2026-09-28,32663,CLE Browns,PIT Steelers,S3-C,Deshaun Watson|player_pass_yds|Under|185.5||Jerry Jeudy|player_reception_yds|Under|14.5,Deshaun Watson,Jerry Jeudy,CLE,CLE,WR,player_pass_yds,Under,185.5,0.5,player_reception_yds,Under,14.5,0.5,PASS_YDS__REC_YDS,A,0.30424078103150837,0.25,0.29920137580175776,[],,,,,False,no_sgp_quote,lost,-5.0,2026-10-02T11:28:18Z
2026-10-01T17:45:32Z,2026-10-01,2026-10-01T17:45:32Z,2026-09-28,32663,CLE Browns,PIT Steelers,S3-C,Deshaun Watson|player_pass_yds|Under|185.5||KC Concepcion|player_reception_yds|Under|35.5,Deshaun Watson,KC Concepcion,CLE,CLE,WR,player_pass_yds,Under,185.5,0.5,player_reception_yds,Under,35.5,0.5,PASS_YDS__REC_YDS,A,0.30424078103150837,0.25,0.29920137580175776,[],,,,,False,no_sgp_quote,lost,-5.0,2026-10-02T11:28:18Z
2026-10-01T17:45:32Z,2026-10-01,2026-10-01T17:45:32Z,2026-09-28,32663,CLE Browns,PIT Steelers,S3-C,Aaron Rodgers|player_pass_yds|Over|214.5||DK Metcalf|player_reception_yds|Over|45.5,Aaron Rodgers,DK Metcalf,PIT,PIT,WR,player_pass_yds,Over,214.5,0.4957,player_reception_yds,Over,45.5,0.5,PASS_YDS__REC_YDS,A,0.30424078103150837,0.24785,0.29704842284225186,[],,,,,False,no_sgp_quote,won,,2026-10-02T11:28:18Z
2026-10-01T17:45:32Z,2026-10-01,2026-10-01T17:45:32Z,2026-09-28,32663,CLE Browns,PIT Steelers,S3-C,Deshaun Watson|player_pass_attempts|Over|28.5||Harold Fannin Jr.|player_receptions|Over|4.5,Deshaun Watson,Harold Fannin Jr.,CLE,CLE,TE,player_pass_attempts,Over,28.5,0.5432,player_receptions,Over,4.5,0.4817,ATTEMPTS__RECEPTIONS,B,0.21340393661583412,0.26165944,0.2956280385858605,[],,,,,False,tier_b_not_allowed,lost,-5.0,2026-10-02T11:28:18Z
2026-10-01T17:45:32Z,2026-10-01,2026-10-01T17:45:32Z,2026-09-28,32663,CLE Browns,PIT Steelers,S3-C,Aaron Rodgers|player_pass_yds|Under|214.5||Germie Bernard|player_reception_yds|Under|9.5,Aaron Rodgers,Germie Bernard,PIT,PIT,WR,player_pass_yds,Under,214.5,0.5043,player_reception_yds,Under,9.5,0.48699999999999993,PASS_YDS__REC_YDS,A,0.30424078103150837,0.24559409999999995,0.29476275460061585,[],,,,,False,no_sgp_quote,lost,-5.0,2026-10-02T11:28:18Z
2026-10-01T17:45:32Z,2026-10-01,2026-10-01T17:45:32Z,2026-09-28,32663,CLE Browns,PIT Steelers,S3-C,Aaron Rodgers|player_pass_yds|Under|214.5||Darnell Washington|player_reception_yds|Under|18.5,Aaron Rodgers,Darnell Washington,PIT,PIT,TE,player_pass_yds,Under,214.5,0.5043,player_reception_yds,Under,18.5,0.5,PASS_YDS__REC_YDS,B,0.21889110444728782,0.25215,0.2872699039062472,[],,,,,False,tier_b_not_allowed,lost,-5.0,2026-10-02T11:28:18Z
2026-10-01T17:45:32Z,2026-10-01,2026-10-01T17:45:32Z,2026-09-28,32663,CLE Browns,PIT Steelers,S3-C,Aaron Rodgers|player_pass_yds|Under|214.5||Pat Freiermuth|player_reception_yds|Under|26.5,Aaron Rodgers,Pat Freiermuth,PIT,PIT,TE,player_pass_yds,Under,214.5,0.5043,player_reception_yds,Under,26.5,0.5,PASS_YDS__REC_YDS,B,0.21889110444728782,0.25215,0.2872699039062472,[],,,,,False,tier_b_not_allowed,lost,-5.0,2026-10-02T11:28:18Z
2026-10-01T17:45:32Z,2026-10-01,2026-10-01T17:45:32Z,2026-09-28,32663,CLE Browns,PIT Steelers,S3-C,Aaron Rodgers|player_pass_yds|Under|214.5||Jaylen Warren|player_reception_yds|Under|25.5,Aaron Rodgers,Jaylen Warren,PIT,PIT,RB,player_pass_yds,Under,214.5,0.5043,player_reception_yds,Under,25.5,0.5087,PASS_YDS__REC_YDS,B,0.18128977168956806,0.25653741,0.28554295839060106,[],,,,,False,tier_b_not_allowed,lost,-5.0,2026-10-02T11:28:18Z
2026-10-01T17:45:32Z,2026-10-01,2026-10-01T17:45:32Z,2026-09-28,32663,CLE Browns,PIT Steelers,S3-C,Aaron Rodgers|player_pass_yds|Under|214.5||Roman Wilson|player_reception_yds|Under|19.5,Aaron Rodgers,Roman Wilson,PIT,PIT,WR,player_pass_yds,Under,214.5,0.5043,player_reception_yds,Under,19.5,0.4658,PASS_YDS__REC_YDS,A,0.30424078103150837,0.23490293999999998,0.28390719332660413,[],,,,,False,no_sgp_quote,lost,-5.0,2026-10-02T11:28:18Z
2026-10-01T17:45:32Z,2026-10-01,2026-10-01T17:45:32Z,2026-09-28,32663,CLE Browns,PIT Steelers,S3-C,Aaron Rodgers|player_pass_yds|Over|214.5||Darnell Washington|player_reception_yds|Over|18.5,Aaron Rodgers,Darnell Washington,PIT,PIT,TE,player_pass_yds,Over,214.5,0.4957,player_reception_yds,Over,18.5,0.5,PASS_YDS__REC_YDS,B,0.21889110444728782,0.24785,0.2829699034120366,[],,,,,False,tier_b_not_allowed,won,,2026-10-02T11:28:18Z
2026-10-01T17:45:32Z,2026-10-01,2026-10-01T17:45:32Z,2026-09-28,32663,CLE Browns,PIT Steelers,S3-C,Aaron Rodgers|player_pass_yds|Over|214.5||Pat Freiermuth|player_reception_yds|Over|26.5,Aaron Rodgers,Pat Freiermuth,PIT,PIT,TE,player_pass_yds,Over,214.5,0.4957,player_reception_yds,Over,26.5,0.5,PASS_YDS__REC_YDS,B,0.21889110444728782,0.24785,0.2829699034120366,[],,,,,False,tier_b_not_allowed,lost,-5.0,2026-10-02T11:28:18Z
2026-10-01T17:45:32Z,2026-10-01,2026-10-01T17:45:32Z,2026-09-28,32663,CLE Browns,PIT Steelers,S3-C,Aaron Rodgers|player_pass_completions|Over|20.5||Jaylen Warren|player_receptions|Over|3.5,Aaron Rodgers,Jaylen Warren,PIT,PIT,RB,player_pass_completions,Over,20.5,0.4838,player_receptions,Over,3.5,0.4892,COMPLETIONS__RECEPTIONS,A,0.2690810140451369,0.23667496000000002,0.27998868235441393,[],,,,,False,no_sgp_quote,lost,-5.0,2026-10-02T11:28:18Z
2026-10-01T17:45:32Z,2026-10-01,2026-10-01T17:45:32Z,2026-09-28,32663,CLE Browns,PIT Steelers,S3-C,Deshaun Watson|player_pass_yds|Over|185.5||Quinshon Judkins|player_reception_yds|Over|11.5,Deshaun Watson,Quinshon Judkins,CLE,CLE,RB,player_pass_yds,Over,185.5,0.5,player_reception_yds,Over,11.5,0.5,PASS_YDS__REC_YDS,B,0.18128977168956806,0.25,0.2790135985693774,[],,,,,False,tier_b_not_allowed,won,,2026-10-02T11:28:18Z
2026-10-01T17:45:32Z,2026-10-01,2026-10-01T17:45:32Z,2026-09-28,32663,CLE Browns,PIT Steelers,S3-C,Deshaun Watson|player_pass_yds|Over|185.5||Raheim Sanders|player_reception_yds|Over|11.5,Deshaun Watson,Raheim Sanders,CLE,CLE,RB,player_pass_yds,Over,185.5,0.5,player_reception_yds,Over,11.5,0.5,PASS_YDS__REC_YDS,B,0.18128977168956806,0.25,0.2790135985693774,[],,,,,False,tier_b_not_allowed,lost,-5.0,2026-10-02T11:28:18Z
2026-10-01T17:45:32Z,2026-10-01,2026-10-01T17:45:32Z,2026-09-28,32663,CLE Browns,PIT Steelers,S3-C,Deshaun Watson|player_pass_yds|Under|185.5||Quinshon Judkins|player_reception_yds|Under|11.5,Deshaun Watson,Quinshon Judkins,CLE,CLE,RB,player_pass_yds,Under,185.5,0.5,player_reception_yds,Under,11.5,0.5,PASS_YDS__REC_YDS,B,0.18128977168956806,0.25,0.2790135985693774,[],,,,,False,tier_b_not_allowed,lost,-5.0,2026-10-02T11:28:18Z
2026-10-01T17:45:32Z,2026-10-01,2026-10-01T17:45:32Z,2026-09-28,32663,CLE Browns,PIT Steelers,S3-C,Deshaun Watson|player_pass_yds|Under|185.5||Raheim Sanders|player_reception_yds|Under|11.5,Deshaun Watson,Raheim Sanders,CLE,CLE,RB,player_pass_yds,Under,185.5,0.5,player_reception_yds,Under,11.5,0.5,PASS_YDS__REC_YDS,B,0.18128977168956806,0.25,0.2790135985693774,[],,,,,False,tier_b_not_allowed,lost,-5.0,2026-10-02T11:28:18Z
2026-10-01T17:45:32Z,2026-10-01,2026-10-01T17:45:32Z,2026-09-28,32663,CLE Browns,PIT Steelers,S3-C,Deshaun Watson|player_pass_completions|Over|18.5||Harold Fannin Jr.|player_receptions|Over|4.5,Deshaun Watson,Harold Fannin Jr.,CLE,CLE,TE,player_pass_completions,Over,18.5,0.4913,player_receptions,Over,4.5,0.4817,COMPLETIONS__RECEPTIONS,A,0.2567339180009476,0.23665921,0.2779334021629809,[],,,,,False,no_sgp_quote,lost,-5.0,2026-10-02T11:28:18Z
2026-10-01T17:45:32Z,2026-10-01,2026-10-01T17:45:32Z,2026-09-28,32663,CLE Browns,PIT Steelers,S3-C,Aaron Rodgers|player_pass_completions|Under|20.5||DK Metcalf|player_receptions|Under|3.5,Aaron Rodgers,DK Metcalf,PIT,PIT,WR,player_pass_completions,Under,20.5,0.5162,player_receptions,Under,3.5,0.45280000000000004,COMPLETIONS__RECEPTIONS,A,0.25803415231969434,0.23373536,0.2749134508590367,[],,,,,False,no_sgp_quote,lost,-5.0,2026-10-02T11:28:18Z
2026-10-01T17:45:32Z,2026-10-01,2026-10-01T17:45:32Z,2026-09-28,32663,CLE Browns,PIT Steelers,S3-C,Aaron Rodgers|player_pass_yds|Over|214.5||Jaylen Warren|player_reception_yds|Over|25.5,Aaron Rodgers,Jaylen Warren,PIT,PIT,RB,player_pass_yds,Over,214.5,0.4957,player_reception_yds,Over,25.5,0.4913,PASS_YDS__REC_YDS,B,0.18128977168956806,0.24353740999999998,0.2725429578942951,[],,,,,False,tier_b_not_allowed,won,,2026-10-02T11:28:18Z
2026-10-01T17:45:32Z,2026-10-01,2026-10-01T17:45:32Z,2026-09-28,32663,CLE Browns,PIT Steelers,S3-C,Deshaun Watson|player_pass_attempts|Under|28.5||Harold Fannin Jr.|player_receptions|Under|4.5,Deshaun Watson,Harold Fannin Jr.,CLE,CLE,TE,player_pass_attempts,Under,28.5,0.4568,player_receptions,Under,4.5,0.5183,ATTEMPTS__RECEPTIONS,B,0.21340393661583412,0.23675944,0.27072803373324644,[],,,,,False,tier_b_not_allowed,lost,-5.0,2026-10-02T11:28:18Z
2026-10-01T17:45:32Z,2026-10-01,2026-10-01T17:45:32Z,2026-09-28,32663,CLE Browns,PIT Steelers,S3-C,Aaron Rodgers|player_pass_yds|Under|214.5||DK Metcalf|player_receptions|Under|3.5,Aaron Rodgers,DK Metcalf,PIT,PIT,WR,player_pass_yds,Under,214.5,0.5043,player_receptions,Under,3.5,0.45280000000000004,PASS_YDS__RECEPTIONS,B,0.23931098620281352,0.22834704,0.2665246576215942,[],,,,,False,tier_b_not_allowed,lost,-5.0,2026-10-02T11:28:18Z
2026-10-01T17:45:32Z,2026-10-01,2026-10-01T17:45:32Z,2026-09-28,32663,CLE Browns,PIT Steelers,S3-C,Aaron Rodgers|player_pass_yds|Over|214.5||Michael Pittman Jr.|player_receptions|Over|3.5,Aaron Rodgers,Michael Pittman Jr.,PIT,PIT,WR,player_pass_yds,Over,214.5,0.4957,player_receptions,Over,3.5,0.45010000000000006,PASS_YDS__RECEPTIONS,B,0.23931098620281352,0.22311457,0.2612722348795633,[],,,,,False,tier_b_not_allowed,lost,-5.0,2026-10-02T11:28:18Z
2026-10-01T17:45:32Z,2026-10-01,2026-10-01T17:45:32Z,2026-09-28,32663,CLE Browns,PIT Steelers,S3-C,Aaron Rodgers|player_pass_completions|Over|20.5||Michael Pittman Jr.|player_receptions|Over|3.5,Aaron Rodgers,Michael Pittman Jr.,PIT,PIT,WR,player_pass_completions,Over,20.5,0.4838,player_receptions,Over,3.5,0.45010000000000006,COMPLETIONS__RECEPTIONS,A,0.25803415231969434,0.21775838000000003,0.25895622575371446,[],,,,,False,no_sgp_quote,lost,-5.0,2026-10-02T11:28:18Z
2026-10-01T17:45:32Z,2026-10-01,2026-10-01T17:45:32Z,2026-09-28,32663,CLE Browns,PIT Steelers,S3-C,Deshaun Watson|player_pass_completions|Under|18.5||KC Concepcion|player_receptions|Under|3.5,Deshaun Watson,KC Concepcion,CLE,CLE,WR,player_pass_completions,Under,18.5,0.5087,player_receptions,Under,3.5,0.4242,COMPLETIONS__RECEPTIONS,A,0.25803415231969434,0.21579054000000003,0.25652574134422995,[],,,,,False,no_sgp_quote,lost,-5.0,2026-10-02T11:28:18Z
2026-10-01T17:45:32Z,2026-10-01,2026-10-01T17:45:32Z,2026-09-28,32663,CLE Browns,PIT Steelers,S3-C,Denzel Boston|player_receptions|Under|2.5||Deshaun Watson|player_pass_completions|Under|18.5,Deshaun Watson,Denzel Boston,CLE,CLE,WR,player_pass_completions,Under,18.5,0.5087,player_receptions,Under,2.5,0.42250000000000004,COMPLETIONS__RECEPTIONS,A,0.25803415231969434,0.21492575000000003,0.2556254592486635,[],,,,,False,no_sgp_quote,lost,-5.0,2026-10-02T11:28:18Z
2026-10-01T17:45:32Z,2026-10-01,2026-10-01T17:45:32Z,2026-09-28,32663,CLE Browns,PIT Steelers,S3-C,Deshaun Watson|player_pass_yds|Under|185.5||KC Concepcion|player_receptions|Under|3.5,Deshaun Watson,KC Concepcion,CLE,CLE,WR,player_pass_yds,Under,185.5,0.5,player_receptions,Under,3.5,0.4242,PASS_YDS__RECEPTIONS,B,0.23931098620281352,0.2121,0.24985068653239786,[],,,,,False,tier_b_not_allowed,lost,-5.0,2026-10-02T11:28:18Z
2026-10-01T17:45:32Z,2026-10-01,2026-10-01T17:45:32Z,2026-09-28,32663,CLE Browns,PIT Steelers,S3-C,Denzel Boston|player_receptions|Under|2.5||Deshaun Watson|player_pass_yds|Under|185.5,Deshaun Watson,Denzel Boston,CLE,CLE,WR,player_pass_yds,Under,185.5,0.5,player_receptions,Under,2.5,0.42250000000000004,PASS_YDS__RECEPTIONS,B,0.23931098620281352,0.21125000000000002,0.24896838190809664,[],,,,,False,tier_b_not_allowed,lost,-5.0,2026-10-02T11:28:18Z
2026-10-01T17:45:32Z,2026-10-01,2026-10-01T17:45:32Z,2026-09-28,32663,CLE Browns,PIT Steelers,S3-C,Deshaun Watson|player_pass_attempts|Over|28.5||Quinshon Judkins|player_receptions|Over|2.5,Deshaun Watson,Quinshon Judkins,CLE,CLE,RB,player_pass_attempts,Over,28.5,0.5432,player_receptions,Over,2.5,0.3893,ATTEMPTS__RECEPTIONS,B,0.22452237672530106,0.21146776,0.24576055248054976,[],,,,,False,tier_b_not_allowed,won,,2026-10-02T11:28:18Z
2026-10-01T17:45:32Z,2026-10-01,2026-10-01T17:45:32Z,2026-09-28,32663,CLE Browns,PIT Steelers,S3-C,Aaron Rodgers|player_pass_yds|Over|214.5||Roman Wilson|player_receptions|Over|2.5,Aaron Rodgers,Roman Wilson,PIT,PIT,WR,player_pass_yds,Over,214.5,0.4957,player_receptions,Over,2.5,0.40599999999999997,PASS_YDS__RECEPTIONS,B,0.23931098620281352,0.20125419999999997,0.23863091430884342,"[""kalshi""]",,,,,False,tier_b_not_allowed,won,,2026-10-02T11:28:18Z
2026-10-01T17:45:32Z,2026-10-01,2026-10-01T17:45:32Z,2026-09-28,32663,CLE Browns,PIT Steelers,S3-C,Aaron Rodgers|player_pass_completions|Over|20.5||Pat Freiermuth|player_receptions|Over|3.5,Aaron Rodgers,Pat Freiermuth,PIT,PIT,TE,player_pass_completions,Over,20.5,0.4838,player_receptions,Over,3.5,0.40809999999999996,COMPLETIONS__RECEPTIONS,A,0.2567339180009476,0.19743877999999998,0.2376523453685644,[],,,,,False,no_sgp_quote,lost,-5.0,2026-10-02T11:28:18Z
2026-10-01T17:45:32Z,2026-10-01,2026-10-01T17:45:32Z,2026-09-28,32663,CLE Browns,PIT Steelers,S3-C,Aaron Rodgers|player_pass_completions|Over|20.5||Roman Wilson|player_receptions|Over|2.5,Aaron Rodgers,Roman Wilson,PIT,PIT,WR,player_pass_completions,Over,20.5,0.4838,player_receptions,Over,2.5,0.40599999999999997,COMPLETIONS__RECEPTIONS,A,0.25803415231969434,0.19642279999999998,0.23679336052697456,"[""kalshi""]",,,,,False,no_sgp_quote,won,,2026-10-02T11:28:18Z
2026-10-01T17:45:32Z,2026-10-01,2026-10-01T17:45:32Z,2026-09-28,32663,CLE Browns,PIT Steelers,S3-C,Deshaun Watson|player_pass_completions|Over|18.5||Quinshon Judkins|player_receptions|Over|2.5,Deshaun Watson,Quinshon Judkins,CLE,CLE,RB,player_pass_completions,Over,18.5,0.4913,player_receptions,Over,2.5,0.3893,COMPLETIONS__RECEPTIONS,A,0.2690810140451369,0.19126309,0.23292662032963926,[],,,,,False,no_sgp_quote,won,,2026-10-02T11:28:18Z
2026-10-01T17:45:32Z,2026-10-01,2026-10-01T17:45:32Z,2026-09-28,32663,CLE Browns,PIT Steelers,S3-C,Deshaun Watson|player_pass_attempts|Under|28.5||KC Concepcion|player_receptions|Under|3.5,Deshaun Watson,KC Concepcion,CLE,CLE,WR,player_pass_attempts,Under,28.5,0.4568,player_receptions,Under,3.5,0.4242,ATTEMPTS__RECEPTIONS,B,0.21120634316686865,0.19377456,0.22689793496431968,[],,,,,False,tier_b_not_allowed,lost,-5.0,2026-10-02T11:28:18Z
2026-10-01T17:45:32Z,2026-10-01,2026-10-01T17:45:32Z,2026-09-28,32663,CLE Browns,PIT Steelers,S3-C,Denzel Boston|player_receptions|Under|2.5||Deshaun Watson|player_pass_attempts|Under|28.5,Deshaun Watson,Denzel Boston,CLE,CLE,WR,player_pass_attempts,Under,28.5,0.4568,player_receptions,Under,2.5,0.42250000000000004,ATTEMPTS__RECEPTIONS,B,0.21120634316686865,0.192998,0.226094847931692,[],,,,,False,tier_b_not_allowed,lost,-5.0,2026-10-02T11:28:18Z
2026-10-01T17:45:32Z,2026-10-01,2026-10-01T17:45:32Z,2026-09-28,32663,CLE Browns,PIT Steelers,S3-D,Deshaun Watson|player_pass_completions|Under|18.5||Quinshon Judkins|player_receptions|Under|2.5,Deshaun Watson,Quinshon Judkins,CLE,CLE,RB,player_pass_completions,Under,18.5,0.5087,player_receptions,Under,2.5,0.6107,COMPLETIONS__RECEPTIONS,A,0.2690810140451369,0.31066309000000003,0.35232662122681097,[],,,,,False,no_sgp_quote,lost,-5.0,2026-10-02T11:28:18Z
2026-10-01T17:45:32Z,2026-10-01,2026-10-01T17:45:32Z,2026-09-28,32663,CLE Browns,PIT Steelers,S3-D,Aaron Rodgers|player_pass_completions|Under|20.5||Roman Wilson|player_receptions|Under|2.5,Aaron Rodgers,Roman Wilson,PIT,PIT,WR,player_pass_completions,Under,20.5,0.5162,player_receptions,Under,2.5,0.594,COMPLETIONS__RECEPTIONS,A,0.25803415231969434,0.3066228,0.3469933623234422,[],draftkings,132,0.43103448275862066,-8.404112043517847,True,,lost,-5.0,2026-10-02T11:28:18Z
2026-10-01T17:45:32Z,2026-10-01,2026-10-01T17:45:32Z,2026-09-28,32663,CLE Browns,PIT Steelers,S3-D,Denzel Boston|player_receptions|Over|2.5||Deshaun Watson|player_pass_attempts|Over|28.5,Deshaun Watson,Denzel Boston,CLE,CLE,WR,player_pass_attempts,Over,28.5,0.5432,player_receptions,Over,2.5,0.5775,ATTEMPTS__RECEPTIONS,B,0.21120634316686865,0.31369800000000003,0.3467948527907561,[],draftkings,150,0.4,-5.320514720924391,False,tier_b_not_allowed,won,7.5,2026-10-02T11:28:18Z
2026-10-01T17:45:32Z,2026-10-01,2026-10-01T17:45:32Z,2026-09-28,32663,CLE Browns,PIT Steelers,S3-D,Deshaun Watson|player_pass_attempts|Over|28.5||KC Concepcion|player_receptions|Over|3.5,Deshaun Watson,KC Concepcion,CLE,CLE,WR,player_pass_attempts,Over,28.5,0.5432,player_receptions,Over,3.5,0.5758,ATTEMPTS__RECEPTIONS,B,0.21120634316686865,0.31277456,0.3458979398273104,[],draftkings,138,0.42016806722689076,-7.427012739958039,False,tier_b_not_allowed,won,6.9,2026-10-02T11:28:18Z
2026-10-01T17:45:32Z,2026-10-01,2026-10-01T17:45:32Z,2026-09-28,32663,CLE Browns,PIT Steelers,S3-D,Aaron Rodgers|player_pass_completions|Under|20.5||Pat Freiermuth|player_receptions|Under|3.5,Aaron Rodgers,Pat Freiermuth,PIT,PIT,TE,player_pass_completions,Under,20.5,0.5162,player_receptions,Under,3.5,0.5919,COMPLETIONS__RECEPTIONS,A,0.2567339180009476,0.30553878,0.34575234716900294,[],draftkings,128,0.43859649122807015,-9.284414405906722,True,,lost,-5.0,2026-10-02T11:28:18Z
2026-10-01T17:45:32Z,2026-10-01,2026-10-01T17:45:32Z,2026-09-28,32663,CLE Browns,PIT Steelers,S3-D,Aaron Rodgers|player_pass_yds|Under|214.5||Roman Wilson|player_receptions|Under|2.5,Aaron Rodgers,Roman Wilson,PIT,PIT,WR,player_pass_yds,Under,214.5,0.5043,player_receptions,Under,2.5,0.594,PASS_YDS__RECEPTIONS,B,0.23931098620281352,0.2995542,0.3369309147123789,[],fanduel,154,0.3937007874015748,-5.676987268919592,False,tier_b_not_allowed,lost,-5.0,2026-10-02T11:28:18Z
2026-10-01T17:45:32Z,2026-10-01,2026-10-01T17:45:32Z,2026-09-28,32663,CLE Browns,PIT Steelers,S3-D,Denzel Boston|player_receptions|Over|2.5||Deshaun Watson|player_pass_yds|Over|185.5,Deshaun Watson,Denzel Boston,CLE,CLE,WR,player_pass_yds,Over,185.5,0.5,player_receptions,Over,2.5,0.5775,PASS_YDS__RECEPTIONS,B,0.23931098620281352,0.28875,0.326468381856242,[],fanduel,145,0.40816326530612246,-8.169488344988046,False,tier_b_not_allowed,won,7.25,2026-10-02T11:28:18Z
2026-10-01T17:45:32Z,2026-10-01,2026-10-01T17:45:32Z,2026-09-28,32663,CLE Browns,PIT Steelers,S3-D,Deshaun Watson|player_pass_yds|Over|185.5||KC Concepcion|player_receptions|Over|3.5,Deshaun Watson,KC Concepcion,CLE,CLE,WR,player_pass_yds,Over,185.5,0.5,player_receptions,Over,3.5,0.5758,PASS_YDS__RECEPTIONS,B,0.23931098620281352,0.2879,0.3256506864850503,[],fanduel,149,0.40160642570281124,-7.5955739217760945,False,tier_b_not_allowed,won,7.45,2026-10-02T11:28:18Z
2026-10-01T17:45:32Z,2026-10-01,2026-10-01T17:45:32Z,2026-09-28,32663,CLE Browns,PIT Steelers,S3-D,Aaron Rodgers|player_pass_completions|Under|20.5||Michael Pittman Jr.|player_receptions|Under|3.5,Aaron Rodgers,Michael Pittman Jr.,PIT,PIT,WR,player_pass_completions,Under,20.5,0.5162,player_receptions,Under,3.5,0.5499,COMPLETIONS__RECEPTIONS,A,0.25803415231969434,0.28385838,0.32505622765319914,[],draftkings,140,0.4166666666666667,-9.161043901346755,True,,lost,-5.0,2026-10-02T11:28:18Z
2026-10-01T17:45:32Z,2026-10-01,2026-10-01T17:45:32Z,2026-09-28,32663,CLE Browns,PIT Steelers,S3-D,Denzel Boston|player_receptions|Over|2.5||Deshaun Watson|player_pass_completions|Over|18.5,Deshaun Watson,Denzel Boston,CLE,CLE,WR,player_pass_completions,Over,18.5,0.4913,player_receptions,Over,2.5,0.5775,COMPLETIONS__RECEPTIONS,A,0.25803415231969434,0.28372575,0.3244254581848845,[],,,,,False,no_sgp_quote,won,,2026-10-02T11:28:18Z
2026-10-01T17:45:32Z,2026-10-01,2026-10-01T17:45:32Z,2026-09-28,32663,CLE Browns,PIT Steelers,S3-D,Deshaun Watson|player_pass_completions|Over|18.5||KC Concepcion|player_receptions|Over|3.5,Deshaun Watson,KC Concepcion,CLE,CLE,WR,player_pass_completions,Over,18.5,0.4913,player_receptions,Over,3.5,0.5758,COMPLETIONS__RECEPTIONS,A,0.25803415231969434,0.28289054,0.3236257402848271,[],,,,,False,no_sgp_quote,won,,2026-10-02T11:28:18Z
2026-10-01T17:45:32Z,2026-10-01,2026-10-01T17:45:32Z,2026-09-28,32663,CLE Browns,PIT Steelers,S3-D,Aaron Rodgers|player_pass_yds|Under|214.5||Michael Pittman Jr.|player_receptions|Under|3.5,Aaron Rodgers,Michael Pittman Jr.,PIT,PIT,WR,player_pass_yds,Under,214.5,0.5043,player_receptions,Under,3.5,0.5499,PASS_YDS__RECEPTIONS,B,0.23931098620281352,0.27731457000000004,0.3154722353863147,[],fanduel,162,0.3816793893129771,-6.620715392666243,False,tier_b_not_allowed,lost,-5.0,2026-10-02T11:28:18Z
2026-10-01T17:45:32Z,2026-10-01,2026-10-01T17:45:32Z,2026-09-28,32663,CLE Browns,PIT Steelers,S3-D,Aaron Rodgers|player_pass_yds|Over|214.5||Roman Wilson|player_reception_yds|Over|19.5,Aaron Rodgers,Roman Wilson,PIT,PIT,WR,player_pass_yds,Over,214.5,0.4957,player_reception_yds,Over,19.5,0.5342,PASS_YDS__REC_YDS,A,0.30424078103150837,0.26480294,0.31380719283630387,[],fanduel,186,0.34965034965034963,-3.5843156814045765,True,,won,9.3,2026-10-02T11:28:18Z
2026-10-01T17:45:32Z,2026-10-01,2026-10-01T17:45:32Z,2026-09-28,32663,CLE Browns,PIT Steelers,S3-D,Deshaun Watson|player_pass_attempts|Under|28.5||Quinshon Judkins|player_receptions|Under|2.5,Deshaun Watson,Quinshon Judkins,CLE,CLE,RB,player_pass_attempts,Under,28.5,0.4568,player_receptions,Under,2.5,0.6107,ATTEMPTS__RECEPTIONS,B,0.22452237672530106,0.27896776,0.3132605475342911,[],draftkings,154,0.3937007874015748,-8.044023986728371,False,tier_b_not_allowed,lost,-5.0,2026-10-02T11:28:18Z
2026-10-01T17:45:32Z,2026-10-01,2026-10-01T17:45:32Z,2026-09-28,32663,CLE Browns,PIT Steelers,S3-D,Aaron Rodgers|player_pass_yds|Over|214.5||DK Metcalf|player_receptions|Over|3.5,Aaron Rodgers,DK Metcalf,PIT,PIT,WR,player_pass_yds,Over,214.5,0.4957,player_receptions,Over,3.5,0.5472,PASS_YDS__RECEPTIONS,B,0.23931098620281352,0.27124704,0.3094246571358446,[],,,,,False,tier_b_not_allowed,won,,2026-10-02T11:28:18Z
2026-10-01T17:45:32Z,2026-10-01,2026-10-01T17:45:32Z,2026-09-28,32663,CLE Browns,PIT Steelers,S3-D,Aaron Rodgers|player_pass_completions|Under|20.5||Jaylen Warren|player_receptions|Under|3.5,Aaron Rodgers,Jaylen Warren,PIT,PIT,RB,player_pass_completions,Under,20.5,0.5162,player_receptions,Under,3.5,0.5108,COMPLETIONS__RECEPTIONS,A,0.2690810140451369,0.26367496,0.30698868426430076,[],,,,,False,no_sgp_quote,lost,-5.0,2026-10-02T11:28:18Z
2026-10-01T17:45:32Z,2026-10-01,2026-10-01T17:45:32Z,2026-09-28,32663,CLE Browns,PIT Steelers,S3-D,Aaron Rodgers|player_pass_completions|Over|20.5||DK Metcalf|player_receptions|Over|3.5,Aaron Rodgers,DK Metcalf,PIT,PIT,WR,player_pass_completions,Over,20.5,0.4838,player_receptions,Over,3.5,0.5472,COMPLETIONS__RECEPTIONS,A,0.25803415231969434,0.26473536000000003,0.3059134489877902,[],,,,,False,no_sgp_quote,won,,2026-10-02T11:28:18Z
2026-10-01T17:45:32Z,2026-10-01,2026-10-01T17:45:32Z,2026-09-28,32663,CLE Browns,PIT Steelers,S3-D,Deshaun Watson|player_pass_completions|Under|18.5||Harold Fannin Jr.|player_receptions|Under|4.5,Deshaun Watson,Harold Fannin Jr.,CLE,CLE,TE,player_pass_completions,Under,18.5,0.5087,player_receptions,Under,4.5,0.5183,COMPLETIONS__RECEPTIONS,A,0.2567339180009476,0.26365921000000003,0.30493340319649576,[],,,,,False,no_sgp_quote,lost,-5.0,2026-10-02T11:28:18Z
2026-10-01T17:45:32Z,2026-10-01,2026-10-01T17:45:32Z,2026-09-28,32663,CLE Browns,PIT Steelers,S3-D,Aaron Rodgers|player_pass_yds|Over|214.5||Germie Bernard|player_reception_yds|Over|9.5,Aaron Rodgers,Germie Bernard,PIT,PIT,WR,player_pass_yds,Over,214.5,0.4957,player_reception_yds,Over,9.5,0.513,PASS_YDS__REC_YDS,A,0.30424078103150837,0.25429409999999997,0.3034627541019096,[],,,,,False,no_sgp_quote,won,,2026-10-02T11:28:18Z
2026-10-01T17:45:32Z,2026-10-01,2026-10-01T17:45:32Z,2026-09-28,32663,CLE Browns,PIT Steelers,S3-D,Aaron Rodgers|player_pass_yds|Under|214.5||DK Metcalf|player_reception_yds|Under|45.5,Aaron Rodgers,DK Metcalf,PIT,PIT,WR,player_pass_yds,Under,214.5,0.5043,player_reception_yds,Under,45.5,0.5,PASS_YDS__REC_YDS,A,0.30424078103150837,0.25215,0.3013484233547537,[],,,,,False,no_sgp_quote,lost,-5.0,2026-10-02T11:28:18Z
2026-10-01T17:45:32Z,2026-10-01,2026-10-01T17:45:32Z,2026-09-28,32663,CLE Browns,PIT Steelers,S3-D,Denzel Boston|player_reception_yds|Over|37.5||Deshaun Watson|player_pass_yds|Over|185.5,Deshaun Watson,Denzel Boston,CLE,CLE,WR,player_pass_yds,Over,185.5,0.5,player_reception_yds,Over,37.5,0.5,PASS_YDS__REC_YDS,A,0.30424078103150837,0.25,0.29920137580175776,[],,,,,False,no_sgp_quote,won,,2026-10-02T11:28:18Z
2026-10-01T17:45:32Z,2026-10-01,2026-10-01T17:45:32Z,2026-09-28,32663,CLE Browns,PIT Steelers,S3-D,Deshaun Watson|player_pass_yds|Over|185.5||Jerry Jeudy|player_reception_yds|Over|14.5,Deshaun Watson,Jerry Jeudy,CLE,CLE,WR,player_pass_yds,Over,185.5,0.5,player_reception_yds,Over,14.5,0.5,PASS_YDS__REC_YDS,A,0.30424078103150837,0.25,0.29920137580175776,[],,,,,False,no_sgp_quote,won,,2026-10-02T11:28:18Z
2026-10-01T17:45:32Z,2026-10-01,2026-10-01T17:45:32Z,2026-09-28,32663,CLE Browns,PIT Steelers,S3-D,Deshaun Watson|player_pass_yds|Over|185.5||KC Concepcion|player_reception_yds|Over|35.5,Deshaun Watson,KC Concepcion,CLE,CLE,WR,player_pass_yds,Over,185.5,0.5,player_reception_yds,Over,35.5,0.5,PASS_YDS__REC_YDS,A,0.30424078103150837,0.25,0.29920137580175776,[],,,,,False,no_sgp_quote,won,,2026-10-02T11:28:18Z
2026-10-01T17:45:32Z,2026-10-01,2026-10-01T17:45:32Z,2026-09-28,32663,CLE Browns,PIT Steelers,S3-D,Denzel Boston|player_reception_yds|Under|37.5||Deshaun Watson|player_pass_yds|Under|185.5,Deshaun Watson,Denzel Boston,CLE,CLE,WR,player_pass_yds,Under,185.5,0.5,player_reception_yds,Under,37.5,0.5,PASS_YDS__REC_YDS,A,0.30424078103150837,0.25,0.29920137580175776,[],,,,,False,no_sgp_quote,lost,-5.0,2026-10-02T11:28:18Z
2026-10-01T17:45:32Z,2026-10-01,2026-10-01T17:45:32Z,2026-09-28,32663,CLE Browns,PIT Steelers,S3-D,Deshaun Watson|player_pass_yds|Under|185.5||Jerry Jeudy|player_reception_yds|Under|14.5,Deshaun Watson,Jerry Jeudy,CLE,CLE,WR,player_pass_yds,Under,185.5,0.5,player_reception_yds,Under,14.5,0.5,PASS_YDS__REC_YDS,A,0.30424078103150837,0.25,0.29920137580175776,[],,,,,False,no_sgp_quote,lost,-5.0,2026-10-02T11:28:18Z
2026-10-01T17:45:32Z,2026-10-01,2026-10-01T17:45:32Z,2026-09-28,32663,CLE Browns,PIT Steelers,S3-D,Deshaun Watson|player_pass_yds|Under|185.5||KC Concepcion|player_reception_yds|Under|35.5,Deshaun Watson,KC Concepcion,CLE,CLE,WR,player_pass_yds,Under,185.5,0.5,player_reception_yds,Under,35.5,0.5,PASS_YDS__REC_YDS,A,0.30424078103150837,0.25,0.29920137580175776,[],,,,,False,no_sgp_quote,lost,-5.0,2026-10-02T11:28:18Z
2026-10-01T17:45:32Z,2026-10-01,2026-10-01T17:45:32Z,2026-09-28,32663,CLE Browns,PIT Steelers,S3-D,Aaron Rodgers|player_pass_yds|Over|214.5||DK Metcalf|player_reception_yds|Over|45.5,Aaron Rodgers,DK Metcalf,PIT,PIT,WR,player_pass_yds,Over,214.5,0.4957,player_reception_yds,Over,45.5,0.5,PASS_YDS__REC_YDS,A,0.30424078103150837,0.24785,0.29704842284225186,[],,,,,False,no_sgp_quote,won,,2026-10-02T11:28:18Z
2026-10-01T17:45:32Z,2026-10-01,2026-10-01T17:45:32Z,2026-09-28,32663,CLE Browns,PIT Steelers,S3-D,Deshaun Watson|player_pass_attempts|Over|28.5||Harold Fannin Jr.|player_receptions|Over|4.5,Deshaun Watson,Harold Fannin Jr.,CLE,CLE,TE,player_pass_attempts,Over,28.5,0.5432,player_receptions,Over,4.5,0.4817,ATTEMPTS__RECEPTIONS,B,0.21340393661583412,0.26165944,0.2956280385858605,[],,,,,False,tier_b_not_allowed,lost,-5.0,2026-10-02T11:28:18Z
2026-10-01T17:45:32Z,2026-10-01,2026-10-01T17:45:32Z,2026-09-28,32663,CLE Browns,PIT Steelers,S3-D,Aaron Rodgers|player_pass_yds|Under|214.5||Germie Bernard|player_reception_yds|Under|9.5,Aaron Rodgers,Germie Bernard,PIT,PIT,WR,player_pass_yds,Under,214.5,0.5043,player_reception_yds,Under,9.5,0.48699999999999993,PASS_YDS__REC_YDS,A,0.30424078103150837,0.24559409999999995,0.29476275460061585,[],,,,,False,no_sgp_quote,lost,-5.0,2026-10-02T11:28:18Z
2026-10-01T17:45:32Z,2026-10-01,2026-10-01T17:45:32Z,2026-09-28,32663,CLE Browns,PIT Steelers,S3-D,Aaron Rodgers|player_pass_yds|Under|214.5||Darnell Washington|player_reception_yds|Under|18.5,Aaron Rodgers,Darnell Washington,PIT,PIT,TE,player_pass_yds,Under,214.5,0.5043,player_reception_yds,Under,18.5,0.5,PASS_YDS__REC_YDS,B,0.21889110444728782,0.25215,0.2872699039062472,[],,,,,False,tier_b_not_allowed,lost,-5.0,2026-10-02T11:28:18Z
2026-10-01T17:45:32Z,2026-10-01,2026-10-01T17:45:32Z,2026-09-28,32663,CLE Browns,PIT Steelers,S3-D,Aaron Rodgers|player_pass_yds|Under|214.5||Pat Freiermuth|player_reception_yds|Under|26.5,Aaron Rodgers,Pat Freiermuth,PIT,PIT,TE,player_pass_yds,Under,214.5,0.5043,player_reception_yds,Under,26.5,0.5,PASS_YDS__REC_YDS,B,0.21889110444728782,0.25215,0.2872699039062472,[],,,,,False,tier_b_not_allowed,lost,-5.0,2026-10-02T11:28:18Z
2026-10-01T17:45:32Z,2026-10-01,2026-10-01T17:45:32Z,2026-09-28,32663,CLE Browns,PIT Steelers,S3-D,Aaron Rodgers|player_pass_yds|Under|214.5||Jaylen Warren|player_reception_yds|Under|25.5,Aaron Rodgers,Jaylen Warren,PIT,PIT,RB,player_pass_yds,Under,214.5,0.5043,player_reception_yds,Under,25.5,0.5087,PASS_YDS__REC_YDS,B,0.18128977168956806,0.25653741,0.28554295839060106,[],,,,,False,tier_b_not_allowed,lost,-5.0,2026-10-02T11:28:18Z
2026-10-01T17:45:32Z,2026-10-01,2026-10-01T17:45:32Z,2026-09-28,32663,CLE Browns,PIT Steelers,S3-D,Aaron Rodgers|player_pass_yds|Under|214.5||Roman Wilson|player_reception_yds|Under|19.5,Aaron Rodgers,Roman Wilson,PIT,PIT,WR,player_pass_yds,Under,214.5,0.5043,player_reception_yds,Under,19.5,0.4658,PASS_YDS__REC_YDS,A,0.30424078103150837,0.23490293999999998,0.28390719332660413,[],,,,,False,no_sgp_quote,lost,-5.0,2026-10-02T11:28:18Z
2026-10-01T17:45:32Z,2026-10-01,2026-10-01T17:45:32Z,2026-09-28,32663,CLE Browns,PIT Steelers,S3-D,Aaron Rodgers|player_pass_yds|Over|214.5||Darnell Washington|player_reception_yds|Over|18.5,Aaron Rodgers,Darnell Washington,PIT,PIT,TE,player_pass_yds,Over,214.5,0.4957,player_reception_yds,Over,18.5,0.5,PASS_YDS__REC_YDS,B,0.21889110444728782,0.24785,0.2829699034120366,[],,,,,False,tier_b_not_allowed,won,,2026-10-02T11:28:18Z
2026-10-01T17:45:32Z,2026-10-01,2026-10-01T17:45:32Z,2026-09-28,32663,CLE Browns,PIT Steelers,S3-D,Aaron Rodgers|player_pass_yds|Over|214.5||Pat Freiermuth|player_reception_yds|Over|26.5,Aaron Rodgers,Pat Freiermuth,PIT,PIT,TE,player_pass_yds,Over,214.5,0.4957,player_reception_yds,Over,26.5,0.5,PASS_YDS__REC_YDS,B,0.21889110444728782,0.24785,0.2829699034120366,[],,,,,False,tier_b_not_allowed,lost,-5.0,2026-10-02T11:28:18Z
2026-10-01T17:45:32Z,2026-10-01,2026-10-01T17:45:32Z,2026-09-28,32663,CLE Browns,PIT Steelers,S3-D,Aaron Rodgers|player_pass_completions|Over|20.5||Jaylen Warren|player_receptions|Over|3.5,Aaron Rodgers,Jaylen Warren,PIT,PIT,RB,player_pass_completions,Over,20.5,0.4838,player_receptions,Over,3.5,0.4892,COMPLETIONS__RECEPTIONS,A,0.2690810140451369,0.23667496000000002,0.27998868235441393,[],,,,,False,no_sgp_quote,lost,-5.0,2026-10-02T11:28:18Z
2026-10-01T17:45:32Z,2026-10-01,2026-10-01T17:45:32Z,2026-09-28,32663,CLE Browns,PIT Steelers,S3-D,Deshaun Watson|player_pass_yds|Over|185.5||Quinshon Judkins|player_reception_yds|Over|11.5,Deshaun Watson,Quinshon Judkins,CLE,CLE,RB,player_pass_yds,Over,185.5,0.5,player_reception_yds,Over,11.5,0.5,PASS_YDS__REC_YDS,B,0.18128977168956806,0.25,0.2790135985693774,[],,,,,False,tier_b_not_allowed,won,,2026-10-02T11:28:18Z
2026-10-01T17:45:32Z,2026-10-01,2026-10-01T17:45:32Z,2026-09-28,32663,CLE Browns,PIT Steelers,S3-D,Deshaun Watson|player_pass_yds|Over|185.5||Raheim Sanders|player_reception_yds|Over|11.5,Deshaun Watson,Raheim Sanders,CLE,CLE,RB,player_pass_yds,Over,185.5,0.5,player_reception_yds,Over,11.5,0.5,PASS_YDS__REC_YDS,B,0.18128977168956806,0.25,0.2790135985693774,[],,,,,False,tier_b_not_allowed,lost,-5.0,2026-10-02T11:28:18Z
2026-10-01T17:45:32Z,2026-10-01,2026-10-01T17:45:32Z,2026-09-28,32663,CLE Browns,PIT Steelers,S3-D,Deshaun Watson|player_pass_yds|Under|185.5||Quinshon Judkins|player_reception_yds|Under|11.5,Deshaun Watson,Quinshon Judkins,CLE,CLE,RB,player_pass_yds,Under,185.5,0.5,player_reception_yds,Under,11.5,0.5,PASS_YDS__REC_YDS,B,0.18128977168956806,0.25,0.2790135985693774,[],,,,,False,tier_b_not_allowed,lost,-5.0,2026-10-02T11:28:18Z
2026-10-01T17:45:32Z,2026-10-01,2026-10-01T17:45:32Z,2026-09-28,32663,CLE Browns,PIT Steelers,S3-D,Deshaun Watson|player_pass_yds|Under|185.5||Raheim Sanders|player_reception_yds|Under|11.5,Deshaun Watson,Raheim Sanders,CLE,CLE,RB,player_pass_yds,Under,185.5,0.5,player_reception_yds,Under,11.5,0.5,PASS_YDS__REC_YDS,B,0.18128977168956806,0.25,0.2790135985693774,[],,,,,False,tier_b_not_allowed,lost,-5.0,2026-10-02T11:28:18Z
2026-10-01T17:45:32Z,2026-10-01,2026-10-01T17:45:32Z,2026-09-28,32663,CLE Browns,PIT Steelers,S3-D,Deshaun Watson|player_pass_completions|Over|18.5||Harold Fannin Jr.|player_receptions|Over|4.5,Deshaun Watson,Harold Fannin Jr.,CLE,CLE,TE,player_pass_completions,Over,18.5,0.4913,player_receptions,Over,4.5,0.4817,COMPLETIONS__RECEPTIONS,A,0.2567339180009476,0.23665921,0.2779334021629809,[],,,,,False,no_sgp_quote,lost,-5.0,2026-10-02T11:28:18Z
2026-10-01T17:45:32Z,2026-10-01,2026-10-01T17:45:32Z,2026-09-28,32663,CLE Browns,PIT Steelers,S3-D,Aaron Rodgers|player_pass_completions|Under|20.5||DK Metcalf|player_receptions|Under|3.5,Aaron Rodgers,DK Metcalf,PIT,PIT,WR,player_pass_completions,Under,20.5,0.5162,player_receptions,Under,3.5,0.45280000000000004,COMPLETIONS__RECEPTIONS,A,0.25803415231969434,0.23373536,0.2749134508590367,[],,,,,False,no_sgp_quote,lost,-5.0,2026-10-02T11:28:18Z
2026-10-01T17:45:32Z,2026-10-01,2026-10-01T17:45:32Z,2026-09-28,32663,CLE Browns,PIT Steelers,S3-D,Aaron Rodgers|player_pass_yds|Over|214.5||Jaylen Warren|player_reception_yds|Over|25.5,Aaron Rodgers,Jaylen Warren,PIT,PIT,RB,player_pass_yds,Over,214.5,0.4957,player_reception_yds,Over,25.5,0.4913,PASS_YDS__REC_YDS,B,0.18128977168956806,0.24353740999999998,0.2725429578942951,[],,,,,False,tier_b_not_allowed,won,,2026-10-02T11:28:18Z
2026-10-01T17:45:32Z,2026-10-01,2026-10-01T17:45:32Z,2026-09-28,32663,CLE Browns,PIT Steelers,S3-D,Deshaun Watson|player_pass_attempts|Under|28.5||Harold Fannin Jr.|player_receptions|Under|4.5,Deshaun Watson,Harold Fannin Jr.,CLE,CLE,TE,player_pass_attempts,Under,28.5,0.4568,player_receptions,Under,4.5,0.5183,ATTEMPTS__RECEPTIONS,B,0.21340393661583412,0.23675944,0.27072803373324644,[],,,,,False,tier_b_not_allowed,lost,-5.0,2026-10-02T11:28:18Z
2026-10-01T17:45:32Z,2026-10-01,2026-10-01T17:45:32Z,2026-09-28,32663,CLE Browns,PIT Steelers,S3-D,Aaron Rodgers|player_pass_yds|Under|214.5||DK Metcalf|player_receptions|Under|3.5,Aaron Rodgers,DK Metcalf,PIT,PIT,WR,player_pass_yds,Under,214.5,0.5043,player_receptions,Under,3.5,0.45280000000000004,PASS_YDS__RECEPTIONS,B,0.23931098620281352,0.22834704,0.2665246576215942,[],,,,,False,tier_b_not_allowed,lost,-5.0,2026-10-02T11:28:18Z
2026-10-01T17:45:32Z,2026-10-01,2026-10-01T17:45:32Z,2026-09-28,32663,CLE Browns,PIT Steelers,S3-D,Aaron Rodgers|player_pass_yds|Over|214.5||Michael Pittman Jr.|player_receptions|Over|3.5,Aaron Rodgers,Michael Pittman Jr.,PIT,PIT,WR,player_pass_yds,Over,214.5,0.4957,player_receptions,Over,3.5,0.45010000000000006,PASS_YDS__RECEPTIONS,B,0.23931098620281352,0.22311457,0.2612722348795633,[],,,,,False,tier_b_not_allowed,lost,-5.0,2026-10-02T11:28:18Z
2026-10-01T17:45:32Z,2026-10-01,2026-10-01T17:45:32Z,2026-09-28,32663,CLE Browns,PIT Steelers,S3-D,Aaron Rodgers|player_pass_completions|Over|20.5||Michael Pittman Jr.|player_receptions|Over|3.5,Aaron Rodgers,Michael Pittman Jr.,PIT,PIT,WR,player_pass_completions,Over,20.5,0.4838,player_receptions,Over,3.5,0.45010000000000006,COMPLETIONS__RECEPTIONS,A,0.25803415231969434,0.21775838000000003,0.25895622575371446,[],,,,,False,no_sgp_quote,lost,-5.0,2026-10-02T11:28:18Z
2026-10-01T17:45:32Z,2026-10-01,2026-10-01T17:45:32Z,2026-09-28,32663,CLE Browns,PIT Steelers,S3-D,Deshaun Watson|player_pass_completions|Under|18.5||KC Concepcion|player_receptions|Under|3.5,Deshaun Watson,KC Concepcion,CLE,CLE,WR,player_pass_completions,Under,18.5,0.5087,player_receptions,Under,3.5,0.4242,COMPLETIONS__RECEPTIONS,A,0.25803415231969434,0.21579054000000003,0.25652574134422995,[],,,,,False,no_sgp_quote,lost,-5.0,2026-10-02T11:28:18Z
2026-10-01T17:45:32Z,2026-10-01,2026-10-01T17:45:32Z,2026-09-28,32663,CLE Browns,PIT Steelers,S3-D,Denzel Boston|player_receptions|Under|2.5||Deshaun Watson|player_pass_completions|Under|18.5,Deshaun Watson,Denzel Boston,CLE,CLE,WR,player_pass_completions,Under,18.5,0.5087,player_receptions,Under,2.5,0.42250000000000004,COMPLETIONS__RECEPTIONS,A,0.25803415231969434,0.21492575000000003,0.2556254592486635,[],,,,,False,no_sgp_quote,lost,-5.0,2026-10-02T11:28:18Z
2026-10-01T17:45:32Z,2026-10-01,2026-10-01T17:45:32Z,2026-09-28,32663,CLE Browns,PIT Steelers,S3-D,Deshaun Watson|player_pass_yds|Under|185.5||KC Concepcion|player_receptions|Under|3.5,Deshaun Watson,KC Concepcion,CLE,CLE,WR,player_pass_yds,Under,185.5,0.5,player_receptions,Under,3.5,0.4242,PASS_YDS__RECEPTIONS,B,0.23931098620281352,0.2121,0.24985068653239786,[],,,,,False,tier_b_not_allowed,lost,-5.0,2026-10-02T11:28:18Z
2026-10-01T17:45:32Z,2026-10-01,2026-10-01T17:45:32Z,2026-09-28,32663,CLE Browns,PIT Steelers,S3-D,Denzel Boston|player_receptions|Under|2.5||Deshaun Watson|player_pass_yds|Under|185.5,Deshaun Watson,Denzel Boston,CLE,CLE,WR,player_pass_yds,Under,185.5,0.5,player_receptions,Under,2.5,0.42250000000000004,PASS_YDS__RECEPTIONS,B,0.23931098620281352,0.21125000000000002,0.24896838190809664,[],,,,,False,tier_b_not_allowed,lost,-5.0,2026-10-02T11:28:18Z
2026-10-01T17:45:32Z,2026-10-01,2026-10-01T17:45:32Z,2026-09-28,32663,CLE Browns,PIT Steelers,S3-D,Deshaun Watson|player_pass_attempts|Over|28.5||Quinshon Judkins|player_receptions|Over|2.5,Deshaun Watson,Quinshon Judkins,CLE,CLE,RB,player_pass_attempts,Over,28.5,0.5432,player_receptions,Over,2.5,0.3893,ATTEMPTS__RECEPTIONS,B,0.22452237672530106,0.21146776,0.24576055248054976,[],,,,,False,tier_b_not_allowed,won,,2026-10-02T11:28:18Z
2026-10-01T17:45:32Z,2026-10-01,2026-10-01T17:45:32Z,2026-09-28,32663,CLE Browns,PIT Steelers,S3-D,Aaron Rodgers|player_pass_yds|Over|214.5||Roman Wilson|player_receptions|Over|2.5,Aaron Rodgers,Roman Wilson,PIT,PIT,WR,player_pass_yds,Over,214.5,0.4957,player_receptions,Over,2.5,0.40599999999999997,PASS_YDS__RECEPTIONS,B,0.23931098620281352,0.20125419999999997,0.23863091430884342,"[""kalshi""]",,,,,False,tier_b_not_allowed,won,,2026-10-02T11:28:18Z
2026-10-01T17:45:32Z,2026-10-01,2026-10-01T17:45:32Z,2026-09-28,32663,CLE Browns,PIT Steelers,S3-D,Aaron Rodgers|player_pass_completions|Over|20.5||Pat Freiermuth|player_receptions|Over|3.5,Aaron Rodgers,Pat Freiermuth,PIT,PIT,TE,player_pass_completions,Over,20.5,0.4838,player_receptions,Over,3.5,0.40809999999999996,COMPLETIONS__RECEPTIONS,A,0.2567339180009476,0.19743877999999998,0.2376523453685644,[],,,,,False,no_sgp_quote,lost,-5.0,2026-10-02T11:28:18Z
2026-10-01T17:45:32Z,2026-10-01,2026-10-01T17:45:32Z,2026-09-28,32663,CLE Browns,PIT Steelers,S3-D,Aaron Rodgers|player_pass_completions|Over|20.5||Roman Wilson|player_receptions|Over|2.5,Aaron Rodgers,Roman Wilson,PIT,PIT,WR,player_pass_completions,Over,20.5,0.4838,player_receptions,Over,2.5,0.40599999999999997,COMPLETIONS__RECEPTIONS,A,0.25803415231969434,0.19642279999999998,0.23679336052697456,"[""kalshi""]",,,,,False,no_sgp_quote,won,,2026-10-02T11:28:18Z
2026-10-01T17:45:32Z,2026-10-01,2026-10-01T17:45:32Z,2026-09-28,32663,CLE Browns,PIT Steelers,S3-D,Deshaun Watson|player_pass_completions|Over|18.5||Quinshon Judkins|player_receptions|Over|2.5,Deshaun Watson,Quinshon Judkins,CLE,CLE,RB,player_pass_completions,Over,18.5,0.4913,player_receptions,Over,2.5,0.3893,COMPLETIONS__RECEPTIONS,A,0.2690810140451369,0.19126309,0.23292662032963926,[],,,,,False,no_sgp_quote,won,,2026-10-02T11:28:18Z
2026-10-01T17:45:32Z,2026-10-01,2026-10-01T17:45:32Z,2026-09-28,32663,CLE Browns,PIT Steelers,S3-D,Deshaun Watson|player_pass_attempts|Under|28.5||KC Concepcion|player_receptions|Under|3.5,Deshaun Watson,KC Concepcion,CLE,CLE,WR,player_pass_attempts,Under,28.5,0.4568,player_receptions,Under,3.5,0.4242,ATTEMPTS__RECEPTIONS,B,0.21120634316686865,0.19377456,0.22689793496431968,[],,,,,False,tier_b_not_allowed,lost,-5.0,2026-10-02T11:28:18Z
2026-10-01T17:45:32Z,2026-10-01,2026-10-01T17:45:32Z,2026-09-28,32663,CLE Browns,PIT Steelers,S3-D,Denzel Boston|player_receptions|Under|2.5||Deshaun Watson|player_pass_attempts|Under|28.5,Deshaun Watson,Denzel Boston,CLE,CLE,WR,player_pass_attempts,Under,28.5,0.4568,player_receptions,Under,2.5,0.42250000000000004,ATTEMPTS__RECEPTIONS,B,0.21120634316686865,0.192998,0.226094847931692,[],,,,,False,tier_b_not_allowed,lost,-5.0,2026-10-02T11:28:18Z
2026-10-01T17:45:32Z,2026-10-01,2026-10-01T17:45:32Z,2026-09-28,32663,CLE Browns,PIT Steelers,S3-E,Deshaun Watson|player_pass_completions|Under|18.5||Quinshon Judkins|player_receptions|Under|2.5,Deshaun Watson,Quinshon Judkins,CLE,CLE,RB,player_pass_completions,Under,18.5,0.5087,player_receptions,Under,2.5,0.6107,COMPLETIONS__RECEPTIONS,A,0.2690810140451369,0.31066309000000003,0.35232662122681097,[],,,,,False,no_sgp_quote,lost,-5.0,2026-10-02T11:28:18Z
2026-10-01T17:45:32Z,2026-10-01,2026-10-01T17:45:32Z,2026-09-28,32663,CLE Browns,PIT Steelers,S3-E,Aaron Rodgers|player_pass_completions|Under|20.5||Roman Wilson|player_receptions|Under|2.5,Aaron Rodgers,Roman Wilson,PIT,PIT,WR,player_pass_completions,Under,20.5,0.5162,player_receptions,Under,2.5,0.594,COMPLETIONS__RECEPTIONS,A,0.25803415231969434,0.3066228,0.3469933623234422,[],draftkings,132,0.43103448275862066,-8.404112043517847,True,,lost,-5.0,2026-10-02T11:28:18Z
2026-10-01T17:45:32Z,2026-10-01,2026-10-01T17:45:32Z,2026-09-28,32663,CLE Browns,PIT Steelers,S3-E,Denzel Boston|player_receptions|Over|2.5||Deshaun Watson|player_pass_attempts|Over|28.5,Deshaun Watson,Denzel Boston,CLE,CLE,WR,player_pass_attempts,Over,28.5,0.5432,player_receptions,Over,2.5,0.5775,ATTEMPTS__RECEPTIONS,B,0.21120634316686865,0.31369800000000003,0.3467948527907561,[],draftkings,150,0.4,-5.320514720924391,True,,won,7.5,2026-10-02T11:28:18Z
2026-10-01T17:45:32Z,2026-10-01,2026-10-01T17:45:32Z,2026-09-28,32663,CLE Browns,PIT Steelers,S3-E,Deshaun Watson|player_pass_attempts|Over|28.5||KC Concepcion|player_receptions|Over|3.5,Deshaun Watson,KC Concepcion,CLE,CLE,WR,player_pass_attempts,Over,28.5,0.5432,player_receptions,Over,3.5,0.5758,ATTEMPTS__RECEPTIONS,B,0.21120634316686865,0.31277456,0.3458979398273104,[],draftkings,138,0.42016806722689076,-7.427012739958039,True,,won,6.9,2026-10-02T11:28:18Z
2026-10-01T17:45:32Z,2026-10-01,2026-10-01T17:45:32Z,2026-09-28,32663,CLE Browns,PIT Steelers,S3-E,Aaron Rodgers|player_pass_completions|Under|20.5||Pat Freiermuth|player_receptions|Under|3.5,Aaron Rodgers,Pat Freiermuth,PIT,PIT,TE,player_pass_completions,Under,20.5,0.5162,player_receptions,Under,3.5,0.5919,COMPLETIONS__RECEPTIONS,A,0.2567339180009476,0.30553878,0.34575234716900294,[],draftkings,128,0.43859649122807015,-9.284414405906722,True,,lost,-5.0,2026-10-02T11:28:18Z
2026-10-01T17:45:32Z,2026-10-01,2026-10-01T17:45:32Z,2026-09-28,32663,CLE Browns,PIT Steelers,S3-E,Aaron Rodgers|player_pass_yds|Under|214.5||Roman Wilson|player_receptions|Under|2.5,Aaron Rodgers,Roman Wilson,PIT,PIT,WR,player_pass_yds,Under,214.5,0.5043,player_receptions,Under,2.5,0.594,PASS_YDS__RECEPTIONS,B,0.23931098620281352,0.2995542,0.3369309147123789,[],fanduel,154,0.3937007874015748,-5.676987268919592,True,,lost,-5.0,2026-10-02T11:28:18Z
2026-10-01T17:45:32Z,2026-10-01,2026-10-01T17:45:32Z,2026-09-28,32663,CLE Browns,PIT Steelers,S3-E,Denzel Boston|player_receptions|Over|2.5||Deshaun Watson|player_pass_yds|Over|185.5,Deshaun Watson,Denzel Boston,CLE,CLE,WR,player_pass_yds,Over,185.5,0.5,player_receptions,Over,2.5,0.5775,PASS_YDS__RECEPTIONS,B,0.23931098620281352,0.28875,0.326468381856242,[],fanduel,145,0.40816326530612246,-8.169488344988046,True,,won,7.25,2026-10-02T11:28:18Z
2026-10-01T17:45:32Z,2026-10-01,2026-10-01T17:45:32Z,2026-09-28,32663,CLE Browns,PIT Steelers,S3-E,Deshaun Watson|player_pass_yds|Over|185.5||KC Concepcion|player_receptions|Over|3.5,Deshaun Watson,KC Concepcion,CLE,CLE,WR,player_pass_yds,Over,185.5,0.5,player_receptions,Over,3.5,0.5758,PASS_YDS__RECEPTIONS,B,0.23931098620281352,0.2879,0.3256506864850503,[],fanduel,149,0.40160642570281124,-7.5955739217760945,True,,won,7.45,2026-10-02T11:28:18Z
2026-10-01T17:45:32Z,2026-10-01,2026-10-01T17:45:32Z,2026-09-28,32663,CLE Browns,PIT Steelers,S3-E,Aaron Rodgers|player_pass_completions|Under|20.5||Michael Pittman Jr.|player_receptions|Under|3.5,Aaron Rodgers,Michael Pittman Jr.,PIT,PIT,WR,player_pass_completions,Under,20.5,0.5162,player_receptions,Under,3.5,0.5499,COMPLETIONS__RECEPTIONS,A,0.25803415231969434,0.28385838,0.32505622765319914,[],draftkings,140,0.4166666666666667,-9.161043901346755,True,,lost,-5.0,2026-10-02T11:28:18Z
2026-10-01T17:45:32Z,2026-10-01,2026-10-01T17:45:32Z,2026-09-28,32663,CLE Browns,PIT Steelers,S3-E,Denzel Boston|player_receptions|Over|2.5||Deshaun Watson|player_pass_completions|Over|18.5,Deshaun Watson,Denzel Boston,CLE,CLE,WR,player_pass_completions,Over,18.5,0.4913,player_receptions,Over,2.5,0.5775,COMPLETIONS__RECEPTIONS,A,0.25803415231969434,0.28372575,0.3244254581848845,[],,,,,False,no_sgp_quote,won,,2026-10-02T11:28:18Z
2026-10-01T17:45:32Z,2026-10-01,2026-10-01T17:45:32Z,2026-09-28,32663,CLE Browns,PIT Steelers,S3-E,Deshaun Watson|player_pass_completions|Over|18.5||KC Concepcion|player_receptions|Over|3.5,Deshaun Watson,KC Concepcion,CLE,CLE,WR,player_pass_completions,Over,18.5,0.4913,player_receptions,Over,3.5,0.5758,COMPLETIONS__RECEPTIONS,A,0.25803415231969434,0.28289054,0.3236257402848271,[],,,,,False,no_sgp_quote,won,,2026-10-02T11:28:18Z
2026-10-01T17:45:32Z,2026-10-01,2026-10-01T17:45:32Z,2026-09-28,32663,CLE Browns,PIT Steelers,S3-E,Aaron Rodgers|player_pass_yds|Under|214.5||Michael Pittman Jr.|player_receptions|Under|3.5,Aaron Rodgers,Michael Pittman Jr.,PIT,PIT,WR,player_pass_yds,Under,214.5,0.5043,player_receptions,Under,3.5,0.5499,PASS_YDS__RECEPTIONS,B,0.23931098620281352,0.27731457000000004,0.3154722353863147,[],fanduel,162,0.3816793893129771,-6.620715392666243,True,,lost,-5.0,2026-10-02T11:28:18Z
2026-10-01T17:45:32Z,2026-10-01,2026-10-01T17:45:32Z,2026-09-28,32663,CLE Browns,PIT Steelers,S3-E,Aaron Rodgers|player_pass_yds|Over|214.5||Roman Wilson|player_reception_yds|Over|19.5,Aaron Rodgers,Roman Wilson,PIT,PIT,WR,player_pass_yds,Over,214.5,0.4957,player_reception_yds,Over,19.5,0.5342,PASS_YDS__REC_YDS,A,0.30424078103150837,0.26480294,0.31380719283630387,[],fanduel,186,0.34965034965034963,-3.5843156814045765,True,,won,9.3,2026-10-02T11:28:18Z
2026-10-01T17:45:32Z,2026-10-01,2026-10-01T17:45:32Z,2026-09-28,32663,CLE Browns,PIT Steelers,S3-E,Deshaun Watson|player_pass_attempts|Under|28.5||Quinshon Judkins|player_receptions|Under|2.5,Deshaun Watson,Quinshon Judkins,CLE,CLE,RB,player_pass_attempts,Under,28.5,0.4568,player_receptions,Under,2.5,0.6107,ATTEMPTS__RECEPTIONS,B,0.22452237672530106,0.27896776,0.3132605475342911,[],draftkings,154,0.3937007874015748,-8.044023986728371,True,,lost,-5.0,2026-10-02T11:28:18Z
2026-10-01T17:45:32Z,2026-10-01,2026-10-01T17:45:32Z,2026-09-28,32663,CLE Browns,PIT Steelers,S3-E,Aaron Rodgers|player_pass_yds|Over|214.5||DK Metcalf|player_receptions|Over|3.5,Aaron Rodgers,DK Metcalf,PIT,PIT,WR,player_pass_yds,Over,214.5,0.4957,player_receptions,Over,3.5,0.5472,PASS_YDS__RECEPTIONS,B,0.23931098620281352,0.27124704,0.3094246571358446,[],,,,,False,no_sgp_quote,won,,2026-10-02T11:28:18Z
2026-10-01T17:45:32Z,2026-10-01,2026-10-01T17:45:32Z,2026-09-28,32663,CLE Browns,PIT Steelers,S3-E,Aaron Rodgers|player_pass_completions|Under|20.5||Jaylen Warren|player_receptions|Under|3.5,Aaron Rodgers,Jaylen Warren,PIT,PIT,RB,player_pass_completions,Under,20.5,0.5162,player_receptions,Under,3.5,0.5108,COMPLETIONS__RECEPTIONS,A,0.2690810140451369,0.26367496,0.30698868426430076,[],,,,,False,no_sgp_quote,lost,-5.0,2026-10-02T11:28:18Z
2026-10-01T17:45:32Z,2026-10-01,2026-10-01T17:45:32Z,2026-09-28,32663,CLE Browns,PIT Steelers,S3-E,Aaron Rodgers|player_pass_completions|Over|20.5||DK Metcalf|player_receptions|Over|3.5,Aaron Rodgers,DK Metcalf,PIT,PIT,WR,player_pass_completions,Over,20.5,0.4838,player_receptions,Over,3.5,0.5472,COMPLETIONS__RECEPTIONS,A,0.25803415231969434,0.26473536000000003,0.3059134489877902,[],,,,,False,no_sgp_quote,won,,2026-10-02T11:28:18Z
2026-10-01T17:45:32Z,2026-10-01,2026-10-01T17:45:32Z,2026-09-28,32663,CLE Browns,PIT Steelers,S3-E,Deshaun Watson|player_pass_completions|Under|18.5||Harold Fannin Jr.|player_receptions|Under|4.5,Deshaun Watson,Harold Fannin Jr.,CLE,CLE,TE,player_pass_completions,Under,18.5,0.5087,player_receptions,Under,4.5,0.5183,COMPLETIONS__RECEPTIONS,A,0.2567339180009476,0.26365921000000003,0.30493340319649576,[],,,,,False,no_sgp_quote,lost,-5.0,2026-10-02T11:28:18Z
2026-10-01T17:45:32Z,2026-10-01,2026-10-01T17:45:32Z,2026-09-28,32663,CLE Browns,PIT Steelers,S3-E,Aaron Rodgers|player_pass_yds|Over|214.5||Germie Bernard|player_reception_yds|Over|9.5,Aaron Rodgers,Germie Bernard,PIT,PIT,WR,player_pass_yds,Over,214.5,0.4957,player_reception_yds,Over,9.5,0.513,PASS_YDS__REC_YDS,A,0.30424078103150837,0.25429409999999997,0.3034627541019096,[],,,,,False,no_sgp_quote,won,,2026-10-02T11:28:18Z
2026-10-01T17:45:32Z,2026-10-01,2026-10-01T17:45:32Z,2026-09-28,32663,CLE Browns,PIT Steelers,S3-E,Aaron Rodgers|player_pass_yds|Under|214.5||DK Metcalf|player_reception_yds|Under|45.5,Aaron Rodgers,DK Metcalf,PIT,PIT,WR,player_pass_yds,Under,214.5,0.5043,player_reception_yds,Under,45.5,0.5,PASS_YDS__REC_YDS,A,0.30424078103150837,0.25215,0.3013484233547537,[],,,,,False,no_sgp_quote,lost,-5.0,2026-10-02T11:28:18Z
2026-10-01T17:45:32Z,2026-10-01,2026-10-01T17:45:32Z,2026-09-28,32663,CLE Browns,PIT Steelers,S3-E,Denzel Boston|player_reception_yds|Over|37.5||Deshaun Watson|player_pass_yds|Over|185.5,Deshaun Watson,Denzel Boston,CLE,CLE,WR,player_pass_yds,Over,185.5,0.5,player_reception_yds,Over,37.5,0.5,PASS_YDS__REC_YDS,A,0.30424078103150837,0.25,0.29920137580175776,[],,,,,False,no_sgp_quote,won,,2026-10-02T11:28:18Z
2026-10-01T17:45:32Z,2026-10-01,2026-10-01T17:45:32Z,2026-09-28,32663,CLE Browns,PIT Steelers,S3-E,Deshaun Watson|player_pass_yds|Over|185.5||Jerry Jeudy|player_reception_yds|Over|14.5,Deshaun Watson,Jerry Jeudy,CLE,CLE,WR,player_pass_yds,Over,185.5,0.5,player_reception_yds,Over,14.5,0.5,PASS_YDS__REC_YDS,A,0.30424078103150837,0.25,0.29920137580175776,[],,,,,False,no_sgp_quote,won,,2026-10-02T11:28:18Z
2026-10-01T17:45:32Z,2026-10-01,2026-10-01T17:45:32Z,2026-09-28,32663,CLE Browns,PIT Steelers,S3-E,Deshaun Watson|player_pass_yds|Over|185.5||KC Concepcion|player_reception_yds|Over|35.5,Deshaun Watson,KC Concepcion,CLE,CLE,WR,player_pass_yds,Over,185.5,0.5,player_reception_yds,Over,35.5,0.5,PASS_YDS__REC_YDS,A,0.30424078103150837,0.25,0.29920137580175776,[],,,,,False,no_sgp_quote,won,,2026-10-02T11:28:18Z
2026-10-01T17:45:32Z,2026-10-01,2026-10-01T17:45:32Z,2026-09-28,32663,CLE Browns,PIT Steelers,S3-E,Denzel Boston|player_reception_yds|Under|37.5||Deshaun Watson|player_pass_yds|Under|185.5,Deshaun Watson,Denzel Boston,CLE,CLE,WR,player_pass_yds,Under,185.5,0.5,player_reception_yds,Under,37.5,0.5,PASS_YDS__REC_YDS,A,0.30424078103150837,0.25,0.29920137580175776,[],,,,,False,no_sgp_quote,lost,-5.0,2026-10-02T11:28:18Z
2026-10-01T17:45:32Z,2026-10-01,2026-10-01T17:45:32Z,2026-09-28,32663,CLE Browns,PIT Steelers,S3-E,Deshaun Watson|player_pass_yds|Under|185.5||Jerry Jeudy|player_reception_yds|Under|14.5,Deshaun Watson,Jerry Jeudy,CLE,CLE,WR,player_pass_yds,Under,185.5,0.5,player_reception_yds,Under,14.5,0.5,PASS_YDS__REC_YDS,A,0.30424078103150837,0.25,0.29920137580175776,[],,,,,False,no_sgp_quote,lost,-5.0,2026-10-02T11:28:18Z
2026-10-01T17:45:32Z,2026-10-01,2026-10-01T17:45:32Z,2026-09-28,32663,CLE Browns,PIT Steelers,S3-E,Deshaun Watson|player_pass_yds|Under|185.5||KC Concepcion|player_reception_yds|Under|35.5,Deshaun Watson,KC Concepcion,CLE,CLE,WR,player_pass_yds,Under,185.5,0.5,player_reception_yds,Under,35.5,0.5,PASS_YDS__REC_YDS,A,0.30424078103150837,0.25,0.29920137580175776,[],,,,,False,no_sgp_quote,lost,-5.0,2026-10-02T11:28:18Z
2026-10-01T17:45:32Z,2026-10-01,2026-10-01T17:45:32Z,2026-09-28,32663,CLE Browns,PIT Steelers,S3-E,Aaron Rodgers|player_pass_yds|Over|214.5||DK Metcalf|player_reception_yds|Over|45.5,Aaron Rodgers,DK Metcalf,PIT,PIT,WR,player_pass_yds,Over,214.5,0.4957,player_reception_yds,Over,45.5,0.5,PASS_YDS__REC_YDS,A,0.30424078103150837,0.24785,0.29704842284225186,[],,,,,False,no_sgp_quote,won,,2026-10-02T11:28:18Z
2026-10-01T17:45:32Z,2026-10-01,2026-10-01T17:45:32Z,2026-09-28,32663,CLE Browns,PIT Steelers,S3-E,Deshaun Watson|player_pass_attempts|Over|28.5||Harold Fannin Jr.|player_receptions|Over|4.5,Deshaun Watson,Harold Fannin Jr.,CLE,CLE,TE,player_pass_attempts,Over,28.5,0.5432,player_receptions,Over,4.5,0.4817,ATTEMPTS__RECEPTIONS,B,0.21340393661583412,0.26165944,0.2956280385858605,[],,,,,False,no_sgp_quote,lost,-5.0,2026-10-02T11:28:18Z
2026-10-01T17:45:32Z,2026-10-01,2026-10-01T17:45:32Z,2026-09-28,32663,CLE Browns,PIT Steelers,S3-E,Aaron Rodgers|player_pass_yds|Under|214.5||Germie Bernard|player_reception_yds|Under|9.5,Aaron Rodgers,Germie Bernard,PIT,PIT,WR,player_pass_yds,Under,214.5,0.5043,player_reception_yds,Under,9.5,0.48699999999999993,PASS_YDS__REC_YDS,A,0.30424078103150837,0.24559409999999995,0.29476275460061585,[],,,,,False,no_sgp_quote,lost,-5.0,2026-10-02T11:28:18Z
2026-10-01T17:45:32Z,2026-10-01,2026-10-01T17:45:32Z,2026-09-28,32663,CLE Browns,PIT Steelers,S3-E,Aaron Rodgers|player_pass_yds|Under|214.5||Darnell Washington|player_reception_yds|Under|18.5,Aaron Rodgers,Darnell Washington,PIT,PIT,TE,player_pass_yds,Under,214.5,0.5043,player_reception_yds,Under,18.5,0.5,PASS_YDS__REC_YDS,B,0.21889110444728782,0.25215,0.2872699039062472,[],,,,,False,no_sgp_quote,lost,-5.0,2026-10-02T11:28:18Z
2026-10-01T17:45:32Z,2026-10-01,2026-10-01T17:45:32Z,2026-09-28,32663,CLE Browns,PIT Steelers,S3-E,Aaron Rodgers|player_pass_yds|Under|214.5||Pat Freiermuth|player_reception_yds|Under|26.5,Aaron Rodgers,Pat Freiermuth,PIT,PIT,TE,player_pass_yds,Under,214.5,0.5043,player_reception_yds,Under,26.5,0.5,PASS_YDS__REC_YDS,B,0.21889110444728782,0.25215,0.2872699039062472,[],,,,,False,no_sgp_quote,lost,-5.0,2026-10-02T11:28:18Z
2026-10-01T17:45:32Z,2026-10-01,2026-10-01T17:45:32Z,2026-09-28,32663,CLE Browns,PIT Steelers,S3-E,Aaron Rodgers|player_pass_yds|Under|214.5||Jaylen Warren|player_reception_yds|Under|25.5,Aaron Rodgers,Jaylen Warren,PIT,PIT,RB,player_pass_yds,Under,214.5,0.5043,player_reception_yds,Under,25.5,0.5087,PASS_YDS__REC_YDS,B,0.18128977168956806,0.25653741,0.28554295839060106,[],,,,,False,no_sgp_quote,lost,-5.0,2026-10-02T11:28:18Z
2026-10-01T17:45:32Z,2026-10-01,2026-10-01T17:45:32Z,2026-09-28,32663,CLE Browns,PIT Steelers,S3-E,Aaron Rodgers|player_pass_yds|Under|214.5||Roman Wilson|player_reception_yds|Under|19.5,Aaron Rodgers,Roman Wilson,PIT,PIT,WR,player_pass_yds,Under,214.5,0.5043,player_reception_yds,Under,19.5,0.4658,PASS_YDS__REC_YDS,A,0.30424078103150837,0.23490293999999998,0.28390719332660413,[],,,,,False,no_sgp_quote,lost,-5.0,2026-10-02T11:28:18Z
2026-10-01T17:45:32Z,2026-10-01,2026-10-01T17:45:32Z,2026-09-28,32663,CLE Browns,PIT Steelers,S3-E,Aaron Rodgers|player_pass_yds|Over|214.5||Darnell Washington|player_reception_yds|Over|18.5,Aaron Rodgers,Darnell Washington,PIT,PIT,TE,player_pass_yds,Over,214.5,0.4957,player_reception_yds,Over,18.5,0.5,PASS_YDS__REC_YDS,B,0.21889110444728782,0.24785,0.2829699034120366,[],,,,,False,no_sgp_quote,won,,2026-10-02T11:28:18Z
2026-10-01T17:45:32Z,2026-10-01,2026-10-01T17:45:32Z,2026-09-28,32663,CLE Browns,PIT Steelers,S3-E,Aaron Rodgers|player_pass_yds|Over|214.5||Pat Freiermuth|player_reception_yds|Over|26.5,Aaron Rodgers,Pat Freiermuth,PIT,PIT,TE,player_pass_yds,Over,214.5,0.4957,player_reception_yds,Over,26.5,0.5,PASS_YDS__REC_YDS,B,0.21889110444728782,0.24785,0.2829699034120366,[],,,,,False,no_sgp_quote,lost,-5.0,2026-10-02T11:28:18Z
2026-10-01T17:45:32Z,2026-10-01,2026-10-01T17:45:32Z,2026-09-28,32663,CLE Browns,PIT Steelers,S3-E,Aaron Rodgers|player_pass_completions|Over|20.5||Jaylen Warren|player_receptions|Over|3.5,Aaron Rodgers,Jaylen Warren,PIT,PIT,RB,player_pass_completions,Over,20.5,0.4838,player_receptions,Over,3.5,0.4892,COMPLETIONS__RECEPTIONS,A,0.2690810140451369,0.23667496000000002,0.27998868235441393,[],,,,,False,no_sgp_quote,lost,-5.0,2026-10-02T11:28:18Z
2026-10-01T17:45:32Z,2026-10-01,2026-10-01T17:45:32Z,2026-09-28,32663,CLE Browns,PIT Steelers,S3-E,Deshaun Watson|player_pass_yds|Over|185.5||Quinshon Judkins|player_reception_yds|Over|11.5,Deshaun Watson,Quinshon Judkins,CLE,CLE,RB,player_pass_yds,Over,185.5,0.5,player_reception_yds,Over,11.5,0.5,PASS_YDS__REC_YDS,B,0.18128977168956806,0.25,0.2790135985693774,[],,,,,False,no_sgp_quote,won,,2026-10-02T11:28:18Z
2026-10-01T17:45:32Z,2026-10-01,2026-10-01T17:45:32Z,2026-09-28,32663,CLE Browns,PIT Steelers,S3-E,Deshaun Watson|player_pass_yds|Over|185.5||Raheim Sanders|player_reception_yds|Over|11.5,Deshaun Watson,Raheim Sanders,CLE,CLE,RB,player_pass_yds,Over,185.5,0.5,player_reception_yds,Over,11.5,0.5,PASS_YDS__REC_YDS,B,0.18128977168956806,0.25,0.2790135985693774,[],,,,,False,no_sgp_quote,lost,-5.0,2026-10-02T11:28:18Z
2026-10-01T17:45:32Z,2026-10-01,2026-10-01T17:45:32Z,2026-09-28,32663,CLE Browns,PIT Steelers,S3-E,Deshaun Watson|player_pass_yds|Under|185.5||Quinshon Judkins|player_reception_yds|Under|11.5,Deshaun Watson,Quinshon Judkins,CLE,CLE,RB,player_pass_yds,Under,185.5,0.5,player_reception_yds,Under,11.5,0.5,PASS_YDS__REC_YDS,B,0.18128977168956806,0.25,0.2790135985693774,[],,,,,False,no_sgp_quote,lost,-5.0,2026-10-02T11:28:18Z
2026-10-01T17:45:32Z,2026-10-01,2026-10-01T17:45:32Z,2026-09-28,32663,CLE Browns,PIT Steelers,S3-E,Deshaun Watson|player_pass_yds|Under|185.5||Raheim Sanders|player_reception_yds|Under|11.5,Deshaun Watson,Raheim Sanders,CLE,CLE,RB,player_pass_yds,Under,185.5,0.5,player_reception_yds,Under,11.5,0.5,PASS_YDS__REC_YDS,B,0.18128977168956806,0.25,0.2790135985693774,[],,,,,False,no_sgp_quote,lost,-5.0,2026-10-02T11:28:18Z
2026-10-01T17:45:32Z,2026-10-01,2026-10-01T17:45:32Z,2026-09-28,32663,CLE Browns,PIT Steelers,S3-E,Deshaun Watson|player_pass_completions|Over|18.5||Harold Fannin Jr.|player_receptions|Over|4.5,Deshaun Watson,Harold Fannin Jr.,CLE,CLE,TE,player_pass_completions,Over,18.5,0.4913,player_receptions,Over,4.5,0.4817,COMPLETIONS__RECEPTIONS,A,0.2567339180009476,0.23665921,0.2779334021629809,[],,,,,False,no_sgp_quote,lost,-5.0,2026-10-02T11:28:18Z
2026-10-01T17:45:32Z,2026-10-01,2026-10-01T17:45:32Z,2026-09-28,32663,CLE Browns,PIT Steelers,S3-E,Aaron Rodgers|player_pass_completions|Under|20.5||DK Metcalf|player_receptions|Under|3.5,Aaron Rodgers,DK Metcalf,PIT,PIT,WR,player_pass_completions,Under,20.5,0.5162,player_receptions,Under,3.5,0.45280000000000004,COMPLETIONS__RECEPTIONS,A,0.25803415231969434,0.23373536,0.2749134508590367,[],,,,,False,no_sgp_quote,lost,-5.0,2026-10-02T11:28:18Z
2026-10-01T17:45:32Z,2026-10-01,2026-10-01T17:45:32Z,2026-09-28,32663,CLE Browns,PIT Steelers,S3-E,Aaron Rodgers|player_pass_yds|Over|214.5||Jaylen Warren|player_reception_yds|Over|25.5,Aaron Rodgers,Jaylen Warren,PIT,PIT,RB,player_pass_yds,Over,214.5,0.4957,player_reception_yds,Over,25.5,0.4913,PASS_YDS__REC_YDS,B,0.18128977168956806,0.24353740999999998,0.2725429578942951,[],,,,,False,no_sgp_quote,won,,2026-10-02T11:28:18Z
2026-10-01T17:45:32Z,2026-10-01,2026-10-01T17:45:32Z,2026-09-28,32663,CLE Browns,PIT Steelers,S3-E,Deshaun Watson|player_pass_attempts|Under|28.5||Harold Fannin Jr.|player_receptions|Under|4.5,Deshaun Watson,Harold Fannin Jr.,CLE,CLE,TE,player_pass_attempts,Under,28.5,0.4568,player_receptions,Under,4.5,0.5183,ATTEMPTS__RECEPTIONS,B,0.21340393661583412,0.23675944,0.27072803373324644,[],,,,,False,no_sgp_quote,lost,-5.0,2026-10-02T11:28:18Z
2026-10-01T17:45:32Z,2026-10-01,2026-10-01T17:45:32Z,2026-09-28,32663,CLE Browns,PIT Steelers,S3-E,Aaron Rodgers|player_pass_yds|Under|214.5||DK Metcalf|player_receptions|Under|3.5,Aaron Rodgers,DK Metcalf,PIT,PIT,WR,player_pass_yds,Under,214.5,0.5043,player_receptions,Under,3.5,0.45280000000000004,PASS_YDS__RECEPTIONS,B,0.23931098620281352,0.22834704,0.2665246576215942,[],,,,,False,no_sgp_quote,lost,-5.0,2026-10-02T11:28:18Z
2026-10-01T17:45:32Z,2026-10-01,2026-10-01T17:45:32Z,2026-09-28,32663,CLE Browns,PIT Steelers,S3-E,Aaron Rodgers|player_pass_yds|Over|214.5||Michael Pittman Jr.|player_receptions|Over|3.5,Aaron Rodgers,Michael Pittman Jr.,PIT,PIT,WR,player_pass_yds,Over,214.5,0.4957,player_receptions,Over,3.5,0.45010000000000006,PASS_YDS__RECEPTIONS,B,0.23931098620281352,0.22311457,0.2612722348795633,[],,,,,False,no_sgp_quote,lost,-5.0,2026-10-02T11:28:18Z
2026-10-01T17:45:32Z,2026-10-01,2026-10-01T17:45:32Z,2026-09-28,32663,CLE Browns,PIT Steelers,S3-E,Aaron Rodgers|player_pass_completions|Over|20.5||Michael Pittman Jr.|player_receptions|Over|3.5,Aaron Rodgers,Michael Pittman Jr.,PIT,PIT,WR,player_pass_completions,Over,20.5,0.4838,player_receptions,Over,3.5,0.45010000000000006,COMPLETIONS__RECEPTIONS,A,0.25803415231969434,0.21775838000000003,0.25895622575371446,[],,,,,False,no_sgp_quote,lost,-5.0,2026-10-02T11:28:18Z
2026-10-01T17:45:32Z,2026-10-01,2026-10-01T17:45:32Z,2026-09-28,32663,CLE Browns,PIT Steelers,S3-E,Deshaun Watson|player_pass_completions|Under|18.5||KC Concepcion|player_receptions|Under|3.5,Deshaun Watson,KC Concepcion,CLE,CLE,WR,player_pass_completions,Under,18.5,0.5087,player_receptions,Under,3.5,0.4242,COMPLETIONS__RECEPTIONS,A,0.25803415231969434,0.21579054000000003,0.25652574134422995,[],,,,,False,no_sgp_quote,lost,-5.0,2026-10-02T11:28:18Z
2026-10-01T17:45:32Z,2026-10-01,2026-10-01T17:45:32Z,2026-09-28,32663,CLE Browns,PIT Steelers,S3-E,Denzel Boston|player_receptions|Under|2.5||Deshaun Watson|player_pass_completions|Under|18.5,Deshaun Watson,Denzel Boston,CLE,CLE,WR,player_pass_completions,Under,18.5,0.5087,player_receptions,Under,2.5,0.42250000000000004,COMPLETIONS__RECEPTIONS,A,0.25803415231969434,0.21492575000000003,0.2556254592486635,[],,,,,False,no_sgp_quote,lost,-5.0,2026-10-02T11:28:18Z
2026-10-01T17:45:32Z,2026-10-01,2026-10-01T17:45:32Z,2026-09-28,32663,CLE Browns,PIT Steelers,S3-E,Deshaun Watson|player_pass_yds|Under|185.5||KC Concepcion|player_receptions|Under|3.5,Deshaun Watson,KC Concepcion,CLE,CLE,WR,player_pass_yds,Under,185.5,0.5,player_receptions,Under,3.5,0.4242,PASS_YDS__RECEPTIONS,B,0.23931098620281352,0.2121,0.24985068653239786,[],,,,,False,no_sgp_quote,lost,-5.0,2026-10-02T11:28:18Z
2026-10-01T17:45:32Z,2026-10-01,2026-10-01T17:45:32Z,2026-09-28,32663,CLE Browns,PIT Steelers,S3-E,Denzel Boston|player_receptions|Under|2.5||Deshaun Watson|player_pass_yds|Under|185.5,Deshaun Watson,Denzel Boston,CLE,CLE,WR,player_pass_yds,Under,185.5,0.5,player_receptions,Under,2.5,0.42250000000000004,PASS_YDS__RECEPTIONS,B,0.23931098620281352,0.21125000000000002,0.24896838190809664,[],,,,,False,no_sgp_quote,lost,-5.0,2026-10-02T11:28:18Z
2026-10-01T17:45:32Z,2026-10-01,2026-10-01T17:45:32Z,2026-09-28,32663,CLE Browns,PIT Steelers,S3-E,Deshaun Watson|player_pass_attempts|Over|28.5||Quinshon Judkins|player_receptions|Over|2.5,Deshaun Watson,Quinshon Judkins,CLE,CLE,RB,player_pass_attempts,Over,28.5,0.5432,player_receptions,Over,2.5,0.3893,ATTEMPTS__RECEPTIONS,B,0.22452237672530106,0.21146776,0.24576055248054976,[],,,,,False,no_sgp_quote,won,,2026-10-02T11:28:18Z
2026-10-01T17:45:32Z,2026-10-01,2026-10-01T17:45:32Z,2026-09-28,32663,CLE Browns,PIT Steelers,S3-E,Aaron Rodgers|player_pass_yds|Over|214.5||Roman Wilson|player_receptions|Over|2.5,Aaron Rodgers,Roman Wilson,PIT,PIT,WR,player_pass_yds,Over,214.5,0.4957,player_receptions,Over,2.5,0.40599999999999997,PASS_YDS__RECEPTIONS,B,0.23931098620281352,0.20125419999999997,0.23863091430884342,"[""kalshi""]",,,,,False,no_sgp_quote,won,,2026-10-02T11:28:18Z
2026-10-01T17:45:32Z,2026-10-01,2026-10-01T17:45:32Z,2026-09-28,32663,CLE Browns,PIT Steelers,S3-E,Aaron Rodgers|player_pass_completions|Over|20.5||Pat Freiermuth|player_receptions|Over|3.5,Aaron Rodgers,Pat Freiermuth,PIT,PIT,TE,player_pass_completions,Over,20.5,0.4838,player_receptions,Over,3.5,0.40809999999999996,COMPLETIONS__RECEPTIONS,A,0.2567339180009476,0.19743877999999998,0.2376523453685644,[],,,,,False,no_sgp_quote,lost,-5.0,2026-10-02T11:28:18Z
2026-10-01T17:45:32Z,2026-10-01,2026-10-01T17:45:32Z,2026-09-28,32663,CLE Browns,PIT Steelers,S3-E,Aaron Rodgers|player_pass_completions|Over|20.5||Roman Wilson|player_receptions|Over|2.5,Aaron Rodgers,Roman Wilson,PIT,PIT,WR,player_pass_completions,Over,20.5,0.4838,player_receptions,Over,2.5,0.40599999999999997,COMPLETIONS__RECEPTIONS,A,0.25803415231969434,0.19642279999999998,0.23679336052697456,"[""kalshi""]",,,,,False,no_sgp_quote,won,,2026-10-02T11:28:18Z
2026-10-01T17:45:32Z,2026-10-01,2026-10-01T17:45:32Z,2026-09-28,32663,CLE Browns,PIT Steelers,S3-E,Deshaun Watson|player_pass_completions|Over|18.5||Quinshon Judkins|player_receptions|Over|2.5,Deshaun Watson,Quinshon Judkins,CLE,CLE,RB,player_pass_completions,Over,18.5,0.4913,player_receptions,Over,2.5,0.3893,COMPLETIONS__RECEPTIONS,A,0.2690810140451369,0.19126309,0.23292662032963926,[],,,,,False,no_sgp_quote,won,,2026-10-02T11:28:18Z
2026-10-01T17:45:32Z,2026-10-01,2026-10-01T17:45:32Z,2026-09-28,32663,CLE Browns,PIT Steelers,S3-E,Deshaun Watson|player_pass_attempts|Under|28.5||KC Concepcion|player_receptions|Under|3.5,Deshaun Watson,KC Concepcion,CLE,CLE,WR,player_pass_attempts,Under,28.5,0.4568,player_receptions,Under,3.5,0.4242,ATTEMPTS__RECEPTIONS,B,0.21120634316686865,0.19377456,0.22689793496431968,[],,,,,False,no_sgp_quote,lost,-5.0,2026-10-02T11:28:18Z
2026-10-01T17:45:32Z,2026-10-01,2026-10-01T17:45:32Z,2026-09-28,32663,CLE Browns,PIT Steelers,S3-E,Denzel Boston|player_receptions|Under|2.5||Deshaun Watson|player_pass_attempts|Under|28.5,Deshaun Watson,Denzel Boston,CLE,CLE,WR,player_pass_attempts,Under,28.5,0.4568,player_receptions,Under,2.5,0.42250000000000004,ATTEMPTS__RECEPTIONS,B,0.21120634316686865,0.192998,0.226094847931692,[],,,,,False,no_sgp_quote,lost,-5.0,2026-10-02T11:28:18Z
2026-10-05T20:45:49Z,2026-10-05,2026-10-05T20:45:20Z,2026-10-05,32677,New Orleans Saints,Atlanta Falcons,S2,Alvin Kamara|player_receptions|Under|3.5||Tyler Shough|player_pass_completions|Under|23.5,Tyler Shough,Alvin Kamara,NO,NO,RB,player_pass_completions,Under,23.5,0.4892,player_receptions,Under,3.5,0.6136,COMPLETIONS__RECEPTIONS,A,0.2690810140451369,0.30017312,0.30017312,[],,,,,False,no_dual_confirm_leg,lost,-5.0,2026-10-06T12:19:53Z
2026-10-05T20:45:49Z,2026-10-05,2026-10-05T20:45:20Z,2026-10-05,32677,New Orleans Saints,Atlanta Falcons,S2,Devaughn Vele|player_receptions|Over|3.5||Tyler Shough|player_pass_completions|Over|23.5,Tyler Shough,Devaughn Vele,NO,NO,WR,player_pass_completions,Over,23.5,0.5108,player_receptions,Over,3.5,0.5865,COMPLETIONS__RECEPTIONS,A,0.25803415231969434,0.2995842,0.2995842,[],draftkings,148,0.4032258064516129,-10.364160645161286,False,no_dual_confirm_leg,won,7.4,2026-10-06T12:19:53Z
2026-10-05T20:45:49Z,2026-10-05,2026-10-05T20:45:20Z,2026-10-05,32677,New Orleans Saints,Atlanta Falcons,S2,Devaughn Vele|player_receptions|Over|3.5||Tyler Shough|player_pass_tds|Over|1.5,Tyler Shough,Devaughn Vele,NO,NO,WR,player_pass_tds,Over,1.5,0.5432,player_receptions,Over,3.5,0.5865,PASS_TD__RECEPTIONS,,0.10402045169750898,0.3185868,0.3185868,[],draftkings,172,0.36764705882352944,-4.906025882352943,False,no_dual_confirm_leg,lost,-5.0,2026-10-06T12:19:53Z
2026-10-05T20:45:49Z,2026-10-05,2026-10-05T20:45:20Z,2026-10-05,32677,New Orleans Saints,Atlanta Falcons,S2,Juwan Johnson|player_receptions|Over|3.5||Tyler Shough|player_pass_completions|Over|23.5,Tyler Shough,Juwan Johnson,NO,NO,TE,player_pass_completions,Over,23.5,0.5108,player_receptions,Over,3.5,0.574,COMPLETIONS__RECEPTIONS,A,0.2567339180009476,0.2931992,0.2931992,"[""hardrock""]",draftkings,134,0.42735042735042733,-13.415122735042734,False,no_dual_confirm_leg,won,6.7,2026-10-06T12:19:53Z
2026-10-05T20:45:49Z,2026-10-05,2026-10-05T20:45:20Z,2026-10-05,32677,New Orleans Saints,Atlanta Falcons,S2,Juwan Johnson|player_receptions|Over|3.5||Tyler Shough|player_pass_tds|Over|1.5,Tyler Shough,Juwan Johnson,NO,NO,TE,player_pass_tds,Over,1.5,0.5432,player_receptions,Over,3.5,0.574,PASS_TD__RECEPTIONS,,0.056139228880222596,0.3117968,0.3117968,"[""hardrock""]",fanduel,156,0.390625,-7.8828200000000015,False,no_dual_confirm_leg,lost,-5.0,2026-10-06T12:19:53Z
2026-10-05T20:45:49Z,2026-10-05,2026-10-05T20:45:20Z,2026-10-05,32677,New Orleans Saints,Atlanta Falcons,S2,Chris Olave|player_receptions|Over|6.5||Tyler Shough|player_pass_completions|Over|23.5,Tyler Shough,Chris Olave,NO,NO,WR,player_pass_completions,Over,23.5,0.5108,player_receptions,Over,6.5,0.5392,COMPLETIONS__RECEPTIONS,A,0.25803415231969434,0.27542336,0.27542336,[],draftkings,140,0.4166666666666667,-14.124330666666667,False,no_dual_confirm_leg,won,7.0,2026-10-06T12:19:53Z
2026-10-05T20:45:49Z,2026-10-05,2026-10-05T20:45:20Z,2026-10-05,32677,New Orleans Saints,Atlanta Falcons,S2,Chris Olave|player_receptions|Over|6.5||Tyler Shough|player_pass_tds|Over|1.5,Tyler Shough,Chris Olave,NO,NO,WR,player_pass_tds,Over,1.5,0.5432,player_receptions,Over,6.5,0.5392,PASS_TD__RECEPTIONS,,0.10402045169750898,0.29289344,0.29289344,[],draftkings,174,0.36496350364963503,-7.207006364963503,False,no_dual_confirm_leg,lost,-5.0,2026-10-06T12:19:53Z
2026-10-05T20:45:49Z,2026-10-05,2026-10-05T20:45:20Z,2026-10-05,32677,New Orleans Saints,Atlanta Falcons,S2,Alvin Kamara|player_receptions|Under|3.5||Tyler Shough|player_pass_tds|Under|1.5,Tyler Shough,Alvin Kamara,NO,NO,RB,player_pass_tds,Under,1.5,0.45680000000000004,player_receptions,Under,3.5,0.6136,PASS_TD__RECEPTIONS,,0.041171907796889576,0.28029248000000007,0.28029248000000007,[],fanduel,195,0.3389830508474576,-5.869057084745755,False,no_dual_confirm_leg,lost,-5.0,2026-10-06T12:19:53Z
2026-10-05T20:45:49Z,2026-10-05,2026-10-05T20:45:20Z,2026-10-05,32677,New Orleans Saints,Atlanta Falcons,S2,Alvin Kamara|player_reception_yds|Over|15.5||Tyler Shough|player_pass_tds|Over|1.5,Tyler Shough,Alvin Kamara,NO,NO,RB,player_pass_tds,Over,1.5,0.5432,player_reception_yds,Over,15.5,0.5087,PASS_TD__REC_YDS,,,0.27632584000000004,0.27632584000000004,[],draftkings,218,0.31446540880503143,-3.813956880503139,False,no_dual_confirm_leg,lost,-5.0,2026-10-06T12:19:53Z
2026-10-05T20:45:49Z,2026-10-05,2026-10-05T20:45:20Z,2026-10-05,32677,New Orleans Saints,Atlanta Falcons,S2,Chris Olave|player_reception_yds|Over|85.5||Tyler Shough|player_pass_tds|Over|1.5,Tyler Shough,Chris Olave,NO,NO,WR,player_pass_tds,Over,1.5,0.5432,player_reception_yds,Over,85.5,0.5043,PASS_TD__REC_YDS,,,0.27393576,0.27393576,[],draftkings,188,0.3472222222222222,-7.328646222222224,False,no_dual_confirm_leg,lost,-5.0,2026-10-06T12:19:53Z
2026-10-05T20:45:49Z,2026-10-05,2026-10-05T20:45:20Z,2026-10-05,32677,New Orleans Saints,Atlanta Falcons,S2,Juwan Johnson|player_reception_yds|Over|44.5||Tyler Shough|player_pass_tds|Over|1.5,Tyler Shough,Juwan Johnson,NO,NO,TE,player_pass_tds,Over,1.5,0.5432,player_reception_yds,Over,44.5,0.5022,PASS_TD__REC_YDS,,,0.27279504,0.27279504,[],fanduel,182,0.3546099290780142,-8.181488907801421,False,no_dual_confirm_leg,lost,-5.0,2026-10-06T12:19:53Z
2026-10-05T20:45:49Z,2026-10-05,2026-10-05T20:45:20Z,2026-10-05,32677,New Orleans Saints,Atlanta Falcons,S2,Devaughn Vele|player_reception_yds|Over|44.5||Tyler Shough|player_pass_tds|Over|1.5,Tyler Shough,Devaughn Vele,NO,NO,WR,player_pass_tds,Over,1.5,0.5432,player_reception_yds,Over,44.5,0.5,PASS_TD__REC_YDS,,,0.2716,0.2716,[],fanduel,181,0.35587188612099646,-8.427188612099645,False,no_dual_confirm_leg,lost,-5.0,2026-10-06T12:19:53Z
2026-10-05T20:45:49Z,2026-10-05,2026-10-05T20:45:20Z,2026-10-05,32677,New Orleans Saints,Atlanta Falcons,S2,Noah Fant|player_reception_yds|Over|16.5||Tyler Shough|player_pass_tds|Over|1.5,Tyler Shough,Noah Fant,NO,NO,TE,player_pass_tds,Over,1.5,0.5432,player_reception_yds,Over,16.5,0.5,PASS_TD__REC_YDS,,,0.2716,0.2716,[],fanduel,191,0.3436426116838488,-7.204261168384879,False,no_dual_confirm_leg,lost,-5.0,2026-10-06T12:19:53Z
2026-10-05T20:45:49Z,2026-10-05,2026-10-05T20:45:20Z,2026-10-05,32677,New Orleans Saints,Atlanta Falcons,S2,Chris Olave|player_receptions|Under|6.5||Tyler Shough|player_pass_completions|Under|23.5,Tyler Shough,Chris Olave,NO,NO,WR,player_pass_completions,Under,23.5,0.4892,player_receptions,Under,6.5,0.46080000000000004,COMPLETIONS__RECEPTIONS,A,0.25803415231969434,0.22542336000000004,0.22542336000000004,[],draftkings,184,0.352112676056338,-12.668931605633796,False,no_dual_confirm_leg,lost,-5.0,2026-10-06T12:19:53Z
2026-10-05T20:45:49Z,2026-10-05,2026-10-05T20:45:20Z,2026-10-05,32677,New Orleans Saints,Atlanta Falcons,S2,Alvin Kamara|player_reception_yds|Over|15.5||Tyler Shough|player_pass_completions|Over|23.5,Tyler Shough,Alvin Kamara,NO,NO,RB,player_pass_completions,Over,23.5,0.5108,player_reception_yds,Over,15.5,0.5087,COMPLETIONS__REC_YDS,,,0.25984396000000004,0.25984396000000004,[],draftkings,194,0.3401360544217687,-8.029209442176866,False,no_dual_confirm_leg,won,9.7,2026-10-06T12:19:53Z
2026-10-05T20:45:49Z,2026-10-05,2026-10-05T20:45:20Z,2026-10-05,32677,New Orleans Saints,Atlanta Falcons,S2,Chris Olave|player_reception_yds|Over|85.5||Tyler Shough|player_pass_completions|Over|23.5,Tyler Shough,Chris Olave,NO,NO,WR,player_pass_completions,Over,23.5,0.5108,player_reception_yds,Over,85.5,0.5043,COMPLETIONS__REC_YDS,,,0.25759644,0.25759644,[],draftkings,182,0.3546099290780142,-9.701348907801421,False,no_dual_confirm_leg,won,9.1,2026-10-06T12:19:53Z
2026-10-05T20:45:49Z,2026-10-05,2026-10-05T20:45:20Z,2026-10-05,32677,New Orleans Saints,Atlanta Falcons,S2,Juwan Johnson|player_reception_yds|Over|44.5||Tyler Shough|player_pass_completions|Over|23.5,Tyler Shough,Juwan Johnson,NO,NO,TE,player_pass_completions,Over,23.5,0.5108,player_reception_yds,Over,44.5,0.5022,COMPLETIONS__REC_YDS,,,0.25652376,0.25652376,[],,,,,False,no_dual_confirm_leg,won,,2026-10-06T12:19:53Z
2026-10-05T20:45:49Z,2026-10-05,2026-10-05T20:45:20Z,2026-10-05,32677,New Orleans Saints,Atlanta Falcons,S2,Devaughn Vele|player_reception_yds|Over|44.5||Tyler Shough|player_pass_completions|Over|23.5,Tyler Shough,Devaughn Vele,NO,NO,WR,player_pass_completions,Over,23.5,0.5108,player_reception_yds,Over,44.5,0.5,COMPLETIONS__REC_YDS,,,0.2554,0.2554,[],,,,,False,no_dual_confirm_leg,won,,2026-10-06T12:19:53Z
2026-10-05T20:45:49Z,2026-10-05,2026-10-05T20:45:20Z,2026-10-05,32677,New Orleans Saints,Atlanta Falcons,S2,Noah Fant|player_reception_yds|Over|16.5||Tyler Shough|player_pass_completions|Over|23.5,Tyler Shough,Noah Fant,NO,NO,TE,player_pass_completions,Over,23.5,0.5108,player_reception_yds,Over,16.5,0.5,COMPLETIONS__REC_YDS,,,0.2554,0.2554,[],,,,,False,no_dual_confirm_leg,void,0.0,2026-10-06T12:19:53Z
2026-10-05T20:45:49Z,2026-10-05,2026-10-05T20:45:20Z,2026-10-05,32677,New Orleans Saints,Atlanta Falcons,S2,Juwan Johnson|player_receptions|Under|3.5||Tyler Shough|player_pass_completions|Under|23.5,Tyler Shough,Juwan Johnson,NO,NO,TE,player_pass_completions,Under,23.5,0.4892,player_receptions,Under,3.5,0.426,COMPLETIONS__RECEPTIONS,A,0.2567339180009476,0.2083992,0.2083992,[],,,,,False,no_dual_confirm_leg,lost,-5.0,2026-10-06T12:19:53Z
2026-10-05T20:45:49Z,2026-10-05,2026-10-05T20:45:20Z,2026-10-05,32677,New Orleans Saints,Atlanta Falcons,S2,Devaughn Vele|player_reception_yds|Under|44.5||Tyler Shough|player_pass_completions|Under|23.5,Tyler Shough,Devaughn Vele,NO,NO,WR,player_pass_completions,Under,23.5,0.4892,player_reception_yds,Under,44.5,0.5,COMPLETIONS__REC_YDS,,,0.2446,0.2446,[],,,,,False,no_dual_confirm_leg,lost,-5.0,2026-10-06T12:19:53Z
2026-10-05T20:45:49Z,2026-10-05,2026-10-05T20:45:20Z,2026-10-05,32677,New Orleans Saints,Atlanta Falcons,S2,Noah Fant|player_reception_yds|Under|16.5||Tyler Shough|player_pass_completions|Under|23.5,Tyler Shough,Noah Fant,NO,NO,TE,player_pass_completions,Under,23.5,0.4892,player_reception_yds,Under,16.5,0.5,COMPLETIONS__REC_YDS,,,0.2446,0.2446,[],,,,,False,no_dual_confirm_leg,lost,-5.0,2026-10-06T12:19:53Z
2026-10-05T20:45:49Z,2026-10-05,2026-10-05T20:45:20Z,2026-10-05,32677,New Orleans Saints,Atlanta Falcons,S2,Juwan Johnson|player_reception_yds|Under|44.5||Tyler Shough|player_pass_completions|Under|23.5,Tyler Shough,Juwan Johnson,NO,NO,TE,player_pass_completions,Under,23.5,0.4892,player_reception_yds,Under,44.5,0.4978,COMPLETIONS__REC_YDS,,,0.24352376000000003,0.24352376000000003,[],,,,,False,no_dual_confirm_leg,lost,-5.0,2026-10-06T12:19:53Z
2026-10-05T20:45:49Z,2026-10-05,2026-10-05T20:45:20Z,2026-10-05,32677,New Orleans Saints,Atlanta Falcons,S2,Devaughn Vele|player_receptions|Under|3.5||Tyler Shough|player_pass_completions|Under|23.5,Tyler Shough,Devaughn Vele,NO,NO,WR,player_pass_completions,Under,23.5,0.4892,player_receptions,Under,3.5,0.4135,COMPLETIONS__RECEPTIONS,A,0.25803415231969434,0.2022842,0.2022842,[],draftkings,218,0.31446540880503143,-11.218120880503143,False,no_dual_confirm_leg,lost,-5.0,2026-10-06T12:19:53Z
2026-10-05T20:45:49Z,2026-10-05,2026-10-05T20:45:20Z,2026-10-05,32677,New Orleans Saints,Atlanta Falcons,S2,Chris Olave|player_reception_yds|Under|85.5||Tyler Shough|player_pass_completions|Under|23.5,Tyler Shough,Chris Olave,NO,NO,WR,player_pass_completions,Under,23.5,0.4892,player_reception_yds,Under,85.5,0.4957,COMPLETIONS__REC_YDS,,,0.24249644,0.24249644,[],draftkings,192,0.3424657534246575,-9.99693134246575,False,no_dual_confirm_leg,lost,-5.0,2026-10-06T12:19:53Z
2026-10-05T20:45:49Z,2026-10-05,2026-10-05T20:45:20Z,2026-10-05,32677,New Orleans Saints,Atlanta Falcons,S2,Alvin Kamara|player_reception_yds|Under|15.5||Tyler Shough|player_pass_completions|Under|23.5,Tyler Shough,Alvin Kamara,NO,NO,RB,player_pass_completions,Under,23.5,0.4892,player_reception_yds,Under,15.5,0.4913,COMPLETIONS__REC_YDS,,,0.24034396000000002,0.24034396000000002,[],draftkings,204,0.32894736842105265,-8.860340842105263,False,no_dual_confirm_leg,lost,-5.0,2026-10-06T12:19:53Z
2026-10-05T20:45:49Z,2026-10-05,2026-10-05T20:45:20Z,2026-10-05,32677,New Orleans Saints,Atlanta Falcons,S2,Alvin Kamara|player_receptions|Over|3.5||Tyler Shough|player_pass_completions|Over|23.5,Tyler Shough,Alvin Kamara,NO,NO,RB,player_pass_completions,Over,23.5,0.5108,player_receptions,Over,3.5,0.3864,COMPLETIONS__RECEPTIONS,A,0.2690810140451369,0.19737312,0.19737312,[],draftkings,228,0.3048780487804878,-10.750492878048778,False,no_dual_confirm_leg,won,11.4,2026-10-06T12:19:53Z
2026-10-05T20:45:49Z,2026-10-05,2026-10-05T20:45:20Z,2026-10-05,32677,New Orleans Saints,Atlanta Falcons,S2,Devaughn Vele|player_reception_yds|Under|44.5||Tyler Shough|player_pass_tds|Under|1.5,Tyler Shough,Devaughn Vele,NO,NO,WR,player_pass_tds,Under,1.5,0.45680000000000004,player_reception_yds,Under,44.5,0.5,PASS_TD__REC_YDS,,,0.22840000000000002,0.22840000000000002,[],fanduel,217,0.31545741324921134,-8.705741324921132,False,no_dual_confirm_leg,lost,-5.0,2026-10-06T12:19:53Z
2026-10-05T20:45:49Z,2026-10-05,2026-10-05T20:45:20Z,2026-10-05,32677,New Orleans Saints,Atlanta Falcons,S2,Noah Fant|player_reception_yds|Under|16.5||Tyler Shough|player_pass_tds|Under|1.5,Tyler Shough,Noah Fant,NO,NO,TE,player_pass_tds,Under,1.5,0.45680000000000004,player_reception_yds,Under,16.5,0.5,PASS_TD__REC_YDS,,,0.22840000000000002,0.22840000000000002,[],fanduel,232,0.30120481927710846,-7.280481927710844,False,no_dual_confirm_leg,void,0.0,2026-10-06T12:19:53Z
2026-10-05T20:45:49Z,2026-10-05,2026-10-05T20:45:20Z,2026-10-05,32677,New Orleans Saints,Atlanta Falcons,S2,Juwan Johnson|player_reception_yds|Under|44.5||Tyler Shough|player_pass_tds|Under|1.5,Tyler Shough,Juwan Johnson,NO,NO,TE,player_pass_tds,Under,1.5,0.45680000000000004,player_reception_yds,Under,44.5,0.4978,PASS_TD__REC_YDS,,,0.22739504000000002,0.22739504000000002,[],,,,,False,no_dual_confirm_leg,lost,-5.0,2026-10-06T12:19:53Z
2026-10-05T20:45:49Z,2026-10-05,2026-10-05T20:45:20Z,2026-10-05,32677,New Orleans Saints,Atlanta Falcons,S2,Chris Olave|player_receptions|Under|6.5||Tyler Shough|player_pass_tds|Under|1.5,Tyler Shough,Chris Olave,NO,NO,WR,player_pass_tds,Under,1.5,0.45680000000000004,player_receptions,Under,6.5,0.46080000000000004,PASS_TD__RECEPTIONS,,0.10402045169750898,0.21049344000000003,0.21049344000000003,[],,,,,False,no_dual_confirm_leg,lost,-5.0,2026-10-06T12:19:53Z
2026-10-05T20:45:49Z,2026-10-05,2026-10-05T20:45:20Z,2026-10-05,32677,New Orleans Saints,Atlanta Falcons,S2,Chris Olave|player_reception_yds|Under|85.5||Tyler Shough|player_pass_tds|Under|1.5,Tyler Shough,Chris Olave,NO,NO,WR,player_pass_tds,Under,1.5,0.45680000000000004,player_reception_yds,Under,85.5,0.4957,PASS_TD__REC_YDS,,,0.22643576,0.22643576,[],,,,,False,no_dual_confirm_leg,lost,-5.0,2026-10-06T12:19:53Z
2026-10-05T20:45:49Z,2026-10-05,2026-10-05T20:45:20Z,2026-10-05,32677,New Orleans Saints,Atlanta Falcons,S2,Alvin Kamara|player_reception_yds|Under|15.5||Tyler Shough|player_pass_tds|Under|1.5,Tyler Shough,Alvin Kamara,NO,NO,RB,player_pass_tds,Under,1.5,0.45680000000000004,player_reception_yds,Under,15.5,0.4913,PASS_TD__REC_YDS,,,0.22442584000000002,0.22442584000000002,[],,,,,False,no_dual_confirm_leg,lost,-5.0,2026-10-06T12:19:53Z
2026-10-05T20:45:49Z,2026-10-05,2026-10-05T20:45:20Z,2026-10-05,32677,New Orleans Saints,Atlanta Falcons,S2,Alvin Kamara|player_receptions|Over|3.5||Tyler Shough|player_pass_tds|Over|1.5,Tyler Shough,Alvin Kamara,NO,NO,RB,player_pass_tds,Over,1.5,0.5432,player_receptions,Over,3.5,0.3864,PASS_TD__RECEPTIONS,,0.041171907796889576,0.20989248000000002,0.20989248000000002,[],,,,,False,no_dual_confirm_leg,lost,-5.0,2026-10-06T12:19:53Z
2026-10-05T20:45:49Z,2026-10-05,2026-10-05T20:45:20Z,2026-10-05,32677,New Orleans Saints,Atlanta Falcons,S2,Devaughn Vele|player_receptions|Under|3.5||Tyler Shough|player_pass_tds|Under|1.5,Tyler Shough,Devaughn Vele,NO,NO,WR,player_pass_tds,Under,1.5,0.45680000000000004,player_receptions,Under,3.5,0.4135,PASS_TD__RECEPTIONS,,0.10402045169750898,0.1888868,0.1888868,[],,,,,False,no_dual_confirm_leg,lost,-5.0,2026-10-06T12:19:53Z
2026-10-05T20:45:49Z,2026-10-05,2026-10-05T20:45:20Z,2026-10-05,32677,New Orleans Saints,Atlanta Falcons,S2,Juwan Johnson|player_receptions|Under|3.5||Tyler Shough|player_pass_tds|Under|1.5,Tyler Shough,Juwan Johnson,NO,NO,TE,player_pass_tds,Under,1.5,0.45680000000000004,player_receptions,Under,3.5,0.426,PASS_TD__RECEPTIONS,,0.056139228880222596,0.19459680000000001,0.19459680000000001,[],,,,,False,no_dual_confirm_leg,lost,-5.0,2026-10-06T12:19:53Z
2026-10-05T20:45:49Z,2026-10-05,2026-10-05T20:45:20Z,2026-10-05,32677,New Orleans Saints,Atlanta Falcons,S3-A,Alvin Kamara|player_receptions|Under|3.5||Tyler Shough|player_pass_completions|Under|23.5,Tyler Shough,Alvin Kamara,NO,NO,RB,player_pass_completions,Under,23.5,0.4892,player_receptions,Under,3.5,0.6136,COMPLETIONS__RECEPTIONS,A,0.2690810140451369,0.30017312,0.341657738178249,[],,,,,False,no_dual_confirm_leg,lost,-5.0,2026-10-06T12:19:53Z
2026-10-05T20:45:49Z,2026-10-05,2026-10-05T20:45:20Z,2026-10-05,32677,New Orleans Saints,Atlanta Falcons,S3-A,Devaughn Vele|player_receptions|Over|3.5||Tyler Shough|player_pass_completions|Over|23.5,Tyler Shough,Devaughn Vele,NO,NO,WR,player_pass_completions,Over,23.5,0.5108,player_receptions,Over,3.5,0.5865,COMPLETIONS__RECEPTIONS,A,0.25803415231969434,0.2995842,0.34013571867390974,[],draftkings,148,0.4032258064516129,-6.309008777770314,False,no_dual_confirm_leg,won,7.4,2026-10-06T12:19:53Z
2026-10-05T20:45:49Z,2026-10-05,2026-10-05T20:45:20Z,2026-10-05,32677,New Orleans Saints,Atlanta Falcons,S3-A,Juwan Johnson|player_receptions|Over|3.5||Tyler Shough|player_pass_completions|Over|23.5,Tyler Shough,Juwan Johnson,NO,NO,TE,player_pass_completions,Over,23.5,0.5108,player_receptions,Over,3.5,0.574,COMPLETIONS__RECEPTIONS,A,0.2567339180009476,0.2931992,0.33380530260038815,"[""hardrock""]",draftkings,134,0.42735042735042733,-9.354512475003919,False,no_dual_confirm_leg,won,6.7,2026-10-06T12:19:53Z
2026-10-05T20:45:49Z,2026-10-05,2026-10-05T20:45:20Z,2026-10-05,32677,New Orleans Saints,Atlanta Falcons,S3-A,Chris Olave|player_receptions|Over|6.5||Tyler Shough|player_pass_completions|Over|23.5,Tyler Shough,Chris Olave,NO,NO,WR,player_pass_completions,Over,23.5,0.5108,player_receptions,Over,6.5,0.5392,COMPLETIONS__RECEPTIONS,A,0.25803415231969434,0.27542336,0.31675465301042366,[],draftkings,140,0.4166666666666667,-9.991201365624303,False,no_dual_confirm_leg,won,7.0,2026-10-06T12:19:53Z
2026-10-05T20:45:49Z,2026-10-05,2026-10-05T20:45:20Z,2026-10-05,32677,New Orleans Saints,Atlanta Falcons,S3-A,Chris Olave|player_receptions|Under|6.5||Tyler Shough|player_pass_completions|Under|23.5,Tyler Shough,Chris Olave,NO,NO,WR,player_pass_completions,Under,23.5,0.4892,player_receptions,Under,6.5,0.46080000000000004,COMPLETIONS__RECEPTIONS,A,0.25803415231969434,0.22542336000000004,0.26675465172958973,[],draftkings,184,0.352112676056338,-8.535802432674828,False,no_dual_confirm_leg,lost,-5.0,2026-10-06T12:19:53Z
2026-10-05T20:45:49Z,2026-10-05,2026-10-05T20:45:20Z,2026-10-05,32677,New Orleans Saints,Atlanta Falcons,S3-A,Juwan Johnson|player_receptions|Under|3.5||Tyler Shough|player_pass_completions|Under|23.5,Tyler Shough,Juwan Johnson,NO,NO,TE,player_pass_completions,Under,23.5,0.4892,player_receptions,Under,3.5,0.426,COMPLETIONS__RECEPTIONS,A,0.2567339180009476,0.2083992,0.24900530138277774,[],,,,,False,no_dual_confirm_leg,lost,-5.0,2026-10-06T12:19:53Z
2026-10-05T20:45:49Z,2026-10-05,2026-10-05T20:45:20Z,2026-10-05,32677,New Orleans Saints,Atlanta Falcons,S3-A,Devaughn Vele|player_receptions|Under|3.5||Tyler Shough|player_pass_completions|Under|23.5,Tyler Shough,Devaughn Vele,NO,NO,WR,player_pass_completions,Under,23.5,0.4892,player_receptions,Under,3.5,0.4135,COMPLETIONS__RECEPTIONS,A,0.25803415231969434,0.2022842,0.2428357174890721,[],draftkings,218,0.31446540880503143,-7.162969131595934,False,no_dual_confirm_leg,lost,-5.0,2026-10-06T12:19:53Z
2026-10-05T20:45:49Z,2026-10-05,2026-10-05T20:45:20Z,2026-10-05,32677,New Orleans Saints,Atlanta Falcons,S3-A,Alvin Kamara|player_receptions|Over|3.5||Tyler Shough|player_pass_completions|Over|23.5,Tyler Shough,Alvin Kamara,NO,NO,RB,player_pass_completions,Over,23.5,0.5108,player_receptions,Over,3.5,0.3864,COMPLETIONS__RECEPTIONS,A,0.2690810140451369,0.19737312,0.2388577395582353,[],draftkings,228,0.3048780487804878,-6.602030922225249,False,no_dual_confirm_leg,won,11.4,2026-10-06T12:19:53Z
2026-10-05T20:45:49Z,2026-10-05,2026-10-05T20:45:20Z,2026-10-05,32677,New Orleans Saints,Atlanta Falcons,S3-B,Alvin Kamara|player_receptions|Under|3.5||Tyler Shough|player_pass_completions|Under|23.5,Tyler Shough,Alvin Kamara,NO,NO,RB,player_pass_completions,Under,23.5,0.4892,player_receptions,Under,3.5,0.6136,COMPLETIONS__RECEPTIONS,A,0.2690810140451369,0.30017312,0.341657738178249,[],,,,,False,no_dual_confirm_leg,lost,-5.0,2026-10-06T12:19:53Z
2026-10-05T20:45:49Z,2026-10-05,2026-10-05T20:45:20Z,2026-10-05,32677,New Orleans Saints,Atlanta Falcons,S3-B,Devaughn Vele|player_receptions|Over|3.5||Tyler Shough|player_pass_completions|Over|23.5,Tyler Shough,Devaughn Vele,NO,NO,WR,player_pass_completions,Over,23.5,0.5108,player_receptions,Over,3.5,0.5865,COMPLETIONS__RECEPTIONS,A,0.25803415231969434,0.2995842,0.34013571867390974,[],draftkings,148,0.4032258064516129,-6.309008777770314,False,no_dual_confirm_leg,won,7.4,2026-10-06T12:19:53Z
2026-10-05T20:45:49Z,2026-10-05,2026-10-05T20:45:20Z,2026-10-05,32677,New Orleans Saints,Atlanta Falcons,S3-B,Juwan Johnson|player_receptions|Over|3.5||Tyler Shough|player_pass_completions|Over|23.5,Tyler Shough,Juwan Johnson,NO,NO,TE,player_pass_completions,Over,23.5,0.5108,player_receptions,Over,3.5,0.574,COMPLETIONS__RECEPTIONS,A,0.2567339180009476,0.2931992,0.33380530260038815,"[""hardrock""]",draftkings,134,0.42735042735042733,-9.354512475003919,False,no_dual_confirm_leg,won,6.7,2026-10-06T12:19:53Z
2026-10-05T20:45:49Z,2026-10-05,2026-10-05T20:45:20Z,2026-10-05,32677,New Orleans Saints,Atlanta Falcons,S3-B,Chris Olave|player_receptions|Over|6.5||Tyler Shough|player_pass_completions|Over|23.5,Tyler Shough,Chris Olave,NO,NO,WR,player_pass_completions,Over,23.5,0.5108,player_receptions,Over,6.5,0.5392,COMPLETIONS__RECEPTIONS,A,0.25803415231969434,0.27542336,0.31675465301042366,[],draftkings,140,0.4166666666666667,-9.991201365624303,False,no_dual_confirm_leg,won,7.0,2026-10-06T12:19:53Z
2026-10-05T20:45:49Z,2026-10-05,2026-10-05T20:45:20Z,2026-10-05,32677,New Orleans Saints,Atlanta Falcons,S3-B,Chris Olave|player_receptions|Under|6.5||Tyler Shough|player_pass_completions|Under|23.5,Tyler Shough,Chris Olave,NO,NO,WR,player_pass_completions,Under,23.5,0.4892,player_receptions,Under,6.5,0.46080000000000004,COMPLETIONS__RECEPTIONS,A,0.25803415231969434,0.22542336000000004,0.26675465172958973,[],draftkings,184,0.352112676056338,-8.535802432674828,False,no_dual_confirm_leg,lost,-5.0,2026-10-06T12:19:53Z
2026-10-05T20:45:49Z,2026-10-05,2026-10-05T20:45:20Z,2026-10-05,32677,New Orleans Saints,Atlanta Falcons,S3-B,Juwan Johnson|player_receptions|Under|3.5||Tyler Shough|player_pass_completions|Under|23.5,Tyler Shough,Juwan Johnson,NO,NO,TE,player_pass_completions,Under,23.5,0.4892,player_receptions,Under,3.5,0.426,COMPLETIONS__RECEPTIONS,A,0.2567339180009476,0.2083992,0.24900530138277774,[],,,,,False,no_dual_confirm_leg,lost,-5.0,2026-10-06T12:19:53Z
2026-10-05T20:45:49Z,2026-10-05,2026-10-05T20:45:20Z,2026-10-05,32677,New Orleans Saints,Atlanta Falcons,S3-B,Devaughn Vele|player_receptions|Under|3.5||Tyler Shough|player_pass_completions|Under|23.5,Tyler Shough,Devaughn Vele,NO,NO,WR,player_pass_completions,Under,23.5,0.4892,player_receptions,Under,3.5,0.4135,COMPLETIONS__RECEPTIONS,A,0.25803415231969434,0.2022842,0.2428357174890721,[],draftkings,218,0.31446540880503143,-7.162969131595934,False,no_dual_confirm_leg,lost,-5.0,2026-10-06T12:19:53Z
2026-10-05T20:45:49Z,2026-10-05,2026-10-05T20:45:20Z,2026-10-05,32677,New Orleans Saints,Atlanta Falcons,S3-B,Alvin Kamara|player_receptions|Over|3.5||Tyler Shough|player_pass_completions|Over|23.5,Tyler Shough,Alvin Kamara,NO,NO,RB,player_pass_completions,Over,23.5,0.5108,player_receptions,Over,3.5,0.3864,COMPLETIONS__RECEPTIONS,A,0.2690810140451369,0.19737312,0.2388577395582353,[],draftkings,228,0.3048780487804878,-6.602030922225249,False,no_dual_confirm_leg,won,11.4,2026-10-06T12:19:53Z
2026-10-05T20:45:49Z,2026-10-05,2026-10-05T20:45:20Z,2026-10-05,32677,New Orleans Saints,Atlanta Falcons,S3-C,Alvin Kamara|player_receptions|Under|3.5||Tyler Shough|player_pass_completions|Under|23.5,Tyler Shough,Alvin Kamara,NO,NO,RB,player_pass_completions,Under,23.5,0.4892,player_receptions,Under,3.5,0.6136,COMPLETIONS__RECEPTIONS,A,0.2690810140451369,0.30017312,0.341657738178249,[],,,,,False,no_sgp_quote,lost,-5.0,2026-10-06T12:19:53Z
2026-10-05T20:45:49Z,2026-10-05,2026-10-05T20:45:20Z,2026-10-05,32677,New Orleans Saints,Atlanta Falcons,S3-C,Devaughn Vele|player_receptions|Over|3.5||Tyler Shough|player_pass_completions|Over|23.5,Tyler Shough,Devaughn Vele,NO,NO,WR,player_pass_completions,Over,23.5,0.5108,player_receptions,Over,3.5,0.5865,COMPLETIONS__RECEPTIONS,A,0.25803415231969434,0.2995842,0.34013571867390974,[],draftkings,148,0.4032258064516129,-6.309008777770314,False,nonpositive_pricing_edge,won,7.4,2026-10-06T12:19:53Z
2026-10-05T20:45:49Z,2026-10-05,2026-10-05T20:45:20Z,2026-10-05,32677,New Orleans Saints,Atlanta Falcons,S3-C,Juwan Johnson|player_receptions|Over|3.5||Tyler Shough|player_pass_completions|Over|23.5,Tyler Shough,Juwan Johnson,NO,NO,TE,player_pass_completions,Over,23.5,0.5108,player_receptions,Over,3.5,0.574,COMPLETIONS__RECEPTIONS,A,0.2567339180009476,0.2931992,0.33380530260038815,"[""hardrock""]",draftkings,134,0.42735042735042733,-9.354512475003919,False,nonpositive_pricing_edge,won,6.7,2026-10-06T12:19:53Z
2026-10-05T20:45:49Z,2026-10-05,2026-10-05T20:45:20Z,2026-10-05,32677,New Orleans Saints,Atlanta Falcons,S3-C,Chris Olave|player_receptions|Over|6.5||Tyler Shough|player_pass_completions|Over|23.5,Tyler Shough,Chris Olave,NO,NO,WR,player_pass_completions,Over,23.5,0.5108,player_receptions,Over,6.5,0.5392,COMPLETIONS__RECEPTIONS,A,0.25803415231969434,0.27542336,0.31675465301042366,[],draftkings,140,0.4166666666666667,-9.991201365624303,False,nonpositive_pricing_edge,won,7.0,2026-10-06T12:19:53Z
2026-10-05T20:45:49Z,2026-10-05,2026-10-05T20:45:20Z,2026-10-05,32677,New Orleans Saints,Atlanta Falcons,S3-C,Chris Olave|player_receptions|Under|6.5||Tyler Shough|player_pass_completions|Under|23.5,Tyler Shough,Chris Olave,NO,NO,WR,player_pass_completions,Under,23.5,0.4892,player_receptions,Under,6.5,0.46080000000000004,COMPLETIONS__RECEPTIONS,A,0.25803415231969434,0.22542336000000004,0.26675465172958973,[],draftkings,184,0.352112676056338,-8.535802432674828,False,nonpositive_pricing_edge,lost,-5.0,2026-10-06T12:19:53Z
2026-10-05T20:45:49Z,2026-10-05,2026-10-05T20:45:20Z,2026-10-05,32677,New Orleans Saints,Atlanta Falcons,S3-C,Juwan Johnson|player_receptions|Under|3.5||Tyler Shough|player_pass_completions|Under|23.5,Tyler Shough,Juwan Johnson,NO,NO,TE,player_pass_completions,Under,23.5,0.4892,player_receptions,Under,3.5,0.426,COMPLETIONS__RECEPTIONS,A,0.2567339180009476,0.2083992,0.24900530138277774,[],,,,,False,no_sgp_quote,lost,-5.0,2026-10-06T12:19:53Z
2026-10-05T20:45:49Z,2026-10-05,2026-10-05T20:45:20Z,2026-10-05,32677,New Orleans Saints,Atlanta Falcons,S3-C,Devaughn Vele|player_receptions|Under|3.5||Tyler Shough|player_pass_completions|Under|23.5,Tyler Shough,Devaughn Vele,NO,NO,WR,player_pass_completions,Under,23.5,0.4892,player_receptions,Under,3.5,0.4135,COMPLETIONS__RECEPTIONS,A,0.25803415231969434,0.2022842,0.2428357174890721,[],draftkings,218,0.31446540880503143,-7.162969131595934,False,nonpositive_pricing_edge,lost,-5.0,2026-10-06T12:19:53Z
2026-10-05T20:45:49Z,2026-10-05,2026-10-05T20:45:20Z,2026-10-05,32677,New Orleans Saints,Atlanta Falcons,S3-C,Alvin Kamara|player_receptions|Over|3.5||Tyler Shough|player_pass_completions|Over|23.5,Tyler Shough,Alvin Kamara,NO,NO,RB,player_pass_completions,Over,23.5,0.5108,player_receptions,Over,3.5,0.3864,COMPLETIONS__RECEPTIONS,A,0.2690810140451369,0.19737312,0.2388577395582353,[],draftkings,228,0.3048780487804878,-6.602030922225249,False,nonpositive_pricing_edge,won,11.4,2026-10-06T12:19:53Z
2026-10-05T20:45:49Z,2026-10-05,2026-10-05T20:45:20Z,2026-10-05,32677,New Orleans Saints,Atlanta Falcons,S3-D,Alvin Kamara|player_receptions|Under|3.5||Tyler Shough|player_pass_completions|Under|23.5,Tyler Shough,Alvin Kamara,NO,NO,RB,player_pass_completions,Under,23.5,0.4892,player_receptions,Under,3.5,0.6136,COMPLETIONS__RECEPTIONS,A,0.2690810140451369,0.30017312,0.341657738178249,[],,,,,False,no_sgp_quote,lost,-5.0,2026-10-06T12:19:53Z
2026-10-05T20:45:49Z,2026-10-05,2026-10-05T20:45:20Z,2026-10-05,32677,New Orleans Saints,Atlanta Falcons,S3-D,Devaughn Vele|player_receptions|Over|3.5||Tyler Shough|player_pass_completions|Over|23.5,Tyler Shough,Devaughn Vele,NO,NO,WR,player_pass_completions,Over,23.5,0.5108,player_receptions,Over,3.5,0.5865,COMPLETIONS__RECEPTIONS,A,0.25803415231969434,0.2995842,0.34013571867390974,[],draftkings,148,0.4032258064516129,-6.309008777770314,True,,won,7.4,2026-10-06T12:19:53Z
2026-10-05T20:45:49Z,2026-10-05,2026-10-05T20:45:20Z,2026-10-05,32677,New Orleans Saints,Atlanta Falcons,S3-D,Juwan Johnson|player_receptions|Over|3.5||Tyler Shough|player_pass_completions|Over|23.5,Tyler Shough,Juwan Johnson,NO,NO,TE,player_pass_completions,Over,23.5,0.5108,player_receptions,Over,3.5,0.574,COMPLETIONS__RECEPTIONS,A,0.2567339180009476,0.2931992,0.33380530260038815,"[""hardrock""]",draftkings,134,0.42735042735042733,-9.354512475003919,True,,won,6.7,2026-10-06T12:19:53Z
2026-10-05T20:45:49Z,2026-10-05,2026-10-05T20:45:20Z,2026-10-05,32677,New Orleans Saints,Atlanta Falcons,S3-D,Chris Olave|player_receptions|Over|6.5||Tyler Shough|player_pass_completions|Over|23.5,Tyler Shough,Chris Olave,NO,NO,WR,player_pass_completions,Over,23.5,0.5108,player_receptions,Over,6.5,0.5392,COMPLETIONS__RECEPTIONS,A,0.25803415231969434,0.27542336,0.31675465301042366,[],draftkings,140,0.4166666666666667,-9.991201365624303,True,,won,7.0,2026-10-06T12:19:53Z
2026-10-05T20:45:49Z,2026-10-05,2026-10-05T20:45:20Z,2026-10-05,32677,New Orleans Saints,Atlanta Falcons,S3-D,Chris Olave|player_receptions|Under|6.5||Tyler Shough|player_pass_completions|Under|23.5,Tyler Shough,Chris Olave,NO,NO,WR,player_pass_completions,Under,23.5,0.4892,player_receptions,Under,6.5,0.46080000000000004,COMPLETIONS__RECEPTIONS,A,0.25803415231969434,0.22542336000000004,0.26675465172958973,[],draftkings,184,0.352112676056338,-8.535802432674828,True,,lost,-5.0,2026-10-06T12:19:53Z
2026-10-05T20:45:49Z,2026-10-05,2026-10-05T20:45:20Z,2026-10-05,32677,New Orleans Saints,Atlanta Falcons,S3-D,Juwan Johnson|player_receptions|Under|3.5||Tyler Shough|player_pass_completions|Under|23.5,Tyler Shough,Juwan Johnson,NO,NO,TE,player_pass_completions,Under,23.5,0.4892,player_receptions,Under,3.5,0.426,COMPLETIONS__RECEPTIONS,A,0.2567339180009476,0.2083992,0.24900530138277774,[],,,,,False,no_sgp_quote,lost,-5.0,2026-10-06T12:19:53Z
2026-10-05T20:45:49Z,2026-10-05,2026-10-05T20:45:20Z,2026-10-05,32677,New Orleans Saints,Atlanta Falcons,S3-D,Devaughn Vele|player_receptions|Under|3.5||Tyler Shough|player_pass_completions|Under|23.5,Tyler Shough,Devaughn Vele,NO,NO,WR,player_pass_completions,Under,23.5,0.4892,player_receptions,Under,3.5,0.4135,COMPLETIONS__RECEPTIONS,A,0.25803415231969434,0.2022842,0.2428357174890721,[],draftkings,218,0.31446540880503143,-7.162969131595934,True,,lost,-5.0,2026-10-06T12:19:53Z
2026-10-05T20:45:49Z,2026-10-05,2026-10-05T20:45:20Z,2026-10-05,32677,New Orleans Saints,Atlanta Falcons,S3-D,Alvin Kamara|player_receptions|Over|3.5||Tyler Shough|player_pass_completions|Over|23.5,Tyler Shough,Alvin Kamara,NO,NO,RB,player_pass_completions,Over,23.5,0.5108,player_receptions,Over,3.5,0.3864,COMPLETIONS__RECEPTIONS,A,0.2690810140451369,0.19737312,0.2388577395582353,[],draftkings,228,0.3048780487804878,-6.602030922225249,True,,won,11.4,2026-10-06T12:19:53Z
2026-10-05T20:45:49Z,2026-10-05,2026-10-05T20:45:20Z,2026-10-05,32677,New Orleans Saints,Atlanta Falcons,S3-E,Alvin Kamara|player_receptions|Under|3.5||Tyler Shough|player_pass_completions|Under|23.5,Tyler Shough,Alvin Kamara,NO,NO,RB,player_pass_completions,Under,23.5,0.4892,player_receptions,Under,3.5,0.6136,COMPLETIONS__RECEPTIONS,A,0.2690810140451369,0.30017312,0.341657738178249,[],,,,,False,no_sgp_quote,lost,-5.0,2026-10-06T12:19:53Z
2026-10-05T20:45:49Z,2026-10-05,2026-10-05T20:45:20Z,2026-10-05,32677,New Orleans Saints,Atlanta Falcons,S3-E,Devaughn Vele|player_receptions|Over|3.5||Tyler Shough|player_pass_completions|Over|23.5,Tyler Shough,Devaughn Vele,NO,NO,WR,player_pass_completions,Over,23.5,0.5108,player_receptions,Over,3.5,0.5865,COMPLETIONS__RECEPTIONS,A,0.25803415231969434,0.2995842,0.34013571867390974,[],draftkings,148,0.4032258064516129,-6.309008777770314,True,,won,7.4,2026-10-06T12:19:53Z
2026-10-05T20:45:49Z,2026-10-05,2026-10-05T20:45:20Z,2026-10-05,32677,New Orleans Saints,Atlanta Falcons,S3-E,Juwan Johnson|player_receptions|Over|3.5||Tyler Shough|player_pass_completions|Over|23.5,Tyler Shough,Juwan Johnson,NO,NO,TE,player_pass_completions,Over,23.5,0.5108,player_receptions,Over,3.5,0.574,COMPLETIONS__RECEPTIONS,A,0.2567339180009476,0.2931992,0.33380530260038815,"[""hardrock""]",draftkings,134,0.42735042735042733,-9.354512475003919,True,,won,6.7,2026-10-06T12:19:53Z
2026-10-05T20:45:49Z,2026-10-05,2026-10-05T20:45:20Z,2026-10-05,32677,New Orleans Saints,Atlanta Falcons,S3-E,Chris Olave|player_receptions|Over|6.5||Tyler Shough|player_pass_completions|Over|23.5,Tyler Shough,Chris Olave,NO,NO,WR,player_pass_completions,Over,23.5,0.5108,player_receptions,Over,6.5,0.5392,COMPLETIONS__RECEPTIONS,A,0.25803415231969434,0.27542336,0.31675465301042366,[],draftkings,140,0.4166666666666667,-9.991201365624303,True,,won,7.0,2026-10-06T12:19:53Z
2026-10-05T20:45:49Z,2026-10-05,2026-10-05T20:45:20Z,2026-10-05,32677,New Orleans Saints,Atlanta Falcons,S3-E,Chris Olave|player_receptions|Under|6.5||Tyler Shough|player_pass_completions|Under|23.5,Tyler Shough,Chris Olave,NO,NO,WR,player_pass_completions,Under,23.5,0.4892,player_receptions,Under,6.5,0.46080000000000004,COMPLETIONS__RECEPTIONS,A,0.25803415231969434,0.22542336000000004,0.26675465172958973,[],draftkings,184,0.352112676056338,-8.535802432674828,True,,lost,-5.0,2026-10-06T12:19:53Z
2026-10-05T20:45:49Z,2026-10-05,2026-10-05T20:45:20Z,2026-10-05,32677,New Orleans Saints,Atlanta Falcons,S3-E,Juwan Johnson|player_receptions|Under|3.5||Tyler Shough|player_pass_completions|Under|23.5,Tyler Shough,Juwan Johnson,NO,NO,TE,player_pass_completions,Under,23.5,0.4892,player_receptions,Under,3.5,0.426,COMPLETIONS__RECEPTIONS,A,0.2567339180009476,0.2083992,0.24900530138277774,[],,,,,False,no_sgp_quote,lost,-5.0,2026-10-06T12:19:53Z
2026-10-05T20:45:49Z,2026-10-05,2026-10-05T20:45:20Z,2026-10-05,32677,New Orleans Saints,Atlanta Falcons,S3-E,Devaughn Vele|player_receptions|Under|3.5||Tyler Shough|player_pass_completions|Under|23.5,Tyler Shough,Devaughn Vele,NO,NO,WR,player_pass_completions,Under,23.5,0.4892,player_receptions,Under,3.5,0.4135,COMPLETIONS__RECEPTIONS,A,0.25803415231969434,0.2022842,0.2428357174890721,[],draftkings,218,0.31446540880503143,-7.162969131595934,True,,lost,-5.0,2026-10-06T12:19:53Z
2026-10-05T20:45:49Z,2026-10-05,2026-10-05T20:45:20Z,2026-10-05,32677,New Orleans Saints,Atlanta Falcons,S3-E,Alvin Kamara|player_receptions|Over|3.5||Tyler Shough|player_pass_completions|Over|23.5,Tyler Shough,Alvin Kamara,NO,NO,RB,player_pass_completions,Over,23.5,0.5108,player_receptions,Over,3.5,0.3864,COMPLETIONS__RECEPTIONS,A,0.2690810140451369,0.19737312,0.2388577395582353,[],draftkings,228,0.3048780487804878,-6.602030922225249,True,,won,11.4,2026-10-06T12:19:53Z
2026-10-08T20:01:30Z,2026-10-08,2026-10-08T20:01:15Z,2026-10-05,32678,Dallas Cowboys,Tampa Bay Buccaneers,S2,Emeka Egbuka|player_receptions|Over|2.5||Jalon Daniels|player_pass_tds|Over|0.5,Jalon Daniels,Emeka Egbuka,TB,TB,WR,player_pass_tds,Over,0.5,0.6651,player_receptions,Over,2.5,0.6413,PASS_TD__RECEPTIONS,,0.10402045169750898,0.42652863,0.42652863,[],fanduel,-105,0.5121951219512195,-8.56664919512195,False,no_dual_confirm_leg,,,
2026-10-08T20:01:30Z,2026-10-08,2026-10-08T20:01:15Z,2026-10-05,32678,Dallas Cowboys,Tampa Bay Buccaneers,S2,Emeka Egbuka|player_receptions|Over|2.5||Jalon Daniels|player_pass_completions|Over|17.5,Jalon Daniels,Emeka Egbuka,TB,TB,WR,player_pass_completions,Over,17.5,0.5412,player_receptions,Over,2.5,0.6413,COMPLETIONS__RECEPTIONS,A,0.25803415231969434,0.34707156,0.34707156,[],draftkings,114,0.4672897196261682,-12.021815962616822,False,no_dual_confirm_leg,,,
2026-10-08T20:01:30Z,2026-10-08,2026-10-08T20:01:15Z,2026-10-05,32678,Dallas Cowboys,Tampa Bay Buccaneers,S2,Dak Prescott|player_pass_tds|Under|2.5||Ryan Flournoy|player_receptions|Under|3.5,Dak Prescott,Ryan Flournoy,DAL,DAL,WR,player_pass_tds,Under,2.5,0.6256,player_receptions,Under,3.5,0.5638,PASS_TD__RECEPTIONS,,0.10402045169750898,0.35271328,0.35271328,[],fanduel,151,0.398406374501992,-4.569309450199199,False,no_dual_confirm_leg,,,
2026-10-08T20:01:30Z,2026-10-08,2026-10-08T20:01:15Z,2026-10-05,32678,Dallas Cowboys,Tampa Bay Buccaneers,S2,Emeka Egbuka|player_receptions|Over|2.5||Jalon Daniels|player_pass_yds|Over|182.5,Jalon Daniels,Emeka Egbuka,TB,TB,WR,player_pass_yds,Over,182.5,0.5108,player_receptions,Over,2.5,0.6413,PASS_YDS__RECEPTIONS,B,0.23931098620281352,0.32757604,0.32757604,[],fanduel,134,0.42735042735042733,-9.977438735042732,False,no_dual_confirm_leg,,,
2026-10-08T20:01:30Z,2026-10-08,2026-10-08T20:01:15Z,2026-10-05,32678,Dallas Cowboys,Tampa Bay Buccaneers,S2,Emeka Egbuka|player_receptions|Over|2.5||Jalon Daniels|player_pass_attempts|Over|28.5,Jalon Daniels,Emeka Egbuka,TB,TB,WR,player_pass_attempts,Over,28.5,0.5152,player_receptions,Over,2.5,0.6413,ATTEMPTS__RECEPTIONS,B,0.21120634316686865,0.33039776,0.33039776,[],draftkings,126,0.4424778761061947,-11.208011610619472,False,no_dual_confirm_leg,,,
2026-10-08T20:01:30Z,2026-10-08,2026-10-08T20:01:15Z,2026-10-05,32678,Dallas Cowboys,Tampa Bay Buccaneers,S2,Dak Prescott|player_pass_tds|Under|2.5||Jake Ferguson|player_receptions|Under|3.5,Dak Prescott,Jake Ferguson,DAL,DAL,TE,player_pass_tds,Under,2.5,0.6256,player_receptions,Under,3.5,0.5499,PASS_TD__RECEPTIONS,,0.056139228880222596,0.34401744000000006,0.34401744000000006,[],fanduel,151,0.398406374501992,-5.438893450199195,False,no_dual_confirm_leg,,,
2026-10-08T20:01:30Z,2026-10-08,2026-10-08T20:01:15Z,2026-10-05,32678,Dallas Cowboys,Tampa Bay Buccaneers,S2,Cade Otton|player_reception_yds|Over|29.5||Jalon Daniels|player_pass_tds|Over|0.5,Jalon Daniels,Cade Otton,TB,TB,TE,player_pass_tds,Over,0.5,0.6651,player_reception_yds,Over,29.5,0.5183,PASS_TD__REC_YDS,,,0.34472133,0.34472133,[],draftkings,142,0.4132231404958678,-6.850181049586778,False,no_dual_confirm_leg,,,
2026-10-08T20:01:30Z,2026-10-08,2026-10-08T20:01:15Z,2026-10-05,32678,Dallas Cowboys,Tampa Bay Buccaneers,S2,Jalon Daniels|player_pass_tds|Over|0.5||Tez Johnson|player_reception_yds|Over|12.5,Jalon Daniels,Tez Johnson,TB,TB,WR,player_pass_tds,Over,0.5,0.6651,player_reception_yds,Over,12.5,0.5087,PASS_TD__REC_YDS,,,0.33833637000000005,0.33833637000000005,[],fanduel,138,0.42016806722689076,-8.18316972268907,False,no_dual_confirm_leg,,,
2026-10-08T20:01:30Z,2026-10-08,2026-10-08T20:01:15Z,2026-10-05,32678,Dallas Cowboys,Tampa Bay Buccaneers,S2,Cade Otton|player_receptions|Over|3.5||Jalon Daniels|player_pass_tds|Over|0.5,Jalon Daniels,Cade Otton,TB,TB,TE,player_pass_tds,Over,0.5,0.6651,player_receptions,Over,3.5,0.4935,PASS_TD__RECEPTIONS,,0.056139228880222596,0.32822685,0.32822685,[],fanduel,151,0.398406374501992,-7.0179524501992,False,no_dual_confirm_leg,,,
2026-10-08T20:01:30Z,2026-10-08,2026-10-08T20:01:15Z,2026-10-05,32678,Dallas Cowboys,Tampa Bay Buccaneers,S2,CeeDee Lamb|player_receptions|Under|6.5||Dak Prescott|player_pass_tds|Under|2.5,Dak Prescott,CeeDee Lamb,DAL,DAL,WR,player_pass_tds,Under,2.5,0.6256,player_receptions,Under,6.5,0.5108,PASS_TD__RECEPTIONS,,0.10402045169750898,0.31955648000000003,0.31955648000000003,[],draftkings,170,0.37037037037037035,-5.081389037037032,False,no_dual_confirm_leg,,,
2026-10-08T20:01:30Z,2026-10-08,2026-10-08T20:01:15Z,2026-10-05,32678,Dallas Cowboys,Tampa Bay Buccaneers,S2,Emeka Egbuka|player_reception_yds|Over|35.5||Jalon Daniels|player_pass_tds|Over|0.5,Jalon Daniels,Emeka Egbuka,TB,TB,WR,player_pass_tds,Over,0.5,0.6651,player_reception_yds,Over,35.5,0.5022,PASS_TD__REC_YDS,,,0.33401322,0.33401322,[],draftkings,134,0.42735042735042733,-9.333720735042734,False,no_dual_confirm_leg,,,
2026-10-08T20:01:30Z,2026-10-08,2026-10-08T20:01:15Z,2026-10-05,32678,Dallas Cowboys,Tampa Bay Buccaneers,S2,Bucky Irving|player_reception_yds|Over|12.5||Jalon Daniels|player_pass_tds|Over|0.5,Jalon Daniels,Bucky Irving,TB,TB,RB,player_pass_tds,Over,0.5,0.6651,player_reception_yds,Over,12.5,0.4968,PASS_TD__REC_YDS,,,0.33042168000000005,0.33042168000000005,[],draftkings,150,0.4,-6.957831999999997,False,no_dual_confirm_leg,,,
2026-10-08T20:01:30Z,2026-10-08,2026-10-08T20:01:15Z,2026-10-05,32678,Dallas Cowboys,Tampa Bay Buccaneers,S2,Bucky Irving|player_receptions|Under|2.5||Jalon Daniels|player_pass_attempts|Under|28.5,Jalon Daniels,Bucky Irving,TB,TB,RB,player_pass_attempts,Under,28.5,0.4848,player_receptions,Under,2.5,0.6102,ATTEMPTS__RECEPTIONS,B,0.22452237672530106,0.29582495999999997,0.29582495999999997,[],draftkings,152,0.3968253968253968,-10.100043682539683,False,no_dual_confirm_leg,,,
2026-10-08T20:01:30Z,2026-10-08,2026-10-08T20:01:15Z,2026-10-05,32678,Dallas Cowboys,Tampa Bay Buccaneers,S2,Jalon Daniels|player_pass_tds|Over|0.5||Ted Hurst|player_reception_yds|Over|16.5,Jalon Daniels,Ted Hurst,TB,TB,WR,player_pass_tds,Over,0.5,0.6651,player_reception_yds,Over,16.5,0.4913,PASS_TD__REC_YDS,,,0.32676363,0.32676363,[],,,,,False,no_dual_confirm_leg,,,
2026-10-08T20:01:30Z,2026-10-08,2026-10-08T20:01:15Z,2026-10-05,32678,Dallas Cowboys,Tampa Bay Buccaneers,S2,Dak Prescott|player_pass_attempts|Under|34.5||Ryan Flournoy|player_receptions|Under|3.5,Dak Prescott,Ryan Flournoy,DAL,DAL,WR,player_pass_attempts,Under,34.5,0.514,player_receptions,Under,3.5,0.5638,ATTEMPTS__RECEPTIONS,B,0.21120634316686865,0.2897932,0.2897932,[],draftkings,142,0.4132231404958678,-12.34299404958678,False,no_dual_confirm_leg,,,
2026-10-08T20:01:30Z,2026-10-08,2026-10-08T20:01:15Z,2026-10-05,32678,Dallas Cowboys,Tampa Bay Buccaneers,S2,Bucky Irving|player_receptions|Under|2.5||Jalon Daniels|player_pass_completions|Under|17.5,Jalon Daniels,Bucky Irving,TB,TB,RB,player_pass_completions,Under,17.5,0.45879999999999993,player_receptions,Under,2.5,0.6102,COMPLETIONS__RECEPTIONS,A,0.2690810140451369,0.27995975999999995,0.27995975999999995,[],draftkings,152,0.3968253968253968,-11.686563682539685,False,no_dual_confirm_leg,,,
2026-10-08T20:01:30Z,2026-10-08,2026-10-08T20:01:15Z,2026-10-05,32678,Dallas Cowboys,Tampa Bay Buccaneers,S2,Dak Prescott|player_pass_tds|Under|2.5||Javonte Williams|player_reception_yds|Under|14.5,Dak Prescott,Javonte Williams,DAL,DAL,RB,player_pass_tds,Under,2.5,0.6256,player_reception_yds,Under,14.5,0.5108,PASS_TD__REC_YDS,,,0.31955648000000003,0.31955648000000003,[],fanduel,172,0.36764705882352944,-4.80905788235294,False,no_dual_confirm_leg,,,
2026-10-08T20:01:30Z,2026-10-08,2026-10-08T20:01:15Z,2026-10-05,32678,Dallas Cowboys,Tampa Bay Buccaneers,S2,Dak Prescott|player_pass_completions|Over|23.5||George Pickens|player_receptions|Over|4.5,Dak Prescott,George Pickens,DAL,DAL,WR,player_pass_completions,Over,23.5,0.5248,player_receptions,Over,4.5,0.527,COMPLETIONS__RECEPTIONS,A,0.25803415231969434,0.2765696,0.2765696,[],draftkings,166,0.37593984962406013,-9.93702496240601,False,no_dual_confirm_leg,,,
2026-10-08T20:01:30Z,2026-10-08,2026-10-08T20:01:15Z,2026-10-05,32678,Dallas Cowboys,Tampa Bay Buccaneers,S2,Dak Prescott|player_pass_yds|Under|268.5||Ryan Flournoy|player_receptions|Under|3.5,Dak Prescott,Ryan Flournoy,DAL,DAL,WR,player_pass_yds,Under,268.5,0.4957,player_receptions,Under,3.5,0.5638,PASS_YDS__RECEPTIONS,B,0.23931098620281352,0.27947565999999996,0.27947565999999996,[],fanduel,164,0.3787878787878788,-9.931221878787882,False,no_dual_confirm_leg,,,
2026-10-08T20:01:30Z,2026-10-08,2026-10-08T20:01:15Z,2026-10-05,32678,Dallas Cowboys,Tampa Bay Buccaneers,S2,Bucky Irving|player_receptions|Under|2.5||Jalon Daniels|player_pass_yds|Under|182.5,Jalon Daniels,Bucky Irving,TB,TB,RB,player_pass_yds,Under,182.5,0.4892,player_receptions,Under,2.5,0.6102,PASS_YDS__RECEPTIONS,,0.12297444982058212,0.29850983999999997,0.29850983999999997,[],fanduel,160,0.38461538461538464,-8.610554461538467,False,no_dual_confirm_leg,,,
2026-10-08T20:01:30Z,2026-10-08,2026-10-08T20:01:15Z,2026-10-05,32678,Dallas Cowboys,Tampa Bay Buccaneers,S2,Dak Prescott|player_pass_attempts|Under|34.5||Jake Ferguson|player_receptions|Under|3.5,Dak Prescott,Jake Ferguson,DAL,DAL,TE,player_pass_attempts,Under,34.5,0.514,player_receptions,Under,3.5,0.5499,ATTEMPTS__RECEPTIONS,B,0.21340393661583412,0.2826486,0.2826486,[],draftkings,150,0.4,-11.73514,False,no_dual_confirm_leg,,,
2026-10-08T20:01:30Z,2026-10-08,2026-10-08T20:01:15Z,2026-10-05,32678,Dallas Cowboys,Tampa Bay Buccaneers,S2,Dak Prescott|player_pass_tds|Under|2.5||Jake Ferguson|player_reception_yds|Under|26.5,Dak Prescott,Jake Ferguson,DAL,DAL,TE,player_pass_tds,Under,2.5,0.6256,player_reception_yds,Under,26.5,0.5043,PASS_TD__REC_YDS,,,0.31549008,0.31549008,[],fanduel,169,0.37174721189591076,-5.625713189591075,False,no_dual_confirm_leg,,,
2026-10-08T20:01:30Z,2026-10-08,2026-10-08T20:01:15Z,2026-10-05,32678,Dallas Cowboys,Tampa Bay Buccaneers,S2,Dak Prescott|player_pass_completions|Over|23.5||Javonte Williams|player_receptions|Over|2.5,Dak Prescott,Javonte Williams,DAL,DAL,RB,player_pass_completions,Over,23.5,0.5248,player_receptions,Over,2.5,0.513,COMPLETIONS__RECEPTIONS,A,0.2690810140451369,0.26922240000000003,0.26922240000000003,[],draftkings,176,0.36231884057971014,-9.309644057971012,False,no_dual_confirm_leg,,,
2026-10-08T20:01:30Z,2026-10-08,2026-10-08T20:01:15Z,2026-10-05,32678,Dallas Cowboys,Tampa Bay Buccaneers,S2,Dak Prescott|player_pass_tds|Under|2.5||George Pickens|player_receptions|Under|4.5,Dak Prescott,George Pickens,DAL,DAL,WR,player_pass_tds,Under,2.5,0.6256,player_receptions,Under,4.5,0.47300000000000003,PASS_TD__RECEPTIONS,,0.10402045169750898,0.2959088,0.2959088,[],draftkings,180,0.35714285714285715,-6.123405714285712,False,no_dual_confirm_leg,,,
2026-10-08T20:01:30Z,2026-10-08,2026-10-08T20:01:15Z,2026-10-05,32678,Dallas Cowboys,Tampa Bay Buccaneers,S2,Dak Prescott|player_pass_tds|Under|2.5||Ryan Flournoy|player_reception_yds|Under|31.5,Dak Prescott,Ryan Flournoy,DAL,DAL,WR,player_pass_tds,Under,2.5,0.6256,player_reception_yds,Under,31.5,0.4978,PASS_TD__REC_YDS,,,0.31142368000000004,0.31142368000000004,[],fanduel,170,0.37037037037037035,-5.894669037037032,False,no_dual_confirm_leg,,,
2026-10-08T20:01:30Z,2026-10-08,2026-10-08T20:01:15Z,2026-10-05,32678,Dallas Cowboys,Tampa Bay Buccaneers,S2,Dak Prescott|player_pass_tds|Under|2.5||Javonte Williams|player_receptions|Under|2.5,Dak Prescott,Javonte Williams,DAL,DAL,RB,player_pass_tds,Under,2.5,0.6256,player_receptions,Under,2.5,0.487,PASS_TD__RECEPTIONS,,0.041171907796889576,0.3046672,0.3046672,[],draftkings,188,0.3472222222222222,-4.255502222222218,False,no_dual_confirm_leg,,,
2026-10-08T20:01:30Z,2026-10-08,2026-10-08T20:01:15Z,2026-10-05,32678,Dallas Cowboys,Tampa Bay Buccaneers,S2,Dak Prescott|player_pass_yds|Over|268.5||George Pickens|player_reception_yds|Over|63.5,Dak Prescott,George Pickens,DAL,DAL,WR,player_pass_yds,Over,268.5,0.5043,player_reception_yds,Over,63.5,0.5162,PASS_YDS__REC_YDS,A,0.30424078103150837,0.26031966,0.26031966,[],,,,,False,no_dual_confirm_leg,,,
2026-10-08T20:01:30Z,2026-10-08,2026-10-08T20:01:15Z,2026-10-05,32678,Dallas Cowboys,Tampa Bay Buccaneers,S2,Jalon Daniels|player_pass_yds|Over|182.5||Tez Johnson|player_reception_yds|Over|12.5,Jalon Daniels,Tez Johnson,TB,TB,WR,player_pass_yds,Over,182.5,0.5108,player_reception_yds,Over,12.5,0.5087,PASS_YDS__REC_YDS,A,0.30424078103150837,0.25984396000000004,0.25984396000000004,[],fanduel,177,0.36101083032490977,-10.116687032490972,False,no_dual_confirm_leg,,,
2026-10-08T20:01:30Z,2026-10-08,2026-10-08T20:01:15Z,2026-10-05,32678,Dallas Cowboys,Tampa Bay Buccaneers,S2,Dak Prescott|player_pass_completions|Under|23.5||Ryan Flournoy|player_receptions|Under|3.5,Dak Prescott,Ryan Flournoy,DAL,DAL,WR,player_pass_completions,Under,23.5,0.47519999999999996,player_receptions,Under,3.5,0.5638,COMPLETIONS__RECEPTIONS,A,0.25803415231969434,0.26791775999999995,0.26791775999999995,[],,,,,False,no_dual_confirm_leg,,,
2026-10-08T20:01:30Z,2026-10-08,2026-10-08T20:01:15Z,2026-10-05,32678,Dallas Cowboys,Tampa Bay Buccaneers,S2,Cade Otton|player_receptions|Over|3.5||Jalon Daniels|player_pass_completions|Over|17.5,Jalon Daniels,Cade Otton,TB,TB,TE,player_pass_completions,Over,17.5,0.5412,player_receptions,Over,3.5,0.4935,COMPLETIONS__RECEPTIONS,A,0.2567339180009476,0.2670822,0.2670822,[],,,,,False,no_dual_confirm_leg,,,
2026-10-08T20:01:30Z,2026-10-08,2026-10-08T20:01:15Z,2026-10-05,32678,Dallas Cowboys,Tampa Bay Buccaneers,S2,CeeDee Lamb|player_reception_yds|Under|83.5||Dak Prescott|player_pass_tds|Under|2.5,Dak Prescott,CeeDee Lamb,DAL,DAL,WR,player_pass_tds,Under,2.5,0.6256,player_reception_yds,Under,83.5,0.4913,PASS_TD__REC_YDS,,,0.30735728,0.30735728,[],,,,,False,no_dual_confirm_leg,,,
2026-10-08T20:01:30Z,2026-10-08,2026-10-08T20:01:15Z,2026-10-05,32678,Dallas Cowboys,Tampa Bay Buccaneers,S2,CeeDee Lamb|player_reception_yds|Over|83.5||Dak Prescott|player_pass_yds|Over|268.5,Dak Prescott,CeeDee Lamb,DAL,DAL,WR,player_pass_yds,Over,268.5,0.5043,player_reception_yds,Over,83.5,0.5087,PASS_YDS__REC_YDS,A,0.30424078103150837,0.25653741,0.25653741,[],,,,,False,no_dual_confirm_leg,,,
2026-10-08T20:01:30Z,2026-10-08,2026-10-08T20:01:15Z,2026-10-05,32678,Dallas Cowboys,Tampa Bay Buccaneers,S2,Emeka Egbuka|player_reception_yds|Over|35.5||Jalon Daniels|player_pass_yds|Over|182.5,Jalon Daniels,Emeka Egbuka,TB,TB,WR,player_pass_yds,Over,182.5,0.5108,player_reception_yds,Over,35.5,0.5022,PASS_YDS__REC_YDS,A,0.30424078103150837,0.25652376,0.25652376,[],,,,,False,no_dual_confirm_leg,,,
2026-10-08T20:01:30Z,2026-10-08,2026-10-08T20:01:15Z,2026-10-05,32678,Dallas Cowboys,Tampa Bay Buccaneers,S2,Dak Prescott|player_pass_yds|Over|268.5||George Pickens|player_receptions|Over|4.5,Dak Prescott,George Pickens,DAL,DAL,WR,player_pass_yds,Over,268.5,0.5043,player_receptions,Over,4.5,0.527,PASS_YDS__RECEPTIONS,B,0.23931098620281352,0.2657661,0.2657661,[],,,,,False,no_dual_confirm_leg,,,
2026-10-08T20:01:30Z,2026-10-08,2026-10-08T20:01:15Z,2026-10-05,32678,Dallas Cowboys,Tampa Bay Buccaneers,S2,Dak Prescott|player_pass_tds|Under|2.5||George Pickens|player_reception_yds|Under|63.5,Dak Prescott,George Pickens,DAL,DAL,WR,player_pass_tds,Under,2.5,0.6256,player_reception_yds,Under,63.5,0.4838,PASS_TD__REC_YDS,,,0.30266528000000004,0.30266528000000004,[],,,,,False,no_dual_confirm_leg,,,
2026-10-08T20:01:30Z,2026-10-08,2026-10-08T20:01:15Z,2026-10-05,32678,Dallas Cowboys,Tampa Bay Buccaneers,S2,Dak Prescott|player_pass_yds|Over|268.5||Ryan Flournoy|player_reception_yds|Over|31.5,Dak Prescott,Ryan Flournoy,DAL,DAL,WR,player_pass_yds,Over,268.5,0.5043,player_reception_yds,Over,31.5,0.5022,PASS_YDS__REC_YDS,A,0.30424078103150837,0.25325946,0.25325946,[],,,,,False,no_dual_confirm_leg,,,
2026-10-08T20:01:30Z,2026-10-08,2026-10-08T20:01:15Z,2026-10-05,32678,Dallas Cowboys,Tampa Bay Buccaneers,S2,Dak Prescott|player_pass_completions|Under|23.5||Jake Ferguson|player_receptions|Under|3.5,Dak Prescott,Jake Ferguson,DAL,DAL,TE,player_pass_completions,Under,23.5,0.47519999999999996,player_receptions,Under,3.5,0.5499,COMPLETIONS__RECEPTIONS,A,0.2567339180009476,0.26131248,0.26131248,[],,,,,False,no_dual_confirm_leg,,,
2026-10-08T20:01:30Z,2026-10-08,2026-10-08T20:01:15Z,2026-10-05,32678,Dallas Cowboys,Tampa Bay Buccaneers,S2,Dak Prescott|player_pass_yds|Under|268.5||Jake Ferguson|player_receptions|Under|3.5,Dak Prescott,Jake Ferguson,DAL,DAL,TE,player_pass_yds,Under,268.5,0.4957,player_receptions,Under,3.5,0.5499,PASS_YDS__RECEPTIONS,,0.18000638158556048,0.27258543,0.27258543,[],,,,,False,no_dual_confirm_leg,,,
2026-10-08T20:01:30Z,2026-10-08,2026-10-08T20:01:15Z,2026-10-05,32678,Dallas Cowboys,Tampa Bay Buccaneers,S2,Jalon Daniels|player_pass_yds|Over|182.5||Ted Hurst|player_reception_yds|Over|16.5,Jalon Daniels,Ted Hurst,TB,TB,WR,player_pass_yds,Over,182.5,0.5108,player_reception_yds,Over,16.5,0.4913,PASS_YDS__REC_YDS,A,0.30424078103150837,0.25095604000000005,0.25095604000000005,[],,,,,False,no_dual_confirm_leg,,,
2026-10-08T20:01:30Z,2026-10-08,2026-10-08T20:01:15Z,2026-10-05,32678,Dallas Cowboys,Tampa Bay Buccaneers,S2,Cade Otton|player_reception_yds|Over|29.5||Jalon Daniels|player_pass_yds|Over|182.5,Jalon Daniels,Cade Otton,TB,TB,TE,player_pass_yds,Over,182.5,0.5108,player_reception_yds,Over,29.5,0.5183,PASS_YDS__REC_YDS,B,0.21889110444728782,0.26474764,0.26474764,[],,,,,False,no_dual_confirm_leg,,,
2026-10-08T20:01:30Z,2026-10-08,2026-10-08T20:01:15Z,2026-10-05,32678,Dallas Cowboys,Tampa Bay Buccaneers,S2,CeeDee Lamb|player_receptions|Over|6.5||Dak Prescott|player_pass_completions|Over|23.5,Dak Prescott,CeeDee Lamb,DAL,DAL,WR,player_pass_completions,Over,23.5,0.5248,player_receptions,Over,6.5,0.4892,COMPLETIONS__RECEPTIONS,A,0.25803415231969434,0.25673216000000004,0.25673216000000004,[],,,,,False,no_dual_confirm_leg,,,
2026-10-08T20:01:30Z,2026-10-08,2026-10-08T20:01:15Z,2026-10-05,32678,Dallas Cowboys,Tampa Bay Buccaneers,S2,Jalon Daniels|player_pass_yds|Under|182.5||Ted Hurst|player_reception_yds|Under|16.5,Jalon Daniels,Ted Hurst,TB,TB,WR,player_pass_yds,Under,182.5,0.4892,player_reception_yds,Under,16.5,0.5087,PASS_YDS__REC_YDS,A,0.30424078103150837,0.24885604000000003,0.24885604000000003,[],,,,,False,no_dual_confirm_leg,,,
2026-10-08T20:01:30Z,2026-10-08,2026-10-08T20:01:15Z,2026-10-05,32678,Dallas Cowboys,Tampa Bay Buccaneers,S2,CeeDee Lamb|player_receptions|Under|6.5||Dak Prescott|player_pass_attempts|Under|34.5,Dak Prescott,CeeDee Lamb,DAL,DAL,WR,player_pass_attempts,Under,34.5,0.514,player_receptions,Under,6.5,0.5108,ATTEMPTS__RECEPTIONS,B,0.21120634316686865,0.26255120000000004,0.26255120000000004,[],,,,,False,no_dual_confirm_leg,,,
2026-10-08T20:01:30Z,2026-10-08,2026-10-08T20:01:15Z,2026-10-05,32678,Dallas Cowboys,Tampa Bay Buccaneers,S2,Dak Prescott|player_pass_yds|Under|268.5||Ryan Flournoy|player_reception_yds|Under|31.5,Dak Prescott,Ryan Flournoy,DAL,DAL,WR,player_pass_yds,Under,268.5,0.4957,player_reception_yds,Under,31.5,0.4978,PASS_YDS__REC_YDS,A,0.30424078103150837,0.24675945999999999,0.24675945999999999,[],,,,,False,no_dual_confirm_leg,,,
2026-10-08T20:01:30Z,2026-10-08,2026-10-08T20:01:15Z,2026-10-05,32678,Dallas Cowboys,Tampa Bay Buccaneers,S2,CeeDee Lamb|player_reception_yds|Under|83.5||Dak Prescott|player_pass_yds|Under|268.5,Dak Prescott,CeeDee Lamb,DAL,DAL,WR,player_pass_yds,Under,268.5,0.4957,player_reception_yds,Under,83.5,0.4913,PASS_YDS__REC_YDS,A,0.30424078103150837,0.24353740999999998,0.24353740999999998,[],,,,,False,no_dual_confirm_leg,,,
2026-10-08T20:01:30Z,2026-10-08,2026-10-08T20:01:15Z,2026-10-05,32678,Dallas Cowboys,Tampa Bay Buccaneers,S2,Emeka Egbuka|player_reception_yds|Under|35.5||Jalon Daniels|player_pass_yds|Under|182.5,Jalon Daniels,Emeka Egbuka,TB,TB,WR,player_pass_yds,Under,182.5,0.4892,player_reception_yds,Under,35.5,0.4978,PASS_YDS__REC_YDS,A,0.30424078103150837,0.24352376000000003,0.24352376000000003,[],,,,,False,no_dual_confirm_leg,,,
2026-10-08T20:01:30Z,2026-10-08,2026-10-08T20:01:15Z,2026-10-05,32678,Dallas Cowboys,Tampa Bay Buccaneers,S2,CeeDee Lamb|player_receptions|Under|6.5||Dak Prescott|player_pass_yds|Under|268.5,Dak Prescott,CeeDee Lamb,DAL,DAL,WR,player_pass_yds,Under,268.5,0.4957,player_receptions,Under,6.5,0.5108,PASS_YDS__RECEPTIONS,B,0.23931098620281352,0.25320356,0.25320356,[],,,,,False,no_dual_confirm_leg,,,
2026-10-08T20:01:30Z,2026-10-08,2026-10-08T20:01:15Z,2026-10-05,32678,Dallas Cowboys,Tampa Bay Buccaneers,S2,Dak Prescott|player_pass_attempts|Over|34.5||George Pickens|player_receptions|Over|4.5,Dak Prescott,George Pickens,DAL,DAL,WR,player_pass_attempts,Over,34.5,0.48599999999999993,player_receptions,Over,4.5,0.527,ATTEMPTS__RECEPTIONS,B,0.21120634316686865,0.25612199999999996,0.25612199999999996,[],,,,,False,no_dual_confirm_leg,,,
2026-10-08T20:01:30Z,2026-10-08,2026-10-08T20:01:15Z,2026-10-05,32678,Dallas Cowboys,Tampa Bay Buccaneers,S2,Jalon Daniels|player_pass_yds|Under|182.5||Tez Johnson|player_reception_yds|Under|12.5,Jalon Daniels,Tez Johnson,TB,TB,WR,player_pass_yds,Under,182.5,0.4892,player_reception_yds,Under,12.5,0.4913,PASS_YDS__REC_YDS,A,0.30424078103150837,0.24034396000000002,0.24034396000000002,[],,,,,False,no_dual_confirm_leg,,,
2026-10-08T20:01:30Z,2026-10-08,2026-10-08T20:01:15Z,2026-10-05,32678,Dallas Cowboys,Tampa Bay Buccaneers,S2,Dak Prescott|player_pass_yds|Under|268.5||George Pickens|player_reception_yds|Under|63.5,Dak Prescott,George Pickens,DAL,DAL,WR,player_pass_yds,Under,268.5,0.4957,player_reception_yds,Under,63.5,0.4838,PASS_YDS__REC_YDS,A,0.30424078103150837,0.23981966,0.23981966,[],,,,,False,no_dual_confirm_leg,,,
2026-10-08T20:01:30Z,2026-10-08,2026-10-08T20:01:15Z,2026-10-05,32678,Dallas Cowboys,Tampa Bay Buccaneers,S2,Cade Otton|player_receptions|Over|3.5||Jalon Daniels|player_pass_attempts|Over|28.5,Jalon Daniels,Cade Otton,TB,TB,TE,player_pass_attempts,Over,28.5,0.5152,player_receptions,Over,3.5,0.4935,ATTEMPTS__RECEPTIONS,B,0.21340393661583412,0.2542512,0.2542512,[],,,,,False,no_dual_confirm_leg,,,
2026-10-08T20:01:30Z,2026-10-08,2026-10-08T20:01:15Z,2026-10-05,32678,Dallas Cowboys,Tampa Bay Buccaneers,S2,Dak Prescott|player_pass_attempts|Under|34.5||Javonte Williams|player_receptions|Under|2.5,Dak Prescott,Javonte Williams,DAL,DAL,RB,player_pass_attempts,Under,34.5,0.514,player_receptions,Under,2.5,0.487,ATTEMPTS__RECEPTIONS,B,0.22452237672530106,0.250318,0.250318,[],,,,,False,no_dual_confirm_leg,,,
2026-10-08T20:01:30Z,2026-10-08,2026-10-08T20:01:15Z,2026-10-05,32678,Dallas Cowboys,Tampa Bay Buccaneers,S2,Dak Prescott|player_pass_attempts|Over|34.5||Javonte Williams|player_receptions|Over|2.5,Dak Prescott,Javonte Williams,DAL,DAL,RB,player_pass_attempts,Over,34.5,0.48599999999999993,player_receptions,Over,2.5,0.513,ATTEMPTS__RECEPTIONS,B,0.22452237672530106,0.24931799999999998,0.24931799999999998,[],,,,,False,no_dual_confirm_leg,,,
2026-10-08T20:01:30Z,2026-10-08,2026-10-08T20:01:15Z,2026-10-05,32678,Dallas Cowboys,Tampa Bay Buccaneers,S2,CeeDee Lamb|player_receptions|Over|6.5||Dak Prescott|player_pass_yds|Over|268.5,Dak Prescott,CeeDee Lamb,DAL,DAL,WR,player_pass_yds,Over,268.5,0.5043,player_receptions,Over,6.5,0.4892,PASS_YDS__RECEPTIONS,B,0.23931098620281352,0.24670356,0.24670356,[],,,,,False,no_dual_confirm_leg,,,
2026-10-08T20:01:30Z,2026-10-08,2026-10-08T20:01:15Z,2026-10-05,32678,Dallas Cowboys,Tampa Bay Buccaneers,S2,Dak Prescott|player_pass_yds|Over|268.5||Jake Ferguson|player_reception_yds|Over|26.5,Dak Prescott,Jake Ferguson,DAL,DAL,TE,player_pass_yds,Over,268.5,0.5043,player_reception_yds,Over,26.5,0.4957,PASS_YDS__REC_YDS,B,0.21889110444728782,0.24998150999999996,0.24998150999999996,[],,,,,False,no_dual_confirm_leg,,,
2026-10-08T20:01:30Z,2026-10-08,2026-10-08T20:01:15Z,2026-10-05,32678,Dallas Cowboys,Tampa Bay Buccaneers,S2,Dak Prescott|player_pass_yds|Under|268.5||Jake Ferguson|player_reception_yds|Under|26.5,Dak Prescott,Jake Ferguson,DAL,DAL,TE,player_pass_yds,Under,268.5,0.4957,player_reception_yds,Under,26.5,0.5043,PASS_YDS__REC_YDS,B,0.21889110444728782,0.24998150999999996,0.24998150999999996,[],,,,,False,no_dual_confirm_leg,,,
2026-10-08T20:01:30Z,2026-10-08,2026-10-08T20:01:15Z,2026-10-05,32678,Dallas Cowboys,Tampa Bay Buccaneers,S2,CeeDee Lamb|player_receptions|Under|6.5||Dak Prescott|player_pass_completions|Under|23.5,Dak Prescott,CeeDee Lamb,DAL,DAL,WR,player_pass_completions,Under,23.5,0.47519999999999996,player_receptions,Under,6.5,0.5108,COMPLETIONS__RECEPTIONS,A,0.25803415231969434,0.24273216,0.24273216,[],,,,,False,no_dual_confirm_leg,,,
2026-10-08T20:01:30Z,2026-10-08,2026-10-08T20:01:15Z,2026-10-05,32678,Dallas Cowboys,Tampa Bay Buccaneers,S2,Bucky Irving|player_reception_yds|Over|12.5||Jalon Daniels|player_pass_yds|Over|182.5,Jalon Daniels,Bucky Irving,TB,TB,RB,player_pass_yds,Over,182.5,0.5108,player_reception_yds,Over,12.5,0.4968,PASS_YDS__REC_YDS,B,0.18128977168956806,0.25376544,0.25376544,[],,,,,False,no_dual_confirm_leg,,,
2026-10-08T20:01:30Z,2026-10-08,2026-10-08T20:01:15Z,2026-10-05,32678,Dallas Cowboys,Tampa Bay Buccaneers,S2,Dak Prescott|player_pass_yds|Under|268.5||Javonte Williams|player_reception_yds|Under|14.5,Dak Prescott,Javonte Williams,DAL,DAL,RB,player_pass_yds,Under,268.5,0.4957,player_reception_yds,Under,14.5,0.5108,PASS_YDS__REC_YDS,B,0.18128977168956806,0.25320356,0.25320356,[],,,,,False,no_dual_confirm_leg,,,
2026-10-08T20:01:30Z,2026-10-08,2026-10-08T20:01:15Z,2026-10-05,32678,Dallas Cowboys,Tampa Bay Buccaneers,S2,Cade Otton|player_receptions|Over|3.5||Jalon Daniels|player_pass_yds|Over|182.5,Jalon Daniels,Cade Otton,TB,TB,TE,player_pass_yds,Over,182.5,0.5108,player_receptions,Over,3.5,0.4935,PASS_YDS__RECEPTIONS,,0.18000638158556048,0.2520798,0.2520798,[],,,,,False,no_dual_confirm_leg,,,
2026-10-08T20:01:30Z,2026-10-08,2026-10-08T20:01:15Z,2026-10-05,32678,Dallas Cowboys,Tampa Bay Buccaneers,S2,Cade Otton|player_reception_yds|Over|29.5||Jalon Daniels|player_pass_completions|Over|17.5,Jalon Daniels,Cade Otton,TB,TB,TE,player_pass_completions,Over,17.5,0.5412,player_reception_yds,Over,29.5,0.5183,COMPLETIONS__REC_YDS,,,0.28050396,0.28050396,[],,,,,False,no_dual_confirm_leg,,,
2026-10-08T20:01:30Z,2026-10-08,2026-10-08T20:01:15Z,2026-10-05,32678,Dallas Cowboys,Tampa Bay Buccaneers,S2,Cade Otton|player_receptions|Under|3.5||Jalon Daniels|player_pass_attempts|Under|28.5,Jalon Daniels,Cade Otton,TB,TB,TE,player_pass_attempts,Under,28.5,0.4848,player_receptions,Under,3.5,0.5065,ATTEMPTS__RECEPTIONS,B,0.21340393661583412,0.24555119999999997,0.24555119999999997,[],,,,,False,no_dual_confirm_leg,,,
2026-10-08T20:01:30Z,2026-10-08,2026-10-08T20:01:15Z,2026-10-05,32678,Dallas Cowboys,Tampa Bay Buccaneers,S2,Dak Prescott|player_pass_yds|Over|268.5||Javonte Williams|player_receptions|Over|2.5,Dak Prescott,Javonte Williams,DAL,DAL,RB,player_pass_yds,Over,268.5,0.5043,player_receptions,Over,2.5,0.513,PASS_YDS__RECEPTIONS,,0.12297444982058212,0.2587059,0.2587059,[],,,,,False,no_dual_confirm_leg,,,
2026-10-08T20:01:30Z,2026-10-08,2026-10-08T20:01:15Z,2026-10-05,32678,Dallas Cowboys,Tampa Bay Buccaneers,S2,Dak Prescott|player_pass_completions|Over|23.5||Jake Ferguson|player_receptions|Over|3.5,Dak Prescott,Jake Ferguson,DAL,DAL,TE,player_pass_completions,Over,23.5,0.5248,player_receptions,Over,3.5,0.4501,COMPLETIONS__RECEPTIONS,A,0.2567339180009476,0.23621248000000003,0.23621248000000003,[],,,,,False,no_dual_confirm_leg,,,
2026-10-08T20:01:30Z,2026-10-08,2026-10-08T20:01:15Z,2026-10-05,32678,Dallas Cowboys,Tampa Bay Buccaneers,S2,Dak Prescott|player_pass_attempts|Under|34.5||George Pickens|player_receptions|Under|4.5,Dak Prescott,George Pickens,DAL,DAL,WR,player_pass_attempts,Under,34.5,0.514,player_receptions,Under,4.5,0.47300000000000003,ATTEMPTS__RECEPTIONS,B,0.21120634316686865,0.24312200000000003,0.24312200000000003,[],,,,,False,no_dual_confirm_leg,,,
2026-10-08T20:01:30Z,2026-10-08,2026-10-08T20:01:15Z,2026-10-05,32678,Dallas Cowboys,Tampa Bay Buccaneers,S2,Cade Otton|player_receptions|Under|3.5||Jalon Daniels|player_pass_yds|Under|182.5,Jalon Daniels,Cade Otton,TB,TB,TE,player_pass_yds,Under,182.5,0.4892,player_receptions,Under,3.5,0.5065,PASS_YDS__RECEPTIONS,,0.18000638158556048,0.2477798,0.2477798,[],,,,,False,no_dual_confirm_leg,,,
2026-10-08T20:01:30Z,2026-10-08,2026-10-08T20:01:15Z,2026-10-05,32678,Dallas Cowboys,Tampa Bay Buccaneers,S2,Dak Prescott|player_pass_yds|Over|268.5||Javonte Williams|player_reception_yds|Over|14.5,Dak Prescott,Javonte Williams,DAL,DAL,RB,player_pass_yds,Over,268.5,0.5043,player_reception_yds,Over,14.5,0.4892,PASS_YDS__REC_YDS,B,0.18128977168956806,0.24670356,0.24670356,[],,,,,False,no_dual_confirm_leg,,,
2026-10-08T20:01:30Z,2026-10-08,2026-10-08T20:01:15Z,2026-10-05,32678,Dallas Cowboys,Tampa Bay Buccaneers,S2,Jalon Daniels|player_pass_completions|Over|17.5||Tez Johnson|player_reception_yds|Over|12.5,Jalon Daniels,Tez Johnson,TB,TB,WR,player_pass_completions,Over,17.5,0.5412,player_reception_yds,Over,12.5,0.5087,COMPLETIONS__REC_YDS,,,0.27530844000000004,0.27530844000000004,[],,,,,False,no_dual_confirm_leg,,,
2026-10-08T20:01:30Z,2026-10-08,2026-10-08T20:01:15Z,2026-10-05,32678,Dallas Cowboys,Tampa Bay Buccaneers,S2,Bucky Irving|player_reception_yds|Under|12.5||Jalon Daniels|player_pass_yds|Under|182.5,Jalon Daniels,Bucky Irving,TB,TB,RB,player_pass_yds,Under,182.5,0.4892,player_reception_yds,Under,12.5,0.5032,PASS_YDS__REC_YDS,B,0.18128977168956806,0.24616544,0.24616544,[],,,,,False,no_dual_confirm_leg,,,
2026-10-08T20:01:30Z,2026-10-08,2026-10-08T20:01:15Z,2026-10-05,32678,Dallas Cowboys,Tampa Bay Buccaneers,S2,Dak Prescott|player_pass_completions|Under|23.5||Javonte Williams|player_receptions|Under|2.5,Dak Prescott,Javonte Williams,DAL,DAL,RB,player_pass_completions,Under,23.5,0.47519999999999996,player_receptions,Under,2.5,0.487,COMPLETIONS__RECEPTIONS,A,0.2690810140451369,0.23142239999999997,0.23142239999999997,[],,,,,False,no_dual_confirm_leg,,,
2026-10-08T20:01:30Z,2026-10-08,2026-10-08T20:01:15Z,2026-10-05,32678,Dallas Cowboys,Tampa Bay Buccaneers,S2,Cade Otton|player_receptions|Under|3.5||Jalon Daniels|player_pass_completions|Under|17.5,Jalon Daniels,Cade Otton,TB,TB,TE,player_pass_completions,Under,17.5,0.45879999999999993,player_receptions,Under,3.5,0.5065,COMPLETIONS__RECEPTIONS,A,0.2567339180009476,0.23238219999999996,0.23238219999999996,[],,,,,False,no_dual_confirm_leg,,,
2026-10-08T20:01:30Z,2026-10-08,2026-10-08T20:01:15Z,2026-10-05,32678,Dallas Cowboys,Tampa Bay Buccaneers,S2,Dak Prescott|player_pass_yds|Under|268.5||George Pickens|player_receptions|Under|4.5,Dak Prescott,George Pickens,DAL,DAL,WR,player_pass_yds,Under,268.5,0.4957,player_receptions,Under,4.5,0.47300000000000003,PASS_YDS__RECEPTIONS,B,0.23931098620281352,0.2344661,0.2344661,[],,,,,False,no_dual_confirm_leg,,,
2026-10-08T20:01:30Z,2026-10-08,2026-10-08T20:01:15Z,2026-10-05,32678,Dallas Cowboys,Tampa Bay Buccaneers,S2,Emeka Egbuka|player_reception_yds|Over|35.5||Jalon Daniels|player_pass_completions|Over|17.5,Jalon Daniels,Emeka Egbuka,TB,TB,WR,player_pass_completions,Over,17.5,0.5412,player_reception_yds,Over,35.5,0.5022,COMPLETIONS__REC_YDS,,,0.27179064,0.27179064,[],,,,,False,no_dual_confirm_leg,,,
2026-10-08T20:01:30Z,2026-10-08,2026-10-08T20:01:15Z,2026-10-05,32678,Dallas Cowboys,Tampa Bay Buccaneers,S2,CeeDee Lamb|player_receptions|Over|6.5||Dak Prescott|player_pass_attempts|Over|34.5,Dak Prescott,CeeDee Lamb,DAL,DAL,WR,player_pass_attempts,Over,34.5,0.48599999999999993,player_receptions,Over,6.5,0.4892,ATTEMPTS__RECEPTIONS,B,0.21120634316686865,0.23775119999999997,0.23775119999999997,[],,,,,False,no_dual_confirm_leg,,,
2026-10-08T20:01:30Z,2026-10-08,2026-10-08T20:01:15Z,2026-10-05,32678,Dallas Cowboys,Tampa Bay Buccaneers,S2,Dak Prescott|player_pass_completions|Over|23.5||George Pickens|player_reception_yds|Over|63.5,Dak Prescott,George Pickens,DAL,DAL,WR,player_pass_completions,Over,23.5,0.5248,player_reception_yds,Over,63.5,0.5162,COMPLETIONS__REC_YDS,,,0.27090176,0.27090176,[],,,,,False,no_dual_confirm_leg,,,
2026-10-08T20:01:30Z,2026-10-08,2026-10-08T20:01:15Z,2026-10-05,32678,Dallas Cowboys,Tampa Bay Buccaneers,S2,Cade Otton|player_reception_yds|Under|29.5||Jalon Daniels|player_pass_yds|Under|182.5,Jalon Daniels,Cade Otton,TB,TB,TE,player_pass_yds,Under,182.5,0.4892,player_reception_yds,Under,29.5,0.4817,PASS_YDS__REC_YDS,B,0.21889110444728782,0.23564764000000002,0.23564764000000002,[],,,,,False,no_dual_confirm_leg,,,
2026-10-08T20:01:30Z,2026-10-08,2026-10-08T20:01:15Z,2026-10-05,32678,Dallas Cowboys,Tampa Bay Buccaneers,S2,Dak Prescott|player_pass_completions|Over|23.5||Ryan Flournoy|player_receptions|Over|3.5,Dak Prescott,Ryan Flournoy,DAL,DAL,WR,player_pass_completions,Over,23.5,0.5248,player_receptions,Over,3.5,0.4362,COMPLETIONS__RECEPTIONS,A,0.25803415231969434,0.22891776,0.22891776,[],,,,,False,no_dual_confirm_leg,,,
2026-10-08T20:01:30Z,2026-10-08,2026-10-08T20:01:15Z,2026-10-05,32678,Dallas Cowboys,Tampa Bay Buccaneers,S2,Bucky Irving|player_reception_yds|Over|12.5||Jalon Daniels|player_pass_completions|Over|17.5,Jalon Daniels,Bucky Irving,TB,TB,RB,player_pass_completions,Over,17.5,0.5412,player_reception_yds,Over,12.5,0.4968,COMPLETIONS__REC_YDS,,,0.26886816,0.26886816,[],,,,,False,no_dual_confirm_leg,,,
2026-10-08T20:01:30Z,2026-10-08,2026-10-08T20:01:15Z,2026-10-05,32678,Dallas Cowboys,Tampa Bay Buccaneers,S2,Cade Otton|player_reception_yds|Over|29.5||Jalon Daniels|player_pass_attempts|Over|28.5,Jalon Daniels,Cade Otton,TB,TB,TE,player_pass_attempts,Over,28.5,0.5152,player_reception_yds,Over,29.5,0.5183,ATTEMPTS__REC_YDS,,,0.26702816,0.26702816,[],,,,,False,no_dual_confirm_leg,,,
2026-10-08T20:01:30Z,2026-10-08,2026-10-08T20:01:15Z,2026-10-05,32678,Dallas Cowboys,Tampa Bay Buccaneers,S2,CeeDee Lamb|player_reception_yds|Over|83.5||Dak Prescott|player_pass_completions|Over|23.5,Dak Prescott,CeeDee Lamb,DAL,DAL,WR,player_pass_completions,Over,23.5,0.5248,player_reception_yds,Over,83.5,0.5087,COMPLETIONS__REC_YDS,,,0.26696576000000005,0.26696576000000005,[],,,,,False,no_dual_confirm_leg,,,
2026-10-08T20:01:30Z,2026-10-08,2026-10-08T20:01:15Z,2026-10-05,32678,Dallas Cowboys,Tampa Bay Buccaneers,S2,Dak Prescott|player_pass_completions|Under|23.5||George Pickens|player_receptions|Under|4.5,Dak Prescott,George Pickens,DAL,DAL,WR,player_pass_completions,Under,23.5,0.47519999999999996,player_receptions,Under,4.5,0.47300000000000003,COMPLETIONS__RECEPTIONS,A,0.25803415231969434,0.22476959999999999,0.22476959999999999,[],,,,,False,no_dual_confirm_leg,,,
2026-10-08T20:01:30Z,2026-10-08,2026-10-08T20:01:15Z,2026-10-05,32678,Dallas Cowboys,Tampa Bay Buccaneers,S2,Jalon Daniels|player_pass_completions|Over|17.5||Ted Hurst|player_reception_yds|Over|16.5,Jalon Daniels,Ted Hurst,TB,TB,WR,player_pass_completions,Over,17.5,0.5412,player_reception_yds,Over,16.5,0.4913,COMPLETIONS__REC_YDS,,,0.26589156,0.26589156,[],,,,,False,no_dual_confirm_leg,,,
2026-10-08T20:01:30Z,2026-10-08,2026-10-08T20:01:15Z,2026-10-05,32678,Dallas Cowboys,Tampa Bay Buccaneers,S2,Bucky Irving|player_receptions|Over|2.5||Jalon Daniels|player_pass_tds|Over|0.5,Jalon Daniels,Bucky Irving,TB,TB,RB,player_pass_tds,Over,0.5,0.6651,player_receptions,Over,2.5,0.3898,PASS_TD__RECEPTIONS,,0.041171907796889576,0.25925598,0.25925598,[],,,,,False,no_dual_confirm_leg,,,
2026-10-08T20:01:30Z,2026-10-08,2026-10-08T20:01:15Z,2026-10-05,32678,Dallas Cowboys,Tampa Bay Buccaneers,S2,Dak Prescott|player_pass_completions|Over|23.5||Ryan Flournoy|player_reception_yds|Over|31.5,Dak Prescott,Ryan Flournoy,DAL,DAL,WR,player_pass_completions,Over,23.5,0.5248,player_reception_yds,Over,31.5,0.5022,COMPLETIONS__REC_YDS,,,0.26355456,0.26355456,[],,,,,False,no_dual_confirm_leg,,,
2026-10-08T20:01:30Z,2026-10-08,2026-10-08T20:01:15Z,2026-10-05,32678,Dallas Cowboys,Tampa Bay Buccaneers,S2,Dak Prescott|player_pass_attempts|Under|34.5||Javonte Williams|player_reception_yds|Under|14.5,Dak Prescott,Javonte Williams,DAL,DAL,RB,player_pass_attempts,Under,34.5,0.514,player_reception_yds,Under,14.5,0.5108,ATTEMPTS__REC_YDS,,,0.26255120000000004,0.26255120000000004,[],,,,,False,no_dual_confirm_leg,,,
2026-10-08T20:01:30Z,2026-10-08,2026-10-08T20:01:15Z,2026-10-05,32678,Dallas Cowboys,Tampa Bay Buccaneers,S2,Jalon Daniels|player_pass_attempts|Over|28.5||Tez Johnson|player_reception_yds|Over|12.5,Jalon Daniels,Tez Johnson,TB,TB,WR,player_pass_attempts,Over,28.5,0.5152,player_reception_yds,Over,12.5,0.5087,ATTEMPTS__REC_YDS,,,0.26208224,0.26208224,[],,,,,False,no_dual_confirm_leg,,,
2026-10-08T20:01:30Z,2026-10-08,2026-10-08T20:01:15Z,2026-10-05,32678,Dallas Cowboys,Tampa Bay Buccaneers,S2,Dak Prescott|player_pass_yds|Under|268.5||Javonte Williams|player_receptions|Under|2.5,Dak Prescott,Javonte Williams,DAL,DAL,RB,player_pass_yds,Under,268.5,0.4957,player_receptions,Under,2.5,0.487,PASS_YDS__RECEPTIONS,,0.12297444982058212,0.24140589999999998,0.24140589999999998,[],,,,,False,no_dual_confirm_leg,,,
2026-10-08T20:01:30Z,2026-10-08,2026-10-08T20:01:15Z,2026-10-05,32678,Dallas Cowboys,Tampa Bay Buccaneers,S2,Dak Prescott|player_pass_completions|Over|23.5||Jake Ferguson|player_reception_yds|Over|26.5,Dak Prescott,Jake Ferguson,DAL,DAL,TE,player_pass_completions,Over,23.5,0.5248,player_reception_yds,Over,26.5,0.4957,COMPLETIONS__REC_YDS,,,0.26014336,0.26014336,[],,,,,False,no_dual_confirm_leg,,,
2026-10-08T20:01:30Z,2026-10-08,2026-10-08T20:01:15Z,2026-10-05,32678,Dallas Cowboys,Tampa Bay Buccaneers,S2,Dak Prescott|player_pass_attempts|Under|34.5||Jake Ferguson|player_reception_yds|Under|26.5,Dak Prescott,Jake Ferguson,DAL,DAL,TE,player_pass_attempts,Under,34.5,0.514,player_reception_yds,Under,26.5,0.5043,ATTEMPTS__REC_YDS,,,0.2592102,0.2592102,[],,,,,False,no_dual_confirm_leg,,,
2026-10-08T20:01:30Z,2026-10-08,2026-10-08T20:01:15Z,2026-10-05,32678,Dallas Cowboys,Tampa Bay Buccaneers,S2,Emeka Egbuka|player_reception_yds|Over|35.5||Jalon Daniels|player_pass_attempts|Over|28.5,Jalon Daniels,Emeka Egbuka,TB,TB,WR,player_pass_attempts,Over,28.5,0.5152,player_reception_yds,Over,35.5,0.5022,ATTEMPTS__REC_YDS,,,0.25873344,0.25873344,[],,,,,False,no_dual_confirm_leg,,,
2026-10-08T20:01:30Z,2026-10-08,2026-10-08T20:01:15Z,2026-10-05,32678,Dallas Cowboys,Tampa Bay Buccaneers,S2,Dak Prescott|player_pass_yds|Over|268.5||Ryan Flournoy|player_receptions|Over|3.5,Dak Prescott,Ryan Flournoy,DAL,DAL,WR,player_pass_yds,Over,268.5,0.5043,player_receptions,Over,3.5,0.4362,PASS_YDS__RECEPTIONS,B,0.23931098620281352,0.21997565999999996,0.21997565999999996,[],,,,,False,no_dual_confirm_leg,,,
2026-10-08T20:01:30Z,2026-10-08,2026-10-08T20:01:15Z,2026-10-05,32678,Dallas Cowboys,Tampa Bay Buccaneers,S2,Dak Prescott|player_pass_completions|Over|23.5||Javonte Williams|player_reception_yds|Over|14.5,Dak Prescott,Javonte Williams,DAL,DAL,RB,player_pass_completions,Over,23.5,0.5248,player_reception_yds,Over,14.5,0.4892,COMPLETIONS__REC_YDS,,,0.25673216000000004,0.25673216000000004,[],,,,,False,no_dual_confirm_leg,,,
2026-10-08T20:01:30Z,2026-10-08,2026-10-08T20:01:15Z,2026-10-05,32678,Dallas Cowboys,Tampa Bay Buccaneers,S2,Bucky Irving|player_reception_yds|Over|12.5||Jalon Daniels|player_pass_attempts|Over|28.5,Jalon Daniels,Bucky Irving,TB,TB,RB,player_pass_attempts,Over,28.5,0.5152,player_reception_yds,Over,12.5,0.4968,ATTEMPTS__REC_YDS,,,0.25595136,0.25595136,[],,,,,False,no_dual_confirm_leg,,,
2026-10-08T20:01:30Z,2026-10-08,2026-10-08T20:01:15Z,2026-10-05,32678,Dallas Cowboys,Tampa Bay Buccaneers,S2,Dak Prescott|player_pass_attempts|Under|34.5||Ryan Flournoy|player_reception_yds|Under|31.5,Dak Prescott,Ryan Flournoy,DAL,DAL,WR,player_pass_attempts,Under,34.5,0.514,player_reception_yds,Under,31.5,0.4978,ATTEMPTS__REC_YDS,,,0.2558692,0.2558692,[],,,,,False,no_dual_confirm_leg,,,
2026-10-08T20:01:30Z,2026-10-08,2026-10-08T20:01:15Z,2026-10-05,32678,Dallas Cowboys,Tampa Bay Buccaneers,S2,Dak Prescott|player_pass_yds|Over|268.5||Jake Ferguson|player_receptions|Over|3.5,Dak Prescott,Jake Ferguson,DAL,DAL,TE,player_pass_yds,Over,268.5,0.5043,player_receptions,Over,3.5,0.4501,PASS_YDS__RECEPTIONS,,0.18000638158556048,0.22698543,0.22698543,[],,,,,False,no_dual_confirm_leg,,,
2026-10-08T20:01:30Z,2026-10-08,2026-10-08T20:01:15Z,2026-10-05,32678,Dallas Cowboys,Tampa Bay Buccaneers,S2,Jalon Daniels|player_pass_attempts|Over|28.5||Ted Hurst|player_reception_yds|Over|16.5,Jalon Daniels,Ted Hurst,TB,TB,WR,player_pass_attempts,Over,28.5,0.5152,player_reception_yds,Over,16.5,0.4913,ATTEMPTS__REC_YDS,,,0.25311776,0.25311776,[],,,,,False,no_dual_confirm_leg,,,
2026-10-08T20:01:30Z,2026-10-08,2026-10-08T20:01:15Z,2026-10-05,32678,Dallas Cowboys,Tampa Bay Buccaneers,S2,Dak Prescott|player_pass_attempts|Over|34.5||Jake Ferguson|player_receptions|Over|3.5,Dak Prescott,Jake Ferguson,DAL,DAL,TE,player_pass_attempts,Over,34.5,0.48599999999999993,player_receptions,Over,3.5,0.4501,ATTEMPTS__RECEPTIONS,B,0.21340393661583412,0.21874859999999996,0.21874859999999996,[],,,,,False,no_dual_confirm_leg,,,
2026-10-08T20:01:30Z,2026-10-08,2026-10-08T20:01:15Z,2026-10-05,32678,Dallas Cowboys,Tampa Bay Buccaneers,S2,CeeDee Lamb|player_reception_yds|Under|83.5||Dak Prescott|player_pass_attempts|Under|34.5,Dak Prescott,CeeDee Lamb,DAL,DAL,WR,player_pass_attempts,Under,34.5,0.514,player_reception_yds,Under,83.5,0.4913,ATTEMPTS__REC_YDS,,,0.25252820000000004,0.25252820000000004,[],,,,,False,no_dual_confirm_leg,,,
2026-10-08T20:01:30Z,2026-10-08,2026-10-08T20:01:15Z,2026-10-05,32678,Dallas Cowboys,Tampa Bay Buccaneers,S2,Bucky Irving|player_receptions|Over|2.5||Jalon Daniels|player_pass_completions|Over|17.5,Jalon Daniels,Bucky Irving,TB,TB,RB,player_pass_completions,Over,17.5,0.5412,player_receptions,Over,2.5,0.3898,COMPLETIONS__RECEPTIONS,A,0.2690810140451369,0.21095976,0.21095976,[],,,,,False,no_dual_confirm_leg,,,
2026-10-08T20:01:30Z,2026-10-08,2026-10-08T20:01:15Z,2026-10-05,32678,Dallas Cowboys,Tampa Bay Buccaneers,S2,Dak Prescott|player_pass_attempts|Over|34.5||George Pickens|player_reception_yds|Over|63.5,Dak Prescott,George Pickens,DAL,DAL,WR,player_pass_attempts,Over,34.5,0.48599999999999993,player_reception_yds,Over,63.5,0.5162,ATTEMPTS__REC_YDS,,,0.25087319999999996,0.25087319999999996,[],,,,,False,no_dual_confirm_leg,,,
2026-10-08T20:01:30Z,2026-10-08,2026-10-08T20:01:15Z,2026-10-05,32678,Dallas Cowboys,Tampa Bay Buccaneers,S2,Dak Prescott|player_pass_attempts|Under|34.5||George Pickens|player_reception_yds|Under|63.5,Dak Prescott,George Pickens,DAL,DAL,WR,player_pass_attempts,Under,34.5,0.514,player_reception_yds,Under,63.5,0.4838,ATTEMPTS__REC_YDS,,,0.2486732,0.2486732,[],,,,,False,no_dual_confirm_leg,,,
2026-10-08T20:01:30Z,2026-10-08,2026-10-08T20:01:15Z,2026-10-05,32678,Dallas Cowboys,Tampa Bay Buccaneers,S2,CeeDee Lamb|player_reception_yds|Over|83.5||Dak Prescott|player_pass_attempts|Over|34.5,Dak Prescott,CeeDee Lamb,DAL,DAL,WR,player_pass_attempts,Over,34.5,0.48599999999999993,player_reception_yds,Over,83.5,0.5087,ATTEMPTS__REC_YDS,,,0.24722819999999998,0.24722819999999998,[],,,,,False,no_dual_confirm_leg,,,
2026-10-08T20:01:30Z,2026-10-08,2026-10-08T20:01:15Z,2026-10-05,32678,Dallas Cowboys,Tampa Bay Buccaneers,S2,Jalon Daniels|player_pass_attempts|Under|28.5||Ted Hurst|player_reception_yds|Under|16.5,Jalon Daniels,Ted Hurst,TB,TB,WR,player_pass_attempts,Under,28.5,0.4848,player_reception_yds,Under,16.5,0.5087,ATTEMPTS__REC_YDS,,,0.24661776000000002,0.24661776000000002,[],,,,,False,no_dual_confirm_leg,,,
2026-10-08T20:01:30Z,2026-10-08,2026-10-08T20:01:15Z,2026-10-05,32678,Dallas Cowboys,Tampa Bay Buccaneers,S2,Dak Prescott|player_pass_attempts|Over|34.5||Ryan Flournoy|player_receptions|Over|3.5,Dak Prescott,Ryan Flournoy,DAL,DAL,WR,player_pass_attempts,Over,34.5,0.48599999999999993,player_receptions,Over,3.5,0.4362,ATTEMPTS__RECEPTIONS,B,0.21120634316686865,0.21199319999999996,0.21199319999999996,[],,,,,False,no_dual_confirm_leg,,,
2026-10-08T20:01:30Z,2026-10-08,2026-10-08T20:01:15Z,2026-10-05,32678,Dallas Cowboys,Tampa Bay Buccaneers,S2,Dak Prescott|player_pass_attempts|Over|34.5||Ryan Flournoy|player_reception_yds|Over|31.5,Dak Prescott,Ryan Flournoy,DAL,DAL,WR,player_pass_attempts,Over,34.5,0.48599999999999993,player_reception_yds,Over,31.5,0.5022,ATTEMPTS__REC_YDS,,,0.24406919999999996,0.24406919999999996,[],,,,,False,no_dual_confirm_leg,,,
2026-10-08T20:01:30Z,2026-10-08,2026-10-08T20:01:15Z,2026-10-05,32678,Dallas Cowboys,Tampa Bay Buccaneers,S2,Bucky Irving|player_reception_yds|Under|12.5||Jalon Daniels|player_pass_attempts|Under|28.5,Jalon Daniels,Bucky Irving,TB,TB,RB,player_pass_attempts,Under,28.5,0.4848,player_reception_yds,Under,12.5,0.5032,ATTEMPTS__REC_YDS,,,0.24395136,0.24395136,[],,,,,False,no_dual_confirm_leg,,,
2026-10-08T20:01:30Z,2026-10-08,2026-10-08T20:01:15Z,2026-10-05,32678,Dallas Cowboys,Tampa Bay Buccaneers,S2,Dak Prescott|player_pass_completions|Under|23.5||Javonte Williams|player_reception_yds|Under|14.5,Dak Prescott,Javonte Williams,DAL,DAL,RB,player_pass_completions,Under,23.5,0.47519999999999996,player_reception_yds,Under,14.5,0.5108,COMPLETIONS__REC_YDS,,,0.24273216,0.24273216,[],,,,,False,no_dual_confirm_leg,,,
2026-10-08T20:01:30Z,2026-10-08,2026-10-08T20:01:15Z,2026-10-05,32678,Dallas Cowboys,Tampa Bay Buccaneers,S2,Emeka Egbuka|player_reception_yds|Under|35.5||Jalon Daniels|player_pass_attempts|Under|28.5,Jalon Daniels,Emeka Egbuka,TB,TB,WR,player_pass_attempts,Under,28.5,0.4848,player_reception_yds,Under,35.5,0.4978,ATTEMPTS__REC_YDS,,,0.24133344,0.24133344,[],,,,,False,no_dual_confirm_leg,,,
2026-10-08T20:01:30Z,2026-10-08,2026-10-08T20:01:15Z,2026-10-05,32678,Dallas Cowboys,Tampa Bay Buccaneers,S2,Dak Prescott|player_pass_attempts|Over|34.5||Jake Ferguson|player_reception_yds|Over|26.5,Dak Prescott,Jake Ferguson,DAL,DAL,TE,player_pass_attempts,Over,34.5,0.48599999999999993,player_reception_yds,Over,26.5,0.4957,ATTEMPTS__REC_YDS,,,0.24091019999999996,0.24091019999999996,[],,,,,False,no_dual_confirm_leg,,,
2026-10-08T20:01:30Z,2026-10-08,2026-10-08T20:01:15Z,2026-10-05,32678,Dallas Cowboys,Tampa Bay Buccaneers,S2,Dak Prescott|player_pass_completions|Under|23.5||Jake Ferguson|player_reception_yds|Under|26.5,Dak Prescott,Jake Ferguson,DAL,DAL,TE,player_pass_completions,Under,23.5,0.47519999999999996,player_reception_yds,Under,26.5,0.5043,COMPLETIONS__REC_YDS,,,0.23964335999999997,0.23964335999999997,[],,,,,False,no_dual_confirm_leg,,,
2026-10-08T20:01:30Z,2026-10-08,2026-10-08T20:01:15Z,2026-10-05,32678,Dallas Cowboys,Tampa Bay Buccaneers,S2,Jalon Daniels|player_pass_attempts|Under|28.5||Tez Johnson|player_reception_yds|Under|12.5,Jalon Daniels,Tez Johnson,TB,TB,WR,player_pass_attempts,Under,28.5,0.4848,player_reception_yds,Under,12.5,0.4913,ATTEMPTS__REC_YDS,,,0.23818224000000002,0.23818224000000002,[],,,,,False,no_dual_confirm_leg,,,
2026-10-08T20:01:30Z,2026-10-08,2026-10-08T20:01:15Z,2026-10-05,32678,Dallas Cowboys,Tampa Bay Buccaneers,S2,Dak Prescott|player_pass_attempts|Over|34.5||Javonte Williams|player_reception_yds|Over|14.5,Dak Prescott,Javonte Williams,DAL,DAL,RB,player_pass_attempts,Over,34.5,0.48599999999999993,player_reception_yds,Over,14.5,0.4892,ATTEMPTS__REC_YDS,,,0.23775119999999997,0.23775119999999997,[],,,,,False,no_dual_confirm_leg,,,
2026-10-08T20:01:30Z,2026-10-08,2026-10-08T20:01:15Z,2026-10-05,32678,Dallas Cowboys,Tampa Bay Buccaneers,S2,Dak Prescott|player_pass_completions|Under|23.5||Ryan Flournoy|player_reception_yds|Under|31.5,Dak Prescott,Ryan Flournoy,DAL,DAL,WR,player_pass_completions,Under,23.5,0.47519999999999996,player_reception_yds,Under,31.5,0.4978,COMPLETIONS__REC_YDS,,,0.23655456,0.23655456,[],,,,,False,no_dual_confirm_leg,,,
2026-10-08T20:01:30Z,2026-10-08,2026-10-08T20:01:15Z,2026-10-05,32678,Dallas Cowboys,Tampa Bay Buccaneers,S2,Bucky Irving|player_receptions|Over|2.5||Jalon Daniels|player_pass_attempts|Over|28.5,Jalon Daniels,Bucky Irving,TB,TB,RB,player_pass_attempts,Over,28.5,0.5152,player_receptions,Over,2.5,0.3898,ATTEMPTS__RECEPTIONS,B,0.22452237672530106,0.20082496,0.20082496,[],,,,,False,no_dual_confirm_leg,,,
2026-10-08T20:01:30Z,2026-10-08,2026-10-08T20:01:15Z,2026-10-05,32678,Dallas Cowboys,Tampa Bay Buccaneers,S2,Cade Otton|player_reception_yds|Under|29.5||Jalon Daniels|player_pass_attempts|Under|28.5,Jalon Daniels,Cade Otton,TB,TB,TE,player_pass_attempts,Under,28.5,0.4848,player_reception_yds,Under,29.5,0.4817,ATTEMPTS__REC_YDS,,,0.23352816,0.23352816,[],,,,,False,no_dual_confirm_leg,,,
2026-10-08T20:01:30Z,2026-10-08,2026-10-08T20:01:15Z,2026-10-05,32678,Dallas Cowboys,Tampa Bay Buccaneers,S2,CeeDee Lamb|player_reception_yds|Under|83.5||Dak Prescott|player_pass_completions|Under|23.5,Dak Prescott,CeeDee Lamb,DAL,DAL,WR,player_pass_completions,Under,23.5,0.47519999999999996,player_reception_yds,Under,83.5,0.4913,COMPLETIONS__REC_YDS,,,0.23346576,0.23346576,[],,,,,False,no_dual_confirm_leg,,,
2026-10-08T20:01:30Z,2026-10-08,2026-10-08T20:01:15Z,2026-10-05,32678,Dallas Cowboys,Tampa Bay Buccaneers,S2,Jalon Daniels|player_pass_completions|Under|17.5||Ted Hurst|player_reception_yds|Under|16.5,Jalon Daniels,Ted Hurst,TB,TB,WR,player_pass_completions,Under,17.5,0.45879999999999993,player_reception_yds,Under,16.5,0.5087,COMPLETIONS__REC_YDS,,,0.23339155999999997,0.23339155999999997,[],,,,,False,no_dual_confirm_leg,,,
2026-10-08T20:01:30Z,2026-10-08,2026-10-08T20:01:15Z,2026-10-05,32678,Dallas Cowboys,Tampa Bay Buccaneers,S2,Bucky Irving|player_reception_yds|Under|12.5||Jalon Daniels|player_pass_completions|Under|17.5,Jalon Daniels,Bucky Irving,TB,TB,RB,player_pass_completions,Under,17.5,0.45879999999999993,player_reception_yds,Under,12.5,0.5032,COMPLETIONS__REC_YDS,,,0.23086815999999996,0.23086815999999996,[],,,,,False,no_dual_confirm_leg,,,
2026-10-08T20:01:30Z,2026-10-08,2026-10-08T20:01:15Z,2026-10-05,32678,Dallas Cowboys,Tampa Bay Buccaneers,S2,Dak Prescott|player_pass_completions|Under|23.5||George Pickens|player_reception_yds|Under|63.5,Dak Prescott,George Pickens,DAL,DAL,WR,player_pass_completions,Under,23.5,0.47519999999999996,player_reception_yds,Under,63.5,0.4838,COMPLETIONS__REC_YDS,,,0.22990175999999998,0.22990175999999998,[],,,,,False,no_dual_confirm_leg,,,
2026-10-08T20:01:30Z,2026-10-08,2026-10-08T20:01:15Z,2026-10-05,32678,Dallas Cowboys,Tampa Bay Buccaneers,S2,Emeka Egbuka|player_reception_yds|Under|35.5||Jalon Daniels|player_pass_completions|Under|17.5,Jalon Daniels,Emeka Egbuka,TB,TB,WR,player_pass_completions,Under,17.5,0.45879999999999993,player_reception_yds,Under,35.5,0.4978,COMPLETIONS__REC_YDS,,,0.22839063999999998,0.22839063999999998,[],,,,,False,no_dual_confirm_leg,,,
2026-10-08T20:01:30Z,2026-10-08,2026-10-08T20:01:15Z,2026-10-05,32678,Dallas Cowboys,Tampa Bay Buccaneers,S2,Jalon Daniels|player_pass_completions|Under|17.5||Tez Johnson|player_reception_yds|Under|12.5,Jalon Daniels,Tez Johnson,TB,TB,WR,player_pass_completions,Under,17.5,0.45879999999999993,player_reception_yds,Under,12.5,0.4913,COMPLETIONS__REC_YDS,,,0.22540843999999996,0.22540843999999996,[],,,,,False,no_dual_confirm_leg,,,
2026-10-08T20:01:30Z,2026-10-08,2026-10-08T20:01:15Z,2026-10-05,32678,Dallas Cowboys,Tampa Bay Buccaneers,S2,Cade Otton|player_reception_yds|Under|29.5||Jalon Daniels|player_pass_completions|Under|17.5,Jalon Daniels,Cade Otton,TB,TB,TE,player_pass_completions,Under,17.5,0.45879999999999993,player_reception_yds,Under,29.5,0.4817,COMPLETIONS__REC_YDS,,,0.22100395999999997,0.22100395999999997,[],,,,,False,no_dual_confirm_leg,,,
2026-10-08T20:01:30Z,2026-10-08,2026-10-08T20:01:15Z,2026-10-05,32678,Dallas Cowboys,Tampa Bay Buccaneers,S2,Bucky Irving|player_receptions|Over|2.5||Jalon Daniels|player_pass_yds|Over|182.5,Jalon Daniels,Bucky Irving,TB,TB,RB,player_pass_yds,Over,182.5,0.5108,player_receptions,Over,2.5,0.3898,PASS_YDS__RECEPTIONS,,0.12297444982058212,0.19910984,0.19910984,[],,,,,False,no_dual_confirm_leg,,,
2026-10-08T20:01:30Z,2026-10-08,2026-10-08T20:01:15Z,2026-10-05,32678,Dallas Cowboys,Tampa Bay Buccaneers,S2,Dak Prescott|player_pass_tds|Over|2.5||George Pickens|player_receptions|Over|4.5,Dak Prescott,George Pickens,DAL,DAL,WR,player_pass_tds,Over,2.5,0.3744,player_receptions,Over,4.5,0.527,PASS_TD__RECEPTIONS,,0.10402045169750898,0.1973088,0.1973088,"[""kalshi""]",,,,,False,no_dual_confirm_leg,,,
2026-10-08T20:01:30Z,2026-10-08,2026-10-08T20:01:15Z,2026-10-05,32678,Dallas Cowboys,Tampa Bay Buccaneers,S2,Emeka Egbuka|player_receptions|Under|2.5||Jalon Daniels|player_pass_yds|Under|182.5,Jalon Daniels,Emeka Egbuka,TB,TB,WR,player_pass_yds,Under,182.5,0.4892,player_receptions,Under,2.5,0.3587,PASS_YDS__RECEPTIONS,B,0.23931098620281352,0.17547604000000003,0.17547604000000003,[],,,,,False,no_dual_confirm_leg,,,
2026-10-08T20:01:30Z,2026-10-08,2026-10-08T20:01:15Z,2026-10-05,32678,Dallas Cowboys,Tampa Bay Buccaneers,S2,Bucky Irving|player_receptions|Under|2.5||Jalon Daniels|player_pass_tds|Under|0.5,Jalon Daniels,Bucky Irving,TB,TB,RB,player_pass_tds,Under,0.5,0.3349,player_receptions,Under,2.5,0.6102,PASS_TD__RECEPTIONS,,0.041171907796889576,0.20435597999999996,0.20435597999999996,"[""kalshi""]",,,,,False,no_dual_confirm_leg,,,
2026-10-08T20:01:30Z,2026-10-08,2026-10-08T20:01:15Z,2026-10-05,32678,Dallas Cowboys,Tampa Bay Buccaneers,S2,Emeka Egbuka|player_receptions|Under|2.5||Jalon Daniels|player_pass_attempts|Under|28.5,Jalon Daniels,Emeka Egbuka,TB,TB,WR,player_pass_attempts,Under,28.5,0.4848,player_receptions,Under,2.5,0.3587,ATTEMPTS__RECEPTIONS,B,0.21120634316686865,0.17389776,0.17389776,[],,,,,False,no_dual_confirm_leg,,,
2026-10-08T20:01:30Z,2026-10-08,2026-10-08T20:01:15Z,2026-10-05,32678,Dallas Cowboys,Tampa Bay Buccaneers,S2,Emeka Egbuka|player_receptions|Under|2.5||Jalon Daniels|player_pass_completions|Under|17.5,Jalon Daniels,Emeka Egbuka,TB,TB,WR,player_pass_completions,Under,17.5,0.45879999999999993,player_receptions,Under,2.5,0.3587,COMPLETIONS__RECEPTIONS,A,0.25803415231969434,0.16457155999999998,0.16457155999999998,[],,,,,False,no_dual_confirm_leg,,,
2026-10-08T20:01:30Z,2026-10-08,2026-10-08T20:01:15Z,2026-10-05,32678,Dallas Cowboys,Tampa Bay Buccaneers,S2,CeeDee Lamb|player_receptions|Over|6.5||Dak Prescott|player_pass_tds|Over|2.5,Dak Prescott,CeeDee Lamb,DAL,DAL,WR,player_pass_tds,Over,2.5,0.3744,player_receptions,Over,6.5,0.4892,PASS_TD__RECEPTIONS,,0.10402045169750898,0.18315648,0.18315648,"[""kalshi""]",,,,,False,no_dual_confirm_leg,,,
2026-10-08T20:01:30Z,2026-10-08,2026-10-08T20:01:15Z,2026-10-05,32678,Dallas Cowboys,Tampa Bay Buccaneers,S2,Dak Prescott|player_pass_tds|Over|2.5||Javonte Williams|player_receptions|Over|2.5,Dak Prescott,Javonte Williams,DAL,DAL,RB,player_pass_tds,Over,2.5,0.3744,player_receptions,Over,2.5,0.513,PASS_TD__RECEPTIONS,,0.041171907796889576,0.19206720000000002,0.19206720000000002,"[""kalshi""]",,,,,False,no_dual_confirm_leg,,,
2026-10-08T20:01:30Z,2026-10-08,2026-10-08T20:01:15Z,2026-10-05,32678,Dallas Cowboys,Tampa Bay Buccaneers,S2,Dak Prescott|player_pass_tds|Over|2.5||George Pickens|player_reception_yds|Over|63.5,Dak Prescott,George Pickens,DAL,DAL,WR,player_pass_tds,Over,2.5,0.3744,player_reception_yds,Over,63.5,0.5162,PASS_TD__REC_YDS,,,0.19326528,0.19326528,"[""kalshi""]",,,,,False,no_dual_confirm_leg,,,
2026-10-08T20:01:30Z,2026-10-08,2026-10-08T20:01:15Z,2026-10-05,32678,Dallas Cowboys,Tampa Bay Buccaneers,S2,CeeDee Lamb|player_reception_yds|Over|83.5||Dak Prescott|player_pass_tds|Over|2.5,Dak Prescott,CeeDee Lamb,DAL,DAL,WR,player_pass_tds,Over,2.5,0.3744,player_reception_yds,Over,83.5,0.5087,PASS_TD__REC_YDS,,,0.19045728000000003,0.19045728000000003,"[""kalshi""]",,,,,False,no_dual_confirm_leg,,,
2026-10-08T20:01:30Z,2026-10-08,2026-10-08T20:01:15Z,2026-10-05,32678,Dallas Cowboys,Tampa Bay Buccaneers,S2,Dak Prescott|player_pass_tds|Over|2.5||Ryan Flournoy|player_reception_yds|Over|31.5,Dak Prescott,Ryan Flournoy,DAL,DAL,WR,player_pass_tds,Over,2.5,0.3744,player_reception_yds,Over,31.5,0.5022,PASS_TD__REC_YDS,,,0.18802368,0.18802368,"[""kalshi""]",,,,,False,no_dual_confirm_leg,,,
2026-10-08T20:01:30Z,2026-10-08,2026-10-08T20:01:15Z,2026-10-05,32678,Dallas Cowboys,Tampa Bay Buccaneers,S2,Dak Prescott|player_pass_tds|Over|2.5||Jake Ferguson|player_reception_yds|Over|26.5,Dak Prescott,Jake Ferguson,DAL,DAL,TE,player_pass_tds,Over,2.5,0.3744,player_reception_yds,Over,26.5,0.4957,PASS_TD__REC_YDS,,,0.18559008,0.18559008,"[""kalshi""]",,,,,False,no_dual_confirm_leg,,,
2026-10-08T20:01:30Z,2026-10-08,2026-10-08T20:01:15Z,2026-10-05,32678,Dallas Cowboys,Tampa Bay Buccaneers,S2,Dak Prescott|player_pass_tds|Over|2.5||Javonte Williams|player_reception_yds|Over|14.5,Dak Prescott,Javonte Williams,DAL,DAL,RB,player_pass_tds,Over,2.5,0.3744,player_reception_yds,Over,14.5,0.4892,PASS_TD__REC_YDS,,,0.18315648,0.18315648,"[""kalshi""]",,,,,False,no_dual_confirm_leg,,,
2026-10-08T20:01:30Z,2026-10-08,2026-10-08T20:01:15Z,2026-10-05,32678,Dallas Cowboys,Tampa Bay Buccaneers,S2,Dak Prescott|player_pass_tds|Over|2.5||Ryan Flournoy|player_receptions|Over|3.5,Dak Prescott,Ryan Flournoy,DAL,DAL,WR,player_pass_tds,Over,2.5,0.3744,player_receptions,Over,3.5,0.4362,PASS_TD__RECEPTIONS,,0.10402045169750898,0.16331328,0.16331328,"[""kalshi""]",,,,,False,no_dual_confirm_leg,,,
2026-10-08T20:01:30Z,2026-10-08,2026-10-08T20:01:15Z,2026-10-05,32678,Dallas Cowboys,Tampa Bay Buccaneers,S2,Cade Otton|player_receptions|Under|3.5||Jalon Daniels|player_pass_tds|Under|0.5,Jalon Daniels,Cade Otton,TB,TB,TE,player_pass_tds,Under,0.5,0.3349,player_receptions,Under,3.5,0.5065,PASS_TD__RECEPTIONS,,0.056139228880222596,0.16962684999999997,0.16962684999999997,"[""kalshi""]",,,,,False,no_dual_confirm_leg,,,
2026-10-08T20:01:30Z,2026-10-08,2026-10-08T20:01:15Z,2026-10-05,32678,Dallas Cowboys,Tampa Bay Buccaneers,S2,Dak Prescott|player_pass_tds|Over|2.5||Jake Ferguson|player_receptions|Over|3.5,Dak Prescott,Jake Ferguson,DAL,DAL,TE,player_pass_tds,Over,2.5,0.3744,player_receptions,Over,3.5,0.4501,PASS_TD__RECEPTIONS,,0.056139228880222596,0.16851744000000002,0.16851744000000002,"[""kalshi""]",,,,,False,no_dual_confirm_leg,,,
2026-10-08T20:01:30Z,2026-10-08,2026-10-08T20:01:15Z,2026-10-05,32678,Dallas Cowboys,Tampa Bay Buccaneers,S2,Jalon Daniels|player_pass_tds|Under|0.5||Ted Hurst|player_reception_yds|Under|16.5,Jalon Daniels,Ted Hurst,TB,TB,WR,player_pass_tds,Under,0.5,0.3349,player_reception_yds,Under,16.5,0.5087,PASS_TD__REC_YDS,,,0.17036363,0.17036363,"[""kalshi""]",,,,,False,no_dual_confirm_leg,,,
2026-10-08T20:01:30Z,2026-10-08,2026-10-08T20:01:15Z,2026-10-05,32678,Dallas Cowboys,Tampa Bay Buccaneers,S2,Bucky Irving|player_reception_yds|Under|12.5||Jalon Daniels|player_pass_tds|Under|0.5,Jalon Daniels,Bucky Irving,TB,TB,RB,player_pass_tds,Under,0.5,0.3349,player_reception_yds,Under,12.5,0.5032,PASS_TD__REC_YDS,,,0.16852167999999998,0.16852167999999998,"[""kalshi""]",,,,,False,no_dual_confirm_leg,,,
2026-10-08T20:01:30Z,2026-10-08,2026-10-08T20:01:15Z,2026-10-05,32678,Dallas Cowboys,Tampa Bay Buccaneers,S2,Emeka Egbuka|player_reception_yds|Under|35.5||Jalon Daniels|player_pass_tds|Under|0.5,Jalon Daniels,Emeka Egbuka,TB,TB,WR,player_pass_tds,Under,0.5,0.3349,player_reception_yds,Under,35.5,0.4978,PASS_TD__REC_YDS,,,0.16671322,0.16671322,"[""kalshi""]",,,,,False,no_dual_confirm_leg,,,
2026-10-08T20:01:30Z,2026-10-08,2026-10-08T20:01:15Z,2026-10-05,32678,Dallas Cowboys,Tampa Bay Buccaneers,S2,Jalon Daniels|player_pass_tds|Under|0.5||Tez Johnson|player_reception_yds|Under|12.5,Jalon Daniels,Tez Johnson,TB,TB,WR,player_pass_tds,Under,0.5,0.3349,player_reception_yds,Under,12.5,0.4913,PASS_TD__REC_YDS,,,0.16453637,0.16453637,"[""kalshi""]",,,,,False,no_dual_confirm_leg,,,
2026-10-08T20:01:30Z,2026-10-08,2026-10-08T20:01:15Z,2026-10-05,32678,Dallas Cowboys,Tampa Bay Buccaneers,S2,Cade Otton|player_reception_yds|Under|29.5||Jalon Daniels|player_pass_tds|Under|0.5,Jalon Daniels,Cade Otton,TB,TB,TE,player_pass_tds,Under,0.5,0.3349,player_reception_yds,Under,29.5,0.4817,PASS_TD__REC_YDS,,,0.16132132999999999,0.16132132999999999,"[""kalshi""]",,,,,False,no_dual_confirm_leg,,,
2026-10-08T20:01:30Z,2026-10-08,2026-10-08T20:01:15Z,2026-10-05,32678,Dallas Cowboys,Tampa Bay Buccaneers,S2,Emeka Egbuka|player_receptions|Under|2.5||Jalon Daniels|player_pass_tds|Under|0.5,Jalon Daniels,Emeka Egbuka,TB,TB,WR,player_pass_tds,Under,0.5,0.3349,player_receptions,Under,2.5,0.3587,PASS_TD__RECEPTIONS,,0.10402045169750898,0.12012863,0.12012863,"[""kalshi""]",,,,,False,no_dual_confirm_leg,,,
2026-10-08T20:01:30Z,2026-10-08,2026-10-08T20:01:15Z,2026-10-05,32678,Dallas Cowboys,Tampa Bay Buccaneers,S3-A,Emeka Egbuka|player_receptions|Over|2.5||Jalon Daniels|player_pass_completions|Over|17.5,Jalon Daniels,Emeka Egbuka,TB,TB,WR,player_pass_completions,Over,17.5,0.5412,player_receptions,Over,2.5,0.6413,COMPLETIONS__RECEPTIONS,A,0.25803415231969434,0.34707156,0.38589869236342705,[],draftkings,114,0.4672897196261682,-8.139102726274118,False,no_dual_confirm_leg,,,
2026-10-08T20:01:30Z,2026-10-08,2026-10-08T20:01:15Z,2026-10-05,32678,Dallas Cowboys,Tampa Bay Buccaneers,S3-A,Emeka Egbuka|player_receptions|Over|2.5||Jalon Daniels|player_pass_yds|Over|182.5,Jalon Daniels,Emeka Egbuka,TB,TB,WR,player_pass_yds,Over,182.5,0.5108,player_receptions,Over,2.5,0.6413,PASS_YDS__RECEPTIONS,B,0.23931098620281352,0.32757604,0.3635816416651769,[],fanduel,134,0.42735042735042733,-6.376878568525041,False,tier_b_not_allowed,,,
2026-10-08T20:01:30Z,2026-10-08,2026-10-08T20:01:15Z,2026-10-05,32678,Dallas Cowboys,Tampa Bay Buccaneers,S3-A,Emeka Egbuka|player_receptions|Over|2.5||Jalon Daniels|player_pass_attempts|Over|28.5,Jalon Daniels,Emeka Egbuka,TB,TB,WR,player_pass_attempts,Over,28.5,0.5152,player_receptions,Over,2.5,0.6413,ATTEMPTS__RECEPTIONS,B,0.21120634316686865,0.33039776,0.3621121595938553,[],draftkings,126,0.4424778761061947,-8.036571651233942,False,tier_b_not_allowed,,,
2026-10-08T20:01:30Z,2026-10-08,2026-10-08T20:01:15Z,2026-10-05,32678,Dallas Cowboys,Tampa Bay Buccaneers,S3-A,Bucky Irving|player_receptions|Under|2.5||Jalon Daniels|player_pass_attempts|Under|28.5,Jalon Daniels,Bucky Irving,TB,TB,RB,player_pass_attempts,Under,28.5,0.4848,player_receptions,Under,2.5,0.6102,ATTEMPTS__RECEPTIONS,B,0.22452237672530106,0.29582495999999997,0.3303902289494756,[],draftkings,152,0.3968253968253968,-6.643516787592119,False,tier_b_not_allowed,,,
2026-10-08T20:01:30Z,2026-10-08,2026-10-08T20:01:15Z,2026-10-05,32678,Dallas Cowboys,Tampa Bay Buccaneers,S3-A,Dak Prescott|player_pass_attempts|Under|34.5||Ryan Flournoy|player_receptions|Under|3.5,Dak Prescott,Ryan Flournoy,DAL,DAL,WR,player_pass_attempts,Under,34.5,0.514,player_receptions,Under,3.5,0.5638,ATTEMPTS__RECEPTIONS,B,0.21120634316686865,0.2897932,0.3232216636712475,[],draftkings,142,0.4132231404958678,-9.000147682462028,False,tier_b_not_allowed,,,
2026-10-08T20:01:30Z,2026-10-08,2026-10-08T20:01:15Z,2026-10-05,32678,Dallas Cowboys,Tampa Bay Buccaneers,S3-A,Bucky Irving|player_receptions|Under|2.5||Jalon Daniels|player_pass_completions|Under|17.5,Jalon Daniels,Bucky Irving,TB,TB,RB,player_pass_completions,Under,17.5,0.45879999999999993,player_receptions,Under,2.5,0.6102,COMPLETIONS__RECEPTIONS,A,0.2690810140451369,0.27995975999999995,0.3212171869724705,[],draftkings,152,0.3968253968253968,-7.560820985292632,False,no_dual_confirm_leg,,,
2026-10-08T20:01:30Z,2026-10-08,2026-10-08T20:01:15Z,2026-10-05,32678,Dallas Cowboys,Tampa Bay Buccaneers,S3-A,Dak Prescott|player_pass_completions|Over|23.5||George Pickens|player_receptions|Over|4.5,Dak Prescott,George Pickens,DAL,DAL,WR,player_pass_completions,Over,23.5,0.5248,player_receptions,Over,4.5,0.527,COMPLETIONS__RECEPTIONS,A,0.25803415231969434,0.2765696,0.3179510216003076,[],draftkings,166,0.37593984962406013,-5.798882802375255,False,no_dual_confirm_leg,,,
2026-10-08T20:01:30Z,2026-10-08,2026-10-08T20:01:15Z,2026-10-05,32678,Dallas Cowboys,Tampa Bay Buccaneers,S3-A,Dak Prescott|player_pass_yds|Under|268.5||Ryan Flournoy|player_receptions|Under|3.5,Dak Prescott,Ryan Flournoy,DAL,DAL,WR,player_pass_yds,Under,268.5,0.4957,player_receptions,Under,3.5,0.5638,PASS_YDS__RECEPTIONS,B,0.23931098620281352,0.27947565999999996,0.31742341523821543,[],fanduel,164,0.3787878787878788,-6.136446354966335,False,tier_b_not_allowed,,,
2026-10-08T20:01:30Z,2026-10-08,2026-10-08T20:01:15Z,2026-10-05,32678,Dallas Cowboys,Tampa Bay Buccaneers,S3-A,Dak Prescott|player_pass_attempts|Under|34.5||Jake Ferguson|player_receptions|Under|3.5,Dak Prescott,Jake Ferguson,DAL,DAL,TE,player_pass_attempts,Under,34.5,0.514,player_receptions,Under,3.5,0.5499,ATTEMPTS__RECEPTIONS,B,0.21340393661583412,0.2826486,0.31659897337447246,[],draftkings,150,0.4,-8.340102662552756,False,tier_b_not_allowed,,,
2026-10-08T20:01:30Z,2026-10-08,2026-10-08T20:01:15Z,2026-10-05,32678,Dallas Cowboys,Tampa Bay Buccaneers,S3-A,Dak Prescott|player_pass_completions|Over|23.5||Javonte Williams|player_receptions|Over|2.5,Dak Prescott,Javonte Williams,DAL,DAL,RB,player_pass_completions,Over,23.5,0.5248,player_receptions,Over,2.5,0.513,COMPLETIONS__RECEPTIONS,A,0.2690810140451369,0.26922240000000003,0.31248519799529245,[],draftkings,176,0.36231884057971014,-4.983364258441769,False,no_dual_confirm_leg,,,
2026-10-08T20:01:30Z,2026-10-08,2026-10-08T20:01:15Z,2026-10-05,32678,Dallas Cowboys,Tampa Bay Buccaneers,S3-A,Dak Prescott|player_pass_yds|Over|268.5||George Pickens|player_reception_yds|Over|63.5,Dak Prescott,George Pickens,DAL,DAL,WR,player_pass_yds,Over,268.5,0.5043,player_reception_yds,Over,63.5,0.5162,PASS_YDS__REC_YDS,A,0.30424078103150837,0.26031966,0.30947963606115386,[],,,,,False,no_dual_confirm_leg,,,
2026-10-08T20:01:30Z,2026-10-08,2026-10-08T20:01:15Z,2026-10-05,32678,Dallas Cowboys,Tampa Bay Buccaneers,S3-A,Jalon Daniels|player_pass_yds|Over|182.5||Tez Johnson|player_reception_yds|Over|12.5,Jalon Daniels,Tez Johnson,TB,TB,WR,player_pass_yds,Over,182.5,0.5108,player_reception_yds,Over,12.5,0.5087,PASS_YDS__REC_YDS,A,0.30424078103150837,0.25984396000000004,0.30901930040358416,[],fanduel,177,0.36101083032490977,-5.199152992132561,False,no_dual_confirm_leg,,,
2026-10-08T20:01:30Z,2026-10-08,2026-10-08T20:01:15Z,2026-10-05,32678,Dallas Cowboys,Tampa Bay Buccaneers,S3-A,Dak Prescott|player_pass_completions|Under|23.5||Ryan Flournoy|player_receptions|Under|3.5,Dak Prescott,Ryan Flournoy,DAL,DAL,WR,player_pass_completions,Under,23.5,0.47519999999999996,player_receptions,Under,3.5,0.5638,COMPLETIONS__RECEPTIONS,A,0.25803415231969434,0.26791775999999995,0.3087745579336846,[],,,,,False,no_dual_confirm_leg,,,
2026-10-08T20:01:30Z,2026-10-08,2026-10-08T20:01:15Z,2026-10-05,32678,Dallas Cowboys,Tampa Bay Buccaneers,S3-A,Cade Otton|player_receptions|Over|3.5||Jalon Daniels|player_pass_completions|Over|17.5,Jalon Daniels,Cade Otton,TB,TB,TE,player_pass_completions,Over,17.5,0.5412,player_receptions,Over,3.5,0.4935,COMPLETIONS__RECEPTIONS,A,0.2567339180009476,0.2670822,0.3081649376563965,[],,,,,False,no_dual_confirm_leg,,,
2026-10-08T20:01:30Z,2026-10-08,2026-10-08T20:01:15Z,2026-10-05,32678,Dallas Cowboys,Tampa Bay Buccaneers,S3-A,CeeDee Lamb|player_reception_yds|Over|83.5||Dak Prescott|player_pass_yds|Over|268.5,Dak Prescott,CeeDee Lamb,DAL,DAL,WR,player_pass_yds,Over,268.5,0.5043,player_reception_yds,Over,83.5,0.5087,PASS_YDS__REC_YDS,A,0.30424078103150837,0.25653741,0.30572560800506227,[],,,,,False,no_dual_confirm_leg,,,
2026-10-08T20:01:30Z,2026-10-08,2026-10-08T20:01:15Z,2026-10-05,32678,Dallas Cowboys,Tampa Bay Buccaneers,S3-A,Emeka Egbuka|player_reception_yds|Over|35.5||Jalon Daniels|player_pass_yds|Over|182.5,Jalon Daniels,Emeka Egbuka,TB,TB,WR,player_pass_yds,Over,182.5,0.5108,player_reception_yds,Over,35.5,0.5022,PASS_YDS__REC_YDS,A,0.30424078103150837,0.25652376,0.3057069186006705,[],,,,,False,no_dual_confirm_leg,,,
2026-10-08T20:01:30Z,2026-10-08,2026-10-08T20:01:15Z,2026-10-05,32678,Dallas Cowboys,Tampa Bay Buccaneers,S3-A,Dak Prescott|player_pass_yds|Over|268.5||George Pickens|player_receptions|Over|4.5,Dak Prescott,George Pickens,DAL,DAL,WR,player_pass_yds,Over,268.5,0.5043,player_receptions,Over,4.5,0.527,PASS_YDS__RECEPTIONS,B,0.23931098620281352,0.2657661,0.30413820018225746,[],,,,,False,tier_b_not_allowed,,,
2026-10-08T20:01:30Z,2026-10-08,2026-10-08T20:01:15Z,2026-10-05,32678,Dallas Cowboys,Tampa Bay Buccaneers,S3-A,Dak Prescott|player_pass_yds|Over|268.5||Ryan Flournoy|player_reception_yds|Over|31.5,Dak Prescott,Ryan Flournoy,DAL,DAL,WR,player_pass_yds,Over,268.5,0.5043,player_reception_yds,Over,31.5,0.5022,PASS_YDS__REC_YDS,A,0.30424078103150837,0.25325946,0.30245758124451355,[],,,,,False,no_dual_confirm_leg,,,
2026-10-08T20:01:30Z,2026-10-08,2026-10-08T20:01:15Z,2026-10-05,32678,Dallas Cowboys,Tampa Bay Buccaneers,S3-A,Dak Prescott|player_pass_completions|Under|23.5||Jake Ferguson|player_receptions|Under|3.5,Dak Prescott,Jake Ferguson,DAL,DAL,TE,player_pass_completions,Under,23.5,0.47519999999999996,player_receptions,Under,3.5,0.5499,COMPLETIONS__RECEPTIONS,A,0.2567339180009476,0.26131248,0.30218090970266526,[],,,,,False,no_dual_confirm_leg,,,
2026-10-08T20:01:30Z,2026-10-08,2026-10-08T20:01:15Z,2026-10-05,32678,Dallas Cowboys,Tampa Bay Buccaneers,S3-A,Jalon Daniels|player_pass_yds|Over|182.5||Ted Hurst|player_reception_yds|Over|16.5,Jalon Daniels,Ted Hurst,TB,TB,WR,player_pass_yds,Over,182.5,0.5108,player_reception_yds,Over,16.5,0.4913,PASS_YDS__REC_YDS,A,0.30424078103150837,0.25095604000000005,0.3001220327920134,[],,,,,False,no_dual_confirm_leg,,,
2026-10-08T20:01:30Z,2026-10-08,2026-10-08T20:01:15Z,2026-10-05,32678,Dallas Cowboys,Tampa Bay Buccaneers,S3-A,Cade Otton|player_reception_yds|Over|29.5||Jalon Daniels|player_pass_yds|Over|182.5,Jalon Daniels,Cade Otton,TB,TB,TE,player_pass_yds,Over,182.5,0.5108,player_reception_yds,Over,29.5,0.5183,PASS_YDS__REC_YDS,B,0.21889110444728782,0.26474764,0.2998238867673818,[],,,,,False,tier_b_not_allowed,,,
2026-10-08T20:01:30Z,2026-10-08,2026-10-08T20:01:15Z,2026-10-05,32678,Dallas Cowboys,Tampa Bay Buccaneers,S3-A,CeeDee Lamb|player_receptions|Over|6.5||Dak Prescott|player_pass_completions|Over|23.5,Dak Prescott,CeeDee Lamb,DAL,DAL,WR,player_pass_completions,Over,23.5,0.5248,player_receptions,Over,6.5,0.4892,COMPLETIONS__RECEPTIONS,A,0.25803415231969434,0.25673216000000004,0.29816244622787363,[],,,,,False,no_dual_confirm_leg,,,
2026-10-08T20:01:30Z,2026-10-08,2026-10-08T20:01:15Z,2026-10-05,32678,Dallas Cowboys,Tampa Bay Buccaneers,S3-A,Jalon Daniels|player_pass_yds|Under|182.5||Ted Hurst|player_reception_yds|Under|16.5,Jalon Daniels,Ted Hurst,TB,TB,WR,player_pass_yds,Under,182.5,0.4892,player_reception_yds,Under,16.5,0.5087,PASS_YDS__REC_YDS,A,0.30424078103150837,0.24885604000000003,0.2980220315157946,[],,,,,False,no_dual_confirm_leg,,,
2026-10-08T20:01:30Z,2026-10-08,2026-10-08T20:01:15Z,2026-10-05,32678,Dallas Cowboys,Tampa Bay Buccaneers,S3-A,CeeDee Lamb|player_receptions|Under|6.5||Dak Prescott|player_pass_attempts|Under|34.5,Dak Prescott,CeeDee Lamb,DAL,DAL,WR,player_pass_attempts,Under,34.5,0.514,player_receptions,Under,6.5,0.5108,ATTEMPTS__RECEPTIONS,B,0.21120634316686865,0.26255120000000004,0.2963905203471821,[],,,,,False,tier_b_not_allowed,,,
2026-10-08T20:01:30Z,2026-10-08,2026-10-08T20:01:15Z,2026-10-05,32678,Dallas Cowboys,Tampa Bay Buccaneers,S3-A,Dak Prescott|player_pass_yds|Under|268.5||Ryan Flournoy|player_reception_yds|Under|31.5,Dak Prescott,Ryan Flournoy,DAL,DAL,WR,player_pass_yds,Under,268.5,0.4957,player_reception_yds,Under,31.5,0.4978,PASS_YDS__REC_YDS,A,0.30424078103150837,0.24675945999999999,0.2959575807295218,[],,,,,False,no_dual_confirm_leg,,,
2026-10-08T20:01:30Z,2026-10-08,2026-10-08T20:01:15Z,2026-10-05,32678,Dallas Cowboys,Tampa Bay Buccaneers,S3-A,CeeDee Lamb|player_reception_yds|Under|83.5||Dak Prescott|player_pass_yds|Under|268.5,Dak Prescott,CeeDee Lamb,DAL,DAL,WR,player_pass_yds,Under,268.5,0.4957,player_reception_yds,Under,83.5,0.4913,PASS_YDS__REC_YDS,A,0.30424078103150837,0.24353740999999998,0.29272560748300536,[],,,,,False,no_dual_confirm_leg,,,
2026-10-08T20:01:30Z,2026-10-08,2026-10-08T20:01:15Z,2026-10-05,32678,Dallas Cowboys,Tampa Bay Buccaneers,S3-A,Emeka Egbuka|player_reception_yds|Under|35.5||Jalon Daniels|player_pass_yds|Under|182.5,Jalon Daniels,Emeka Egbuka,TB,TB,WR,player_pass_yds,Under,182.5,0.4892,player_reception_yds,Under,35.5,0.4978,PASS_YDS__REC_YDS,A,0.30424078103150837,0.24352376000000003,0.2927069173119937,[],,,,,False,no_dual_confirm_leg,,,
2026-10-08T20:01:30Z,2026-10-08,2026-10-08T20:01:15Z,2026-10-05,32678,Dallas Cowboys,Tampa Bay Buccaneers,S3-A,CeeDee Lamb|player_receptions|Under|6.5||Dak Prescott|player_pass_yds|Under|268.5,Dak Prescott,CeeDee Lamb,DAL,DAL,WR,player_pass_yds,Under,268.5,0.4957,player_receptions,Under,6.5,0.5108,PASS_YDS__RECEPTIONS,B,0.23931098620281352,0.25320356,0.29164629329207276,[],,,,,False,tier_b_not_allowed,,,
2026-10-08T20:01:30Z,2026-10-08,2026-10-08T20:01:15Z,2026-10-05,32678,Dallas Cowboys,Tampa Bay Buccaneers,S3-A,Dak Prescott|player_pass_attempts|Over|34.5||George Pickens|player_receptions|Over|4.5,Dak Prescott,George Pickens,DAL,DAL,WR,player_pass_attempts,Over,34.5,0.48599999999999993,player_receptions,Over,4.5,0.527,ATTEMPTS__RECEPTIONS,B,0.21120634316686865,0.25612199999999996,0.2898829801496023,[],,,,,False,tier_b_not_allowed,,,
2026-10-08T20:01:30Z,2026-10-08,2026-10-08T20:01:15Z,2026-10-05,32678,Dallas Cowboys,Tampa Bay Buccaneers,S3-A,Jalon Daniels|player_pass_yds|Under|182.5||Tez Johnson|player_reception_yds|Under|12.5,Jalon Daniels,Tez Johnson,TB,TB,WR,player_pass_yds,Under,182.5,0.4892,player_reception_yds,Under,12.5,0.4913,PASS_YDS__REC_YDS,A,0.30424078103150837,0.24034396000000002,0.2895192991076529,[],,,,,False,no_dual_confirm_leg,,,
2026-10-08T20:01:30Z,2026-10-08,2026-10-08T20:01:15Z,2026-10-05,32678,Dallas Cowboys,Tampa Bay Buccaneers,S3-A,Dak Prescott|player_pass_yds|Under|268.5||George Pickens|player_reception_yds|Under|63.5,Dak Prescott,George Pickens,DAL,DAL,WR,player_pass_yds,Under,268.5,0.4957,player_reception_yds,Under,63.5,0.4838,PASS_YDS__REC_YDS,A,0.30424078103150837,0.23981966,0.28897963553223377,[],,,,,False,no_dual_confirm_leg,,,
2026-10-08T20:01:30Z,2026-10-08,2026-10-08T20:01:15Z,2026-10-05,32678,Dallas Cowboys,Tampa Bay Buccaneers,S3-A,Cade Otton|player_receptions|Over|3.5||Jalon Daniels|player_pass_attempts|Over|28.5,Jalon Daniels,Cade Otton,TB,TB,TE,player_pass_attempts,Over,28.5,0.5152,player_receptions,Over,3.5,0.4935,ATTEMPTS__RECEPTIONS,B,0.21340393661583412,0.2542512,0.28844654699269306,[],,,,,False,tier_b_not_allowed,,,
2026-10-08T20:01:30Z,2026-10-08,2026-10-08T20:01:15Z,2026-10-05,32678,Dallas Cowboys,Tampa Bay Buccaneers,S3-A,Dak Prescott|player_pass_attempts|Under|34.5||Javonte Williams|player_receptions|Under|2.5,Dak Prescott,Javonte Williams,DAL,DAL,RB,player_pass_attempts,Under,34.5,0.514,player_receptions,Under,2.5,0.487,ATTEMPTS__RECEPTIONS,B,0.22452237672530106,0.250318,0.28631229384903145,[],,,,,False,tier_b_not_allowed,,,
2026-10-08T20:01:30Z,2026-10-08,2026-10-08T20:01:15Z,2026-10-05,32678,Dallas Cowboys,Tampa Bay Buccaneers,S3-A,Dak Prescott|player_pass_attempts|Over|34.5||Javonte Williams|player_receptions|Over|2.5,Dak Prescott,Javonte Williams,DAL,DAL,RB,player_pass_attempts,Over,34.5,0.48599999999999993,player_receptions,Over,2.5,0.513,ATTEMPTS__RECEPTIONS,B,0.22452237672530106,0.24931799999999998,0.2853122922531763,[],,,,,False,tier_b_not_allowed,,,
2026-10-08T20:01:30Z,2026-10-08,2026-10-08T20:01:15Z,2026-10-05,32678,Dallas Cowboys,Tampa Bay Buccaneers,S3-A,CeeDee Lamb|player_receptions|Over|6.5||Dak Prescott|player_pass_yds|Over|268.5,Dak Prescott,CeeDee Lamb,DAL,DAL,WR,player_pass_yds,Over,268.5,0.5043,player_receptions,Over,6.5,0.4892,PASS_YDS__RECEPTIONS,B,0.23931098620281352,0.24670356,0.2851462937787728,[],,,,,False,tier_b_not_allowed,,,
2026-10-08T20:01:30Z,2026-10-08,2026-10-08T20:01:15Z,2026-10-05,32678,Dallas Cowboys,Tampa Bay Buccaneers,S3-A,Dak Prescott|player_pass_yds|Over|268.5||Jake Ferguson|player_reception_yds|Over|26.5,Dak Prescott,Jake Ferguson,DAL,DAL,TE,player_pass_yds,Over,268.5,0.5043,player_reception_yds,Over,26.5,0.4957,PASS_YDS__REC_YDS,B,0.21889110444728782,0.24998150999999996,0.2850988805631978,[],,,,,False,tier_b_not_allowed,,,
2026-10-08T20:01:30Z,2026-10-08,2026-10-08T20:01:15Z,2026-10-05,32678,Dallas Cowboys,Tampa Bay Buccaneers,S3-A,Dak Prescott|player_pass_yds|Under|268.5||Jake Ferguson|player_reception_yds|Under|26.5,Dak Prescott,Jake Ferguson,DAL,DAL,TE,player_pass_yds,Under,268.5,0.4957,player_reception_yds,Under,26.5,0.5043,PASS_YDS__REC_YDS,B,0.21889110444728782,0.24998150999999996,0.28509888007382905,[],,,,,False,tier_b_not_allowed,,,
2026-10-08T20:01:30Z,2026-10-08,2026-10-08T20:01:15Z,2026-10-05,32678,Dallas Cowboys,Tampa Bay Buccaneers,S3-A,CeeDee Lamb|player_receptions|Under|6.5||Dak Prescott|player_pass_completions|Under|23.5,Dak Prescott,CeeDee Lamb,DAL,DAL,WR,player_pass_completions,Under,23.5,0.47519999999999996,player_receptions,Under,6.5,0.5108,COMPLETIONS__RECEPTIONS,A,0.25803415231969434,0.24273216,0.28416244335905855,[],,,,,False,no_dual_confirm_leg,,,
2026-10-08T20:01:30Z,2026-10-08,2026-10-08T20:01:15Z,2026-10-05,32678,Dallas Cowboys,Tampa Bay Buccaneers,S3-A,Bucky Irving|player_reception_yds|Over|12.5||Jalon Daniels|player_pass_yds|Over|182.5,Jalon Daniels,Bucky Irving,TB,TB,RB,player_pass_yds,Over,182.5,0.5108,player_reception_yds,Over,12.5,0.4968,PASS_YDS__REC_YDS,B,0.18128977168956806,0.25376544,0.2827667619260021,[],,,,,False,tier_b_not_allowed,,,
2026-10-08T20:01:30Z,2026-10-08,2026-10-08T20:01:15Z,2026-10-05,32678,Dallas Cowboys,Tampa Bay Buccaneers,S3-A,Dak Prescott|player_pass_yds|Under|268.5||Javonte Williams|player_reception_yds|Under|14.5,Dak Prescott,Javonte Williams,DAL,DAL,RB,player_pass_yds,Under,268.5,0.4957,player_reception_yds,Under,14.5,0.5108,PASS_YDS__REC_YDS,B,0.18128977168956806,0.25320356,0.2822039208283174,[],,,,,False,tier_b_not_allowed,,,
2026-10-08T20:01:30Z,2026-10-08,2026-10-08T20:01:15Z,2026-10-05,32678,Dallas Cowboys,Tampa Bay Buccaneers,S3-A,Cade Otton|player_receptions|Under|3.5||Jalon Daniels|player_pass_attempts|Under|28.5,Jalon Daniels,Cade Otton,TB,TB,TE,player_pass_attempts,Under,28.5,0.4848,player_receptions,Under,3.5,0.5065,ATTEMPTS__RECEPTIONS,B,0.21340393661583412,0.24555119999999997,0.27974654526040593,[],,,,,False,tier_b_not_allowed,,,
2026-10-08T20:01:30Z,2026-10-08,2026-10-08T20:01:15Z,2026-10-05,32678,Dallas Cowboys,Tampa Bay Buccaneers,S3-A,Dak Prescott|player_pass_completions|Over|23.5||Jake Ferguson|player_receptions|Over|3.5,Dak Prescott,Jake Ferguson,DAL,DAL,TE,player_pass_completions,Over,23.5,0.5248,player_receptions,Over,3.5,0.4501,COMPLETIONS__RECEPTIONS,A,0.2567339180009476,0.23621248000000003,0.27708091256329287,[],,,,,False,no_dual_confirm_leg,,,
2026-10-08T20:01:30Z,2026-10-08,2026-10-08T20:01:15Z,2026-10-05,32678,Dallas Cowboys,Tampa Bay Buccaneers,S3-A,Dak Prescott|player_pass_attempts|Under|34.5||George Pickens|player_receptions|Under|4.5,Dak Prescott,George Pickens,DAL,DAL,WR,player_pass_attempts,Under,34.5,0.514,player_receptions,Under,4.5,0.47300000000000003,ATTEMPTS__RECEPTIONS,B,0.21120634316686865,0.24312200000000003,0.27688298172744025,[],,,,,False,tier_b_not_allowed,,,
2026-10-08T20:01:30Z,2026-10-08,2026-10-08T20:01:15Z,2026-10-05,32678,Dallas Cowboys,Tampa Bay Buccaneers,S3-A,Dak Prescott|player_pass_yds|Over|268.5||Javonte Williams|player_reception_yds|Over|14.5,Dak Prescott,Javonte Williams,DAL,DAL,RB,player_pass_yds,Over,268.5,0.5043,player_reception_yds,Over,14.5,0.4892,PASS_YDS__REC_YDS,B,0.18128977168956806,0.24670356,0.275703921303382,[],,,,,False,tier_b_not_allowed,,,
2026-10-08T20:01:30Z,2026-10-08,2026-10-08T20:01:15Z,2026-10-05,32678,Dallas Cowboys,Tampa Bay Buccaneers,S3-A,Bucky Irving|player_reception_yds|Under|12.5||Jalon Daniels|player_pass_yds|Under|182.5,Jalon Daniels,Bucky Irving,TB,TB,RB,player_pass_yds,Under,182.5,0.4892,player_reception_yds,Under,12.5,0.5032,PASS_YDS__REC_YDS,B,0.18128977168956806,0.24616544,0.2751667607081689,[],,,,,False,tier_b_not_allowed,,,
2026-10-08T20:01:30Z,2026-10-08,2026-10-08T20:01:15Z,2026-10-05,32678,Dallas Cowboys,Tampa Bay Buccaneers,S3-A,Dak Prescott|player_pass_completions|Under|23.5||Javonte Williams|player_receptions|Under|2.5,Dak Prescott,Javonte Williams,DAL,DAL,RB,player_pass_completions,Under,23.5,0.47519999999999996,player_receptions,Under,2.5,0.487,COMPLETIONS__RECEPTIONS,A,0.2690810140451369,0.23142239999999997,0.27468519508313216,[],,,,,False,no_dual_confirm_leg,,,
2026-10-08T20:01:30Z,2026-10-08,2026-10-08T20:01:15Z,2026-10-05,32678,Dallas Cowboys,Tampa Bay Buccaneers,S3-A,Cade Otton|player_receptions|Under|3.5||Jalon Daniels|player_pass_completions|Under|17.5,Jalon Daniels,Cade Otton,TB,TB,TE,player_pass_completions,Under,17.5,0.45879999999999993,player_receptions,Under,3.5,0.5065,COMPLETIONS__RECEPTIONS,A,0.2567339180009476,0.23238219999999996,0.2734649329225377,[],,,,,False,no_dual_confirm_leg,,,
2026-10-08T20:01:30Z,2026-10-08,2026-10-08T20:01:15Z,2026-10-05,32678,Dallas Cowboys,Tampa Bay Buccaneers,S3-A,Dak Prescott|player_pass_yds|Under|268.5||George Pickens|player_receptions|Under|4.5,Dak Prescott,George Pickens,DAL,DAL,WR,player_pass_yds,Under,268.5,0.4957,player_receptions,Under,4.5,0.47300000000000003,PASS_YDS__RECEPTIONS,B,0.23931098620281352,0.2344661,0.2728381996619014,[],,,,,False,tier_b_not_allowed,,,
2026-10-08T20:01:30Z,2026-10-08,2026-10-08T20:01:15Z,2026-10-05,32678,Dallas Cowboys,Tampa Bay Buccaneers,S3-A,CeeDee Lamb|player_receptions|Over|6.5||Dak Prescott|player_pass_attempts|Over|34.5,Dak Prescott,CeeDee Lamb,DAL,DAL,WR,player_pass_attempts,Over,34.5,0.48599999999999993,player_receptions,Over,6.5,0.4892,ATTEMPTS__RECEPTIONS,B,0.21120634316686865,0.23775119999999997,0.2715905187333681,[],,,,,False,tier_b_not_allowed,,,
2026-10-08T20:01:30Z,2026-10-08,2026-10-08T20:01:15Z,2026-10-05,32678,Dallas Cowboys,Tampa Bay Buccaneers,S3-A,Cade Otton|player_reception_yds|Under|29.5||Jalon Daniels|player_pass_yds|Under|182.5,Jalon Daniels,Cade Otton,TB,TB,TE,player_pass_yds,Under,182.5,0.4892,player_reception_yds,Under,29.5,0.4817,PASS_YDS__REC_YDS,B,0.21889110444728782,0.23564764000000002,0.27072388550870297,[],,,,,False,tier_b_not_allowed,,,
2026-10-08T20:01:30Z,2026-10-08,2026-10-08T20:01:15Z,2026-10-05,32678,Dallas Cowboys,Tampa Bay Buccaneers,S3-A,Dak Prescott|player_pass_completions|Over|23.5||Ryan Flournoy|player_receptions|Over|3.5,Dak Prescott,Ryan Flournoy,DAL,DAL,WR,player_pass_completions,Over,23.5,0.5248,player_receptions,Over,3.5,0.4362,COMPLETIONS__RECEPTIONS,A,0.25803415231969434,0.22891776,0.26977456081761314,[],,,,,False,no_dual_confirm_leg,,,
2026-10-08T20:01:30Z,2026-10-08,2026-10-08T20:01:15Z,2026-10-05,32678,Dallas Cowboys,Tampa Bay Buccaneers,S3-A,Dak Prescott|player_pass_completions|Under|23.5||George Pickens|player_receptions|Under|4.5,Dak Prescott,George Pickens,DAL,DAL,WR,player_pass_completions,Under,23.5,0.47519999999999996,player_receptions,Under,4.5,0.47300000000000003,COMPLETIONS__RECEPTIONS,A,0.25803415231969434,0.22476959999999999,0.26615101869134444,[],,,,,False,no_dual_confirm_leg,,,
2026-10-08T20:01:30Z,2026-10-08,2026-10-08T20:01:15Z,2026-10-05,32678,Dallas Cowboys,Tampa Bay Buccaneers,S3-A,Dak Prescott|player_pass_yds|Over|268.5||Ryan Flournoy|player_receptions|Over|3.5,Dak Prescott,Ryan Flournoy,DAL,DAL,WR,player_pass_yds,Over,268.5,0.5043,player_receptions,Over,3.5,0.4362,PASS_YDS__RECEPTIONS,B,0.23931098620281352,0.21997565999999996,0.25792341575311106,[],,,,,False,tier_b_not_allowed,,,
2026-10-08T20:01:30Z,2026-10-08,2026-10-08T20:01:15Z,2026-10-05,32678,Dallas Cowboys,Tampa Bay Buccaneers,S3-A,Dak Prescott|player_pass_attempts|Over|34.5||Jake Ferguson|player_receptions|Over|3.5,Dak Prescott,Jake Ferguson,DAL,DAL,TE,player_pass_attempts,Over,34.5,0.48599999999999993,player_receptions,Over,3.5,0.4501,ATTEMPTS__RECEPTIONS,B,0.21340393661583412,0.21874859999999996,0.2526989717611648,[],,,,,False,tier_b_not_allowed,,,
2026-10-08T20:01:30Z,2026-10-08,2026-10-08T20:01:15Z,2026-10-05,32678,Dallas Cowboys,Tampa Bay Buccaneers,S3-A,Bucky Irving|player_receptions|Over|2.5||Jalon Daniels|player_pass_completions|Over|17.5,Jalon Daniels,Bucky Irving,TB,TB,RB,player_pass_completions,Over,17.5,0.5412,player_receptions,Over,2.5,0.3898,COMPLETIONS__RECEPTIONS,A,0.2690810140451369,0.21095976,0.25221719178357466,[],,,,,False,no_dual_confirm_leg,,,
2026-10-08T20:01:30Z,2026-10-08,2026-10-08T20:01:15Z,2026-10-05,32678,Dallas Cowboys,Tampa Bay Buccaneers,S3-A,Dak Prescott|player_pass_attempts|Over|34.5||Ryan Flournoy|player_receptions|Over|3.5,Dak Prescott,Ryan Flournoy,DAL,DAL,WR,player_pass_attempts,Over,34.5,0.48599999999999993,player_receptions,Over,3.5,0.4362,ATTEMPTS__RECEPTIONS,B,0.21120634316686865,0.21199319999999996,0.24542166208521435,[],,,,,False,tier_b_not_allowed,,,
2026-10-08T20:01:30Z,2026-10-08,2026-10-08T20:01:15Z,2026-10-05,32678,Dallas Cowboys,Tampa Bay Buccaneers,S3-A,Bucky Irving|player_receptions|Over|2.5||Jalon Daniels|player_pass_attempts|Over|28.5,Jalon Daniels,Bucky Irving,TB,TB,RB,player_pass_attempts,Over,28.5,0.5152,player_receptions,Over,2.5,0.3898,ATTEMPTS__RECEPTIONS,B,0.22452237672530106,0.20082496,0.23539023080473895,[],,,,,False,tier_b_not_allowed,,,
2026-10-08T20:01:30Z,2026-10-08,2026-10-08T20:01:15Z,2026-10-05,32678,Dallas Cowboys,Tampa Bay Buccaneers,S3-A,Emeka Egbuka|player_receptions|Under|2.5||Jalon Daniels|player_pass_yds|Under|182.5,Jalon Daniels,Emeka Egbuka,TB,TB,WR,player_pass_yds,Under,182.5,0.4892,player_receptions,Under,2.5,0.3587,PASS_YDS__RECEPTIONS,B,0.23931098620281352,0.17547604000000003,0.21148164050247986,[],,,,,False,tier_b_not_allowed,,,
2026-10-08T20:01:30Z,2026-10-08,2026-10-08T20:01:15Z,2026-10-05,32678,Dallas Cowboys,Tampa Bay Buccaneers,S3-A,Emeka Egbuka|player_receptions|Under|2.5||Jalon Daniels|player_pass_attempts|Under|28.5,Jalon Daniels,Emeka Egbuka,TB,TB,WR,player_pass_attempts,Under,28.5,0.4848,player_receptions,Under,2.5,0.3587,ATTEMPTS__RECEPTIONS,B,0.21120634316686865,0.17389776,0.20561215794051524,[],,,,,False,tier_b_not_allowed,,,
2026-10-08T20:01:30Z,2026-10-08,2026-10-08T20:01:15Z,2026-10-05,32678,Dallas Cowboys,Tampa Bay Buccaneers,S3-A,Emeka Egbuka|player_receptions|Under|2.5||Jalon Daniels|player_pass_completions|Under|17.5,Jalon Daniels,Emeka Egbuka,TB,TB,WR,player_pass_completions,Under,17.5,0.45879999999999993,player_receptions,Under,2.5,0.3587,COMPLETIONS__RECEPTIONS,A,0.25803415231969434,0.16457155999999998,0.20339868766021132,[],,,,,False,no_dual_confirm_leg,,,
2026-10-08T20:01:30Z,2026-10-08,2026-10-08T20:01:15Z,2026-10-05,32678,Dallas Cowboys,Tampa Bay Buccaneers,S3-B,Emeka Egbuka|player_receptions|Over|2.5||Jalon Daniels|player_pass_completions|Over|17.5,Jalon Daniels,Emeka Egbuka,TB,TB,WR,player_pass_completions,Over,17.5,0.5412,player_receptions,Over,2.5,0.6413,COMPLETIONS__RECEPTIONS,A,0.25803415231969434,0.34707156,0.38589869236342705,[],draftkings,114,0.4672897196261682,-8.139102726274118,False,no_dual_confirm_leg,,,
2026-10-08T20:01:30Z,2026-10-08,2026-10-08T20:01:15Z,2026-10-05,32678,Dallas Cowboys,Tampa Bay Buccaneers,S3-B,Emeka Egbuka|player_receptions|Over|2.5||Jalon Daniels|player_pass_yds|Over|182.5,Jalon Daniels,Emeka Egbuka,TB,TB,WR,player_pass_yds,Over,182.5,0.5108,player_receptions,Over,2.5,0.6413,PASS_YDS__RECEPTIONS,B,0.23931098620281352,0.32757604,0.3635816416651769,[],fanduel,134,0.42735042735042733,-6.376878568525041,False,tier_b_not_allowed,,,
2026-10-08T20:01:30Z,2026-10-08,2026-10-08T20:01:15Z,2026-10-05,32678,Dallas Cowboys,Tampa Bay Buccaneers,S3-B,Emeka Egbuka|player_receptions|Over|2.5||Jalon Daniels|player_pass_attempts|Over|28.5,Jalon Daniels,Emeka Egbuka,TB,TB,WR,player_pass_attempts,Over,28.5,0.5152,player_receptions,Over,2.5,0.6413,ATTEMPTS__RECEPTIONS,B,0.21120634316686865,0.33039776,0.3621121595938553,[],draftkings,126,0.4424778761061947,-8.036571651233942,False,tier_b_not_allowed,,,
2026-10-08T20:01:30Z,2026-10-08,2026-10-08T20:01:15Z,2026-10-05,32678,Dallas Cowboys,Tampa Bay Buccaneers,S3-B,Bucky Irving|player_receptions|Under|2.5||Jalon Daniels|player_pass_attempts|Under|28.5,Jalon Daniels,Bucky Irving,TB,TB,RB,player_pass_attempts,Under,28.5,0.4848,player_receptions,Under,2.5,0.6102,ATTEMPTS__RECEPTIONS,B,0.22452237672530106,0.29582495999999997,0.3303902289494756,[],draftkings,152,0.3968253968253968,-6.643516787592119,False,tier_b_not_allowed,,,
2026-10-08T20:01:30Z,2026-10-08,2026-10-08T20:01:15Z,2026-10-05,32678,Dallas Cowboys,Tampa Bay Buccaneers,S3-B,Dak Prescott|player_pass_attempts|Under|34.5||Ryan Flournoy|player_receptions|Under|3.5,Dak Prescott,Ryan Flournoy,DAL,DAL,WR,player_pass_attempts,Under,34.5,0.514,player_receptions,Under,3.5,0.5638,ATTEMPTS__RECEPTIONS,B,0.21120634316686865,0.2897932,0.3232216636712475,[],draftkings,142,0.4132231404958678,-9.000147682462028,False,tier_b_not_allowed,,,
2026-10-08T20:01:30Z,2026-10-08,2026-10-08T20:01:15Z,2026-10-05,32678,Dallas Cowboys,Tampa Bay Buccaneers,S3-B,Bucky Irving|player_receptions|Under|2.5||Jalon Daniels|player_pass_completions|Under|17.5,Jalon Daniels,Bucky Irving,TB,TB,RB,player_pass_completions,Under,17.5,0.45879999999999993,player_receptions,Under,2.5,0.6102,COMPLETIONS__RECEPTIONS,A,0.2690810140451369,0.27995975999999995,0.3212171869724705,[],draftkings,152,0.3968253968253968,-7.560820985292632,False,no_dual_confirm_leg,,,
2026-10-08T20:01:30Z,2026-10-08,2026-10-08T20:01:15Z,2026-10-05,32678,Dallas Cowboys,Tampa Bay Buccaneers,S3-B,Dak Prescott|player_pass_completions|Over|23.5||George Pickens|player_receptions|Over|4.5,Dak Prescott,George Pickens,DAL,DAL,WR,player_pass_completions,Over,23.5,0.5248,player_receptions,Over,4.5,0.527,COMPLETIONS__RECEPTIONS,A,0.25803415231969434,0.2765696,0.3179510216003076,[],draftkings,166,0.37593984962406013,-5.798882802375255,False,no_dual_confirm_leg,,,
2026-10-08T20:01:30Z,2026-10-08,2026-10-08T20:01:15Z,2026-10-05,32678,Dallas Cowboys,Tampa Bay Buccaneers,S3-B,Dak Prescott|player_pass_yds|Under|268.5||Ryan Flournoy|player_receptions|Under|3.5,Dak Prescott,Ryan Flournoy,DAL,DAL,WR,player_pass_yds,Under,268.5,0.4957,player_receptions,Under,3.5,0.5638,PASS_YDS__RECEPTIONS,B,0.23931098620281352,0.27947565999999996,0.31742341523821543,[],fanduel,164,0.3787878787878788,-6.136446354966335,False,tier_b_not_allowed,,,
2026-10-08T20:01:30Z,2026-10-08,2026-10-08T20:01:15Z,2026-10-05,32678,Dallas Cowboys,Tampa Bay Buccaneers,S3-B,Dak Prescott|player_pass_attempts|Under|34.5||Jake Ferguson|player_receptions|Under|3.5,Dak Prescott,Jake Ferguson,DAL,DAL,TE,player_pass_attempts,Under,34.5,0.514,player_receptions,Under,3.5,0.5499,ATTEMPTS__RECEPTIONS,B,0.21340393661583412,0.2826486,0.31659897337447246,[],draftkings,150,0.4,-8.340102662552756,False,tier_b_not_allowed,,,
2026-10-08T20:01:30Z,2026-10-08,2026-10-08T20:01:15Z,2026-10-05,32678,Dallas Cowboys,Tampa Bay Buccaneers,S3-B,Dak Prescott|player_pass_completions|Over|23.5||Javonte Williams|player_receptions|Over|2.5,Dak Prescott,Javonte Williams,DAL,DAL,RB,player_pass_completions,Over,23.5,0.5248,player_receptions,Over,2.5,0.513,COMPLETIONS__RECEPTIONS,A,0.2690810140451369,0.26922240000000003,0.31248519799529245,[],draftkings,176,0.36231884057971014,-4.983364258441769,False,no_dual_confirm_leg,,,
2026-10-08T20:01:30Z,2026-10-08,2026-10-08T20:01:15Z,2026-10-05,32678,Dallas Cowboys,Tampa Bay Buccaneers,S3-B,Dak Prescott|player_pass_yds|Over|268.5||George Pickens|player_reception_yds|Over|63.5,Dak Prescott,George Pickens,DAL,DAL,WR,player_pass_yds,Over,268.5,0.5043,player_reception_yds,Over,63.5,0.5162,PASS_YDS__REC_YDS,A,0.30424078103150837,0.26031966,0.30947963606115386,[],,,,,False,no_dual_confirm_leg,,,
2026-10-08T20:01:30Z,2026-10-08,2026-10-08T20:01:15Z,2026-10-05,32678,Dallas Cowboys,Tampa Bay Buccaneers,S3-B,Jalon Daniels|player_pass_yds|Over|182.5||Tez Johnson|player_reception_yds|Over|12.5,Jalon Daniels,Tez Johnson,TB,TB,WR,player_pass_yds,Over,182.5,0.5108,player_reception_yds,Over,12.5,0.5087,PASS_YDS__REC_YDS,A,0.30424078103150837,0.25984396000000004,0.30901930040358416,[],fanduel,177,0.36101083032490977,-5.199152992132561,False,no_dual_confirm_leg,,,
2026-10-08T20:01:30Z,2026-10-08,2026-10-08T20:01:15Z,2026-10-05,32678,Dallas Cowboys,Tampa Bay Buccaneers,S3-B,Dak Prescott|player_pass_completions|Under|23.5||Ryan Flournoy|player_receptions|Under|3.5,Dak Prescott,Ryan Flournoy,DAL,DAL,WR,player_pass_completions,Under,23.5,0.47519999999999996,player_receptions,Under,3.5,0.5638,COMPLETIONS__RECEPTIONS,A,0.25803415231969434,0.26791775999999995,0.3087745579336846,[],,,,,False,no_dual_confirm_leg,,,
2026-10-08T20:01:30Z,2026-10-08,2026-10-08T20:01:15Z,2026-10-05,32678,Dallas Cowboys,Tampa Bay Buccaneers,S3-B,Cade Otton|player_receptions|Over|3.5||Jalon Daniels|player_pass_completions|Over|17.5,Jalon Daniels,Cade Otton,TB,TB,TE,player_pass_completions,Over,17.5,0.5412,player_receptions,Over,3.5,0.4935,COMPLETIONS__RECEPTIONS,A,0.2567339180009476,0.2670822,0.3081649376563965,[],,,,,False,no_dual_confirm_leg,,,
2026-10-08T20:01:30Z,2026-10-08,2026-10-08T20:01:15Z,2026-10-05,32678,Dallas Cowboys,Tampa Bay Buccaneers,S3-B,CeeDee Lamb|player_reception_yds|Over|83.5||Dak Prescott|player_pass_yds|Over|268.5,Dak Prescott,CeeDee Lamb,DAL,DAL,WR,player_pass_yds,Over,268.5,0.5043,player_reception_yds,Over,83.5,0.5087,PASS_YDS__REC_YDS,A,0.30424078103150837,0.25653741,0.30572560800506227,[],,,,,False,no_dual_confirm_leg,,,
2026-10-08T20:01:30Z,2026-10-08,2026-10-08T20:01:15Z,2026-10-05,32678,Dallas Cowboys,Tampa Bay Buccaneers,S3-B,Emeka Egbuka|player_reception_yds|Over|35.5||Jalon Daniels|player_pass_yds|Over|182.5,Jalon Daniels,Emeka Egbuka,TB,TB,WR,player_pass_yds,Over,182.5,0.5108,player_reception_yds,Over,35.5,0.5022,PASS_YDS__REC_YDS,A,0.30424078103150837,0.25652376,0.3057069186006705,[],,,,,False,no_dual_confirm_leg,,,
2026-10-08T20:01:30Z,2026-10-08,2026-10-08T20:01:15Z,2026-10-05,32678,Dallas Cowboys,Tampa Bay Buccaneers,S3-B,Dak Prescott|player_pass_yds|Over|268.5||George Pickens|player_receptions|Over|4.5,Dak Prescott,George Pickens,DAL,DAL,WR,player_pass_yds,Over,268.5,0.5043,player_receptions,Over,4.5,0.527,PASS_YDS__RECEPTIONS,B,0.23931098620281352,0.2657661,0.30413820018225746,[],,,,,False,tier_b_not_allowed,,,
2026-10-08T20:01:30Z,2026-10-08,2026-10-08T20:01:15Z,2026-10-05,32678,Dallas Cowboys,Tampa Bay Buccaneers,S3-B,Dak Prescott|player_pass_yds|Over|268.5||Ryan Flournoy|player_reception_yds|Over|31.5,Dak Prescott,Ryan Flournoy,DAL,DAL,WR,player_pass_yds,Over,268.5,0.5043,player_reception_yds,Over,31.5,0.5022,PASS_YDS__REC_YDS,A,0.30424078103150837,0.25325946,0.30245758124451355,[],,,,,False,no_dual_confirm_leg,,,
2026-10-08T20:01:30Z,2026-10-08,2026-10-08T20:01:15Z,2026-10-05,32678,Dallas Cowboys,Tampa Bay Buccaneers,S3-B,Dak Prescott|player_pass_completions|Under|23.5||Jake Ferguson|player_receptions|Under|3.5,Dak Prescott,Jake Ferguson,DAL,DAL,TE,player_pass_completions,Under,23.5,0.47519999999999996,player_receptions,Under,3.5,0.5499,COMPLETIONS__RECEPTIONS,A,0.2567339180009476,0.26131248,0.30218090970266526,[],,,,,False,no_dual_confirm_leg,,,
2026-10-08T20:01:30Z,2026-10-08,2026-10-08T20:01:15Z,2026-10-05,32678,Dallas Cowboys,Tampa Bay Buccaneers,S3-B,Jalon Daniels|player_pass_yds|Over|182.5||Ted Hurst|player_reception_yds|Over|16.5,Jalon Daniels,Ted Hurst,TB,TB,WR,player_pass_yds,Over,182.5,0.5108,player_reception_yds,Over,16.5,0.4913,PASS_YDS__REC_YDS,A,0.30424078103150837,0.25095604000000005,0.3001220327920134,[],,,,,False,no_dual_confirm_leg,,,
2026-10-08T20:01:30Z,2026-10-08,2026-10-08T20:01:15Z,2026-10-05,32678,Dallas Cowboys,Tampa Bay Buccaneers,S3-B,Cade Otton|player_reception_yds|Over|29.5||Jalon Daniels|player_pass_yds|Over|182.5,Jalon Daniels,Cade Otton,TB,TB,TE,player_pass_yds,Over,182.5,0.5108,player_reception_yds,Over,29.5,0.5183,PASS_YDS__REC_YDS,B,0.21889110444728782,0.26474764,0.2998238867673818,[],,,,,False,tier_b_not_allowed,,,
2026-10-08T20:01:30Z,2026-10-08,2026-10-08T20:01:15Z,2026-10-05,32678,Dallas Cowboys,Tampa Bay Buccaneers,S3-B,CeeDee Lamb|player_receptions|Over|6.5||Dak Prescott|player_pass_completions|Over|23.5,Dak Prescott,CeeDee Lamb,DAL,DAL,WR,player_pass_completions,Over,23.5,0.5248,player_receptions,Over,6.5,0.4892,COMPLETIONS__RECEPTIONS,A,0.25803415231969434,0.25673216000000004,0.29816244622787363,[],,,,,False,no_dual_confirm_leg,,,
2026-10-08T20:01:30Z,2026-10-08,2026-10-08T20:01:15Z,2026-10-05,32678,Dallas Cowboys,Tampa Bay Buccaneers,S3-B,Jalon Daniels|player_pass_yds|Under|182.5||Ted Hurst|player_reception_yds|Under|16.5,Jalon Daniels,Ted Hurst,TB,TB,WR,player_pass_yds,Under,182.5,0.4892,player_reception_yds,Under,16.5,0.5087,PASS_YDS__REC_YDS,A,0.30424078103150837,0.24885604000000003,0.2980220315157946,[],,,,,False,no_dual_confirm_leg,,,
2026-10-08T20:01:30Z,2026-10-08,2026-10-08T20:01:15Z,2026-10-05,32678,Dallas Cowboys,Tampa Bay Buccaneers,S3-B,CeeDee Lamb|player_receptions|Under|6.5||Dak Prescott|player_pass_attempts|Under|34.5,Dak Prescott,CeeDee Lamb,DAL,DAL,WR,player_pass_attempts,Under,34.5,0.514,player_receptions,Under,6.5,0.5108,ATTEMPTS__RECEPTIONS,B,0.21120634316686865,0.26255120000000004,0.2963905203471821,[],,,,,False,tier_b_not_allowed,,,
2026-10-08T20:01:30Z,2026-10-08,2026-10-08T20:01:15Z,2026-10-05,32678,Dallas Cowboys,Tampa Bay Buccaneers,S3-B,Dak Prescott|player_pass_yds|Under|268.5||Ryan Flournoy|player_reception_yds|Under|31.5,Dak Prescott,Ryan Flournoy,DAL,DAL,WR,player_pass_yds,Under,268.5,0.4957,player_reception_yds,Under,31.5,0.4978,PASS_YDS__REC_YDS,A,0.30424078103150837,0.24675945999999999,0.2959575807295218,[],,,,,False,no_dual_confirm_leg,,,
2026-10-08T20:01:30Z,2026-10-08,2026-10-08T20:01:15Z,2026-10-05,32678,Dallas Cowboys,Tampa Bay Buccaneers,S3-B,CeeDee Lamb|player_reception_yds|Under|83.5||Dak Prescott|player_pass_yds|Under|268.5,Dak Prescott,CeeDee Lamb,DAL,DAL,WR,player_pass_yds,Under,268.5,0.4957,player_reception_yds,Under,83.5,0.4913,PASS_YDS__REC_YDS,A,0.30424078103150837,0.24353740999999998,0.29272560748300536,[],,,,,False,no_dual_confirm_leg,,,
2026-10-08T20:01:30Z,2026-10-08,2026-10-08T20:01:15Z,2026-10-05,32678,Dallas Cowboys,Tampa Bay Buccaneers,S3-B,Emeka Egbuka|player_reception_yds|Under|35.5||Jalon Daniels|player_pass_yds|Under|182.5,Jalon Daniels,Emeka Egbuka,TB,TB,WR,player_pass_yds,Under,182.5,0.4892,player_reception_yds,Under,35.5,0.4978,PASS_YDS__REC_YDS,A,0.30424078103150837,0.24352376000000003,0.2927069173119937,[],,,,,False,no_dual_confirm_leg,,,
2026-10-08T20:01:30Z,2026-10-08,2026-10-08T20:01:15Z,2026-10-05,32678,Dallas Cowboys,Tampa Bay Buccaneers,S3-B,CeeDee Lamb|player_receptions|Under|6.5||Dak Prescott|player_pass_yds|Under|268.5,Dak Prescott,CeeDee Lamb,DAL,DAL,WR,player_pass_yds,Under,268.5,0.4957,player_receptions,Under,6.5,0.5108,PASS_YDS__RECEPTIONS,B,0.23931098620281352,0.25320356,0.29164629329207276,[],,,,,False,tier_b_not_allowed,,,
2026-10-08T20:01:30Z,2026-10-08,2026-10-08T20:01:15Z,2026-10-05,32678,Dallas Cowboys,Tampa Bay Buccaneers,S3-B,Dak Prescott|player_pass_attempts|Over|34.5||George Pickens|player_receptions|Over|4.5,Dak Prescott,George Pickens,DAL,DAL,WR,player_pass_attempts,Over,34.5,0.48599999999999993,player_receptions,Over,4.5,0.527,ATTEMPTS__RECEPTIONS,B,0.21120634316686865,0.25612199999999996,0.2898829801496023,[],,,,,False,tier_b_not_allowed,,,
2026-10-08T20:01:30Z,2026-10-08,2026-10-08T20:01:15Z,2026-10-05,32678,Dallas Cowboys,Tampa Bay Buccaneers,S3-B,Jalon Daniels|player_pass_yds|Under|182.5||Tez Johnson|player_reception_yds|Under|12.5,Jalon Daniels,Tez Johnson,TB,TB,WR,player_pass_yds,Under,182.5,0.4892,player_reception_yds,Under,12.5,0.4913,PASS_YDS__REC_YDS,A,0.30424078103150837,0.24034396000000002,0.2895192991076529,[],,,,,False,no_dual_confirm_leg,,,
2026-10-08T20:01:30Z,2026-10-08,2026-10-08T20:01:15Z,2026-10-05,32678,Dallas Cowboys,Tampa Bay Buccaneers,S3-B,Dak Prescott|player_pass_yds|Under|268.5||George Pickens|player_reception_yds|Under|63.5,Dak Prescott,George Pickens,DAL,DAL,WR,player_pass_yds,Under,268.5,0.4957,player_reception_yds,Under,63.5,0.4838,PASS_YDS__REC_YDS,A,0.30424078103150837,0.23981966,0.28897963553223377,[],,,,,False,no_dual_confirm_leg,,,
2026-10-08T20:01:30Z,2026-10-08,2026-10-08T20:01:15Z,2026-10-05,32678,Dallas Cowboys,Tampa Bay Buccaneers,S3-B,Cade Otton|player_receptions|Over|3.5||Jalon Daniels|player_pass_attempts|Over|28.5,Jalon Daniels,Cade Otton,TB,TB,TE,player_pass_attempts,Over,28.5,0.5152,player_receptions,Over,3.5,0.4935,ATTEMPTS__RECEPTIONS,B,0.21340393661583412,0.2542512,0.28844654699269306,[],,,,,False,tier_b_not_allowed,,,
2026-10-08T20:01:30Z,2026-10-08,2026-10-08T20:01:15Z,2026-10-05,32678,Dallas Cowboys,Tampa Bay Buccaneers,S3-B,Dak Prescott|player_pass_attempts|Under|34.5||Javonte Williams|player_receptions|Under|2.5,Dak Prescott,Javonte Williams,DAL,DAL,RB,player_pass_attempts,Under,34.5,0.514,player_receptions,Under,2.5,0.487,ATTEMPTS__RECEPTIONS,B,0.22452237672530106,0.250318,0.28631229384903145,[],,,,,False,tier_b_not_allowed,,,
2026-10-08T20:01:30Z,2026-10-08,2026-10-08T20:01:15Z,2026-10-05,32678,Dallas Cowboys,Tampa Bay Buccaneers,S3-B,Dak Prescott|player_pass_attempts|Over|34.5||Javonte Williams|player_receptions|Over|2.5,Dak Prescott,Javonte Williams,DAL,DAL,RB,player_pass_attempts,Over,34.5,0.48599999999999993,player_receptions,Over,2.5,0.513,ATTEMPTS__RECEPTIONS,B,0.22452237672530106,0.24931799999999998,0.2853122922531763,[],,,,,False,tier_b_not_allowed,,,
2026-10-08T20:01:30Z,2026-10-08,2026-10-08T20:01:15Z,2026-10-05,32678,Dallas Cowboys,Tampa Bay Buccaneers,S3-B,CeeDee Lamb|player_receptions|Over|6.5||Dak Prescott|player_pass_yds|Over|268.5,Dak Prescott,CeeDee Lamb,DAL,DAL,WR,player_pass_yds,Over,268.5,0.5043,player_receptions,Over,6.5,0.4892,PASS_YDS__RECEPTIONS,B,0.23931098620281352,0.24670356,0.2851462937787728,[],,,,,False,tier_b_not_allowed,,,
2026-10-08T20:01:30Z,2026-10-08,2026-10-08T20:01:15Z,2026-10-05,32678,Dallas Cowboys,Tampa Bay Buccaneers,S3-B,Dak Prescott|player_pass_yds|Over|268.5||Jake Ferguson|player_reception_yds|Over|26.5,Dak Prescott,Jake Ferguson,DAL,DAL,TE,player_pass_yds,Over,268.5,0.5043,player_reception_yds,Over,26.5,0.4957,PASS_YDS__REC_YDS,B,0.21889110444728782,0.24998150999999996,0.2850988805631978,[],,,,,False,tier_b_not_allowed,,,
2026-10-08T20:01:30Z,2026-10-08,2026-10-08T20:01:15Z,2026-10-05,32678,Dallas Cowboys,Tampa Bay Buccaneers,S3-B,Dak Prescott|player_pass_yds|Under|268.5||Jake Ferguson|player_reception_yds|Under|26.5,Dak Prescott,Jake Ferguson,DAL,DAL,TE,player_pass_yds,Under,268.5,0.4957,player_reception_yds,Under,26.5,0.5043,PASS_YDS__REC_YDS,B,0.21889110444728782,0.24998150999999996,0.28509888007382905,[],,,,,False,tier_b_not_allowed,,,
2026-10-08T20:01:30Z,2026-10-08,2026-10-08T20:01:15Z,2026-10-05,32678,Dallas Cowboys,Tampa Bay Buccaneers,S3-B,CeeDee Lamb|player_receptions|Under|6.5||Dak Prescott|player_pass_completions|Under|23.5,Dak Prescott,CeeDee Lamb,DAL,DAL,WR,player_pass_completions,Under,23.5,0.47519999999999996,player_receptions,Under,6.5,0.5108,COMPLETIONS__RECEPTIONS,A,0.25803415231969434,0.24273216,0.28416244335905855,[],,,,,False,no_dual_confirm_leg,,,
2026-10-08T20:01:30Z,2026-10-08,2026-10-08T20:01:15Z,2026-10-05,32678,Dallas Cowboys,Tampa Bay Buccaneers,S3-B,Bucky Irving|player_reception_yds|Over|12.5||Jalon Daniels|player_pass_yds|Over|182.5,Jalon Daniels,Bucky Irving,TB,TB,RB,player_pass_yds,Over,182.5,0.5108,player_reception_yds,Over,12.5,0.4968,PASS_YDS__REC_YDS,B,0.18128977168956806,0.25376544,0.2827667619260021,[],,,,,False,tier_b_not_allowed,,,
2026-10-08T20:01:30Z,2026-10-08,2026-10-08T20:01:15Z,2026-10-05,32678,Dallas Cowboys,Tampa Bay Buccaneers,S3-B,Dak Prescott|player_pass_yds|Under|268.5||Javonte Williams|player_reception_yds|Under|14.5,Dak Prescott,Javonte Williams,DAL,DAL,RB,player_pass_yds,Under,268.5,0.4957,player_reception_yds,Under,14.5,0.5108,PASS_YDS__REC_YDS,B,0.18128977168956806,0.25320356,0.2822039208283174,[],,,,,False,tier_b_not_allowed,,,
2026-10-08T20:01:30Z,2026-10-08,2026-10-08T20:01:15Z,2026-10-05,32678,Dallas Cowboys,Tampa Bay Buccaneers,S3-B,Cade Otton|player_receptions|Under|3.5||Jalon Daniels|player_pass_attempts|Under|28.5,Jalon Daniels,Cade Otton,TB,TB,TE,player_pass_attempts,Under,28.5,0.4848,player_receptions,Under,3.5,0.5065,ATTEMPTS__RECEPTIONS,B,0.21340393661583412,0.24555119999999997,0.27974654526040593,[],,,,,False,tier_b_not_allowed,,,
2026-10-08T20:01:30Z,2026-10-08,2026-10-08T20:01:15Z,2026-10-05,32678,Dallas Cowboys,Tampa Bay Buccaneers,S3-B,Dak Prescott|player_pass_completions|Over|23.5||Jake Ferguson|player_receptions|Over|3.5,Dak Prescott,Jake Ferguson,DAL,DAL,TE,player_pass_completions,Over,23.5,0.5248,player_receptions,Over,3.5,0.4501,COMPLETIONS__RECEPTIONS,A,0.2567339180009476,0.23621248000000003,0.27708091256329287,[],,,,,False,no_dual_confirm_leg,,,
2026-10-08T20:01:30Z,2026-10-08,2026-10-08T20:01:15Z,2026-10-05,32678,Dallas Cowboys,Tampa Bay Buccaneers,S3-B,Dak Prescott|player_pass_attempts|Under|34.5||George Pickens|player_receptions|Under|4.5,Dak Prescott,George Pickens,DAL,DAL,WR,player_pass_attempts,Under,34.5,0.514,player_receptions,Under,4.5,0.47300000000000003,ATTEMPTS__RECEPTIONS,B,0.21120634316686865,0.24312200000000003,0.27688298172744025,[],,,,,False,tier_b_not_allowed,,,
2026-10-08T20:01:30Z,2026-10-08,2026-10-08T20:01:15Z,2026-10-05,32678,Dallas Cowboys,Tampa Bay Buccaneers,S3-B,Dak Prescott|player_pass_yds|Over|268.5||Javonte Williams|player_reception_yds|Over|14.5,Dak Prescott,Javonte Williams,DAL,DAL,RB,player_pass_yds,Over,268.5,0.5043,player_reception_yds,Over,14.5,0.4892,PASS_YDS__REC_YDS,B,0.18128977168956806,0.24670356,0.275703921303382,[],,,,,False,tier_b_not_allowed,,,
2026-10-08T20:01:30Z,2026-10-08,2026-10-08T20:01:15Z,2026-10-05,32678,Dallas Cowboys,Tampa Bay Buccaneers,S3-B,Bucky Irving|player_reception_yds|Under|12.5||Jalon Daniels|player_pass_yds|Under|182.5,Jalon Daniels,Bucky Irving,TB,TB,RB,player_pass_yds,Under,182.5,0.4892,player_reception_yds,Under,12.5,0.5032,PASS_YDS__REC_YDS,B,0.18128977168956806,0.24616544,0.2751667607081689,[],,,,,False,tier_b_not_allowed,,,
2026-10-08T20:01:30Z,2026-10-08,2026-10-08T20:01:15Z,2026-10-05,32678,Dallas Cowboys,Tampa Bay Buccaneers,S3-B,Dak Prescott|player_pass_completions|Under|23.5||Javonte Williams|player_receptions|Under|2.5,Dak Prescott,Javonte Williams,DAL,DAL,RB,player_pass_completions,Under,23.5,0.47519999999999996,player_receptions,Under,2.5,0.487,COMPLETIONS__RECEPTIONS,A,0.2690810140451369,0.23142239999999997,0.27468519508313216,[],,,,,False,no_dual_confirm_leg,,,
2026-10-08T20:01:30Z,2026-10-08,2026-10-08T20:01:15Z,2026-10-05,32678,Dallas Cowboys,Tampa Bay Buccaneers,S3-B,Cade Otton|player_receptions|Under|3.5||Jalon Daniels|player_pass_completions|Under|17.5,Jalon Daniels,Cade Otton,TB,TB,TE,player_pass_completions,Under,17.5,0.45879999999999993,player_receptions,Under,3.5,0.5065,COMPLETIONS__RECEPTIONS,A,0.2567339180009476,0.23238219999999996,0.2734649329225377,[],,,,,False,no_dual_confirm_leg,,,
2026-10-08T20:01:30Z,2026-10-08,2026-10-08T20:01:15Z,2026-10-05,32678,Dallas Cowboys,Tampa Bay Buccaneers,S3-B,Dak Prescott|player_pass_yds|Under|268.5||George Pickens|player_receptions|Under|4.5,Dak Prescott,George Pickens,DAL,DAL,WR,player_pass_yds,Under,268.5,0.4957,player_receptions,Under,4.5,0.47300000000000003,PASS_YDS__RECEPTIONS,B,0.23931098620281352,0.2344661,0.2728381996619014,[],,,,,False,tier_b_not_allowed,,,
2026-10-08T20:01:30Z,2026-10-08,2026-10-08T20:01:15Z,2026-10-05,32678,Dallas Cowboys,Tampa Bay Buccaneers,S3-B,CeeDee Lamb|player_receptions|Over|6.5||Dak Prescott|player_pass_attempts|Over|34.5,Dak Prescott,CeeDee Lamb,DAL,DAL,WR,player_pass_attempts,Over,34.5,0.48599999999999993,player_receptions,Over,6.5,0.4892,ATTEMPTS__RECEPTIONS,B,0.21120634316686865,0.23775119999999997,0.2715905187333681,[],,,,,False,tier_b_not_allowed,,,
2026-10-08T20:01:30Z,2026-10-08,2026-10-08T20:01:15Z,2026-10-05,32678,Dallas Cowboys,Tampa Bay Buccaneers,S3-B,Cade Otton|player_reception_yds|Under|29.5||Jalon Daniels|player_pass_yds|Under|182.5,Jalon Daniels,Cade Otton,TB,TB,TE,player_pass_yds,Under,182.5,0.4892,player_reception_yds,Under,29.5,0.4817,PASS_YDS__REC_YDS,B,0.21889110444728782,0.23564764000000002,0.27072388550870297,[],,,,,False,tier_b_not_allowed,,,
2026-10-08T20:01:30Z,2026-10-08,2026-10-08T20:01:15Z,2026-10-05,32678,Dallas Cowboys,Tampa Bay Buccaneers,S3-B,Dak Prescott|player_pass_completions|Over|23.5||Ryan Flournoy|player_receptions|Over|3.5,Dak Prescott,Ryan Flournoy,DAL,DAL,WR,player_pass_completions,Over,23.5,0.5248,player_receptions,Over,3.5,0.4362,COMPLETIONS__RECEPTIONS,A,0.25803415231969434,0.22891776,0.26977456081761314,[],,,,,False,no_dual_confirm_leg,,,
2026-10-08T20:01:30Z,2026-10-08,2026-10-08T20:01:15Z,2026-10-05,32678,Dallas Cowboys,Tampa Bay Buccaneers,S3-B,Dak Prescott|player_pass_completions|Under|23.5||George Pickens|player_receptions|Under|4.5,Dak Prescott,George Pickens,DAL,DAL,WR,player_pass_completions,Under,23.5,0.47519999999999996,player_receptions,Under,4.5,0.47300000000000003,COMPLETIONS__RECEPTIONS,A,0.25803415231969434,0.22476959999999999,0.26615101869134444,[],,,,,False,no_dual_confirm_leg,,,
2026-10-08T20:01:30Z,2026-10-08,2026-10-08T20:01:15Z,2026-10-05,32678,Dallas Cowboys,Tampa Bay Buccaneers,S3-B,Dak Prescott|player_pass_yds|Over|268.5||Ryan Flournoy|player_receptions|Over|3.5,Dak Prescott,Ryan Flournoy,DAL,DAL,WR,player_pass_yds,Over,268.5,0.5043,player_receptions,Over,3.5,0.4362,PASS_YDS__RECEPTIONS,B,0.23931098620281352,0.21997565999999996,0.25792341575311106,[],,,,,False,tier_b_not_allowed,,,
2026-10-08T20:01:30Z,2026-10-08,2026-10-08T20:01:15Z,2026-10-05,32678,Dallas Cowboys,Tampa Bay Buccaneers,S3-B,Dak Prescott|player_pass_attempts|Over|34.5||Jake Ferguson|player_receptions|Over|3.5,Dak Prescott,Jake Ferguson,DAL,DAL,TE,player_pass_attempts,Over,34.5,0.48599999999999993,player_receptions,Over,3.5,0.4501,ATTEMPTS__RECEPTIONS,B,0.21340393661583412,0.21874859999999996,0.2526989717611648,[],,,,,False,tier_b_not_allowed,,,
2026-10-08T20:01:30Z,2026-10-08,2026-10-08T20:01:15Z,2026-10-05,32678,Dallas Cowboys,Tampa Bay Buccaneers,S3-B,Bucky Irving|player_receptions|Over|2.5||Jalon Daniels|player_pass_completions|Over|17.5,Jalon Daniels,Bucky Irving,TB,TB,RB,player_pass_completions,Over,17.5,0.5412,player_receptions,Over,2.5,0.3898,COMPLETIONS__RECEPTIONS,A,0.2690810140451369,0.21095976,0.25221719178357466,[],,,,,False,no_dual_confirm_leg,,,
2026-10-08T20:01:30Z,2026-10-08,2026-10-08T20:01:15Z,2026-10-05,32678,Dallas Cowboys,Tampa Bay Buccaneers,S3-B,Dak Prescott|player_pass_attempts|Over|34.5||Ryan Flournoy|player_receptions|Over|3.5,Dak Prescott,Ryan Flournoy,DAL,DAL,WR,player_pass_attempts,Over,34.5,0.48599999999999993,player_receptions,Over,3.5,0.4362,ATTEMPTS__RECEPTIONS,B,0.21120634316686865,0.21199319999999996,0.24542166208521435,[],,,,,False,tier_b_not_allowed,,,
2026-10-08T20:01:30Z,2026-10-08,2026-10-08T20:01:15Z,2026-10-05,32678,Dallas Cowboys,Tampa Bay Buccaneers,S3-B,Bucky Irving|player_receptions|Over|2.5||Jalon Daniels|player_pass_attempts|Over|28.5,Jalon Daniels,Bucky Irving,TB,TB,RB,player_pass_attempts,Over,28.5,0.5152,player_receptions,Over,2.5,0.3898,ATTEMPTS__RECEPTIONS,B,0.22452237672530106,0.20082496,0.23539023080473895,[],,,,,False,tier_b_not_allowed,,,
2026-10-08T20:01:30Z,2026-10-08,2026-10-08T20:01:15Z,2026-10-05,32678,Dallas Cowboys,Tampa Bay Buccaneers,S3-B,Emeka Egbuka|player_receptions|Under|2.5||Jalon Daniels|player_pass_yds|Under|182.5,Jalon Daniels,Emeka Egbuka,TB,TB,WR,player_pass_yds,Under,182.5,0.4892,player_receptions,Under,2.5,0.3587,PASS_YDS__RECEPTIONS,B,0.23931098620281352,0.17547604000000003,0.21148164050247986,[],,,,,False,tier_b_not_allowed,,,
2026-10-08T20:01:30Z,2026-10-08,2026-10-08T20:01:15Z,2026-10-05,32678,Dallas Cowboys,Tampa Bay Buccaneers,S3-B,Emeka Egbuka|player_receptions|Under|2.5||Jalon Daniels|player_pass_attempts|Under|28.5,Jalon Daniels,Emeka Egbuka,TB,TB,WR,player_pass_attempts,Under,28.5,0.4848,player_receptions,Under,2.5,0.3587,ATTEMPTS__RECEPTIONS,B,0.21120634316686865,0.17389776,0.20561215794051524,[],,,,,False,tier_b_not_allowed,,,
2026-10-08T20:01:30Z,2026-10-08,2026-10-08T20:01:15Z,2026-10-05,32678,Dallas Cowboys,Tampa Bay Buccaneers,S3-B,Emeka Egbuka|player_receptions|Under|2.5||Jalon Daniels|player_pass_completions|Under|17.5,Jalon Daniels,Emeka Egbuka,TB,TB,WR,player_pass_completions,Under,17.5,0.45879999999999993,player_receptions,Under,2.5,0.3587,COMPLETIONS__RECEPTIONS,A,0.25803415231969434,0.16457155999999998,0.20339868766021132,[],,,,,False,no_dual_confirm_leg,,,
2026-10-08T20:01:30Z,2026-10-08,2026-10-08T20:01:15Z,2026-10-05,32678,Dallas Cowboys,Tampa Bay Buccaneers,S3-C,Emeka Egbuka|player_receptions|Over|2.5||Jalon Daniels|player_pass_completions|Over|17.5,Jalon Daniels,Emeka Egbuka,TB,TB,WR,player_pass_completions,Over,17.5,0.5412,player_receptions,Over,2.5,0.6413,COMPLETIONS__RECEPTIONS,A,0.25803415231969434,0.34707156,0.38589869236342705,[],draftkings,114,0.4672897196261682,-8.139102726274118,False,nonpositive_pricing_edge,,,
2026-10-08T20:01:30Z,2026-10-08,2026-10-08T20:01:15Z,2026-10-05,32678,Dallas Cowboys,Tampa Bay Buccaneers,S3-C,Emeka Egbuka|player_receptions|Over|2.5||Jalon Daniels|player_pass_yds|Over|182.5,Jalon Daniels,Emeka Egbuka,TB,TB,WR,player_pass_yds,Over,182.5,0.5108,player_receptions,Over,2.5,0.6413,PASS_YDS__RECEPTIONS,B,0.23931098620281352,0.32757604,0.3635816416651769,[],fanduel,134,0.42735042735042733,-6.376878568525041,False,tier_b_not_allowed,,,
2026-10-08T20:01:30Z,2026-10-08,2026-10-08T20:01:15Z,2026-10-05,32678,Dallas Cowboys,Tampa Bay Buccaneers,S3-C,Emeka Egbuka|player_receptions|Over|2.5||Jalon Daniels|player_pass_attempts|Over|28.5,Jalon Daniels,Emeka Egbuka,TB,TB,WR,player_pass_attempts,Over,28.5,0.5152,player_receptions,Over,2.5,0.6413,ATTEMPTS__RECEPTIONS,B,0.21120634316686865,0.33039776,0.3621121595938553,[],draftkings,126,0.4424778761061947,-8.036571651233942,False,tier_b_not_allowed,,,
2026-10-08T20:01:30Z,2026-10-08,2026-10-08T20:01:15Z,2026-10-05,32678,Dallas Cowboys,Tampa Bay Buccaneers,S3-C,Bucky Irving|player_receptions|Under|2.5||Jalon Daniels|player_pass_attempts|Under|28.5,Jalon Daniels,Bucky Irving,TB,TB,RB,player_pass_attempts,Under,28.5,0.4848,player_receptions,Under,2.5,0.6102,ATTEMPTS__RECEPTIONS,B,0.22452237672530106,0.29582495999999997,0.3303902289494756,[],draftkings,152,0.3968253968253968,-6.643516787592119,False,tier_b_not_allowed,,,
2026-10-08T20:01:30Z,2026-10-08,2026-10-08T20:01:15Z,2026-10-05,32678,Dallas Cowboys,Tampa Bay Buccaneers,S3-C,Dak Prescott|player_pass_attempts|Under|34.5||Ryan Flournoy|player_receptions|Under|3.5,Dak Prescott,Ryan Flournoy,DAL,DAL,WR,player_pass_attempts,Under,34.5,0.514,player_receptions,Under,3.5,0.5638,ATTEMPTS__RECEPTIONS,B,0.21120634316686865,0.2897932,0.3232216636712475,[],draftkings,142,0.4132231404958678,-9.000147682462028,False,tier_b_not_allowed,,,
2026-10-08T20:01:30Z,2026-10-08,2026-10-08T20:01:15Z,2026-10-05,32678,Dallas Cowboys,Tampa Bay Buccaneers,S3-C,Bucky Irving|player_receptions|Under|2.5||Jalon Daniels|player_pass_completions|Under|17.5,Jalon Daniels,Bucky Irving,TB,TB,RB,player_pass_completions,Under,17.5,0.45879999999999993,player_receptions,Under,2.5,0.6102,COMPLETIONS__RECEPTIONS,A,0.2690810140451369,0.27995975999999995,0.3212171869724705,[],draftkings,152,0.3968253968253968,-7.560820985292632,False,nonpositive_pricing_edge,,,
2026-10-08T20:01:30Z,2026-10-08,2026-10-08T20:01:15Z,2026-10-05,32678,Dallas Cowboys,Tampa Bay Buccaneers,S3-C,Dak Prescott|player_pass_completions|Over|23.5||George Pickens|player_receptions|Over|4.5,Dak Prescott,George Pickens,DAL,DAL,WR,player_pass_completions,Over,23.5,0.5248,player_receptions,Over,4.5,0.527,COMPLETIONS__RECEPTIONS,A,0.25803415231969434,0.2765696,0.3179510216003076,[],draftkings,166,0.37593984962406013,-5.798882802375255,False,nonpositive_pricing_edge,,,
2026-10-08T20:01:30Z,2026-10-08,2026-10-08T20:01:15Z,2026-10-05,32678,Dallas Cowboys,Tampa Bay Buccaneers,S3-C,Dak Prescott|player_pass_yds|Under|268.5||Ryan Flournoy|player_receptions|Under|3.5,Dak Prescott,Ryan Flournoy,DAL,DAL,WR,player_pass_yds,Under,268.5,0.4957,player_receptions,Under,3.5,0.5638,PASS_YDS__RECEPTIONS,B,0.23931098620281352,0.27947565999999996,0.31742341523821543,[],fanduel,164,0.3787878787878788,-6.136446354966335,False,tier_b_not_allowed,,,
2026-10-08T20:01:30Z,2026-10-08,2026-10-08T20:01:15Z,2026-10-05,32678,Dallas Cowboys,Tampa Bay Buccaneers,S3-C,Dak Prescott|player_pass_attempts|Under|34.5||Jake Ferguson|player_receptions|Under|3.5,Dak Prescott,Jake Ferguson,DAL,DAL,TE,player_pass_attempts,Under,34.5,0.514,player_receptions,Under,3.5,0.5499,ATTEMPTS__RECEPTIONS,B,0.21340393661583412,0.2826486,0.31659897337447246,[],draftkings,150,0.4,-8.340102662552756,False,tier_b_not_allowed,,,
2026-10-08T20:01:30Z,2026-10-08,2026-10-08T20:01:15Z,2026-10-05,32678,Dallas Cowboys,Tampa Bay Buccaneers,S3-C,Dak Prescott|player_pass_completions|Over|23.5||Javonte Williams|player_receptions|Over|2.5,Dak Prescott,Javonte Williams,DAL,DAL,RB,player_pass_completions,Over,23.5,0.5248,player_receptions,Over,2.5,0.513,COMPLETIONS__RECEPTIONS,A,0.2690810140451369,0.26922240000000003,0.31248519799529245,[],draftkings,176,0.36231884057971014,-4.983364258441769,False,nonpositive_pricing_edge,,,
2026-10-08T20:01:30Z,2026-10-08,2026-10-08T20:01:15Z,2026-10-05,32678,Dallas Cowboys,Tampa Bay Buccaneers,S3-C,Dak Prescott|player_pass_yds|Over|268.5||George Pickens|player_reception_yds|Over|63.5,Dak Prescott,George Pickens,DAL,DAL,WR,player_pass_yds,Over,268.5,0.5043,player_reception_yds,Over,63.5,0.5162,PASS_YDS__REC_YDS,A,0.30424078103150837,0.26031966,0.30947963606115386,[],,,,,False,no_sgp_quote,,,
2026-10-08T20:01:30Z,2026-10-08,2026-10-08T20:01:15Z,2026-10-05,32678,Dallas Cowboys,Tampa Bay Buccaneers,S3-C,Jalon Daniels|player_pass_yds|Over|182.5||Tez Johnson|player_reception_yds|Over|12.5,Jalon Daniels,Tez Johnson,TB,TB,WR,player_pass_yds,Over,182.5,0.5108,player_reception_yds,Over,12.5,0.5087,PASS_YDS__REC_YDS,A,0.30424078103150837,0.25984396000000004,0.30901930040358416,[],fanduel,177,0.36101083032490977,-5.199152992132561,False,nonpositive_pricing_edge,,,
2026-10-08T20:01:30Z,2026-10-08,2026-10-08T20:01:15Z,2026-10-05,32678,Dallas Cowboys,Tampa Bay Buccaneers,S3-C,Dak Prescott|player_pass_completions|Under|23.5||Ryan Flournoy|player_receptions|Under|3.5,Dak Prescott,Ryan Flournoy,DAL,DAL,WR,player_pass_completions,Under,23.5,0.47519999999999996,player_receptions,Under,3.5,0.5638,COMPLETIONS__RECEPTIONS,A,0.25803415231969434,0.26791775999999995,0.3087745579336846,[],,,,,False,no_sgp_quote,,,
2026-10-08T20:01:30Z,2026-10-08,2026-10-08T20:01:15Z,2026-10-05,32678,Dallas Cowboys,Tampa Bay Buccaneers,S3-C,Cade Otton|player_receptions|Over|3.5||Jalon Daniels|player_pass_completions|Over|17.5,Jalon Daniels,Cade Otton,TB,TB,TE,player_pass_completions,Over,17.5,0.5412,player_receptions,Over,3.5,0.4935,COMPLETIONS__RECEPTIONS,A,0.2567339180009476,0.2670822,0.3081649376563965,[],,,,,False,no_sgp_quote,,,
2026-10-08T20:01:30Z,2026-10-08,2026-10-08T20:01:15Z,2026-10-05,32678,Dallas Cowboys,Tampa Bay Buccaneers,S3-C,CeeDee Lamb|player_reception_yds|Over|83.5||Dak Prescott|player_pass_yds|Over|268.5,Dak Prescott,CeeDee Lamb,DAL,DAL,WR,player_pass_yds,Over,268.5,0.5043,player_reception_yds,Over,83.5,0.5087,PASS_YDS__REC_YDS,A,0.30424078103150837,0.25653741,0.30572560800506227,[],,,,,False,no_sgp_quote,,,
2026-10-08T20:01:30Z,2026-10-08,2026-10-08T20:01:15Z,2026-10-05,32678,Dallas Cowboys,Tampa Bay Buccaneers,S3-C,Emeka Egbuka|player_reception_yds|Over|35.5||Jalon Daniels|player_pass_yds|Over|182.5,Jalon Daniels,Emeka Egbuka,TB,TB,WR,player_pass_yds,Over,182.5,0.5108,player_reception_yds,Over,35.5,0.5022,PASS_YDS__REC_YDS,A,0.30424078103150837,0.25652376,0.3057069186006705,[],,,,,False,no_sgp_quote,,,
2026-10-08T20:01:30Z,2026-10-08,2026-10-08T20:01:15Z,2026-10-05,32678,Dallas Cowboys,Tampa Bay Buccaneers,S3-C,Dak Prescott|player_pass_yds|Over|268.5||George Pickens|player_receptions|Over|4.5,Dak Prescott,George Pickens,DAL,DAL,WR,player_pass_yds,Over,268.5,0.5043,player_receptions,Over,4.5,0.527,PASS_YDS__RECEPTIONS,B,0.23931098620281352,0.2657661,0.30413820018225746,[],,,,,False,tier_b_not_allowed,,,
2026-10-08T20:01:30Z,2026-10-08,2026-10-08T20:01:15Z,2026-10-05,32678,Dallas Cowboys,Tampa Bay Buccaneers,S3-C,Dak Prescott|player_pass_yds|Over|268.5||Ryan Flournoy|player_reception_yds|Over|31.5,Dak Prescott,Ryan Flournoy,DAL,DAL,WR,player_pass_yds,Over,268.5,0.5043,player_reception_yds,Over,31.5,0.5022,PASS_YDS__REC_YDS,A,0.30424078103150837,0.25325946,0.30245758124451355,[],,,,,False,no_sgp_quote,,,
2026-10-08T20:01:30Z,2026-10-08,2026-10-08T20:01:15Z,2026-10-05,32678,Dallas Cowboys,Tampa Bay Buccaneers,S3-C,Dak Prescott|player_pass_completions|Under|23.5||Jake Ferguson|player_receptions|Under|3.5,Dak Prescott,Jake Ferguson,DAL,DAL,TE,player_pass_completions,Under,23.5,0.47519999999999996,player_receptions,Under,3.5,0.5499,COMPLETIONS__RECEPTIONS,A,0.2567339180009476,0.26131248,0.30218090970266526,[],,,,,False,no_sgp_quote,,,
2026-10-08T20:01:30Z,2026-10-08,2026-10-08T20:01:15Z,2026-10-05,32678,Dallas Cowboys,Tampa Bay Buccaneers,S3-C,Jalon Daniels|player_pass_yds|Over|182.5||Ted Hurst|player_reception_yds|Over|16.5,Jalon Daniels,Ted Hurst,TB,TB,WR,player_pass_yds,Over,182.5,0.5108,player_reception_yds,Over,16.5,0.4913,PASS_YDS__REC_YDS,A,0.30424078103150837,0.25095604000000005,0.3001220327920134,[],,,,,False,no_sgp_quote,,,
2026-10-08T20:01:30Z,2026-10-08,2026-10-08T20:01:15Z,2026-10-05,32678,Dallas Cowboys,Tampa Bay Buccaneers,S3-C,Cade Otton|player_reception_yds|Over|29.5||Jalon Daniels|player_pass_yds|Over|182.5,Jalon Daniels,Cade Otton,TB,TB,TE,player_pass_yds,Over,182.5,0.5108,player_reception_yds,Over,29.5,0.5183,PASS_YDS__REC_YDS,B,0.21889110444728782,0.26474764,0.2998238867673818,[],,,,,False,tier_b_not_allowed,,,
2026-10-08T20:01:30Z,2026-10-08,2026-10-08T20:01:15Z,2026-10-05,32678,Dallas Cowboys,Tampa Bay Buccaneers,S3-C,CeeDee Lamb|player_receptions|Over|6.5||Dak Prescott|player_pass_completions|Over|23.5,Dak Prescott,CeeDee Lamb,DAL,DAL,WR,player_pass_completions,Over,23.5,0.5248,player_receptions,Over,6.5,0.4892,COMPLETIONS__RECEPTIONS,A,0.25803415231969434,0.25673216000000004,0.29816244622787363,[],,,,,False,no_sgp_quote,,,
2026-10-08T20:01:30Z,2026-10-08,2026-10-08T20:01:15Z,2026-10-05,32678,Dallas Cowboys,Tampa Bay Buccaneers,S3-C,Jalon Daniels|player_pass_yds|Under|182.5||Ted Hurst|player_reception_yds|Under|16.5,Jalon Daniels,Ted Hurst,TB,TB,WR,player_pass_yds,Under,182.5,0.4892,player_reception_yds,Under,16.5,0.5087,PASS_YDS__REC_YDS,A,0.30424078103150837,0.24885604000000003,0.2980220315157946,[],,,,,False,no_sgp_quote,,,
2026-10-08T20:01:30Z,2026-10-08,2026-10-08T20:01:15Z,2026-10-05,32678,Dallas Cowboys,Tampa Bay Buccaneers,S3-C,CeeDee Lamb|player_receptions|Under|6.5||Dak Prescott|player_pass_attempts|Under|34.5,Dak Prescott,CeeDee Lamb,DAL,DAL,WR,player_pass_attempts,Under,34.5,0.514,player_receptions,Under,6.5,0.5108,ATTEMPTS__RECEPTIONS,B,0.21120634316686865,0.26255120000000004,0.2963905203471821,[],,,,,False,tier_b_not_allowed,,,
2026-10-08T20:01:30Z,2026-10-08,2026-10-08T20:01:15Z,2026-10-05,32678,Dallas Cowboys,Tampa Bay Buccaneers,S3-C,Dak Prescott|player_pass_yds|Under|268.5||Ryan Flournoy|player_reception_yds|Under|31.5,Dak Prescott,Ryan Flournoy,DAL,DAL,WR,player_pass_yds,Under,268.5,0.4957,player_reception_yds,Under,31.5,0.4978,PASS_YDS__REC_YDS,A,0.30424078103150837,0.24675945999999999,0.2959575807295218,[],,,,,False,no_sgp_quote,,,
2026-10-08T20:01:30Z,2026-10-08,2026-10-08T20:01:15Z,2026-10-05,32678,Dallas Cowboys,Tampa Bay Buccaneers,S3-C,CeeDee Lamb|player_reception_yds|Under|83.5||Dak Prescott|player_pass_yds|Under|268.5,Dak Prescott,CeeDee Lamb,DAL,DAL,WR,player_pass_yds,Under,268.5,0.4957,player_reception_yds,Under,83.5,0.4913,PASS_YDS__REC_YDS,A,0.30424078103150837,0.24353740999999998,0.29272560748300536,[],,,,,False,no_sgp_quote,,,
2026-10-08T20:01:30Z,2026-10-08,2026-10-08T20:01:15Z,2026-10-05,32678,Dallas Cowboys,Tampa Bay Buccaneers,S3-C,Emeka Egbuka|player_reception_yds|Under|35.5||Jalon Daniels|player_pass_yds|Under|182.5,Jalon Daniels,Emeka Egbuka,TB,TB,WR,player_pass_yds,Under,182.5,0.4892,player_reception_yds,Under,35.5,0.4978,PASS_YDS__REC_YDS,A,0.30424078103150837,0.24352376000000003,0.2927069173119937,[],,,,,False,no_sgp_quote,,,
2026-10-08T20:01:30Z,2026-10-08,2026-10-08T20:01:15Z,2026-10-05,32678,Dallas Cowboys,Tampa Bay Buccaneers,S3-C,CeeDee Lamb|player_receptions|Under|6.5||Dak Prescott|player_pass_yds|Under|268.5,Dak Prescott,CeeDee Lamb,DAL,DAL,WR,player_pass_yds,Under,268.5,0.4957,player_receptions,Under,6.5,0.5108,PASS_YDS__RECEPTIONS,B,0.23931098620281352,0.25320356,0.29164629329207276,[],,,,,False,tier_b_not_allowed,,,
2026-10-08T20:01:30Z,2026-10-08,2026-10-08T20:01:15Z,2026-10-05,32678,Dallas Cowboys,Tampa Bay Buccaneers,S3-C,Dak Prescott|player_pass_attempts|Over|34.5||George Pickens|player_receptions|Over|4.5,Dak Prescott,George Pickens,DAL,DAL,WR,player_pass_attempts,Over,34.5,0.48599999999999993,player_receptions,Over,4.5,0.527,ATTEMPTS__RECEPTIONS,B,0.21120634316686865,0.25612199999999996,0.2898829801496023,[],,,,,False,tier_b_not_allowed,,,
2026-10-08T20:01:30Z,2026-10-08,2026-10-08T20:01:15Z,2026-10-05,32678,Dallas Cowboys,Tampa Bay Buccaneers,S3-C,Jalon Daniels|player_pass_yds|Under|182.5||Tez Johnson|player_reception_yds|Under|12.5,Jalon Daniels,Tez Johnson,TB,TB,WR,player_pass_yds,Under,182.5,0.4892,player_reception_yds,Under,12.5,0.4913,PASS_YDS__REC_YDS,A,0.30424078103150837,0.24034396000000002,0.2895192991076529,[],,,,,False,no_sgp_quote,,,
2026-10-08T20:01:30Z,2026-10-08,2026-10-08T20:01:15Z,2026-10-05,32678,Dallas Cowboys,Tampa Bay Buccaneers,S3-C,Dak Prescott|player_pass_yds|Under|268.5||George Pickens|player_reception_yds|Under|63.5,Dak Prescott,George Pickens,DAL,DAL,WR,player_pass_yds,Under,268.5,0.4957,player_reception_yds,Under,63.5,0.4838,PASS_YDS__REC_YDS,A,0.30424078103150837,0.23981966,0.28897963553223377,[],,,,,False,no_sgp_quote,,,
2026-10-08T20:01:30Z,2026-10-08,2026-10-08T20:01:15Z,2026-10-05,32678,Dallas Cowboys,Tampa Bay Buccaneers,S3-C,Cade Otton|player_receptions|Over|3.5||Jalon Daniels|player_pass_attempts|Over|28.5,Jalon Daniels,Cade Otton,TB,TB,TE,player_pass_attempts,Over,28.5,0.5152,player_receptions,Over,3.5,0.4935,ATTEMPTS__RECEPTIONS,B,0.21340393661583412,0.2542512,0.28844654699269306,[],,,,,False,tier_b_not_allowed,,,
2026-10-08T20:01:30Z,2026-10-08,2026-10-08T20:01:15Z,2026-10-05,32678,Dallas Cowboys,Tampa Bay Buccaneers,S3-C,Dak Prescott|player_pass_attempts|Under|34.5||Javonte Williams|player_receptions|Under|2.5,Dak Prescott,Javonte Williams,DAL,DAL,RB,player_pass_attempts,Under,34.5,0.514,player_receptions,Under,2.5,0.487,ATTEMPTS__RECEPTIONS,B,0.22452237672530106,0.250318,0.28631229384903145,[],,,,,False,tier_b_not_allowed,,,
2026-10-08T20:01:30Z,2026-10-08,2026-10-08T20:01:15Z,2026-10-05,32678,Dallas Cowboys,Tampa Bay Buccaneers,S3-C,Dak Prescott|player_pass_attempts|Over|34.5||Javonte Williams|player_receptions|Over|2.5,Dak Prescott,Javonte Williams,DAL,DAL,RB,player_pass_attempts,Over,34.5,0.48599999999999993,player_receptions,Over,2.5,0.513,ATTEMPTS__RECEPTIONS,B,0.22452237672530106,0.24931799999999998,0.2853122922531763,[],,,,,False,tier_b_not_allowed,,,
2026-10-08T20:01:30Z,2026-10-08,2026-10-08T20:01:15Z,2026-10-05,32678,Dallas Cowboys,Tampa Bay Buccaneers,S3-C,CeeDee Lamb|player_receptions|Over|6.5||Dak Prescott|player_pass_yds|Over|268.5,Dak Prescott,CeeDee Lamb,DAL,DAL,WR,player_pass_yds,Over,268.5,0.5043,player_receptions,Over,6.5,0.4892,PASS_YDS__RECEPTIONS,B,0.23931098620281352,0.24670356,0.2851462937787728,[],,,,,False,tier_b_not_allowed,,,
2026-10-08T20:01:30Z,2026-10-08,2026-10-08T20:01:15Z,2026-10-05,32678,Dallas Cowboys,Tampa Bay Buccaneers,S3-C,Dak Prescott|player_pass_yds|Over|268.5||Jake Ferguson|player_reception_yds|Over|26.5,Dak Prescott,Jake Ferguson,DAL,DAL,TE,player_pass_yds,Over,268.5,0.5043,player_reception_yds,Over,26.5,0.4957,PASS_YDS__REC_YDS,B,0.21889110444728782,0.24998150999999996,0.2850988805631978,[],,,,,False,tier_b_not_allowed,,,
2026-10-08T20:01:30Z,2026-10-08,2026-10-08T20:01:15Z,2026-10-05,32678,Dallas Cowboys,Tampa Bay Buccaneers,S3-C,Dak Prescott|player_pass_yds|Under|268.5||Jake Ferguson|player_reception_yds|Under|26.5,Dak Prescott,Jake Ferguson,DAL,DAL,TE,player_pass_yds,Under,268.5,0.4957,player_reception_yds,Under,26.5,0.5043,PASS_YDS__REC_YDS,B,0.21889110444728782,0.24998150999999996,0.28509888007382905,[],,,,,False,tier_b_not_allowed,,,
2026-10-08T20:01:30Z,2026-10-08,2026-10-08T20:01:15Z,2026-10-05,32678,Dallas Cowboys,Tampa Bay Buccaneers,S3-C,CeeDee Lamb|player_receptions|Under|6.5||Dak Prescott|player_pass_completions|Under|23.5,Dak Prescott,CeeDee Lamb,DAL,DAL,WR,player_pass_completions,Under,23.5,0.47519999999999996,player_receptions,Under,6.5,0.5108,COMPLETIONS__RECEPTIONS,A,0.25803415231969434,0.24273216,0.28416244335905855,[],,,,,False,no_sgp_quote,,,
2026-10-08T20:01:30Z,2026-10-08,2026-10-08T20:01:15Z,2026-10-05,32678,Dallas Cowboys,Tampa Bay Buccaneers,S3-C,Bucky Irving|player_reception_yds|Over|12.5||Jalon Daniels|player_pass_yds|Over|182.5,Jalon Daniels,Bucky Irving,TB,TB,RB,player_pass_yds,Over,182.5,0.5108,player_reception_yds,Over,12.5,0.4968,PASS_YDS__REC_YDS,B,0.18128977168956806,0.25376544,0.2827667619260021,[],,,,,False,tier_b_not_allowed,,,
2026-10-08T20:01:30Z,2026-10-08,2026-10-08T20:01:15Z,2026-10-05,32678,Dallas Cowboys,Tampa Bay Buccaneers,S3-C,Dak Prescott|player_pass_yds|Under|268.5||Javonte Williams|player_reception_yds|Under|14.5,Dak Prescott,Javonte Williams,DAL,DAL,RB,player_pass_yds,Under,268.5,0.4957,player_reception_yds,Under,14.5,0.5108,PASS_YDS__REC_YDS,B,0.18128977168956806,0.25320356,0.2822039208283174,[],,,,,False,tier_b_not_allowed,,,
2026-10-08T20:01:30Z,2026-10-08,2026-10-08T20:01:15Z,2026-10-05,32678,Dallas Cowboys,Tampa Bay Buccaneers,S3-C,Cade Otton|player_receptions|Under|3.5||Jalon Daniels|player_pass_attempts|Under|28.5,Jalon Daniels,Cade Otton,TB,TB,TE,player_pass_attempts,Under,28.5,0.4848,player_receptions,Under,3.5,0.5065,ATTEMPTS__RECEPTIONS,B,0.21340393661583412,0.24555119999999997,0.27974654526040593,[],,,,,False,tier_b_not_allowed,,,
2026-10-08T20:01:30Z,2026-10-08,2026-10-08T20:01:15Z,2026-10-05,32678,Dallas Cowboys,Tampa Bay Buccaneers,S3-C,Dak Prescott|player_pass_completions|Over|23.5||Jake Ferguson|player_receptions|Over|3.5,Dak Prescott,Jake Ferguson,DAL,DAL,TE,player_pass_completions,Over,23.5,0.5248,player_receptions,Over,3.5,0.4501,COMPLETIONS__RECEPTIONS,A,0.2567339180009476,0.23621248000000003,0.27708091256329287,[],,,,,False,no_sgp_quote,,,
2026-10-08T20:01:30Z,2026-10-08,2026-10-08T20:01:15Z,2026-10-05,32678,Dallas Cowboys,Tampa Bay Buccaneers,S3-C,Dak Prescott|player_pass_attempts|Under|34.5||George Pickens|player_receptions|Under|4.5,Dak Prescott,George Pickens,DAL,DAL,WR,player_pass_attempts,Under,34.5,0.514,player_receptions,Under,4.5,0.47300000000000003,ATTEMPTS__RECEPTIONS,B,0.21120634316686865,0.24312200000000003,0.27688298172744025,[],,,,,False,tier_b_not_allowed,,,
2026-10-08T20:01:30Z,2026-10-08,2026-10-08T20:01:15Z,2026-10-05,32678,Dallas Cowboys,Tampa Bay Buccaneers,S3-C,Dak Prescott|player_pass_yds|Over|268.5||Javonte Williams|player_reception_yds|Over|14.5,Dak Prescott,Javonte Williams,DAL,DAL,RB,player_pass_yds,Over,268.5,0.5043,player_reception_yds,Over,14.5,0.4892,PASS_YDS__REC_YDS,B,0.18128977168956806,0.24670356,0.275703921303382,[],,,,,False,tier_b_not_allowed,,,
2026-10-08T20:01:30Z,2026-10-08,2026-10-08T20:01:15Z,2026-10-05,32678,Dallas Cowboys,Tampa Bay Buccaneers,S3-C,Bucky Irving|player_reception_yds|Under|12.5||Jalon Daniels|player_pass_yds|Under|182.5,Jalon Daniels,Bucky Irving,TB,TB,RB,player_pass_yds,Under,182.5,0.4892,player_reception_yds,Under,12.5,0.5032,PASS_YDS__REC_YDS,B,0.18128977168956806,0.24616544,0.2751667607081689,[],,,,,False,tier_b_not_allowed,,,
2026-10-08T20:01:30Z,2026-10-08,2026-10-08T20:01:15Z,2026-10-05,32678,Dallas Cowboys,Tampa Bay Buccaneers,S3-C,Dak Prescott|player_pass_completions|Under|23.5||Javonte Williams|player_receptions|Under|2.5,Dak Prescott,Javonte Williams,DAL,DAL,RB,player_pass_completions,Under,23.5,0.47519999999999996,player_receptions,Under,2.5,0.487,COMPLETIONS__RECEPTIONS,A,0.2690810140451369,0.23142239999999997,0.27468519508313216,[],,,,,False,no_sgp_quote,,,
2026-10-08T20:01:30Z,2026-10-08,2026-10-08T20:01:15Z,2026-10-05,32678,Dallas Cowboys,Tampa Bay Buccaneers,S3-C,Cade Otton|player_receptions|Under|3.5||Jalon Daniels|player_pass_completions|Under|17.5,Jalon Daniels,Cade Otton,TB,TB,TE,player_pass_completions,Under,17.5,0.45879999999999993,player_receptions,Under,3.5,0.5065,COMPLETIONS__RECEPTIONS,A,0.2567339180009476,0.23238219999999996,0.2734649329225377,[],,,,,False,no_sgp_quote,,,
2026-10-08T20:01:30Z,2026-10-08,2026-10-08T20:01:15Z,2026-10-05,32678,Dallas Cowboys,Tampa Bay Buccaneers,S3-C,Dak Prescott|player_pass_yds|Under|268.5||George Pickens|player_receptions|Under|4.5,Dak Prescott,George Pickens,DAL,DAL,WR,player_pass_yds,Under,268.5,0.4957,player_receptions,Under,4.5,0.47300000000000003,PASS_YDS__RECEPTIONS,B,0.23931098620281352,0.2344661,0.2728381996619014,[],,,,,False,tier_b_not_allowed,,,
2026-10-08T20:01:30Z,2026-10-08,2026-10-08T20:01:15Z,2026-10-05,32678,Dallas Cowboys,Tampa Bay Buccaneers,S3-C,CeeDee Lamb|player_receptions|Over|6.5||Dak Prescott|player_pass_attempts|Over|34.5,Dak Prescott,CeeDee Lamb,DAL,DAL,WR,player_pass_attempts,Over,34.5,0.48599999999999993,player_receptions,Over,6.5,0.4892,ATTEMPTS__RECEPTIONS,B,0.21120634316686865,0.23775119999999997,0.2715905187333681,[],,,,,False,tier_b_not_allowed,,,
2026-10-08T20:01:30Z,2026-10-08,2026-10-08T20:01:15Z,2026-10-05,32678,Dallas Cowboys,Tampa Bay Buccaneers,S3-C,Cade Otton|player_reception_yds|Under|29.5||Jalon Daniels|player_pass_yds|Under|182.5,Jalon Daniels,Cade Otton,TB,TB,TE,player_pass_yds,Under,182.5,0.4892,player_reception_yds,Under,29.5,0.4817,PASS_YDS__REC_YDS,B,0.21889110444728782,0.23564764000000002,0.27072388550870297,[],,,,,False,tier_b_not_allowed,,,
2026-10-08T20:01:30Z,2026-10-08,2026-10-08T20:01:15Z,2026-10-05,32678,Dallas Cowboys,Tampa Bay Buccaneers,S3-C,Dak Prescott|player_pass_completions|Over|23.5||Ryan Flournoy|player_receptions|Over|3.5,Dak Prescott,Ryan Flournoy,DAL,DAL,WR,player_pass_completions,Over,23.5,0.5248,player_receptions,Over,3.5,0.4362,COMPLETIONS__RECEPTIONS,A,0.25803415231969434,0.22891776,0.26977456081761314,[],,,,,False,no_sgp_quote,,,
2026-10-08T20:01:30Z,2026-10-08,2026-10-08T20:01:15Z,2026-10-05,32678,Dallas Cowboys,Tampa Bay Buccaneers,S3-C,Dak Prescott|player_pass_completions|Under|23.5||George Pickens|player_receptions|Under|4.5,Dak Prescott,George Pickens,DAL,DAL,WR,player_pass_completions,Under,23.5,0.47519999999999996,player_receptions,Under,4.5,0.47300000000000003,COMPLETIONS__RECEPTIONS,A,0.25803415231969434,0.22476959999999999,0.26615101869134444,[],,,,,False,no_sgp_quote,,,
2026-10-08T20:01:30Z,2026-10-08,2026-10-08T20:01:15Z,2026-10-05,32678,Dallas Cowboys,Tampa Bay Buccaneers,S3-C,Dak Prescott|player_pass_yds|Over|268.5||Ryan Flournoy|player_receptions|Over|3.5,Dak Prescott,Ryan Flournoy,DAL,DAL,WR,player_pass_yds,Over,268.5,0.5043,player_receptions,Over,3.5,0.4362,PASS_YDS__RECEPTIONS,B,0.23931098620281352,0.21997565999999996,0.25792341575311106,[],,,,,False,tier_b_not_allowed,,,
2026-10-08T20:01:30Z,2026-10-08,2026-10-08T20:01:15Z,2026-10-05,32678,Dallas Cowboys,Tampa Bay Buccaneers,S3-C,Dak Prescott|player_pass_attempts|Over|34.5||Jake Ferguson|player_receptions|Over|3.5,Dak Prescott,Jake Ferguson,DAL,DAL,TE,player_pass_attempts,Over,34.5,0.48599999999999993,player_receptions,Over,3.5,0.4501,ATTEMPTS__RECEPTIONS,B,0.21340393661583412,0.21874859999999996,0.2526989717611648,[],,,,,False,tier_b_not_allowed,,,
2026-10-08T20:01:30Z,2026-10-08,2026-10-08T20:01:15Z,2026-10-05,32678,Dallas Cowboys,Tampa Bay Buccaneers,S3-C,Bucky Irving|player_receptions|Over|2.5||Jalon Daniels|player_pass_completions|Over|17.5,Jalon Daniels,Bucky Irving,TB,TB,RB,player_pass_completions,Over,17.5,0.5412,player_receptions,Over,2.5,0.3898,COMPLETIONS__RECEPTIONS,A,0.2690810140451369,0.21095976,0.25221719178357466,[],,,,,False,no_sgp_quote,,,
2026-10-08T20:01:30Z,2026-10-08,2026-10-08T20:01:15Z,2026-10-05,32678,Dallas Cowboys,Tampa Bay Buccaneers,S3-C,Dak Prescott|player_pass_attempts|Over|34.5||Ryan Flournoy|player_receptions|Over|3.5,Dak Prescott,Ryan Flournoy,DAL,DAL,WR,player_pass_attempts,Over,34.5,0.48599999999999993,player_receptions,Over,3.5,0.4362,ATTEMPTS__RECEPTIONS,B,0.21120634316686865,0.21199319999999996,0.24542166208521435,[],,,,,False,tier_b_not_allowed,,,
2026-10-08T20:01:30Z,2026-10-08,2026-10-08T20:01:15Z,2026-10-05,32678,Dallas Cowboys,Tampa Bay Buccaneers,S3-C,Bucky Irving|player_receptions|Over|2.5||Jalon Daniels|player_pass_attempts|Over|28.5,Jalon Daniels,Bucky Irving,TB,TB,RB,player_pass_attempts,Over,28.5,0.5152,player_receptions,Over,2.5,0.3898,ATTEMPTS__RECEPTIONS,B,0.22452237672530106,0.20082496,0.23539023080473895,[],,,,,False,tier_b_not_allowed,,,
2026-10-08T20:01:30Z,2026-10-08,2026-10-08T20:01:15Z,2026-10-05,32678,Dallas Cowboys,Tampa Bay Buccaneers,S3-C,Emeka Egbuka|player_receptions|Under|2.5||Jalon Daniels|player_pass_yds|Under|182.5,Jalon Daniels,Emeka Egbuka,TB,TB,WR,player_pass_yds,Under,182.5,0.4892,player_receptions,Under,2.5,0.3587,PASS_YDS__RECEPTIONS,B,0.23931098620281352,0.17547604000000003,0.21148164050247986,[],,,,,False,tier_b_not_allowed,,,
2026-10-08T20:01:30Z,2026-10-08,2026-10-08T20:01:15Z,2026-10-05,32678,Dallas Cowboys,Tampa Bay Buccaneers,S3-C,Emeka Egbuka|player_receptions|Under|2.5||Jalon Daniels|player_pass_attempts|Under|28.5,Jalon Daniels,Emeka Egbuka,TB,TB,WR,player_pass_attempts,Under,28.5,0.4848,player_receptions,Under,2.5,0.3587,ATTEMPTS__RECEPTIONS,B,0.21120634316686865,0.17389776,0.20561215794051524,[],,,,,False,tier_b_not_allowed,,,
2026-10-08T20:01:30Z,2026-10-08,2026-10-08T20:01:15Z,2026-10-05,32678,Dallas Cowboys,Tampa Bay Buccaneers,S3-C,Emeka Egbuka|player_receptions|Under|2.5||Jalon Daniels|player_pass_completions|Under|17.5,Jalon Daniels,Emeka Egbuka,TB,TB,WR,player_pass_completions,Under,17.5,0.45879999999999993,player_receptions,Under,2.5,0.3587,COMPLETIONS__RECEPTIONS,A,0.25803415231969434,0.16457155999999998,0.20339868766021132,[],,,,,False,no_sgp_quote,,,
2026-10-08T20:01:30Z,2026-10-08,2026-10-08T20:01:15Z,2026-10-05,32678,Dallas Cowboys,Tampa Bay Buccaneers,S3-D,Emeka Egbuka|player_receptions|Over|2.5||Jalon Daniels|player_pass_completions|Over|17.5,Jalon Daniels,Emeka Egbuka,TB,TB,WR,player_pass_completions,Over,17.5,0.5412,player_receptions,Over,2.5,0.6413,COMPLETIONS__RECEPTIONS,A,0.25803415231969434,0.34707156,0.38589869236342705,[],draftkings,114,0.4672897196261682,-8.139102726274118,True,,,,
2026-10-08T20:01:30Z,2026-10-08,2026-10-08T20:01:15Z,2026-10-05,32678,Dallas Cowboys,Tampa Bay Buccaneers,S3-D,Emeka Egbuka|player_receptions|Over|2.5||Jalon Daniels|player_pass_yds|Over|182.5,Jalon Daniels,Emeka Egbuka,TB,TB,WR,player_pass_yds,Over,182.5,0.5108,player_receptions,Over,2.5,0.6413,PASS_YDS__RECEPTIONS,B,0.23931098620281352,0.32757604,0.3635816416651769,[],fanduel,134,0.42735042735042733,-6.376878568525041,False,tier_b_not_allowed,,,
2026-10-08T20:01:30Z,2026-10-08,2026-10-08T20:01:15Z,2026-10-05,32678,Dallas Cowboys,Tampa Bay Buccaneers,S3-D,Emeka Egbuka|player_receptions|Over|2.5||Jalon Daniels|player_pass_attempts|Over|28.5,Jalon Daniels,Emeka Egbuka,TB,TB,WR,player_pass_attempts,Over,28.5,0.5152,player_receptions,Over,2.5,0.6413,ATTEMPTS__RECEPTIONS,B,0.21120634316686865,0.33039776,0.3621121595938553,[],draftkings,126,0.4424778761061947,-8.036571651233942,False,tier_b_not_allowed,,,
2026-10-08T20:01:30Z,2026-10-08,2026-10-08T20:01:15Z,2026-10-05,32678,Dallas Cowboys,Tampa Bay Buccaneers,S3-D,Bucky Irving|player_receptions|Under|2.5||Jalon Daniels|player_pass_attempts|Under|28.5,Jalon Daniels,Bucky Irving,TB,TB,RB,player_pass_attempts,Under,28.5,0.4848,player_receptions,Under,2.5,0.6102,ATTEMPTS__RECEPTIONS,B,0.22452237672530106,0.29582495999999997,0.3303902289494756,[],draftkings,152,0.3968253968253968,-6.643516787592119,False,tier_b_not_allowed,,,
2026-10-08T20:01:30Z,2026-10-08,2026-10-08T20:01:15Z,2026-10-05,32678,Dallas Cowboys,Tampa Bay Buccaneers,S3-D,Dak Prescott|player_pass_attempts|Under|34.5||Ryan Flournoy|player_receptions|Under|3.5,Dak Prescott,Ryan Flournoy,DAL,DAL,WR,player_pass_attempts,Under,34.5,0.514,player_receptions,Under,3.5,0.5638,ATTEMPTS__RECEPTIONS,B,0.21120634316686865,0.2897932,0.3232216636712475,[],draftkings,142,0.4132231404958678,-9.000147682462028,False,tier_b_not_allowed,,,
2026-10-08T20:01:30Z,2026-10-08,2026-10-08T20:01:15Z,2026-10-05,32678,Dallas Cowboys,Tampa Bay Buccaneers,S3-D,Bucky Irving|player_receptions|Under|2.5||Jalon Daniels|player_pass_completions|Under|17.5,Jalon Daniels,Bucky Irving,TB,TB,RB,player_pass_completions,Under,17.5,0.45879999999999993,player_receptions,Under,2.5,0.6102,COMPLETIONS__RECEPTIONS,A,0.2690810140451369,0.27995975999999995,0.3212171869724705,[],draftkings,152,0.3968253968253968,-7.560820985292632,True,,,,
2026-10-08T20:01:30Z,2026-10-08,2026-10-08T20:01:15Z,2026-10-05,32678,Dallas Cowboys,Tampa Bay Buccaneers,S3-D,Dak Prescott|player_pass_completions|Over|23.5||George Pickens|player_receptions|Over|4.5,Dak Prescott,George Pickens,DAL,DAL,WR,player_pass_completions,Over,23.5,0.5248,player_receptions,Over,4.5,0.527,COMPLETIONS__RECEPTIONS,A,0.25803415231969434,0.2765696,0.3179510216003076,[],draftkings,166,0.37593984962406013,-5.798882802375255,True,,,,
2026-10-08T20:01:30Z,2026-10-08,2026-10-08T20:01:15Z,2026-10-05,32678,Dallas Cowboys,Tampa Bay Buccaneers,S3-D,Dak Prescott|player_pass_yds|Under|268.5||Ryan Flournoy|player_receptions|Under|3.5,Dak Prescott,Ryan Flournoy,DAL,DAL,WR,player_pass_yds,Under,268.5,0.4957,player_receptions,Under,3.5,0.5638,PASS_YDS__RECEPTIONS,B,0.23931098620281352,0.27947565999999996,0.31742341523821543,[],fanduel,164,0.3787878787878788,-6.136446354966335,False,tier_b_not_allowed,,,
2026-10-08T20:01:30Z,2026-10-08,2026-10-08T20:01:15Z,2026-10-05,32678,Dallas Cowboys,Tampa Bay Buccaneers,S3-D,Dak Prescott|player_pass_attempts|Under|34.5||Jake Ferguson|player_receptions|Under|3.5,Dak Prescott,Jake Ferguson,DAL,DAL,TE,player_pass_attempts,Under,34.5,0.514,player_receptions,Under,3.5,0.5499,ATTEMPTS__RECEPTIONS,B,0.21340393661583412,0.2826486,0.31659897337447246,[],draftkings,150,0.4,-8.340102662552756,False,tier_b_not_allowed,,,
2026-10-08T20:01:30Z,2026-10-08,2026-10-08T20:01:15Z,2026-10-05,32678,Dallas Cowboys,Tampa Bay Buccaneers,S3-D,Dak Prescott|player_pass_completions|Over|23.5||Javonte Williams|player_receptions|Over|2.5,Dak Prescott,Javonte Williams,DAL,DAL,RB,player_pass_completions,Over,23.5,0.5248,player_receptions,Over,2.5,0.513,COMPLETIONS__RECEPTIONS,A,0.2690810140451369,0.26922240000000003,0.31248519799529245,[],draftkings,176,0.36231884057971014,-4.983364258441769,True,,,,
2026-10-08T20:01:30Z,2026-10-08,2026-10-08T20:01:15Z,2026-10-05,32678,Dallas Cowboys,Tampa Bay Buccaneers,S3-D,Dak Prescott|player_pass_yds|Over|268.5||George Pickens|player_reception_yds|Over|63.5,Dak Prescott,George Pickens,DAL,DAL,WR,player_pass_yds,Over,268.5,0.5043,player_reception_yds,Over,63.5,0.5162,PASS_YDS__REC_YDS,A,0.30424078103150837,0.26031966,0.30947963606115386,[],,,,,False,no_sgp_quote,,,
2026-10-08T20:01:30Z,2026-10-08,2026-10-08T20:01:15Z,2026-10-05,32678,Dallas Cowboys,Tampa Bay Buccaneers,S3-D,Jalon Daniels|player_pass_yds|Over|182.5||Tez Johnson|player_reception_yds|Over|12.5,Jalon Daniels,Tez Johnson,TB,TB,WR,player_pass_yds,Over,182.5,0.5108,player_reception_yds,Over,12.5,0.5087,PASS_YDS__REC_YDS,A,0.30424078103150837,0.25984396000000004,0.30901930040358416,[],fanduel,177,0.36101083032490977,-5.199152992132561,True,,,,
2026-10-08T20:01:30Z,2026-10-08,2026-10-08T20:01:15Z,2026-10-05,32678,Dallas Cowboys,Tampa Bay Buccaneers,S3-D,Dak Prescott|player_pass_completions|Under|23.5||Ryan Flournoy|player_receptions|Under|3.5,Dak Prescott,Ryan Flournoy,DAL,DAL,WR,player_pass_completions,Under,23.5,0.47519999999999996,player_receptions,Under,3.5,0.5638,COMPLETIONS__RECEPTIONS,A,0.25803415231969434,0.26791775999999995,0.3087745579336846,[],,,,,False,no_sgp_quote,,,
2026-10-08T20:01:30Z,2026-10-08,2026-10-08T20:01:15Z,2026-10-05,32678,Dallas Cowboys,Tampa Bay Buccaneers,S3-D,Cade Otton|player_receptions|Over|3.5||Jalon Daniels|player_pass_completions|Over|17.5,Jalon Daniels,Cade Otton,TB,TB,TE,player_pass_completions,Over,17.5,0.5412,player_receptions,Over,3.5,0.4935,COMPLETIONS__RECEPTIONS,A,0.2567339180009476,0.2670822,0.3081649376563965,[],,,,,False,no_sgp_quote,,,
2026-10-08T20:01:30Z,2026-10-08,2026-10-08T20:01:15Z,2026-10-05,32678,Dallas Cowboys,Tampa Bay Buccaneers,S3-D,CeeDee Lamb|player_reception_yds|Over|83.5||Dak Prescott|player_pass_yds|Over|268.5,Dak Prescott,CeeDee Lamb,DAL,DAL,WR,player_pass_yds,Over,268.5,0.5043,player_reception_yds,Over,83.5,0.5087,PASS_YDS__REC_YDS,A,0.30424078103150837,0.25653741,0.30572560800506227,[],,,,,False,no_sgp_quote,,,
2026-10-08T20:01:30Z,2026-10-08,2026-10-08T20:01:15Z,2026-10-05,32678,Dallas Cowboys,Tampa Bay Buccaneers,S3-D,Emeka Egbuka|player_reception_yds|Over|35.5||Jalon Daniels|player_pass_yds|Over|182.5,Jalon Daniels,Emeka Egbuka,TB,TB,WR,player_pass_yds,Over,182.5,0.5108,player_reception_yds,Over,35.5,0.5022,PASS_YDS__REC_YDS,A,0.30424078103150837,0.25652376,0.3057069186006705,[],,,,,False,no_sgp_quote,,,
2026-10-08T20:01:30Z,2026-10-08,2026-10-08T20:01:15Z,2026-10-05,32678,Dallas Cowboys,Tampa Bay Buccaneers,S3-D,Dak Prescott|player_pass_yds|Over|268.5||George Pickens|player_receptions|Over|4.5,Dak Prescott,George Pickens,DAL,DAL,WR,player_pass_yds,Over,268.5,0.5043,player_receptions,Over,4.5,0.527,PASS_YDS__RECEPTIONS,B,0.23931098620281352,0.2657661,0.30413820018225746,[],,,,,False,tier_b_not_allowed,,,
2026-10-08T20:01:30Z,2026-10-08,2026-10-08T20:01:15Z,2026-10-05,32678,Dallas Cowboys,Tampa Bay Buccaneers,S3-D,Dak Prescott|player_pass_yds|Over|268.5||Ryan Flournoy|player_reception_yds|Over|31.5,Dak Prescott,Ryan Flournoy,DAL,DAL,WR,player_pass_yds,Over,268.5,0.5043,player_reception_yds,Over,31.5,0.5022,PASS_YDS__REC_YDS,A,0.30424078103150837,0.25325946,0.30245758124451355,[],,,,,False,no_sgp_quote,,,
2026-10-08T20:01:30Z,2026-10-08,2026-10-08T20:01:15Z,2026-10-05,32678,Dallas Cowboys,Tampa Bay Buccaneers,S3-D,Dak Prescott|player_pass_completions|Under|23.5||Jake Ferguson|player_receptions|Under|3.5,Dak Prescott,Jake Ferguson,DAL,DAL,TE,player_pass_completions,Under,23.5,0.47519999999999996,player_receptions,Under,3.5,0.5499,COMPLETIONS__RECEPTIONS,A,0.2567339180009476,0.26131248,0.30218090970266526,[],,,,,False,no_sgp_quote,,,
2026-10-08T20:01:30Z,2026-10-08,2026-10-08T20:01:15Z,2026-10-05,32678,Dallas Cowboys,Tampa Bay Buccaneers,S3-D,Jalon Daniels|player_pass_yds|Over|182.5||Ted Hurst|player_reception_yds|Over|16.5,Jalon Daniels,Ted Hurst,TB,TB,WR,player_pass_yds,Over,182.5,0.5108,player_reception_yds,Over,16.5,0.4913,PASS_YDS__REC_YDS,A,0.30424078103150837,0.25095604000000005,0.3001220327920134,[],,,,,False,no_sgp_quote,,,
2026-10-08T20:01:30Z,2026-10-08,2026-10-08T20:01:15Z,2026-10-05,32678,Dallas Cowboys,Tampa Bay Buccaneers,S3-D,Cade Otton|player_reception_yds|Over|29.5||Jalon Daniels|player_pass_yds|Over|182.5,Jalon Daniels,Cade Otton,TB,TB,TE,player_pass_yds,Over,182.5,0.5108,player_reception_yds,Over,29.5,0.5183,PASS_YDS__REC_YDS,B,0.21889110444728782,0.26474764,0.2998238867673818,[],,,,,False,tier_b_not_allowed,,,
2026-10-08T20:01:30Z,2026-10-08,2026-10-08T20:01:15Z,2026-10-05,32678,Dallas Cowboys,Tampa Bay Buccaneers,S3-D,CeeDee Lamb|player_receptions|Over|6.5||Dak Prescott|player_pass_completions|Over|23.5,Dak Prescott,CeeDee Lamb,DAL,DAL,WR,player_pass_completions,Over,23.5,0.5248,player_receptions,Over,6.5,0.4892,COMPLETIONS__RECEPTIONS,A,0.25803415231969434,0.25673216000000004,0.29816244622787363,[],,,,,False,no_sgp_quote,,,
2026-10-08T20:01:30Z,2026-10-08,2026-10-08T20:01:15Z,2026-10-05,32678,Dallas Cowboys,Tampa Bay Buccaneers,S3-D,Jalon Daniels|player_pass_yds|Under|182.5||Ted Hurst|player_reception_yds|Under|16.5,Jalon Daniels,Ted Hurst,TB,TB,WR,player_pass_yds,Under,182.5,0.4892,player_reception_yds,Under,16.5,0.5087,PASS_YDS__REC_YDS,A,0.30424078103150837,0.24885604000000003,0.2980220315157946,[],,,,,False,no_sgp_quote,,,
2026-10-08T20:01:30Z,2026-10-08,2026-10-08T20:01:15Z,2026-10-05,32678,Dallas Cowboys,Tampa Bay Buccaneers,S3-D,CeeDee Lamb|player_receptions|Under|6.5||Dak Prescott|player_pass_attempts|Under|34.5,Dak Prescott,CeeDee Lamb,DAL,DAL,WR,player_pass_attempts,Under,34.5,0.514,player_receptions,Under,6.5,0.5108,ATTEMPTS__RECEPTIONS,B,0.21120634316686865,0.26255120000000004,0.2963905203471821,[],,,,,False,tier_b_not_allowed,,,
2026-10-08T20:01:30Z,2026-10-08,2026-10-08T20:01:15Z,2026-10-05,32678,Dallas Cowboys,Tampa Bay Buccaneers,S3-D,Dak Prescott|player_pass_yds|Under|268.5||Ryan Flournoy|player_reception_yds|Under|31.5,Dak Prescott,Ryan Flournoy,DAL,DAL,WR,player_pass_yds,Under,268.5,0.4957,player_reception_yds,Under,31.5,0.4978,PASS_YDS__REC_YDS,A,0.30424078103150837,0.24675945999999999,0.2959575807295218,[],,,,,False,no_sgp_quote,,,
2026-10-08T20:01:30Z,2026-10-08,2026-10-08T20:01:15Z,2026-10-05,32678,Dallas Cowboys,Tampa Bay Buccaneers,S3-D,CeeDee Lamb|player_reception_yds|Under|83.5||Dak Prescott|player_pass_yds|Under|268.5,Dak Prescott,CeeDee Lamb,DAL,DAL,WR,player_pass_yds,Under,268.5,0.4957,player_reception_yds,Under,83.5,0.4913,PASS_YDS__REC_YDS,A,0.30424078103150837,0.24353740999999998,0.29272560748300536,[],,,,,False,no_sgp_quote,,,
2026-10-08T20:01:30Z,2026-10-08,2026-10-08T20:01:15Z,2026-10-05,32678,Dallas Cowboys,Tampa Bay Buccaneers,S3-D,Emeka Egbuka|player_reception_yds|Under|35.5||Jalon Daniels|player_pass_yds|Under|182.5,Jalon Daniels,Emeka Egbuka,TB,TB,WR,player_pass_yds,Under,182.5,0.4892,player_reception_yds,Under,35.5,0.4978,PASS_YDS__REC_YDS,A,0.30424078103150837,0.24352376000000003,0.2927069173119937,[],,,,,False,no_sgp_quote,,,
2026-10-08T20:01:30Z,2026-10-08,2026-10-08T20:01:15Z,2026-10-05,32678,Dallas Cowboys,Tampa Bay Buccaneers,S3-D,CeeDee Lamb|player_receptions|Under|6.5||Dak Prescott|player_pass_yds|Under|268.5,Dak Prescott,CeeDee Lamb,DAL,DAL,WR,player_pass_yds,Under,268.5,0.4957,player_receptions,Under,6.5,0.5108,PASS_YDS__RECEPTIONS,B,0.23931098620281352,0.25320356,0.29164629329207276,[],,,,,False,tier_b_not_allowed,,,
2026-10-08T20:01:30Z,2026-10-08,2026-10-08T20:01:15Z,2026-10-05,32678,Dallas Cowboys,Tampa Bay Buccaneers,S3-D,Dak Prescott|player_pass_attempts|Over|34.5||George Pickens|player_receptions|Over|4.5,Dak Prescott,George Pickens,DAL,DAL,WR,player_pass_attempts,Over,34.5,0.48599999999999993,player_receptions,Over,4.5,0.527,ATTEMPTS__RECEPTIONS,B,0.21120634316686865,0.25612199999999996,0.2898829801496023,[],,,,,False,tier_b_not_allowed,,,
2026-10-08T20:01:30Z,2026-10-08,2026-10-08T20:01:15Z,2026-10-05,32678,Dallas Cowboys,Tampa Bay Buccaneers,S3-D,Jalon Daniels|player_pass_yds|Under|182.5||Tez Johnson|player_reception_yds|Under|12.5,Jalon Daniels,Tez Johnson,TB,TB,WR,player_pass_yds,Under,182.5,0.4892,player_reception_yds,Under,12.5,0.4913,PASS_YDS__REC_YDS,A,0.30424078103150837,0.24034396000000002,0.2895192991076529,[],,,,,False,no_sgp_quote,,,
2026-10-08T20:01:30Z,2026-10-08,2026-10-08T20:01:15Z,2026-10-05,32678,Dallas Cowboys,Tampa Bay Buccaneers,S3-D,Dak Prescott|player_pass_yds|Under|268.5||George Pickens|player_reception_yds|Under|63.5,Dak Prescott,George Pickens,DAL,DAL,WR,player_pass_yds,Under,268.5,0.4957,player_reception_yds,Under,63.5,0.4838,PASS_YDS__REC_YDS,A,0.30424078103150837,0.23981966,0.28897963553223377,[],,,,,False,no_sgp_quote,,,
2026-10-08T20:01:30Z,2026-10-08,2026-10-08T20:01:15Z,2026-10-05,32678,Dallas Cowboys,Tampa Bay Buccaneers,S3-D,Cade Otton|player_receptions|Over|3.5||Jalon Daniels|player_pass_attempts|Over|28.5,Jalon Daniels,Cade Otton,TB,TB,TE,player_pass_attempts,Over,28.5,0.5152,player_receptions,Over,3.5,0.4935,ATTEMPTS__RECEPTIONS,B,0.21340393661583412,0.2542512,0.28844654699269306,[],,,,,False,tier_b_not_allowed,,,
2026-10-08T20:01:30Z,2026-10-08,2026-10-08T20:01:15Z,2026-10-05,32678,Dallas Cowboys,Tampa Bay Buccaneers,S3-D,Dak Prescott|player_pass_attempts|Under|34.5||Javonte Williams|player_receptions|Under|2.5,Dak Prescott,Javonte Williams,DAL,DAL,RB,player_pass_attempts,Under,34.5,0.514,player_receptions,Under,2.5,0.487,ATTEMPTS__RECEPTIONS,B,0.22452237672530106,0.250318,0.28631229384903145,[],,,,,False,tier_b_not_allowed,,,
2026-10-08T20:01:30Z,2026-10-08,2026-10-08T20:01:15Z,2026-10-05,32678,Dallas Cowboys,Tampa Bay Buccaneers,S3-D,Dak Prescott|player_pass_attempts|Over|34.5||Javonte Williams|player_receptions|Over|2.5,Dak Prescott,Javonte Williams,DAL,DAL,RB,player_pass_attempts,Over,34.5,0.48599999999999993,player_receptions,Over,2.5,0.513,ATTEMPTS__RECEPTIONS,B,0.22452237672530106,0.24931799999999998,0.2853122922531763,[],,,,,False,tier_b_not_allowed,,,
2026-10-08T20:01:30Z,2026-10-08,2026-10-08T20:01:15Z,2026-10-05,32678,Dallas Cowboys,Tampa Bay Buccaneers,S3-D,CeeDee Lamb|player_receptions|Over|6.5||Dak Prescott|player_pass_yds|Over|268.5,Dak Prescott,CeeDee Lamb,DAL,DAL,WR,player_pass_yds,Over,268.5,0.5043,player_receptions,Over,6.5,0.4892,PASS_YDS__RECEPTIONS,B,0.23931098620281352,0.24670356,0.2851462937787728,[],,,,,False,tier_b_not_allowed,,,
2026-10-08T20:01:30Z,2026-10-08,2026-10-08T20:01:15Z,2026-10-05,32678,Dallas Cowboys,Tampa Bay Buccaneers,S3-D,Dak Prescott|player_pass_yds|Over|268.5||Jake Ferguson|player_reception_yds|Over|26.5,Dak Prescott,Jake Ferguson,DAL,DAL,TE,player_pass_yds,Over,268.5,0.5043,player_reception_yds,Over,26.5,0.4957,PASS_YDS__REC_YDS,B,0.21889110444728782,0.24998150999999996,0.2850988805631978,[],,,,,False,tier_b_not_allowed,,,
2026-10-08T20:01:30Z,2026-10-08,2026-10-08T20:01:15Z,2026-10-05,32678,Dallas Cowboys,Tampa Bay Buccaneers,S3-D,Dak Prescott|player_pass_yds|Under|268.5||Jake Ferguson|player_reception_yds|Under|26.5,Dak Prescott,Jake Ferguson,DAL,DAL,TE,player_pass_yds,Under,268.5,0.4957,player_reception_yds,Under,26.5,0.5043,PASS_YDS__REC_YDS,B,0.21889110444728782,0.24998150999999996,0.28509888007382905,[],,,,,False,tier_b_not_allowed,,,
2026-10-08T20:01:30Z,2026-10-08,2026-10-08T20:01:15Z,2026-10-05,32678,Dallas Cowboys,Tampa Bay Buccaneers,S3-D,CeeDee Lamb|player_receptions|Under|6.5||Dak Prescott|player_pass_completions|Under|23.5,Dak Prescott,CeeDee Lamb,DAL,DAL,WR,player_pass_completions,Under,23.5,0.47519999999999996,player_receptions,Under,6.5,0.5108,COMPLETIONS__RECEPTIONS,A,0.25803415231969434,0.24273216,0.28416244335905855,[],,,,,False,no_sgp_quote,,,
2026-10-08T20:01:30Z,2026-10-08,2026-10-08T20:01:15Z,2026-10-05,32678,Dallas Cowboys,Tampa Bay Buccaneers,S3-D,Bucky Irving|player_reception_yds|Over|12.5||Jalon Daniels|player_pass_yds|Over|182.5,Jalon Daniels,Bucky Irving,TB,TB,RB,player_pass_yds,Over,182.5,0.5108,player_reception_yds,Over,12.5,0.4968,PASS_YDS__REC_YDS,B,0.18128977168956806,0.25376544,0.2827667619260021,[],,,,,False,tier_b_not_allowed,,,
2026-10-08T20:01:30Z,2026-10-08,2026-10-08T20:01:15Z,2026-10-05,32678,Dallas Cowboys,Tampa Bay Buccaneers,S3-D,Dak Prescott|player_pass_yds|Under|268.5||Javonte Williams|player_reception_yds|Under|14.5,Dak Prescott,Javonte Williams,DAL,DAL,RB,player_pass_yds,Under,268.5,0.4957,player_reception_yds,Under,14.5,0.5108,PASS_YDS__REC_YDS,B,0.18128977168956806,0.25320356,0.2822039208283174,[],,,,,False,tier_b_not_allowed,,,
2026-10-08T20:01:30Z,2026-10-08,2026-10-08T20:01:15Z,2026-10-05,32678,Dallas Cowboys,Tampa Bay Buccaneers,S3-D,Cade Otton|player_receptions|Under|3.5||Jalon Daniels|player_pass_attempts|Under|28.5,Jalon Daniels,Cade Otton,TB,TB,TE,player_pass_attempts,Under,28.5,0.4848,player_receptions,Under,3.5,0.5065,ATTEMPTS__RECEPTIONS,B,0.21340393661583412,0.24555119999999997,0.27974654526040593,[],,,,,False,tier_b_not_allowed,,,
2026-10-08T20:01:30Z,2026-10-08,2026-10-08T20:01:15Z,2026-10-05,32678,Dallas Cowboys,Tampa Bay Buccaneers,S3-D,Dak Prescott|player_pass_completions|Over|23.5||Jake Ferguson|player_receptions|Over|3.5,Dak Prescott,Jake Ferguson,DAL,DAL,TE,player_pass_completions,Over,23.5,0.5248,player_receptions,Over,3.5,0.4501,COMPLETIONS__RECEPTIONS,A,0.2567339180009476,0.23621248000000003,0.27708091256329287,[],,,,,False,no_sgp_quote,,,
2026-10-08T20:01:30Z,2026-10-08,2026-10-08T20:01:15Z,2026-10-05,32678,Dallas Cowboys,Tampa Bay Buccaneers,S3-D,Dak Prescott|player_pass_attempts|Under|34.5||George Pickens|player_receptions|Under|4.5,Dak Prescott,George Pickens,DAL,DAL,WR,player_pass_attempts,Under,34.5,0.514,player_receptions,Under,4.5,0.47300000000000003,ATTEMPTS__RECEPTIONS,B,0.21120634316686865,0.24312200000000003,0.27688298172744025,[],,,,,False,tier_b_not_allowed,,,
2026-10-08T20:01:30Z,2026-10-08,2026-10-08T20:01:15Z,2026-10-05,32678,Dallas Cowboys,Tampa Bay Buccaneers,S3-D,Dak Prescott|player_pass_yds|Over|268.5||Javonte Williams|player_reception_yds|Over|14.5,Dak Prescott,Javonte Williams,DAL,DAL,RB,player_pass_yds,Over,268.5,0.5043,player_reception_yds,Over,14.5,0.4892,PASS_YDS__REC_YDS,B,0.18128977168956806,0.24670356,0.275703921303382,[],,,,,False,tier_b_not_allowed,,,
2026-10-08T20:01:30Z,2026-10-08,2026-10-08T20:01:15Z,2026-10-05,32678,Dallas Cowboys,Tampa Bay Buccaneers,S3-D,Bucky Irving|player_reception_yds|Under|12.5||Jalon Daniels|player_pass_yds|Under|182.5,Jalon Daniels,Bucky Irving,TB,TB,RB,player_pass_yds,Under,182.5,0.4892,player_reception_yds,Under,12.5,0.5032,PASS_YDS__REC_YDS,B,0.18128977168956806,0.24616544,0.2751667607081689,[],,,,,False,tier_b_not_allowed,,,
2026-10-08T20:01:30Z,2026-10-08,2026-10-08T20:01:15Z,2026-10-05,32678,Dallas Cowboys,Tampa Bay Buccaneers,S3-D,Dak Prescott|player_pass_completions|Under|23.5||Javonte Williams|player_receptions|Under|2.5,Dak Prescott,Javonte Williams,DAL,DAL,RB,player_pass_completions,Under,23.5,0.47519999999999996,player_receptions,Under,2.5,0.487,COMPLETIONS__RECEPTIONS,A,0.2690810140451369,0.23142239999999997,0.27468519508313216,[],,,,,False,no_sgp_quote,,,
2026-10-08T20:01:30Z,2026-10-08,2026-10-08T20:01:15Z,2026-10-05,32678,Dallas Cowboys,Tampa Bay Buccaneers,S3-D,Cade Otton|player_receptions|Under|3.5||Jalon Daniels|player_pass_completions|Under|17.5,Jalon Daniels,Cade Otton,TB,TB,TE,player_pass_completions,Under,17.5,0.45879999999999993,player_receptions,Under,3.5,0.5065,COMPLETIONS__RECEPTIONS,A,0.2567339180009476,0.23238219999999996,0.2734649329225377,[],,,,,False,no_sgp_quote,,,
2026-10-08T20:01:30Z,2026-10-08,2026-10-08T20:01:15Z,2026-10-05,32678,Dallas Cowboys,Tampa Bay Buccaneers,S3-D,Dak Prescott|player_pass_yds|Under|268.5||George Pickens|player_receptions|Under|4.5,Dak Prescott,George Pickens,DAL,DAL,WR,player_pass_yds,Under,268.5,0.4957,player_receptions,Under,4.5,0.47300000000000003,PASS_YDS__RECEPTIONS,B,0.23931098620281352,0.2344661,0.2728381996619014,[],,,,,False,tier_b_not_allowed,,,
2026-10-08T20:01:30Z,2026-10-08,2026-10-08T20:01:15Z,2026-10-05,32678,Dallas Cowboys,Tampa Bay Buccaneers,S3-D,CeeDee Lamb|player_receptions|Over|6.5||Dak Prescott|player_pass_attempts|Over|34.5,Dak Prescott,CeeDee Lamb,DAL,DAL,WR,player_pass_attempts,Over,34.5,0.48599999999999993,player_receptions,Over,6.5,0.4892,ATTEMPTS__RECEPTIONS,B,0.21120634316686865,0.23775119999999997,0.2715905187333681,[],,,,,False,tier_b_not_allowed,,,
2026-10-08T20:01:30Z,2026-10-08,2026-10-08T20:01:15Z,2026-10-05,32678,Dallas Cowboys,Tampa Bay Buccaneers,S3-D,Cade Otton|player_reception_yds|Under|29.5||Jalon Daniels|player_pass_yds|Under|182.5,Jalon Daniels,Cade Otton,TB,TB,TE,player_pass_yds,Under,182.5,0.4892,player_reception_yds,Under,29.5,0.4817,PASS_YDS__REC_YDS,B,0.21889110444728782,0.23564764000000002,0.27072388550870297,[],,,,,False,tier_b_not_allowed,,,
2026-10-08T20:01:30Z,2026-10-08,2026-10-08T20:01:15Z,2026-10-05,32678,Dallas Cowboys,Tampa Bay Buccaneers,S3-D,Dak Prescott|player_pass_completions|Over|23.5||Ryan Flournoy|player_receptions|Over|3.5,Dak Prescott,Ryan Flournoy,DAL,DAL,WR,player_pass_completions,Over,23.5,0.5248,player_receptions,Over,3.5,0.4362,COMPLETIONS__RECEPTIONS,A,0.25803415231969434,0.22891776,0.26977456081761314,[],,,,,False,no_sgp_quote,,,
2026-10-08T20:01:30Z,2026-10-08,2026-10-08T20:01:15Z,2026-10-05,32678,Dallas Cowboys,Tampa Bay Buccaneers,S3-D,Dak Prescott|player_pass_completions|Under|23.5||George Pickens|player_receptions|Under|4.5,Dak Prescott,George Pickens,DAL,DAL,WR,player_pass_completions,Under,23.5,0.47519999999999996,player_receptions,Under,4.5,0.47300000000000003,COMPLETIONS__RECEPTIONS,A,0.25803415231969434,0.22476959999999999,0.26615101869134444,[],,,,,False,no_sgp_quote,,,
2026-10-08T20:01:30Z,2026-10-08,2026-10-08T20:01:15Z,2026-10-05,32678,Dallas Cowboys,Tampa Bay Buccaneers,S3-D,Dak Prescott|player_pass_yds|Over|268.5||Ryan Flournoy|player_receptions|Over|3.5,Dak Prescott,Ryan Flournoy,DAL,DAL,WR,player_pass_yds,Over,268.5,0.5043,player_receptions,Over,3.5,0.4362,PASS_YDS__RECEPTIONS,B,0.23931098620281352,0.21997565999999996,0.25792341575311106,[],,,,,False,tier_b_not_allowed,,,
2026-10-08T20:01:30Z,2026-10-08,2026-10-08T20:01:15Z,2026-10-05,32678,Dallas Cowboys,Tampa Bay Buccaneers,S3-D,Dak Prescott|player_pass_attempts|Over|34.5||Jake Ferguson|player_receptions|Over|3.5,Dak Prescott,Jake Ferguson,DAL,DAL,TE,player_pass_attempts,Over,34.5,0.48599999999999993,player_receptions,Over,3.5,0.4501,ATTEMPTS__RECEPTIONS,B,0.21340393661583412,0.21874859999999996,0.2526989717611648,[],,,,,False,tier_b_not_allowed,,,
2026-10-08T20:01:30Z,2026-10-08,2026-10-08T20:01:15Z,2026-10-05,32678,Dallas Cowboys,Tampa Bay Buccaneers,S3-D,Bucky Irving|player_receptions|Over|2.5||Jalon Daniels|player_pass_completions|Over|17.5,Jalon Daniels,Bucky Irving,TB,TB,RB,player_pass_completions,Over,17.5,0.5412,player_receptions,Over,2.5,0.3898,COMPLETIONS__RECEPTIONS,A,0.2690810140451369,0.21095976,0.25221719178357466,[],,,,,False,no_sgp_quote,,,
2026-10-08T20:01:30Z,2026-10-08,2026-10-08T20:01:15Z,2026-10-05,32678,Dallas Cowboys,Tampa Bay Buccaneers,S3-D,Dak Prescott|player_pass_attempts|Over|34.5||Ryan Flournoy|player_receptions|Over|3.5,Dak Prescott,Ryan Flournoy,DAL,DAL,WR,player_pass_attempts,Over,34.5,0.48599999999999993,player_receptions,Over,3.5,0.4362,ATTEMPTS__RECEPTIONS,B,0.21120634316686865,0.21199319999999996,0.24542166208521435,[],,,,,False,tier_b_not_allowed,,,
2026-10-08T20:01:30Z,2026-10-08,2026-10-08T20:01:15Z,2026-10-05,32678,Dallas Cowboys,Tampa Bay Buccaneers,S3-D,Bucky Irving|player_receptions|Over|2.5||Jalon Daniels|player_pass_attempts|Over|28.5,Jalon Daniels,Bucky Irving,TB,TB,RB,player_pass_attempts,Over,28.5,0.5152,player_receptions,Over,2.5,0.3898,ATTEMPTS__RECEPTIONS,B,0.22452237672530106,0.20082496,0.23539023080473895,[],,,,,False,tier_b_not_allowed,,,
2026-10-08T20:01:30Z,2026-10-08,2026-10-08T20:01:15Z,2026-10-05,32678,Dallas Cowboys,Tampa Bay Buccaneers,S3-D,Emeka Egbuka|player_receptions|Under|2.5||Jalon Daniels|player_pass_yds|Under|182.5,Jalon Daniels,Emeka Egbuka,TB,TB,WR,player_pass_yds,Under,182.5,0.4892,player_receptions,Under,2.5,0.3587,PASS_YDS__RECEPTIONS,B,0.23931098620281352,0.17547604000000003,0.21148164050247986,[],,,,,False,tier_b_not_allowed,,,
2026-10-08T20:01:30Z,2026-10-08,2026-10-08T20:01:15Z,2026-10-05,32678,Dallas Cowboys,Tampa Bay Buccaneers,S3-D,Emeka Egbuka|player_receptions|Under|2.5||Jalon Daniels|player_pass_attempts|Under|28.5,Jalon Daniels,Emeka Egbuka,TB,TB,WR,player_pass_attempts,Under,28.5,0.4848,player_receptions,Under,2.5,0.3587,ATTEMPTS__RECEPTIONS,B,0.21120634316686865,0.17389776,0.20561215794051524,[],,,,,False,tier_b_not_allowed,,,
2026-10-08T20:01:30Z,2026-10-08,2026-10-08T20:01:15Z,2026-10-05,32678,Dallas Cowboys,Tampa Bay Buccaneers,S3-D,Emeka Egbuka|player_receptions|Under|2.5||Jalon Daniels|player_pass_completions|Under|17.5,Jalon Daniels,Emeka Egbuka,TB,TB,WR,player_pass_completions,Under,17.5,0.45879999999999993,player_receptions,Under,2.5,0.3587,COMPLETIONS__RECEPTIONS,A,0.25803415231969434,0.16457155999999998,0.20339868766021132,[],,,,,False,no_sgp_quote,,,
2026-10-08T20:01:30Z,2026-10-08,2026-10-08T20:01:15Z,2026-10-05,32678,Dallas Cowboys,Tampa Bay Buccaneers,S3-E,Emeka Egbuka|player_receptions|Over|2.5||Jalon Daniels|player_pass_completions|Over|17.5,Jalon Daniels,Emeka Egbuka,TB,TB,WR,player_pass_completions,Over,17.5,0.5412,player_receptions,Over,2.5,0.6413,COMPLETIONS__RECEPTIONS,A,0.25803415231969434,0.34707156,0.38589869236342705,[],draftkings,114,0.4672897196261682,-8.139102726274118,True,,,,
2026-10-08T20:01:30Z,2026-10-08,2026-10-08T20:01:15Z,2026-10-05,32678,Dallas Cowboys,Tampa Bay Buccaneers,S3-E,Emeka Egbuka|player_receptions|Over|2.5||Jalon Daniels|player_pass_yds|Over|182.5,Jalon Daniels,Emeka Egbuka,TB,TB,WR,player_pass_yds,Over,182.5,0.5108,player_receptions,Over,2.5,0.6413,PASS_YDS__RECEPTIONS,B,0.23931098620281352,0.32757604,0.3635816416651769,[],fanduel,134,0.42735042735042733,-6.376878568525041,True,,,,
2026-10-08T20:01:30Z,2026-10-08,2026-10-08T20:01:15Z,2026-10-05,32678,Dallas Cowboys,Tampa Bay Buccaneers,S3-E,Emeka Egbuka|player_receptions|Over|2.5||Jalon Daniels|player_pass_attempts|Over|28.5,Jalon Daniels,Emeka Egbuka,TB,TB,WR,player_pass_attempts,Over,28.5,0.5152,player_receptions,Over,2.5,0.6413,ATTEMPTS__RECEPTIONS,B,0.21120634316686865,0.33039776,0.3621121595938553,[],draftkings,126,0.4424778761061947,-8.036571651233942,True,,,,
2026-10-08T20:01:30Z,2026-10-08,2026-10-08T20:01:15Z,2026-10-05,32678,Dallas Cowboys,Tampa Bay Buccaneers,S3-E,Bucky Irving|player_receptions|Under|2.5||Jalon Daniels|player_pass_attempts|Under|28.5,Jalon Daniels,Bucky Irving,TB,TB,RB,player_pass_attempts,Under,28.5,0.4848,player_receptions,Under,2.5,0.6102,ATTEMPTS__RECEPTIONS,B,0.22452237672530106,0.29582495999999997,0.3303902289494756,[],draftkings,152,0.3968253968253968,-6.643516787592119,True,,,,
2026-10-08T20:01:30Z,2026-10-08,2026-10-08T20:01:15Z,2026-10-05,32678,Dallas Cowboys,Tampa Bay Buccaneers,S3-E,Dak Prescott|player_pass_attempts|Under|34.5||Ryan Flournoy|player_receptions|Under|3.5,Dak Prescott,Ryan Flournoy,DAL,DAL,WR,player_pass_attempts,Under,34.5,0.514,player_receptions,Under,3.5,0.5638,ATTEMPTS__RECEPTIONS,B,0.21120634316686865,0.2897932,0.3232216636712475,[],draftkings,142,0.4132231404958678,-9.000147682462028,True,,,,
2026-10-08T20:01:30Z,2026-10-08,2026-10-08T20:01:15Z,2026-10-05,32678,Dallas Cowboys,Tampa Bay Buccaneers,S3-E,Bucky Irving|player_receptions|Under|2.5||Jalon Daniels|player_pass_completions|Under|17.5,Jalon Daniels,Bucky Irving,TB,TB,RB,player_pass_completions,Under,17.5,0.45879999999999993,player_receptions,Under,2.5,0.6102,COMPLETIONS__RECEPTIONS,A,0.2690810140451369,0.27995975999999995,0.3212171869724705,[],draftkings,152,0.3968253968253968,-7.560820985292632,True,,,,
2026-10-08T20:01:30Z,2026-10-08,2026-10-08T20:01:15Z,2026-10-05,32678,Dallas Cowboys,Tampa Bay Buccaneers,S3-E,Dak Prescott|player_pass_completions|Over|23.5||George Pickens|player_receptions|Over|4.5,Dak Prescott,George Pickens,DAL,DAL,WR,player_pass_completions,Over,23.5,0.5248,player_receptions,Over,4.5,0.527,COMPLETIONS__RECEPTIONS,A,0.25803415231969434,0.2765696,0.3179510216003076,[],draftkings,166,0.37593984962406013,-5.798882802375255,True,,,,
2026-10-08T20:01:30Z,2026-10-08,2026-10-08T20:01:15Z,2026-10-05,32678,Dallas Cowboys,Tampa Bay Buccaneers,S3-E,Dak Prescott|player_pass_yds|Under|268.5||Ryan Flournoy|player_receptions|Under|3.5,Dak Prescott,Ryan Flournoy,DAL,DAL,WR,player_pass_yds,Under,268.5,0.4957,player_receptions,Under,3.5,0.5638,PASS_YDS__RECEPTIONS,B,0.23931098620281352,0.27947565999999996,0.31742341523821543,[],fanduel,164,0.3787878787878788,-6.136446354966335,True,,,,
2026-10-08T20:01:30Z,2026-10-08,2026-10-08T20:01:15Z,2026-10-05,32678,Dallas Cowboys,Tampa Bay Buccaneers,S3-E,Dak Prescott|player_pass_attempts|Under|34.5||Jake Ferguson|player_receptions|Under|3.5,Dak Prescott,Jake Ferguson,DAL,DAL,TE,player_pass_attempts,Under,34.5,0.514,player_receptions,Under,3.5,0.5499,ATTEMPTS__RECEPTIONS,B,0.21340393661583412,0.2826486,0.31659897337447246,[],draftkings,150,0.4,-8.340102662552756,True,,,,
2026-10-08T20:01:30Z,2026-10-08,2026-10-08T20:01:15Z,2026-10-05,32678,Dallas Cowboys,Tampa Bay Buccaneers,S3-E,Dak Prescott|player_pass_completions|Over|23.5||Javonte Williams|player_receptions|Over|2.5,Dak Prescott,Javonte Williams,DAL,DAL,RB,player_pass_completions,Over,23.5,0.5248,player_receptions,Over,2.5,0.513,COMPLETIONS__RECEPTIONS,A,0.2690810140451369,0.26922240000000003,0.31248519799529245,[],draftkings,176,0.36231884057971014,-4.983364258441769,True,,,,
2026-10-08T20:01:30Z,2026-10-08,2026-10-08T20:01:15Z,2026-10-05,32678,Dallas Cowboys,Tampa Bay Buccaneers,S3-E,Dak Prescott|player_pass_yds|Over|268.5||George Pickens|player_reception_yds|Over|63.5,Dak Prescott,George Pickens,DAL,DAL,WR,player_pass_yds,Over,268.5,0.5043,player_reception_yds,Over,63.5,0.5162,PASS_YDS__REC_YDS,A,0.30424078103150837,0.26031966,0.30947963606115386,[],,,,,False,no_sgp_quote,,,
2026-10-08T20:01:30Z,2026-10-08,2026-10-08T20:01:15Z,2026-10-05,32678,Dallas Cowboys,Tampa Bay Buccaneers,S3-E,Jalon Daniels|player_pass_yds|Over|182.5||Tez Johnson|player_reception_yds|Over|12.5,Jalon Daniels,Tez Johnson,TB,TB,WR,player_pass_yds,Over,182.5,0.5108,player_reception_yds,Over,12.5,0.5087,PASS_YDS__REC_YDS,A,0.30424078103150837,0.25984396000000004,0.30901930040358416,[],fanduel,177,0.36101083032490977,-5.199152992132561,True,,,,
2026-10-08T20:01:30Z,2026-10-08,2026-10-08T20:01:15Z,2026-10-05,32678,Dallas Cowboys,Tampa Bay Buccaneers,S3-E,Dak Prescott|player_pass_completions|Under|23.5||Ryan Flournoy|player_receptions|Under|3.5,Dak Prescott,Ryan Flournoy,DAL,DAL,WR,player_pass_completions,Under,23.5,0.47519999999999996,player_receptions,Under,3.5,0.5638,COMPLETIONS__RECEPTIONS,A,0.25803415231969434,0.26791775999999995,0.3087745579336846,[],,,,,False,no_sgp_quote,,,
2026-10-08T20:01:30Z,2026-10-08,2026-10-08T20:01:15Z,2026-10-05,32678,Dallas Cowboys,Tampa Bay Buccaneers,S3-E,Cade Otton|player_receptions|Over|3.5||Jalon Daniels|player_pass_completions|Over|17.5,Jalon Daniels,Cade Otton,TB,TB,TE,player_pass_completions,Over,17.5,0.5412,player_receptions,Over,3.5,0.4935,COMPLETIONS__RECEPTIONS,A,0.2567339180009476,0.2670822,0.3081649376563965,[],,,,,False,no_sgp_quote,,,
2026-10-08T20:01:30Z,2026-10-08,2026-10-08T20:01:15Z,2026-10-05,32678,Dallas Cowboys,Tampa Bay Buccaneers,S3-E,CeeDee Lamb|player_reception_yds|Over|83.5||Dak Prescott|player_pass_yds|Over|268.5,Dak Prescott,CeeDee Lamb,DAL,DAL,WR,player_pass_yds,Over,268.5,0.5043,player_reception_yds,Over,83.5,0.5087,PASS_YDS__REC_YDS,A,0.30424078103150837,0.25653741,0.30572560800506227,[],,,,,False,no_sgp_quote,,,
2026-10-08T20:01:30Z,2026-10-08,2026-10-08T20:01:15Z,2026-10-05,32678,Dallas Cowboys,Tampa Bay Buccaneers,S3-E,Emeka Egbuka|player_reception_yds|Over|35.5||Jalon Daniels|player_pass_yds|Over|182.5,Jalon Daniels,Emeka Egbuka,TB,TB,WR,player_pass_yds,Over,182.5,0.5108,player_reception_yds,Over,35.5,0.5022,PASS_YDS__REC_YDS,A,0.30424078103150837,0.25652376,0.3057069186006705,[],,,,,False,no_sgp_quote,,,
2026-10-08T20:01:30Z,2026-10-08,2026-10-08T20:01:15Z,2026-10-05,32678,Dallas Cowboys,Tampa Bay Buccaneers,S3-E,Dak Prescott|player_pass_yds|Over|268.5||George Pickens|player_receptions|Over|4.5,Dak Prescott,George Pickens,DAL,DAL,WR,player_pass_yds,Over,268.5,0.5043,player_receptions,Over,4.5,0.527,PASS_YDS__RECEPTIONS,B,0.23931098620281352,0.2657661,0.30413820018225746,[],,,,,False,no_sgp_quote,,,
2026-10-08T20:01:30Z,2026-10-08,2026-10-08T20:01:15Z,2026-10-05,32678,Dallas Cowboys,Tampa Bay Buccaneers,S3-E,Dak Prescott|player_pass_yds|Over|268.5||Ryan Flournoy|player_reception_yds|Over|31.5,Dak Prescott,Ryan Flournoy,DAL,DAL,WR,player_pass_yds,Over,268.5,0.5043,player_reception_yds,Over,31.5,0.5022,PASS_YDS__REC_YDS,A,0.30424078103150837,0.25325946,0.30245758124451355,[],,,,,False,no_sgp_quote,,,
2026-10-08T20:01:30Z,2026-10-08,2026-10-08T20:01:15Z,2026-10-05,32678,Dallas Cowboys,Tampa Bay Buccaneers,S3-E,Dak Prescott|player_pass_completions|Under|23.5||Jake Ferguson|player_receptions|Under|3.5,Dak Prescott,Jake Ferguson,DAL,DAL,TE,player_pass_completions,Under,23.5,0.47519999999999996,player_receptions,Under,3.5,0.5499,COMPLETIONS__RECEPTIONS,A,0.2567339180009476,0.26131248,0.30218090970266526,[],,,,,False,no_sgp_quote,,,
2026-10-08T20:01:30Z,2026-10-08,2026-10-08T20:01:15Z,2026-10-05,32678,Dallas Cowboys,Tampa Bay Buccaneers,S3-E,Jalon Daniels|player_pass_yds|Over|182.5||Ted Hurst|player_reception_yds|Over|16.5,Jalon Daniels,Ted Hurst,TB,TB,WR,player_pass_yds,Over,182.5,0.5108,player_reception_yds,Over,16.5,0.4913,PASS_YDS__REC_YDS,A,0.30424078103150837,0.25095604000000005,0.3001220327920134,[],,,,,False,no_sgp_quote,,,
2026-10-08T20:01:30Z,2026-10-08,2026-10-08T20:01:15Z,2026-10-05,32678,Dallas Cowboys,Tampa Bay Buccaneers,S3-E,Cade Otton|player_reception_yds|Over|29.5||Jalon Daniels|player_pass_yds|Over|182.5,Jalon Daniels,Cade Otton,TB,TB,TE,player_pass_yds,Over,182.5,0.5108,player_reception_yds,Over,29.5,0.5183,PASS_YDS__REC_YDS,B,0.21889110444728782,0.26474764,0.2998238867673818,[],,,,,False,no_sgp_quote,,,
2026-10-08T20:01:30Z,2026-10-08,2026-10-08T20:01:15Z,2026-10-05,32678,Dallas Cowboys,Tampa Bay Buccaneers,S3-E,CeeDee Lamb|player_receptions|Over|6.5||Dak Prescott|player_pass_completions|Over|23.5,Dak Prescott,CeeDee Lamb,DAL,DAL,WR,player_pass_completions,Over,23.5,0.5248,player_receptions,Over,6.5,0.4892,COMPLETIONS__RECEPTIONS,A,0.25803415231969434,0.25673216000000004,0.29816244622787363,[],,,,,False,no_sgp_quote,,,
2026-10-08T20:01:30Z,2026-10-08,2026-10-08T20:01:15Z,2026-10-05,32678,Dallas Cowboys,Tampa Bay Buccaneers,S3-E,Jalon Daniels|player_pass_yds|Under|182.5||Ted Hurst|player_reception_yds|Under|16.5,Jalon Daniels,Ted Hurst,TB,TB,WR,player_pass_yds,Under,182.5,0.4892,player_reception_yds,Under,16.5,0.5087,PASS_YDS__REC_YDS,A,0.30424078103150837,0.24885604000000003,0.2980220315157946,[],,,,,False,no_sgp_quote,,,
2026-10-08T20:01:30Z,2026-10-08,2026-10-08T20:01:15Z,2026-10-05,32678,Dallas Cowboys,Tampa Bay Buccaneers,S3-E,CeeDee Lamb|player_receptions|Under|6.5||Dak Prescott|player_pass_attempts|Under|34.5,Dak Prescott,CeeDee Lamb,DAL,DAL,WR,player_pass_attempts,Under,34.5,0.514,player_receptions,Under,6.5,0.5108,ATTEMPTS__RECEPTIONS,B,0.21120634316686865,0.26255120000000004,0.2963905203471821,[],,,,,False,no_sgp_quote,,,
2026-10-08T20:01:30Z,2026-10-08,2026-10-08T20:01:15Z,2026-10-05,32678,Dallas Cowboys,Tampa Bay Buccaneers,S3-E,Dak Prescott|player_pass_yds|Under|268.5||Ryan Flournoy|player_reception_yds|Under|31.5,Dak Prescott,Ryan Flournoy,DAL,DAL,WR,player_pass_yds,Under,268.5,0.4957,player_reception_yds,Under,31.5,0.4978,PASS_YDS__REC_YDS,A,0.30424078103150837,0.24675945999999999,0.2959575807295218,[],,,,,False,no_sgp_quote,,,
2026-10-08T20:01:30Z,2026-10-08,2026-10-08T20:01:15Z,2026-10-05,32678,Dallas Cowboys,Tampa Bay Buccaneers,S3-E,CeeDee Lamb|player_reception_yds|Under|83.5||Dak Prescott|player_pass_yds|Under|268.5,Dak Prescott,CeeDee Lamb,DAL,DAL,WR,player_pass_yds,Under,268.5,0.4957,player_reception_yds,Under,83.5,0.4913,PASS_YDS__REC_YDS,A,0.30424078103150837,0.24353740999999998,0.29272560748300536,[],,,,,False,no_sgp_quote,,,
2026-10-08T20:01:30Z,2026-10-08,2026-10-08T20:01:15Z,2026-10-05,32678,Dallas Cowboys,Tampa Bay Buccaneers,S3-E,Emeka Egbuka|player_reception_yds|Under|35.5||Jalon Daniels|player_pass_yds|Under|182.5,Jalon Daniels,Emeka Egbuka,TB,TB,WR,player_pass_yds,Under,182.5,0.4892,player_reception_yds,Under,35.5,0.4978,PASS_YDS__REC_YDS,A,0.30424078103150837,0.24352376000000003,0.2927069173119937,[],,,,,False,no_sgp_quote,,,
2026-10-08T20:01:30Z,2026-10-08,2026-10-08T20:01:15Z,2026-10-05,32678,Dallas Cowboys,Tampa Bay Buccaneers,S3-E,CeeDee Lamb|player_receptions|Under|6.5||Dak Prescott|player_pass_yds|Under|268.5,Dak Prescott,CeeDee Lamb,DAL,DAL,WR,player_pass_yds,Under,268.5,0.4957,player_receptions,Under,6.5,0.5108,PASS_YDS__RECEPTIONS,B,0.23931098620281352,0.25320356,0.29164629329207276,[],,,,,False,no_sgp_quote,,,
2026-10-08T20:01:30Z,2026-10-08,2026-10-08T20:01:15Z,2026-10-05,32678,Dallas Cowboys,Tampa Bay Buccaneers,S3-E,Dak Prescott|player_pass_attempts|Over|34.5||George Pickens|player_receptions|Over|4.5,Dak Prescott,George Pickens,DAL,DAL,WR,player_pass_attempts,Over,34.5,0.48599999999999993,player_receptions,Over,4.5,0.527,ATTEMPTS__RECEPTIONS,B,0.21120634316686865,0.25612199999999996,0.2898829801496023,[],,,,,False,no_sgp_quote,,,
2026-10-08T20:01:30Z,2026-10-08,2026-10-08T20:01:15Z,2026-10-05,32678,Dallas Cowboys,Tampa Bay Buccaneers,S3-E,Jalon Daniels|player_pass_yds|Under|182.5||Tez Johnson|player_reception_yds|Under|12.5,Jalon Daniels,Tez Johnson,TB,TB,WR,player_pass_yds,Under,182.5,0.4892,player_reception_yds,Under,12.5,0.4913,PASS_YDS__REC_YDS,A,0.30424078103150837,0.24034396000000002,0.2895192991076529,[],,,,,False,no_sgp_quote,,,
2026-10-08T20:01:30Z,2026-10-08,2026-10-08T20:01:15Z,2026-10-05,32678,Dallas Cowboys,Tampa Bay Buccaneers,S3-E,Dak Prescott|player_pass_yds|Under|268.5||George Pickens|player_reception_yds|Under|63.5,Dak Prescott,George Pickens,DAL,DAL,WR,player_pass_yds,Under,268.5,0.4957,player_reception_yds,Under,63.5,0.4838,PASS_YDS__REC_YDS,A,0.30424078103150837,0.23981966,0.28897963553223377,[],,,,,False,no_sgp_quote,,,
2026-10-08T20:01:30Z,2026-10-08,2026-10-08T20:01:15Z,2026-10-05,32678,Dallas Cowboys,Tampa Bay Buccaneers,S3-E,Cade Otton|player_receptions|Over|3.5||Jalon Daniels|player_pass_attempts|Over|28.5,Jalon Daniels,Cade Otton,TB,TB,TE,player_pass_attempts,Over,28.5,0.5152,player_receptions,Over,3.5,0.4935,ATTEMPTS__RECEPTIONS,B,0.21340393661583412,0.2542512,0.28844654699269306,[],,,,,False,no_sgp_quote,,,
2026-10-08T20:01:30Z,2026-10-08,2026-10-08T20:01:15Z,2026-10-05,32678,Dallas Cowboys,Tampa Bay Buccaneers,S3-E,Dak Prescott|player_pass_attempts|Under|34.5||Javonte Williams|player_receptions|Under|2.5,Dak Prescott,Javonte Williams,DAL,DAL,RB,player_pass_attempts,Under,34.5,0.514,player_receptions,Under,2.5,0.487,ATTEMPTS__RECEPTIONS,B,0.22452237672530106,0.250318,0.28631229384903145,[],,,,,False,no_sgp_quote,,,
2026-10-08T20:01:30Z,2026-10-08,2026-10-08T20:01:15Z,2026-10-05,32678,Dallas Cowboys,Tampa Bay Buccaneers,S3-E,Dak Prescott|player_pass_attempts|Over|34.5||Javonte Williams|player_receptions|Over|2.5,Dak Prescott,Javonte Williams,DAL,DAL,RB,player_pass_attempts,Over,34.5,0.48599999999999993,player_receptions,Over,2.5,0.513,ATTEMPTS__RECEPTIONS,B,0.22452237672530106,0.24931799999999998,0.2853122922531763,[],,,,,False,no_sgp_quote,,,
2026-10-08T20:01:30Z,2026-10-08,2026-10-08T20:01:15Z,2026-10-05,32678,Dallas Cowboys,Tampa Bay Buccaneers,S3-E,CeeDee Lamb|player_receptions|Over|6.5||Dak Prescott|player_pass_yds|Over|268.5,Dak Prescott,CeeDee Lamb,DAL,DAL,WR,player_pass_yds,Over,268.5,0.5043,player_receptions,Over,6.5,0.4892,PASS_YDS__RECEPTIONS,B,0.23931098620281352,0.24670356,0.2851462937787728,[],,,,,False,no_sgp_quote,,,
2026-10-08T20:01:30Z,2026-10-08,2026-10-08T20:01:15Z,2026-10-05,32678,Dallas Cowboys,Tampa Bay Buccaneers,S3-E,Dak Prescott|player_pass_yds|Over|268.5||Jake Ferguson|player_reception_yds|Over|26.5,Dak Prescott,Jake Ferguson,DAL,DAL,TE,player_pass_yds,Over,268.5,0.5043,player_reception_yds,Over,26.5,0.4957,PASS_YDS__REC_YDS,B,0.21889110444728782,0.24998150999999996,0.2850988805631978,[],,,,,False,no_sgp_quote,,,
2026-10-08T20:01:30Z,2026-10-08,2026-10-08T20:01:15Z,2026-10-05,32678,Dallas Cowboys,Tampa Bay Buccaneers,S3-E,Dak Prescott|player_pass_yds|Under|268.5||Jake Ferguson|player_reception_yds|Under|26.5,Dak Prescott,Jake Ferguson,DAL,DAL,TE,player_pass_yds,Under,268.5,0.4957,player_reception_yds,Under,26.5,0.5043,PASS_YDS__REC_YDS,B,0.21889110444728782,0.24998150999999996,0.28509888007382905,[],,,,,False,no_sgp_quote,,,
2026-10-08T20:01:30Z,2026-10-08,2026-10-08T20:01:15Z,2026-10-05,32678,Dallas Cowboys,Tampa Bay Buccaneers,S3-E,CeeDee Lamb|player_receptions|Under|6.5||Dak Prescott|player_pass_completions|Under|23.5,Dak Prescott,CeeDee Lamb,DAL,DAL,WR,player_pass_completions,Under,23.5,0.47519999999999996,player_receptions,Under,6.5,0.5108,COMPLETIONS__RECEPTIONS,A,0.25803415231969434,0.24273216,0.28416244335905855,[],,,,,False,no_sgp_quote,,,
2026-10-08T20:01:30Z,2026-10-08,2026-10-08T20:01:15Z,2026-10-05,32678,Dallas Cowboys,Tampa Bay Buccaneers,S3-E,Bucky Irving|player_reception_yds|Over|12.5||Jalon Daniels|player_pass_yds|Over|182.5,Jalon Daniels,Bucky Irving,TB,TB,RB,player_pass_yds,Over,182.5,0.5108,player_reception_yds,Over,12.5,0.4968,PASS_YDS__REC_YDS,B,0.18128977168956806,0.25376544,0.2827667619260021,[],,,,,False,no_sgp_quote,,,
2026-10-08T20:01:30Z,2026-10-08,2026-10-08T20:01:15Z,2026-10-05,32678,Dallas Cowboys,Tampa Bay Buccaneers,S3-E,Dak Prescott|player_pass_yds|Under|268.5||Javonte Williams|player_reception_yds|Under|14.5,Dak Prescott,Javonte Williams,DAL,DAL,RB,player_pass_yds,Under,268.5,0.4957,player_reception_yds,Under,14.5,0.5108,PASS_YDS__REC_YDS,B,0.18128977168956806,0.25320356,0.2822039208283174,[],,,,,False,no_sgp_quote,,,
2026-10-08T20:01:30Z,2026-10-08,2026-10-08T20:01:15Z,2026-10-05,32678,Dallas Cowboys,Tampa Bay Buccaneers,S3-E,Cade Otton|player_receptions|Under|3.5||Jalon Daniels|player_pass_attempts|Under|28.5,Jalon Daniels,Cade Otton,TB,TB,TE,player_pass_attempts,Under,28.5,0.4848,player_receptions,Under,3.5,0.5065,ATTEMPTS__RECEPTIONS,B,0.21340393661583412,0.24555119999999997,0.27974654526040593,[],,,,,False,no_sgp_quote,,,
2026-10-08T20:01:30Z,2026-10-08,2026-10-08T20:01:15Z,2026-10-05,32678,Dallas Cowboys,Tampa Bay Buccaneers,S3-E,Dak Prescott|player_pass_completions|Over|23.5||Jake Ferguson|player_receptions|Over|3.5,Dak Prescott,Jake Ferguson,DAL,DAL,TE,player_pass_completions,Over,23.5,0.5248,player_receptions,Over,3.5,0.4501,COMPLETIONS__RECEPTIONS,A,0.2567339180009476,0.23621248000000003,0.27708091256329287,[],,,,,False,no_sgp_quote,,,
2026-10-08T20:01:30Z,2026-10-08,2026-10-08T20:01:15Z,2026-10-05,32678,Dallas Cowboys,Tampa Bay Buccaneers,S3-E,Dak Prescott|player_pass_attempts|Under|34.5||George Pickens|player_receptions|Under|4.5,Dak Prescott,George Pickens,DAL,DAL,WR,player_pass_attempts,Under,34.5,0.514,player_receptions,Under,4.5,0.47300000000000003,ATTEMPTS__RECEPTIONS,B,0.21120634316686865,0.24312200000000003,0.27688298172744025,[],,,,,False,no_sgp_quote,,,
2026-10-08T20:01:30Z,2026-10-08,2026-10-08T20:01:15Z,2026-10-05,32678,Dallas Cowboys,Tampa Bay Buccaneers,S3-E,Dak Prescott|player_pass_yds|Over|268.5||Javonte Williams|player_reception_yds|Over|14.5,Dak Prescott,Javonte Williams,DAL,DAL,RB,player_pass_yds,Over,268.5,0.5043,player_reception_yds,Over,14.5,0.4892,PASS_YDS__REC_YDS,B,0.18128977168956806,0.24670356,0.275703921303382,[],,,,,False,no_sgp_quote,,,
2026-10-08T20:01:30Z,2026-10-08,2026-10-08T20:01:15Z,2026-10-05,32678,Dallas Cowboys,Tampa Bay Buccaneers,S3-E,Bucky Irving|player_reception_yds|Under|12.5||Jalon Daniels|player_pass_yds|Under|182.5,Jalon Daniels,Bucky Irving,TB,TB,RB,player_pass_yds,Under,182.5,0.4892,player_reception_yds,Under,12.5,0.5032,PASS_YDS__REC_YDS,B,0.18128977168956806,0.24616544,0.2751667607081689,[],,,,,False,no_sgp_quote,,,
2026-10-08T20:01:30Z,2026-10-08,2026-10-08T20:01:15Z,2026-10-05,32678,Dallas Cowboys,Tampa Bay Buccaneers,S3-E,Dak Prescott|player_pass_completions|Under|23.5||Javonte Williams|player_receptions|Under|2.5,Dak Prescott,Javonte Williams,DAL,DAL,RB,player_pass_completions,Under,23.5,0.47519999999999996,player_receptions,Under,2.5,0.487,COMPLETIONS__RECEPTIONS,A,0.2690810140451369,0.23142239999999997,0.27468519508313216,[],,,,,False,no_sgp_quote,,,
2026-10-08T20:01:30Z,2026-10-08,2026-10-08T20:01:15Z,2026-10-05,32678,Dallas Cowboys,Tampa Bay Buccaneers,S3-E,Cade Otton|player_receptions|Under|3.5||Jalon Daniels|player_pass_completions|Under|17.5,Jalon Daniels,Cade Otton,TB,TB,TE,player_pass_completions,Under,17.5,0.45879999999999993,player_receptions,Under,3.5,0.5065,COMPLETIONS__RECEPTIONS,A,0.2567339180009476,0.23238219999999996,0.2734649329225377,[],,,,,False,no_sgp_quote,,,
2026-10-08T20:01:30Z,2026-10-08,2026-10-08T20:01:15Z,2026-10-05,32678,Dallas Cowboys,Tampa Bay Buccaneers,S3-E,Dak Prescott|player_pass_yds|Under|268.5||George Pickens|player_receptions|Under|4.5,Dak Prescott,George Pickens,DAL,DAL,WR,player_pass_yds,Under,268.5,0.4957,player_receptions,Under,4.5,0.47300000000000003,PASS_YDS__RECEPTIONS,B,0.23931098620281352,0.2344661,0.2728381996619014,[],,,,,False,no_sgp_quote,,,
2026-10-08T20:01:30Z,2026-10-08,2026-10-08T20:01:15Z,2026-10-05,32678,Dallas Cowboys,Tampa Bay Buccaneers,S3-E,CeeDee Lamb|player_receptions|Over|6.5||Dak Prescott|player_pass_attempts|Over|34.5,Dak Prescott,CeeDee Lamb,DAL,DAL,WR,player_pass_attempts,Over,34.5,0.48599999999999993,player_receptions,Over,6.5,0.4892,ATTEMPTS__RECEPTIONS,B,0.21120634316686865,0.23775119999999997,0.2715905187333681,[],,,,,False,no_sgp_quote,,,
2026-10-08T20:01:30Z,2026-10-08,2026-10-08T20:01:15Z,2026-10-05,32678,Dallas Cowboys,Tampa Bay Buccaneers,S3-E,Cade Otton|player_reception_yds|Under|29.5||Jalon Daniels|player_pass_yds|Under|182.5,Jalon Daniels,Cade Otton,TB,TB,TE,player_pass_yds,Under,182.5,0.4892,player_reception_yds,Under,29.5,0.4817,PASS_YDS__REC_YDS,B,0.21889110444728782,0.23564764000000002,0.27072388550870297,[],,,,,False,no_sgp_quote,,,
2026-10-08T20:01:30Z,2026-10-08,2026-10-08T20:01:15Z,2026-10-05,32678,Dallas Cowboys,Tampa Bay Buccaneers,S3-E,Dak Prescott|player_pass_completions|Over|23.5||Ryan Flournoy|player_receptions|Over|3.5,Dak Prescott,Ryan Flournoy,DAL,DAL,WR,player_pass_completions,Over,23.5,0.5248,player_receptions,Over,3.5,0.4362,COMPLETIONS__RECEPTIONS,A,0.25803415231969434,0.22891776,0.26977456081761314,[],,,,,False,no_sgp_quote,,,
2026-10-08T20:01:30Z,2026-10-08,2026-10-08T20:01:15Z,2026-10-05,32678,Dallas Cowboys,Tampa Bay Buccaneers,S3-E,Dak Prescott|player_pass_completions|Under|23.5||George Pickens|player_receptions|Under|4.5,Dak Prescott,George Pickens,DAL,DAL,WR,player_pass_completions,Under,23.5,0.47519999999999996,player_receptions,Under,4.5,0.47300000000000003,COMPLETIONS__RECEPTIONS,A,0.25803415231969434,0.22476959999999999,0.26615101869134444,[],,,,,False,no_sgp_quote,,,
2026-10-08T20:01:30Z,2026-10-08,2026-10-08T20:01:15Z,2026-10-05,32678,Dallas Cowboys,Tampa Bay Buccaneers,S3-E,Dak Prescott|player_pass_yds|Over|268.5||Ryan Flournoy|player_receptions|Over|3.5,Dak Prescott,Ryan Flournoy,DAL,DAL,WR,player_pass_yds,Over,268.5,0.5043,player_receptions,Over,3.5,0.4362,PASS_YDS__RECEPTIONS,B,0.23931098620281352,0.21997565999999996,0.25792341575311106,[],,,,,False,no_sgp_quote,,,
2026-10-08T20:01:30Z,2026-10-08,2026-10-08T20:01:15Z,2026-10-05,32678,Dallas Cowboys,Tampa Bay Buccaneers,S3-E,Dak Prescott|player_pass_attempts|Over|34.5||Jake Ferguson|player_receptions|Over|3.5,Dak Prescott,Jake Ferguson,DAL,DAL,TE,player_pass_attempts,Over,34.5,0.48599999999999993,player_receptions,Over,3.5,0.4501,ATTEMPTS__RECEPTIONS,B,0.21340393661583412,0.21874859999999996,0.2526989717611648,[],,,,,False,no_sgp_quote,,,
2026-10-08T20:01:30Z,2026-10-08,2026-10-08T20:01:15Z,2026-10-05,32678,Dallas Cowboys,Tampa Bay Buccaneers,S3-E,Bucky Irving|player_receptions|Over|2.5||Jalon Daniels|player_pass_completions|Over|17.5,Jalon Daniels,Bucky Irving,TB,TB,RB,player_pass_completions,Over,17.5,0.5412,player_receptions,Over,2.5,0.3898,COMPLETIONS__RECEPTIONS,A,0.2690810140451369,0.21095976,0.25221719178357466,[],,,,,False,no_sgp_quote,,,
2026-10-08T20:01:30Z,2026-10-08,2026-10-08T20:01:15Z,2026-10-05,32678,Dallas Cowboys,Tampa Bay Buccaneers,S3-E,Dak Prescott|player_pass_attempts|Over|34.5||Ryan Flournoy|player_receptions|Over|3.5,Dak Prescott,Ryan Flournoy,DAL,DAL,WR,player_pass_attempts,Over,34.5,0.48599999999999993,player_receptions,Over,3.5,0.4362,ATTEMPTS__RECEPTIONS,B,0.21120634316686865,0.21199319999999996,0.24542166208521435,[],,,,,False,no_sgp_quote,,,
2026-10-08T20:01:30Z,2026-10-08,2026-10-08T20:01:15Z,2026-10-05,32678,Dallas Cowboys,Tampa Bay Buccaneers,S3-E,Bucky Irving|player_receptions|Over|2.5||Jalon Daniels|player_pass_attempts|Over|28.5,Jalon Daniels,Bucky Irving,TB,TB,RB,player_pass_attempts,Over,28.5,0.5152,player_receptions,Over,2.5,0.3898,ATTEMPTS__RECEPTIONS,B,0.22452237672530106,0.20082496,0.23539023080473895,[],,,,,False,no_sgp_quote,,,
2026-10-08T20:01:30Z,2026-10-08,2026-10-08T20:01:15Z,2026-10-05,32678,Dallas Cowboys,Tampa Bay Buccaneers,S3-E,Emeka Egbuka|player_receptions|Under|2.5||Jalon Daniels|player_pass_yds|Under|182.5,Jalon Daniels,Emeka Egbuka,TB,TB,WR,player_pass_yds,Under,182.5,0.4892,player_receptions,Under,2.5,0.3587,PASS_YDS__RECEPTIONS,B,0.23931098620281352,0.17547604000000003,0.21148164050247986,[],,,,,False,no_sgp_quote,,,
2026-10-08T20:01:30Z,2026-10-08,2026-10-08T20:01:15Z,2026-10-05,32678,Dallas Cowboys,Tampa Bay Buccaneers,S3-E,Emeka Egbuka|player_receptions|Under|2.5||Jalon Daniels|player_pass_attempts|Under|28.5,Jalon Daniels,Emeka Egbuka,TB,TB,WR,player_pass_attempts,Under,28.5,0.4848,player_receptions,Under,2.5,0.3587,ATTEMPTS__RECEPTIONS,B,0.21120634316686865,0.17389776,0.20561215794051524,[],,,,,False,no_sgp_quote,,,
2026-10-08T20:01:30Z,2026-10-08,2026-10-08T20:01:15Z,2026-10-05,32678,Dallas Cowboys,Tampa Bay Buccaneers,S3-E,Emeka Egbuka|player_receptions|Under|2.5||Jalon Daniels|player_pass_completions|Under|17.5,Jalon Daniels,Emeka Egbuka,TB,TB,WR,player_pass_completions,Under,17.5,0.45879999999999993,player_receptions,Under,2.5,0.3587,COMPLETIONS__RECEPTIONS,A,0.25803415231969434,0.16457155999999998,0.20339868766021132,[],,,,,False,no_sgp_quote,,,
