ts,kind,event_id,book,legs,price,stake,ev_pct_at_bet,fair_prob_at_bet,correlation_factor,quoted,resolution,pnl_units,settled_ts,note
2026-09-18T18:33:28Z,straight,32637,bovada,"[{""event_id"": ""32637"", ""market"": ""player_pass_completions"", ""player"": ""Caleb Williams"", ""point"": ""19.5"", ""side"": ""Under""}]",100,5.0,3.42,0.5171,,,won,5.0,2026-09-21T02:02:19Z,auto
2026-09-18T18:33:28Z,straight,32637,draftkings,"[{""event_id"": ""32637"", ""market"": ""player_pass_completions"", ""player"": ""Caleb Williams"", ""point"": ""19.5"", ""side"": ""Under""}]",100,5.0,3.42,0.5171,,,won,5.0,2026-09-21T02:02:19Z,auto
2026-09-18T18:33:28Z,straight,32637,kalshi,"[{""event_id"": ""32637"", ""market"": ""player_receptions"", ""player"": ""Justin Jefferson"", ""point"": ""6.5"", ""side"": ""Over""}]",133,5.0,5.83,0.4542,,,lost,-5.0,2026-09-21T02:02:19Z,auto
2026-09-18T18:33:28Z,straight,32637,kalshi,"[{""event_id"": ""32637"", ""market"": ""player_receptions"", ""player"": ""T.J. Hockenson"", ""point"": ""3.5"", ""side"": ""Over""}]",108,5.0,4.0,0.5,,,lost,-5.0,2026-09-21T02:02:19Z,auto
2026-09-18T18:33:28Z,straight,32640,bovada,"[{""event_id"": ""32640"", ""market"": ""player_reception_yds"", ""player"": ""Dalton Schultz"", ""point"": ""41.5"", ""side"": ""Under""}]",115,5.0,7.5,0.5,,,lost,-5.0,2026-09-28T15:30:34Z,auto
2026-09-18T18:33:28Z,straight,32640,bovada,"[{""event_id"": ""32640"", ""market"": ""player_receptions"", ""player"": ""Chase Brown"", ""point"": ""3.5"", ""side"": ""Under""}]",105,5.0,5.41,0.5142,,,won,5.249999999999999,2026-09-21T02:02:19Z,auto
2026-09-18T18:33:28Z,straight,32640,draftkings,"[{""event_id"": ""32640"", ""market"": ""player_receptions"", ""player"": ""Chase Brown"", ""point"": ""3.5"", ""side"": ""Under""}]",103,5.0,4.38,0.5142,,,won,5.150000000000001,2026-09-21T02:02:19Z,auto
2026-09-18T18:33:28Z,straight,32640,kalshi,"[{""event_id"": ""32640"", ""market"": ""player_receptions"", ""player"": ""David Montgomery"", ""point"": ""1.5"", ""side"": ""Under""}]",156,5.0,3.91,0.4059,,,lost,-5.0,2026-09-21T02:02:19Z,auto
2026-09-18T18:33:28Z,straight,32640,kalshi,"[{""event_id"": ""32640"", ""market"": ""player_receptions"", ""player"": ""Xavier Hutchinson"", ""point"": ""2.5"", ""side"": ""Under""}]",122,5.0,3.84,0.4677,,,lost,-5.0,2026-09-21T02:02:19Z,auto
2026-09-18T18:33:28Z,straight,32640,underdog,"[{""event_id"": ""32640"", ""market"": ""player_rush_attempts"", ""player"": ""Chase Brown"", ""point"": ""14.5"", ""side"": ""Over""}]",100,5.0,8.38,0.5419,,,won,5.0,2026-09-21T02:02:19Z,auto
2026-09-18T18:33:28Z,straight,32636,kalshi,"[{""event_id"": ""32636"", ""market"": ""player_receptions"", ""player"": ""Chris Brooks"", ""point"": ""1.5"", ""side"": ""Over""}]",138,5.0,4.48,0.439,,,lost,-5.0,2026-09-21T02:02:19Z,auto
2026-09-18T18:33:28Z,straight,32636,bovada,"[{""event_id"": ""32636"", ""market"": ""player_receptions"", ""player"": ""Chris Brooks"", ""point"": ""1.5"", ""side"": ""Over""}]",135,5.0,3.16,0.439,,,lost,-5.0,2026-09-21T02:02:19Z,auto
2026-09-18T18:33:28Z,straight,32636,draftkings,"[{""event_id"": ""32636"", ""market"": ""player_receptions"", ""player"": ""Chris Brooks"", ""point"": ""1.5"", ""side"": ""Over""}]",135,5.0,3.16,0.439,,,lost,-5.0,2026-09-21T02:02:19Z,auto
2026-09-18T18:33:28Z,straight,32642,kalshi,"[{""event_id"": ""32642"", ""market"": ""player_receptions"", ""player"": ""Omarion Hampton"", ""point"": ""2.5"", ""side"": ""Over""}]",170,5.0,4.2,0.3859,,,lost,-5.0,2026-09-21T02:02:19Z,auto
2026-09-18T18:33:28Z,straight,32645,underdog,"[{""event_id"": ""32645"", ""market"": ""player_receptions"", ""player"": ""AJ Barner"", ""point"": ""2.5"", ""side"": ""Under""}]",-105,5.0,3.12,0.5282,,,won,4.761904761904762,2026-09-21T02:02:19Z,auto
2026-09-18T18:33:28Z,straight,32644,underdog,"[{""event_id"": ""32644"", ""market"": ""player_pass_attempts"", ""player"": ""Jayden Daniels"", ""point"": ""29.5"", ""side"": ""Over""}]",-102,5.0,4.6,0.5282,,,lost,-5.0,2026-09-21T02:02:19Z,auto
2026-09-18T18:33:28Z,straight,32644,underdog,"[{""event_id"": ""32644"", ""market"": ""player_pass_completions"", ""player"": ""Jayden Daniels"", ""point"": ""19.5"", ""side"": ""Over""}]",-112,5.0,5.85,0.5592,,,lost,-5.0,2026-09-21T02:02:19Z,auto
2026-09-18T18:33:28Z,straight,32644,draftkings,"[{""event_id"": ""32644"", ""market"": ""player_pass_completions"", ""player"": ""Jayden Daniels"", ""point"": ""19.5"", ""side"": ""Over""}]",-114,5.0,4.97,0.5592,,,lost,-5.0,2026-09-21T02:02:19Z,auto
2026-09-18T18:33:28Z,straight,32644,hardrock,"[{""event_id"": ""32644"", ""market"": ""player_pass_completions"", ""player"": ""Jayden Daniels"", ""point"": ""19.5"", ""side"": ""Over""}]",-115,5.0,4.55,0.5592,,,lost,-5.0,2026-09-21T02:02:19Z,auto
2026-09-18T18:33:28Z,straight,32644,bovada,"[{""event_id"": ""32644"", ""market"": ""player_pass_completions"", ""player"": ""Jayden Daniels"", ""point"": ""19.5"", ""side"": ""Over""}]",-115,5.0,4.55,0.5592,,,lost,-5.0,2026-09-21T02:02:19Z,auto
2026-09-18T18:33:28Z,straight,32644,hardrock,"[{""event_id"": ""32644"", ""market"": ""player_receptions"", ""player"": ""Rachaad White"", ""point"": ""2.5"", ""side"": ""Under""}]",-150,5.0,5.59,0.6335,,,lost,-5.0,2026-09-21T02:02:19Z,auto
2026-09-18T18:33:28Z,straight,32643,kalshi,"[{""event_id"": ""32643"", ""market"": ""player_receptions"", ""player"": ""De'Von Achane"", ""point"": ""4.5"", ""side"": ""Over""}]",144,5.0,5.07,0.4306,,,lost,-5.0,2026-09-21T02:02:19Z,auto
2026-09-18T18:33:28Z,straight,32646,kalshi,"[{""event_id"": ""32646"", ""market"": ""player_receptions"", ""player"": ""Tyquan Thornton"", ""point"": ""1.5"", ""side"": ""Over""}]",170,5.0,3.45,0.3831,,,won,8.5,2026-09-21T11:16:13Z,auto
2026-09-18T18:33:28Z,straight,32640,fanatics,"[{""event_id"": ""32640"", ""market"": ""player_reception_yds"", ""player"": ""Ja'Marr Chase"", ""point"": ""75.5"", ""side"": ""Over""}]",-110,5.0,5.92,0.5548,,,lost,-5.0,2026-09-21T02:02:19Z,auto
2026-09-18T18:33:28Z,straight,32640,underdog,"[{""event_id"": ""32640"", ""market"": ""player_reception_yds"", ""player"": ""Ja'Marr Chase"", ""point"": ""75.5"", ""side"": ""Over""}]",-112,5.0,5.02,0.5548,,,lost,-5.0,2026-09-21T02:02:19Z,auto
2026-09-18T18:33:28Z,straight,32640,draftkings,"[{""event_id"": ""32640"", ""market"": ""player_reception_yds"", ""player"": ""Ja'Marr Chase"", ""point"": ""75.5"", ""side"": ""Over""}]",-113,5.0,4.58,0.5548,,,lost,-5.0,2026-09-21T02:02:19Z,auto
2026-09-18T18:33:28Z,straight,32640,fanduel,"[{""event_id"": ""32640"", ""market"": ""player_reception_yds"", ""player"": ""Ja'Marr Chase"", ""point"": ""75.5"", ""side"": ""Over""}]",-114,5.0,4.15,0.5548,,,lost,-5.0,2026-09-21T02:02:19Z,auto
2026-09-18T18:33:28Z,straight,32640,bovada,"[{""event_id"": ""32640"", ""market"": ""player_reception_yds"", ""player"": ""Ja'Marr Chase"", ""point"": ""75.5"", ""side"": ""Over""}]",-115,5.0,3.73,0.5548,,,lost,-5.0,2026-09-21T02:02:19Z,auto
2026-09-18T18:33:28Z,straight,32639,underdog,"[{""event_id"": ""32639"", ""market"": ""player_reception_yds"", ""player"": ""Mark Andrews"", ""point"": ""48.5"", ""side"": ""Under""}]",-112,5.0,5.85,0.5592,,,lost,-5.0,2026-09-28T15:30:34Z,auto
2026-09-18T18:33:28Z,straight,32639,fanduel,"[{""event_id"": ""32639"", ""market"": ""player_reception_yds"", ""player"": ""Mark Andrews"", ""point"": ""48.5"", ""side"": ""Under""}]",-114,5.0,4.97,0.5592,,,lost,-5.0,2026-09-28T15:30:34Z,auto
2026-09-18T18:33:28Z,straight,32639,fanduel,"[{""event_id"": ""32639"", ""market"": ""player_reception_yds"", ""player"": ""Rashod Bateman"", ""point"": ""35.5"", ""side"": ""Under""}]",-114,5.0,7.97,0.5752,,,lost,-5.0,2026-09-28T15:30:34Z,auto
2026-09-18T18:33:28Z,straight,32639,kalshi,"[{""event_id"": ""32639"", ""market"": ""player_receptions"", ""player"": ""Alvin Kamara"", ""point"": ""2.5"", ""side"": ""Over""}]",156,5.0,4.57,0.4085,,,won,7.800000000000001,2026-09-21T02:02:19Z,auto
2026-09-18T18:33:28Z,straight,32639,fanduel,"[{""event_id"": ""32639"", ""market"": ""player_receptions"", ""player"": ""Mark Andrews"", ""point"": ""4.5"", ""side"": ""Under""}]",-148,5.0,3.9,0.62,,,lost,-5.0,2026-09-21T02:02:19Z,auto
2026-09-18T18:33:28Z,straight,32639,hardrock,"[{""event_id"": ""32639"", ""market"": ""player_receptions"", ""player"": ""Mark Andrews"", ""point"": ""4.5"", ""side"": ""Under""}]",-150,5.0,3.34,0.62,,,lost,-5.0,2026-09-21T02:02:19Z,auto
2026-09-18T18:33:28Z,parlay,"32640,32644",bovada,"[{""event_id"": ""32640"", ""market"": ""player_reception_yds"", ""player"": ""Dalton Schultz"", ""point"": ""41.5"", ""side"": ""Under""}, {""event_id"": ""32644"", ""market"": ""player_pass_completions"", ""player"": ""Jayden Daniels"", ""point"": ""19.5"", ""side"": ""Over""}]",302,5.0,,,,,lost,-5.0,2026-09-28T15:30:34Z,auto 2-leg independent product
2026-09-18T18:33:28Z,parlay,"32636,32637",bovada,"[{""event_id"": ""32637"", ""market"": ""player_pass_completions"", ""player"": ""Caleb Williams"", ""point"": ""19.5"", ""side"": ""Under""}, {""event_id"": ""32636"", ""market"": ""player_receptions"", ""player"": ""Chris Brooks"", ""point"": ""1.5"", ""side"": ""Over""}]",370,5.0,,,,,lost,-5.0,2026-09-21T02:02:19Z,auto 2-leg independent product
2026-09-18T18:33:28Z,parlay,"32637,32640,32644",bovada,"[{""event_id"": ""32640"", ""market"": ""player_reception_yds"", ""player"": ""Dalton Schultz"", ""point"": ""41.5"", ""side"": ""Under""}, {""event_id"": ""32644"", ""market"": ""player_pass_completions"", ""player"": ""Jayden Daniels"", ""point"": ""19.5"", ""side"": ""Over""}, {""event_id"": ""32637"", ""market"": ""player_pass_completions"", ""player"": ""Caleb Williams"", ""point"": ""19.5"", ""side"": ""Under""}]",704,5.0,,,,,lost,-5.0,2026-09-28T15:30:34Z,auto 3-leg independent product
2026-09-18T18:33:28Z,parlay,"32640,32644",draftkings,"[{""event_id"": ""32644"", ""market"": ""player_pass_completions"", ""player"": ""Jayden Daniels"", ""point"": ""19.5"", ""side"": ""Over""}, {""event_id"": ""32640"", ""market"": ""player_reception_yds"", ""player"": ""Ja'Marr Chase"", ""point"": ""75.5"", ""side"": ""Over""}]",254,5.0,,,,,lost,-5.0,2026-09-21T02:02:19Z,auto 2-leg independent product
2026-09-18T18:33:28Z,parlay,"32636,32637",draftkings,"[{""event_id"": ""32637"", ""market"": ""player_pass_completions"", ""player"": ""Caleb Williams"", ""point"": ""19.5"", ""side"": ""Under""}, {""event_id"": ""32636"", ""market"": ""player_receptions"", ""player"": ""Chris Brooks"", ""point"": ""1.5"", ""side"": ""Over""}]",370,5.0,,,,,lost,-5.0,2026-09-21T02:02:19Z,auto 2-leg independent product
2026-09-18T18:33:28Z,parlay,"32637,32640,32644",draftkings,"[{""event_id"": ""32644"", ""market"": ""player_pass_completions"", ""player"": ""Jayden Daniels"", ""point"": ""19.5"", ""side"": ""Over""}, {""event_id"": ""32640"", ""market"": ""player_reception_yds"", ""player"": ""Ja'Marr Chase"", ""point"": ""75.5"", ""side"": ""Over""}, {""event_id"": ""32637"", ""market"": ""player_pass_completions"", ""player"": ""Caleb Williams"", ""point"": ""19.5"", ""side"": ""Under""}]",608,5.0,,,,,lost,-5.0,2026-09-21T02:02:19Z,auto 3-leg independent product
2026-09-18T18:33:28Z,parlay,"32637,32643",kalshi,"[{""event_id"": ""32637"", ""market"": ""player_receptions"", ""player"": ""Justin Jefferson"", ""point"": ""6.5"", ""side"": ""Over""}, {""event_id"": ""32643"", ""market"": ""player_receptions"", ""player"": ""De'Von Achane"", ""point"": ""4.5"", ""side"": ""Over""}]",469,5.0,,,,,lost,-5.0,2026-09-21T02:02:19Z,auto 2-leg independent product
2026-09-18T18:33:28Z,parlay,"32636,32639",kalshi,"[{""event_id"": ""32639"", ""market"": ""player_receptions"", ""player"": ""Alvin Kamara"", ""point"": ""2.5"", ""side"": ""Over""}, {""event_id"": ""32636"", ""market"": ""player_receptions"", ""player"": ""Chris Brooks"", ""point"": ""1.5"", ""side"": ""Over""}]",509,5.0,,,,,lost,-5.0,2026-09-21T02:02:19Z,auto 2-leg independent product
2026-09-18T18:33:28Z,parlay,"32640,32642",kalshi,"[{""event_id"": ""32642"", ""market"": ""player_receptions"", ""player"": ""Omarion Hampton"", ""point"": ""2.5"", ""side"": ""Over""}, {""event_id"": ""32640"", ""market"": ""player_receptions"", ""player"": ""David Montgomery"", ""point"": ""1.5"", ""side"": ""Under""}]",591,5.0,,,,,lost,-5.0,2026-09-21T02:02:19Z,auto 2-leg independent product
2026-09-18T18:33:28Z,parlay,"32637,32639,32643",kalshi,"[{""event_id"": ""32637"", ""market"": ""player_receptions"", ""player"": ""Justin Jefferson"", ""point"": ""6.5"", ""side"": ""Over""}, {""event_id"": ""32643"", ""market"": ""player_receptions"", ""player"": ""De'Von Achane"", ""point"": ""4.5"", ""side"": ""Over""}, {""event_id"": ""32639"", ""market"": ""player_receptions"", ""player"": ""Alvin Kamara"", ""point"": ""2.5"", ""side"": ""Over""}]",1355,5.0,,,,,lost,-5.0,2026-09-21T02:02:19Z,auto 3-leg independent product
2026-09-18T18:33:28Z,parlay,"32640,32644",underdog,"[{""event_id"": ""32640"", ""market"": ""player_rush_attempts"", ""player"": ""Chase Brown"", ""point"": ""14.5"", ""side"": ""Over""}, {""event_id"": ""32644"", ""market"": ""player_pass_completions"", ""player"": ""Jayden Daniels"", ""point"": ""19.5"", ""side"": ""Over""}]",279,5.0,,,,,lost,-5.0,2026-09-21T02:02:19Z,auto 2-leg independent product
2026-09-18T18:33:28Z,parlay,"32639,32645",underdog,"[{""event_id"": ""32639"", ""market"": ""player_reception_yds"", ""player"": ""Mark Andrews"", ""point"": ""48.5"", ""side"": ""Under""}, {""event_id"": ""32645"", ""market"": ""player_receptions"", ""player"": ""AJ Barner"", ""point"": ""2.5"", ""side"": ""Under""}]",270,5.0,,,,,lost,-5.0,2026-09-28T15:30:34Z,auto 2-leg independent product
2026-09-18T18:33:28Z,parlay,"32639,32640,32644",underdog,"[{""event_id"": ""32640"", ""market"": ""player_rush_attempts"", ""player"": ""Chase Brown"", ""point"": ""14.5"", ""side"": ""Over""}, {""event_id"": ""32644"", ""market"": ""player_pass_completions"", ""player"": ""Jayden Daniels"", ""point"": ""19.5"", ""side"": ""Over""}, {""event_id"": ""32639"", ""market"": ""player_reception_yds"", ""player"": ""Mark Andrews"", ""point"": ""48.5"", ""side"": ""Under""}]",617,5.0,,,,,lost,-5.0,2026-09-28T15:30:34Z,auto 3-leg independent product
2026-09-18T18:33:28Z,parlay,"32639,32644",hardrock,"[{""event_id"": ""32644"", ""market"": ""player_receptions"", ""player"": ""Rachaad White"", ""point"": ""2.5"", ""side"": ""Under""}, {""event_id"": ""32639"", ""market"": ""player_receptions"", ""player"": ""Mark Andrews"", ""point"": ""4.5"", ""side"": ""Under""}]",178,5.0,,,,,lost,-5.0,2026-09-21T02:02:19Z,auto 2-leg independent product
2026-09-18T18:33:28Z,parlay,"32639,32640",fanduel,"[{""event_id"": ""32639"", ""market"": ""player_reception_yds"", ""player"": ""Rashod Bateman"", ""point"": ""35.5"", ""side"": ""Under""}, {""event_id"": ""32640"", ""market"": ""player_reception_yds"", ""player"": ""Ja'Marr Chase"", ""point"": ""75.5"", ""side"": ""Over""}]",252,5.0,,,,,lost,-5.0,2026-09-28T15:30:34Z,auto 2-leg independent product
2026-09-18T18:33:31Z,sgp,32637,fanduel,"[{""event_id"": ""32637"", ""market"": ""player_receptions"", ""player"": ""Justin Jefferson"", ""point"": ""6.5"", ""side"": ""Over""}, {""event_id"": ""32637"", ""market"": ""player_receptions"", ""player"": ""T.J. Hockenson"", ""point"": ""3.5"", ""side"": ""Over""}]",236,5.0,,,0.869,True,lost,-5.0,2026-09-21T02:02:19Z,auto independent_price=287
2026-09-18T18:33:32Z,sgp,32637,draftkings,"[{""event_id"": ""32637"", ""market"": ""player_receptions"", ""player"": ""Justin Jefferson"", ""point"": ""6.5"", ""side"": ""Over""}, {""event_id"": ""32637"", ""market"": ""player_receptions"", ""player"": ""T.J. Hockenson"", ""point"": ""3.5"", ""side"": ""Over""}]",305,5.0,,,0.9212,True,lost,-5.0,2026-09-21T02:02:19Z,auto independent_price=340
2026-09-18T18:33:38Z,sgp,32644,draftkings,"[{""event_id"": ""32644"", ""market"": ""player_pass_completions"", ""player"": ""Jayden Daniels"", ""point"": ""19.5"", ""side"": ""Over""}, {""event_id"": ""32644"", ""market"": ""player_receptions"", ""player"": ""Rachaad White"", ""point"": ""2.5"", ""side"": ""Under""}]",242,5.0,,,1.1291,True,lost,-5.0,2026-09-21T02:02:19Z,auto independent_price=203
2026-09-18T18:54:34Z,straight,32639,underdog,"[{""event_id"": ""32639"", ""market"": ""player_reception_yds"", ""player"": ""Rashod Bateman"", ""point"": ""35.5"", ""side"": ""Under""}]",-112,5.0,8.87,0.5752,,,lost,-5.0,2026-09-28T15:30:34Z,auto
2026-09-18T18:54:34Z,straight,32643,kalshi,"[{""event_id"": ""32643"", ""market"": ""player_receptions"", ""player"": ""Mike Evans"", ""point"": ""3.5"", ""side"": ""Under""}]",122,5.0,4.94,0.4727,,,won,6.099999999999999,2026-09-21T02:02:19Z,auto
2026-09-18T18:54:34Z,parlay,"32639,32640",underdog,"[{""event_id"": ""32639"", ""market"": ""player_reception_yds"", ""player"": ""Rashod Bateman"", ""point"": ""35.5"", ""side"": ""Under""}, {""event_id"": ""32640"", ""market"": ""player_rush_attempts"", ""player"": ""Chase Brown"", ""point"": ""14.5"", ""side"": ""Over""}]",279,5.0,,,,,lost,-5.0,2026-09-28T15:30:34Z,auto 2-leg independent product
2026-09-18T18:54:34Z,parlay,"32644,32645",underdog,"[{""event_id"": ""32644"", ""market"": ""player_pass_completions"", ""player"": ""Jayden Daniels"", ""point"": ""19.5"", ""side"": ""Over""}, {""event_id"": ""32645"", ""market"": ""player_receptions"", ""player"": ""AJ Barner"", ""point"": ""2.5"", ""side"": ""Under""}]",270,5.0,,,,,lost,-5.0,2026-09-21T02:02:19Z,auto 2-leg independent product
2026-09-18T18:54:34Z,parlay,"32639,32640,32644",underdog,"[{""event_id"": ""32639"", ""market"": ""player_reception_yds"", ""player"": ""Rashod Bateman"", ""point"": ""35.5"", ""side"": ""Under""}, {""event_id"": ""32640"", ""market"": ""player_rush_attempts"", ""player"": ""Chase Brown"", ""point"": ""14.5"", ""side"": ""Over""}, {""event_id"": ""32644"", ""market"": ""player_pass_completions"", ""player"": ""Jayden Daniels"", ""point"": ""19.5"", ""side"": ""Over""}]",617,5.0,,,,,lost,-5.0,2026-09-28T15:30:34Z,auto 3-leg independent product
2026-09-18T18:54:35Z,sgp,32643,fanduel,"[{""event_id"": ""32643"", ""market"": ""player_receptions"", ""player"": ""De'Von Achane"", ""point"": ""4.5"", ""side"": ""Over""}, {""event_id"": ""32643"", ""market"": ""player_receptions"", ""player"": ""Mike Evans"", ""point"": ""3.5"", ""side"": ""Under""}]",291,5.0,,,0.8652,True,lost,-5.0,2026-09-21T02:02:19Z,auto independent_price=352
2026-09-18T18:54:37Z,sgp,32643,draftkings,"[{""event_id"": ""32643"", ""market"": ""player_receptions"", ""player"": ""De'Von Achane"", ""point"": ""4.5"", ""side"": ""Over""}, {""event_id"": ""32643"", ""market"": ""player_receptions"", ""player"": ""Mike Evans"", ""point"": ""3.5"", ""side"": ""Under""}]",330,5.0,,,0.8954,True,lost,-5.0,2026-09-21T02:02:19Z,auto independent_price=380
2026-09-18T19:06:04Z,straight,32635,kalshi,"[{""event_id"": ""32635"", ""market"": ""player_receptions"", ""player"": ""Chris Godwin Jr."", ""point"": ""3.5"", ""side"": ""Under""}]",127,5.0,3.1,0.4542,,,won,6.35,2026-09-21T02:02:19Z,auto
2026-09-18T19:06:04Z,straight,32637,hardrock,"[{""event_id"": ""32637"", ""market"": ""player_receptions"", ""player"": ""Jordan Addison"", ""point"": ""2.5"", ""side"": ""Under""}]",155,5.0,6.48,0.4176,,,won,7.749999999999999,2026-09-21T02:02:19Z,auto
2026-09-18T19:06:04Z,straight,32637,kalshi,"[{""event_id"": ""32637"", ""market"": ""player_receptions"", ""player"": ""Jordan Addison"", ""point"": ""2.5"", ""side"": ""Under""}]",150,5.0,4.4,0.4176,,,won,7.5,2026-09-21T02:02:19Z,auto
2026-09-18T19:06:04Z,parlay,"32637,32644",hardrock,"[{""event_id"": ""32637"", ""market"": ""player_receptions"", ""player"": ""Jordan Addison"", ""point"": ""2.5"", ""side"": ""Under""}, {""event_id"": ""32644"", ""market"": ""player_receptions"", ""player"": ""Rachaad White"", ""point"": ""2.5"", ""side"": ""Under""}]",325,5.0,,,,,lost,-5.0,2026-09-21T02:02:19Z,auto 2-leg independent product
2026-09-18T19:06:04Z,parlay,"32637,32639,32644",hardrock,"[{""event_id"": ""32637"", ""market"": ""player_receptions"", ""player"": ""Jordan Addison"", ""point"": ""2.5"", ""side"": ""Under""}, {""event_id"": ""32644"", ""market"": ""player_receptions"", ""player"": ""Rachaad White"", ""point"": ""2.5"", ""side"": ""Under""}, {""event_id"": ""32639"", ""market"": ""player_receptions"", ""player"": ""Mark Andrews"", ""point"": ""4.5"", ""side"": ""Under""}]",608,5.0,,,,,lost,-5.0,2026-09-21T02:02:19Z,auto 3-leg independent product
2026-09-18T20:21:43Z,straight,32637,hardrock,"[{""event_id"": ""32637"", ""market"": ""player_pass_completions"", ""player"": ""Caleb Williams"", ""point"": ""19.5"", ""side"": ""Under""}]",-105,5.0,4.87,0.5371,,,won,4.761904761904762,2026-09-21T02:02:19Z,auto
2026-09-18T20:21:43Z,straight,32637,underdog,"[{""event_id"": ""32637"", ""market"": ""player_pass_completions"", ""player"": ""Carson Wentz"", ""point"": ""19.5"", ""side"": ""Under""}]",-112,5.0,3.31,0.5458,,,won,4.4642857142857135,2026-09-21T02:02:19Z,auto
2026-09-18T20:21:43Z,straight,32638,kalshi,"[{""event_id"": ""32638"", ""market"": ""player_receptions"", ""player"": ""Roman Wilson"", ""point"": ""2.5"", ""side"": ""Under""}]",122,5.0,4.75,0.4718,,,lost,-5.0,2026-09-21T02:02:19Z,auto
2026-09-18T20:21:43Z,straight,32640,draftkings,"[{""event_id"": ""32640"", ""market"": ""player_pass_attempts"", ""player"": ""Joe Burrow"", ""point"": ""35.5"", ""side"": ""Under""}]",-104,5.0,4.0,0.5302,,,won,4.807692307692308,2026-09-21T02:02:19Z,auto
2026-09-18T20:21:43Z,straight,32640,underdog,"[{""event_id"": ""32640"", ""market"": ""player_pass_attempts"", ""player"": ""Joe Burrow"", ""point"": ""35.5"", ""side"": ""Under""}]",-106,5.0,3.04,0.5302,,,won,4.716981132075472,2026-09-21T02:02:19Z,auto
2026-09-18T20:21:43Z,straight,32639,kalshi,"[{""event_id"": ""32639"", ""market"": ""player_pass_tds"", ""player"": ""Tyler Shough"", ""point"": ""1.5"", ""side"": ""Over""}]",203,5.0,3.35,0.3411,,,lost,-5.0,2026-09-21T02:02:19Z,auto
2026-09-18T20:21:43Z,straight,32636,fanduel,"[{""event_id"": ""32636"", ""market"": ""player_receptions"", ""player"": ""Garrett Wilson"", ""point"": ""5.5"", ""side"": ""Under""}]",112,5.0,4.51,0.493,,,won,5.6000000000000005,2026-09-21T02:02:19Z,auto
2026-09-18T20:21:43Z,straight,32636,hardrock,"[{""event_id"": ""32636"", ""market"": ""player_receptions"", ""player"": ""Garrett Wilson"", ""point"": ""5.5"", ""side"": ""Under""}]",110,5.0,3.52,0.493,,,won,5.5,2026-09-21T02:02:19Z,auto
2026-09-18T20:21:43Z,straight,32641,kalshi,"[{""event_id"": ""32641"", ""market"": ""player_rush_yds"", ""player"": ""J.K. Dobbins"", ""point"": ""59.5"", ""side"": ""Over""}]",108,5.0,3.58,0.498,,,lost,-5.0,2026-09-21T02:02:19Z,auto
2026-09-18T20:21:43Z,straight,32642,kalshi,"[{""event_id"": ""32642"", ""market"": ""player_pass_tds"", ""player"": ""Kirk Cousins"", ""point"": ""1.5"", ""side"": ""Over""}]",223,5.0,4.87,0.3247,,,won,11.15,2026-09-21T02:02:19Z,auto
2026-09-18T20:21:43Z,straight,32643,kalshi,"[{""event_id"": ""32643"", ""market"": ""player_receptions"", ""player"": ""Demarcus Robinson"", ""point"": ""1.5"", ""side"": ""Under""}]",138,5.0,5.07,0.4415,,,lost,-5.0,2026-09-21T02:02:19Z,auto
2026-09-18T20:21:43Z,straight,32646,kalshi,"[{""event_id"": ""32646"", ""market"": ""player_receptions"", ""player"": ""Rashee Rice"", ""point"": ""4.5"", ""side"": ""Over""}]",-113,5.0,4.58,0.5548,,,lost,-5.0,2026-09-21T11:16:13Z,auto
2026-09-18T20:21:43Z,parlay,"32637,32640",bovada,"[{""event_id"": ""32640"", ""market"": ""player_reception_yds"", ""player"": ""Dalton Schultz"", ""point"": ""41.5"", ""side"": ""Under""}, {""event_id"": ""32637"", ""market"": ""player_pass_completions"", ""player"": ""Caleb Williams"", ""point"": ""19.5"", ""side"": ""Under""}]",330,5.0,,,,,lost,-5.0,2026-09-28T15:30:34Z,auto 2-leg independent product
2026-09-18T20:21:43Z,parlay,"32636,32644",bovada,"[{""event_id"": ""32644"", ""market"": ""player_pass_completions"", ""player"": ""Jayden Daniels"", ""point"": ""19.5"", ""side"": ""Over""}, {""event_id"": ""32636"", ""market"": ""player_receptions"", ""player"": ""Chris Brooks"", ""point"": ""1.5"", ""side"": ""Over""}]",339,5.0,,,,,lost,-5.0,2026-09-21T02:02:19Z,auto 2-leg independent product
2026-09-18T20:21:43Z,parlay,"32637,32644",draftkings,"[{""event_id"": ""32637"", ""market"": ""player_pass_completions"", ""player"": ""Caleb Williams"", ""point"": ""19.5"", ""side"": ""Under""}, {""event_id"": ""32644"", ""market"": ""player_pass_completions"", ""player"": ""Jayden Daniels"", ""point"": ""19.5"", ""side"": ""Over""}]",275,5.0,,,,,lost,-5.0,2026-09-21T02:02:19Z,auto 2-leg independent product
2026-09-18T20:21:43Z,parlay,"32636,32640",draftkings,"[{""event_id"": ""32640"", ""market"": ""player_reception_yds"", ""player"": ""Ja'Marr Chase"", ""point"": ""75.5"", ""side"": ""Over""}, {""event_id"": ""32636"", ""market"": ""player_receptions"", ""player"": ""Chris Brooks"", ""point"": ""1.5"", ""side"": ""Over""}]",343,5.0,,,,,lost,-5.0,2026-09-21T02:02:19Z,auto 2-leg independent product
2026-09-18T20:21:43Z,parlay,"32639,32643",kalshi,"[{""event_id"": ""32639"", ""market"": ""player_receptions"", ""player"": ""Alvin Kamara"", ""point"": ""2.5"", ""side"": ""Over""}, {""event_id"": ""32643"", ""market"": ""player_receptions"", ""player"": ""Mike Evans"", ""point"": ""3.5"", ""side"": ""Under""}]",497,5.0,,,,,won,24.849999999999998,2026-09-21T02:02:19Z,auto 2-leg independent product
2026-09-18T20:21:43Z,parlay,"32637,32642",kalshi,"[{""event_id"": ""32637"", ""market"": ""player_receptions"", ""player"": ""Justin Jefferson"", ""point"": ""6.5"", ""side"": ""Over""}, {""event_id"": ""32642"", ""market"": ""player_pass_tds"", ""player"": ""Kirk Cousins"", ""point"": ""1.5"", ""side"": ""Over""}]",653,5.0,,,,,lost,-5.0,2026-09-21T02:02:19Z,auto 2-leg independent product
2026-09-18T20:21:43Z,parlay,"32638,32646",kalshi,"[{""event_id"": ""32638"", ""market"": ""player_receptions"", ""player"": ""Roman Wilson"", ""point"": ""2.5"", ""side"": ""Under""}, {""event_id"": ""32646"", ""market"": ""player_receptions"", ""player"": ""Rashee Rice"", ""point"": ""4.5"", ""side"": ""Over""}]",318,5.0,,,,,lost,-5.0,2026-09-21T11:16:13Z,auto 2-leg independent product
2026-09-18T20:21:43Z,parlay,"32637,32639,32643",kalshi,"[{""event_id"": ""32639"", ""market"": ""player_receptions"", ""player"": ""Alvin Kamara"", ""point"": ""2.5"", ""side"": ""Over""}, {""event_id"": ""32643"", ""market"": ""player_receptions"", ""player"": ""Mike Evans"", ""point"": ""3.5"", ""side"": ""Under""}, {""event_id"": ""32637"", ""market"": ""player_receptions"", ""player"": ""Justin Jefferson"", ""point"": ""6.5"", ""side"": ""Over""}]",1291,5.0,,,,,lost,-5.0,2026-09-21T02:02:19Z,auto 3-leg independent product
2026-09-18T20:21:43Z,parlay,"32637,32644",underdog,"[{""event_id"": ""32644"", ""market"": ""player_pass_completions"", ""player"": ""Jayden Daniels"", ""point"": ""19.5"", ""side"": ""Over""}, {""event_id"": ""32637"", ""market"": ""player_pass_completions"", ""player"": ""Carson Wentz"", ""point"": ""19.5"", ""side"": ""Under""}]",258,5.0,,,,,lost,-5.0,2026-09-21T02:02:19Z,auto 2-leg independent product
2026-09-18T20:21:43Z,parlay,"32636,32639",fanduel,"[{""event_id"": ""32639"", ""market"": ""player_reception_yds"", ""player"": ""Rashod Bateman"", ""point"": ""35.5"", ""side"": ""Under""}, {""event_id"": ""32636"", ""market"": ""player_receptions"", ""player"": ""Garrett Wilson"", ""point"": ""5.5"", ""side"": ""Under""}]",298,5.0,,,,,lost,-5.0,2026-09-28T15:30:34Z,auto 2-leg independent product
2026-09-18T20:21:43Z,parlay,"32636,32639,32640",fanduel,"[{""event_id"": ""32639"", ""market"": ""player_reception_yds"", ""player"": ""Rashod Bateman"", ""point"": ""35.5"", ""side"": ""Under""}, {""event_id"": ""32636"", ""market"": ""player_receptions"", ""player"": ""Garrett Wilson"", ""point"": ""5.5"", ""side"": ""Under""}, {""event_id"": ""32640"", ""market"": ""player_reception_yds"", ""player"": ""Ja'Marr Chase"", ""point"": ""75.5"", ""side"": ""Over""}]",647,5.0,,,,,lost,-5.0,2026-09-28T15:30:34Z,auto 3-leg independent product
2026-09-18T20:21:43Z,parlay,"32636,32639",hardrock,"[{""event_id"": ""32636"", ""market"": ""player_receptions"", ""player"": ""Garrett Wilson"", ""point"": ""5.5"", ""side"": ""Under""}, {""event_id"": ""32639"", ""market"": ""player_receptions"", ""player"": ""Mark Andrews"", ""point"": ""4.5"", ""side"": ""Under""}]",250,5.0,,,,,lost,-5.0,2026-09-21T02:02:19Z,auto 2-leg independent product
2026-09-18T20:21:43Z,parlay,"32636,32637,32644",hardrock,"[{""event_id"": ""32637"", ""market"": ""player_receptions"", ""player"": ""Jordan Addison"", ""point"": ""2.5"", ""side"": ""Under""}, {""event_id"": ""32644"", ""market"": ""player_receptions"", ""player"": ""Rachaad White"", ""point"": ""2.5"", ""side"": ""Under""}, {""event_id"": ""32636"", ""market"": ""player_receptions"", ""player"": ""Garrett Wilson"", ""point"": ""5.5"", ""side"": ""Under""}]",792,5.0,,,,,lost,-5.0,2026-09-21T02:02:19Z,auto 3-leg independent product
2026-09-18T20:21:47Z,sgp,32636,fanduel,"[{""event_id"": ""32636"", ""market"": ""player_receptions"", ""player"": ""Garrett Wilson"", ""point"": ""5.5"", ""side"": ""Under""}, {""event_id"": ""32636"", ""market"": ""player_receptions"", ""player"": ""Chris Brooks"", ""point"": ""1.5"", ""side"": ""Over""}]",284,5.0,,,0.8647,True,lost,-5.0,2026-09-21T02:02:19Z,auto independent_price=345
2026-09-18T20:21:49Z,sgp,32636,draftkings,"[{""event_id"": ""32636"", ""market"": ""player_receptions"", ""player"": ""Garrett Wilson"", ""point"": ""5.5"", ""side"": ""Under""}, {""event_id"": ""32636"", ""market"": ""player_receptions"", ""player"": ""Chris Brooks"", ""point"": ""1.5"", ""side"": ""Over""}]",340,5.0,,,0.9089,True,lost,-5.0,2026-09-21T02:02:19Z,auto independent_price=384
2026-09-18T20:21:51Z,sgp,32646,fanduel,"[{""event_id"": ""32646"", ""market"": ""player_receptions"", ""player"": ""Rashee Rice"", ""point"": ""4.5"", ""side"": ""Over""}, {""event_id"": ""32646"", ""market"": ""player_receptions"", ""player"": ""Tyquan Thornton"", ""point"": ""1.5"", ""side"": ""Over""}]",298,5.0,,,0.8956,True,lost,-5.0,2026-09-21T11:16:13Z,auto independent_price=345
2026-09-18T20:21:52Z,sgp,32646,draftkings,"[{""event_id"": ""32646"", ""market"": ""player_receptions"", ""player"": ""Rashee Rice"", ""point"": ""4.5"", ""side"": ""Over""}, {""event_id"": ""32646"", ""market"": ""player_receptions"", ""player"": ""Tyquan Thornton"", ""point"": ""1.5"", ""side"": ""Over""}]",315,5.0,,,0.9474,True,lost,-5.0,2026-09-21T11:16:13Z,auto independent_price=338
2026-09-18T20:21:54Z,sgp,32639,fanduel,"[{""event_id"": ""32639"", ""market"": ""player_reception_yds"", ""player"": ""Rashod Bateman"", ""point"": ""35.5"", ""side"": ""Under""}, {""event_id"": ""32639"", ""market"": ""player_receptions"", ""player"": ""Alvin Kamara"", ""point"": ""2.5"", ""side"": ""Over""}]",276,5.0,,,0.9192,True,lost,-5.0,2026-09-28T15:30:34Z,auto independent_price=309
2026-09-18T20:21:57Z,sgp,32642,fanduel,"[{""event_id"": ""32642"", ""market"": ""player_pass_tds"", ""player"": ""Kirk Cousins"", ""point"": ""1.5"", ""side"": ""Over""}, {""event_id"": ""32642"", ""market"": ""player_receptions"", ""player"": ""Omarion Hampton"", ""point"": ""2.5"", ""side"": ""Over""}]",450,5.0,,,0.7901,True,lost,-5.0,2026-09-21T02:02:19Z,auto independent_price=597
2026-09-18T20:21:58Z,sgp,32642,draftkings,"[{""event_id"": ""32642"", ""market"": ""player_pass_tds"", ""player"": ""Kirk Cousins"", ""point"": ""1.5"", ""side"": ""Over""}, {""event_id"": ""32642"", ""market"": ""player_receptions"", ""player"": ""Omarion Hampton"", ""point"": ""2.5"", ""side"": ""Over""}]",550,5.0,,,0.8835,True,lost,-5.0,2026-09-21T02:02:19Z,auto independent_price=636
2026-09-19T01:59:07Z,straight,32634,kalshi,"[{""event_id"": ""32634"", ""market"": ""player_receptions"", ""player"": ""Carnell Tate"", ""point"": ""3.5"", ""side"": ""Over""}]",-104,5.0,3.03,0.5253,,,lost,-5.0,2026-09-21T02:02:19Z,auto
2026-09-19T01:59:07Z,straight,32633,draftkings,"[{""event_id"": ""32633"", ""market"": ""player_rush_attempts"", ""player"": ""Chuba Hubbard"", ""point"": ""13.5"", ""side"": ""Over""}]",-112,5.0,3.82,0.5485,,,lost,-5.0,2026-09-21T02:02:19Z,auto
2026-09-19T01:59:07Z,straight,32633,fanduel,"[{""event_id"": ""32633"", ""market"": ""player_rush_yds"", ""player"": ""Cooper Rush"", ""point"": ""0.5"", ""side"": ""Over""}]",136,5.0,3.17,0.4372,,,won,6.800000000000002,2026-09-21T02:02:19Z,auto
2026-09-19T01:59:07Z,straight,32635,kalshi,"[{""event_id"": ""32635"", ""market"": ""player_receptions"", ""player"": ""Emeka Egbuka"", ""point"": ""3.5"", ""side"": ""Under""}]",138,5.0,3.62,0.4354,,,won,6.8999999999999995,2026-09-21T02:02:19Z,auto
2026-09-19T01:59:07Z,straight,32635,kalshi,"[{""event_id"": ""32635"", ""market"": ""player_receptions"", ""player"": ""Harold Fannin Jr."", ""point"": ""4.5"", ""side"": ""Over""}]",150,5.0,5.37,0.4215,,,won,7.5,2026-09-21T02:02:19Z,auto
2026-09-19T01:59:07Z,straight,32637,kalshi,"[{""event_id"": ""32637"", ""market"": ""player_receptions"", ""player"": ""Jordan Addison"", ""point"": ""3.5"", ""side"": ""Over""}]",138,5.0,8.1,0.4542,,,lost,-5.0,2026-09-21T02:02:19Z,auto
2026-09-19T01:59:07Z,straight,32637,kalshi,"[{""event_id"": ""32637"", ""market"": ""player_receptions"", ""player"": ""Kalif Raymond"", ""point"": ""2.5"", ""side"": ""Under""}]",-144,5.0,3.98,0.6137,,,lost,-5.0,2026-09-21T02:02:19Z,auto
2026-09-19T01:59:07Z,straight,32637,bovada,"[{""event_id"": ""32637"", ""market"": ""player_receptions"", ""player"": ""Kalif Raymond"", ""point"": ""2.5"", ""side"": ""Under""}]",-145,5.0,3.69,0.6137,,,lost,-5.0,2026-09-21T02:02:19Z,auto
2026-09-19T01:59:07Z,straight,32638,kalshi,"[{""event_id"": ""32638"", ""market"": ""player_receptions"", ""player"": ""DeMario Douglas"", ""point"": ""3.5"", ""side"": ""Over""}]",127,5.0,3.1,0.4542,,,lost,-5.0,2026-09-21T02:02:19Z,auto
2026-09-19T01:59:07Z,straight,32638,kalshi,"[{""event_id"": ""32638"", ""market"": ""player_receptions"", ""player"": ""Jaylen Warren"", ""point"": ""2.5"", ""side"": ""Under""}]",156,5.0,4.04,0.4064,,,won,7.800000000000001,2026-09-21T02:02:19Z,auto
2026-09-19T01:59:07Z,straight,32640,kalshi,"[{""event_id"": ""32640"", ""market"": ""player_receptions"", ""player"": ""Dalton Schultz"", ""point"": ""4.5"", ""side"": ""Under""}]",122,5.0,5.39,0.4747,,,lost,-5.0,2026-09-21T02:02:19Z,auto
2026-09-19T01:59:07Z,straight,32640,fanduel,"[{""event_id"": ""32640"", ""market"": ""player_receptions"", ""player"": ""Mike Gesicki"", ""point"": ""2.5"", ""side"": ""Under""}]",-122,5.0,3.61,0.5694,,,void,0.0,2026-09-28T15:30:34Z,auto
2026-09-19T01:59:07Z,straight,32639,bovada,"[{""event_id"": ""32639"", ""market"": ""player_receptions"", ""player"": ""Chris Olave"", ""point"": ""5.5"", ""side"": ""Under""}]",110,5.0,3.3,0.4919,,,lost,-5.0,2026-09-21T02:02:19Z,auto
2026-09-19T01:59:07Z,straight,32639,draftkings,"[{""event_id"": ""32639"", ""market"": ""player_rush_yds"", ""player"": ""Alvin Kamara"", ""point"": ""16.5"", ""side"": ""Under""}]",-108,5.0,5.49,0.5477,,,won,4.62962962962963,2026-09-28T15:30:34Z,auto
2026-09-19T01:59:07Z,straight,32639,bovada,"[{""event_id"": ""32639"", ""market"": ""player_rush_yds"", ""player"": ""Alvin Kamara"", ""point"": ""16.5"", ""side"": ""Under""}]",-110,5.0,4.57,0.5477,,,won,4.545454545454546,2026-09-28T15:30:34Z,auto
2026-09-19T01:59:07Z,straight,32645,kalshi,"[{""event_id"": ""32645"", ""market"": ""player_receptions"", ""player"": ""Trey McBride"", ""point"": ""6.5"", ""side"": ""Over""}]",108,5.0,4.0,0.5,,,won,5.4,2026-09-21T02:02:19Z,auto
2026-09-19T01:59:07Z,straight,32644,kalshi,"[{""event_id"": ""32644"", ""market"": ""player_receptions"", ""player"": ""Stefon Diggs"", ""point"": ""4.5"", ""side"": ""Over""}]",-100,5.0,3.24,0.5162,,,won,5.0,2026-09-21T02:02:19Z,auto
2026-09-19T01:59:07Z,straight,32643,hardrock,"[{""event_id"": ""32643"", ""market"": ""player_field_goals_made"", ""player"": ""Eddy Pineiro"", ""point"": ""1.5"", ""side"": ""Under""}]",120,5.0,7.77,0.4899,,,won,6.000000000000001,2026-09-21T02:02:19Z,auto
2026-09-19T01:59:07Z,straight,32643,kalshi,"[{""event_id"": ""32643"", ""market"": ""player_pass_tds"", ""player"": ""Brock Purdy"", ""point"": ""1.5"", ""side"": ""Under""}]",170,5.0,5.7,0.3915,,,lost,-5.0,2026-09-21T02:02:19Z,auto
2026-09-19T01:59:07Z,straight,32643,kalshi,"[{""event_id"": ""32643"", ""market"": ""player_receptions"", ""player"": ""Greg Dulcich"", ""point"": ""2.5"", ""side"": ""Under""}]",-133,5.0,3.07,0.5884,,,won,3.7593984962406015,2026-09-21T02:02:19Z,auto
2026-09-19T01:59:07Z,parlay,"32639,32644",bovada,"[{""event_id"": ""32639"", ""market"": ""player_rush_yds"", ""player"": ""Alvin Kamara"", ""point"": ""16.5"", ""side"": ""Under""}, {""event_id"": ""32644"", ""market"": ""player_pass_completions"", ""player"": ""Jayden Daniels"", ""point"": ""19.5"", ""side"": ""Over""}]",257,5.0,,,,,lost,-5.0,2026-09-28T15:30:34Z,auto 2-leg independent product
2026-09-19T01:59:07Z,parlay,"32637,32639,32640",bovada,"[{""event_id"": ""32640"", ""market"": ""player_reception_yds"", ""player"": ""Dalton Schultz"", ""point"": ""41.5"", ""side"": ""Under""}, {""event_id"": ""32637"", ""market"": ""player_pass_completions"", ""player"": ""Caleb Williams"", ""point"": ""19.5"", ""side"": ""Under""}, {""event_id"": ""32639"", ""market"": ""player_rush_yds"", ""player"": ""Alvin Kamara"", ""point"": ""16.5"", ""side"": ""Under""}]",721,5.0,,,,,lost,-5.0,2026-09-28T15:30:34Z,auto 3-leg independent product
2026-09-19T01:59:07Z,parlay,"32637,32639",draftkings,"[{""event_id"": ""32639"", ""market"": ""player_rush_yds"", ""player"": ""Alvin Kamara"", ""point"": ""16.5"", ""side"": ""Under""}, {""event_id"": ""32637"", ""market"": ""player_pass_completions"", ""player"": ""Caleb Williams"", ""point"": ""19.5"", ""side"": ""Under""}]",285,5.0,,,,,won,14.25,2026-09-28T15:30:34Z,auto 2-leg independent product
2026-09-19T01:59:07Z,parlay,"32633,32636",draftkings,"[{""event_id"": ""32633"", ""market"": ""player_rush_attempts"", ""player"": ""Chuba Hubbard"", ""point"": ""13.5"", ""side"": ""Over""}, {""event_id"": ""32636"", ""market"": ""player_receptions"", ""player"": ""Chris Brooks"", ""point"": ""1.5"", ""side"": ""Over""}]",345,5.0,,,,,lost,-5.0,2026-09-21T02:02:19Z,auto 2-leg independent product
2026-09-19T01:59:07Z,parlay,"32637,32639,32644",draftkings,"[{""event_id"": ""32639"", ""market"": ""player_rush_yds"", ""player"": ""Alvin Kamara"", ""point"": ""16.5"", ""side"": ""Under""}, {""event_id"": ""32637"", ""market"": ""player_pass_completions"", ""player"": ""Caleb Williams"", ""point"": ""19.5"", ""side"": ""Under""}, {""event_id"": ""32644"", ""market"": ""player_pass_completions"", ""player"": ""Jayden Daniels"", ""point"": ""19.5"", ""side"": ""Over""}]",623,5.0,,,,,lost,-5.0,2026-09-28T15:30:34Z,auto 3-leg independent product
2026-09-19T01:59:07Z,parlay,"32637,32643",kalshi,"[{""event_id"": ""32637"", ""market"": ""player_receptions"", ""player"": ""Jordan Addison"", ""point"": ""3.5"", ""side"": ""Over""}, {""event_id"": ""32643"", ""market"": ""player_receptions"", ""player"": ""Mike Evans"", ""point"": ""3.5"", ""side"": ""Under""}]",440,5.0,,,,,lost,-5.0,2026-09-21T02:02:19Z,auto 2-leg independent product
2026-09-19T01:59:07Z,parlay,"32635,32640",kalshi,"[{""event_id"": ""32640"", ""market"": ""player_receptions"", ""player"": ""Dalton Schultz"", ""point"": ""4.5"", ""side"": ""Under""}, {""event_id"": ""32635"", ""market"": ""player_receptions"", ""player"": ""Harold Fannin Jr."", ""point"": ""4.5"", ""side"": ""Over""}]",455,5.0,,,,,lost,-5.0,2026-09-21T02:02:19Z,auto 2-leg independent product
2026-09-19T01:59:07Z,parlay,"32638,32642",kalshi,"[{""event_id"": ""32642"", ""market"": ""player_pass_tds"", ""player"": ""Kirk Cousins"", ""point"": ""1.5"", ""side"": ""Over""}, {""event_id"": ""32638"", ""market"": ""player_receptions"", ""player"": ""Roman Wilson"", ""point"": ""2.5"", ""side"": ""Under""}]",617,5.0,,,,,lost,-5.0,2026-09-21T02:02:19Z,auto 2-leg independent product
2026-09-19T01:59:07Z,parlay,"32637,32640,32643",kalshi,"[{""event_id"": ""32637"", ""market"": ""player_receptions"", ""player"": ""Jordan Addison"", ""point"": ""3.5"", ""side"": ""Over""}, {""event_id"": ""32643"", ""market"": ""player_receptions"", ""player"": ""Mike Evans"", ""point"": ""3.5"", ""side"": ""Under""}, {""event_id"": ""32640"", ""market"": ""player_receptions"", ""player"": ""Dalton Schultz"", ""point"": ""4.5"", ""side"": ""Under""}]",1099,5.0,,,,,lost,-5.0,2026-09-21T02:02:19Z,auto 3-leg independent product
2026-09-19T01:59:07Z,parlay,"32633,32640",fanduel,"[{""event_id"": ""32640"", ""market"": ""player_reception_yds"", ""player"": ""Ja'Marr Chase"", ""point"": ""75.5"", ""side"": ""Over""}, {""event_id"": ""32633"", ""market"": ""player_rush_yds"", ""player"": ""Cooper Rush"", ""point"": ""0.5"", ""side"": ""Over""}]",343,5.0,,,,,lost,-5.0,2026-09-21T02:02:19Z,auto 2-leg independent product
2026-09-19T01:59:07Z,parlay,"32637,32643",hardrock,"[{""event_id"": ""32643"", ""market"": ""player_field_goals_made"", ""player"": ""Eddy Pineiro"", ""point"": ""1.5"", ""side"": ""Under""}, {""event_id"": ""32637"", ""market"": ""player_receptions"", ""player"": ""Jordan Addison"", ""point"": ""2.5"", ""side"": ""Under""}]",461,5.0,,,,,won,23.05,2026-09-21T02:02:19Z,auto 2-leg independent product
2026-09-19T01:59:07Z,parlay,"32636,32644",hardrock,"[{""event_id"": ""32644"", ""market"": ""player_receptions"", ""player"": ""Rachaad White"", ""point"": ""2.5"", ""side"": ""Under""}, {""event_id"": ""32636"", ""market"": ""player_receptions"", ""player"": ""Garrett Wilson"", ""point"": ""5.5"", ""side"": ""Under""}]",250,5.0,,,,,lost,-5.0,2026-09-21T02:02:19Z,auto 2-leg independent product
2026-09-19T01:59:07Z,parlay,"32637,32643,32644",hardrock,"[{""event_id"": ""32643"", ""market"": ""player_field_goals_made"", ""player"": ""Eddy Pineiro"", ""point"": ""1.5"", ""side"": ""Under""}, {""event_id"": ""32637"", ""market"": ""player_receptions"", ""player"": ""Jordan Addison"", ""point"": ""2.5"", ""side"": ""Under""}, {""event_id"": ""32644"", ""market"": ""player_receptions"", ""player"": ""Rachaad White"", ""point"": ""2.5"", ""side"": ""Under""}]",835,5.0,,,,,lost,-5.0,2026-09-21T02:02:19Z,auto 3-leg independent product
2026-09-19T01:59:08Z,sgp,32637,fanduel,"[{""event_id"": ""32637"", ""market"": ""player_receptions"", ""player"": ""Jordan Addison"", ""point"": ""3.5"", ""side"": ""Over""}, {""event_id"": ""32637"", ""market"": ""player_receptions"", ""player"": ""Justin Jefferson"", ""point"": ""6.5"", ""side"": ""Over""}]",246,5.0,,,0.8734,True,lost,-5.0,2026-09-21T02:02:19Z,auto independent_price=297
2026-09-19T01:59:10Z,sgp,32637,draftkings,"[{""event_id"": ""32637"", ""market"": ""player_receptions"", ""player"": ""Jordan Addison"", ""point"": ""3.5"", ""side"": ""Over""}, {""event_id"": ""32637"", ""market"": ""player_receptions"", ""player"": ""Justin Jefferson"", ""point"": ""6.5"", ""side"": ""Over""}]",280,5.0,,,0.9136,True,lost,-5.0,2026-09-21T02:02:19Z,auto independent_price=316
2026-09-19T01:59:12Z,sgp,32645,fanduel,"[{""event_id"": ""32645"", ""market"": ""player_receptions"", ""player"": ""Trey McBride"", ""point"": ""6.5"", ""side"": ""Over""}, {""event_id"": ""32645"", ""market"": ""player_receptions"", ""player"": ""AJ Barner"", ""point"": ""2.5"", ""side"": ""Under""}]",243,5.0,,,0.8827,True,won,12.15,2026-09-21T02:02:19Z,auto independent_price=289
2026-09-19T01:59:18Z,sgp,32643,draftkings,"[{""event_id"": ""32643"", ""market"": ""player_field_goals_made"", ""player"": ""Eddy Pineiro"", ""point"": ""1.5"", ""side"": ""Under""}, {""event_id"": ""32643"", ""market"": ""player_receptions"", ""player"": ""Mike Evans"", ""point"": ""3.5"", ""side"": ""Under""}]",294,5.0,,,0.902,True,won,14.7,2026-09-21T02:02:19Z,auto independent_price=337
2026-09-19T01:59:21Z,sgp,32633,draftkings,"[{""event_id"": ""32633"", ""market"": ""player_rush_attempts"", ""player"": ""Chuba Hubbard"", ""point"": ""13.5"", ""side"": ""Over""}, {""event_id"": ""32633"", ""market"": ""player_rush_yds"", ""player"": ""Cooper Rush"", ""point"": ""0.5"", ""side"": ""Over""}]",305,5.0,,,0.9262,True,lost,-5.0,2026-09-21T02:02:19Z,auto independent_price=337
2026-09-19T01:59:23Z,sgp,32635,fanduel,"[{""event_id"": ""32635"", ""market"": ""player_receptions"", ""player"": ""Harold Fannin Jr."", ""point"": ""4.5"", ""side"": ""Over""}, {""event_id"": ""32635"", ""market"": ""player_receptions"", ""player"": ""Emeka Egbuka"", ""point"": ""3.5"", ""side"": ""Under""}]",322,5.0,,,0.8737,True,won,16.1,2026-09-21T02:02:19Z,auto independent_price=384
2026-09-19T01:59:26Z,sgp,32638,fanduel,"[{""event_id"": ""32638"", ""market"": ""player_receptions"", ""player"": ""Roman Wilson"", ""point"": ""2.5"", ""side"": ""Under""}, {""event_id"": ""32638"", ""market"": ""player_receptions"", ""player"": ""Jaylen Warren"", ""point"": ""2.5"", ""side"": ""Under""}]",325,5.0,,,0.8659,True,lost,-5.0,2026-09-21T02:02:19Z,auto independent_price=392
2026-09-19T09:53:42Z,straight,32633,kalshi,"[{""event_id"": ""32633"", ""market"": ""player_receptions"", ""player"": ""Darren Waller"", ""point"": ""2.5"", ""side"": ""Over""}]",156,5.0,4.84,0.4095,,,won,7.800000000000001,2026-09-21T02:02:19Z,auto
2026-09-19T09:53:42Z,straight,32635,hardrock,"[{""event_id"": ""32635"", ""market"": ""player_receptions"", ""player"": ""Jalen McMillan"", ""point"": ""2.5"", ""side"": ""Under""}]",-150,5.0,5.18,0.6311,,,void,0.0,2026-09-28T15:30:34Z,auto
2026-09-19T09:53:42Z,straight,32640,kalshi,"[{""event_id"": ""32640"", ""market"": ""player_pass_yds"", ""player"": ""Joe Burrow"", ""point"": ""249.5"", ""side"": ""Under""}]",104,5.0,4.06,0.5101,,,won,5.2,2026-09-21T02:02:19Z,auto
2026-09-19T09:53:42Z,straight,32639,draftkings,"[{""event_id"": ""32639"", ""market"": ""player_pass_interceptions"", ""player"": ""Tyler Shough"", ""point"": ""0.5"", ""side"": ""Under""}]",-106,5.0,7.46,0.553,,,won,4.716981132075472,2026-09-21T02:02:19Z,auto
2026-09-19T09:53:42Z,straight,32639,hardrock,"[{""event_id"": ""32639"", ""market"": ""player_pass_interceptions"", ""player"": ""Tyler Shough"", ""point"": ""0.5"", ""side"": ""Under""}]",-110,5.0,5.57,0.553,,,won,4.545454545454546,2026-09-21T02:02:19Z,auto
2026-09-19T09:53:42Z,straight,32639,bovada,"[{""event_id"": ""32639"", ""market"": ""player_pass_interceptions"", ""player"": ""Tyler Shough"", ""point"": ""0.5"", ""side"": ""Under""}]",-110,5.0,5.57,0.553,,,won,4.545454545454546,2026-09-21T02:02:19Z,auto
2026-09-19T09:53:42Z,straight,32639,hardrock,"[{""event_id"": ""32639"", ""market"": ""player_receptions"", ""player"": ""Derrick Henry"", ""point"": ""1.5"", ""side"": ""Under""}]",-170,5.0,5.43,0.6638,,,lost,-5.0,2026-09-21T02:02:19Z,auto
2026-09-19T09:53:42Z,straight,32639,kalshi,"[{""event_id"": ""32639"", ""market"": ""player_receptions"", ""player"": ""LaJohntay Wester"", ""point"": ""2.5"", ""side"": ""Over""}]",163,5.0,7.71,0.4095,,,lost,-5.0,2026-09-21T02:02:19Z,auto
2026-09-19T09:53:42Z,straight,32639,kalshi,"[{""event_id"": ""32639"", ""market"": ""player_receptions"", ""player"": ""Travis Etienne Jr."", ""point"": ""1.5"", ""side"": ""Under""}]",144,5.0,3.66,0.4248,,,lost,-5.0,2026-09-21T02:02:19Z,auto
2026-09-19T09:53:42Z,straight,32636,bovada,"[{""event_id"": ""32636"", ""market"": ""player_receptions"", ""player"": ""Garrett Wilson"", ""point"": ""5.5"", ""side"": ""Under""}]",115,5.0,4.45,0.4858,,,won,5.75,2026-09-21T02:02:19Z,auto
2026-09-19T09:53:42Z,straight,32636,draftkings,"[{""event_id"": ""32636"", ""market"": ""player_receptions"", ""player"": ""Garrett Wilson"", ""point"": ""5.5"", ""side"": ""Under""}]",114,5.0,3.96,0.4858,,,won,5.699999999999998,2026-09-21T02:02:19Z,auto
2026-09-19T09:53:42Z,straight,32641,fanatics,"[{""event_id"": ""32641"", ""market"": ""player_reception_yds"", ""player"": ""Pat Bryant"", ""point"": ""30.5"", ""side"": ""Under""}]",-110,5.0,3.83,0.5438,,,won,4.545454545454546,2026-09-28T15:30:34Z,auto
2026-09-19T09:53:42Z,straight,32643,kalshi,"[{""event_id"": ""32643"", ""market"": ""player_receptions"", ""player"": ""Caleb Douglas"", ""point"": ""2.5"", ""side"": ""Over""}]",-144,5.0,3.18,0.609,,,lost,-5.0,2026-09-21T02:02:19Z,auto
2026-09-19T09:53:42Z,straight,32643,hardrock,"[{""event_id"": ""32643"", ""market"": ""player_rush_attempts"", ""player"": ""Brock Purdy"", ""point"": ""4.5"", ""side"": ""Under""}]",-140,5.0,4.88,0.6118,,,won,3.571428571428572,2026-09-21T02:02:19Z,auto
2026-09-19T09:53:42Z,straight,32646,kalshi,"[{""event_id"": ""32646"", ""market"": ""player_receptions"", ""player"": ""Xavier Worthy"", ""point"": ""3.5"", ""side"": ""Over""}]",127,5.0,3.1,0.4542,,,won,6.35,2026-09-21T11:16:14Z,auto
2026-09-19T09:53:42Z,straight,32646,fanduel,"[{""event_id"": ""32646"", ""market"": ""player_rush_yds"", ""player"": ""Jonathan Taylor"", ""point"": ""86.5"", ""side"": ""Under""}]",-114,5.0,3.45,0.5511,,,lost,-5.0,2026-09-21T11:16:14Z,auto
2026-09-19T09:53:42Z,straight,32647,kalshi,"[{""event_id"": ""32647"", ""market"": ""player_receptions"", ""player"": ""Isaiah Likely"", ""point"": ""4.5"", ""side"": ""Over""}]",108,5.0,3.58,0.498,,,won,5.4,2026-09-22T10:27:43Z,auto
2026-09-19T09:53:42Z,parlay,"32639,32640",bovada,"[{""event_id"": ""32640"", ""market"": ""player_reception_yds"", ""player"": ""Dalton Schultz"", ""point"": ""41.5"", ""side"": ""Under""}, {""event_id"": ""32639"", ""market"": ""player_pass_interceptions"", ""player"": ""Tyler Shough"", ""point"": ""0.5"", ""side"": ""Under""}]",320,5.0,,,,,lost,-5.0,2026-09-28T15:30:34Z,auto 2-leg independent product
2026-09-19T09:53:42Z,parlay,"32636,32637",bovada,"[{""event_id"": ""32637"", ""market"": ""player_pass_completions"", ""player"": ""Caleb Williams"", ""point"": ""19.5"", ""side"": ""Under""}, {""event_id"": ""32636"", ""market"": ""player_receptions"", ""player"": ""Garrett Wilson"", ""point"": ""5.5"", ""side"": ""Under""}]",330,5.0,,,,,won,16.5,2026-09-21T02:02:19Z,auto 2-leg independent product
2026-09-19T09:53:42Z,parlay,"32637,32639,32640",bovada,"[{""event_id"": ""32640"", ""market"": ""player_reception_yds"", ""player"": ""Dalton Schultz"", ""point"": ""41.5"", ""side"": ""Under""}, {""event_id"": ""32639"", ""market"": ""player_pass_interceptions"", ""player"": ""Tyler Shough"", ""point"": ""0.5"", ""side"": ""Under""}, {""event_id"": ""32637"", ""market"": ""player_pass_completions"", ""player"": ""Caleb Williams"", ""point"": ""19.5"", ""side"": ""Under""}]",740,5.0,,,,,lost,-5.0,2026-09-28T15:30:34Z,auto 3-leg independent product
2026-09-19T09:53:42Z,parlay,"32637,32639",draftkings,"[{""event_id"": ""32639"", ""market"": ""player_pass_interceptions"", ""player"": ""Tyler Shough"", ""point"": ""0.5"", ""side"": ""Under""}, {""event_id"": ""32637"", ""market"": ""player_pass_completions"", ""player"": ""Caleb Williams"", ""point"": ""19.5"", ""side"": ""Under""}]",289,5.0,,,,,won,14.450000000000001,2026-09-21T02:02:19Z,auto 2-leg independent product
2026-09-19T09:53:42Z,parlay,"32633,32636",draftkings,"[{""event_id"": ""32636"", ""market"": ""player_receptions"", ""player"": ""Garrett Wilson"", ""point"": ""5.5"", ""side"": ""Under""}, {""event_id"": ""32633"", ""market"": ""player_rush_attempts"", ""player"": ""Chuba Hubbard"", ""point"": ""13.5"", ""side"": ""Over""}]",305,5.0,,,,,lost,-5.0,2026-09-21T02:02:19Z,auto 2-leg independent product
2026-09-19T09:53:42Z,parlay,"32637,32639,32644",draftkings,"[{""event_id"": ""32639"", ""market"": ""player_pass_interceptions"", ""player"": ""Tyler Shough"", ""point"": ""0.5"", ""side"": ""Under""}, {""event_id"": ""32637"", ""market"": ""player_pass_completions"", ""player"": ""Caleb Williams"", ""point"": ""19.5"", ""side"": ""Under""}, {""event_id"": ""32644"", ""market"": ""player_pass_completions"", ""player"": ""Jayden Daniels"", ""point"": ""19.5"", ""side"": ""Over""}]",630,5.0,,,,,lost,-5.0,2026-09-21T02:02:19Z,auto 3-leg independent product
2026-09-19T09:53:42Z,parlay,"32637,32639",kalshi,"[{""event_id"": ""32637"", ""market"": ""player_receptions"", ""player"": ""Jordan Addison"", ""point"": ""3.5"", ""side"": ""Over""}, {""event_id"": ""32639"", ""market"": ""player_receptions"", ""player"": ""LaJohntay Wester"", ""point"": ""2.5"", ""side"": ""Over""}]",526,5.0,,,,,lost,-5.0,2026-09-21T02:02:19Z,auto 2-leg independent product
2026-09-19T09:53:42Z,parlay,"32640,32643",kalshi,"[{""event_id"": ""32643"", ""market"": ""player_receptions"", ""player"": ""Mike Evans"", ""point"": ""3.5"", ""side"": ""Under""}, {""event_id"": ""32640"", ""market"": ""player_receptions"", ""player"": ""Dalton Schultz"", ""point"": ""4.5"", ""side"": ""Under""}]",404,5.0,,,,,lost,-5.0,2026-09-21T02:02:19Z,auto 2-leg independent product
2026-09-19T09:53:42Z,parlay,"32635,32642",kalshi,"[{""event_id"": ""32635"", ""market"": ""player_receptions"", ""player"": ""Harold Fannin Jr."", ""point"": ""4.5"", ""side"": ""Over""}, {""event_id"": ""32642"", ""market"": ""player_pass_tds"", ""player"": ""Kirk Cousins"", ""point"": ""1.5"", ""side"": ""Over""}]",707,5.0,,,,,won,35.35,2026-09-21T02:02:19Z,auto 2-leg independent product
2026-09-19T09:53:42Z,parlay,"32637,32639,32643",kalshi,"[{""event_id"": ""32637"", ""market"": ""player_receptions"", ""player"": ""Jordan Addison"", ""point"": ""3.5"", ""side"": ""Over""}, {""event_id"": ""32639"", ""market"": ""player_receptions"", ""player"": ""LaJohntay Wester"", ""point"": ""2.5"", ""side"": ""Over""}, {""event_id"": ""32643"", ""market"": ""player_receptions"", ""player"": ""Mike Evans"", ""point"": ""3.5"", ""side"": ""Under""}]",1321,5.0,,,,,lost,-5.0,2026-09-21T02:02:19Z,auto 3-leg independent product
2026-09-19T09:53:42Z,parlay,"32635,32639",hardrock,"[{""event_id"": ""32639"", ""market"": ""player_pass_interceptions"", ""player"": ""Tyler Shough"", ""point"": ""0.5"", ""side"": ""Under""}, {""event_id"": ""32635"", ""market"": ""player_receptions"", ""player"": ""Jalen McMillan"", ""point"": ""2.5"", ""side"": ""Under""}]",218,5.0,,,,,won,5.0,2026-09-28T15:30:34Z,auto 2-leg independent product reduced=1/2 legs
2026-09-19T09:53:42Z,parlay,"32636,32644",hardrock,"[{""event_id"": ""32644"", ""market"": ""player_pass_completions"", ""player"": ""Jayden Daniels"", ""point"": ""19.5"", ""side"": ""Over""}, {""event_id"": ""32636"", ""market"": ""player_receptions"", ""player"": ""Garrett Wilson"", ""point"": ""5.5"", ""side"": ""Under""}]",293,5.0,,,,,lost,-5.0,2026-09-21T02:02:19Z,auto 2-leg independent product
2026-09-19T09:53:42Z,parlay,"32637,32639,32643",hardrock,"[{""event_id"": ""32643"", ""market"": ""player_field_goals_made"", ""player"": ""Eddy Pineiro"", ""point"": ""1.5"", ""side"": ""Under""}, {""event_id"": ""32637"", ""market"": ""player_receptions"", ""player"": ""Jordan Addison"", ""point"": ""2.5"", ""side"": ""Under""}, {""event_id"": ""32639"", ""market"": ""player_pass_interceptions"", ""player"": ""Tyler Shough"", ""point"": ""0.5"", ""side"": ""Under""}]",971,5.0,,,,,won,48.550000000000004,2026-09-21T02:02:19Z,auto 3-leg independent product
2026-09-19T09:53:42Z,parlay,"32640,32646",fanduel,"[{""event_id"": ""32640"", ""market"": ""player_reception_yds"", ""player"": ""Ja'Marr Chase"", ""point"": ""75.5"", ""side"": ""Over""}, {""event_id"": ""32646"", ""market"": ""player_rush_yds"", ""player"": ""Jonathan Taylor"", ""point"": ""86.5"", ""side"": ""Under""}]",252,5.0,,,,,lost,-5.0,2026-09-21T11:16:14Z,auto 2-leg independent product
2026-09-19T09:53:42Z,parlay,"32640,32641",fanatics,"[{""event_id"": ""32640"", ""market"": ""player_reception_yds"", ""player"": ""Ja'Marr Chase"", ""point"": ""75.5"", ""side"": ""Over""}, {""event_id"": ""32641"", ""market"": ""player_reception_yds"", ""player"": ""Pat Bryant"", ""point"": ""30.5"", ""side"": ""Under""}]",264,5.0,,,,,lost,-5.0,2026-09-28T15:30:34Z,auto 2-leg independent product
2026-09-19T09:53:45Z,sgp,32635,draftkings,"[{""event_id"": ""32635"", ""market"": ""player_receptions"", ""player"": ""Harold Fannin Jr."", ""point"": ""4.5"", ""side"": ""Over""}, {""event_id"": ""32635"", ""market"": ""player_receptions"", ""player"": ""Jalen McMillan"", ""point"": ""2.5"", ""side"": ""Under""}]",230,5.0,,,0.9349,True,won,4.082951062292475,2026-09-28T15:30:34Z,auto independent_price=253 reduced=1/2 legs
2026-09-19T09:53:48Z,sgp,32633,draftkings,"[{""event_id"": ""32633"", ""market"": ""player_receptions"", ""player"": ""Darren Waller"", ""point"": ""2.5"", ""side"": ""Over""}, {""event_id"": ""32633"", ""market"": ""player_rush_attempts"", ""player"": ""Chuba Hubbard"", ""point"": ""13.5"", ""side"": ""Over""}]",320,5.0,,,0.9245,True,lost,-5.0,2026-09-21T02:02:19Z,auto independent_price=354
2026-09-19T09:53:53Z,sgp,32641,fanduel,"[{""event_id"": ""32641"", ""market"": ""player_reception_yds"", ""player"": ""Pat Bryant"", ""point"": ""30.5"", ""side"": ""Under""}, {""event_id"": ""32641"", ""market"": ""player_rush_yds"", ""player"": ""J.K. Dobbins"", ""point"": ""59.5"", ""side"": ""Over""}]",226,5.0,,,0.8782,True,lost,-5.0,2026-09-28T15:30:34Z,auto independent_price=272
2026-09-19T09:53:55Z,sgp,32646,fanduel,"[{""event_id"": ""32646"", ""market"": ""player_receptions"", ""player"": ""Rashee Rice"", ""point"": ""4.5"", ""side"": ""Over""}, {""event_id"": ""32646"", ""market"": ""player_rush_yds"", ""player"": ""Jonathan Taylor"", ""point"": ""86.5"", ""side"": ""Under""}]",203,5.0,,,0.9371,True,lost,-5.0,2026-09-21T11:16:14Z,auto independent_price=224
2026-09-19T14:59:20Z,straight,32633,kalshi,"[{""event_id"": ""32633"", ""market"": ""player_receptions"", ""player"": ""Chuba Hubbard"", ""point"": ""2.5"", ""side"": ""Over""}]",163,5.0,5.02,0.3993,,,lost,-5.0,2026-09-21T02:02:20Z,auto
2026-09-19T14:59:20Z,straight,32635,fanduel,"[{""event_id"": ""32635"", ""market"": ""player_receptions"", ""player"": ""Chris Godwin"", ""point"": ""3.5"", ""side"": ""Over""}]",-125,5.0,5.03,0.5835,,,lost,-5.0,2026-09-21T02:02:20Z,auto
2026-09-19T14:59:20Z,straight,32637,kalshi,"[{""event_id"": ""32637"", ""market"": ""player_reception_yds"", ""player"": ""Rome Odunze"", ""point"": ""39.5"", ""side"": ""Over""}]",108,5.0,3.58,0.498,,,won,5.4,2026-09-21T02:02:20Z,auto
2026-09-19T14:59:20Z,straight,32640,underdog,"[{""event_id"": ""32640"", ""market"": ""player_rush_attempts"", ""player"": ""Joe Burrow"", ""point"": ""2.5"", ""side"": ""Over""}]",-103,5.0,6.8,0.5419,,,lost,-5.0,2026-09-21T02:02:20Z,auto
2026-09-19T14:59:20Z,straight,32639,kalshi,"[{""event_id"": ""32639"", ""market"": ""player_receptions"", ""player"": ""Rashod Bateman"", ""point"": ""2.5"", ""side"": ""Under""}]",127,5.0,3.1,0.4542,,,lost,-5.0,2026-09-21T02:02:20Z,auto
2026-09-19T14:59:20Z,straight,32636,fanduel,"[{""event_id"": ""32636"", ""market"": ""player_pass_yds"", ""player"": ""Jordan Love"", ""point"": ""254.5"", ""side"": ""Under""}]",-114,5.0,3.45,0.5511,,,won,4.385964912280702,2026-09-21T02:02:20Z,auto
2026-09-19T14:59:20Z,straight,32636,kalshi,"[{""event_id"": ""32636"", ""market"": ""player_receptions"", ""player"": ""MarShawn Lloyd"", ""point"": ""1.5"", ""side"": ""Over""}]",163,5.0,6.89,0.4064,,,won,8.149999999999999,2026-09-21T02:02:20Z,auto
2026-09-19T14:59:20Z,straight,32636,kalshi,"[{""event_id"": ""32636"", ""market"": ""player_rush_yds"", ""player"": ""Chris Brooks"", ""point"": ""24.5"", ""side"": ""Over""}]",108,5.0,4.0,0.5,,,lost,-5.0,2026-09-21T02:02:20Z,auto
2026-09-19T14:59:20Z,straight,32645,kalshi,"[{""event_id"": ""32645"", ""market"": ""player_receptions"", ""player"": ""Cooper Kupp"", ""point"": ""2.5"", ""side"": ""Over""}]",150,5.0,4.26,0.417,,,lost,-5.0,2026-09-21T02:02:20Z,auto
2026-09-19T14:59:20Z,parlay,"32633,32637",kalshi,"[{""event_id"": ""32633"", ""market"": ""player_receptions"", ""player"": ""Darren Waller"", ""point"": ""2.5"", ""side"": ""Over""}, {""event_id"": ""32637"", ""market"": ""player_receptions"", ""player"": ""Jordan Addison"", ""point"": ""3.5"", ""side"": ""Over""}]",543,5.0,,,,,lost,-5.0,2026-09-21T02:02:20Z,auto 2-leg independent product
2026-09-19T14:59:20Z,parlay,"32636,32643",kalshi,"[{""event_id"": ""32643"", ""market"": ""player_receptions"", ""player"": ""Mike Evans"", ""point"": ""3.5"", ""side"": ""Under""}, {""event_id"": ""32636"", ""market"": ""player_receptions"", ""player"": ""MarShawn Lloyd"", ""point"": ""1.5"", ""side"": ""Over""}]",497,5.0,,,,,won,24.849999999999998,2026-09-21T02:02:20Z,auto 2-leg independent product
2026-09-19T14:59:20Z,parlay,"32633,32637,32643",kalshi,"[{""event_id"": ""32633"", ""market"": ""player_receptions"", ""player"": ""Darren Waller"", ""point"": ""2.5"", ""side"": ""Over""}, {""event_id"": ""32637"", ""market"": ""player_receptions"", ""player"": ""Jordan Addison"", ""point"": ""3.5"", ""side"": ""Over""}, {""event_id"": ""32643"", ""market"": ""player_receptions"", ""player"": ""Mike Evans"", ""point"": ""3.5"", ""side"": ""Under""}]",1359,5.0,,,,,lost,-5.0,2026-09-21T02:02:20Z,auto 3-leg independent product
2026-09-19T14:59:20Z,parlay,"32635,32639",fanduel,"[{""event_id"": ""32639"", ""market"": ""player_reception_yds"", ""player"": ""Rashod Bateman"", ""point"": ""35.5"", ""side"": ""Under""}, {""event_id"": ""32635"", ""market"": ""player_receptions"", ""player"": ""Chris Godwin"", ""point"": ""3.5"", ""side"": ""Over""}]",238,5.0,,,,,lost,-5.0,2026-09-28T15:30:34Z,auto 2-leg independent product
2026-09-19T14:59:20Z,parlay,"32636,32640",fanduel,"[{""event_id"": ""32636"", ""market"": ""player_receptions"", ""player"": ""Garrett Wilson"", ""point"": ""5.5"", ""side"": ""Under""}, {""event_id"": ""32640"", ""market"": ""player_reception_yds"", ""player"": ""Ja'Marr Chase"", ""point"": ""75.5"", ""side"": ""Over""}]",298,5.0,,,,,lost,-5.0,2026-09-21T02:02:20Z,auto 2-leg independent product
2026-09-19T14:59:20Z,parlay,"32633,32646",fanduel,"[{""event_id"": ""32633"", ""market"": ""player_rush_yds"", ""player"": ""Cooper Rush"", ""point"": ""0.5"", ""side"": ""Over""}, {""event_id"": ""32646"", ""market"": ""player_rush_yds"", ""player"": ""Jonathan Taylor"", ""point"": ""86.5"", ""side"": ""Under""}]",343,5.0,,,,,lost,-5.0,2026-09-21T11:16:14Z,auto 2-leg independent product
2026-09-19T14:59:20Z,parlay,"32635,32636,32639",fanduel,"[{""event_id"": ""32639"", ""market"": ""player_reception_yds"", ""player"": ""Rashod Bateman"", ""point"": ""35.5"", ""side"": ""Under""}, {""event_id"": ""32635"", ""market"": ""player_receptions"", ""player"": ""Chris Godwin"", ""point"": ""3.5"", ""side"": ""Over""}, {""event_id"": ""32636"", ""market"": ""player_receptions"", ""player"": ""Garrett Wilson"", ""point"": ""5.5"", ""side"": ""Under""}]",616,5.0,,,,,lost,-5.0,2026-09-28T15:30:34Z,auto 3-leg independent product
2026-09-19T14:59:22Z,sgp,32645,fanduel,"[{""event_id"": ""32645"", ""market"": ""player_receptions"", ""player"": ""Cooper Kupp"", ""point"": ""2.5"", ""side"": ""Over""}, {""event_id"": ""32645"", ""market"": ""player_receptions"", ""player"": ""Trey McBride"", ""point"": ""6.5"", ""side"": ""Over""}]",300,5.0,,,0.8862,True,lost,-5.0,2026-09-21T02:02:20Z,auto independent_price=352
2026-09-19T14:59:24Z,sgp,32645,draftkings,"[{""event_id"": ""32645"", ""market"": ""player_receptions"", ""player"": ""Cooper Kupp"", ""point"": ""2.5"", ""side"": ""Over""}, {""event_id"": ""32645"", ""market"": ""player_receptions"", ""player"": ""Trey McBride"", ""point"": ""6.5"", ""side"": ""Over""}]",340,5.0,,,0.953,True,lost,-5.0,2026-09-21T02:02:20Z,auto independent_price=362
2026-09-19T14:59:39Z,sgp,32633,fanduel,"[{""event_id"": ""32633"", ""market"": ""player_receptions"", ""player"": ""Darren Waller"", ""point"": ""2.5"", ""side"": ""Over""}, {""event_id"": ""32633"", ""market"": ""player_receptions"", ""player"": ""Chuba Hubbard"", ""point"": ""2.5"", ""side"": ""Over""}]",393,5.0,,,0.8147,True,lost,-5.0,2026-09-21T02:02:20Z,auto independent_price=505
2026-09-19T14:59:41Z,sgp,32633,draftkings,"[{""event_id"": ""32633"", ""market"": ""player_receptions"", ""player"": ""Darren Waller"", ""point"": ""2.5"", ""side"": ""Over""}, {""event_id"": ""32633"", ""market"": ""player_receptions"", ""player"": ""Chuba Hubbard"", ""point"": ""2.5"", ""side"": ""Over""}]",410,5.0,,,0.8929,True,lost,-5.0,2026-09-21T02:02:20Z,auto independent_price=471
2026-09-19T14:59:44Z,sgp,32636,fanduel,"[{""event_id"": ""32636"", ""market"": ""player_receptions"", ""player"": ""MarShawn Lloyd"", ""point"": ""1.5"", ""side"": ""Over""}, {""event_id"": ""32636"", ""market"": ""player_receptions"", ""player"": ""Garrett Wilson"", ""point"": ""5.5"", ""side"": ""Under""}]",303,5.0,,,0.8767,True,won,15.149999999999997,2026-09-21T02:02:20Z,auto independent_price=360
2026-09-19T14:59:46Z,sgp,32636,draftkings,"[{""event_id"": ""32636"", ""market"": ""player_receptions"", ""player"": ""MarShawn Lloyd"", ""point"": ""1.5"", ""side"": ""Over""}, {""event_id"": ""32636"", ""market"": ""player_receptions"", ""player"": ""Garrett Wilson"", ""point"": ""5.5"", ""side"": ""Under""}]",375,5.0,,,0.9142,True,won,18.75,2026-09-21T02:02:20Z,auto independent_price=420
2026-09-19T19:45:37Z,straight,32633,draftkings,"[{""event_id"": ""32633"", ""market"": ""player_rush_yds"", ""player"": ""Cooper Rush"", ""point"": ""0.5"", ""side"": ""Over""}]",131,5.0,5.06,0.4548,,,won,6.550000000000001,2026-09-21T02:02:20Z,auto
2026-09-19T19:45:37Z,straight,32633,bovada,"[{""event_id"": ""32633"", ""market"": ""player_rush_yds"", ""player"": ""Cooper Rush"", ""point"": ""0.5"", ""side"": ""Over""}]",130,5.0,4.61,0.4548,,,won,6.499999999999999,2026-09-21T02:02:20Z,auto
2026-09-19T19:45:37Z,straight,32635,fanduel,"[{""event_id"": ""32635"", ""market"": ""player_receptions"", ""player"": ""Bucky Irving"", ""point"": ""2.5"", ""side"": ""Over""}]",116,5.0,7.09,0.4958,,,won,5.800000000000001,2026-09-21T02:02:20Z,auto
2026-09-19T19:45:37Z,straight,32635,kalshi,"[{""event_id"": ""32635"", ""market"": ""player_receptions"", ""player"": ""Bucky Irving"", ""point"": ""2.5"", ""side"": ""Over""}]",113,5.0,5.6,0.4958,,,won,5.6499999999999995,2026-09-21T02:02:20Z,auto
2026-09-19T19:45:37Z,straight,32635,hardrock,"[{""event_id"": ""32635"", ""market"": ""player_receptions"", ""player"": ""Bucky Irving"", ""point"": ""2.5"", ""side"": ""Over""}]",110,5.0,4.12,0.4958,,,won,5.5,2026-09-21T02:02:20Z,auto
2026-09-19T19:45:37Z,straight,32637,kalshi,"[{""event_id"": ""32637"", ""market"": ""player_receptions"", ""player"": ""Colston Loveland"", ""point"": ""4.5"", ""side"": ""Under""}]",-100,5.0,5.86,0.5293,,,won,5.0,2026-09-21T02:02:20Z,auto
2026-09-19T19:45:37Z,straight,32637,underdog,"[{""event_id"": ""32637"", ""market"": ""player_receptions"", ""player"": ""Colston Loveland"", ""point"": ""4.5"", ""side"": ""Under""}]",-102,5.0,4.82,0.5293,,,won,4.901960784313726,2026-09-21T02:02:20Z,auto
2026-09-19T19:45:37Z,straight,32637,kalshi,"[{""event_id"": ""32637"", ""market"": ""player_receptions"", ""player"": ""Josh Oliver"", ""point"": ""1.5"", ""side"": ""Under""}]",-104,5.0,5.61,0.5384,,,won,4.807692307692308,2026-09-21T02:02:20Z,auto
2026-09-19T19:45:37Z,straight,32637,draftkings,"[{""event_id"": ""32637"", ""market"": ""player_receptions"", ""player"": ""Kalif Raymond"", ""point"": ""2.5"", ""side"": ""Under""}]",-143,5.0,3.44,0.6087,,,lost,-5.0,2026-09-21T02:02:20Z,auto
2026-09-19T19:45:37Z,straight,32638,kalshi,"[{""event_id"": ""32638"", ""market"": ""player_pass_tds"", ""player"": ""Aaron Rodgers"", ""point"": ""1.5"", ""side"": ""Over""}]",257,5.0,16.41,0.3261,,,lost,-5.0,2026-09-21T02:02:20Z,auto
2026-09-19T19:45:37Z,straight,32638,kalshi,"[{""event_id"": ""32638"", ""market"": ""player_reception_yds"", ""player"": ""Rico Dowdle"", ""point"": ""14.5"", ""side"": ""Over""}]",108,5.0,4.0,0.5,,,won,5.4,2026-09-21T02:02:20Z,auto
2026-09-19T19:45:37Z,straight,32638,kalshi,"[{""event_id"": ""32638"", ""market"": ""player_receptions"", ""player"": ""DK Metcalf"", ""point"": ""4.5"", ""side"": ""Under""}]",-108,5.0,4.08,0.5404,,,won,4.62962962962963,2026-09-21T02:02:20Z,auto
2026-09-19T19:45:37Z,straight,32638,kalshi,"[{""event_id"": ""32638"", ""market"": ""player_receptions"", ""player"": ""DeMario Douglas"", ""point"": ""3.5"", ""side"": ""Under""}]",-133,5.0,3.71,0.592,,,won,3.7593984962406015,2026-09-21T02:02:20Z,auto
2026-09-19T19:45:37Z,straight,32638,kalshi,"[{""event_id"": ""32638"", ""market"": ""player_receptions"", ""player"": ""Germie Bernard"", ""point"": ""1.5"", ""side"": ""Over""}]",113,5.0,7.85,0.5063,,,won,5.6499999999999995,2026-09-21T02:02:20Z,auto
2026-09-19T19:45:37Z,straight,32638,fanduel,"[{""event_id"": ""32638"", ""market"": ""player_receptions"", ""player"": ""Germie Bernard"", ""point"": ""1.5"", ""side"": ""Over""}]",106,5.0,4.3,0.5063,,,won,5.300000000000001,2026-09-21T02:02:20Z,auto
2026-09-19T19:45:37Z,straight,32638,kalshi,"[{""event_id"": ""32638"", ""market"": ""player_receptions"", ""player"": ""Pat Freiermuth"", ""point"": ""3.5"", ""side"": ""Over""}]",127,5.0,8.49,0.4779,,,won,6.35,2026-09-21T02:02:20Z,auto
2026-09-19T19:45:37Z,straight,32638,fanduel,"[{""event_id"": ""32638"", ""market"": ""player_receptions"", ""player"": ""Pat Freiermuth"", ""point"": ""3.5"", ""side"": ""Over""}]",122,5.0,6.1,0.4779,,,won,6.099999999999999,2026-09-21T02:02:20Z,auto
2026-09-19T19:45:37Z,straight,32638,draftkings,"[{""event_id"": ""32638"", ""market"": ""player_receptions"", ""player"": ""Pat Freiermuth"", ""point"": ""3.5"", ""side"": ""Over""}]",117,5.0,3.71,0.4779,,,won,5.85,2026-09-21T02:02:20Z,auto
2026-09-19T19:45:37Z,straight,32638,kalshi,"[{""event_id"": ""32638"", ""market"": ""player_receptions"", ""player"": ""Rhamondre Stevenson"", ""point"": ""2.5"", ""side"": ""Over""}]",-117,5.0,3.51,0.5581,,,lost,-5.0,2026-09-21T02:02:20Z,auto
2026-09-19T19:45:37Z,straight,32638,kalshi,"[{""event_id"": ""32638"", ""market"": ""player_receptions"", ""player"": ""Rico Dowdle"", ""point"": ""2.5"", ""side"": ""Over""}]",104,5.0,4.15,0.5105,,,lost,-5.0,2026-09-21T02:02:20Z,auto
2026-09-19T19:45:37Z,straight,32638,bovada,"[{""event_id"": ""32638"", ""market"": ""player_receptions"", ""player"": ""Roman Wilson"", ""point"": ""2.5"", ""side"": ""Under""}]",120,5.0,3.55,0.4707,,,lost,-5.0,2026-09-21T02:02:20Z,auto
2026-09-19T19:45:37Z,straight,32638,draftkings,"[{""event_id"": ""32638"", ""market"": ""player_receptions"", ""player"": ""Roman Wilson"", ""point"": ""2.5"", ""side"": ""Under""}]",119,5.0,3.08,0.4707,,,lost,-5.0,2026-09-21T02:02:20Z,auto
2026-09-19T19:45:37Z,straight,32638,kalshi,"[{""event_id"": ""32638"", ""market"": ""player_receptions"", ""player"": ""Romeo Doubs"", ""point"": ""3.5"", ""side"": ""Over""}]",122,5.0,4.69,0.4716,,,lost,-5.0,2026-09-21T02:02:20Z,auto
2026-09-19T19:45:37Z,straight,32638,kalshi,"[{""event_id"": ""32638"", ""market"": ""player_receptions"", ""player"": ""TreVeyon Henderson"", ""point"": ""1.5"", ""side"": ""Over""}]",113,5.0,6.05,0.4979,,,void,0.0,2026-09-28T15:30:34Z,auto
2026-09-19T19:45:37Z,straight,32638,fanduel,"[{""event_id"": ""32638"", ""market"": ""player_receptions"", ""player"": ""TreVeyon Henderson"", ""point"": ""1.5"", ""side"": ""Over""}]",112,5.0,5.55,0.4979,,,void,0.0,2026-09-28T15:30:34Z,auto
2026-09-19T19:45:37Z,straight,32638,draftkings,"[{""event_id"": ""32638"", ""market"": ""player_rush_attempts"", ""player"": ""Drake Maye"", ""point"": ""5.5"", ""side"": ""Over""}]",108,5.0,3.12,0.4958,,,lost,-5.0,2026-09-21T02:02:20Z,auto
2026-09-19T19:45:37Z,straight,32640,kalshi,"[{""event_id"": ""32640"", ""market"": ""player_receptions"", ""player"": ""Tee Higgins"", ""point"": ""3.5"", ""side"": ""Under""}]",144,5.0,3.59,0.4245,,,lost,-5.0,2026-09-21T02:02:20Z,auto
2026-09-19T19:45:37Z,straight,32639,underdog,"[{""event_id"": ""32639"", ""market"": ""player_reception_yds"", ""player"": ""Devaughn Vele"", ""point"": ""41.5"", ""side"": ""Over""}]",-112,5.0,4.8,0.5536,,,won,4.4642857142857135,2026-09-21T02:02:20Z,auto
2026-09-19T19:45:37Z,straight,32639,fanduel,"[{""event_id"": ""32639"", ""market"": ""player_reception_yds"", ""player"": ""Devaughn Vele"", ""point"": ""41.5"", ""side"": ""Over""}]",-113,5.0,4.36,0.5536,,,won,4.424778761061948,2026-09-21T02:02:20Z,auto
2026-09-19T19:45:37Z,straight,32639,underdog,"[{""event_id"": ""32639"", ""market"": ""player_reception_yds"", ""player"": ""Juwan Johnson"", ""point"": ""38.5"", ""side"": ""Over""}]",-112,5.0,4.3,0.551,,,won,4.4642857142857135,2026-09-21T02:02:20Z,auto
2026-09-19T19:45:37Z,straight,32639,fanduel,"[{""event_id"": ""32639"", ""market"": ""player_reception_yds"", ""player"": ""Juwan Johnson"", ""point"": ""38.5"", ""side"": ""Over""}]",-113,5.0,3.86,0.551,,,won,4.424778761061948,2026-09-21T02:02:20Z,auto
2026-09-19T19:45:37Z,straight,32639,kalshi,"[{""event_id"": ""32639"", ""market"": ""player_reception_yds"", ""player"": ""Noah Fant"", ""point"": ""14.5"", ""side"": ""Over""}]",108,5.0,4.0,0.5,,,void,0.0,2026-09-28T15:30:34Z,auto
2026-09-19T19:45:37Z,straight,32639,draftkings,"[{""event_id"": ""32639"", ""market"": ""player_receptions"", ""player"": ""Devaughn Vele"", ""point"": ""3.5"", ""side"": ""Over""}]",-124,5.0,7.04,0.5926,,,won,4.032258064516129,2026-09-21T02:02:20Z,auto
2026-09-19T19:45:37Z,straight,32639,kalshi,"[{""event_id"": ""32639"", ""market"": ""player_receptions"", ""player"": ""Devaughn Vele"", ""point"": ""3.5"", ""side"": ""Over""}]",-133,5.0,3.81,0.5926,,,won,3.7593984962406015,2026-09-21T02:02:20Z,auto
2026-09-19T19:45:37Z,straight,32639,bovada,"[{""event_id"": ""32639"", ""market"": ""player_receptions"", ""player"": ""Devaughn Vele"", ""point"": ""3.5"", ""side"": ""Over""}]",-135,5.0,3.15,0.5926,,,won,3.7037037037037033,2026-09-21T02:02:20Z,auto
2026-09-19T19:45:37Z,straight,32639,kalshi,"[{""event_id"": ""32639"", ""market"": ""player_receptions"", ""player"": ""Juwan Johnson"", ""point"": ""3.5"", ""side"": ""Over""}]",-122,5.0,7.83,0.5926,,,won,4.0983606557377055,2026-09-21T02:02:20Z,auto
2026-09-19T19:45:37Z,straight,32639,bovada,"[{""event_id"": ""32639"", ""market"": ""player_receptions"", ""player"": ""Juwan Johnson"", ""point"": ""3.5"", ""side"": ""Over""}]",-130,5.0,4.84,0.5926,,,won,3.846153846153846,2026-09-21T02:02:20Z,auto
2026-09-19T19:45:37Z,straight,32636,bovada,"[{""event_id"": ""32636"", ""market"": ""player_receptions"", ""player"": ""Jonnu Smith"", ""point"": ""1.5"", ""side"": ""Over""}]",125,5.0,3.23,0.4588,,,void,0.0,2026-09-28T15:30:34Z,auto
2026-09-19T19:45:37Z,straight,32636,kalshi,"[{""event_id"": ""32636"", ""market"": ""player_receptions"", ""player"": ""Kenyon Sadiq"", ""point"": ""2.5"", ""side"": ""Under""}]",-117,5.0,4.66,0.5643,,,won,4.273504273504274,2026-09-21T02:02:20Z,auto
2026-09-19T19:45:37Z,straight,32636,underdog,"[{""event_id"": ""32636"", ""market"": ""player_receptions"", ""player"": ""Kenyon Sadiq"", ""point"": ""2.5"", ""side"": ""Under""}]",-118,5.0,4.25,0.5643,,,won,4.23728813559322,2026-09-21T02:02:20Z,auto
2026-09-19T19:45:37Z,straight,32636,kalshi,"[{""event_id"": ""32636"", ""market"": ""player_receptions"", ""player"": ""Tucker Kraft"", ""point"": ""3.5"", ""side"": ""Over""}]",-117,5.0,3.03,0.5555,,,lost,-5.0,2026-09-21T02:02:20Z,auto
2026-09-19T19:45:37Z,straight,32643,fanduel,"[{""event_id"": ""32643"", ""market"": ""player_receptions"", ""player"": ""Greg Dulcich"", ""point"": ""2.5"", ""side"": ""Over""}]",134,5.0,8.97,0.4657,,,lost,-5.0,2026-09-21T02:02:20Z,auto
2026-09-19T19:45:37Z,straight,32643,kalshi,"[{""event_id"": ""32643"", ""market"": ""player_receptions"", ""player"": ""Greg Dulcich"", ""point"": ""2.5"", ""side"": ""Over""}]",122,5.0,3.38,0.4657,,,lost,-5.0,2026-09-21T02:02:20Z,auto
2026-09-19T19:45:37Z,straight,32643,bovada,"[{""event_id"": ""32643"", ""market"": ""player_receptions"", ""player"": ""Malik Washington"", ""point"": ""3.5"", ""side"": ""Over""}]",110,5.0,6.77,0.5084,,,won,5.5,2026-09-21T02:02:20Z,auto
2026-09-19T19:45:37Z,straight,32643,draftkings,"[{""event_id"": ""32643"", ""market"": ""player_receptions"", ""player"": ""Malik Washington"", ""point"": ""3.5"", ""side"": ""Over""}]",109,5.0,6.26,0.5084,,,won,5.449999999999999,2026-09-21T02:02:20Z,auto
2026-09-19T19:45:37Z,straight,32643,kalshi,"[{""event_id"": ""32643"", ""market"": ""player_receptions"", ""player"": ""Malik Washington"", ""point"": ""3.5"", ""side"": ""Over""}]",108,5.0,5.75,0.5084,,,won,5.4,2026-09-21T02:02:20Z,auto
2026-09-19T19:45:37Z,straight,32647,bovada,"[{""event_id"": ""32647"", ""market"": ""player_pass_attempts"", ""player"": ""Matthew Stafford"", ""point"": ""32.5"", ""side"": ""Over""}]",100,5.0,4.24,0.5212,,,lost,-5.0,2026-09-22T10:27:43Z,auto
2026-09-19T19:45:37Z,straight,32647,fanduel,"[{""event_id"": ""32647"", ""market"": ""player_receptions"", ""player"": ""Davante Adams"", ""point"": ""3.5"", ""side"": ""Under""}]",162,5.0,7.02,0.4085,,,lost,-5.0,2026-09-22T10:27:43Z,auto
2026-09-19T19:45:37Z,straight,32647,draftkings,"[{""event_id"": ""32647"", ""market"": ""player_rush_attempts"", ""player"": ""Kyren Williams"", ""point"": ""14.5"", ""side"": ""Under""}]",-126,5.0,3.06,0.5746,,,won,3.9682539682539675,2026-09-28T15:30:34Z,auto
2026-09-19T19:45:37Z,parlay,"32637,32638",kalshi,"[{""event_id"": ""32638"", ""market"": ""player_pass_tds"", ""player"": ""Aaron Rodgers"", ""point"": ""1.5"", ""side"": ""Over""}, {""event_id"": ""32637"", ""market"": ""player_receptions"", ""player"": ""Jordan Addison"", ""point"": ""3.5"", ""side"": ""Over""}]",750,5.0,,,,,lost,-5.0,2026-09-21T02:02:20Z,auto 2-leg independent product
2026-09-19T19:45:37Z,parlay,"32639,32643",kalshi,"[{""event_id"": ""32639"", ""market"": ""player_receptions"", ""player"": ""Juwan Johnson"", ""point"": ""3.5"", ""side"": ""Over""}, {""event_id"": ""32643"", ""market"": ""player_receptions"", ""player"": ""Mike Evans"", ""point"": ""3.5"", ""side"": ""Under""}]",313,5.0,,,,,won,15.649999999999999,2026-09-21T02:02:20Z,auto 2-leg independent product
2026-09-19T19:45:37Z,parlay,"32635,32636",kalshi,"[{""event_id"": ""32636"", ""market"": ""player_receptions"", ""player"": ""MarShawn Lloyd"", ""point"": ""1.5"", ""side"": ""Over""}, {""event_id"": ""32635"", ""market"": ""player_receptions"", ""player"": ""Bucky Irving"", ""point"": ""2.5"", ""side"": ""Over""}]",460,5.0,,,,,won,23.0,2026-09-21T02:02:20Z,auto 2-leg independent product
2026-09-19T19:45:37Z,parlay,"32637,32638,32639",kalshi,"[{""event_id"": ""32638"", ""market"": ""player_pass_tds"", ""player"": ""Aaron Rodgers"", ""point"": ""1.5"", ""side"": ""Over""}, {""event_id"": ""32637"", ""market"": ""player_receptions"", ""player"": ""Jordan Addison"", ""point"": ""3.5"", ""side"": ""Over""}, {""event_id"": ""32639"", ""market"": ""player_receptions"", ""player"": ""Juwan Johnson"", ""point"": ""3.5"", ""side"": ""Over""}]",1446,5.0,,,,,lost,-5.0,2026-09-21T02:02:20Z,auto 3-leg independent product
2026-09-19T19:45:37Z,parlay,"32637,32644",underdog,"[{""event_id"": ""32644"", ""market"": ""player_pass_completions"", ""player"": ""Jayden Daniels"", ""point"": ""19.5"", ""side"": ""Over""}, {""event_id"": ""32637"", ""market"": ""player_receptions"", ""player"": ""Colston Loveland"", ""point"": ""4.5"", ""side"": ""Under""}]",275,5.0,,,,,lost,-5.0,2026-09-21T02:02:20Z,auto 2-leg independent product
2026-09-19T19:45:37Z,parlay,"32636,32645",underdog,"[{""event_id"": ""32636"", ""market"": ""player_receptions"", ""player"": ""Kenyon Sadiq"", ""point"": ""2.5"", ""side"": ""Under""}, {""event_id"": ""32645"", ""market"": ""player_receptions"", ""player"": ""AJ Barner"", ""point"": ""2.5"", ""side"": ""Under""}]",261,5.0,,,,,won,13.049999999999999,2026-09-21T02:02:20Z,auto 2-leg independent product
2026-09-19T19:45:37Z,parlay,"32639,32643",fanduel,"[{""event_id"": ""32643"", ""market"": ""player_receptions"", ""player"": ""Greg Dulcich"", ""point"": ""2.5"", ""side"": ""Over""}, {""event_id"": ""32639"", ""market"": ""player_reception_yds"", ""player"": ""Rashod Bateman"", ""point"": ""35.5"", ""side"": ""Under""}]",339,5.0,,,,,lost,-5.0,2026-09-28T15:30:34Z,auto 2-leg independent product
2026-09-19T19:45:37Z,parlay,"32633,32635",fanduel,"[{""event_id"": ""32633"", ""market"": ""player_rush_yds"", ""player"": ""Cooper Rush"", ""point"": ""0.5"", ""side"": ""Over""}, {""event_id"": ""32635"", ""market"": ""player_receptions"", ""player"": ""Bucky Irving"", ""point"": ""2.5"", ""side"": ""Over""}]",410,5.0,,,,,won,20.5,2026-09-21T02:02:20Z,auto 2-leg independent product
2026-09-19T19:45:37Z,parlay,"32638,32647",fanduel,"[{""event_id"": ""32647"", ""market"": ""player_receptions"", ""player"": ""Davante Adams"", ""point"": ""3.5"", ""side"": ""Under""}, {""event_id"": ""32638"", ""market"": ""player_receptions"", ""player"": ""Pat Freiermuth"", ""point"": ""3.5"", ""side"": ""Over""}]",482,5.0,,,,,lost,-5.0,2026-09-22T10:27:43Z,auto 2-leg independent product
2026-09-19T19:45:37Z,parlay,"32633,32639,32643",fanduel,"[{""event_id"": ""32643"", ""market"": ""player_receptions"", ""player"": ""Greg Dulcich"", ""point"": ""2.5"", ""side"": ""Over""}, {""event_id"": ""32639"", ""market"": ""player_reception_yds"", ""player"": ""Rashod Bateman"", ""point"": ""35.5"", ""side"": ""Under""}, {""event_id"": ""32633"", ""market"": ""player_rush_yds"", ""player"": ""Cooper Rush"", ""point"": ""0.5"", ""side"": ""Over""}]",937,5.0,,,,,lost,-5.0,2026-09-28T15:30:34Z,auto 3-leg independent product
2026-09-19T19:45:37Z,parlay,"32639,32643",draftkings,"[{""event_id"": ""32639"", ""market"": ""player_pass_interceptions"", ""player"": ""Tyler Shough"", ""point"": ""0.5"", ""side"": ""Under""}, {""event_id"": ""32643"", ""market"": ""player_receptions"", ""player"": ""Malik Washington"", ""point"": ""3.5"", ""side"": ""Over""}]",318,5.0,,,,,won,15.899999999999999,2026-09-21T02:02:20Z,auto 2-leg independent product
2026-09-19T19:45:37Z,parlay,"32633,32637",draftkings,"[{""event_id"": ""32633"", ""market"": ""player_rush_yds"", ""player"": ""Cooper Rush"", ""point"": ""0.5"", ""side"": ""Over""}, {""event_id"": ""32637"", ""market"": ""player_pass_completions"", ""player"": ""Caleb Williams"", ""point"": ""19.5"", ""side"": ""Under""}]",362,5.0,,,,,won,18.1,2026-09-21T02:02:20Z,auto 2-leg independent product
2026-09-19T19:45:37Z,parlay,"32633,32639,32643",draftkings,"[{""event_id"": ""32639"", ""market"": ""player_pass_interceptions"", ""player"": ""Tyler Shough"", ""point"": ""0.5"", ""side"": ""Under""}, {""event_id"": ""32643"", ""market"": ""player_receptions"", ""player"": ""Malik Washington"", ""point"": ""3.5"", ""side"": ""Over""}, {""event_id"": ""32633"", ""market"": ""player_rush_yds"", ""player"": ""Cooper Rush"", ""point"": ""0.5"", ""side"": ""Over""}]",866,5.0,,,,,won,43.3,2026-09-21T02:02:20Z,auto 3-leg independent product
2026-09-19T19:45:37Z,parlay,"32637,32643",bovada,"[{""event_id"": ""32643"", ""market"": ""player_receptions"", ""player"": ""Malik Washington"", ""point"": ""3.5"", ""side"": ""Over""}, {""event_id"": ""32637"", ""market"": ""player_pass_completions"", ""player"": ""Caleb Williams"", ""point"": ""19.5"", ""side"": ""Under""}]",320,5.0,,,,,won,16.0,2026-09-21T02:02:20Z,auto 2-leg independent product
2026-09-19T19:45:37Z,parlay,"32633,32636",bovada,"[{""event_id"": ""32633"", ""market"": ""player_rush_yds"", ""player"": ""Cooper Rush"", ""point"": ""0.5"", ""side"": ""Over""}, {""event_id"": ""32636"", ""market"": ""player_receptions"", ""player"": ""Garrett Wilson"", ""point"": ""5.5"", ""side"": ""Under""}]",394,5.0,,,,,won,19.699999999999996,2026-09-21T02:02:20Z,auto 2-leg independent product
2026-09-19T19:45:37Z,parlay,"32639,32640,32643",bovada,"[{""event_id"": ""32639"", ""market"": ""player_pass_interceptions"", ""player"": ""Tyler Shough"", ""point"": ""0.5"", ""side"": ""Under""}, {""event_id"": ""32640"", ""market"": ""player_reception_yds"", ""player"": ""Dalton Schultz"", ""point"": ""41.5"", ""side"": ""Under""}, {""event_id"": ""32643"", ""market"": ""player_receptions"", ""player"": ""Malik Washington"", ""point"": ""3.5"", ""side"": ""Over""}]",824,5.0,,,,,lost,-5.0,2026-09-28T15:30:34Z,auto 3-leg independent product
2026-09-19T19:45:52Z,sgp,32646,fanduel,"[{""event_id"": ""32646"", ""market"": ""player_rush_yds"", ""player"": ""Jonathan Taylor"", ""point"": ""86.5"", ""side"": ""Under""}, {""event_id"": ""32646"", ""market"": ""player_receptions"", ""player"": ""Tyquan Thornton"", ""point"": ""1.5"", ""side"": ""Over""}]",320,5.0,,,0.8891,True,lost,-5.0,2026-09-21T11:16:14Z,auto independent_price=373
2026-09-19T19:45:58Z,sgp,32635,fanduel,"[{""event_id"": ""32635"", ""market"": ""player_receptions"", ""player"": ""Bucky Irving"", ""point"": ""2.5"", ""side"": ""Over""}, {""event_id"": ""32635"", ""market"": ""player_receptions"", ""player"": ""Harold Fannin Jr."", ""point"": ""4.5"", ""side"": ""Over""}]",375,5.0,,,0.8731,True,won,18.75,2026-09-21T02:02:20Z,auto independent_price=444
2026-09-19T19:46:00Z,sgp,32635,draftkings,"[{""event_id"": ""32635"", ""market"": ""player_receptions"", ""player"": ""Bucky Irving"", ""point"": ""2.5"", ""side"": ""Over""}, {""event_id"": ""32635"", ""market"": ""player_receptions"", ""player"": ""Harold Fannin Jr."", ""point"": ""4.5"", ""side"": ""Over""}]",340,5.0,,,0.9735,True,won,17.0,2026-09-21T02:02:20Z,auto independent_price=352
2026-09-19T19:46:02Z,sgp,32638,fanduel,"[{""event_id"": ""32638"", ""market"": ""player_pass_tds"", ""player"": ""Aaron Rodgers"", ""point"": ""1.5"", ""side"": ""Over""}, {""event_id"": ""32638"", ""market"": ""player_receptions"", ""player"": ""Pat Freiermuth"", ""point"": ""3.5"", ""side"": ""Over""}]",378,5.0,,,0.7481,True,lost,-5.0,2026-09-21T02:02:20Z,auto independent_price=539
2026-09-19T19:46:05Z,sgp,32638,draftkings,"[{""event_id"": ""32638"", ""market"": ""player_pass_tds"", ""player"": ""Aaron Rodgers"", ""point"": ""1.5"", ""side"": ""Over""}, {""event_id"": ""32638"", ""market"": ""player_receptions"", ""player"": ""Pat Freiermuth"", ""point"": ""3.5"", ""side"": ""Over""}]",495,5.0,,,0.8259,True,lost,-5.0,2026-09-21T02:02:20Z,auto independent_price=620
2026-09-19T19:46:08Z,sgp,32643,draftkings,"[{""event_id"": ""32643"", ""market"": ""player_receptions"", ""player"": ""Greg Dulcich"", ""point"": ""2.5"", ""side"": ""Over""}, {""event_id"": ""32643"", ""market"": ""player_field_goals_made"", ""player"": ""Eddy Pineiro"", ""point"": ""1.5"", ""side"": ""Under""}]",294,5.0,,,0.9151,True,lost,-5.0,2026-09-21T02:02:20Z,auto independent_price=331
2026-09-19T19:46:09Z,sgp,32636,fanduel,"[{""event_id"": ""32636"", ""market"": ""player_receptions"", ""player"": ""MarShawn Lloyd"", ""point"": ""1.5"", ""side"": ""Over""}, {""event_id"": ""32636"", ""market"": ""player_receptions"", ""player"": ""Kenyon Sadiq"", ""point"": ""2.5"", ""side"": ""Under""}]",275,5.0,,,0.8966,True,won,13.75,2026-09-21T02:02:20Z,auto independent_price=319
2026-09-19T19:46:12Z,sgp,32636,draftkings,"[{""event_id"": ""32636"", ""market"": ""player_receptions"", ""player"": ""MarShawn Lloyd"", ""point"": ""1.5"", ""side"": ""Over""}, {""event_id"": ""32636"", ""market"": ""player_receptions"", ""player"": ""Kenyon Sadiq"", ""point"": ""2.5"", ""side"": ""Under""}]",310,5.0,,,0.9324,True,won,15.499999999999998,2026-09-21T02:02:20Z,auto independent_price=340
2026-09-19T19:46:14Z,sgp,32637,fanduel,"[{""event_id"": ""32637"", ""market"": ""player_receptions"", ""player"": ""Jordan Addison"", ""point"": ""3.5"", ""side"": ""Over""}, {""event_id"": ""32637"", ""market"": ""player_receptions"", ""player"": ""Colston Loveland"", ""point"": ""4.5"", ""side"": ""Under""}]",263,5.0,,,0.9152,True,lost,-5.0,2026-09-21T02:02:20Z,auto independent_price=297
2026-09-19T19:46:16Z,sgp,32637,draftkings,"[{""event_id"": ""32637"", ""market"": ""player_receptions"", ""player"": ""Jordan Addison"", ""point"": ""3.5"", ""side"": ""Over""}, {""event_id"": ""32637"", ""market"": ""player_receptions"", ""player"": ""Colston Loveland"", ""point"": ""4.5"", ""side"": ""Under""}]",266,5.0,,,0.927,True,lost,-5.0,2026-09-21T02:02:20Z,auto independent_price=295
2026-09-20T02:04:40Z,straight,32634,kalshi,"[{""event_id"": ""32634"", ""market"": ""player_receptions"", ""player"": ""Dallas Goedert"", ""point"": ""3.5"", ""side"": ""Under""}]",117,5.0,4.17,0.4801,,,won,5.85,2026-09-21T02:02:20Z,auto
2026-09-20T02:04:40Z,straight,32634,kalshi,"[{""event_id"": ""32634"", ""market"": ""player_receptions"", ""player"": ""Tony Pollard"", ""point"": ""1.5"", ""side"": ""Over""}]",113,5.0,3.15,0.4843,,,lost,-5.0,2026-09-21T02:02:20Z,auto
2026-09-20T02:04:40Z,straight,32635,draftkings,"[{""event_id"": ""32635"", ""market"": ""player_reception_yds"", ""player"": ""Harold Fannin Jr."", ""point"": ""35.5"", ""side"": ""Under""}]",-110,5.0,3.55,0.5424,,,lost,-5.0,2026-09-28T15:30:34Z,auto
2026-09-20T02:04:40Z,straight,32635,draftkings,"[{""event_id"": ""32635"", ""market"": ""player_receptions"", ""player"": ""Harold Fannin Jr."", ""point"": ""4.5"", ""side"": ""Under""}]",-158,5.0,3.38,0.6331,,,lost,-5.0,2026-09-21T02:02:20Z,auto
2026-09-20T02:04:40Z,straight,32635,bovada,"[{""event_id"": ""32635"", ""market"": ""player_receptions"", ""player"": ""Jerry Jeudy"", ""point"": ""2.5"", ""side"": ""Under""}]",110,5.0,5.44,0.5021,,,won,5.5,2026-09-21T02:02:20Z,auto
2026-09-20T02:04:40Z,straight,32637,kalshi,"[{""event_id"": ""32637"", ""market"": ""player_receptions"", ""player"": ""D'Andre Swift"", ""point"": ""1.5"", ""side"": ""Over""}]",-113,5.0,4.22,0.5529,,,won,4.424778761061948,2026-09-21T02:02:20Z,auto
2026-09-20T02:04:40Z,straight,32637,kalshi,"[{""event_id"": ""32637"", ""market"": ""player_receptions"", ""player"": ""Kyle Monangai"", ""point"": ""1.5"", ""side"": ""Over""}]",156,5.0,3.11,0.4028,,,won,7.800000000000001,2026-09-21T02:02:20Z,auto
2026-09-20T02:04:40Z,straight,32638,fanatics,"[{""event_id"": ""32638"", ""market"": ""player_reception_yds"", ""player"": ""Germie Bernard"", ""point"": ""15.5"", ""side"": ""Over""}]",-105,5.0,3.34,0.5293,,,won,4.761904761904762,2026-09-21T02:02:20Z,auto
2026-09-20T02:04:40Z,straight,32638,kalshi,"[{""event_id"": ""32638"", ""market"": ""player_receptions"", ""player"": ""Pat Freiermuth"", ""point"": ""3.5"", ""side"": ""Under""}]",-122,5.0,4.4,0.5737,,,lost,-5.0,2026-09-21T02:02:20Z,auto
2026-09-20T02:04:40Z,straight,32640,kalshi,"[{""event_id"": ""32640"", ""market"": ""player_receptions"", ""player"": ""Kayshon Boutte"", ""point"": ""2.5"", ""side"": ""Under""}]",138,5.0,7.6,0.4521,,,lost,-5.0,2026-09-21T02:02:20Z,auto
2026-09-20T02:04:40Z,straight,32640,fanduel,"[{""event_id"": ""32640"", ""market"": ""player_receptions"", ""player"": ""Kayshon Boutte"", ""point"": ""2.5"", ""side"": ""Under""}]",132,5.0,4.89,0.4521,,,lost,-5.0,2026-09-21T02:02:20Z,auto
2026-09-20T02:04:40Z,straight,32640,hardrock,"[{""event_id"": ""32640"", ""market"": ""player_receptions"", ""player"": ""Kayshon Boutte"", ""point"": ""2.5"", ""side"": ""Under""}]",130,5.0,3.99,0.4521,,,lost,-5.0,2026-09-21T02:02:20Z,auto
2026-09-20T02:04:40Z,straight,32639,draftkings,"[{""event_id"": ""32639"", ""market"": ""player_receptions"", ""player"": ""Travis Etienne Jr."", ""point"": ""1.5"", ""side"": ""Under""}]",149,5.0,5.71,0.4245,,,lost,-5.0,2026-09-21T02:02:20Z,auto
2026-09-20T02:04:40Z,straight,32641,draftkings,"[{""event_id"": ""32641"", ""market"": ""player_pass_tds"", ""player"": ""Bo Nix"", ""point"": ""1.5"", ""side"": ""Under""}]",-119,5.0,3.72,0.5636,,,won,4.201680672268909,2026-09-21T02:02:20Z,auto
2026-09-20T02:04:40Z,straight,32641,bovada,"[{""event_id"": ""32641"", ""market"": ""player_pass_tds"", ""player"": ""Bo Nix"", ""point"": ""1.5"", ""side"": ""Under""}]",-120,5.0,3.33,0.5636,,,won,4.166666666666668,2026-09-21T02:02:20Z,auto
2026-09-20T02:04:40Z,straight,32641,draftkings,"[{""event_id"": ""32641"", ""market"": ""player_rush_attempts"", ""player"": ""J.K. Dobbins"", ""point"": ""13.5"", ""side"": ""Over""}]",101,5.0,6.81,0.5314,,,lost,-5.0,2026-09-21T02:02:20Z,auto
2026-09-20T02:04:40Z,straight,32641,underdog,"[{""event_id"": ""32641"", ""market"": ""player_rush_attempts"", ""player"": ""J.K. Dobbins"", ""point"": ""13.5"", ""side"": ""Over""}]",-102,5.0,5.24,0.5314,,,lost,-5.0,2026-09-21T02:02:20Z,auto
2026-09-20T02:04:40Z,straight,32642,hardrock,"[{""event_id"": ""32642"", ""market"": ""player_receptions"", ""player"": ""Omarion Hampton"", ""point"": ""1.5"", ""side"": ""Under""}]",155,5.0,5.02,0.4119,,,lost,-5.0,2026-09-21T02:02:20Z,auto
2026-09-20T02:04:40Z,straight,32644,draftkings,"[{""event_id"": ""32644"", ""market"": ""player_pass_attempts"", ""player"": ""Jayden Daniels"", ""point"": ""29.5"", ""side"": ""Over""}]",-104,5.0,3.66,0.5284,,,lost,-5.0,2026-09-21T02:02:20Z,auto
2026-09-20T02:04:40Z,straight,32644,bovada,"[{""event_id"": ""32644"", ""market"": ""player_pass_attempts"", ""player"": ""Jayden Daniels"", ""point"": ""29.5"", ""side"": ""Over""}]",-105,5.0,3.17,0.5284,,,lost,-5.0,2026-09-21T02:02:20Z,auto
2026-09-20T02:04:40Z,straight,32644,draftkings,"[{""event_id"": ""32644"", ""market"": ""player_rush_attempts"", ""player"": ""Javonte Williams"", ""point"": ""17.5"", ""side"": ""Under""}]",-101,5.0,3.9,0.5221,,,won,4.9504950495049505,2026-09-21T02:02:20Z,auto
2026-09-20T02:04:40Z,straight,32643,kalshi,"[{""event_id"": ""32643"", ""market"": ""player_receptions"", ""player"": ""Chris Bell"", ""point"": ""1.5"", ""side"": ""Over""}]",-117,5.0,3.38,0.5574,,,lost,-5.0,2026-09-21T02:02:20Z,auto
2026-09-20T02:04:40Z,straight,32647,bovada,"[{""event_id"": ""32647"", ""market"": ""player_pass_attempts"", ""player"": ""Jaxson Dart"", ""point"": ""30.5"", ""side"": ""Under""}]",100,5.0,4.64,0.5232,,,won,5.0,2026-09-22T10:27:43Z,auto
2026-09-20T02:04:40Z,straight,32647,draftkings,"[{""event_id"": ""32647"", ""market"": ""player_pass_attempts"", ""player"": ""Jaxson Dart"", ""point"": ""30.5"", ""side"": ""Under""}]",-101,5.0,4.13,0.5232,,,won,4.9504950495049505,2026-09-22T10:27:43Z,auto
2026-09-20T02:04:40Z,straight,32647,kalshi,"[{""event_id"": ""32647"", ""market"": ""player_receptions"", ""player"": ""Davante Adams"", ""point"": ""3.5"", ""side"": ""Under""}]",156,5.0,4.57,0.4085,,,lost,-5.0,2026-09-22T10:27:43Z,auto
2026-09-20T02:04:40Z,parlay,"32641,32644",underdog,"[{""event_id"": ""32644"", ""market"": ""player_pass_completions"", ""player"": ""Jayden Daniels"", ""point"": ""19.5"", ""side"": ""Over""}, {""event_id"": ""32641"", ""market"": ""player_rush_attempts"", ""player"": ""J.K. Dobbins"", ""point"": ""13.5"", ""side"": ""Over""}]",275,5.0,,,,,lost,-5.0,2026-09-21T02:02:20Z,auto 2-leg independent product
2026-09-20T02:04:40Z,parlay,"32636,32637",underdog,"[{""event_id"": ""32637"", ""market"": ""player_receptions"", ""player"": ""Colston Loveland"", ""point"": ""4.5"", ""side"": ""Under""}, {""event_id"": ""32636"", ""market"": ""player_receptions"", ""player"": ""Kenyon Sadiq"", ""point"": ""2.5"", ""side"": ""Under""}]",266,5.0,,,,,won,13.3,2026-09-21T02:02:20Z,auto 2-leg independent product
2026-09-20T02:04:40Z,parlay,"32642,32644",hardrock,"[{""event_id"": ""32642"", ""market"": ""player_receptions"", ""player"": ""Omarion Hampton"", ""point"": ""1.5"", ""side"": ""Under""}, {""event_id"": ""32644"", ""market"": ""player_pass_completions"", ""player"": ""Jayden Daniels"", ""point"": ""19.5"", ""side"": ""Over""}]",377,5.0,,,,,lost,-5.0,2026-09-21T02:02:20Z,auto 2-leg independent product
2026-09-20T02:04:40Z,parlay,"32640,32643",kalshi,"[{""event_id"": ""32640"", ""market"": ""player_receptions"", ""player"": ""Kayshon Boutte"", ""point"": ""2.5"", ""side"": ""Under""}, {""event_id"": ""32643"", ""market"": ""player_receptions"", ""player"": ""Mike Evans"", ""point"": ""3.5"", ""side"": ""Under""}]",440,5.0,,,,,lost,-5.0,2026-09-21T02:02:20Z,auto 2-leg independent product
2026-09-20T02:04:40Z,parlay,"32636,32639",kalshi,"[{""event_id"": ""32636"", ""market"": ""player_receptions"", ""player"": ""MarShawn Lloyd"", ""point"": ""1.5"", ""side"": ""Over""}, {""event_id"": ""32639"", ""market"": ""player_pass_tds"", ""player"": ""Tyler Shough"", ""point"": ""1.5"", ""side"": ""Over""}]",721,5.0,,,,,lost,-5.0,2026-09-21T02:02:20Z,auto 2-leg independent product
2026-09-20T02:04:40Z,parlay,"32637,32638,32640",kalshi,"[{""event_id"": ""32638"", ""market"": ""player_pass_tds"", ""player"": ""Aaron Rodgers"", ""point"": ""1.5"", ""side"": ""Over""}, {""event_id"": ""32637"", ""market"": ""player_receptions"", ""player"": ""Jordan Addison"", ""point"": ""3.5"", ""side"": ""Over""}, {""event_id"": ""32640"", ""market"": ""player_receptions"", ""player"": ""Kayshon Boutte"", ""point"": ""2.5"", ""side"": ""Under""}]",1854,5.0,,,,,lost,-5.0,2026-09-21T02:02:20Z,auto 3-leg independent product
2026-09-20T02:04:40Z,parlay,"32633,32640",fanduel,"[{""event_id"": ""32633"", ""market"": ""player_rush_yds"", ""player"": ""Cooper Rush"", ""point"": ""0.5"", ""side"": ""Over""}, {""event_id"": ""32640"", ""market"": ""player_receptions"", ""player"": ""Kayshon Boutte"", ""point"": ""2.5"", ""side"": ""Under""}]",448,5.0,,,,,lost,-5.0,2026-09-21T02:02:20Z,auto 2-leg independent product
2026-09-20T02:04:40Z,parlay,"32639,32643,32647",fanduel,"[{""event_id"": ""32643"", ""market"": ""player_receptions"", ""player"": ""Greg Dulcich"", ""point"": ""2.5"", ""side"": ""Over""}, {""event_id"": ""32639"", ""market"": ""player_reception_yds"", ""player"": ""Rashod Bateman"", ""point"": ""35.5"", ""side"": ""Under""}, {""event_id"": ""32647"", ""market"": ""player_receptions"", ""player"": ""Davante Adams"", ""point"": ""3.5"", ""side"": ""Under""}]",1051,5.0,,,,,lost,-5.0,2026-09-28T15:30:34Z,auto 3-leg independent product
2026-09-20T02:04:40Z,parlay,"32639,32641",draftkings,"[{""event_id"": ""32639"", ""market"": ""player_receptions"", ""player"": ""Devaughn Vele"", ""point"": ""3.5"", ""side"": ""Over""}, {""event_id"": ""32641"", ""market"": ""player_rush_attempts"", ""player"": ""J.K. Dobbins"", ""point"": ""13.5"", ""side"": ""Over""}]",263,5.0,,,,,lost,-5.0,2026-09-21T02:02:20Z,auto 2-leg independent product
2026-09-20T02:04:40Z,parlay,"32638,32643",draftkings,"[{""event_id"": ""32643"", ""market"": ""player_receptions"", ""player"": ""Malik Washington"", ""point"": ""3.5"", ""side"": ""Over""}, {""event_id"": ""32638"", ""market"": ""player_rush_attempts"", ""player"": ""Drake Maye"", ""point"": ""5.5"", ""side"": ""Over""}]",345,5.0,,,,,lost,-5.0,2026-09-21T02:02:20Z,auto 2-leg independent product
2026-09-20T02:04:40Z,parlay,"32639,32641,32643",draftkings,"[{""event_id"": ""32639"", ""market"": ""player_receptions"", ""player"": ""Devaughn Vele"", ""point"": ""3.5"", ""side"": ""Over""}, {""event_id"": ""32641"", ""market"": ""player_rush_attempts"", ""player"": ""J.K. Dobbins"", ""point"": ""13.5"", ""side"": ""Over""}, {""event_id"": ""32643"", ""market"": ""player_receptions"", ""player"": ""Malik Washington"", ""point"": ""3.5"", ""side"": ""Over""}]",659,5.0,,,,,lost,-5.0,2026-09-21T02:02:20Z,auto 3-leg independent product
2026-09-20T02:04:40Z,parlay,"32640,32643",bovada,"[{""event_id"": ""32640"", ""market"": ""player_reception_yds"", ""player"": ""Dalton Schultz"", ""point"": ""41.5"", ""side"": ""Under""}, {""event_id"": ""32643"", ""market"": ""player_receptions"", ""player"": ""Malik Washington"", ""point"": ""3.5"", ""side"": ""Over""}]",362,5.0,,,,,lost,-5.0,2026-09-28T15:30:34Z,auto 2-leg independent product
2026-09-20T02:04:40Z,parlay,"32635,32639",bovada,"[{""event_id"": ""32635"", ""market"": ""player_receptions"", ""player"": ""Jerry Jeudy"", ""point"": ""2.5"", ""side"": ""Under""}, {""event_id"": ""32639"", ""market"": ""player_receptions"", ""player"": ""Juwan Johnson"", ""point"": ""3.5"", ""side"": ""Over""}]",272,5.0,,,,,won,13.600000000000001,2026-09-21T02:02:20Z,auto 2-leg independent product
2026-09-20T02:04:40Z,parlay,"32637,32647",bovada,"[{""event_id"": ""32647"", ""market"": ""player_pass_attempts"", ""player"": ""Jaxson Dart"", ""point"": ""30.5"", ""side"": ""Under""}, {""event_id"": ""32637"", ""market"": ""player_pass_completions"", ""player"": ""Caleb Williams"", ""point"": ""19.5"", ""side"": ""Under""}]",300,5.0,,,,,won,15.0,2026-09-22T10:27:43Z,auto 2-leg independent product
2026-09-20T02:04:40Z,parlay,"32635,32640,32643",bovada,"[{""event_id"": ""32640"", ""market"": ""player_reception_yds"", ""player"": ""Dalton Schultz"", ""point"": ""41.5"", ""side"": ""Under""}, {""event_id"": ""32643"", ""market"": ""player_receptions"", ""player"": ""Malik Washington"", ""point"": ""3.5"", ""side"": ""Over""}, {""event_id"": ""32635"", ""market"": ""player_receptions"", ""player"": ""Jerry Jeudy"", ""point"": ""2.5"", ""side"": ""Under""}]",870,5.0,,,,,lost,-5.0,2026-09-28T15:30:34Z,auto 3-leg independent product
2026-09-20T02:04:40Z,parlay,"32638,32640,32641",fanatics,"[{""event_id"": ""32640"", ""market"": ""player_reception_yds"", ""player"": ""Ja'Marr Chase"", ""point"": ""75.5"", ""side"": ""Over""}, {""event_id"": ""32641"", ""market"": ""player_reception_yds"", ""player"": ""Pat Bryant"", ""point"": ""30.5"", ""side"": ""Under""}, {""event_id"": ""32638"", ""market"": ""player_reception_yds"", ""player"": ""Germie Bernard"", ""point"": ""15.5"", ""side"": ""Over""}]",612,5.0,,,,,lost,-5.0,2026-09-28T15:30:34Z,auto 3-leg independent product
2026-09-20T02:04:45Z,sgp,32644,draftkings,"[{""event_id"": ""32644"", ""market"": ""player_pass_completions"", ""player"": ""Jayden Daniels"", ""point"": ""19.5"", ""side"": ""Over""}, {""event_id"": ""32644"", ""market"": ""player_rush_attempts"", ""player"": ""Javonte Williams"", ""point"": ""17.5"", ""side"": ""Under""}]",226,5.0,,,0.9165,True,lost,-5.0,2026-09-21T02:02:20Z,auto independent_price=256
2026-09-20T02:05:05Z,sgp,32634,fanduel,"[{""event_id"": ""32634"", ""market"": ""player_receptions"", ""player"": ""Dallas Goedert"", ""point"": ""3.5"", ""side"": ""Under""}, {""event_id"": ""32634"", ""market"": ""player_receptions"", ""player"": ""Carnell Tate"", ""point"": ""3.5"", ""side"": ""Over""}]",212,5.0,,,0.9317,True,lost,-5.0,2026-09-21T02:02:20Z,auto independent_price=235
2026-09-20T02:05:08Z,sgp,32634,draftkings,"[{""event_id"": ""32634"", ""market"": ""player_receptions"", ""player"": ""Dallas Goedert"", ""point"": ""3.5"", ""side"": ""Under""}, {""event_id"": ""32634"", ""market"": ""player_receptions"", ""player"": ""Carnell Tate"", ""point"": ""3.5"", ""side"": ""Over""}]",248,5.0,,,0.9361,True,lost,-5.0,2026-09-21T02:02:20Z,auto independent_price=272
2026-09-20T02:05:11Z,sgp,32635,fanduel,"[{""event_id"": ""32635"", ""market"": ""player_receptions"", ""player"": ""Bucky Irving"", ""point"": ""2.5"", ""side"": ""Over""}, {""event_id"": ""32635"", ""market"": ""player_receptions"", ""player"": ""Jerry Jeudy"", ""point"": ""2.5"", ""side"": ""Under""}]",259,5.0,,,0.8866,True,won,12.95,2026-09-21T02:02:20Z,auto independent_price=305
2026-09-20T02:05:19Z,sgp,32635,draftkings,"[{""event_id"": ""32635"", ""market"": ""player_receptions"", ""player"": ""Bucky Irving"", ""point"": ""2.5"", ""side"": ""Over""}, {""event_id"": ""32635"", ""market"": ""player_receptions"", ""player"": ""Jerry Jeudy"", ""point"": ""2.5"", ""side"": ""Under""}]",250,5.0,,,0.9167,True,won,12.5,2026-09-21T02:02:20Z,auto independent_price=282
2026-09-20T10:15:43Z,straight,32633,kalshi,"[{""event_id"": ""32633"", ""market"": ""player_receptions"", ""player"": ""Jalen Coker"", ""point"": ""4.5"", ""side"": ""Over""}]",117,5.0,3.25,0.4758,,,won,5.85,2026-09-21T02:02:20Z,auto
2026-09-20T10:15:43Z,straight,32633,kalshi,"[{""event_id"": ""32633"", ""market"": ""player_receptions"", ""player"": ""Olamide Zaccheaus"", ""point"": ""1.5"", ""side"": ""Over""}]",133,5.0,5.97,0.4548,,,lost,-5.0,2026-09-21T02:02:20Z,auto
2026-09-20T10:15:43Z,straight,32633,underdog,"[{""event_id"": ""32633"", ""market"": ""player_rush_attempts"", ""player"": ""Chuba Hubbard"", ""point"": ""13.5"", ""side"": ""Over""}]",-105,5.0,4.72,0.5364,,,lost,-5.0,2026-09-21T02:02:20Z,auto
2026-09-20T10:15:43Z,straight,32635,kalshi,"[{""event_id"": ""32635"", ""market"": ""player_rush_yds"", ""player"": ""Quinshon Judkins"", ""point"": ""49.5"", ""side"": ""Over""}]",108,5.0,3.12,0.4958,,,lost,-5.0,2026-09-21T02:02:20Z,auto
2026-09-20T10:15:43Z,straight,32637,underdog,"[{""event_id"": ""32637"", ""market"": ""player_pass_completions"", ""player"": ""Caleb Williams"", ""point"": ""19.5"", ""side"": ""Under""}]",-103,5.0,6.9,0.5424,,,won,4.854368932038835,2026-09-21T02:02:20Z,auto
2026-09-20T10:15:43Z,straight,32637,kalshi,"[{""event_id"": ""32637"", ""market"": ""player_reception_yds"", ""player"": ""Jordan Addison"", ""point"": ""39.5"", ""side"": ""Under""}]",104,5.0,3.29,0.5063,,,won,5.2,2026-09-21T02:02:20Z,auto
2026-09-20T10:15:43Z,straight,32637,kalshi,"[{""event_id"": ""32637"", ""market"": ""player_reception_yds"", ""player"": ""Justin Jefferson"", ""point"": ""79.5"", ""side"": ""Under""}]",104,5.0,3.92,0.5094,,,won,5.2,2026-09-21T02:02:20Z,auto
2026-09-20T10:15:43Z,straight,32637,kalshi,"[{""event_id"": ""32637"", ""market"": ""player_receptions"", ""player"": ""Cole Kmet"", ""point"": ""1.5"", ""side"": ""Over""}]",104,5.0,3.29,0.5063,,,lost,-5.0,2026-09-21T02:02:20Z,auto
2026-09-20T10:15:43Z,straight,32637,draftkings,"[{""event_id"": ""32637"", ""market"": ""player_receptions"", ""player"": ""Justin Jefferson"", ""point"": ""6.5"", ""side"": ""Under""}]",-108,5.0,4.85,0.5444,,,won,4.62962962962963,2026-09-21T02:02:20Z,auto
2026-09-20T10:15:43Z,straight,32637,bovada,"[{""event_id"": ""32637"", ""market"": ""player_receptions"", ""player"": ""Justin Jefferson"", ""point"": ""6.5"", ""side"": ""Under""}]",-110,5.0,3.93,0.5444,,,won,4.545454545454546,2026-09-21T02:02:20Z,auto
2026-09-20T10:15:43Z,straight,32638,kalshi,"[{""event_id"": ""32638"", ""market"": ""player_receptions"", ""player"": ""DK Metcalf"", ""point"": ""4.5"", ""side"": ""Over""}]",108,5.0,4.88,0.5042,,,lost,-5.0,2026-09-21T02:02:20Z,auto
2026-09-20T10:15:43Z,straight,32638,kalshi,"[{""event_id"": ""32638"", ""market"": ""player_receptions"", ""player"": ""Darnell Washington"", ""point"": ""1.5"", ""side"": ""Over""}]",-122,5.0,3.77,0.5703,,,lost,-5.0,2026-09-21T02:02:20Z,auto
2026-09-20T10:15:43Z,straight,32640,draftkings,"[{""event_id"": ""32640"", ""market"": ""player_reception_yds"", ""player"": ""Dalton Schultz"", ""point"": ""42.5"", ""side"": ""Under""}]",-113,5.0,4.45,0.5541,,,lost,-5.0,2026-09-21T02:02:20Z,auto
2026-09-20T10:15:43Z,straight,32639,draftkings,"[{""event_id"": ""32639"", ""market"": ""player_receptions"", ""player"": ""Alvin Kamara"", ""point"": ""1.5"", ""side"": ""Under""}]",150,5.0,6.34,0.4253,,,lost,-5.0,2026-09-21T02:02:20Z,auto
2026-09-20T10:15:43Z,straight,32639,hardrock,"[{""event_id"": ""32639"", ""market"": ""player_receptions"", ""player"": ""Alvin Kamara"", ""point"": ""1.5"", ""side"": ""Under""}]",150,5.0,6.34,0.4253,,,lost,-5.0,2026-09-21T02:02:20Z,auto
2026-09-20T10:15:43Z,straight,32639,bovada,"[{""event_id"": ""32639"", ""market"": ""player_receptions"", ""player"": ""Alvin Kamara"", ""point"": ""1.5"", ""side"": ""Under""}]",150,5.0,6.34,0.4253,,,lost,-5.0,2026-09-21T02:02:20Z,auto
2026-09-20T10:15:43Z,straight,32639,kalshi,"[{""event_id"": ""32639"", ""market"": ""player_receptions"", ""player"": ""Noah Fant"", ""point"": ""1.5"", ""side"": ""Over""}]",-144,5.0,3.14,0.6087,,,void,0.0,2026-09-28T15:30:34Z,auto
2026-09-20T10:15:43Z,straight,32636,kalshi,"[{""event_id"": ""32636"", ""market"": ""player_receptions"", ""player"": ""Christian Watson"", ""point"": ""4.5"", ""side"": ""Over""}]",163,5.0,4.2,0.3962,,,lost,-5.0,2026-09-21T02:02:20Z,auto
2026-09-20T10:15:43Z,straight,32641,kalshi,"[{""event_id"": ""32641"", ""market"": ""player_reception_yds"", ""player"": ""Courtland Sutton"", ""point"": ""39.5"", ""side"": ""Over""}]",108,5.0,4.44,0.5021,,,lost,-5.0,2026-09-21T02:02:20Z,auto
2026-09-20T10:15:43Z,straight,32642,kalshi,"[{""event_id"": ""32642"", ""market"": ""player_receptions"", ""player"": ""Jalen Nailor"", ""point"": ""2.5"", ""side"": ""Over""}]",-117,5.0,3.51,0.5581,,,lost,-5.0,2026-09-21T02:02:20Z,auto
2026-09-20T10:15:43Z,straight,32645,kalshi,"[{""event_id"": ""32645"", ""market"": ""player_pass_tds"", ""player"": ""Jacoby Brissett"", ""point"": ""1.5"", ""side"": ""Over""}]",212,5.0,3.68,0.3323,,,lost,-5.0,2026-09-21T02:02:20Z,auto
2026-09-20T10:15:43Z,straight,32644,kalshi,"[{""event_id"": ""32644"", ""market"": ""player_receptions"", ""player"": ""Javonte Williams"", ""point"": ""2.5"", ""side"": ""Over""}]",113,5.0,4.25,0.4895,,,won,5.6499999999999995,2026-09-21T02:02:20Z,auto
2026-09-20T10:15:43Z,straight,32644,hardrock,"[{""event_id"": ""32644"", ""market"": ""player_rush_attempts"", ""player"": ""Javonte Williams"", ""point"": ""17.5"", ""side"": ""Under""}]",100,5.0,4.41,0.5221,,,won,5.0,2026-09-21T02:02:20Z,auto
2026-09-20T10:15:43Z,straight,32646,kalshi,"[{""event_id"": ""32646"", ""market"": ""player_receptions"", ""player"": ""Alec Pierce"", ""point"": ""2.5"", ""side"": ""Over""}]",-133,5.0,3.44,0.5904,,,lost,-5.0,2026-09-21T11:16:14Z,auto
2026-09-20T10:15:43Z,parlay,"32639,32640",bovada,"[{""event_id"": ""32640"", ""market"": ""player_reception_yds"", ""player"": ""Dalton Schultz"", ""point"": ""41.5"", ""side"": ""Under""}, {""event_id"": ""32639"", ""market"": ""player_receptions"", ""player"": ""Alvin Kamara"", ""point"": ""1.5"", ""side"": ""Under""}]",450,5.0,,,,,lost,-5.0,2026-09-28T15:30:34Z,auto 2-leg independent product
2026-09-20T10:15:43Z,parlay,"32635,32647",bovada,"[{""event_id"": ""32635"", ""market"": ""player_receptions"", ""player"": ""Jerry Jeudy"", ""point"": ""2.5"", ""side"": ""Under""}, {""event_id"": ""32647"", ""market"": ""player_pass_attempts"", ""player"": ""Jaxson Dart"", ""point"": ""30.5"", ""side"": ""Under""}]",320,5.0,,,,,won,16.0,2026-09-22T10:27:43Z,auto 2-leg independent product
2026-09-20T10:15:43Z,parlay,"32636,32644",bovada,"[{""event_id"": ""32636"", ""market"": ""player_receptions"", ""player"": ""Garrett Wilson"", ""point"": ""5.5"", ""side"": ""Under""}, {""event_id"": ""32644"", ""market"": ""player_pass_completions"", ""player"": ""Jayden Daniels"", ""point"": ""19.5"", ""side"": ""Over""}]",302,5.0,,,,,lost,-5.0,2026-09-21T02:02:20Z,auto 2-leg independent product
2026-09-20T10:15:43Z,parlay,"32635,32639,32640",bovada,"[{""event_id"": ""32640"", ""market"": ""player_reception_yds"", ""player"": ""Dalton Schultz"", ""point"": ""41.5"", ""side"": ""Under""}, {""event_id"": ""32639"", ""market"": ""player_receptions"", ""player"": ""Alvin Kamara"", ""point"": ""1.5"", ""side"": ""Under""}, {""event_id"": ""32635"", ""market"": ""player_receptions"", ""player"": ""Jerry Jeudy"", ""point"": ""2.5"", ""side"": ""Under""}]",1055,5.0,,,,,lost,-5.0,2026-09-28T15:30:34Z,auto 3-leg independent product
2026-09-20T10:15:43Z,parlay,"32637,32644",draftkings,"[{""event_id"": ""32637"", ""market"": ""player_receptions"", ""player"": ""Justin Jefferson"", ""point"": ""6.5"", ""side"": ""Under""}, {""event_id"": ""32644"", ""market"": ""player_pass_completions"", ""player"": ""Jayden Daniels"", ""point"": ""19.5"", ""side"": ""Over""}]",262,5.0,,,,,lost,-5.0,2026-09-21T02:02:20Z,auto 2-leg independent product
2026-09-20T10:15:43Z,parlay,"32638,32643",kalshi,"[{""event_id"": ""32638"", ""market"": ""player_receptions"", ""player"": ""Pat Freiermuth"", ""point"": ""3.5"", ""side"": ""Over""}, {""event_id"": ""32643"", ""market"": ""player_receptions"", ""player"": ""Mike Evans"", ""point"": ""3.5"", ""side"": ""Under""}]",415,5.0,,,,,won,20.75,2026-09-21T02:02:20Z,auto 2-leg independent product
2026-09-20T10:15:43Z,parlay,"32636,32640",kalshi,"[{""event_id"": ""32640"", ""market"": ""player_receptions"", ""player"": ""Kayshon Boutte"", ""point"": ""2.5"", ""side"": ""Under""}, {""event_id"": ""32636"", ""market"": ""player_receptions"", ""player"": ""MarShawn Lloyd"", ""point"": ""1.5"", ""side"": ""Over""}]",526,5.0,,,,,lost,-5.0,2026-09-21T02:02:20Z,auto 2-leg independent product
2026-09-20T10:15:43Z,parlay,"32637,32639",kalshi,"[{""event_id"": ""32639"", ""market"": ""player_pass_tds"", ""player"": ""Tyler Shough"", ""point"": ""1.5"", ""side"": ""Over""}, {""event_id"": ""32637"", ""market"": ""player_receptions"", ""player"": ""D'Andre Swift"", ""point"": ""1.5"", ""side"": ""Over""}]",501,5.0,,,,,lost,-5.0,2026-09-21T02:02:20Z,auto 2-leg independent product
2026-09-20T10:15:43Z,parlay,"32638,32640,32643",kalshi,"[{""event_id"": ""32638"", ""market"": ""player_receptions"", ""player"": ""Pat Freiermuth"", ""point"": ""3.5"", ""side"": ""Over""}, {""event_id"": ""32643"", ""market"": ""player_receptions"", ""player"": ""Mike Evans"", ""point"": ""3.5"", ""side"": ""Under""}, {""event_id"": ""32640"", ""market"": ""player_receptions"", ""player"": ""Kayshon Boutte"", ""point"": ""2.5"", ""side"": ""Under""}]",1126,5.0,,,,,lost,-5.0,2026-09-21T02:02:20Z,auto 3-leg independent product
2026-09-20T10:15:43Z,parlay,"32637,32644",underdog,"[{""event_id"": ""32637"", ""market"": ""player_pass_completions"", ""player"": ""Caleb Williams"", ""point"": ""19.5"", ""side"": ""Under""}, {""event_id"": ""32644"", ""market"": ""player_pass_completions"", ""player"": ""Jayden Daniels"", ""point"": ""19.5"", ""side"": ""Over""}]",273,5.0,,,,,lost,-5.0,2026-09-21T02:02:20Z,auto 2-leg independent product
2026-09-20T10:15:43Z,parlay,"32633,32641",underdog,"[{""event_id"": ""32641"", ""market"": ""player_rush_attempts"", ""player"": ""J.K. Dobbins"", ""point"": ""13.5"", ""side"": ""Over""}, {""event_id"": ""32633"", ""market"": ""player_rush_attempts"", ""player"": ""Chuba Hubbard"", ""point"": ""13.5"", ""side"": ""Over""}]",287,5.0,,,,,lost,-5.0,2026-09-21T02:02:20Z,auto 2-leg independent product
2026-09-20T10:15:43Z,parlay,"32637,32639,32640",underdog,"[{""event_id"": ""32639"", ""market"": ""player_reception_yds"", ""player"": ""Rashod Bateman"", ""point"": ""35.5"", ""side"": ""Under""}, {""event_id"": ""32640"", ""market"": ""player_rush_attempts"", ""player"": ""Chase Brown"", ""point"": ""14.5"", ""side"": ""Over""}, {""event_id"": ""32637"", ""market"": ""player_pass_completions"", ""player"": ""Caleb Williams"", ""point"": ""19.5"", ""side"": ""Under""}]",646,5.0,,,,,lost,-5.0,2026-09-28T15:30:34Z,auto 3-leg independent product
2026-09-20T10:15:43Z,parlay,"32635,32639",hardrock,"[{""event_id"": ""32639"", ""market"": ""player_receptions"", ""player"": ""Alvin Kamara"", ""point"": ""1.5"", ""side"": ""Under""}, {""event_id"": ""32635"", ""market"": ""player_receptions"", ""player"": ""Jalen McMillan"", ""point"": ""2.5"", ""side"": ""Under""}]",317,5.0,,,,,lost,-5.0,2026-09-21T02:02:20Z,auto 2-leg independent product
2026-09-20T10:15:43Z,parlay,"32637,32639,32643",hardrock,"[{""event_id"": ""32643"", ""market"": ""player_field_goals_made"", ""player"": ""Eddy Pineiro"", ""point"": ""1.5"", ""side"": ""Under""}, {""event_id"": ""32637"", ""market"": ""player_receptions"", ""player"": ""Jordan Addison"", ""point"": ""2.5"", ""side"": ""Under""}, {""event_id"": ""32639"", ""market"": ""player_receptions"", ""player"": ""Alvin Kamara"", ""point"": ""1.5"", ""side"": ""Under""}]",1302,5.0,,,,,lost,-5.0,2026-09-21T02:02:20Z,auto 3-leg independent product
2026-09-20T10:15:43Z,parlay,"32633,32638",fanduel,"[{""event_id"": ""32638"", ""market"": ""player_receptions"", ""player"": ""Pat Freiermuth"", ""point"": ""3.5"", ""side"": ""Over""}, {""event_id"": ""32633"", ""market"": ""player_rush_yds"", ""player"": ""Cooper Rush"", ""point"": ""0.5"", ""side"": ""Over""}]",424,5.0,,,,,won,21.200000000000003,2026-09-21T02:02:20Z,auto 2-leg independent product
2026-09-20T10:15:43Z,parlay,"32636,32647",fanduel,"[{""event_id"": ""32647"", ""market"": ""player_receptions"", ""player"": ""Davante Adams"", ""point"": ""3.5"", ""side"": ""Under""}, {""event_id"": ""32636"", ""market"": ""player_receptions"", ""player"": ""Garrett Wilson"", ""point"": ""5.5"", ""side"": ""Under""}]",455,5.0,,,,,lost,-5.0,2026-09-22T10:27:43Z,auto 2-leg independent product
2026-09-20T10:15:43Z,parlay,"32638,32639,32643",fanduel,"[{""event_id"": ""32643"", ""market"": ""player_receptions"", ""player"": ""Greg Dulcich"", ""point"": ""2.5"", ""side"": ""Over""}, {""event_id"": ""32639"", ""market"": ""player_reception_yds"", ""player"": ""Rashod Bateman"", ""point"": ""35.5"", ""side"": ""Under""}, {""event_id"": ""32638"", ""market"": ""player_receptions"", ""player"": ""Pat Freiermuth"", ""point"": ""3.5"", ""side"": ""Over""}]",875,5.0,,,,,lost,-5.0,2026-09-28T15:30:34Z,auto 3-leg independent product
2026-09-20T10:15:47Z,sgp,32637,draftkings,"[{""event_id"": ""32637"", ""market"": ""player_pass_completions"", ""player"": ""Caleb Williams"", ""point"": ""19.5"", ""side"": ""Under""}, {""event_id"": ""32637"", ""market"": ""player_receptions"", ""player"": ""D'Andre Swift"", ""point"": ""1.5"", ""side"": ""Over""}]",272,5.0,,,1.1301,True,won,13.600000000000001,2026-09-21T02:02:20Z,auto independent_price=229
2026-09-20T10:15:51Z,sgp,32643,fanduel,"[{""event_id"": ""32643"", ""market"": ""player_receptions"", ""player"": ""Greg Dulcich"", ""point"": ""2.5"", ""side"": ""Over""}, {""event_id"": ""32643"", ""market"": ""player_receptions"", ""player"": ""Mike Evans"", ""point"": ""3.5"", ""side"": ""Under""}]",291,5.0,,,0.8742,True,lost,-5.0,2026-09-21T02:02:20Z,auto independent_price=348
2026-09-20T10:15:52Z,sgp,32643,draftkings,"[{""event_id"": ""32643"", ""market"": ""player_receptions"", ""player"": ""Greg Dulcich"", ""point"": ""2.5"", ""side"": ""Over""}, {""event_id"": ""32643"", ""market"": ""player_receptions"", ""player"": ""Mike Evans"", ""point"": ""3.5"", ""side"": ""Under""}]",305,5.0,,,0.9457,True,lost,-5.0,2026-09-21T02:02:20Z,auto independent_price=328
2026-09-20T10:15:57Z,sgp,32633,fanduel,"[{""event_id"": ""32633"", ""market"": ""player_receptions"", ""player"": ""Olamide Zaccheaus"", ""point"": ""1.5"", ""side"": ""Over""}, {""event_id"": ""32633"", ""market"": ""player_rush_yds"", ""player"": ""Cooper Rush"", ""point"": ""0.5"", ""side"": ""Over""}]",311,5.0,,,0.8542,True,lost,-5.0,2026-09-21T02:02:20Z,auto independent_price=381
2026-09-20T10:15:58Z,sgp,32633,draftkings,"[{""event_id"": ""32633"", ""market"": ""player_receptions"", ""player"": ""Olamide Zaccheaus"", ""point"": ""1.5"", ""side"": ""Over""}, {""event_id"": ""32633"", ""market"": ""player_rush_yds"", ""player"": ""Cooper Rush"", ""point"": ""0.5"", ""side"": ""Over""}]",395,5.0,,,0.9566,True,lost,-5.0,2026-09-21T02:02:20Z,auto independent_price=417
2026-09-20T10:16:00Z,sgp,32638,fanduel,"[{""event_id"": ""32638"", ""market"": ""player_receptions"", ""player"": ""Pat Freiermuth"", ""point"": ""3.5"", ""side"": ""Over""}, {""event_id"": ""32638"", ""market"": ""player_receptions"", ""player"": ""TreVeyon Henderson"", ""point"": ""1.5"", ""side"": ""Over""}]",282,5.0,,,0.8921,True,won,6.099999999999999,2026-09-28T15:30:34Z,auto independent_price=328 reduced=1/2 legs
2026-09-20T10:16:06Z,sgp,32638,draftkings,"[{""event_id"": ""32638"", ""market"": ""player_receptions"", ""player"": ""Pat Freiermuth"", ""point"": ""3.5"", ""side"": ""Over""}, {""event_id"": ""32638"", ""market"": ""player_receptions"", ""player"": ""TreVeyon Henderson"", ""point"": ""1.5"", ""side"": ""Over""}]",298,5.0,,,0.9523,True,won,5.85,2026-09-28T15:30:34Z,auto independent_price=318 reduced=1/2 legs
2026-09-20T10:16:10Z,sgp,32641,draftkings,"[{""event_id"": ""32641"", ""market"": ""player_rush_attempts"", ""player"": ""J.K. Dobbins"", ""point"": ""13.5"", ""side"": ""Over""}, {""event_id"": ""32641"", ""market"": ""player_reception_yds"", ""player"": ""Courtland Sutton"", ""point"": ""39.5"", ""side"": ""Over""}]",264,5.0,,,1.0012,True,lost,-5.0,2026-09-21T02:02:20Z,auto independent_price=264
2026-09-20T15:03:54Z,straight,32634,hardrock,"[{""event_id"": ""32634"", ""market"": ""player_receptions"", ""player"": ""Saquon Barkley"", ""point"": ""2.5"", ""side"": ""Under""}]",-170,5.0,3.81,0.6536,,,won,2.941176470588236,2026-09-21T02:02:20Z,auto
2026-09-20T15:03:54Z,straight,32635,kalshi,"[{""event_id"": ""32635"", ""market"": ""player_receptions"", ""player"": ""Jalen McMillan"", ""point"": ""2.5"", ""side"": ""Over""}]",233,5.0,9.31,0.3282,,,void,0.0,2026-09-28T15:30:34Z,auto
2026-09-20T15:03:54Z,straight,32635,fanduel,"[{""event_id"": ""32635"", ""market"": ""player_rush_yds"", ""player"": ""Baker Mayfield"", ""point"": ""15.5"", ""side"": ""Over""}]",-113,5.0,3.14,0.5472,,,won,4.424778761061948,2026-09-21T02:02:20Z,auto
2026-09-20T15:03:54Z,straight,32637,fanduel,"[{""event_id"": ""32637"", ""market"": ""player_reception_yds"", ""player"": ""Colston Loveland"", ""point"": ""48.5"", ""side"": ""Over""}]",-113,5.0,4.45,0.5541,,,lost,-5.0,2026-09-28T15:30:34Z,auto
2026-09-20T15:03:54Z,straight,32637,kalshi,"[{""event_id"": ""32637"", ""market"": ""player_receptions"", ""player"": ""Colston Loveland"", ""point"": ""4.5"", ""side"": ""Over""}]",117,5.0,4.52,0.4817,,,lost,-5.0,2026-09-21T02:02:20Z,auto
2026-09-20T15:03:54Z,straight,32637,draftkings,"[{""event_id"": ""32637"", ""market"": ""player_rush_yds"", ""player"": ""Caleb Williams"", ""point"": ""27.5"", ""side"": ""Under""}]",-116,5.0,3.11,0.5537,,,lost,-5.0,2026-09-21T02:02:20Z,auto
2026-09-20T15:03:54Z,straight,32638,hardrock,"[{""event_id"": ""32638"", ""market"": ""player_rush_attempts"", ""player"": ""Drake Maye"", ""point"": ""5.5"", ""side"": ""Over""}]",110,5.0,3.64,0.4935,,,lost,-5.0,2026-09-21T02:02:20Z,auto
2026-09-20T15:03:54Z,straight,32640,draftkings,"[{""event_id"": ""32640"", ""market"": ""player_reception_yds"", ""player"": ""Dalton Schultz"", ""point"": ""43.5"", ""side"": ""Under""}]",-111,5.0,5.34,0.5541,,,lost,-5.0,2026-09-28T15:30:34Z,auto
2026-09-20T15:03:54Z,straight,32640,underdog,"[{""event_id"": ""32640"", ""market"": ""player_reception_yds"", ""player"": ""Xavier Hutchinson"", ""point"": ""31.5"", ""side"": ""Over""}]",-112,5.0,3.45,0.5465,,,won,4.4642857142857135,2026-09-21T02:02:20Z,auto
2026-09-20T15:03:54Z,straight,32640,fanduel,"[{""event_id"": ""32640"", ""market"": ""player_reception_yds"", ""player"": ""Xavier Hutchinson"", ""point"": ""31.5"", ""side"": ""Over""}]",-113,5.0,3.02,0.5465,,,won,4.424778761061948,2026-09-21T02:02:20Z,auto
2026-09-20T15:03:54Z,straight,32640,kalshi,"[{""event_id"": ""32640"", ""market"": ""player_receptions"", ""player"": ""Chase Brown"", ""point"": ""3.5"", ""side"": ""Over""}]",104,5.0,3.77,0.5087,,,lost,-5.0,2026-09-21T02:02:20Z,auto
2026-09-20T15:03:54Z,straight,32640,kalshi,"[{""event_id"": ""32640"", ""market"": ""player_receptions"", ""player"": ""Drew Sample"", ""point"": ""1.5"", ""side"": ""Over""}]",150,5.0,4.21,0.4168,,,void,0.0,2026-09-28T15:30:34Z,auto
2026-09-20T15:03:54Z,straight,32640,kalshi,"[{""event_id"": ""32640"", ""market"": ""player_receptions"", ""player"": ""Samaje Perine"", ""point"": ""1.5"", ""side"": ""Over""}]",163,5.0,9.63,0.4168,,,lost,-5.0,2026-09-21T02:02:20Z,auto
2026-09-20T15:03:54Z,straight,32639,bovada,"[{""event_id"": ""32639"", ""market"": ""player_reception_yds"", ""player"": ""Devaughn Vele"", ""point"": ""39.5"", ""side"": ""Under""}]",115,5.0,4.41,0.4856,,,lost,-5.0,2026-09-21T02:02:20Z,auto
2026-09-20T15:03:54Z,straight,32636,kalshi,"[{""event_id"": ""32636"", ""market"": ""player_receptions"", ""player"": ""Isaiah Williams"", ""point"": ""1.5"", ""side"": ""Over""}]",108,5.0,7.16,0.5152,,,won,5.4,2026-09-21T02:02:20Z,auto
2026-09-20T15:03:54Z,straight,32636,bovada,"[{""event_id"": ""32636"", ""market"": ""player_receptions"", ""player"": ""Isaiah Williams"", ""point"": ""1.5"", ""side"": ""Over""}]",105,5.0,5.61,0.5152,,,won,5.249999999999999,2026-09-21T02:02:20Z,auto
2026-09-20T15:03:54Z,straight,32636,draftkings,"[{""event_id"": ""32636"", ""market"": ""player_receptions"", ""player"": ""Isaiah Williams"", ""point"": ""1.5"", ""side"": ""Over""}]",104,5.0,5.1,0.5152,,,won,5.2,2026-09-21T02:02:20Z,auto
2026-09-20T15:03:54Z,straight,32641,kalshi,"[{""event_id"": ""32641"", ""market"": ""player_reception_yds"", ""player"": ""Parker Washington"", ""point"": ""59.5"", ""side"": ""Under""}]",108,5.0,4.0,0.5,,,lost,-5.0,2026-09-21T02:02:20Z,auto
2026-09-20T15:03:54Z,straight,32642,kalshi,"[{""event_id"": ""32642"", ""market"": ""player_receptions"", ""player"": ""Tre' Harris"", ""point"": ""3.5"", ""side"": ""Over""}]",156,5.0,4.07,0.4065,,,lost,-5.0,2026-09-21T02:02:20Z,auto
2026-09-20T15:03:54Z,straight,32645,draftkings,"[{""event_id"": ""32645"", ""market"": ""player_pass_completions"", ""player"": ""Jacoby Brissett"", ""point"": ""21.5"", ""side"": ""Over""}]",-103,5.0,3.01,0.5227,,,lost,-5.0,2026-09-21T02:02:20Z,auto
2026-09-20T15:03:54Z,straight,32645,kalshi,"[{""event_id"": ""32645"", ""market"": ""player_receptions"", ""player"": ""Kendrick Bourne"", ""point"": ""2.5"", ""side"": ""Over""}]",-113,5.0,4.02,0.5518,,,lost,-5.0,2026-09-21T02:02:20Z,auto
2026-09-20T15:03:54Z,straight,32643,kalshi,"[{""event_id"": ""32643"", ""market"": ""player_receptions"", ""player"": ""Christian McCaffrey"", ""point"": ""4.5"", ""side"": ""Over""}]",-108,5.0,3.68,0.5383,,,lost,-5.0,2026-09-21T02:02:20Z,auto
2026-09-20T15:03:54Z,straight,32647,fanduel,"[{""event_id"": ""32647"", ""market"": ""player_reception_yds"", ""player"": ""Odell Beckham Jr."", ""point"": ""6.5"", ""side"": ""Over""}]",112,5.0,3.85,0.4899,,,void,0.0,2026-09-28T15:30:34Z,auto
2026-09-20T15:03:54Z,straight,32647,kalshi,"[{""event_id"": ""32647"", ""market"": ""player_receptions"", ""player"": ""Davante Adams"", ""point"": ""3.5"", ""side"": ""Over""}]",-163,5.0,4.81,0.6496,,,won,3.067484662576687,2026-09-22T10:27:44Z,auto
2026-09-20T15:03:54Z,parlay,"32635,32640",kalshi,"[{""event_id"": ""32640"", ""market"": ""player_receptions"", ""player"": ""Samaje Perine"", ""point"": ""1.5"", ""side"": ""Over""}, {""event_id"": ""32635"", ""market"": ""player_receptions"", ""player"": ""Jalen McMillan"", ""point"": ""2.5"", ""side"": ""Over""}]",776,5.0,,,,,lost,-5.0,2026-09-21T02:02:20Z,auto 2-leg independent product
2026-09-20T15:03:54Z,parlay,"32636,32639",kalshi,"[{""event_id"": ""32636"", ""market"": ""player_receptions"", ""player"": ""Isaiah Williams"", ""point"": ""1.5"", ""side"": ""Over""}, {""event_id"": ""32639"", ""market"": ""player_pass_tds"", ""player"": ""Tyler Shough"", ""point"": ""1.5"", ""side"": ""Over""}]",549,5.0,,,,,lost,-5.0,2026-09-21T02:02:20Z,auto 2-leg independent product
2026-09-20T15:03:54Z,parlay,"32635,32638,32640",kalshi,"[{""event_id"": ""32640"", ""market"": ""player_receptions"", ""player"": ""Samaje Perine"", ""point"": ""1.5"", ""side"": ""Over""}, {""event_id"": ""32635"", ""market"": ""player_receptions"", ""player"": ""Jalen McMillan"", ""point"": ""2.5"", ""side"": ""Over""}, {""event_id"": ""32638"", ""market"": ""player_receptions"", ""player"": ""Pat Freiermuth"", ""point"": ""3.5"", ""side"": ""Over""}]",1888,5.0,,,,,lost,-5.0,2026-09-21T02:02:20Z,auto 3-leg independent product
2026-09-20T15:03:54Z,parlay,"32640,32643",draftkings,"[{""event_id"": ""32643"", ""market"": ""player_receptions"", ""player"": ""Malik Washington"", ""point"": ""3.5"", ""side"": ""Over""}, {""event_id"": ""32640"", ""market"": ""player_reception_yds"", ""player"": ""Dalton Schultz"", ""point"": ""43.5"", ""side"": ""Under""}]",297,5.0,,,,,lost,-5.0,2026-09-28T15:30:34Z,auto 2-leg independent product
2026-09-20T15:03:54Z,parlay,"32636,32637",draftkings,"[{""event_id"": ""32636"", ""market"": ""player_receptions"", ""player"": ""Isaiah Williams"", ""point"": ""1.5"", ""side"": ""Over""}, {""event_id"": ""32637"", ""market"": ""player_receptions"", ""player"": ""Justin Jefferson"", ""point"": ""6.5"", ""side"": ""Under""}]",293,5.0,,,,,won,14.65,2026-09-21T02:02:20Z,auto 2-leg independent product
2026-09-20T15:03:54Z,parlay,"32635,32636",bovada,"[{""event_id"": ""32636"", ""market"": ""player_receptions"", ""player"": ""Isaiah Williams"", ""point"": ""1.5"", ""side"": ""Over""}, {""event_id"": ""32635"", ""market"": ""player_receptions"", ""player"": ""Jerry Jeudy"", ""point"": ""2.5"", ""side"": ""Under""}]",330,5.0,,,,,won,16.5,2026-09-21T02:02:20Z,auto 2-leg independent product
2026-09-20T15:03:54Z,parlay,"32644,32647",bovada,"[{""event_id"": ""32647"", ""market"": ""player_pass_attempts"", ""player"": ""Jaxson Dart"", ""point"": ""30.5"", ""side"": ""Under""}, {""event_id"": ""32644"", ""market"": ""player_pass_completions"", ""player"": ""Jayden Daniels"", ""point"": ""19.5"", ""side"": ""Over""}]",274,5.0,,,,,lost,-5.0,2026-09-22T10:27:44Z,auto 2-leg independent product
2026-09-20T15:03:54Z,parlay,"32636,32639,32640",bovada,"[{""event_id"": ""32640"", ""market"": ""player_reception_yds"", ""player"": ""Dalton Schultz"", ""point"": ""41.5"", ""side"": ""Under""}, {""event_id"": ""32639"", ""market"": ""player_receptions"", ""player"": ""Alvin Kamara"", ""point"": ""1.5"", ""side"": ""Under""}, {""event_id"": ""32636"", ""market"": ""player_receptions"", ""player"": ""Isaiah Williams"", ""point"": ""1.5"", ""side"": ""Over""}]",1027,5.0,,,,,lost,-5.0,2026-09-28T15:30:34Z,auto 3-leg independent product
2026-09-20T15:03:56Z,sgp,32636,fanduel,"[{""event_id"": ""32636"", ""market"": ""player_receptions"", ""player"": ""Isaiah Williams"", ""point"": ""1.5"", ""side"": ""Over""}, {""event_id"": ""32636"", ""market"": ""player_receptions"", ""player"": ""MarShawn Lloyd"", ""point"": ""1.5"", ""side"": ""Over""}]",306,5.0,,,0.8916,True,won,15.300000000000002,2026-09-21T02:02:20Z,auto independent_price=355
2026-09-20T15:03:58Z,sgp,32636,draftkings,"[{""event_id"": ""32636"", ""market"": ""player_receptions"", ""player"": ""Isaiah Williams"", ""point"": ""1.5"", ""side"": ""Over""}, {""event_id"": ""32636"", ""market"": ""player_receptions"", ""player"": ""MarShawn Lloyd"", ""point"": ""1.5"", ""side"": ""Over""}]",355,5.0,,,0.9332,True,won,17.75,2026-09-21T02:02:20Z,auto independent_price=388
2026-09-20T15:04:02Z,sgp,32635,fanduel,"[{""event_id"": ""32635"", ""market"": ""player_receptions"", ""player"": ""Jalen McMillan"", ""point"": ""2.5"", ""side"": ""Over""}, {""event_id"": ""32635"", ""market"": ""player_receptions"", ""player"": ""Bucky Irving"", ""point"": ""2.5"", ""side"": ""Over""}]",462,5.0,,,0.8653,True,won,5.800000000000001,2026-09-28T15:30:34Z,auto independent_price=550 reduced=1/2 legs
2026-09-20T15:04:04Z,sgp,32635,draftkings,"[{""event_id"": ""32635"", ""market"": ""player_receptions"", ""player"": ""Jalen McMillan"", ""point"": ""2.5"", ""side"": ""Over""}, {""event_id"": ""32635"", ""market"": ""player_receptions"", ""player"": ""Bucky Irving"", ""point"": ""2.5"", ""side"": ""Over""}]",415,5.0,,,0.8972,True,won,6.346805717910218,2026-09-28T15:30:34Z,auto independent_price=474 reduced=1/2 legs
2026-09-20T15:04:10Z,sgp,32638,fanduel,"[{""event_id"": ""32638"", ""market"": ""player_receptions"", ""player"": ""Pat Freiermuth"", ""point"": ""3.5"", ""side"": ""Over""}, {""event_id"": ""32638"", ""market"": ""player_receptions"", ""player"": ""DK Metcalf"", ""point"": ""4.5"", ""side"": ""Over""}]",234,5.0,,,0.8512,True,lost,-5.0,2026-09-21T02:02:20Z,auto independent_price=293
2026-09-20T15:04:14Z,sgp,32638,draftkings,"[{""event_id"": ""32638"", ""market"": ""player_receptions"", ""player"": ""Pat Freiermuth"", ""point"": ""3.5"", ""side"": ""Over""}, {""event_id"": ""32638"", ""market"": ""player_receptions"", ""player"": ""DK Metcalf"", ""point"": ""4.5"", ""side"": ""Over""}]",256,5.0,,,0.9205,True,lost,-5.0,2026-09-21T02:02:20Z,auto independent_price=287
2026-09-20T15:04:18Z,sgp,32640,draftkings,"[{""event_id"": ""32640"", ""market"": ""player_receptions"", ""player"": ""Samaje Perine"", ""point"": ""1.5"", ""side"": ""Over""}, {""event_id"": ""32640"", ""market"": ""player_rush_attempts"", ""player"": ""Chase Brown"", ""point"": ""14.5"", ""side"": ""Over""}]",360,5.0,,,0.969,True,lost,-5.0,2026-09-21T02:02:20Z,auto independent_price=375
2026-09-20T15:04:20Z,sgp,32645,fanduel,"[{""event_id"": ""32645"", ""market"": ""player_receptions"", ""player"": ""Cooper Kupp"", ""point"": ""2.5"", ""side"": ""Over""}, {""event_id"": ""32645"", ""market"": ""player_receptions"", ""player"": ""Kendrick Bourne"", ""point"": ""2.5"", ""side"": ""Over""}]",270,5.0,,,0.9343,True,lost,-5.0,2026-09-21T02:02:20Z,auto independent_price=296
2026-09-20T15:04:22Z,sgp,32645,draftkings,"[{""event_id"": ""32645"", ""market"": ""player_receptions"", ""player"": ""Cooper Kupp"", ""point"": ""2.5"", ""side"": ""Over""}, {""event_id"": ""32645"", ""market"": ""player_receptions"", ""player"": ""Kendrick Bourne"", ""point"": ""2.5"", ""side"": ""Over""}]",300,5.0,,,0.9463,True,lost,-5.0,2026-09-21T02:02:20Z,auto independent_price=323
2026-09-20T19:59:23Z,straight,32641,bovada,"[{""event_id"": ""32641"", ""market"": ""player_receptions"", ""player"": ""Pat Bryant"", ""point"": ""3.5"", ""side"": ""Under""}]",-135,5.0,3.13,0.5924,,,won,3.7037037037037033,2026-09-21T02:02:20Z,auto
2026-09-20T19:59:23Z,straight,32642,draftkings,"[{""event_id"": ""32642"", ""market"": ""player_receptions"", ""player"": ""David Njoku"", ""point"": ""2.5"", ""side"": ""Under""}]",111,5.0,4.59,0.4957,,,won,5.550000000000002,2026-09-21T02:02:20Z,auto
2026-09-20T19:59:23Z,straight,32642,bovada,"[{""event_id"": ""32642"", ""market"": ""player_receptions"", ""player"": ""David Njoku"", ""point"": ""2.5"", ""side"": ""Under""}]",110,5.0,4.09,0.4957,,,won,5.5,2026-09-21T02:02:20Z,auto
2026-09-20T19:59:23Z,straight,32642,hardrock,"[{""event_id"": ""32642"", ""market"": ""player_receptions"", ""player"": ""Ladd McConkey"", ""point"": ""3.5"", ""side"": ""Under""}]",125,5.0,4.15,0.4629,,,won,6.25,2026-09-21T02:02:20Z,auto
2026-09-20T19:59:23Z,straight,32642,underdog,"[{""event_id"": ""32642"", ""market"": ""player_rush_yds"", ""player"": ""Ashton Jeanty"", ""point"": ""62.5"", ""side"": ""Over""}]",-112,5.0,4.45,0.5518,,,lost,-5.0,2026-09-21T02:02:20Z,auto
2026-09-20T19:59:23Z,straight,32645,bovada,"[{""event_id"": ""32645"", ""market"": ""player_reception_yds"", ""player"": ""Trey McBride"", ""point"": ""60.5"", ""side"": ""Under""}]",110,5.0,3.64,0.4935,,,won,5.5,2026-09-21T02:02:20Z,auto
2026-09-20T19:59:23Z,straight,32645,bovada,"[{""event_id"": ""32645"", ""market"": ""player_receptions"", ""player"": ""Marvin Harrison Jr."", ""point"": ""3.5"", ""side"": ""Under""}]",-135,5.0,3.43,0.5942,,,won,3.7037037037037033,2026-09-21T02:02:20Z,auto
2026-09-20T19:59:23Z,straight,32645,kalshi,"[{""event_id"": ""32645"", ""market"": ""player_receptions"", ""player"": ""Rashid Shaheed"", ""point"": ""2.5"", ""side"": ""Over""}]",186,5.0,6.21,0.3714,,,won,9.3,2026-09-21T02:02:20Z,auto
2026-09-20T19:59:23Z,straight,32644,bovada,"[{""event_id"": ""32644"", ""market"": ""player_receptions"", ""player"": ""Terry McLaurin"", ""point"": ""4.5"", ""side"": ""Under""}]",-130,5.0,3.35,0.5841,,,won,3.846153846153846,2026-09-21T02:02:20Z,auto
2026-09-20T19:59:23Z,straight,32643,draftkings,"[{""event_id"": ""32643"", ""market"": ""player_rush_attempts"", ""player"": ""De'Von Achane"", ""point"": ""14.5"", ""side"": ""Under""}]",-117,5.0,5.24,0.5674,,,lost,-5.0,2026-09-21T02:02:20Z,auto
2026-09-20T19:59:23Z,straight,32643,underdog,"[{""event_id"": ""32643"", ""market"": ""player_rush_attempts"", ""player"": ""De'Von Achane"", ""point"": ""14.5"", ""side"": ""Under""}]",-120,5.0,4.02,0.5674,,,lost,-5.0,2026-09-21T02:02:20Z,auto
2026-09-20T19:59:23Z,straight,32646,bovada,"[{""event_id"": ""32646"", ""market"": ""player_receptions"", ""player"": ""Rashee Rice"", ""point"": ""4.5"", ""side"": ""Under""}]",110,5.0,4.09,0.4957,,,won,5.5,2026-09-21T11:16:14Z,auto
2026-09-20T19:59:23Z,straight,32646,draftkings,"[{""event_id"": ""32646"", ""market"": ""player_receptions"", ""player"": ""Rashee Rice"", ""point"": ""4.5"", ""side"": ""Under""}]",108,5.0,3.1,0.4957,,,won,5.4,2026-09-21T11:16:14Z,auto
2026-09-20T19:59:23Z,straight,32647,hardrock,"[{""event_id"": ""32647"", ""market"": ""player_receptions"", ""player"": ""Davante Adams"", ""point"": ""3.5"", ""side"": ""Under""}]",260,5.0,26.27,0.3508,,,lost,-5.0,2026-09-22T10:27:44Z,auto
2026-09-20T19:59:23Z,parlay,"32643,32647",kalshi,"[{""event_id"": ""32647"", ""market"": ""player_receptions"", ""player"": ""Davante Adams"", ""point"": ""3.5"", ""side"": ""Under""}, {""event_id"": ""32643"", ""market"": ""player_receptions"", ""player"": ""Mike Evans"", ""point"": ""3.5"", ""side"": ""Under""}]",656,5.0,,,,,lost,-5.0,2026-09-22T10:27:44Z,auto 2-leg independent product
2026-09-20T19:59:23Z,parlay,"32642,32645",kalshi,"[{""event_id"": ""32645"", ""market"": ""player_receptions"", ""player"": ""Rashid Shaheed"", ""point"": ""2.5"", ""side"": ""Over""}, {""event_id"": ""32642"", ""market"": ""player_pass_tds"", ""player"": ""Kirk Cousins"", ""point"": ""1.5"", ""side"": ""Over""}]",824,5.0,,,,,won,41.2,2026-09-21T02:02:20Z,auto 2-leg independent product
2026-09-20T19:59:23Z,parlay,"32641,32644",kalshi,"[{""event_id"": ""32641"", ""market"": ""player_reception_yds"", ""player"": ""Courtland Sutton"", ""point"": ""39.5"", ""side"": ""Over""}, {""event_id"": ""32644"", ""market"": ""player_receptions"", ""player"": ""Javonte Williams"", ""point"": ""2.5"", ""side"": ""Over""}]",343,5.0,,,,,lost,-5.0,2026-09-21T02:02:20Z,auto 2-leg independent product
2026-09-20T19:59:23Z,parlay,"32643,32645,32647",kalshi,"[{""event_id"": ""32647"", ""market"": ""player_receptions"", ""player"": ""Davante Adams"", ""point"": ""3.5"", ""side"": ""Under""}, {""event_id"": ""32643"", ""market"": ""player_receptions"", ""player"": ""Mike Evans"", ""point"": ""3.5"", ""side"": ""Under""}, {""event_id"": ""32645"", ""market"": ""player_receptions"", ""player"": ""Rashid Shaheed"", ""point"": ""2.5"", ""side"": ""Over""}]",2062,5.0,,,,,lost,-5.0,2026-09-22T10:27:44Z,auto 3-leg independent product
2026-09-20T19:59:23Z,parlay,"32642,32643",underdog,"[{""event_id"": ""32642"", ""market"": ""player_rush_yds"", ""player"": ""Ashton Jeanty"", ""point"": ""62.5"", ""side"": ""Over""}, {""event_id"": ""32643"", ""market"": ""player_rush_attempts"", ""player"": ""De'Von Achane"", ""point"": ""14.5"", ""side"": ""Under""}]",247,5.0,,,,,lost,-5.0,2026-09-21T02:02:20Z,auto 2-leg independent product
2026-09-20T19:59:23Z,parlay,"32641,32642,32644",underdog,"[{""event_id"": ""32644"", ""market"": ""player_pass_completions"", ""player"": ""Jayden Daniels"", ""point"": ""19.5"", ""side"": ""Over""}, {""event_id"": ""32641"", ""market"": ""player_rush_attempts"", ""player"": ""J.K. Dobbins"", ""point"": ""13.5"", ""side"": ""Over""}, {""event_id"": ""32642"", ""market"": ""player_rush_yds"", ""player"": ""Ashton Jeanty"", ""point"": ""62.5"", ""side"": ""Over""}]",610,5.0,,,,,lost,-5.0,2026-09-21T02:02:20Z,auto 3-leg independent product
2026-09-20T19:59:23Z,parlay,"32643,32647",hardrock,"[{""event_id"": ""32647"", ""market"": ""player_receptions"", ""player"": ""Davante Adams"", ""point"": ""3.5"", ""side"": ""Under""}, {""event_id"": ""32643"", ""market"": ""player_field_goals_made"", ""player"": ""Eddy Pineiro"", ""point"": ""1.5"", ""side"": ""Under""}]",692,5.0,,,,,lost,-5.0,2026-09-22T10:27:44Z,auto 2-leg independent product
2026-09-20T19:59:23Z,parlay,"32642,32643,32647",hardrock,"[{""event_id"": ""32647"", ""market"": ""player_receptions"", ""player"": ""Davante Adams"", ""point"": ""3.5"", ""side"": ""Under""}, {""event_id"": ""32643"", ""market"": ""player_field_goals_made"", ""player"": ""Eddy Pineiro"", ""point"": ""1.5"", ""side"": ""Under""}, {""event_id"": ""32642"", ""market"": ""player_receptions"", ""player"": ""Omarion Hampton"", ""point"": ""1.5"", ""side"": ""Under""}]",1959,5.0,,,,,lost,-5.0,2026-09-22T10:27:44Z,auto 3-leg independent product
2026-09-20T19:59:23Z,parlay,"32642,32646",bovada,"[{""event_id"": ""32642"", ""market"": ""player_receptions"", ""player"": ""David Njoku"", ""point"": ""2.5"", ""side"": ""Under""}, {""event_id"": ""32646"", ""market"": ""player_receptions"", ""player"": ""Rashee Rice"", ""point"": ""4.5"", ""side"": ""Under""}]",341,5.0,,,,,won,17.05,2026-09-21T11:16:14Z,auto 2-leg independent product
2026-09-20T19:59:23Z,parlay,"32641,32645",bovada,"[{""event_id"": ""32645"", ""market"": ""player_reception_yds"", ""player"": ""Trey McBride"", ""point"": ""60.5"", ""side"": ""Under""}, {""event_id"": ""32641"", ""market"": ""player_pass_tds"", ""player"": ""Bo Nix"", ""point"": ""1.5"", ""side"": ""Under""}]",285,5.0,,,,,won,14.25,2026-09-21T02:02:20Z,auto 2-leg independent product
2026-09-20T19:59:23Z,parlay,"32642,32644,32647",bovada,"[{""event_id"": ""32647"", ""market"": ""player_pass_attempts"", ""player"": ""Jaxson Dart"", ""point"": ""30.5"", ""side"": ""Under""}, {""event_id"": ""32644"", ""market"": ""player_pass_completions"", ""player"": ""Jayden Daniels"", ""point"": ""19.5"", ""side"": ""Over""}, {""event_id"": ""32642"", ""market"": ""player_receptions"", ""player"": ""David Njoku"", ""point"": ""2.5"", ""side"": ""Under""}]",685,5.0,,,,,lost,-5.0,2026-09-22T10:27:44Z,auto 3-leg independent product
2026-09-20T19:59:23Z,parlay,"32641,32643",draftkings,"[{""event_id"": ""32641"", ""market"": ""player_rush_attempts"", ""player"": ""J.K. Dobbins"", ""point"": ""13.5"", ""side"": ""Over""}, {""event_id"": ""32643"", ""market"": ""player_receptions"", ""player"": ""Malik Washington"", ""point"": ""3.5"", ""side"": ""Over""}]",320,5.0,,,,,lost,-5.0,2026-09-21T02:02:20Z,auto 2-leg independent product
2026-09-20T19:59:23Z,parlay,"32642,32644",draftkings,"[{""event_id"": ""32644"", ""market"": ""player_pass_completions"", ""player"": ""Jayden Daniels"", ""point"": ""19.5"", ""side"": ""Over""}, {""event_id"": ""32642"", ""market"": ""player_receptions"", ""player"": ""David Njoku"", ""point"": ""2.5"", ""side"": ""Under""}]",296,5.0,,,,,lost,-5.0,2026-09-21T02:02:20Z,auto 2-leg independent product
2026-09-20T19:59:23Z,parlay,"32646,32647",draftkings,"[{""event_id"": ""32647"", ""market"": ""player_pass_attempts"", ""player"": ""Jaxson Dart"", ""point"": ""30.5"", ""side"": ""Under""}, {""event_id"": ""32646"", ""market"": ""player_receptions"", ""player"": ""Rashee Rice"", ""point"": ""4.5"", ""side"": ""Under""}]",314,5.0,,,,,won,15.700000000000003,2026-09-22T10:27:44Z,auto 2-leg independent product
2026-09-20T19:59:23Z,parlay,"32641,32643,32644",draftkings,"[{""event_id"": ""32641"", ""market"": ""player_rush_attempts"", ""player"": ""J.K. Dobbins"", ""point"": ""13.5"", ""side"": ""Over""}, {""event_id"": ""32643"", ""market"": ""player_receptions"", ""player"": ""Malik Washington"", ""point"": ""3.5"", ""side"": ""Over""}, {""event_id"": ""32644"", ""market"": ""player_pass_completions"", ""player"": ""Jayden Daniels"", ""point"": ""19.5"", ""side"": ""Over""}]",689,5.0,,,,,lost,-5.0,2026-09-21T02:02:21Z,auto 3-leg independent product
2026-09-20T19:59:23Z,parlay,"32643,32647",fanduel,"[{""event_id"": ""32643"", ""market"": ""player_receptions"", ""player"": ""Greg Dulcich"", ""point"": ""2.5"", ""side"": ""Over""}, {""event_id"": ""32647"", ""market"": ""player_receptions"", ""player"": ""Davante Adams"", ""point"": ""3.5"", ""side"": ""Under""}]",513,5.0,,,,,lost,-5.0,2026-09-22T10:27:44Z,auto 2-leg independent product
2026-09-20T19:59:23Z,parlay,"32643,32646,32647",fanduel,"[{""event_id"": ""32643"", ""market"": ""player_receptions"", ""player"": ""Greg Dulcich"", ""point"": ""2.5"", ""side"": ""Over""}, {""event_id"": ""32647"", ""market"": ""player_receptions"", ""player"": ""Davante Adams"", ""point"": ""3.5"", ""side"": ""Under""}, {""event_id"": ""32646"", ""market"": ""player_rush_yds"", ""player"": ""Jonathan Taylor"", ""point"": ""86.5"", ""side"": ""Under""}]",1051,5.0,,,,,lost,-5.0,2026-09-22T10:27:44Z,auto 3-leg independent product
2026-09-20T19:59:30Z,sgp,32645,fanduel,"[{""event_id"": ""32645"", ""market"": ""player_receptions"", ""player"": ""Rashid Shaheed"", ""point"": ""2.5"", ""side"": ""Over""}, {""event_id"": ""32645"", ""market"": ""player_receptions"", ""player"": ""Cooper Kupp"", ""point"": ""2.5"", ""side"": ""Over""}]",380,5.0,,,0.8513,True,lost,-5.0,2026-09-21T02:02:21Z,auto independent_price=464
2026-09-20T19:59:32Z,sgp,32645,draftkings,"[{""event_id"": ""32645"", ""market"": ""player_receptions"", ""player"": ""Rashid Shaheed"", ""point"": ""2.5"", ""side"": ""Over""}, {""event_id"": ""32645"", ""market"": ""player_receptions"", ""player"": ""Cooper Kupp"", ""point"": ""2.5"", ""side"": ""Over""}]",460,5.0,,,0.9051,True,lost,-5.0,2026-09-21T02:02:21Z,auto independent_price=519
2026-09-21T02:02:19Z,straight,32647,kalshi,"[{""event_id"": ""32647"", ""market"": ""player_pass_tds"", ""player"": ""Matthew Stafford"", ""point"": ""1.5"", ""side"": ""Over""}]",-163,5.0,3.48,0.6414,,,won,3.067484662576687,2026-09-22T10:27:44Z,auto
2026-09-21T02:02:19Z,straight,32647,kalshi,"[{""event_id"": ""32647"", ""market"": ""player_receptions"", ""player"": ""Terrance Ferguson"", ""point"": ""2.5"", ""side"": ""Over""}]",127,5.0,3.1,0.4542,,,won,6.35,2026-09-22T10:27:44Z,auto
2026-09-21T02:02:19Z,straight,32647,kalshi,"[{""event_id"": ""32647"", ""market"": ""player_receptions"", ""player"": ""Tyler Higbee"", ""point"": ""1.5"", ""side"": ""Over""}]",-104,5.0,3.6,0.5282,,,void,0.0,2026-09-28T15:30:34Z,auto
2026-09-21T11:16:09Z,straight,32647,kalshi,"[{""event_id"": ""32647"", ""market"": ""player_reception_yds"", ""player"": ""Tyler Higbee"", ""point"": ""14.5"", ""side"": ""Over""}]",104,5.0,4.89,0.5142,,,void,0.0,2026-09-28T15:30:34Z,auto
2026-09-21T11:16:09Z,straight,32647,kalshi,"[{""event_id"": ""32647"", ""market"": ""player_receptions"", ""player"": ""Cam Skattebo"", ""point"": ""1.5"", ""side"": ""Over""}]",-122,5.0,3.21,0.5672,,,won,4.0983606557377055,2026-09-22T10:27:44Z,auto
2026-09-21T11:16:09Z,straight,32647,kalshi,"[{""event_id"": ""32647"", ""market"": ""player_receptions"", ""player"": ""Kyren Williams"", ""point"": ""2.5"", ""side"": ""Over""}]",133,5.0,3.4,0.4438,,,lost,-5.0,2026-09-22T10:27:44Z,auto
2026-09-21T11:16:09Z,straight,32647,kalshi,"[{""event_id"": ""32647"", ""market"": ""player_receptions"", ""player"": ""Malachi Fields"", ""point"": ""2.5"", ""side"": ""Over""}]",138,5.0,3.7,0.4357,,,lost,-5.0,2026-09-22T10:27:44Z,auto
2026-09-21T11:16:09Z,straight,32648,underdog,"[{""event_id"": ""32648"", ""market"": ""player_receptions"", ""player"": ""Kyle Pitts"", ""point"": ""3.5"", ""side"": ""Over""}]",-114,5.0,4.02,0.5541,,,lost,-5.0,2026-09-25T10:46:08Z,auto
2026-09-21T17:17:52Z,straight,32647,bovada,"[{""event_id"": ""32647"", ""market"": ""player_receptions"", ""player"": ""Darnell Mooney"", ""point"": ""1.5"", ""side"": ""Over""}]",150,5.0,13.7,0.4548,,,won,7.5,2026-09-22T10:27:44Z,auto
2026-09-21T17:17:52Z,straight,32647,draftkings,"[{""event_id"": ""32647"", ""market"": ""player_receptions"", ""player"": ""Terrance Ferguson"", ""point"": ""2.5"", ""side"": ""Under""}]",-114,5.0,3.95,0.5537,,,lost,-5.0,2026-09-22T10:27:44Z,auto
2026-09-21T17:23:23Z,straight,32647,bovada,"[{""event_id"": ""32647"", ""market"": ""player_receptions"", ""player"": ""Terrance Ferguson"", ""point"": ""2.5"", ""side"": ""Under""}]",-115,5.0,3.53,0.5537,,,lost,-5.0,2026-09-22T10:27:44Z,auto
2026-09-21T21:18:35Z,straight,32647,kalshi,"[{""event_id"": ""32647"", ""market"": ""player_receptions"", ""player"": ""Devin Singletary"", ""point"": ""1.5"", ""side"": ""Over""}]",127,5.0,3.24,0.4548,,,lost,-5.0,2026-09-22T10:27:44Z,auto
2026-09-21T21:18:35Z,straight,32647,kalshi,"[{""event_id"": ""32647"", ""market"": ""player_rush_yds"", ""player"": ""Blake Corum"", ""point"": ""49.5"", ""side"": ""Over""}]",113,5.0,6.5,0.5,,,won,5.6499999999999995,2026-09-22T10:27:44Z,auto
2026-09-22T15:51:04Z,straight,32648,kalshi,"[{""event_id"": ""32648"", ""market"": ""player_receptions"", ""player"": ""MarShawn Lloyd"", ""point"": ""1.5"", ""side"": ""Over""}]",194,5.0,4.95,0.357,,,won,9.7,2026-09-25T10:46:08Z,auto
2026-09-22T15:51:06Z,sgp,32648,fanduel,"[{""event_id"": ""32648"", ""market"": ""player_receptions"", ""player"": ""MarShawn Lloyd"", ""point"": ""1.5"", ""side"": ""Over""}, {""event_id"": ""32648"", ""market"": ""player_receptions"", ""player"": ""Kyle Pitts"", ""point"": ""3.5"", ""side"": ""Over""}]",325,5.0,,,0.8781,True,lost,-5.0,2026-09-25T10:46:08Z,auto construct=stranger independent_price=384
2026-09-23T10:23:25Z,straight,32648,kalshi,"[{""event_id"": ""32648"", ""market"": ""player_receptions"", ""player"": ""Jahan Dotson"", ""point"": ""1.5"", ""side"": ""Over""}]",-127,5.0,3.41,0.5785,,,lost,-5.0,2026-09-25T10:46:08Z,auto
2026-09-23T15:42:24Z,straight,32648,kalshi,"[{""event_id"": ""32648"", ""market"": ""player_receptions"", ""player"": ""Jonnu Smith"", ""point"": ""1.5"", ""side"": ""Over""}]",163,5.0,6.88,0.4064,,,won,8.149999999999999,2026-09-25T10:46:08Z,auto
2026-09-23T15:42:24Z,straight,32648,kalshi,"[{""event_id"": ""32648"", ""market"": ""player_receptions"", ""player"": ""Skyy Moore"", ""point"": ""1.5"", ""side"": ""Over""}]",156,5.0,4.04,0.4064,,,won,7.800000000000001,2026-09-25T10:46:08Z,auto
2026-09-23T15:42:24Z,straight,32648,kalshi,"[{""event_id"": ""32648"", ""market"": ""player_rush_yds"", ""player"": ""MarShawn Lloyd"", ""point"": ""29.5"", ""side"": ""Over""}]",113,5.0,6.5,0.5,,,lost,-5.0,2026-09-25T10:46:08Z,auto
2026-09-23T15:42:24Z,straight,32656,draftkings,"[{""event_id"": ""32656"", ""market"": ""player_receptions"", ""player"": ""Adonai Mitchell"", ""point"": ""3.5"", ""side"": ""Over""}]",-111,5.0,3.01,0.5419,,,void,0.0,2026-09-28T15:30:34Z,auto
2026-09-23T15:42:26Z,sgp,32648,fanduel,"[{""event_id"": ""32648"", ""market"": ""player_receptions"", ""player"": ""Jonnu Smith"", ""point"": ""1.5"", ""side"": ""Over""}, {""event_id"": ""32648"", ""market"": ""player_rush_yds"", ""player"": ""MarShawn Lloyd"", ""point"": ""29.5"", ""side"": ""Over""}]",296,5.0,,,0.948,True,lost,-5.0,2026-09-25T10:46:08Z,auto construct=stranger independent_price=319
2026-09-23T15:42:29Z,sgp,32648,draftkings,"[{""event_id"": ""32648"", ""market"": ""player_receptions"", ""player"": ""Jonnu Smith"", ""point"": ""1.5"", ""side"": ""Over""}, {""event_id"": ""32648"", ""market"": ""player_rush_yds"", ""player"": ""MarShawn Lloyd"", ""point"": ""29.5"", ""side"": ""Over""}]",340,5.0,,,0.9665,True,lost,-5.0,2026-09-25T10:46:08Z,auto construct=stranger independent_price=355
2026-09-23T20:46:57Z,straight,32648,hardrock,"[{""event_id"": ""32648"", ""market"": ""player_field_goals_made"", ""player"": ""Nick Folk"", ""point"": ""1.5"", ""side"": ""Under""}]",-110,5.0,3.17,0.5404,,,lost,-5.0,2026-09-25T10:46:08Z,auto
2026-09-23T20:46:57Z,straight,32648,hardrock,"[{""event_id"": ""32648"", ""market"": ""player_field_goals_made"", ""player"": ""Trey Smack"", ""point"": ""1.5"", ""side"": ""Under""}]",120,5.0,4.48,0.4749,,,won,6.000000000000001,2026-09-25T10:46:08Z,auto
2026-09-23T20:46:57Z,straight,32648,kalshi,"[{""event_id"": ""32648"", ""market"": ""player_pass_tds"", ""player"": ""Jordan Love"", ""point"": ""1.5"", ""side"": ""Over""}]",-104,5.0,3.41,0.5272,,,won,4.807692307692308,2026-09-25T10:46:08Z,auto
2026-09-23T20:46:57Z,straight,32648,kalshi,"[{""event_id"": ""32648"", ""market"": ""player_reception_yds"", ""player"": ""Christian Watson"", ""point"": ""69.5"", ""side"": ""Over""}]",108,5.0,4.0,0.5,,,won,5.4,2026-09-25T10:46:08Z,auto
2026-09-23T20:46:57Z,straight,32651,kalshi,"[{""event_id"": ""32651"", ""market"": ""player_reception_yds"", ""player"": ""Jakobi Meyers"", ""point"": ""34.5"", ""side"": ""Over""}]",108,5.0,4.0,0.5,,,won,5.4,2026-09-28T02:19:42Z,auto
2026-09-23T20:46:57Z,straight,23215,kalshi,"[{""event_id"": ""23215"", ""market"": ""player_reception_yds"", ""player"": ""George Pickens"", ""point"": ""59.5"", ""side"": ""Under""}]",108,5.0,4.42,0.502,,,lost,-5.0,2026-09-28T02:19:42Z,auto
2026-09-23T20:46:57Z,parlay,"23215,32648",kalshi,"[{""event_id"": ""32648"", ""market"": ""player_receptions"", ""player"": ""Jonnu Smith"", ""point"": ""1.5"", ""side"": ""Over""}, {""event_id"": ""23215"", ""market"": ""player_reception_yds"", ""player"": ""George Pickens"", ""point"": ""59.5"", ""side"": ""Under""}]",447,5.0,,,,,lost,-5.0,2026-09-28T02:19:42Z,auto construct=anchor-pure legs=2 independent product
2026-09-23T20:46:57Z,parlay,"23215,32648,32651",kalshi,"[{""event_id"": ""32648"", ""market"": ""player_receptions"", ""player"": ""Jonnu Smith"", ""point"": ""1.5"", ""side"": ""Over""}, {""event_id"": ""23215"", ""market"": ""player_reception_yds"", ""player"": ""George Pickens"", ""point"": ""59.5"", ""side"": ""Under""}, {""event_id"": ""32651"", ""market"": ""player_reception_yds"", ""player"": ""Jakobi Meyers"", ""point"": ""34.5"", ""side"": ""Over""}]",1038,5.0,,,,,lost,-5.0,2026-09-28T02:19:42Z,auto construct=anchor-pure legs=3 independent product
2026-09-23T20:46:58Z,sgp,32648,fanduel,"[{""event_id"": ""32648"", ""market"": ""player_receptions"", ""player"": ""Jonnu Smith"", ""point"": ""1.5"", ""side"": ""Over""}, {""event_id"": ""32648"", ""market"": ""player_pass_tds"", ""player"": ""Jordan Love"", ""point"": ""1.5"", ""side"": ""Over""}]",275,5.0,,,0.8621,True,won,13.75,2026-09-25T10:46:08Z,auto construct=stack independent_price=335
2026-09-24T01:56:36Z,straight,32648,kalshi,"[{""event_id"": ""32648"", ""market"": ""player_receptions"", ""player"": ""Chris Brooks"", ""point"": ""1.5"", ""side"": ""Over""}]",144,5.0,5.01,0.4304,,,lost,-5.0,2026-09-25T10:46:08Z,auto
2026-09-24T01:56:36Z,straight,32648,kalshi,"[{""event_id"": ""32648"", ""market"": ""player_receptions"", ""player"": ""Christian Watson"", ""point"": ""4.5"", ""side"": ""Under""}]",133,5.0,4.89,0.4502,,,lost,-5.0,2026-09-25T10:46:08Z,auto
2026-09-24T01:56:36Z,straight,32648,kalshi,"[{""event_id"": ""32648"", ""market"": ""player_receptions"", ""player"": ""Tucker Kraft"", ""point"": ""3.5"", ""side"": ""Over""}]",-127,5.0,4.17,0.5828,,,won,3.9370078740157477,2026-09-25T10:46:08Z,auto
2026-09-24T01:56:36Z,straight,32662,hardrock,"[{""event_id"": ""32662"", ""market"": ""player_reception_yds"", ""player"": ""Dontayvion Wicks"", ""point"": ""39.5"", ""side"": ""Under""}]",-105,5.0,4.06,0.533,,,won,4.761904761904762,2026-09-29T11:42:30Z,auto
2026-09-24T01:56:36Z,parlay,"23215,32648",kalshi,"[{""event_id"": ""32648"", ""market"": ""player_receptions"", ""player"": ""MarShawn Lloyd"", ""point"": ""1.5"", ""side"": ""Over""}, {""event_id"": ""23215"", ""market"": ""player_reception_yds"", ""player"": ""George Pickens"", ""point"": ""59.5"", ""side"": ""Under""}]",495,5.0,,,,,lost,-5.0,2026-09-28T02:19:42Z,auto construct=anchor-pure legs=2 independent product
2026-09-24T01:56:36Z,parlay,"23215,32648,32651",kalshi,"[{""event_id"": ""32648"", ""market"": ""player_receptions"", ""player"": ""MarShawn Lloyd"", ""point"": ""1.5"", ""side"": ""Over""}, {""event_id"": ""23215"", ""market"": ""player_reception_yds"", ""player"": ""George Pickens"", ""point"": ""59.5"", ""side"": ""Under""}, {""event_id"": ""32651"", ""market"": ""player_reception_yds"", ""player"": ""Jakobi Meyers"", ""point"": ""34.5"", ""side"": ""Over""}]",1137,5.0,,,,,lost,-5.0,2026-09-28T02:19:42Z,auto construct=anchor-pure legs=3 independent product
2026-09-24T01:56:36Z,parlay,"23215,32648",kalshi,"[{""event_id"": ""32648"", ""market"": ""player_rush_yds"", ""player"": ""MarShawn Lloyd"", ""point"": ""29.5"", ""side"": ""Over""}, {""event_id"": ""23215"", ""market"": ""player_reception_yds"", ""player"": ""George Pickens"", ""point"": ""59.5"", ""side"": ""Under""}]",343,5.0,,,,,lost,-5.0,2026-09-28T02:19:42Z,auto construct=ev-ranked legs=2 independent product
2026-09-24T01:56:36Z,parlay,"23215,32648,32651",kalshi,"[{""event_id"": ""32648"", ""market"": ""player_rush_yds"", ""player"": ""MarShawn Lloyd"", ""point"": ""29.5"", ""side"": ""Over""}, {""event_id"": ""23215"", ""market"": ""player_reception_yds"", ""player"": ""George Pickens"", ""point"": ""59.5"", ""side"": ""Under""}, {""event_id"": ""32651"", ""market"": ""player_reception_yds"", ""player"": ""Jakobi Meyers"", ""point"": ""34.5"", ""side"": ""Over""}]",822,5.0,,,,,lost,-5.0,2026-09-28T02:19:42Z,auto construct=ev-ranked legs=3 independent product
2026-09-24T01:56:36Z,parlay,"32648,32662",hardrock,"[{""event_id"": ""32648"", ""market"": ""player_field_goals_made"", ""player"": ""Trey Smack"", ""point"": ""1.5"", ""side"": ""Under""}, {""event_id"": ""32662"", ""market"": ""player_reception_yds"", ""player"": ""Dontayvion Wicks"", ""point"": ""39.5"", ""side"": ""Under""}]",330,5.0,,,,,won,16.5,2026-09-29T11:42:30Z,auto construct=ev-ranked legs=2 independent product
2026-09-24T01:56:41Z,sgp,32648,fanduel,"[{""event_id"": ""32648"", ""market"": ""player_receptions"", ""player"": ""MarShawn Lloyd"", ""point"": ""1.5"", ""side"": ""Over""}, {""event_id"": ""32648"", ""market"": ""player_pass_tds"", ""player"": ""Jordan Love"", ""point"": ""1.5"", ""side"": ""Over""}]",314,5.0,,,0.8538,True,won,15.700000000000003,2026-09-25T10:46:08Z,auto construct=stack independent_price=385
2026-09-24T01:56:43Z,sgp,32648,draftkings,"[{""event_id"": ""32648"", ""market"": ""player_receptions"", ""player"": ""MarShawn Lloyd"", ""point"": ""1.5"", ""side"": ""Over""}, {""event_id"": ""32648"", ""market"": ""player_pass_tds"", ""player"": ""Jordan Love"", ""point"": ""1.5"", ""side"": ""Over""}]",360,5.0,,,0.9391,True,won,18.0,2026-09-25T10:46:08Z,auto construct=stack independent_price=390
2026-09-24T01:56:45Z,sgp,32648,fanduel,"[{""event_id"": ""32648"", ""market"": ""player_rush_yds"", ""player"": ""MarShawn Lloyd"", ""point"": ""29.5"", ""side"": ""Over""}, {""event_id"": ""32648"", ""market"": ""player_receptions"", ""player"": ""Chris Brooks"", ""point"": ""1.5"", ""side"": ""Over""}]",346,5.0,,,0.9569,True,lost,-5.0,2026-09-25T10:46:08Z,auto construct=stranger independent_price=367
2026-09-24T01:56:49Z,sgp,32648,draftkings,"[{""event_id"": ""32648"", ""market"": ""player_rush_yds"", ""player"": ""MarShawn Lloyd"", ""point"": ""29.5"", ""side"": ""Over""}, {""event_id"": ""32648"", ""market"": ""player_receptions"", ""player"": ""Chris Brooks"", ""point"": ""1.5"", ""side"": ""Over""}]",370,5.0,,,0.958,True,lost,-5.0,2026-09-25T10:46:08Z,auto construct=stranger independent_price=391
2026-09-24T10:41:06Z,straight,32648,underdog,"[{""event_id"": ""32648"", ""market"": ""player_field_goals_made"", ""player"": ""Nick Folk"", ""point"": ""1.5"", ""side"": ""Under""}]",-106,5.0,5.02,0.5404,,,lost,-5.0,2026-09-25T10:46:08Z,auto
2026-09-24T10:41:06Z,straight,32648,draftkings,"[{""event_id"": ""32648"", ""market"": ""player_field_goals_made"", ""player"": ""Nick Folk"", ""point"": ""1.5"", ""side"": ""Under""}]",-107,5.0,4.55,0.5404,,,lost,-5.0,2026-09-25T10:46:08Z,auto
2026-09-24T10:41:06Z,straight,32648,kalshi,"[{""event_id"": ""32648"", ""market"": ""player_receptions"", ""player"": ""Tucker Kraft"", ""point"": ""3.5"", ""side"": ""Under""}]",133,5.0,3.4,0.4438,,,lost,-5.0,2026-09-25T10:46:08Z,auto
2026-09-24T10:41:06Z,straight,32648,draftkings,"[{""event_id"": ""32648"", ""market"": ""player_receptions"", ""player"": ""Tucker Kraft"", ""point"": ""4.5"", ""side"": ""Under""}]",-162,5.0,3.04,0.6371,,,won,3.08641975308642,2026-09-25T10:46:08Z,auto
2026-09-24T10:41:06Z,straight,32655,kalshi,"[{""event_id"": ""32655"", ""market"": ""player_pass_tds"", ""player"": ""Josh Allen"", ""point"": ""1.5"", ""side"": ""Under""}]",133,5.0,3.72,0.4452,,,won,6.65,2026-09-28T02:19:42Z,auto
2026-09-24T10:41:06Z,straight,32654,bovada,"[{""event_id"": ""32654"", ""market"": ""player_receptions"", ""player"": ""Dalton Schultz"", ""point"": ""5.5"", ""side"": ""Under""}]",-120,5.0,6.47,0.5808,,,won,4.166666666666668,2026-09-28T02:19:43Z,auto
2026-09-24T10:41:06Z,straight,32654,draftkings,"[{""event_id"": ""32654"", ""market"": ""player_receptions"", ""player"": ""Dalton Schultz"", ""point"": ""5.5"", ""side"": ""Under""}]",-120,5.0,6.47,0.5808,,,won,4.166666666666668,2026-09-28T02:19:43Z,auto
2026-09-24T10:41:06Z,straight,32659,underdog,"[{""event_id"": ""32659"", ""market"": ""player_pass_completions"", ""player"": ""Jacoby Brissett"", ""point"": ""21.5"", ""side"": ""Over""}]",-103,5.0,4.09,0.5282,,,won,4.854368932038835,2026-09-28T02:19:43Z,auto
2026-09-24T10:41:06Z,straight,32661,draftkings,"[{""event_id"": ""32661"", ""market"": ""player_reception_yds"", ""player"": ""Courtland Sutton"", ""point"": ""39.5"", ""side"": ""Under""}]",-114,5.0,3.31,0.5504,,,lost,-5.0,2026-09-28T12:11:14Z,auto
2026-09-24T10:41:06Z,parlay,"23215,32648",kalshi,"[{""event_id"": ""32648"", ""market"": ""player_receptions"", ""player"": ""Chris Brooks"", ""point"": ""1.5"", ""side"": ""Over""}, {""event_id"": ""23215"", ""market"": ""player_reception_yds"", ""player"": ""George Pickens"", ""point"": ""59.5"", ""side"": ""Under""}]",420,5.0,,,,,lost,-5.0,2026-09-28T02:19:43Z,auto construct=anchor-pure legs=2 independent product
2026-09-24T10:41:06Z,parlay,"32651,32655",kalshi,"[{""event_id"": ""32651"", ""market"": ""player_reception_yds"", ""player"": ""Jakobi Meyers"", ""point"": ""34.5"", ""side"": ""Over""}, {""event_id"": ""32655"", ""market"": ""player_pass_tds"", ""player"": ""Josh Allen"", ""point"": ""1.5"", ""side"": ""Under""}]",385,5.0,,,,,won,19.25,2026-09-28T02:19:43Z,auto construct=anchor-pure legs=2 independent product
2026-09-24T10:41:06Z,parlay,"23215,32648,32651",kalshi,"[{""event_id"": ""32648"", ""market"": ""player_receptions"", ""player"": ""Chris Brooks"", ""point"": ""1.5"", ""side"": ""Over""}, {""event_id"": ""23215"", ""market"": ""player_reception_yds"", ""player"": ""George Pickens"", ""point"": ""59.5"", ""side"": ""Under""}, {""event_id"": ""32651"", ""market"": ""player_reception_yds"", ""player"": ""Jakobi Meyers"", ""point"": ""34.5"", ""side"": ""Over""}]",982,5.0,,,,,lost,-5.0,2026-09-28T02:19:43Z,auto construct=anchor-pure legs=3 independent product
2026-09-24T10:41:06Z,parlay,"32648,32659",underdog,"[{""event_id"": ""32648"", ""market"": ""player_field_goals_made"", ""player"": ""Nick Folk"", ""point"": ""1.5"", ""side"": ""Under""}, {""event_id"": ""32659"", ""market"": ""player_pass_completions"", ""player"": ""Jacoby Brissett"", ""point"": ""21.5"", ""side"": ""Over""}]",283,5.0,,,,,lost,-5.0,2026-09-28T02:19:43Z,auto construct=anchor-pure legs=2 independent product
2026-09-24T10:41:06Z,parlay,"32648,32654",draftkings,"[{""event_id"": ""32654"", ""market"": ""player_receptions"", ""player"": ""Dalton Schultz"", ""point"": ""5.5"", ""side"": ""Under""}, {""event_id"": ""32648"", ""market"": ""player_field_goals_made"", ""player"": ""Nick Folk"", ""point"": ""1.5"", ""side"": ""Under""}]",255,5.0,,,,,lost,-5.0,2026-09-28T02:19:43Z,auto construct=anchor-pure legs=2 independent product
2026-09-24T10:41:06Z,parlay,"32648,32654,32656",draftkings,"[{""event_id"": ""32654"", ""market"": ""player_receptions"", ""player"": ""Dalton Schultz"", ""point"": ""5.5"", ""side"": ""Under""}, {""event_id"": ""32648"", ""market"": ""player_field_goals_made"", ""player"": ""Nick Folk"", ""point"": ""1.5"", ""side"": ""Under""}, {""event_id"": ""32656"", ""market"": ""player_receptions"", ""player"": ""Adonai Mitchell"", ""point"": ""3.5"", ""side"": ""Over""}]",574,5.0,,,,,lost,-5.0,2026-09-28T02:19:43Z,auto construct=anchor-pure legs=3 independent product
2026-09-24T10:41:06Z,parlay,"32656,32661",draftkings,"[{""event_id"": ""32661"", ""market"": ""player_reception_yds"", ""player"": ""Courtland Sutton"", ""point"": ""39.5"", ""side"": ""Under""}, {""event_id"": ""32656"", ""market"": ""player_receptions"", ""player"": ""Adonai Mitchell"", ""point"": ""3.5"", ""side"": ""Over""}]",257,5.0,,,,,lost,-5.0,2026-09-28T12:11:14Z,auto construct=ev-ranked legs=2 independent product
2026-09-24T10:41:06Z,parlay,"32648,32654,32661",draftkings,"[{""event_id"": ""32654"", ""market"": ""player_receptions"", ""player"": ""Dalton Schultz"", ""point"": ""5.5"", ""side"": ""Under""}, {""event_id"": ""32648"", ""market"": ""player_field_goals_made"", ""player"": ""Nick Folk"", ""point"": ""1.5"", ""side"": ""Under""}, {""event_id"": ""32661"", ""market"": ""player_reception_yds"", ""player"": ""Courtland Sutton"", ""point"": ""39.5"", ""side"": ""Under""}]",566,5.0,,,,,lost,-5.0,2026-09-28T12:11:14Z,auto construct=ev-ranked legs=3 independent product
2026-09-24T10:41:08Z,sgp,32648,fanduel,"[{""event_id"": ""32648"", ""market"": ""player_receptions"", ""player"": ""Chris Brooks"", ""point"": ""1.5"", ""side"": ""Over""}, {""event_id"": ""32648"", ""market"": ""player_pass_tds"", ""player"": ""Jordan Love"", ""point"": ""1.5"", ""side"": ""Over""}]",261,5.0,,,0.8875,True,lost,-5.0,2026-09-25T10:46:08Z,auto construct=stack independent_price=307
2026-09-24T10:41:11Z,sgp,32648,draftkings,"[{""event_id"": ""32648"", ""market"": ""player_receptions"", ""player"": ""Chris Brooks"", ""point"": ""1.5"", ""side"": ""Over""}, {""event_id"": ""32648"", ""market"": ""player_pass_tds"", ""player"": ""Jordan Love"", ""point"": ""1.5"", ""side"": ""Over""}]",284,5.0,,,0.9306,True,lost,-5.0,2026-09-25T10:46:08Z,auto construct=stack independent_price=313
2026-09-24T16:09:54Z,straight,32648,kalshi,"[{""event_id"": ""32648"", ""market"": ""player_receptions"", ""player"": ""Bijan Robinson"", ""point"": ""4.5"", ""side"": ""Over""}]",-100,5.0,3.23,0.5162,,,lost,-5.0,2026-09-25T10:46:08Z,auto
2026-09-24T16:09:54Z,straight,32648,kalshi,"[{""event_id"": ""32648"", ""market"": ""player_receptions"", ""player"": ""Drake London"", ""point"": ""5.5"", ""side"": ""Over""}]",113,5.0,3.27,0.4848,,,won,5.6499999999999995,2026-09-25T10:46:08Z,auto
2026-09-24T16:09:54Z,straight,32648,bovada,"[{""event_id"": ""32648"", ""market"": ""player_receptions"", ""player"": ""Tucker Kraft"", ""point"": ""3.5"", ""side"": ""Under""}]",130,5.0,4.61,0.4548,,,lost,-5.0,2026-09-25T10:46:09Z,auto
2026-09-24T16:09:54Z,straight,32655,hardrock,"[{""event_id"": ""32655"", ""market"": ""player_rush_attempts"", ""player"": ""Justin Herbert"", ""point"": ""4.5"", ""side"": ""Over""}]",-105,5.0,3.12,0.5282,,,lost,-5.0,2026-09-28T02:19:43Z,auto
2026-09-24T16:09:54Z,straight,32656,draftkings,"[{""event_id"": ""32656"", ""market"": ""player_receptions"", ""player"": ""Amon-Ra St. Brown"", ""point"": ""7.5"", ""side"": ""Under""}]",-136,5.0,3.01,0.5936,,,won,3.6764705882352944,2026-09-28T02:19:43Z,auto
2026-09-24T16:09:54Z,straight,32654,hardrock,"[{""event_id"": ""32654"", ""market"": ""player_receptions"", ""player"": ""Josh Downs"", ""point"": ""5.5"", ""side"": ""Over""}]",145,5.0,4.08,0.4248,,,lost,-5.0,2026-09-28T02:19:43Z,auto
2026-09-24T16:09:54Z,straight,32653,bovada,"[{""event_id"": ""32653"", ""market"": ""player_receptions"", ""player"": ""Carnell Tate"", ""point"": ""3.5"", ""side"": ""Over""}]",130,5.0,4.47,0.4542,,,won,6.499999999999999,2026-09-28T02:19:43Z,auto
2026-09-24T16:09:54Z,straight,32653,draftkings,"[{""event_id"": ""32653"", ""market"": ""player_receptions"", ""player"": ""Carnell Tate"", ""point"": ""3.5"", ""side"": ""Over""}]",129,5.0,4.01,0.4542,,,won,6.45,2026-09-28T02:19:43Z,auto
2026-09-24T16:09:54Z,straight,32653,draftkings,"[{""event_id"": ""32653"", ""market"": ""player_receptions"", ""player"": ""Darnell Mooney"", ""point"": ""1.5"", ""side"": ""Over""}]",130,5.0,7.58,0.4677,,,won,6.499999999999999,2026-09-28T02:19:43Z,auto
2026-09-24T16:09:54Z,straight,32653,bovada,"[{""event_id"": ""32653"", ""market"": ""player_receptions"", ""player"": ""Darnell Mooney"", ""point"": ""1.5"", ""side"": ""Over""}]",130,5.0,7.58,0.4677,,,won,6.499999999999999,2026-09-28T02:19:43Z,auto
2026-09-24T16:09:54Z,straight,32657,underdog,"[{""event_id"": ""32657"", ""market"": ""player_receptions"", ""player"": ""Tetairoa McMillan"", ""point"": ""4.5"", ""side"": ""Over""}]",-102,5.0,3.39,0.5221,,,lost,-5.0,2026-09-28T02:19:43Z,auto
2026-09-24T16:09:54Z,straight,32657,draftkings,"[{""event_id"": ""32657"", ""market"": ""player_rush_attempts"", ""player"": ""Chuba Hubbard"", ""point"": ""17.5"", ""side"": ""Over""}]",-103,5.0,3.93,0.5273,,,won,4.854368932038835,2026-09-28T02:19:43Z,auto
2026-09-24T16:09:54Z,parlay,"23215,32648",kalshi,"[{""event_id"": ""32648"", ""market"": ""player_receptions"", ""player"": ""Tucker Kraft"", ""point"": ""3.5"", ""side"": ""Under""}, {""event_id"": ""23215"", ""market"": ""player_reception_yds"", ""player"": ""George Pickens"", ""point"": ""59.5"", ""side"": ""Under""}]",385,5.0,,,,,lost,-5.0,2026-09-28T02:19:43Z,auto construct=anchor-pure legs=2 independent product
2026-09-24T16:09:54Z,parlay,"23215,32648,32651",kalshi,"[{""event_id"": ""32648"", ""market"": ""player_receptions"", ""player"": ""Tucker Kraft"", ""point"": ""3.5"", ""side"": ""Under""}, {""event_id"": ""23215"", ""market"": ""player_reception_yds"", ""player"": ""George Pickens"", ""point"": ""59.5"", ""side"": ""Under""}, {""event_id"": ""32651"", ""market"": ""player_reception_yds"", ""player"": ""Jakobi Meyers"", ""point"": ""34.5"", ""side"": ""Over""}]",908,5.0,,,,,lost,-5.0,2026-09-28T02:19:43Z,auto construct=anchor-pure legs=3 independent product
2026-09-24T16:09:54Z,parlay,"32648,32657,32659",underdog,"[{""event_id"": ""32648"", ""market"": ""player_field_goals_made"", ""player"": ""Nick Folk"", ""point"": ""1.5"", ""side"": ""Under""}, {""event_id"": ""32659"", ""market"": ""player_pass_completions"", ""player"": ""Jacoby Brissett"", ""point"": ""21.5"", ""side"": ""Over""}, {""event_id"": ""32657"", ""market"": ""player_receptions"", ""player"": ""Tetairoa McMillan"", ""point"": ""4.5"", ""side"": ""Over""}]",659,5.0,,,,,lost,-5.0,2026-09-28T02:19:43Z,auto construct=anchor-pure legs=3 independent product
2026-09-24T16:09:54Z,parlay,"32653,32654",bovada,"[{""event_id"": ""32653"", ""market"": ""player_receptions"", ""player"": ""Darnell Mooney"", ""point"": ""1.5"", ""side"": ""Over""}, {""event_id"": ""32654"", ""market"": ""player_receptions"", ""player"": ""Dalton Schultz"", ""point"": ""5.5"", ""side"": ""Under""}]",322,5.0,,,,,won,16.1,2026-09-28T02:19:43Z,auto construct=anchor-pure legs=2 independent product
2026-09-24T16:09:54Z,parlay,"32648,32653,32654",bovada,"[{""event_id"": ""32653"", ""market"": ""player_receptions"", ""player"": ""Darnell Mooney"", ""point"": ""1.5"", ""side"": ""Over""}, {""event_id"": ""32654"", ""market"": ""player_receptions"", ""player"": ""Dalton Schultz"", ""point"": ""5.5"", ""side"": ""Under""}, {""event_id"": ""32648"", ""market"": ""player_receptions"", ""player"": ""Tucker Kraft"", ""point"": ""3.5"", ""side"": ""Under""}]",870,5.0,,,,,lost,-5.0,2026-09-28T02:19:43Z,auto construct=anchor-pure legs=3 independent product
2026-09-24T16:09:54Z,parlay,"32653,32654",draftkings,"[{""event_id"": ""32653"", ""market"": ""player_receptions"", ""player"": ""Darnell Mooney"", ""point"": ""1.5"", ""side"": ""Over""}, {""event_id"": ""32654"", ""market"": ""player_receptions"", ""player"": ""Dalton Schultz"", ""point"": ""5.5"", ""side"": ""Under""}]",322,5.0,,,,,won,16.1,2026-09-28T02:19:43Z,auto construct=anchor-pure legs=2 independent product
2026-09-24T16:09:54Z,parlay,"32648,32657",draftkings,"[{""event_id"": ""32648"", ""market"": ""player_field_goals_made"", ""player"": ""Nick Folk"", ""point"": ""1.5"", ""side"": ""Under""}, {""event_id"": ""32657"", ""market"": ""player_rush_attempts"", ""player"": ""Chuba Hubbard"", ""point"": ""17.5"", ""side"": ""Over""}]",281,5.0,,,,,lost,-5.0,2026-09-28T02:19:43Z,auto construct=anchor-pure legs=2 independent product
2026-09-24T16:09:54Z,parlay,"32648,32653,32654",draftkings,"[{""event_id"": ""32653"", ""market"": ""player_receptions"", ""player"": ""Darnell Mooney"", ""point"": ""1.5"", ""side"": ""Over""}, {""event_id"": ""32654"", ""market"": ""player_receptions"", ""player"": ""Dalton Schultz"", ""point"": ""5.5"", ""side"": ""Under""}, {""event_id"": ""32648"", ""market"": ""player_field_goals_made"", ""player"": ""Nick Folk"", ""point"": ""1.5"", ""side"": ""Under""}]",716,5.0,,,,,lost,-5.0,2026-09-28T02:19:43Z,auto construct=anchor-pure legs=3 independent product
2026-09-24T16:09:54Z,parlay,"32648,32654",hardrock,"[{""event_id"": ""32654"", ""market"": ""player_receptions"", ""player"": ""Josh Downs"", ""point"": ""5.5"", ""side"": ""Over""}, {""event_id"": ""32648"", ""market"": ""player_field_goals_made"", ""player"": ""Trey Smack"", ""point"": ""1.5"", ""side"": ""Under""}]",439,5.0,,,,,lost,-5.0,2026-09-28T02:19:43Z,auto construct=ev-ranked legs=2 independent product
2026-09-24T16:09:54Z,parlay,"32655,32662",hardrock,"[{""event_id"": ""32662"", ""market"": ""player_reception_yds"", ""player"": ""Dontayvion Wicks"", ""point"": ""39.5"", ""side"": ""Under""}, {""event_id"": ""32655"", ""market"": ""player_rush_attempts"", ""player"": ""Justin Herbert"", ""point"": ""4.5"", ""side"": ""Over""}]",281,5.0,,,,,lost,-5.0,2026-09-28T15:30:34Z,auto construct=ev-ranked legs=2 independent product
2026-09-24T16:09:54Z,parlay,"32648,32654,32662",hardrock,"[{""event_id"": ""32654"", ""market"": ""player_receptions"", ""player"": ""Josh Downs"", ""point"": ""5.5"", ""side"": ""Over""}, {""event_id"": ""32648"", ""market"": ""player_field_goals_made"", ""player"": ""Trey Smack"", ""point"": ""1.5"", ""side"": ""Under""}, {""event_id"": ""32662"", ""market"": ""player_reception_yds"", ""player"": ""Dontayvion Wicks"", ""point"": ""39.5"", ""side"": ""Under""}]",952,5.0,,,,,lost,-5.0,2026-09-28T15:30:34Z,auto construct=ev-ranked legs=3 independent product
2026-09-24T16:09:54Z,parlay,"32656,32661",draftkings,"[{""event_id"": ""32661"", ""market"": ""player_reception_yds"", ""player"": ""Courtland Sutton"", ""point"": ""39.5"", ""side"": ""Under""}, {""event_id"": ""32656"", ""market"": ""player_receptions"", ""player"": ""Amon-Ra St. Brown"", ""point"": ""7.5"", ""side"": ""Under""}]",226,5.0,,,,,lost,-5.0,2026-09-28T12:11:14Z,auto construct=ev-ranked legs=2 independent product
2026-09-24T16:10:07Z,sgp,32648,fanduel,"[{""event_id"": ""32648"", ""market"": ""player_rush_yds"", ""player"": ""MarShawn Lloyd"", ""point"": ""29.5"", ""side"": ""Over""}, {""event_id"": ""32648"", ""market"": ""player_receptions"", ""player"": ""Tucker Kraft"", ""point"": ""3.5"", ""side"": ""Under""}]",293,5.0,,,0.8441,True,lost,-5.0,2026-09-25T10:46:09Z,auto construct=stranger independent_price=367
2026-09-24T16:10:25Z,sgp,32656,fanduel,"[{""event_id"": ""32656"", ""market"": ""player_receptions"", ""player"": ""Amon-Ra St. Brown"", ""point"": ""7.5"", ""side"": ""Under""}, {""event_id"": ""32656"", ""market"": ""player_receptions"", ""player"": ""Adonai Mitchell"", ""point"": ""3.5"", ""side"": ""Over""}]",169,5.0,,,0.9672,True,won,3.2006097334283625,2026-09-28T15:30:34Z,auto construct=stranger independent_price=179 reduced=1/2 legs
2026-09-24T16:10:29Z,sgp,32656,draftkings,"[{""event_id"": ""32656"", ""market"": ""player_receptions"", ""player"": ""Amon-Ra St. Brown"", ""point"": ""7.5"", ""side"": ""Under""}, {""event_id"": ""32656"", ""market"": ""player_receptions"", ""player"": ""Adonai Mitchell"", ""point"": ""3.5"", ""side"": ""Over""}]",196,5.0,,,0.9339,True,won,3.6764705882352944,2026-09-28T15:30:34Z,auto construct=stranger independent_price=217 reduced=1/2 legs
2026-09-24T16:10:31Z,sgp,32654,fanduel,"[{""event_id"": ""32654"", ""market"": ""player_receptions"", ""player"": ""Dalton Schultz"", ""point"": ""5.5"", ""side"": ""Under""}, {""event_id"": ""32654"", ""market"": ""player_receptions"", ""player"": ""Josh Downs"", ""point"": ""5.5"", ""side"": ""Over""}]",297,5.0,,,0.8839,True,lost,-5.0,2026-09-28T02:19:43Z,auto construct=stranger independent_price=349
2026-09-24T16:10:33Z,sgp,32654,draftkings,"[{""event_id"": ""32654"", ""market"": ""player_receptions"", ""player"": ""Dalton Schultz"", ""point"": ""5.5"", ""side"": ""Under""}, {""event_id"": ""32654"", ""market"": ""player_receptions"", ""player"": ""Josh Downs"", ""point"": ""5.5"", ""side"": ""Over""}]",296,5.0,,,0.9063,True,lost,-5.0,2026-09-28T02:19:43Z,auto construct=stranger independent_price=337
2026-09-24T16:10:39Z,sgp,32653,fanduel,"[{""event_id"": ""32653"", ""market"": ""player_receptions"", ""player"": ""Darnell Mooney"", ""point"": ""1.5"", ""side"": ""Over""}, {""event_id"": ""32653"", ""market"": ""player_receptions"", ""player"": ""Carnell Tate"", ""point"": ""3.5"", ""side"": ""Over""}]",295,5.0,,,0.8886,True,won,14.75,2026-09-28T02:19:43Z,auto construct=stranger independent_price=345
2026-09-24T16:10:41Z,sgp,32653,draftkings,"[{""event_id"": ""32653"", ""market"": ""player_receptions"", ""player"": ""Darnell Mooney"", ""point"": ""1.5"", ""side"": ""Over""}, {""event_id"": ""32653"", ""market"": ""player_receptions"", ""player"": ""Carnell Tate"", ""point"": ""3.5"", ""side"": ""Over""}]",395,5.0,,,0.9398,True,won,19.75,2026-09-28T02:19:44Z,auto construct=stranger independent_price=427
2026-09-24T16:10:48Z,sgp,32657,draftkings,"[{""event_id"": ""32657"", ""market"": ""player_rush_attempts"", ""player"": ""Chuba Hubbard"", ""point"": ""17.5"", ""side"": ""Over""}, {""event_id"": ""32657"", ""market"": ""player_receptions"", ""player"": ""Tetairoa McMillan"", ""point"": ""4.5"", ""side"": ""Over""}]",256,5.0,,,0.9739,True,lost,-5.0,2026-09-28T02:19:44Z,auto construct=stranger independent_price=266
2026-09-24T20:56:16Z,straight,32648,hardrock,"[{""event_id"": ""32648"", ""market"": ""player_pass_tds"", ""player"": ""Jordan Love"", ""point"": ""1.5"", ""side"": ""Under""}]",110,5.0,3.18,0.4913,,,lost,-5.0,2026-09-25T10:46:09Z,auto
2026-09-24T20:56:16Z,straight,32648,fanduel,"[{""event_id"": ""32648"", ""market"": ""player_receptions"", ""player"": ""Austin Hooper"", ""point"": ""0.5"", ""side"": ""Under""}]",-106,5.0,3.88,0.5345,,,lost,-5.0,2026-09-25T10:46:09Z,auto
2026-09-24T20:56:16Z,straight,32648,kalshi,"[{""event_id"": ""32648"", ""market"": ""player_receptions"", ""player"": ""Christian Watson"", ""point"": ""4.5"", ""side"": ""Over""}]",-117,5.0,4.23,0.562,,,won,4.273504273504274,2026-09-25T10:46:09Z,auto
2026-09-24T20:56:16Z,straight,32648,draftkings,"[{""event_id"": ""32648"", ""market"": ""player_receptions"", ""player"": ""Skyy Moore"", ""point"": ""1.5"", ""side"": ""Over""}]",135,5.0,5.32,0.4482,,,won,6.75,2026-09-25T10:46:10Z,auto
2026-09-24T20:56:16Z,straight,32648,bovada,"[{""event_id"": ""32648"", ""market"": ""player_receptions"", ""player"": ""Skyy Moore"", ""point"": ""1.5"", ""side"": ""Over""}]",130,5.0,3.08,0.4482,,,won,6.499999999999999,2026-09-25T10:46:10Z,auto
2026-09-24T20:56:16Z,straight,32651,kalshi,"[{""event_id"": ""32651"", ""market"": ""player_receptions"", ""player"": ""Parker Washington"", ""point"": ""4.5"", ""side"": ""Under""}]",150,5.0,5.22,0.4209,,,won,7.5,2026-09-28T02:19:44Z,auto
2026-09-24T20:56:16Z,straight,32656,kalshi,"[{""event_id"": ""32656"", ""market"": ""player_receptions"", ""player"": ""Breece Hall"", ""point"": ""3.5"", ""side"": ""Over""}]",144,5.0,3.66,0.4248,,,lost,-5.0,2026-09-28T02:19:44Z,auto
2026-09-24T20:56:16Z,straight,32656,bovada,"[{""event_id"": ""32656"", ""market"": ""player_receptions"", ""player"": ""Garrett Wilson"", ""point"": ""5.5"", ""side"": ""Under""}]",-105,5.0,5.02,0.5379,,,lost,-5.0,2026-09-28T02:19:44Z,auto
2026-09-24T20:56:16Z,straight,32656,draftkings,"[{""event_id"": ""32656"", ""market"": ""player_receptions"", ""player"": ""Garrett Wilson"", ""point"": ""5.5"", ""side"": ""Under""}]",-105,5.0,5.02,0.5379,,,lost,-5.0,2026-09-28T02:19:44Z,auto
2026-09-24T20:56:16Z,straight,32656,kalshi,"[{""event_id"": ""32656"", ""market"": ""player_receptions"", ""player"": ""Garrett Wilson"", ""point"": ""5.5"", ""side"": ""Under""}]",-108,5.0,3.6,0.5379,,,lost,-5.0,2026-09-28T02:19:44Z,auto
2026-09-24T20:56:16Z,straight,32654,bovada,"[{""event_id"": ""32654"", ""market"": ""player_receptions"", ""player"": ""Jaylin Noel"", ""point"": ""2.5"", ""side"": ""Over""}]",125,5.0,6.16,0.4718,,,lost,-5.0,2026-09-28T02:19:44Z,auto
2026-09-24T20:56:16Z,straight,32654,kalshi,"[{""event_id"": ""32654"", ""market"": ""player_receptions"", ""player"": ""Jaylin Noel"", ""point"": ""2.5"", ""side"": ""Over""}]",122,5.0,4.75,0.4718,,,lost,-5.0,2026-09-28T02:19:44Z,auto
2026-09-24T20:56:16Z,straight,32654,kalshi,"[{""event_id"": ""32654"", ""market"": ""player_receptions"", ""player"": ""Tyler Warren"", ""point"": ""4.5"", ""side"": ""Over""}]",-113,5.0,3.38,0.5485,,,won,4.424778761061948,2026-09-28T02:19:44Z,auto
2026-09-24T20:56:16Z,straight,32650,draftkings,"[{""event_id"": ""32650"", ""market"": ""player_pass_completions"", ""player"": ""Malik Willis"", ""point"": ""16.5"", ""side"": ""Under""}]",101,5.0,3.35,0.5142,,,lost,-5.0,2026-09-28T02:19:44Z,auto
2026-09-24T20:56:16Z,straight,32650,kalshi,"[{""event_id"": ""32650"", ""market"": ""player_receptions"", ""player"": ""Travis Kelce"", ""point"": ""4.5"", ""side"": ""Over""}]",117,5.0,3.02,0.4747,,,lost,-5.0,2026-09-28T02:19:44Z,auto
2026-09-24T20:56:16Z,straight,32653,kalshi,"[{""event_id"": ""32653"", ""market"": ""player_receptions"", ""player"": ""Darnell Mooney"", ""point"": ""1.5"", ""side"": ""Over""}]",122,5.0,3.84,0.4677,,,won,6.099999999999999,2026-09-28T02:19:44Z,auto
2026-09-24T20:56:16Z,straight,32653,kalshi,"[{""event_id"": ""32653"", ""market"": ""player_receptions"", ""player"": ""Malachi Fields"", ""point"": ""2.5"", ""side"": ""Over""}]",156,5.0,4.04,0.4064,,,lost,-5.0,2026-09-28T02:19:44Z,auto
2026-09-24T20:56:16Z,straight,32653,underdog,"[{""event_id"": ""32653"", ""market"": ""player_receptions"", ""player"": ""Malik Nabers"", ""point"": ""4.5"", ""side"": ""Under""}]",-104,5.0,3.03,0.5253,,,lost,-5.0,2026-09-28T02:19:44Z,auto
2026-09-24T20:56:16Z,straight,32652,kalshi,"[{""event_id"": ""32652"", ""market"": ""player_rush_yds"", ""player"": ""Jacory Croskey-Merritt"", ""point"": ""39.5"", ""side"": ""Over""}]",104,5.0,4.89,0.5142,,,lost,-5.0,2026-09-28T02:19:44Z,auto
2026-09-24T20:56:16Z,straight,32657,fanduel,"[{""event_id"": ""32657"", ""market"": ""player_reception_yds"", ""player"": ""Chuba Hubbard"", ""point"": ""15.5"", ""side"": ""Over""}]",108,5.0,3.58,0.498,,,won,5.4,2026-09-28T02:19:44Z,auto
2026-09-24T20:56:16Z,straight,32658,draftkings,"[{""event_id"": ""32658"", ""market"": ""player_receptions"", ""player"": ""Emeka Egbuka"", ""point"": ""3.5"", ""side"": ""Under""}]",130,5.0,6.7,0.4639,,,lost,-5.0,2026-09-28T02:19:44Z,auto
2026-09-24T20:56:16Z,straight,32658,bovada,"[{""event_id"": ""32658"", ""market"": ""player_receptions"", ""player"": ""Emeka Egbuka"", ""point"": ""3.5"", ""side"": ""Under""}]",130,5.0,6.7,0.4639,,,lost,-5.0,2026-09-28T02:19:44Z,auto
2026-09-24T20:56:16Z,straight,32658,hardrock,"[{""event_id"": ""32658"", ""market"": ""player_receptions"", ""player"": ""Emeka Egbuka"", ""point"": ""3.5"", ""side"": ""Under""}]",130,5.0,6.7,0.4639,,,lost,-5.0,2026-09-28T02:19:44Z,auto
2026-09-24T20:56:16Z,straight,23215,draftkings,"[{""event_id"": ""23215"", ""market"": ""player_receptions"", ""player"": ""Javonte Williams"", ""point"": ""2.5"", ""side"": ""Under""}]",120,5.0,3.36,0.4698,,,won,6.000000000000001,2026-09-28T02:19:44Z,auto
2026-09-24T20:56:16Z,straight,23215,hardrock,"[{""event_id"": ""23215"", ""market"": ""player_receptions"", ""player"": ""Javonte Williams"", ""point"": ""2.5"", ""side"": ""Under""}]",120,5.0,3.36,0.4698,,,won,6.000000000000001,2026-09-28T02:19:44Z,auto
2026-09-24T20:56:16Z,straight,23215,bovada,"[{""event_id"": ""23215"", ""market"": ""player_receptions"", ""player"": ""Javonte Williams"", ""point"": ""2.5"", ""side"": ""Under""}]",120,5.0,3.36,0.4698,,,won,6.000000000000001,2026-09-28T02:19:44Z,auto
2026-09-24T20:56:16Z,parlay,"32648,32651",kalshi,"[{""event_id"": ""32648"", ""market"": ""player_receptions"", ""player"": ""Skyy Moore"", ""point"": ""1.5"", ""side"": ""Over""}, {""event_id"": ""32651"", ""market"": ""player_receptions"", ""player"": ""Parker Washington"", ""point"": ""4.5"", ""side"": ""Under""}]",510,5.0,,,,,won,25.5,2026-09-28T02:19:44Z,auto construct=anchor-pure legs=2 independent product
2026-09-24T20:56:16Z,parlay,"32652,32654",kalshi,"[{""event_id"": ""32652"", ""market"": ""player_rush_yds"", ""player"": ""Jacory Croskey-Merritt"", ""point"": ""39.5"", ""side"": ""Over""}, {""event_id"": ""32654"", ""market"": ""player_receptions"", ""player"": ""Jaylin Noel"", ""point"": ""2.5"", ""side"": ""Over""}]",353,5.0,,,,,lost,-5.0,2026-09-28T02:19:44Z,auto construct=anchor-pure legs=2 independent product
2026-09-24T20:56:16Z,parlay,"23215,32653",kalshi,"[{""event_id"": ""23215"", ""market"": ""player_reception_yds"", ""player"": ""George Pickens"", ""point"": ""59.5"", ""side"": ""Under""}, {""event_id"": ""32653"", ""market"": ""player_receptions"", ""player"": ""Malachi Fields"", ""point"": ""2.5"", ""side"": ""Over""}]",432,5.0,,,,,lost,-5.0,2026-09-28T02:19:44Z,auto construct=anchor-pure legs=2 independent product
2026-09-24T20:56:16Z,parlay,"32648,32651,32652",kalshi,"[{""event_id"": ""32648"", ""market"": ""player_receptions"", ""player"": ""Skyy Moore"", ""point"": ""1.5"", ""side"": ""Over""}, {""event_id"": ""32651"", ""market"": ""player_receptions"", ""player"": ""Parker Washington"", ""point"": ""4.5"", ""side"": ""Under""}, {""event_id"": ""32652"", ""market"": ""player_rush_yds"", ""player"": ""Jacory Croskey-Merritt"", ""point"": ""39.5"", ""side"": ""Over""}]",1144,5.0,,,,,lost,-5.0,2026-09-28T02:19:44Z,auto construct=anchor-pure legs=3 independent product
2026-09-24T20:56:16Z,parlay,"32648,32657",underdog,"[{""event_id"": ""32648"", ""market"": ""player_field_goals_made"", ""player"": ""Nick Folk"", ""point"": ""1.5"", ""side"": ""Under""}, {""event_id"": ""32657"", ""market"": ""player_receptions"", ""player"": ""Tetairoa McMillan"", ""point"": ""4.5"", ""side"": ""Over""}]",285,5.0,,,,,lost,-5.0,2026-09-28T02:19:44Z,auto construct=anchor-pure legs=2 independent product
2026-09-24T20:56:16Z,parlay,"32653,32659",underdog,"[{""event_id"": ""32659"", ""market"": ""player_pass_completions"", ""player"": ""Jacoby Brissett"", ""point"": ""21.5"", ""side"": ""Over""}, {""event_id"": ""32653"", ""market"": ""player_receptions"", ""player"": ""Malik Nabers"", ""point"": ""4.5"", ""side"": ""Under""}]",287,5.0,,,,,lost,-5.0,2026-09-28T02:19:44Z,auto construct=anchor-pure legs=2 independent product
2026-09-24T20:56:16Z,parlay,"23215,32648",hardrock,"[{""event_id"": ""23215"", ""market"": ""player_receptions"", ""player"": ""Javonte Williams"", ""point"": ""2.5"", ""side"": ""Under""}, {""event_id"": ""32648"", ""market"": ""player_pass_tds"", ""player"": ""Jordan Love"", ""point"": ""1.5"", ""side"": ""Under""}]",362,5.0,,,,,lost,-5.0,2026-09-28T02:19:44Z,auto construct=anchor-pure legs=2 independent product
2026-09-24T20:56:16Z,parlay,"32648,32656",draftkings,"[{""event_id"": ""32648"", ""market"": ""player_receptions"", ""player"": ""Skyy Moore"", ""point"": ""1.5"", ""side"": ""Over""}, {""event_id"": ""32656"", ""market"": ""player_receptions"", ""player"": ""Garrett Wilson"", ""point"": ""5.5"", ""side"": ""Under""}]",359,5.0,,,,,lost,-5.0,2026-09-28T02:19:44Z,auto construct=anchor-pure legs=2 independent product
2026-09-24T20:56:16Z,parlay,"23215,32657",draftkings,"[{""event_id"": ""32657"", ""market"": ""player_rush_attempts"", ""player"": ""Chuba Hubbard"", ""point"": ""17.5"", ""side"": ""Over""}, {""event_id"": ""23215"", ""market"": ""player_receptions"", ""player"": ""Javonte Williams"", ""point"": ""2.5"", ""side"": ""Under""}]",334,5.0,,,,,won,16.7,2026-09-28T02:19:44Z,auto construct=anchor-pure legs=2 independent product
2026-09-24T20:56:16Z,parlay,"32648,32653,32654",draftkings,"[{""event_id"": ""32653"", ""market"": ""player_receptions"", ""player"": ""Darnell Mooney"", ""point"": ""1.5"", ""side"": ""Over""}, {""event_id"": ""32654"", ""market"": ""player_receptions"", ""player"": ""Dalton Schultz"", ""point"": ""5.5"", ""side"": ""Under""}, {""event_id"": ""32648"", ""market"": ""player_receptions"", ""player"": ""Skyy Moore"", ""point"": ""1.5"", ""side"": ""Over""}]",891,5.0,,,,,won,44.55,2026-09-28T02:19:44Z,auto construct=anchor-pure legs=3 independent product
2026-09-24T20:56:16Z,parlay,"32648,32656",bovada,"[{""event_id"": ""32656"", ""market"": ""player_receptions"", ""player"": ""Garrett Wilson"", ""point"": ""5.5"", ""side"": ""Under""}, {""event_id"": ""32648"", ""market"": ""player_receptions"", ""player"": ""Tucker Kraft"", ""point"": ""3.5"", ""side"": ""Under""}]",349,5.0,,,,,lost,-5.0,2026-09-28T02:19:44Z,auto construct=anchor-pure legs=2 independent product
2026-09-24T20:56:16Z,parlay,"32653,32654,32656",bovada,"[{""event_id"": ""32653"", ""market"": ""player_receptions"", ""player"": ""Darnell Mooney"", ""point"": ""1.5"", ""side"": ""Over""}, {""event_id"": ""32654"", ""market"": ""player_receptions"", ""player"": ""Dalton Schultz"", ""point"": ""5.5"", ""side"": ""Under""}, {""event_id"": ""32656"", ""market"": ""player_receptions"", ""player"": ""Garrett Wilson"", ""point"": ""5.5"", ""side"": ""Under""}]",723,5.0,,,,,lost,-5.0,2026-09-28T02:19:44Z,auto construct=anchor-pure legs=3 independent product
2026-09-24T20:56:16Z,parlay,"32653,32658",draftkings,"[{""event_id"": ""32653"", ""market"": ""player_receptions"", ""player"": ""Darnell Mooney"", ""point"": ""1.5"", ""side"": ""Over""}, {""event_id"": ""32658"", ""market"": ""player_receptions"", ""player"": ""Emeka Egbuka"", ""point"": ""3.5"", ""side"": ""Under""}]",429,5.0,,,,,lost,-5.0,2026-09-28T02:19:44Z,auto construct=ev-ranked legs=2 independent product
2026-09-24T20:56:16Z,parlay,"32648,32654",draftkings,"[{""event_id"": ""32654"", ""market"": ""player_receptions"", ""player"": ""Dalton Schultz"", ""point"": ""5.5"", ""side"": ""Under""}, {""event_id"": ""32648"", ""market"": ""player_receptions"", ""player"": ""Skyy Moore"", ""point"": ""1.5"", ""side"": ""Over""}]",331,5.0,,,,,won,16.550000000000004,2026-09-28T02:19:44Z,auto construct=ev-ranked legs=2 independent product
2026-09-24T20:56:16Z,parlay,"32656,32657",draftkings,"[{""event_id"": ""32656"", ""market"": ""player_receptions"", ""player"": ""Garrett Wilson"", ""point"": ""5.5"", ""side"": ""Under""}, {""event_id"": ""32657"", ""market"": ""player_rush_attempts"", ""player"": ""Chuba Hubbard"", ""point"": ""17.5"", ""side"": ""Over""}]",285,5.0,,,,,lost,-5.0,2026-09-28T02:19:44Z,auto construct=ev-ranked legs=2 independent product
2026-09-24T20:56:16Z,parlay,"32653,32654,32658",draftkings,"[{""event_id"": ""32653"", ""market"": ""player_receptions"", ""player"": ""Darnell Mooney"", ""point"": ""1.5"", ""side"": ""Over""}, {""event_id"": ""32658"", ""market"": ""player_receptions"", ""player"": ""Emeka Egbuka"", ""point"": ""3.5"", ""side"": ""Under""}, {""event_id"": ""32654"", ""market"": ""player_receptions"", ""player"": ""Dalton Schultz"", ""point"": ""5.5"", ""side"": ""Under""}]",870,5.0,,,,,lost,-5.0,2026-09-28T02:19:44Z,auto construct=ev-ranked legs=3 independent product
2026-09-24T20:56:16Z,parlay,"32654,32658",hardrock,"[{""event_id"": ""32658"", ""market"": ""player_receptions"", ""player"": ""Emeka Egbuka"", ""point"": ""3.5"", ""side"": ""Under""}, {""event_id"": ""32654"", ""market"": ""player_receptions"", ""player"": ""Josh Downs"", ""point"": ""5.5"", ""side"": ""Over""}]",464,5.0,,,,,lost,-5.0,2026-09-28T02:19:44Z,auto construct=ev-ranked legs=2 independent product
2026-09-24T20:56:16Z,parlay,"23215,32655",hardrock,"[{""event_id"": ""23215"", ""market"": ""player_receptions"", ""player"": ""Javonte Williams"", ""point"": ""2.5"", ""side"": ""Under""}, {""event_id"": ""32655"", ""market"": ""player_rush_attempts"", ""player"": ""Justin Herbert"", ""point"": ""4.5"", ""side"": ""Over""}]",330,5.0,,,,,lost,-5.0,2026-09-28T02:19:44Z,auto construct=ev-ranked legs=2 independent product
2026-09-24T20:56:16Z,parlay,"32648,32654,32658",hardrock,"[{""event_id"": ""32658"", ""market"": ""player_receptions"", ""player"": ""Emeka Egbuka"", ""point"": ""3.5"", ""side"": ""Under""}, {""event_id"": ""32654"", ""market"": ""player_receptions"", ""player"": ""Josh Downs"", ""point"": ""5.5"", ""side"": ""Over""}, {""event_id"": ""32648"", ""market"": ""player_field_goals_made"", ""player"": ""Trey Smack"", ""point"": ""1.5"", ""side"": ""Under""}]",1140,5.0,,,,,lost,-5.0,2026-09-28T02:19:44Z,auto construct=ev-ranked legs=3 independent product
2026-09-24T20:56:16Z,parlay,"32648,32657",fanduel,"[{""event_id"": ""32648"", ""market"": ""player_receptions"", ""player"": ""Austin Hooper"", ""point"": ""0.5"", ""side"": ""Under""}, {""event_id"": ""32657"", ""market"": ""player_reception_yds"", ""player"": ""Chuba Hubbard"", ""point"": ""15.5"", ""side"": ""Over""}]",304,5.0,,,,,lost,-5.0,2026-09-28T02:19:44Z,auto construct=ev-ranked legs=2 independent product
2026-09-24T20:56:16Z,parlay,"32653,32658",bovada,"[{""event_id"": ""32653"", ""market"": ""player_receptions"", ""player"": ""Darnell Mooney"", ""point"": ""1.5"", ""side"": ""Over""}, {""event_id"": ""32658"", ""market"": ""player_receptions"", ""player"": ""Emeka Egbuka"", ""point"": ""3.5"", ""side"": ""Under""}]",429,5.0,,,,,lost,-5.0,2026-09-28T02:19:44Z,auto construct=ev-ranked legs=2 independent product
2026-09-24T20:56:16Z,parlay,"32654,32656",bovada,"[{""event_id"": ""32654"", ""market"": ""player_receptions"", ""player"": ""Dalton Schultz"", ""point"": ""5.5"", ""side"": ""Under""}, {""event_id"": ""32656"", ""market"": ""player_receptions"", ""player"": ""Garrett Wilson"", ""point"": ""5.5"", ""side"": ""Under""}]",258,5.0,,,,,lost,-5.0,2026-09-28T02:19:45Z,auto construct=ev-ranked legs=2 independent product
2026-09-24T20:56:16Z,parlay,"23215,32648",bovada,"[{""event_id"": ""32648"", ""market"": ""player_receptions"", ""player"": ""Tucker Kraft"", ""point"": ""3.5"", ""side"": ""Under""}, {""event_id"": ""23215"", ""market"": ""player_receptions"", ""player"": ""Javonte Williams"", ""point"": ""2.5"", ""side"": ""Under""}]",406,5.0,,,,,lost,-5.0,2026-09-28T02:19:45Z,auto construct=ev-ranked legs=2 independent product
2026-09-24T20:56:16Z,parlay,"32653,32654,32658",bovada,"[{""event_id"": ""32653"", ""market"": ""player_receptions"", ""player"": ""Darnell Mooney"", ""point"": ""1.5"", ""side"": ""Over""}, {""event_id"": ""32658"", ""market"": ""player_receptions"", ""player"": ""Emeka Egbuka"", ""point"": ""3.5"", ""side"": ""Under""}, {""event_id"": ""32654"", ""market"": ""player_receptions"", ""player"": ""Dalton Schultz"", ""point"": ""5.5"", ""side"": ""Under""}]",870,5.0,,,,,lost,-5.0,2026-09-28T02:19:45Z,auto construct=ev-ranked legs=3 independent product
2026-09-24T20:56:18Z,sgp,32648,fanduel,"[{""event_id"": ""32648"", ""market"": ""player_receptions"", ""player"": ""Skyy Moore"", ""point"": ""1.5"", ""side"": ""Over""}, {""event_id"": ""32648"", ""market"": ""player_pass_tds"", ""player"": ""Jordan Love"", ""point"": ""1.5"", ""side"": ""Over""}]",249,5.0,,,0.8456,True,won,12.450000000000001,2026-09-25T10:46:11Z,auto construct=stack independent_price=313
2026-09-24T20:56:23Z,sgp,32648,draftkings,"[{""event_id"": ""32648"", ""market"": ""player_receptions"", ""player"": ""Skyy Moore"", ""point"": ""1.5"", ""side"": ""Over""}, {""event_id"": ""32648"", ""market"": ""player_pass_tds"", ""player"": ""Jordan Love"", ""point"": ""1.5"", ""side"": ""Over""}]",288,5.0,,,0.9107,True,won,14.399999999999999,2026-09-25T10:46:11Z,auto construct=stack independent_price=326
2026-09-24T20:56:27Z,sgp,32648,fanduel,"[{""event_id"": ""32648"", ""market"": ""player_receptions"", ""player"": ""Skyy Moore"", ""point"": ""1.5"", ""side"": ""Over""}, {""event_id"": ""32648"", ""market"": ""player_rush_yds"", ""player"": ""MarShawn Lloyd"", ""point"": ""29.5"", ""side"": ""Over""}]",334,5.0,,,0.9152,True,lost,-5.0,2026-09-25T10:46:11Z,auto construct=stranger independent_price=375
2026-09-24T20:56:29Z,sgp,32648,draftkings,"[{""event_id"": ""32648"", ""market"": ""player_receptions"", ""player"": ""Skyy Moore"", ""point"": ""1.5"", ""side"": ""Over""}, {""event_id"": ""32648"", ""market"": ""player_rush_yds"", ""player"": ""MarShawn Lloyd"", ""point"": ""29.5"", ""side"": ""Over""}]",405,5.0,,,0.9467,True,lost,-5.0,2026-09-25T10:46:11Z,auto construct=stranger independent_price=433
2026-09-24T20:57:18Z,sgp,32651,fanduel,"[{""event_id"": ""32651"", ""market"": ""player_receptions"", ""player"": ""Parker Washington"", ""point"": ""4.5"", ""side"": ""Under""}, {""event_id"": ""32651"", ""market"": ""player_reception_yds"", ""player"": ""Jakobi Meyers"", ""point"": ""34.5"", ""side"": ""Over""}]",261,5.0,,,0.9081,True,won,13.049999999999999,2026-09-28T02:19:45Z,auto construct=stranger independent_price=298
2026-09-24T20:57:22Z,sgp,32656,fanduel,"[{""event_id"": ""32656"", ""market"": ""player_receptions"", ""player"": ""Garrett Wilson"", ""point"": ""5.5"", ""side"": ""Under""}, {""event_id"": ""32656"", ""market"": ""player_receptions"", ""player"": ""Breece Hall"", ""point"": ""3.5"", ""side"": ""Over""}]",280,5.0,,,0.9508,True,lost,-5.0,2026-09-28T02:19:45Z,auto construct=stranger independent_price=300
2026-09-24T20:57:29Z,sgp,32656,draftkings,"[{""event_id"": ""32656"", ""market"": ""player_receptions"", ""player"": ""Garrett Wilson"", ""point"": ""5.5"", ""side"": ""Under""}, {""event_id"": ""32656"", ""market"": ""player_receptions"", ""player"": ""Breece Hall"", ""point"": ""3.5"", ""side"": ""Over""}]",298,5.0,,,0.9141,True,lost,-5.0,2026-09-28T02:19:45Z,auto construct=stranger independent_price=335
2026-09-24T20:57:33Z,sgp,32654,fanduel,"[{""event_id"": ""32654"", ""market"": ""player_receptions"", ""player"": ""Dalton Schultz"", ""point"": ""5.5"", ""side"": ""Under""}, {""event_id"": ""32654"", ""market"": ""player_receptions"", ""player"": ""Jaylin Noel"", ""point"": ""2.5"", ""side"": ""Over""}]",231,5.0,,,0.94,True,lost,-5.0,2026-09-28T02:19:45Z,auto construct=stranger independent_price=253
2026-09-24T20:57:38Z,sgp,32654,draftkings,"[{""event_id"": ""32654"", ""market"": ""player_receptions"", ""player"": ""Dalton Schultz"", ""point"": ""5.5"", ""side"": ""Under""}, {""event_id"": ""32654"", ""market"": ""player_receptions"", ""player"": ""Jaylin Noel"", ""point"": ""2.5"", ""side"": ""Over""}]",256,5.0,,,0.9468,True,lost,-5.0,2026-09-28T02:19:45Z,auto construct=stranger independent_price=276
2026-09-24T20:57:44Z,sgp,32650,draftkings,"[{""event_id"": ""32650"", ""market"": ""player_pass_completions"", ""player"": ""Malik Willis"", ""point"": ""16.5"", ""side"": ""Under""}, {""event_id"": ""32650"", ""market"": ""player_receptions"", ""player"": ""Travis Kelce"", ""point"": ""4.5"", ""side"": ""Over""}]",244,5.0,,,0.8847,True,lost,-5.0,2026-09-28T02:19:45Z,auto construct=stranger independent_price=289
2026-09-24T20:57:46Z,sgp,23215,fanduel,"[{""event_id"": ""23215"", ""market"": ""player_reception_yds"", ""player"": ""George Pickens"", ""point"": ""59.5"", ""side"": ""Under""}, {""event_id"": ""23215"", ""market"": ""player_receptions"", ""player"": ""Javonte Williams"", ""point"": ""2.5"", ""side"": ""Under""}]",262,5.0,,,0.8946,True,lost,-5.0,2026-09-28T02:19:45Z,auto construct=stranger independent_price=305
2026-09-25T02:14:47Z,straight,32655,hardrock,"[{""event_id"": ""32655"", ""market"": ""player_reception_yds"", ""player"": ""Khalil Shakir"", ""point"": ""24.5"", ""side"": ""Under""}]",230,5.0,15.76,0.3508,,,won,11.5,2026-09-28T02:19:45Z,auto
2026-09-25T02:14:47Z,straight,32651,hardrock,"[{""event_id"": ""32651"", ""market"": ""player_receptions"", ""player"": ""Brian Thomas Jr."", ""point"": ""2.5"", ""side"": ""Under""}]",135,5.0,4.12,0.4431,,,won,6.75,2026-09-28T02:19:45Z,auto
2026-09-25T02:14:47Z,straight,32654,draftkings,"[{""event_id"": ""32654"", ""market"": ""player_receptions"", ""player"": ""Jaylin Noel"", ""point"": ""2.5"", ""side"": ""Over""}]",123,5.0,5.22,0.4718,,,lost,-5.0,2026-09-28T02:19:45Z,auto
2026-09-25T02:14:47Z,straight,32654,kalshi,"[{""event_id"": ""32654"", ""market"": ""player_receptions"", ""player"": ""Jonathan Taylor"", ""point"": ""2.5"", ""side"": ""Under""}]",144,5.0,3.66,0.4248,,,won,7.199999999999999,2026-09-28T02:19:45Z,auto
2026-09-25T02:14:47Z,straight,32653,kalshi,"[{""event_id"": ""32653"", ""market"": ""player_receptions"", ""player"": ""Gunnar Helm"", ""point"": ""2.5"", ""side"": ""Over""}]",-104,5.0,3.6,0.5282,,,lost,-5.0,2026-09-28T02:19:45Z,auto
2026-09-25T02:14:47Z,straight,23215,kalshi,"[{""event_id"": ""23215"", ""market"": ""player_receptions"", ""player"": ""Javonte Williams"", ""point"": ""2.5"", ""side"": ""Under""}]",122,5.0,4.29,0.4698,,,won,6.099999999999999,2026-09-28T02:19:45Z,auto
2026-09-25T02:14:47Z,straight,32662,kalshi,"[{""event_id"": ""32662"", ""market"": ""player_rush_yds"", ""player"": ""Jalen Hurts"", ""point"": ""24.5"", ""side"": ""Over""}]",108,5.0,4.0,0.5,,,won,5.4,2026-09-29T11:42:30Z,auto
2026-09-25T02:14:47Z,parlay,"32651,32653",kalshi,"[{""event_id"": ""32653"", ""market"": ""player_receptions"", ""player"": ""Malachi Fields"", ""point"": ""2.5"", ""side"": ""Over""}, {""event_id"": ""32651"", ""market"": ""player_receptions"", ""player"": ""Parker Washington"", ""point"": ""4.5"", ""side"": ""Under""}]",557,5.0,,,,,lost,-5.0,2026-09-28T02:19:45Z,auto construct=anchor-pure legs=2 independent product
2026-09-25T02:14:47Z,parlay,"23215,32662",kalshi,"[{""event_id"": ""23215"", ""market"": ""player_reception_yds"", ""player"": ""George Pickens"", ""point"": ""59.5"", ""side"": ""Under""}, {""event_id"": ""32662"", ""market"": ""player_rush_yds"", ""player"": ""Jalen Hurts"", ""point"": ""24.5"", ""side"": ""Over""}]",333,5.0,,,,,lost,-5.0,2026-09-28T15:30:34Z,auto construct=anchor-pure legs=2 independent product
2026-09-25T02:14:47Z,parlay,"32651,32652,32653",kalshi,"[{""event_id"": ""32653"", ""market"": ""player_receptions"", ""player"": ""Malachi Fields"", ""point"": ""2.5"", ""side"": ""Over""}, {""event_id"": ""32651"", ""market"": ""player_receptions"", ""player"": ""Parker Washington"", ""point"": ""4.5"", ""side"": ""Under""}, {""event_id"": ""32652"", ""market"": ""player_rush_yds"", ""player"": ""Jacory Croskey-Merritt"", ""point"": ""39.5"", ""side"": ""Over""}]",1241,5.0,,,,,lost,-5.0,2026-09-28T02:19:45Z,auto construct=anchor-pure legs=3 independent product
2026-09-25T02:14:47Z,parlay,"23215,32653",draftkings,"[{""event_id"": ""32653"", ""market"": ""player_receptions"", ""player"": ""Darnell Mooney"", ""point"": ""1.5"", ""side"": ""Over""}, {""event_id"": ""23215"", ""market"": ""player_receptions"", ""player"": ""Javonte Williams"", ""point"": ""2.5"", ""side"": ""Under""}]",420,5.0,,,,,won,21.0,2026-09-28T02:19:45Z,auto construct=anchor-pure legs=2 independent product
2026-09-25T02:14:47Z,parlay,"32654,32656",draftkings,"[{""event_id"": ""32654"", ""market"": ""player_receptions"", ""player"": ""Jaylin Noel"", ""point"": ""2.5"", ""side"": ""Over""}, {""event_id"": ""32656"", ""market"": ""player_receptions"", ""player"": ""Garrett Wilson"", ""point"": ""5.5"", ""side"": ""Under""}]",335,5.0,,,,,lost,-5.0,2026-09-28T02:19:45Z,auto construct=anchor-pure legs=2 independent product
2026-09-25T02:14:47Z,parlay,"32650,32657",draftkings,"[{""event_id"": ""32657"", ""market"": ""player_rush_attempts"", ""player"": ""Chuba Hubbard"", ""point"": ""17.5"", ""side"": ""Over""}, {""event_id"": ""32650"", ""market"": ""player_pass_completions"", ""player"": ""Malik Willis"", ""point"": ""16.5"", ""side"": ""Under""}]",296,5.0,,,,,lost,-5.0,2026-09-28T02:19:45Z,auto construct=anchor-pure legs=2 independent product
2026-09-25T02:14:47Z,parlay,"23215,32653,32654",draftkings,"[{""event_id"": ""32653"", ""market"": ""player_receptions"", ""player"": ""Darnell Mooney"", ""point"": ""1.5"", ""side"": ""Over""}, {""event_id"": ""23215"", ""market"": ""player_receptions"", ""player"": ""Javonte Williams"", ""point"": ""2.5"", ""side"": ""Under""}, {""event_id"": ""32654"", ""market"": ""player_receptions"", ""player"": ""Jaylin Noel"", ""point"": ""2.5"", ""side"": ""Over""}]",1059,5.0,,,,,lost,-5.0,2026-09-28T02:19:45Z,auto construct=anchor-pure legs=3 independent product
2026-09-25T02:14:47Z,parlay,"32657,32659",underdog,"[{""event_id"": ""32657"", ""market"": ""player_receptions"", ""player"": ""Tetairoa McMillan"", ""point"": ""4.5"", ""side"": ""Over""}, {""event_id"": ""32659"", ""market"": ""player_pass_completions"", ""player"": ""Jacoby Brissett"", ""point"": ""21.5"", ""side"": ""Over""}]",290,5.0,,,,,lost,-5.0,2026-09-28T02:19:45Z,auto construct=anchor-pure legs=2 independent product
2026-09-25T02:14:47Z,parlay,"32653,32657,32659",underdog,"[{""event_id"": ""32657"", ""market"": ""player_receptions"", ""player"": ""Tetairoa McMillan"", ""point"": ""4.5"", ""side"": ""Over""}, {""event_id"": ""32659"", ""market"": ""player_pass_completions"", ""player"": ""Jacoby Brissett"", ""point"": ""21.5"", ""side"": ""Over""}, {""event_id"": ""32653"", ""market"": ""player_receptions"", ""player"": ""Malik Nabers"", ""point"": ""4.5"", ""side"": ""Under""}]",666,5.0,,,,,lost,-5.0,2026-09-28T02:19:45Z,auto construct=anchor-pure legs=3 independent product
2026-09-25T02:14:47Z,parlay,"23215,32656",bovada,"[{""event_id"": ""23215"", ""market"": ""player_receptions"", ""player"": ""Javonte Williams"", ""point"": ""2.5"", ""side"": ""Under""}, {""event_id"": ""32656"", ""market"": ""player_receptions"", ""player"": ""Garrett Wilson"", ""point"": ""5.5"", ""side"": ""Under""}]",339,5.0,,,,,lost,-5.0,2026-09-28T02:19:45Z,auto construct=anchor-pure legs=2 independent product
2026-09-25T02:14:47Z,parlay,"23215,32653,32654",bovada,"[{""event_id"": ""32653"", ""market"": ""player_receptions"", ""player"": ""Darnell Mooney"", ""point"": ""1.5"", ""side"": ""Over""}, {""event_id"": ""32654"", ""market"": ""player_receptions"", ""player"": ""Dalton Schultz"", ""point"": ""5.5"", ""side"": ""Under""}, {""event_id"": ""23215"", ""market"": ""player_receptions"", ""player"": ""Javonte Williams"", ""point"": ""2.5"", ""side"": ""Under""}]",849,5.0,,,,,won,42.45,2026-09-28T02:19:45Z,auto construct=anchor-pure legs=3 independent product
2026-09-25T02:14:47Z,parlay,"23215,32654",draftkings,"[{""event_id"": ""23215"", ""market"": ""player_receptions"", ""player"": ""Javonte Williams"", ""point"": ""2.5"", ""side"": ""Under""}, {""event_id"": ""32654"", ""market"": ""player_receptions"", ""player"": ""Jaylin Noel"", ""point"": ""2.5"", ""side"": ""Over""}]",404,5.0,,,,,lost,-5.0,2026-09-28T02:19:45Z,auto construct=ev-ranked legs=2 independent product
2026-09-25T02:14:47Z,parlay,"23215,32653,32658",draftkings,"[{""event_id"": ""32653"", ""market"": ""player_receptions"", ""player"": ""Darnell Mooney"", ""point"": ""1.5"", ""side"": ""Over""}, {""event_id"": ""32658"", ""market"": ""player_receptions"", ""player"": ""Emeka Egbuka"", ""point"": ""3.5"", ""side"": ""Under""}, {""event_id"": ""23215"", ""market"": ""player_receptions"", ""player"": ""Javonte Williams"", ""point"": ""2.5"", ""side"": ""Under""}]",1096,5.0,,,,,lost,-5.0,2026-09-28T02:19:45Z,auto construct=ev-ranked legs=3 independent product
2026-09-25T02:14:47Z,parlay,"23215,32654",bovada,"[{""event_id"": ""32654"", ""market"": ""player_receptions"", ""player"": ""Dalton Schultz"", ""point"": ""5.5"", ""side"": ""Under""}, {""event_id"": ""23215"", ""market"": ""player_receptions"", ""player"": ""Javonte Williams"", ""point"": ""2.5"", ""side"": ""Under""}]",312,5.0,,,,,won,15.600000000000001,2026-09-28T02:19:45Z,auto construct=ev-ranked legs=2 independent product
2026-09-25T02:14:47Z,parlay,"32655,32658",hardrock,"[{""event_id"": ""32655"", ""market"": ""player_reception_yds"", ""player"": ""Khalil Shakir"", ""point"": ""24.5"", ""side"": ""Under""}, {""event_id"": ""32658"", ""market"": ""player_receptions"", ""player"": ""Emeka Egbuka"", ""point"": ""3.5"", ""side"": ""Under""}]",659,5.0,,,,,lost,-5.0,2026-09-28T02:19:45Z,auto construct=ev-ranked legs=2 independent product
2026-09-25T02:14:47Z,parlay,"32651,32654",hardrock,"[{""event_id"": ""32651"", ""market"": ""player_receptions"", ""player"": ""Brian Thomas Jr."", ""point"": ""2.5"", ""side"": ""Under""}, {""event_id"": ""32654"", ""market"": ""player_receptions"", ""player"": ""Josh Downs"", ""point"": ""5.5"", ""side"": ""Over""}]",476,5.0,,,,,lost,-5.0,2026-09-28T02:19:45Z,auto construct=ev-ranked legs=2 independent product
2026-09-25T02:14:47Z,parlay,"23215,32662",hardrock,"[{""event_id"": ""32662"", ""market"": ""player_reception_yds"", ""player"": ""Dontayvion Wicks"", ""point"": ""39.5"", ""side"": ""Under""}, {""event_id"": ""23215"", ""market"": ""player_receptions"", ""player"": ""Javonte Williams"", ""point"": ""2.5"", ""side"": ""Under""}]",330,5.0,,,,,won,16.5,2026-09-29T11:42:30Z,auto construct=ev-ranked legs=2 independent product
2026-09-25T02:14:47Z,parlay,"32651,32655,32658",hardrock,"[{""event_id"": ""32655"", ""market"": ""player_reception_yds"", ""player"": ""Khalil Shakir"", ""point"": ""24.5"", ""side"": ""Under""}, {""event_id"": ""32658"", ""market"": ""player_receptions"", ""player"": ""Emeka Egbuka"", ""point"": ""3.5"", ""side"": ""Under""}, {""event_id"": ""32651"", ""market"": ""player_receptions"", ""player"": ""Brian Thomas Jr."", ""point"": ""2.5"", ""side"": ""Under""}]",1684,5.0,,,,,lost,-5.0,2026-09-28T02:19:45Z,auto construct=ev-ranked legs=3 independent product
2026-09-25T02:15:02Z,sgp,32653,fanduel,"[{""event_id"": ""32653"", ""market"": ""player_receptions"", ""player"": ""Darnell Mooney"", ""point"": ""1.5"", ""side"": ""Over""}, {""event_id"": ""32653"", ""market"": ""player_receptions"", ""player"": ""Malachi Fields"", ""point"": ""2.5"", ""side"": ""Over""}]",313,5.0,,,0.8474,True,lost,-5.0,2026-09-28T02:19:45Z,auto construct=stranger independent_price=388
2026-09-25T02:15:04Z,sgp,32653,draftkings,"[{""event_id"": ""32653"", ""market"": ""player_receptions"", ""player"": ""Darnell Mooney"", ""point"": ""1.5"", ""side"": ""Over""}, {""event_id"": ""32653"", ""market"": ""player_receptions"", ""player"": ""Malachi Fields"", ""point"": ""2.5"", ""side"": ""Over""}]",365,5.0,,,0.883,True,lost,-5.0,2026-09-28T02:19:45Z,auto construct=stranger independent_price=427
2026-09-25T10:46:01Z,straight,32653,bovada,"[{""event_id"": ""32653"", ""market"": ""player_receptions"", ""player"": ""Darnell Mooney"", ""point"": ""1.5"", ""side"": ""Under""}]",-105,5.0,3.52,0.5302,,,lost,-5.0,2026-09-28T02:19:45Z,auto
2026-09-25T10:46:01Z,straight,32653,fanduel,"[{""event_id"": ""32653"", ""market"": ""player_receptions"", ""player"": ""Tony Pollard"", ""point"": ""1.5"", ""side"": ""Over""}]",144,5.0,3.66,0.4248,,,won,7.199999999999999,2026-09-28T02:19:45Z,auto
2026-09-25T10:46:01Z,straight,32657,kalshi,"[{""event_id"": ""32657"", ""market"": ""player_receptions"", ""player"": ""Darren Waller"", ""point"": ""2.5"", ""side"": ""Over""}]",133,5.0,3.72,0.4452,,,won,6.65,2026-09-28T02:19:45Z,auto
2026-09-25T10:46:01Z,straight,32658,kalshi,"[{""event_id"": ""32658"", ""market"": ""player_receptions"", ""player"": ""Emeka Egbuka"", ""point"": ""4.5"", ""side"": ""Over""}]",144,5.0,4.5,0.4283,,,won,7.199999999999999,2026-09-28T02:19:45Z,auto
2026-09-25T10:46:01Z,straight,23215,draftkings,"[{""event_id"": ""23215"", ""market"": ""player_rush_attempts"", ""player"": ""Derrick Henry"", ""point"": ""18.5"", ""side"": ""Under""}]",-109,5.0,3.14,0.5379,,,lost,-5.0,2026-09-28T02:19:46Z,auto
2026-09-25T10:46:01Z,straight,32660,underdog,"[{""event_id"": ""32660"", ""market"": ""player_rush_longest"", ""player"": ""Tyler Shough"", ""point"": ""8.5"", ""side"": ""Over""}]",-102,5.0,3.04,0.5203,,,won,4.901960784313726,2026-09-28T02:19:46Z,auto
2026-09-25T10:46:01Z,straight,32662,underdog,"[{""event_id"": ""32662"", ""market"": ""player_reception_yds"", ""player"": ""Colston Loveland"", ""point"": ""39.5"", ""side"": ""Under""}]",-108,5.0,22.86,0.6379,,,won,4.62962962962963,2026-09-29T11:42:30Z,auto
2026-09-25T10:46:01Z,straight,32662,underdog,"[{""event_id"": ""32662"", ""market"": ""player_receptions"", ""player"": ""Rome Odunze"", ""point"": ""2.5"", ""side"": ""Under""}]",-106,5.0,5.1,0.5408,,,lost,-5.0,2026-09-29T11:42:30Z,auto
2026-09-25T10:46:01Z,parlay,"32651,32652",kalshi,"[{""event_id"": ""32651"", ""market"": ""player_receptions"", ""player"": ""Parker Washington"", ""point"": ""4.5"", ""side"": ""Under""}, {""event_id"": ""32652"", ""market"": ""player_rush_yds"", ""player"": ""Jacory Croskey-Merritt"", ""point"": ""39.5"", ""side"": ""Over""}]",410,5.0,,,,,lost,-5.0,2026-09-28T02:19:46Z,auto construct=anchor-pure legs=2 independent product
2026-09-25T10:46:01Z,parlay,"32654,32658",kalshi,"[{""event_id"": ""32654"", ""market"": ""player_receptions"", ""player"": ""Jaylin Noel"", ""point"": ""2.5"", ""side"": ""Over""}, {""event_id"": ""32658"", ""market"": ""player_receptions"", ""player"": ""Emeka Egbuka"", ""point"": ""4.5"", ""side"": ""Over""}]",442,5.0,,,,,lost,-5.0,2026-09-28T02:19:46Z,auto construct=anchor-pure legs=2 independent product
2026-09-25T10:46:01Z,parlay,"32651,32652,32654",kalshi,"[{""event_id"": ""32651"", ""market"": ""player_receptions"", ""player"": ""Parker Washington"", ""point"": ""4.5"", ""side"": ""Under""}, {""event_id"": ""32652"", ""market"": ""player_rush_yds"", ""player"": ""Jacory Croskey-Merritt"", ""point"": ""39.5"", ""side"": ""Over""}, {""event_id"": ""32654"", ""market"": ""player_receptions"", ""player"": ""Jaylin Noel"", ""point"": ""2.5"", ""side"": ""Over""}]",1032,5.0,,,,,lost,-5.0,2026-09-28T02:19:46Z,auto construct=anchor-pure legs=3 independent product
2026-09-25T10:46:01Z,parlay,"32657,32662",underdog,"[{""event_id"": ""32657"", ""market"": ""player_receptions"", ""player"": ""Tetairoa McMillan"", ""point"": ""4.5"", ""side"": ""Over""}, {""event_id"": ""32662"", ""market"": ""player_receptions"", ""player"": ""Rome Odunze"", ""point"": ""2.5"", ""side"": ""Under""}]",285,5.0,,,,,lost,-5.0,2026-09-28T15:30:34Z,auto construct=anchor-pure legs=2 independent product
2026-09-25T10:46:01Z,parlay,"32657,32659,32662",underdog,"[{""event_id"": ""32657"", ""market"": ""player_receptions"", ""player"": ""Tetairoa McMillan"", ""point"": ""4.5"", ""side"": ""Over""}, {""event_id"": ""32662"", ""market"": ""player_receptions"", ""player"": ""Rome Odunze"", ""point"": ""2.5"", ""side"": ""Under""}, {""event_id"": ""32659"", ""market"": ""player_pass_completions"", ""player"": ""Jacoby Brissett"", ""point"": ""21.5"", ""side"": ""Over""}]",659,5.0,,,,,lost,-5.0,2026-09-28T15:30:34Z,auto construct=anchor-pure legs=3 independent product
2026-09-25T10:46:01Z,parlay,"32653,32657",fanduel,"[{""event_id"": ""32653"", ""market"": ""player_receptions"", ""player"": ""Tony Pollard"", ""point"": ""1.5"", ""side"": ""Over""}, {""event_id"": ""32657"", ""market"": ""player_reception_yds"", ""player"": ""Chuba Hubbard"", ""point"": ""15.5"", ""side"": ""Over""}]",408,5.0,,,,,won,20.4,2026-09-28T02:19:46Z,auto construct=anchor-pure legs=2 independent product
2026-09-25T10:46:01Z,parlay,"32657,32662",underdog,"[{""event_id"": ""32662"", ""market"": ""player_reception_yds"", ""player"": ""Colston Loveland"", ""point"": ""39.5"", ""side"": ""Under""}, {""event_id"": ""32657"", ""market"": ""player_receptions"", ""player"": ""Tetairoa McMillan"", ""point"": ""4.5"", ""side"": ""Over""}]",281,5.0,,,,,lost,-5.0,2026-09-28T15:30:34Z,auto construct=ev-ranked legs=2 independent product
2026-09-25T10:46:01Z,parlay,"32659,32660",underdog,"[{""event_id"": ""32659"", ""market"": ""player_pass_completions"", ""player"": ""Jacoby Brissett"", ""point"": ""21.5"", ""side"": ""Over""}, {""event_id"": ""32660"", ""market"": ""player_rush_longest"", ""player"": ""Tyler Shough"", ""point"": ""8.5"", ""side"": ""Over""}]",290,5.0,,,,,won,14.5,2026-09-28T02:19:46Z,auto construct=ev-ranked legs=2 independent product
2026-09-25T10:46:01Z,parlay,"32657,32659,32662",underdog,"[{""event_id"": ""32662"", ""market"": ""player_reception_yds"", ""player"": ""Colston Loveland"", ""point"": ""39.5"", ""side"": ""Under""}, {""event_id"": ""32657"", ""market"": ""player_receptions"", ""player"": ""Tetairoa McMillan"", ""point"": ""4.5"", ""side"": ""Over""}, {""event_id"": ""32659"", ""market"": ""player_pass_completions"", ""player"": ""Jacoby Brissett"", ""point"": ""21.5"", ""side"": ""Over""}]",652,5.0,,,,,lost,-5.0,2026-09-28T15:30:34Z,auto construct=ev-ranked legs=3 independent product
2026-09-25T16:11:03Z,straight,32656,kalshi,"[{""event_id"": ""32656"", ""market"": ""player_receptions"", ""player"": ""Adonai Mitchell"", ""point"": ""3.5"", ""side"": ""Under""}]",104,5.0,4.06,0.5101,,,void,0.0,2026-09-28T15:30:34Z,auto
2026-09-25T16:11:03Z,straight,32656,kalshi,"[{""event_id"": ""32656"", ""market"": ""player_receptions"", ""player"": ""Sam LaPorta"", ""point"": ""4.5"", ""side"": ""Over""}]",108,5.0,4.42,0.502,,,lost,-5.0,2026-09-28T02:19:46Z,auto
2026-09-25T16:11:03Z,straight,32650,hardrock,"[{""event_id"": ""32650"", ""market"": ""player_receptions"", ""player"": ""De'Von Achane"", ""point"": ""2.5"", ""side"": ""Under""}]",220,5.0,3.63,0.3239,,,won,11.0,2026-09-28T02:19:46Z,auto
2026-09-25T16:11:03Z,straight,32657,draftkings,"[{""event_id"": ""32657"", ""market"": ""player_rush_attempts"", ""player"": ""Chuba Hubbard"", ""point"": ""17.5"", ""side"": ""Under""}]",102,5.0,3.04,0.5101,,,lost,-5.0,2026-09-28T02:19:46Z,auto
2026-09-25T16:11:03Z,straight,23215,kalshi,"[{""event_id"": ""23215"", ""market"": ""player_pass_tds"", ""player"": ""Lamar Jackson"", ""point"": ""1.5"", ""side"": ""Under""}]",127,5.0,3.1,0.4542,,,lost,-5.0,2026-09-28T02:19:46Z,auto
2026-09-25T16:11:03Z,straight,23215,fanduel,"[{""event_id"": ""23215"", ""market"": ""player_rush_yds"", ""player"": ""Lamar Jackson"", ""point"": ""38.5"", ""side"": ""Over""}]",-114,5.0,3.67,0.5523,,,won,4.385964912280702,2026-09-28T02:19:46Z,auto
2026-09-25T16:11:03Z,parlay,"32656,32658",kalshi,"[{""event_id"": ""32658"", ""market"": ""player_receptions"", ""player"": ""Emeka Egbuka"", ""point"": ""4.5"", ""side"": ""Over""}, {""event_id"": ""32656"", ""market"": ""player_receptions"", ""player"": ""Sam LaPorta"", ""point"": ""4.5"", ""side"": ""Over""}]",408,5.0,,,,,lost,-5.0,2026-09-28T02:19:46Z,auto construct=anchor-pure legs=2 independent product
2026-09-25T16:11:03Z,parlay,"23215,32653",fanduel,"[{""event_id"": ""23215"", ""market"": ""player_rush_yds"", ""player"": ""Lamar Jackson"", ""point"": ""38.5"", ""side"": ""Over""}, {""event_id"": ""32653"", ""market"": ""player_receptions"", ""player"": ""Tony Pollard"", ""point"": ""1.5"", ""side"": ""Over""}]",358,5.0,,,,,won,17.9,2026-09-28T02:19:46Z,auto construct=anchor-pure legs=2 independent product
2026-09-25T16:11:03Z,parlay,"23215,32653,32657",fanduel,"[{""event_id"": ""23215"", ""market"": ""player_rush_yds"", ""player"": ""Lamar Jackson"", ""point"": ""38.5"", ""side"": ""Over""}, {""event_id"": ""32653"", ""market"": ""player_receptions"", ""player"": ""Tony Pollard"", ""point"": ""1.5"", ""side"": ""Over""}, {""event_id"": ""32657"", ""market"": ""player_reception_yds"", ""player"": ""Chuba Hubbard"", ""point"": ""15.5"", ""side"": ""Over""}]",853,5.0,,,,,won,42.65,2026-09-28T02:19:46Z,auto construct=anchor-pure legs=3 independent product
2026-09-25T16:11:03Z,parlay,"32650,32662",hardrock,"[{""event_id"": ""32662"", ""market"": ""player_reception_yds"", ""player"": ""Dontayvion Wicks"", ""point"": ""39.5"", ""side"": ""Under""}, {""event_id"": ""32650"", ""market"": ""player_receptions"", ""player"": ""De'Von Achane"", ""point"": ""2.5"", ""side"": ""Under""}]",525,5.0,,,,,won,26.25,2026-09-29T11:42:30Z,auto construct=ev-ranked legs=2 independent product
2026-09-25T16:11:10Z,sgp,32656,fanduel,"[{""event_id"": ""32656"", ""market"": ""player_receptions"", ""player"": ""Garrett Wilson"", ""point"": ""5.5"", ""side"": ""Under""}, {""event_id"": ""32656"", ""market"": ""player_receptions"", ""player"": ""Sam LaPorta"", ""point"": ""4.5"", ""side"": ""Over""}]",222,5.0,,,0.9151,True,lost,-5.0,2026-09-28T02:19:46Z,auto construct=stranger independent_price=252
2026-09-25T16:11:14Z,sgp,32656,draftkings,"[{""event_id"": ""32656"", ""market"": ""player_receptions"", ""player"": ""Garrett Wilson"", ""point"": ""5.5"", ""side"": ""Under""}, {""event_id"": ""32656"", ""market"": ""player_receptions"", ""player"": ""Sam LaPorta"", ""point"": ""4.5"", ""side"": ""Over""}]",220,5.0,,,0.8929,True,lost,-5.0,2026-09-28T02:19:46Z,auto construct=stranger independent_price=258
2026-09-25T16:11:22Z,sgp,23215,fanduel,"[{""event_id"": ""23215"", ""market"": ""player_receptions"", ""player"": ""Javonte Williams"", ""point"": ""2.5"", ""side"": ""Under""}, {""event_id"": ""23215"", ""market"": ""player_pass_tds"", ""player"": ""Lamar Jackson"", ""point"": ""1.5"", ""side"": ""Under""}]",284,5.0,,,0.8474,True,lost,-5.0,2026-09-28T02:19:46Z,auto construct=stack independent_price=354
2026-09-25T16:11:28Z,sgp,23215,draftkings,"[{""event_id"": ""23215"", ""market"": ""player_receptions"", ""player"": ""Javonte Williams"", ""point"": ""2.5"", ""side"": ""Under""}, {""event_id"": ""23215"", ""market"": ""player_pass_tds"", ""player"": ""Lamar Jackson"", ""point"": ""1.5"", ""side"": ""Under""}]",350,5.0,,,0.9214,True,lost,-5.0,2026-09-28T02:19:46Z,auto construct=stack independent_price=388
2026-09-25T20:59:54Z,straight,32655,kalshi,"[{""event_id"": ""32655"", ""market"": ""player_receptions"", ""player"": ""Ladd McConkey"", ""point"": ""4.5"", ""side"": ""Over""}]",-113,5.0,5.28,0.5585,,,lost,-5.0,2026-09-28T02:19:46Z,auto
2026-09-25T20:59:54Z,straight,32655,kalshi,"[{""event_id"": ""32655"", ""market"": ""player_receptions"", ""player"": ""Quentin Johnston"", ""point"": ""3.5"", ""side"": ""Over""}]",170,5.0,4.69,0.3878,,,lost,-5.0,2026-09-28T02:19:46Z,auto
2026-09-25T20:59:54Z,straight,32656,kalshi,"[{""event_id"": ""32656"", ""market"": ""player_reception_yds"", ""player"": ""Isaiah Williams"", ""point"": ""24.5"", ""side"": ""Over""}]",104,5.0,5.49,0.5171,,,lost,-5.0,2026-09-28T02:19:46Z,auto
2026-09-25T20:59:54Z,straight,32656,underdog,"[{""event_id"": ""32656"", ""market"": ""player_receptions"", ""player"": ""Garrett Wilson"", ""point"": ""5.5"", ""side"": ""Over""}]",-105,5.0,4.32,0.5343,,,won,4.761904761904762,2026-09-28T02:19:46Z,auto
2026-09-25T20:59:54Z,straight,32656,kalshi,"[{""event_id"": ""32656"", ""market"": ""player_receptions"", ""player"": ""Jahmyr Gibbs"", ""point"": ""4.5"", ""side"": ""Over""}]",122,5.0,4.29,0.4698,,,won,6.099999999999999,2026-09-28T02:19:46Z,auto
2026-09-25T20:59:54Z,straight,32656,hardrock,"[{""event_id"": ""32656"", ""market"": ""player_rush_yds"", ""player"": ""Breece Hall"", ""point"": ""39.5"", ""side"": ""Under""}]",225,5.0,7.31,0.3302,,,won,11.25,2026-09-28T02:19:46Z,auto
2026-09-25T20:59:54Z,straight,32650,draftkings,"[{""event_id"": ""32650"", ""market"": ""player_receptions"", ""player"": ""Chris Bell"", ""point"": ""1.5"", ""side"": ""Over""}]",-109,5.0,3.9,0.5419,,,won,4.587155963302752,2026-09-28T02:19:46Z,auto
2026-09-25T20:59:54Z,straight,32650,bovada,"[{""event_id"": ""32650"", ""market"": ""player_receptions"", ""player"": ""Chris Bell"", ""point"": ""1.5"", ""side"": ""Over""}]",-110,5.0,3.45,0.5419,,,won,4.545454545454546,2026-09-28T02:19:46Z,auto
2026-09-25T20:59:54Z,straight,32650,kalshi,"[{""event_id"": ""32650"", ""market"": ""player_receptions"", ""player"": ""Emmett Johnson"", ""point"": ""1.5"", ""side"": ""Over""}]",113,5.0,6.5,0.5,,,void,0.0,2026-09-28T15:30:34Z,auto
2026-09-25T20:59:54Z,straight,32653,kalshi,"[{""event_id"": ""32653"", ""market"": ""player_receptions"", ""player"": ""Tony Pollard"", ""point"": ""1.5"", ""side"": ""Over""}]",150,5.0,3.85,0.4154,,,won,7.5,2026-09-28T02:19:46Z,auto
2026-09-25T20:59:54Z,straight,32652,kalshi,"[{""event_id"": ""32652"", ""market"": ""player_receptions"", ""player"": ""Cooper Kupp"", ""point"": ""2.5"", ""side"": ""Over""}]",150,5.0,4.26,0.417,,,won,7.5,2026-09-28T02:19:46Z,auto
2026-09-25T20:59:54Z,straight,32657,bovada,"[{""event_id"": ""32657"", ""market"": ""player_receptions"", ""player"": ""Tetairoa McMillan"", ""point"": ""4.5"", ""side"": ""Under""}]",110,5.0,5.0,0.5,,,won,5.5,2026-09-28T02:19:46Z,auto
2026-09-25T20:59:54Z,straight,32659,kalshi,"[{""event_id"": ""32659"", ""market"": ""player_receptions"", ""player"": ""George Kittle"", ""point"": ""3.5"", ""side"": ""Over""}]",-144,5.0,3.43,0.6104,,,won,3.4722222222222223,2026-09-28T02:19:46Z,auto
2026-09-25T20:59:54Z,straight,32658,kalshi,"[{""event_id"": ""32658"", ""market"": ""player_receptions"", ""player"": ""Cade Otton"", ""point"": ""3.5"", ""side"": ""Over""}]",163,5.0,5.02,0.3993,,,lost,-5.0,2026-09-28T02:19:46Z,auto
2026-09-25T20:59:54Z,straight,32658,bovada,"[{""event_id"": ""32658"", ""market"": ""player_receptions"", ""player"": ""Justin Jefferson"", ""point"": ""5.5"", ""side"": ""Under""}]",120,5.0,3.18,0.469,,,won,6.000000000000001,2026-09-28T02:19:46Z,auto
2026-09-25T20:59:54Z,straight,32658,bovada,"[{""event_id"": ""32658"", ""market"": ""player_receptions"", ""player"": ""Kenneth Gainwell"", ""point"": ""1.5"", ""side"": ""Under""}]",145,5.0,4.08,0.4248,,,void,0.0,2026-09-28T15:30:34Z,auto
2026-09-25T20:59:54Z,straight,32658,draftkings,"[{""event_id"": ""32658"", ""market"": ""player_receptions"", ""player"": ""Kenneth Gainwell"", ""point"": ""1.5"", ""side"": ""Under""}]",145,5.0,4.08,0.4248,,,void,0.0,2026-09-28T15:30:34Z,auto
2026-09-25T20:59:54Z,straight,32658,bovada,"[{""event_id"": ""32658"", ""market"": ""player_receptions"", ""player"": ""T.J. Hockenson"", ""point"": ""3.5"", ""side"": ""Under""}]",105,5.0,4.57,0.5101,,,won,5.249999999999999,2026-09-28T02:19:46Z,auto
2026-09-25T20:59:54Z,straight,32658,draftkings,"[{""event_id"": ""32658"", ""market"": ""player_receptions"", ""player"": ""T.J. Hockenson"", ""point"": ""3.5"", ""side"": ""Under""}]",103,5.0,3.55,0.5101,,,won,5.150000000000001,2026-09-28T02:19:46Z,auto
2026-09-25T20:59:54Z,straight,23215,kalshi,"[{""event_id"": ""23215"", ""market"": ""player_receptions"", ""player"": ""CeeDee Lamb"", ""point"": ""6.5"", ""side"": ""Over""}]",104,5.0,4.06,0.5101,,,won,5.2,2026-09-28T02:19:46Z,auto
2026-09-25T20:59:54Z,straight,23215,kalshi,"[{""event_id"": ""23215"", ""market"": ""player_receptions"", ""player"": ""LaJohntay Wester"", ""point"": ""1.5"", ""side"": ""Over""}]",-122,5.0,4.04,0.5717,,,void,0.0,2026-09-28T15:30:34Z,auto
2026-09-25T20:59:54Z,straight,23215,kalshi,"[{""event_id"": ""23215"", ""market"": ""player_receptions"", ""player"": ""Ryan Flournoy"", ""point"": ""3.5"", ""side"": ""Over""}]",138,5.0,3.89,0.4365,,,lost,-5.0,2026-09-28T02:19:46Z,auto
2026-09-25T20:59:54Z,straight,23215,draftkings,"[{""event_id"": ""23215"", ""market"": ""player_receptions"", ""player"": ""Ryan Flournoy"", ""point"": ""3.5"", ""side"": ""Over""}]",136,5.0,3.02,0.4365,,,lost,-5.0,2026-09-28T02:19:47Z,auto
2026-09-25T20:59:54Z,straight,32660,hardrock,"[{""event_id"": ""32660"", ""market"": ""player_receptions"", ""player"": ""Ashton Jeanty"", ""point"": ""2.5"", ""side"": ""Under""}]",250,5.0,19.86,0.3425,,,lost,-5.0,2026-09-28T02:19:47Z,auto
2026-09-25T20:59:54Z,straight,32660,fanduel,"[{""event_id"": ""32660"", ""market"": ""player_receptions"", ""player"": ""Tre Tucker"", ""point"": ""3.5"", ""side"": ""Under""}]",-102,5.0,5.41,0.5323,,,lost,-5.0,2026-09-28T02:19:47Z,auto
2026-09-25T20:59:54Z,straight,32660,hardrock,"[{""event_id"": ""32660"", ""market"": ""player_rush_yds"", ""player"": ""Ashton Jeanty"", ""point"": ""49.5"", ""side"": ""Under""}]",220,5.0,13.3,0.3541,,,lost,-5.0,2026-09-28T02:19:47Z,auto
2026-09-25T20:59:54Z,straight,32661,hardrock,"[{""event_id"": ""32661"", ""market"": ""player_receptions"", ""player"": ""Kyren Williams"", ""point"": ""1.5"", ""side"": ""Under""}]",175,5.0,3.79,0.3774,,,lost,-5.0,2026-09-28T12:11:15Z,auto
2026-09-25T20:59:54Z,parlay,"32650,32653",kalshi,"[{""event_id"": ""32653"", ""market"": ""player_receptions"", ""player"": ""Malachi Fields"", ""point"": ""2.5"", ""side"": ""Over""}, {""event_id"": ""32650"", ""market"": ""player_receptions"", ""player"": ""Emmett Johnson"", ""point"": ""1.5"", ""side"": ""Over""}]",460,5.0,,,,,lost,-5.0,2026-09-28T02:19:47Z,auto construct=anchor-pure legs=2 independent product
2026-09-25T20:59:54Z,parlay,"32655,32656",kalshi,"[{""event_id"": ""32656"", ""market"": ""player_reception_yds"", ""player"": ""Isaiah Williams"", ""point"": ""24.5"", ""side"": ""Over""}, {""event_id"": ""32655"", ""market"": ""player_receptions"", ""player"": ""Ladd McConkey"", ""point"": ""4.5"", ""side"": ""Over""}]",285,5.0,,,,,lost,-5.0,2026-09-28T02:19:47Z,auto construct=anchor-pure legs=2 independent product
2026-09-25T20:59:54Z,parlay,"32651,32658",kalshi,"[{""event_id"": ""32651"", ""market"": ""player_receptions"", ""player"": ""Parker Washington"", ""point"": ""4.5"", ""side"": ""Under""}, {""event_id"": ""32658"", ""market"": ""player_receptions"", ""player"": ""Cade Otton"", ""point"": ""3.5"", ""side"": ""Over""}]",557,5.0,,,,,lost,-5.0,2026-09-28T02:19:47Z,auto construct=anchor-pure legs=2 independent product
2026-09-25T20:59:54Z,parlay,"32650,32653,32656",kalshi,"[{""event_id"": ""32653"", ""market"": ""player_receptions"", ""player"": ""Malachi Fields"", ""point"": ""2.5"", ""side"": ""Over""}, {""event_id"": ""32650"", ""market"": ""player_receptions"", ""player"": ""Emmett Johnson"", ""point"": ""1.5"", ""side"": ""Over""}, {""event_id"": ""32656"", ""market"": ""player_reception_yds"", ""player"": ""Isaiah Williams"", ""point"": ""24.5"", ""side"": ""Over""}]",1043,5.0,,,,,lost,-5.0,2026-09-28T02:19:47Z,auto construct=anchor-pure legs=3 independent product
2026-09-25T20:59:54Z,parlay,"32654,32656",draftkings,"[{""event_id"": ""32656"", ""market"": ""player_receptions"", ""player"": ""Garrett Wilson"", ""point"": ""5.5"", ""side"": ""Under""}, {""event_id"": ""32654"", ""market"": ""player_receptions"", ""player"": ""Dalton Schultz"", ""point"": ""5.5"", ""side"": ""Under""}]",257,5.0,,,,,lost,-5.0,2026-09-28T02:19:47Z,auto construct=anchor-pure legs=2 independent product
2026-09-25T20:59:54Z,parlay,"32657,32658",draftkings,"[{""event_id"": ""32658"", ""market"": ""player_receptions"", ""player"": ""Kenneth Gainwell"", ""point"": ""1.5"", ""side"": ""Under""}, {""event_id"": ""32657"", ""market"": ""player_rush_attempts"", ""player"": ""Chuba Hubbard"", ""point"": ""17.5"", ""side"": ""Over""}]",383,5.0,,,,,won,4.854368932038835,2026-09-28T15:30:34Z,auto construct=anchor-pure legs=2 independent product reduced=1/2 legs
2026-09-25T20:59:54Z,parlay,"23215,32653,32656",draftkings,"[{""event_id"": ""32653"", ""market"": ""player_receptions"", ""player"": ""Darnell Mooney"", ""point"": ""1.5"", ""side"": ""Over""}, {""event_id"": ""23215"", ""market"": ""player_receptions"", ""player"": ""Javonte Williams"", ""point"": ""2.5"", ""side"": ""Under""}, {""event_id"": ""32656"", ""market"": ""player_receptions"", ""player"": ""Garrett Wilson"", ""point"": ""5.5"", ""side"": ""Under""}]",915,5.0,,,,,lost,-5.0,2026-09-28T02:19:47Z,auto construct=anchor-pure legs=3 independent product
2026-09-25T20:59:54Z,parlay,"32656,32659",underdog,"[{""event_id"": ""32656"", ""market"": ""player_receptions"", ""player"": ""Garrett Wilson"", ""point"": ""5.5"", ""side"": ""Over""}, {""event_id"": ""32659"", ""market"": ""player_pass_completions"", ""player"": ""Jacoby Brissett"", ""point"": ""21.5"", ""side"": ""Over""}]",285,5.0,,,,,won,14.25,2026-09-28T02:19:47Z,auto construct=anchor-pure legs=2 independent product
2026-09-25T20:59:54Z,parlay,"32656,32657,32662",underdog,"[{""event_id"": ""32657"", ""market"": ""player_receptions"", ""player"": ""Tetairoa McMillan"", ""point"": ""4.5"", ""side"": ""Over""}, {""event_id"": ""32662"", ""market"": ""player_receptions"", ""player"": ""Rome Odunze"", ""point"": ""2.5"", ""side"": ""Under""}, {""event_id"": ""32656"", ""market"": ""player_receptions"", ""player"": ""Garrett Wilson"", ""point"": ""5.5"", ""side"": ""Over""}]",651,5.0,,,,,lost,-5.0,2026-09-28T15:30:34Z,auto construct=anchor-pure legs=3 independent product
2026-09-25T20:59:54Z,parlay,"32656,32657",bovada,"[{""event_id"": ""32656"", ""market"": ""player_receptions"", ""player"": ""Garrett Wilson"", ""point"": ""5.5"", ""side"": ""Under""}, {""event_id"": ""32657"", ""market"": ""player_receptions"", ""player"": ""Tetairoa McMillan"", ""point"": ""4.5"", ""side"": ""Under""}]",310,5.0,,,,,lost,-5.0,2026-09-28T02:19:47Z,auto construct=anchor-pure legs=2 independent product
2026-09-25T20:59:54Z,parlay,"32650,32658",bovada,"[{""event_id"": ""32658"", ""market"": ""player_receptions"", ""player"": ""T.J. Hockenson"", ""point"": ""3.5"", ""side"": ""Under""}, {""event_id"": ""32650"", ""market"": ""player_receptions"", ""player"": ""Chris Bell"", ""point"": ""1.5"", ""side"": ""Over""}]",291,5.0,,,,,won,14.55,2026-09-28T02:19:47Z,auto construct=anchor-pure legs=2 independent product
2026-09-25T20:59:54Z,parlay,"23215,32660",fanduel,"[{""event_id"": ""32660"", ""market"": ""player_receptions"", ""player"": ""Tre Tucker"", ""point"": ""3.5"", ""side"": ""Under""}, {""event_id"": ""23215"", ""market"": ""player_rush_yds"", ""player"": ""Lamar Jackson"", ""point"": ""38.5"", ""side"": ""Over""}]",272,5.0,,,,,lost,-5.0,2026-09-28T02:19:47Z,auto construct=anchor-pure legs=2 independent product
2026-09-25T20:59:54Z,parlay,"23215,32653,32660",fanduel,"[{""event_id"": ""32660"", ""market"": ""player_receptions"", ""player"": ""Tre Tucker"", ""point"": ""3.5"", ""side"": ""Under""}, {""event_id"": ""23215"", ""market"": ""player_rush_yds"", ""player"": ""Lamar Jackson"", ""point"": ""38.5"", ""side"": ""Over""}, {""event_id"": ""32653"", ""market"": ""player_receptions"", ""player"": ""Tony Pollard"", ""point"": ""1.5"", ""side"": ""Over""}]",807,5.0,,,,,lost,-5.0,2026-09-28T02:19:47Z,auto construct=anchor-pure legs=3 independent product
2026-09-25T20:59:54Z,parlay,"23215,32656",draftkings,"[{""event_id"": ""23215"", ""market"": ""player_receptions"", ""player"": ""Javonte Williams"", ""point"": ""2.5"", ""side"": ""Under""}, {""event_id"": ""32656"", ""market"": ""player_receptions"", ""player"": ""Garrett Wilson"", ""point"": ""5.5"", ""side"": ""Under""}]",341,5.0,,,,,lost,-5.0,2026-09-28T02:19:47Z,auto construct=ev-ranked legs=2 independent product
2026-09-25T20:59:54Z,parlay,"32654,32657",draftkings,"[{""event_id"": ""32654"", ""market"": ""player_receptions"", ""player"": ""Dalton Schultz"", ""point"": ""5.5"", ""side"": ""Under""}, {""event_id"": ""32657"", ""market"": ""player_rush_attempts"", ""player"": ""Chuba Hubbard"", ""point"": ""17.5"", ""side"": ""Over""}]",260,5.0,,,,,won,13.0,2026-09-28T02:19:47Z,auto construct=ev-ranked legs=2 independent product
2026-09-25T20:59:54Z,parlay,"32653,32660",underdog,"[{""event_id"": ""32660"", ""market"": ""player_rush_longest"", ""player"": ""Tyler Shough"", ""point"": ""8.5"", ""side"": ""Over""}, {""event_id"": ""32653"", ""market"": ""player_receptions"", ""player"": ""Malik Nabers"", ""point"": ""4.5"", ""side"": ""Under""}]",288,5.0,,,,,lost,-5.0,2026-09-28T02:19:47Z,auto construct=ev-ranked legs=2 independent product
2026-09-25T20:59:54Z,parlay,"32656,32657,32662",underdog,"[{""event_id"": ""32662"", ""market"": ""player_reception_yds"", ""player"": ""Colston Loveland"", ""point"": ""39.5"", ""side"": ""Under""}, {""event_id"": ""32657"", ""market"": ""player_receptions"", ""player"": ""Tetairoa McMillan"", ""point"": ""4.5"", ""side"": ""Over""}, {""event_id"": ""32656"", ""market"": ""player_receptions"", ""player"": ""Garrett Wilson"", ""point"": ""5.5"", ""side"": ""Over""}]",645,5.0,,,,,lost,-5.0,2026-09-28T15:30:34Z,auto construct=ev-ranked legs=3 independent product
2026-09-25T20:59:54Z,parlay,"32650,32657",bovada,"[{""event_id"": ""32657"", ""market"": ""player_receptions"", ""player"": ""Tetairoa McMillan"", ""point"": ""4.5"", ""side"": ""Under""}, {""event_id"": ""32650"", ""market"": ""player_receptions"", ""player"": ""Chris Bell"", ""point"": ""1.5"", ""side"": ""Over""}]",301,5.0,,,,,won,15.049999999999999,2026-09-28T02:19:47Z,auto construct=ev-ranked legs=2 independent product
2026-09-25T20:59:54Z,parlay,"32655,32660",hardrock,"[{""event_id"": ""32660"", ""market"": ""player_receptions"", ""player"": ""Ashton Jeanty"", ""point"": ""2.5"", ""side"": ""Under""}, {""event_id"": ""32655"", ""market"": ""player_reception_yds"", ""player"": ""Khalil Shakir"", ""point"": ""24.5"", ""side"": ""Under""}]",1055,5.0,,,,,lost,-5.0,2026-09-28T02:19:47Z,auto construct=ev-ranked legs=2 independent product
2026-09-25T20:59:54Z,parlay,"32656,32658",hardrock,"[{""event_id"": ""32656"", ""market"": ""player_rush_yds"", ""player"": ""Breece Hall"", ""point"": ""39.5"", ""side"": ""Under""}, {""event_id"": ""32658"", ""market"": ""player_receptions"", ""player"": ""Emeka Egbuka"", ""point"": ""3.5"", ""side"": ""Under""}]",648,5.0,,,,,lost,-5.0,2026-09-28T02:19:47Z,auto construct=ev-ranked legs=2 independent product
2026-09-25T20:59:54Z,parlay,"32655,32656,32660",hardrock,"[{""event_id"": ""32660"", ""market"": ""player_receptions"", ""player"": ""Ashton Jeanty"", ""point"": ""2.5"", ""side"": ""Under""}, {""event_id"": ""32655"", ""market"": ""player_reception_yds"", ""player"": ""Khalil Shakir"", ""point"": ""24.5"", ""side"": ""Under""}, {""event_id"": ""32656"", ""market"": ""player_rush_yds"", ""player"": ""Breece Hall"", ""point"": ""39.5"", ""side"": ""Under""}]",3654,5.0,,,,,lost,-5.0,2026-09-28T02:19:47Z,auto construct=ev-ranked legs=3 independent product
2026-09-25T21:00:17Z,sgp,32659,draftkings,"[{""event_id"": ""32659"", ""market"": ""player_pass_completions"", ""player"": ""Jacoby Brissett"", ""point"": ""21.5"", ""side"": ""Over""}, {""event_id"": ""32659"", ""market"": ""player_receptions"", ""player"": ""George Kittle"", ""point"": ""3.5"", ""side"": ""Over""}]",178,5.0,,,0.9784,True,won,8.900000000000002,2026-09-28T02:19:47Z,auto construct=stack independent_price=184
2026-09-25T21:00:49Z,sgp,32658,draftkings,"[{""event_id"": ""32658"", ""market"": ""player_receptions"", ""player"": ""Emeka Egbuka"", ""point"": ""3.5"", ""side"": ""Under""}, {""event_id"": ""32658"", ""market"": ""player_receptions"", ""player"": ""Cade Otton"", ""point"": ""3.5"", ""side"": ""Over""}]",410,5.0,,,0.9524,True,lost,-5.0,2026-09-28T02:19:47Z,auto construct=stranger independent_price=435
2026-09-25T21:00:59Z,sgp,32650,fanduel,"[{""event_id"": ""32650"", ""market"": ""player_receptions"", ""player"": ""Emmett Johnson"", ""point"": ""1.5"", ""side"": ""Over""}, {""event_id"": ""32650"", ""market"": ""player_receptions"", ""player"": ""Chris Bell"", ""point"": ""1.5"", ""side"": ""Over""}]",236,5.0,,,0.9063,True,won,4.16515138991168,2026-09-28T15:30:34Z,auto construct=stranger independent_price=272 reduced=1/2 legs
2026-09-25T21:01:04Z,sgp,32650,draftkings,"[{""event_id"": ""32650"", ""market"": ""player_receptions"", ""player"": ""Emmett Johnson"", ""point"": ""1.5"", ""side"": ""Over""}, {""event_id"": ""32650"", ""market"": ""player_receptions"", ""player"": ""Chris Bell"", ""point"": ""1.5"", ""side"": ""Over""}]",266,5.0,,,0.9403,True,won,4.587155963302752,2026-09-28T15:30:34Z,auto construct=stranger independent_price=289 reduced=1/2 legs
2026-09-25T21:01:12Z,sgp,32652,fanduel,"[{""event_id"": ""32652"", ""market"": ""player_rush_yds"", ""player"": ""Jacory Croskey-Merritt"", ""point"": ""39.5"", ""side"": ""Over""}, {""event_id"": ""32652"", ""market"": ""player_receptions"", ""player"": ""Cooper Kupp"", ""point"": ""2.5"", ""side"": ""Over""}]",280,5.0,,,0.9045,True,lost,-5.0,2026-09-28T02:19:47Z,auto construct=stranger independent_price=320
2026-09-25T21:01:18Z,sgp,32652,draftkings,"[{""event_id"": ""32652"", ""market"": ""player_rush_yds"", ""player"": ""Jacory Croskey-Merritt"", ""point"": ""39.5"", ""side"": ""Over""}, {""event_id"": ""32652"", ""market"": ""player_receptions"", ""player"": ""Cooper Kupp"", ""point"": ""2.5"", ""side"": ""Over""}]",345,5.0,,,0.9413,True,lost,-5.0,2026-09-28T02:19:47Z,auto construct=stranger independent_price=373
2026-09-26T02:24:10Z,straight,32655,kalshi,"[{""event_id"": ""32655"", ""market"": ""player_receptions"", ""player"": ""Khalil Shakir"", ""point"": ""3.5"", ""side"": ""Under""}]",138,5.0,3.05,0.433,,,won,6.8999999999999995,2026-09-28T02:19:47Z,auto
2026-09-26T02:24:10Z,straight,32649,draftkings,"[{""event_id"": ""32649"", ""market"": ""player_receptions"", ""player"": ""Ja'Marr Chase"", ""point"": ""6.5"", ""side"": ""Under""}]",106,5.0,4.25,0.5061,,,lost,-5.0,2026-09-28T02:19:47Z,auto
2026-09-26T02:24:10Z,straight,32649,bovada,"[{""event_id"": ""32649"", ""market"": ""player_receptions"", ""player"": ""Ja'Marr Chase"", ""point"": ""6.5"", ""side"": ""Under""}]",105,5.0,3.74,0.5061,,,lost,-5.0,2026-09-28T02:19:48Z,auto
2026-09-26T02:24:10Z,straight,32649,kalshi,"[{""event_id"": ""32649"", ""market"": ""player_receptions"", ""player"": ""Ja'Marr Chase"", ""point"": ""6.5"", ""side"": ""Under""}]",104,5.0,3.24,0.5061,,,lost,-5.0,2026-09-28T02:19:48Z,auto
2026-09-26T02:24:10Z,straight,32649,kalshi,"[{""event_id"": ""32649"", ""market"": ""player_receptions"", ""player"": ""Samaje Perine"", ""point"": ""1.5"", ""side"": ""Over""}]",108,5.0,4.0,0.5,,,lost,-5.0,2026-09-28T02:19:48Z,auto
2026-09-26T02:24:10Z,straight,32651,kalshi,"[{""event_id"": ""32651"", ""market"": ""player_reception_yds"", ""player"": ""Bhayshul Tuten"", ""point"": ""9.5"", ""side"": ""Under""}]",104,5.0,4.89,0.5142,,,lost,-5.0,2026-09-28T02:19:48Z,auto
2026-09-26T02:24:10Z,straight,32656,draftkings,"[{""event_id"": ""32656"", ""market"": ""player_receptions"", ""player"": ""Adonai Mitchell"", ""point"": ""3.5"", ""side"": ""Under""}]",106,5.0,5.09,0.5101,,,void,0.0,2026-09-28T15:30:34Z,auto
2026-09-26T02:24:10Z,straight,32656,bovada,"[{""event_id"": ""32656"", ""market"": ""player_receptions"", ""player"": ""Adonai Mitchell"", ""point"": ""3.5"", ""side"": ""Under""}]",105,5.0,4.57,0.5101,,,void,0.0,2026-09-28T15:30:34Z,auto
2026-09-26T02:24:10Z,straight,32654,hardrock,"[{""event_id"": ""32654"", ""market"": ""player_field_goals_made"", ""player"": ""Ka'imi Fairbairn"", ""point"": ""1.5"", ""side"": ""Under""}]",130,5.0,3.42,0.4496,,,won,6.499999999999999,2026-09-28T02:19:48Z,auto
2026-09-26T02:24:10Z,straight,32654,draftkings,"[{""event_id"": ""32654"", ""market"": ""player_receptions"", ""player"": ""Xavier Hutchinson"", ""point"": ""3.5"", ""side"": ""Over""}]",121,5.0,3.19,0.4669,,,lost,-5.0,2026-09-28T02:19:48Z,auto
2026-09-26T02:24:10Z,straight,32652,kalshi,"[{""event_id"": ""32652"", ""market"": ""player_receptions"", ""player"": ""Terry McLaurin"", ""point"": ""3.5"", ""side"": ""Over""}]",122,5.0,3.84,0.4677,,,won,6.099999999999999,2026-09-28T02:19:48Z,auto
2026-09-26T02:24:10Z,straight,32657,bovada,"[{""event_id"": ""32657"", ""market"": ""player_receptions"", ""player"": ""Denzel Boston"", ""point"": ""3.5"", ""side"": ""Under""}]",105,5.0,5.41,0.5142,,,won,5.249999999999999,2026-09-28T02:19:48Z,auto
2026-09-26T02:24:10Z,straight,32657,kalshi,"[{""event_id"": ""32657"", ""market"": ""player_receptions"", ""player"": ""Tetairoa McMillan"", ""point"": ""4.5"", ""side"": ""Under""}]",108,5.0,3.58,0.498,,,won,5.4,2026-09-28T02:19:48Z,auto
2026-09-26T02:24:10Z,straight,32658,kalshi,"[{""event_id"": ""32658"", ""market"": ""player_receptions"", ""player"": ""T.J. Hockenson"", ""point"": ""3.5"", ""side"": ""Over""}]",113,5.0,4.34,0.4899,,,lost,-5.0,2026-09-28T02:19:48Z,auto
2026-09-26T02:24:10Z,straight,23215,draftkings,"[{""event_id"": ""23215"", ""market"": ""player_reception_yds"", ""player"": ""Javonte Williams"", ""point"": ""16.5"", ""side"": ""Under""}]",-108,5.0,3.45,0.5371,,,won,4.62962962962963,2026-09-28T15:30:34Z,auto
2026-09-26T02:24:10Z,straight,32662,draftkings,"[{""event_id"": ""32662"", ""market"": ""player_pass_interceptions"", ""player"": ""Jalen Hurts"", ""point"": ""0.5"", ""side"": ""Over""}]",134,5.0,3.51,0.4424,,,won,6.699999999999999,2026-09-29T11:42:30Z,auto
2026-09-26T02:24:10Z,straight,32662,kalshi,"[{""event_id"": ""32662"", ""market"": ""player_receptions"", ""player"": ""Colston Loveland"", ""point"": ""3.5"", ""side"": ""Over""}]",138,5.0,5.35,0.4426,,,won,6.8999999999999995,2026-09-29T11:42:30Z,auto
2026-09-26T02:24:10Z,straight,32662,hardrock,"[{""event_id"": ""32662"", ""market"": ""player_receptions"", ""player"": ""Makai Lemon"", ""point"": ""1.5"", ""side"": ""Under""}]",250,5.0,10.02,0.3143,,,lost,-5.0,2026-09-29T11:42:30Z,auto
2026-09-26T02:24:10Z,straight,32662,draftkings,"[{""event_id"": ""32662"", ""market"": ""player_rush_attempts"", ""player"": ""Jalen Hurts"", ""point"": ""6.5"", ""side"": ""Over""}]",101,5.0,3.35,0.5142,,,lost,-5.0,2026-09-29T11:42:30Z,auto
2026-09-26T02:24:10Z,parlay,"32653,32654",kalshi,"[{""event_id"": ""32654"", ""market"": ""player_receptions"", ""player"": ""Jaylin Noel"", ""point"": ""2.5"", ""side"": ""Over""}, {""event_id"": ""32653"", ""market"": ""player_receptions"", ""player"": ""Malachi Fields"", ""point"": ""2.5"", ""side"": ""Over""}]",513,5.0,,,,,lost,-5.0,2026-09-28T02:19:48Z,auto construct=anchor-pure legs=2 independent product
2026-09-26T02:24:10Z,parlay,"32652,32656",kalshi,"[{""event_id"": ""32652"", ""market"": ""player_receptions"", ""player"": ""Cooper Kupp"", ""point"": ""2.5"", ""side"": ""Over""}, {""event_id"": ""32656"", ""market"": ""player_reception_yds"", ""player"": ""Isaiah Williams"", ""point"": ""24.5"", ""side"": ""Over""}]",422,5.0,,,,,lost,-5.0,2026-09-28T02:19:48Z,auto construct=anchor-pure legs=2 independent product
2026-09-26T02:24:10Z,parlay,"32655,32662",kalshi,"[{""event_id"": ""32662"", ""market"": ""player_receptions"", ""player"": ""Colston Loveland"", ""point"": ""3.5"", ""side"": ""Over""}, {""event_id"": ""32655"", ""market"": ""player_receptions"", ""player"": ""Ladd McConkey"", ""point"": ""4.5"", ""side"": ""Over""}]",349,5.0,,,,,lost,-5.0,2026-09-28T15:30:34Z,auto construct=anchor-pure legs=2 independent product
2026-09-26T02:24:10Z,parlay,"32652,32653,32654",kalshi,"[{""event_id"": ""32654"", ""market"": ""player_receptions"", ""player"": ""Jaylin Noel"", ""point"": ""2.5"", ""side"": ""Over""}, {""event_id"": ""32653"", ""market"": ""player_receptions"", ""player"": ""Malachi Fields"", ""point"": ""2.5"", ""side"": ""Over""}, {""event_id"": ""32652"", ""market"": ""player_receptions"", ""player"": ""Cooper Kupp"", ""point"": ""2.5"", ""side"": ""Over""}]",1469,5.0,,,,,lost,-5.0,2026-09-28T02:19:48Z,auto construct=anchor-pure legs=3 independent product
2026-09-26T02:24:10Z,parlay,"32654,32656",draftkings,"[{""event_id"": ""32656"", ""market"": ""player_receptions"", ""player"": ""Adonai Mitchell"", ""point"": ""3.5"", ""side"": ""Under""}, {""event_id"": ""32654"", ""market"": ""player_receptions"", ""player"": ""Dalton Schultz"", ""point"": ""5.5"", ""side"": ""Under""}]",276,5.0,,,,,won,4.166666666666668,2026-09-28T15:30:34Z,auto construct=anchor-pure legs=2 independent product reduced=1/2 legs
2026-09-26T02:24:10Z,parlay,"32649,32658",draftkings,"[{""event_id"": ""32649"", ""market"": ""player_receptions"", ""player"": ""Ja'Marr Chase"", ""point"": ""6.5"", ""side"": ""Under""}, {""event_id"": ""32658"", ""market"": ""player_receptions"", ""player"": ""Kenneth Gainwell"", ""point"": ""1.5"", ""side"": ""Under""}]",405,5.0,,,,,lost,-5.0,2026-09-28T02:19:48Z,auto construct=anchor-pure legs=2 independent product
2026-09-26T02:24:10Z,parlay,"23215,32653,32656",draftkings,"[{""event_id"": ""32653"", ""market"": ""player_receptions"", ""player"": ""Darnell Mooney"", ""point"": ""1.5"", ""side"": ""Over""}, {""event_id"": ""23215"", ""market"": ""player_receptions"", ""player"": ""Javonte Williams"", ""point"": ""2.5"", ""side"": ""Under""}, {""event_id"": ""32656"", ""market"": ""player_receptions"", ""player"": ""Adonai Mitchell"", ""point"": ""3.5"", ""side"": ""Under""}]",966,5.0,,,,,won,20.185,2026-09-28T15:30:34Z,auto construct=anchor-pure legs=3 independent product reduced=2/3 legs
2026-09-26T02:24:10Z,parlay,"23215,32657",bovada,"[{""event_id"": ""23215"", ""market"": ""player_receptions"", ""player"": ""Javonte Williams"", ""point"": ""2.5"", ""side"": ""Under""}, {""event_id"": ""32657"", ""market"": ""player_receptions"", ""player"": ""Denzel Boston"", ""point"": ""3.5"", ""side"": ""Under""}]",361,5.0,,,,,won,18.049999999999997,2026-09-28T02:19:48Z,auto construct=anchor-pure legs=2 independent product
2026-09-26T02:24:10Z,parlay,"32656,32658",bovada,"[{""event_id"": ""32656"", ""market"": ""player_receptions"", ""player"": ""Garrett Wilson"", ""point"": ""5.5"", ""side"": ""Under""}, {""event_id"": ""32658"", ""market"": ""player_receptions"", ""player"": ""T.J. Hockenson"", ""point"": ""3.5"", ""side"": ""Under""}]",300,5.0,,,,,lost,-5.0,2026-09-28T02:19:48Z,auto construct=anchor-pure legs=2 independent product
2026-09-26T02:24:10Z,parlay,"23215,32654",hardrock,"[{""event_id"": ""32654"", ""market"": ""player_field_goals_made"", ""player"": ""Ka'imi Fairbairn"", ""point"": ""1.5"", ""side"": ""Under""}, {""event_id"": ""23215"", ""market"": ""player_receptions"", ""player"": ""Javonte Williams"", ""point"": ""2.5"", ""side"": ""Under""}]",406,5.0,,,,,won,20.299999999999997,2026-09-28T02:19:48Z,auto construct=anchor-pure legs=2 independent product
2026-09-26T02:24:10Z,parlay,"23215,32656",draftkings,"[{""event_id"": ""23215"", ""market"": ""player_receptions"", ""player"": ""Javonte Williams"", ""point"": ""2.5"", ""side"": ""Under""}, {""event_id"": ""32656"", ""market"": ""player_receptions"", ""player"": ""Adonai Mitchell"", ""point"": ""3.5"", ""side"": ""Under""}]",364,5.0,,,,,won,5.949999999999999,2026-09-28T15:30:34Z,auto construct=ev-ranked legs=2 independent product reduced=1/2 legs
2026-09-26T02:24:10Z,parlay,"32649,32654",draftkings,"[{""event_id"": ""32654"", ""market"": ""player_receptions"", ""player"": ""Dalton Schultz"", ""point"": ""5.5"", ""side"": ""Under""}, {""event_id"": ""32649"", ""market"": ""player_receptions"", ""player"": ""Ja'Marr Chase"", ""point"": ""6.5"", ""side"": ""Under""}]",276,5.0,,,,,lost,-5.0,2026-09-28T02:19:48Z,auto construct=ev-ranked legs=2 independent product
2026-09-26T02:24:10Z,parlay,"32656,32657",bovada,"[{""event_id"": ""32657"", ""market"": ""player_receptions"", ""player"": ""Denzel Boston"", ""point"": ""3.5"", ""side"": ""Under""}, {""event_id"": ""32656"", ""market"": ""player_receptions"", ""player"": ""Garrett Wilson"", ""point"": ""5.5"", ""side"": ""Under""}]",300,5.0,,,,,lost,-5.0,2026-09-28T02:19:48Z,auto construct=ev-ranked legs=2 independent product
2026-09-26T02:24:10Z,parlay,"32660,32662",hardrock,"[{""event_id"": ""32660"", ""market"": ""player_receptions"", ""player"": ""Ashton Jeanty"", ""point"": ""2.5"", ""side"": ""Under""}, {""event_id"": ""32662"", ""market"": ""player_receptions"", ""player"": ""Makai Lemon"", ""point"": ""1.5"", ""side"": ""Under""}]",1125,5.0,,,,,lost,-5.0,2026-09-28T15:30:34Z,auto construct=ev-ranked legs=2 independent product
2026-09-26T02:24:10Z,parlay,"32651,32655",hardrock,"[{""event_id"": ""32655"", ""market"": ""player_reception_yds"", ""player"": ""Khalil Shakir"", ""point"": ""24.5"", ""side"": ""Under""}, {""event_id"": ""32651"", ""market"": ""player_receptions"", ""player"": ""Brian Thomas Jr."", ""point"": ""2.5"", ""side"": ""Under""}]",722,5.0,,,,,won,36.099999999999994,2026-09-28T02:19:48Z,auto construct=ev-ranked legs=2 independent product
2026-09-26T02:24:10Z,parlay,"32656,32660,32662",hardrock,"[{""event_id"": ""32660"", ""market"": ""player_receptions"", ""player"": ""Ashton Jeanty"", ""point"": ""2.5"", ""side"": ""Under""}, {""event_id"": ""32662"", ""market"": ""player_receptions"", ""player"": ""Makai Lemon"", ""point"": ""1.5"", ""side"": ""Under""}, {""event_id"": ""32656"", ""market"": ""player_rush_yds"", ""player"": ""Breece Hall"", ""point"": ""39.5"", ""side"": ""Under""}]",3881,5.0,,,,,lost,-5.0,2026-09-28T15:30:34Z,auto construct=ev-ranked legs=3 independent product
2026-09-26T02:24:18Z,sgp,32657,fanduel,"[{""event_id"": ""32657"", ""market"": ""player_receptions"", ""player"": ""Tetairoa McMillan"", ""point"": ""4.5"", ""side"": ""Over""}, {""event_id"": ""32657"", ""market"": ""player_receptions"", ""player"": ""Denzel Boston"", ""point"": ""3.5"", ""side"": ""Under""}]",214,5.0,,,0.9474,True,lost,-5.0,2026-09-28T02:19:48Z,auto construct=stranger independent_price=232
2026-09-26T02:24:21Z,sgp,32657,draftkings,"[{""event_id"": ""32657"", ""market"": ""player_receptions"", ""player"": ""Tetairoa McMillan"", ""point"": ""4.5"", ""side"": ""Over""}, {""event_id"": ""32657"", ""market"": ""player_receptions"", ""player"": ""Denzel Boston"", ""point"": ""3.5"", ""side"": ""Under""}]",214,5.0,,,0.9358,True,lost,-5.0,2026-09-28T02:19:48Z,auto construct=stranger independent_price=236
2026-09-26T02:24:24Z,sgp,32649,fanduel,"[{""event_id"": ""32649"", ""market"": ""player_receptions"", ""player"": ""Ja'Marr Chase"", ""point"": ""6.5"", ""side"": ""Under""}, {""event_id"": ""32649"", ""market"": ""player_receptions"", ""player"": ""Samaje Perine"", ""point"": ""1.5"", ""side"": ""Over""}]",251,5.0,,,0.9396,True,lost,-5.0,2026-09-28T02:19:48Z,auto construct=stranger independent_price=274
2026-09-26T02:24:26Z,sgp,32649,draftkings,"[{""event_id"": ""32649"", ""market"": ""player_receptions"", ""player"": ""Ja'Marr Chase"", ""point"": ""6.5"", ""side"": ""Under""}, {""event_id"": ""32649"", ""market"": ""player_receptions"", ""player"": ""Samaje Perine"", ""point"": ""1.5"", ""side"": ""Over""}]",274,5.0,,,0.9299,True,lost,-5.0,2026-09-28T02:19:48Z,auto construct=stranger independent_price=302
2026-09-26T02:24:32Z,sgp,32651,fanduel,"[{""event_id"": ""32651"", ""market"": ""player_receptions"", ""player"": ""Parker Washington"", ""point"": ""4.5"", ""side"": ""Under""}, {""event_id"": ""32651"", ""market"": ""player_reception_yds"", ""player"": ""Bhayshul Tuten"", ""point"": ""9.5"", ""side"": ""Under""}]",264,5.0,,,0.8904,True,lost,-5.0,2026-09-28T02:19:48Z,auto construct=stranger independent_price=309
2026-09-26T10:30:08Z,straight,32654,kalshi,"[{""event_id"": ""32654"", ""market"": ""player_receptions"", ""player"": ""Dalton Schultz"", ""point"": ""5.5"", ""side"": ""Under""}]",-122,5.0,3.77,0.5703,,,won,4.0983606557377055,2026-09-28T02:19:48Z,auto
2026-09-26T10:30:08Z,straight,32654,kalshi,"[{""event_id"": ""32654"", ""market"": ""player_receptions"", ""player"": ""Jared Wayne"", ""point"": ""1.5"", ""side"": ""Under""}]",-122,5.0,3.65,0.5696,,,won,4.0983606557377055,2026-09-28T02:19:48Z,auto
2026-09-26T10:30:08Z,straight,32650,bovada,"[{""event_id"": ""32650"", ""market"": ""player_receptions"", ""player"": ""Emmett Johnson"", ""point"": ""1.5"", ""side"": ""Over""}]",110,5.0,5.0,0.5,,,void,0.0,2026-09-28T15:30:34Z,auto
2026-09-26T10:30:08Z,straight,32650,draftkings,"[{""event_id"": ""32650"", ""market"": ""player_receptions"", ""player"": ""Emmett Johnson"", ""point"": ""1.5"", ""side"": ""Over""}]",108,5.0,4.0,0.5,,,void,0.0,2026-09-28T15:30:34Z,auto
2026-09-26T10:30:08Z,straight,32652,fanduel,"[{""event_id"": ""32652"", ""market"": ""player_receptions"", ""player"": ""AJ Barner"", ""point"": ""2.5"", ""side"": ""Under""}]",-104,5.0,4.64,0.5335,,,lost,-5.0,2026-09-28T02:19:48Z,auto
2026-09-26T10:30:08Z,straight,32658,kalshi,"[{""event_id"": ""32658"", ""market"": ""player_receptions"", ""player"": ""Bucky Irving"", ""point"": ""2.5"", ""side"": ""Over""}]",-117,5.0,4.86,0.5654,,,lost,-5.0,2026-09-28T02:19:48Z,auto
2026-09-26T10:30:08Z,straight,32658,kalshi,"[{""event_id"": ""32658"", ""market"": ""player_receptions"", ""player"": ""Jalen McMillan"", ""point"": ""1.5"", ""side"": ""Over""}]",144,5.0,3.17,0.4228,,,lost,-5.0,2026-09-28T02:19:48Z,auto
2026-09-26T10:30:08Z,straight,32658,kalshi,"[{""event_id"": ""32658"", ""market"": ""player_receptions"", ""player"": ""Josh Oliver"", ""point"": ""1.5"", ""side"": ""Under""}]",-144,5.0,3.14,0.6087,,,void,0.0,2026-09-28T15:30:34Z,auto
2026-09-26T10:30:08Z,straight,23215,hardrock,"[{""event_id"": ""23215"", ""market"": ""player_reception_yds"", ""player"": ""Mark Andrews"", ""point"": ""24.5"", ""side"": ""Under""}]",225,5.0,5.25,0.3239,,,won,11.25,2026-09-28T02:19:48Z,auto
2026-09-26T10:30:08Z,straight,32660,kalshi,"[{""event_id"": ""32660"", ""market"": ""player_receptions"", ""player"": ""Travis Etienne Jr."", ""point"": ""1.5"", ""side"": ""Over""}]",-122,5.0,3.33,0.5678,,,won,4.0983606557377055,2026-09-28T02:19:48Z,auto
2026-09-26T10:30:08Z,straight,32661,bovada,"[{""event_id"": ""32661"", ""market"": ""player_receptions"", ""player"": ""Kyren Williams"", ""point"": ""2.5"", ""side"": ""Over""}]",150,5.0,4.3,0.4172,,,won,7.5,2026-09-28T12:11:15Z,auto
2026-09-26T10:30:08Z,straight,32661,draftkings,"[{""event_id"": ""32661"", ""market"": ""player_receptions"", ""player"": ""Kyren Williams"", ""point"": ""2.5"", ""side"": ""Over""}]",149,5.0,3.88,0.4172,,,won,7.450000000000001,2026-09-28T12:11:15Z,auto
2026-09-26T10:30:08Z,parlay,"32654,32658",kalshi,"[{""event_id"": ""32658"", ""market"": ""player_receptions"", ""player"": ""Cade Otton"", ""point"": ""3.5"", ""side"": ""Over""}, {""event_id"": ""32654"", ""market"": ""player_receptions"", ""player"": ""Jaylin Noel"", ""point"": ""2.5"", ""side"": ""Over""}]",513,5.0,,,,,lost,-5.0,2026-09-28T02:19:48Z,auto construct=anchor-pure legs=2 independent product
2026-09-26T10:30:08Z,parlay,"32652,32653",kalshi,"[{""event_id"": ""32653"", ""market"": ""player_receptions"", ""player"": ""Malachi Fields"", ""point"": ""2.5"", ""side"": ""Over""}, {""event_id"": ""32652"", ""market"": ""player_receptions"", ""player"": ""Cooper Kupp"", ""point"": ""2.5"", ""side"": ""Over""}]",573,5.0,,,,,lost,-5.0,2026-09-28T02:19:48Z,auto construct=anchor-pure legs=2 independent product
2026-09-26T10:30:08Z,parlay,"32656,32662",kalshi,"[{""event_id"": ""32656"", ""market"": ""player_reception_yds"", ""player"": ""Isaiah Williams"", ""point"": ""24.5"", ""side"": ""Over""}, {""event_id"": ""32662"", ""market"": ""player_receptions"", ""player"": ""Colston Loveland"", ""point"": ""3.5"", ""side"": ""Over""}]",386,5.0,,,,,lost,-5.0,2026-09-28T15:30:34Z,auto construct=anchor-pure legs=2 independent product
2026-09-26T10:30:08Z,parlay,"32653,32654,32658",kalshi,"[{""event_id"": ""32658"", ""market"": ""player_receptions"", ""player"": ""Cade Otton"", ""point"": ""3.5"", ""side"": ""Over""}, {""event_id"": ""32654"", ""market"": ""player_receptions"", ""player"": ""Jaylin Noel"", ""point"": ""2.5"", ""side"": ""Over""}, {""event_id"": ""32653"", ""market"": ""player_receptions"", ""player"": ""Malachi Fields"", ""point"": ""2.5"", ""side"": ""Over""}]",1512,5.0,,,,,lost,-5.0,2026-09-28T02:19:48Z,auto construct=anchor-pure legs=3 independent product
2026-09-26T10:30:08Z,parlay,"32650,32656",bovada,"[{""event_id"": ""32656"", ""market"": ""player_receptions"", ""player"": ""Garrett Wilson"", ""point"": ""5.5"", ""side"": ""Under""}, {""event_id"": ""32650"", ""market"": ""player_receptions"", ""player"": ""Emmett Johnson"", ""point"": ""1.5"", ""side"": ""Over""}]",310,5.0,,,,,lost,-5.0,2026-09-28T02:19:48Z,auto construct=anchor-pure legs=2 independent product
2026-09-26T10:30:08Z,parlay,"32652,32660",fanduel,"[{""event_id"": ""32660"", ""market"": ""player_receptions"", ""player"": ""Tre Tucker"", ""point"": ""3.5"", ""side"": ""Under""}, {""event_id"": ""32652"", ""market"": ""player_receptions"", ""player"": ""AJ Barner"", ""point"": ""2.5"", ""side"": ""Under""}]",288,5.0,,,,,lost,-5.0,2026-09-28T02:19:48Z,auto construct=anchor-pure legs=2 independent product
2026-09-26T10:30:08Z,parlay,"23215,32652,32660",fanduel,"[{""event_id"": ""32660"", ""market"": ""player_receptions"", ""player"": ""Tre Tucker"", ""point"": ""3.5"", ""side"": ""Under""}, {""event_id"": ""32652"", ""market"": ""player_receptions"", ""player"": ""AJ Barner"", ""point"": ""2.5"", ""side"": ""Under""}, {""event_id"": ""23215"", ""market"": ""player_rush_yds"", ""player"": ""Lamar Jackson"", ""point"": ""38.5"", ""side"": ""Over""}]",629,5.0,,,,,lost,-5.0,2026-09-28T02:19:48Z,auto construct=anchor-pure legs=3 independent product
2026-09-26T10:30:08Z,parlay,"32656,32660",hardrock,"[{""event_id"": ""32660"", ""market"": ""player_receptions"", ""player"": ""Ashton Jeanty"", ""point"": ""2.5"", ""side"": ""Under""}, {""event_id"": ""32656"", ""market"": ""player_rush_yds"", ""player"": ""Breece Hall"", ""point"": ""39.5"", ""side"": ""Under""}]",1038,5.0,,,,,lost,-5.0,2026-09-28T02:19:48Z,auto construct=ev-ranked legs=2 independent product
2026-09-26T10:30:08Z,parlay,"23215,32658",hardrock,"[{""event_id"": ""32658"", ""market"": ""player_receptions"", ""player"": ""Emeka Egbuka"", ""point"": ""3.5"", ""side"": ""Under""}, {""event_id"": ""23215"", ""market"": ""player_reception_yds"", ""player"": ""Mark Andrews"", ""point"": ""24.5"", ""side"": ""Under""}]",648,5.0,,,,,lost,-5.0,2026-09-28T02:19:48Z,auto construct=ev-ranked legs=2 independent product
2026-09-26T10:30:08Z,parlay,"32656,32658,32660",hardrock,"[{""event_id"": ""32660"", ""market"": ""player_receptions"", ""player"": ""Ashton Jeanty"", ""point"": ""2.5"", ""side"": ""Under""}, {""event_id"": ""32656"", ""market"": ""player_rush_yds"", ""player"": ""Breece Hall"", ""point"": ""39.5"", ""side"": ""Under""}, {""event_id"": ""32658"", ""market"": ""player_receptions"", ""player"": ""Emeka Egbuka"", ""point"": ""3.5"", ""side"": ""Under""}]",2516,5.0,,,,,lost,-5.0,2026-09-28T02:19:48Z,auto construct=ev-ranked legs=3 independent product
2026-09-26T15:17:28Z,straight,32655,underdog,"[{""event_id"": ""32655"", ""market"": ""player_anytime_td"", ""player"": ""Omarion Hampton"", ""point"": ""0.5"", ""side"": ""Over""}]",-103,5.0,4.9,0.5323,,,lost,-5.0,2026-09-28T02:19:48Z,auto
2026-09-26T15:17:28Z,straight,32654,draftkings,"[{""event_id"": ""32654"", ""market"": ""player_receptions"", ""player"": ""Woody Marks"", ""point"": ""1.5"", ""side"": ""Under""}]",136,5.0,3.42,0.4382,,,won,6.800000000000002,2026-09-28T02:19:48Z,auto
2026-09-26T15:17:28Z,straight,32653,underdog,"[{""event_id"": ""32653"", ""market"": ""player_pass_yds"", ""player"": ""Cam Ward"", ""point"": ""187.5"", ""side"": ""Under""}]",-112,5.0,4.3,0.551,,,won,4.4642857142857135,2026-09-28T15:30:34Z,auto
2026-09-26T15:17:28Z,straight,32653,fanduel,"[{""event_id"": ""32653"", ""market"": ""player_pass_yds"", ""player"": ""Cam Ward"", ""point"": ""187.5"", ""side"": ""Under""}]",-114,5.0,3.43,0.551,,,won,4.385964912280702,2026-09-28T15:30:34Z,auto
2026-09-26T15:17:28Z,straight,32653,kalshi,"[{""event_id"": ""32653"", ""market"": ""player_receptions"", ""player"": ""Wan'Dale Robinson"", ""point"": ""3.5"", ""side"": ""Over""}]",117,5.0,4.17,0.4801,,,won,5.85,2026-09-28T02:19:49Z,auto
2026-09-26T15:17:28Z,straight,32652,kalshi,"[{""event_id"": ""32652"", ""market"": ""player_receptions"", ""player"": ""Stefon Diggs"", ""point"": ""3.5"", ""side"": ""Over""}]",-127,5.0,3.57,0.5795,,,won,3.9370078740157477,2026-09-28T02:19:49Z,auto
2026-09-26T15:17:28Z,straight,32657,kalshi,"[{""event_id"": ""32657"", ""market"": ""player_receptions"", ""player"": ""Tommy Tremble"", ""point"": ""1.5"", ""side"": ""Over""}]",-108,5.0,4.47,0.5424,,,won,4.62962962962963,2026-09-28T02:19:49Z,auto
2026-09-26T15:17:28Z,parlay,"32651,32655",kalshi,"[{""event_id"": ""32655"", ""market"": ""player_receptions"", ""player"": ""Ladd McConkey"", ""point"": ""4.5"", ""side"": ""Over""}, {""event_id"": ""32651"", ""market"": ""player_receptions"", ""player"": ""Parker Washington"", ""point"": ""4.5"", ""side"": ""Under""}]",371,5.0,,,,,lost,-5.0,2026-09-28T02:19:49Z,auto construct=anchor-pure legs=2 independent product
2026-09-26T15:17:28Z,parlay,"32652,32654,32658",kalshi,"[{""event_id"": ""32658"", ""market"": ""player_receptions"", ""player"": ""Cade Otton"", ""point"": ""3.5"", ""side"": ""Over""}, {""event_id"": ""32654"", ""market"": ""player_receptions"", ""player"": ""Jaylin Noel"", ""point"": ""2.5"", ""side"": ""Over""}, {""event_id"": ""32652"", ""market"": ""player_receptions"", ""player"": ""Cooper Kupp"", ""point"": ""2.5"", ""side"": ""Over""}]",1469,5.0,,,,,lost,-5.0,2026-09-28T02:19:49Z,auto construct=anchor-pure legs=3 independent product
2026-09-26T15:17:28Z,parlay,"32653,32656",underdog,"[{""event_id"": ""32656"", ""market"": ""player_receptions"", ""player"": ""Garrett Wilson"", ""point"": ""5.5"", ""side"": ""Over""}, {""event_id"": ""32653"", ""market"": ""player_pass_yds"", ""player"": ""Cam Ward"", ""point"": ""187.5"", ""side"": ""Under""}]",270,5.0,,,,,won,13.5,2026-09-28T15:30:34Z,auto construct=anchor-pure legs=2 independent product
2026-09-26T15:17:28Z,parlay,"32658,32662",hardrock,"[{""event_id"": ""32658"", ""market"": ""player_receptions"", ""player"": ""Emeka Egbuka"", ""point"": ""3.5"", ""side"": ""Under""}, {""event_id"": ""32662"", ""market"": ""player_receptions"", ""player"": ""Makai Lemon"", ""point"": ""1.5"", ""side"": ""Under""}]",682,5.0,,,,,lost,-5.0,2026-09-28T15:30:34Z,auto construct=ev-ranked legs=2 independent product
2026-09-26T15:17:28Z,parlay,"23215,32651",hardrock,"[{""event_id"": ""23215"", ""market"": ""player_reception_yds"", ""player"": ""Mark Andrews"", ""point"": ""24.5"", ""side"": ""Under""}, {""event_id"": ""32651"", ""market"": ""player_receptions"", ""player"": ""Brian Thomas Jr."", ""point"": ""2.5"", ""side"": ""Under""}]",664,5.0,,,,,won,33.199999999999996,2026-09-28T02:19:49Z,auto construct=ev-ranked legs=2 independent product
2026-09-26T15:17:28Z,parlay,"32655,32656",underdog,"[{""event_id"": ""32655"", ""market"": ""player_anytime_td"", ""player"": ""Omarion Hampton"", ""point"": ""0.5"", ""side"": ""Over""}, {""event_id"": ""32656"", ""market"": ""player_receptions"", ""player"": ""Garrett Wilson"", ""point"": ""5.5"", ""side"": ""Over""}]",285,5.0,,,,,lost,-5.0,2026-09-28T02:19:49Z,auto construct=ev-ranked legs=2 independent product
2026-09-26T15:17:28Z,parlay,"32653,32659",underdog,"[{""event_id"": ""32653"", ""market"": ""player_pass_yds"", ""player"": ""Cam Ward"", ""point"": ""187.5"", ""side"": ""Under""}, {""event_id"": ""32659"", ""market"": ""player_pass_completions"", ""player"": ""Jacoby Brissett"", ""point"": ""21.5"", ""side"": ""Over""}]",273,5.0,,,,,won,13.65,2026-09-28T15:30:34Z,auto construct=ev-ranked legs=2 independent product
2026-09-26T15:17:28Z,parlay,"32655,32657,32662",underdog,"[{""event_id"": ""32662"", ""market"": ""player_reception_yds"", ""player"": ""Colston Loveland"", ""point"": ""39.5"", ""side"": ""Under""}, {""event_id"": ""32657"", ""market"": ""player_receptions"", ""player"": ""Tetairoa McMillan"", ""point"": ""4.5"", ""side"": ""Over""}, {""event_id"": ""32655"", ""market"": ""player_anytime_td"", ""player"": ""Omarion Hampton"", ""point"": ""0.5"", ""side"": ""Over""}]",652,5.0,,,,,lost,-5.0,2026-09-28T15:30:34Z,auto construct=ev-ranked legs=3 independent product
2026-09-26T15:17:31Z,sgp,32655,fanduel,"[{""event_id"": ""32655"", ""market"": ""player_receptions"", ""player"": ""Ladd McConkey"", ""point"": ""4.5"", ""side"": ""Over""}, {""event_id"": ""32655"", ""market"": ""player_anytime_td"", ""player"": ""Omarion Hampton"", ""point"": ""0.5"", ""side"": ""Over""}]",210,5.0,,,0.9822,True,lost,-5.0,2026-09-28T02:19:49Z,auto construct=stranger independent_price=216
2026-09-26T15:17:33Z,sgp,32655,draftkings,"[{""event_id"": ""32655"", ""market"": ""player_receptions"", ""player"": ""Ladd McConkey"", ""point"": ""4.5"", ""side"": ""Over""}, {""event_id"": ""32655"", ""market"": ""player_anytime_td"", ""player"": ""Omarion Hampton"", ""point"": ""0.5"", ""side"": ""Over""}]",198,5.0,,,0.9825,True,lost,-5.0,2026-09-28T02:19:49Z,auto construct=stranger independent_price=203
2026-09-26T15:17:35Z,sgp,32653,fanduel,"[{""event_id"": ""32653"", ""market"": ""player_pass_yds"", ""player"": ""Cam Ward"", ""point"": ""187.5"", ""side"": ""Under""}, {""event_id"": ""32653"", ""market"": ""player_receptions"", ""player"": ""Darnell Mooney"", ""point"": ""1.5"", ""side"": ""Under""}]",209,5.0,,,0.9366,True,lost,-5.0,2026-09-28T15:30:34Z,auto construct=stack independent_price=230
2026-09-26T20:20:37Z,straight,32649,underdog,"[{""event_id"": ""32649"", ""market"": ""player_pass_interceptions"", ""player"": ""Aaron Rodgers"", ""point"": ""0.5"", ""side"": ""Under""}]",-110,5.0,4.08,0.5452,,,lost,-5.0,2026-09-28T02:19:49Z,auto
2026-09-26T20:20:37Z,straight,32649,kalshi,"[{""event_id"": ""32649"", ""market"": ""player_receptions"", ""player"": ""Roman Wilson"", ""point"": ""2.5"", ""side"": ""Over""}]",133,5.0,3.13,0.4426,,,won,6.65,2026-09-28T02:19:49Z,auto
2026-09-26T20:20:37Z,straight,32651,underdog,"[{""event_id"": ""32651"", ""market"": ""player_reception_yds"", ""player"": ""Bhayshul Tuten"", ""point"": ""9.5"", ""side"": ""Over""}]",-112,5.0,3.93,0.5491,,,won,4.4642857142857135,2026-09-28T02:19:49Z,auto
2026-09-26T20:20:37Z,straight,32651,fanduel,"[{""event_id"": ""32651"", ""market"": ""player_reception_yds"", ""player"": ""Bhayshul Tuten"", ""point"": ""9.5"", ""side"": ""Over""}]",-113,5.0,3.5,0.5491,,,won,4.424778761061948,2026-09-28T02:19:49Z,auto
2026-09-26T20:20:37Z,straight,32651,kalshi,"[{""event_id"": ""32651"", ""market"": ""player_reception_yds"", ""player"": ""Bhayshul Tuten"", ""point"": ""9.5"", ""side"": ""Over""}]",-113,5.0,3.5,0.5491,,,won,4.424778761061948,2026-09-28T02:19:49Z,auto
2026-09-26T20:20:37Z,straight,32654,kalshi,"[{""event_id"": ""32654"", ""market"": ""player_receptions"", ""player"": ""Darius Slayton"", ""point"": ""1.5"", ""side"": ""Over""}]",194,5.0,8.24,0.3682,,,void,0.0,2026-09-28T15:30:34Z,auto
2026-09-26T20:20:37Z,straight,32650,draftkings,"[{""event_id"": ""32650"", ""market"": ""player_rush_attempts"", ""player"": ""De'Von Achane"", ""point"": ""15.5"", ""side"": ""Under""}]",-101,5.0,3.47,0.5199,,,won,4.9504950495049505,2026-09-28T02:19:49Z,auto
2026-09-26T20:20:37Z,straight,32653,draftkings,"[{""event_id"": ""32653"", ""market"": ""player_pass_attempts"", ""player"": ""Jameis Winston"", ""point"": ""30.5"", ""side"": ""Under""}]",-118,5.0,3.79,0.5618,,,won,4.23728813559322,2026-09-28T02:19:49Z,auto
2026-09-26T20:20:37Z,straight,32659,kalshi,"[{""event_id"": ""32659"", ""market"": ""player_receptions"", ""player"": ""Kendrick Bourne"", ""point"": ""2.5"", ""side"": ""Under""}]",-100,5.0,4.84,0.5242,,,won,5.0,2026-09-28T02:19:49Z,auto
2026-09-26T20:20:37Z,straight,32658,underdog,"[{""event_id"": ""32658"", ""market"": ""player_rush_longest"", ""player"": ""Aaron Jones"", ""point"": ""13.5"", ""side"": ""Under""}]",-102,5.0,3.04,0.5203,,,lost,-5.0,2026-09-28T02:19:49Z,auto
2026-09-26T20:20:37Z,straight,23215,hardrock,"[{""event_id"": ""23215"", ""market"": ""player_pass_yds"", ""player"": ""Lamar Jackson"", ""point"": ""199.5"", ""side"": ""Under""}]",240,5.0,4.29,0.3067,,,won,12.0,2026-09-28T02:19:49Z,auto
2026-09-26T20:20:37Z,straight,23215,draftkings,"[{""event_id"": ""23215"", ""market"": ""player_rush_attempts"", ""player"": ""Dak Prescott"", ""point"": ""3.5"", ""side"": ""Over""}]",128,5.0,7.52,0.4716,,,won,6.400000000000001,2026-09-28T02:19:49Z,auto
2026-09-26T20:20:37Z,straight,32660,hardrock,"[{""event_id"": ""32660"", ""market"": ""player_reception_yds"", ""player"": ""Chris Olave"", ""point"": ""49.5"", ""side"": ""Under""}]",260,5.0,15.63,0.3212,,,lost,-5.0,2026-09-28T02:19:49Z,auto
2026-09-26T20:20:37Z,straight,32660,hardrock,"[{""event_id"": ""32660"", ""market"": ""player_receptions"", ""player"": ""Alvin Kamara"", ""point"": ""2.5"", ""side"": ""Under""}]",130,5.0,11.72,0.4857,,,won,6.499999999999999,2026-09-28T02:19:49Z,auto
2026-09-26T20:20:37Z,straight,32660,kalshi,"[{""event_id"": ""32660"", ""market"": ""player_receptions"", ""player"": ""Alvin Kamara"", ""point"": ""3.5"", ""side"": ""Over""}]",178,5.0,9.18,0.3927,,,lost,-5.0,2026-09-28T02:19:49Z,auto
2026-09-26T20:20:37Z,straight,32661,kalshi,"[{""event_id"": ""32661"", ""market"": ""player_receptions"", ""player"": ""RJ Harvey"", ""point"": ""2.5"", ""side"": ""Under""}]",122,5.0,4.03,0.4686,,,lost,-5.0,2026-09-28T12:11:16Z,auto
2026-09-26T20:20:37Z,straight,32662,kalshi,"[{""event_id"": ""32662"", ""market"": ""player_receptions"", ""player"": ""Cole Kmet"", ""point"": ""1.5"", ""side"": ""Over""}]",104,5.0,5.21,0.5157,,,lost,-5.0,2026-09-29T11:42:30Z,auto
2026-09-26T20:20:37Z,straight,32662,kalshi,"[{""event_id"": ""32662"", ""market"": ""player_receptions"", ""player"": ""Colston Loveland"", ""point"": ""3.5"", ""side"": ""Under""}]",-100,5.0,3.99,0.5199,,,lost,-5.0,2026-09-29T11:42:30Z,auto
2026-09-26T20:20:37Z,parlay,"32654,32660",kalshi,"[{""event_id"": ""32660"", ""market"": ""player_receptions"", ""player"": ""Alvin Kamara"", ""point"": ""3.5"", ""side"": ""Over""}, {""event_id"": ""32654"", ""market"": ""player_receptions"", ""player"": ""Darius Slayton"", ""point"": ""1.5"", ""side"": ""Over""}]",717,5.0,,,,,lost,-5.0,2026-09-28T02:19:49Z,auto construct=anchor-pure legs=2 independent product
2026-09-26T20:20:37Z,parlay,"32653,32654,32660",kalshi,"[{""event_id"": ""32660"", ""market"": ""player_receptions"", ""player"": ""Alvin Kamara"", ""point"": ""3.5"", ""side"": ""Over""}, {""event_id"": ""32654"", ""market"": ""player_receptions"", ""player"": ""Darius Slayton"", ""point"": ""1.5"", ""side"": ""Over""}, {""event_id"": ""32653"", ""market"": ""player_receptions"", ""player"": ""Malachi Fields"", ""point"": ""2.5"", ""side"": ""Over""}]",2050,5.0,,,,,lost,-5.0,2026-09-28T02:19:49Z,auto construct=anchor-pure legs=3 independent product
2026-09-26T20:20:37Z,parlay,"32649,32650",draftkings,"[{""event_id"": ""32649"", ""market"": ""player_receptions"", ""player"": ""Ja'Marr Chase"", ""point"": ""6.5"", ""side"": ""Under""}, {""event_id"": ""32650"", ""market"": ""player_receptions"", ""player"": ""Emmett Johnson"", ""point"": ""1.5"", ""side"": ""Over""}]",328,5.0,,,,,lost,-5.0,2026-09-28T02:19:49Z,auto construct=anchor-pure legs=2 independent product
2026-09-26T20:20:37Z,parlay,"23215,32652",fanduel,"[{""event_id"": ""32652"", ""market"": ""player_receptions"", ""player"": ""AJ Barner"", ""point"": ""2.5"", ""side"": ""Under""}, {""event_id"": ""23215"", ""market"": ""player_rush_yds"", ""player"": ""Lamar Jackson"", ""point"": ""38.5"", ""side"": ""Over""}]",268,5.0,,,,,lost,-5.0,2026-09-28T02:19:49Z,auto construct=anchor-pure legs=2 independent product
2026-09-26T20:20:37Z,parlay,"32653,32660",fanduel,"[{""event_id"": ""32653"", ""market"": ""player_receptions"", ""player"": ""Tony Pollard"", ""point"": ""1.5"", ""side"": ""Over""}, {""event_id"": ""32660"", ""market"": ""player_receptions"", ""player"": ""Tre Tucker"", ""point"": ""3.5"", ""side"": ""Under""}]",383,5.0,,,,,lost,-5.0,2026-09-28T02:19:49Z,auto construct=anchor-pure legs=2 independent product
2026-09-26T20:20:37Z,parlay,"32651,32657",fanduel,"[{""event_id"": ""32651"", ""market"": ""player_reception_yds"", ""player"": ""Bhayshul Tuten"", ""point"": ""9.5"", ""side"": ""Over""}, {""event_id"": ""32657"", ""market"": ""player_reception_yds"", ""player"": ""Chuba Hubbard"", ""point"": ""15.5"", ""side"": ""Over""}]",292,5.0,,,,,won,14.6,2026-09-28T02:19:49Z,auto construct=anchor-pure legs=2 independent product
2026-09-26T20:20:37Z,parlay,"23215,32652,32653",fanduel,"[{""event_id"": ""32652"", ""market"": ""player_receptions"", ""player"": ""AJ Barner"", ""point"": ""2.5"", ""side"": ""Under""}, {""event_id"": ""23215"", ""market"": ""player_rush_yds"", ""player"": ""Lamar Jackson"", ""point"": ""38.5"", ""side"": ""Over""}, {""event_id"": ""32653"", ""market"": ""player_receptions"", ""player"": ""Tony Pollard"", ""point"": ""1.5"", ""side"": ""Over""}]",798,5.0,,,,,lost,-5.0,2026-09-28T02:19:49Z,auto construct=anchor-pure legs=3 independent product
2026-09-26T20:20:37Z,parlay,"32649,32659",underdog,"[{""event_id"": ""32659"", ""market"": ""player_pass_completions"", ""player"": ""Jacoby Brissett"", ""point"": ""21.5"", ""side"": ""Over""}, {""event_id"": ""32649"", ""market"": ""player_pass_interceptions"", ""player"": ""Aaron Rodgers"", ""point"": ""0.5"", ""side"": ""Under""}]",276,5.0,,,,,lost,-5.0,2026-09-28T02:19:49Z,auto construct=anchor-pure legs=2 independent product
2026-09-26T20:20:37Z,parlay,"23215,32653",draftkings,"[{""event_id"": ""32653"", ""market"": ""player_receptions"", ""player"": ""Darnell Mooney"", ""point"": ""1.5"", ""side"": ""Over""}, {""event_id"": ""23215"", ""market"": ""player_rush_attempts"", ""player"": ""Dak Prescott"", ""point"": ""3.5"", ""side"": ""Over""}]",424,5.0,,,,,won,21.200000000000003,2026-09-28T02:19:49Z,auto construct=ev-ranked legs=2 independent product
2026-09-26T20:20:37Z,parlay,"32656,32658",draftkings,"[{""event_id"": ""32658"", ""market"": ""player_receptions"", ""player"": ""Emeka Egbuka"", ""point"": ""3.5"", ""side"": ""Under""}, {""event_id"": ""32656"", ""market"": ""player_receptions"", ""player"": ""Adonai Mitchell"", ""point"": ""3.5"", ""side"": ""Under""}]",374,5.0,,,,,lost,-5.0,2026-09-28T02:19:49Z,auto construct=ev-ranked legs=2 independent product
2026-09-26T20:20:37Z,parlay,"23215,32653,32658",draftkings,"[{""event_id"": ""32653"", ""market"": ""player_receptions"", ""player"": ""Darnell Mooney"", ""point"": ""1.5"", ""side"": ""Over""}, {""event_id"": ""23215"", ""market"": ""player_rush_attempts"", ""player"": ""Dak Prescott"", ""point"": ""3.5"", ""side"": ""Over""}, {""event_id"": ""32658"", ""market"": ""player_receptions"", ""player"": ""Emeka Egbuka"", ""point"": ""3.5"", ""side"": ""Under""}]",1106,5.0,,,,,lost,-5.0,2026-09-28T02:19:49Z,auto construct=ev-ranked legs=3 independent product
2026-09-26T20:20:37Z,parlay,"23215,32651",hardrock,"[{""event_id"": ""23215"", ""market"": ""player_pass_yds"", ""player"": ""Lamar Jackson"", ""point"": ""199.5"", ""side"": ""Under""}, {""event_id"": ""32651"", ""market"": ""player_receptions"", ""player"": ""Brian Thomas Jr."", ""point"": ""2.5"", ""side"": ""Under""}]",699,5.0,,,,,won,34.95,2026-09-28T02:19:49Z,auto construct=ev-ranked legs=2 independent product
2026-09-26T20:20:39Z,sgp,32654,fanduel,"[{""event_id"": ""32654"", ""market"": ""player_receptions"", ""player"": ""Darius Slayton"", ""point"": ""1.5"", ""side"": ""Over""}, {""event_id"": ""32654"", ""market"": ""player_receptions"", ""player"": ""Dalton Schultz"", ""point"": ""5.5"", ""side"": ""Under""}]",293,5.0,,,0.8962,True,won,4.912113800799505,2026-09-28T15:30:34Z,auto construct=stranger independent_price=339 reduced=1/2 legs
2026-09-26T20:20:48Z,sgp,23215,draftkings,"[{""event_id"": ""23215"", ""market"": ""player_rush_attempts"", ""player"": ""Dak Prescott"", ""point"": ""3.5"", ""side"": ""Over""}, {""event_id"": ""23215"", ""market"": ""player_receptions"", ""player"": ""Javonte Williams"", ""point"": ""2.5"", ""side"": ""Under""}]",330,5.0,,,0.9024,True,won,16.5,2026-09-28T02:19:50Z,auto construct=stranger independent_price=377
2026-09-26T20:20:54Z,sgp,32659,draftkings,"[{""event_id"": ""32659"", ""market"": ""player_receptions"", ""player"": ""Kendrick Bourne"", ""point"": ""2.5"", ""side"": ""Under""}, {""event_id"": ""32659"", ""market"": ""player_pass_completions"", ""player"": ""Jacoby Brissett"", ""point"": ""21.5"", ""side"": ""Over""}]",280,5.0,,,1.1502,True,won,14.0,2026-09-28T02:19:50Z,auto construct=stranger independent_price=230
2026-09-26T20:21:06Z,sgp,32661,fanduel,"[{""event_id"": ""32661"", ""market"": ""player_receptions"", ""player"": ""Kyren Williams"", ""point"": ""2.5"", ""side"": ""Over""}, {""event_id"": ""32661"", ""market"": ""player_receptions"", ""player"": ""RJ Harvey"", ""point"": ""2.5"", ""side"": ""Under""}]",305,5.0,,,0.8788,True,lost,-5.0,2026-09-28T12:11:16Z,auto construct=stranger independent_price=361
2026-09-26T20:21:10Z,sgp,32661,draftkings,"[{""event_id"": ""32661"", ""market"": ""player_receptions"", ""player"": ""Kyren Williams"", ""point"": ""2.5"", ""side"": ""Over""}, {""event_id"": ""32661"", ""market"": ""player_receptions"", ""player"": ""RJ Harvey"", ""point"": ""2.5"", ""side"": ""Under""}]",345,5.0,,,0.9033,True,lost,-5.0,2026-09-28T12:11:16Z,auto construct=stranger independent_price=393
2026-09-27T02:13:27Z,straight,32656,underdog,"[{""event_id"": ""32656"", ""market"": ""player_receptions"", ""player"": ""Isaiah Williams"", ""point"": ""2.5"", ""side"": ""Over""}]",-105,5.0,4.36,0.5345,,,lost,-5.0,2026-09-28T02:19:50Z,auto
2026-09-27T02:13:27Z,straight,32659,bovada,"[{""event_id"": ""32659"", ""market"": ""player_receptions"", ""player"": ""Trey McBride"", ""point"": ""7.5"", ""side"": ""Under""}]",-135,5.0,3.43,0.5942,,,lost,-5.0,2026-09-28T02:19:50Z,auto
2026-09-27T02:13:27Z,straight,32660,underdog,"[{""event_id"": ""32660"", ""market"": ""player_receptions"", ""player"": ""Noah Fant"", ""point"": ""1.5"", ""side"": ""Under""}]",-107,5.0,5.22,0.5439,,,lost,-5.0,2026-09-28T02:19:50Z,auto
2026-09-27T02:13:27Z,parlay,"32655,32660",underdog,"[{""event_id"": ""32660"", ""market"": ""player_receptions"", ""player"": ""Noah Fant"", ""point"": ""1.5"", ""side"": ""Under""}, {""event_id"": ""32655"", ""market"": ""player_anytime_td"", ""player"": ""Omarion Hampton"", ""point"": ""0.5"", ""side"": ""Over""}]",281,5.0,,,,,lost,-5.0,2026-09-28T02:19:50Z,auto construct=ev-ranked legs=2 independent product
2026-09-27T02:13:27Z,parlay,"32653,32656",underdog,"[{""event_id"": ""32656"", ""market"": ""player_receptions"", ""player"": ""Isaiah Williams"", ""point"": ""2.5"", ""side"": ""Over""}, {""event_id"": ""32653"", ""market"": ""player_pass_yds"", ""player"": ""Cam Ward"", ""point"": ""187.5"", ""side"": ""Under""}]",270,5.0,,,,,lost,-5.0,2026-09-28T15:30:34Z,auto construct=ev-ranked legs=2 independent product
2026-09-27T02:13:27Z,parlay,"32657,32660,32662",underdog,"[{""event_id"": ""32662"", ""market"": ""player_reception_yds"", ""player"": ""Colston Loveland"", ""point"": ""39.5"", ""side"": ""Under""}, {""event_id"": ""32657"", ""market"": ""player_receptions"", ""player"": ""Tetairoa McMillan"", ""point"": ""4.5"", ""side"": ""Over""}, {""event_id"": ""32660"", ""market"": ""player_receptions"", ""player"": ""Noah Fant"", ""point"": ""1.5"", ""side"": ""Under""}]",638,5.0,,,,,lost,-5.0,2026-09-28T15:30:34Z,auto construct=ev-ranked legs=3 independent product
2026-09-27T10:59:56Z,straight,32656,bovada,"[{""event_id"": ""32656"", ""market"": ""player_receptions"", ""player"": ""Garrett Wilson"", ""point"": ""6.5"", ""side"": ""Under""}]",-120,5.0,3.48,0.5644,,,lost,-5.0,2026-09-28T02:19:50Z,auto
2026-09-27T10:59:56Z,straight,32654,kalshi,"[{""event_id"": ""32654"", ""market"": ""player_reception_yds"", ""player"": ""Dalton Schultz"", ""point"": ""49.5"", ""side"": ""Under""}]",108,5.0,3.56,0.4979,,,won,5.4,2026-09-28T02:19:50Z,auto
2026-09-27T10:59:56Z,straight,32654,kalshi,"[{""event_id"": ""32654"", ""market"": ""player_receptions"", ""player"": ""Laquon Treadwell"", ""point"": ""1.5"", ""side"": ""Over""}]",138,5.0,3.86,0.4364,,,lost,-5.0,2026-09-28T02:19:50Z,auto
2026-09-27T10:59:56Z,straight,32653,underdog,"[{""event_id"": ""32653"", ""market"": ""player_field_goals_made"", ""player"": ""Dominic Zvada"", ""point"": ""1.5"", ""side"": ""Over""}]",-110,5.0,7.94,0.5654,,,won,4.545454545454546,2026-09-28T02:19:50Z,auto
2026-09-27T10:59:56Z,straight,32653,draftkings,"[{""event_id"": ""32653"", ""market"": ""player_field_goals_made"", ""player"": ""Dominic Zvada"", ""point"": ""1.5"", ""side"": ""Over""}]",-112,5.0,7.02,0.5654,,,won,4.4642857142857135,2026-09-28T02:19:50Z,auto
2026-09-27T10:59:56Z,straight,32653,kalshi,"[{""event_id"": ""32653"", ""market"": ""player_reception_yds"", ""player"": ""Calvin Ridley"", ""point"": ""14.5"", ""side"": ""Over""}]",108,5.0,3.12,0.4958,,,lost,-5.0,2026-09-28T02:19:50Z,auto
2026-09-27T10:59:56Z,straight,32653,kalshi,"[{""event_id"": ""32653"", ""market"": ""player_receptions"", ""player"": ""Calvin Ridley"", ""point"": ""1.5"", ""side"": ""Over""}]",138,5.0,5.17,0.4419,,,lost,-5.0,2026-09-28T02:19:50Z,auto
2026-09-27T10:59:56Z,straight,32653,kalshi,"[{""event_id"": ""32653"", ""market"": ""player_receptions"", ""player"": ""Malik Nabers"", ""point"": ""4.5"", ""side"": ""Over""}]",117,5.0,3.06,0.4749,,,won,5.85,2026-09-28T02:19:50Z,auto
2026-09-27T10:59:56Z,straight,32652,hardrock,"[{""event_id"": ""32652"", ""market"": ""player_field_goals_made"", ""player"": ""Jason Myers"", ""point"": ""1.5"", ""side"": ""Under""}]",130,5.0,6.64,0.4636,,,won,6.499999999999999,2026-09-28T02:19:50Z,auto
2026-09-27T10:59:56Z,straight,32652,kalshi,"[{""event_id"": ""32652"", ""market"": ""player_pass_tds"", ""player"": ""Marcus Mariota"", ""point"": ""0.5"", ""side"": ""Over""}]",-150,5.0,4.3,0.6258,,,won,3.3333333333333326,2026-09-28T02:19:50Z,auto
2026-09-27T10:59:56Z,straight,32657,kalshi,"[{""event_id"": ""32657"", ""market"": ""player_reception_yds"", ""player"": ""Xavier Legette"", ""point"": ""14.5"", ""side"": ""Over""}]",108,5.0,4.0,0.5,,,void,0.0,2026-09-28T15:30:34Z,auto
2026-09-27T10:59:56Z,straight,32657,kalshi,"[{""event_id"": ""32657"", ""market"": ""player_receptions"", ""player"": ""Harold Fannin Jr."", ""point"": ""3.5"", ""side"": ""Over""}]",-122,5.0,4.29,0.5731,,,won,4.0983606557377055,2026-09-28T02:19:50Z,auto
2026-09-27T10:59:56Z,straight,32657,kalshi,"[{""event_id"": ""32657"", ""market"": ""player_receptions"", ""player"": ""Jerry Jeudy"", ""point"": ""1.5"", ""side"": ""Under""}]",122,5.0,3.57,0.4665,,,void,0.0,2026-09-28T15:30:34Z,auto
2026-09-27T10:59:56Z,straight,32657,kalshi,"[{""event_id"": ""32657"", ""market"": ""player_receptions"", ""player"": ""Xavier Legette"", ""point"": ""1.5"", ""side"": ""Over""}]",127,5.0,3.87,0.4576,,,void,0.0,2026-09-28T15:30:34Z,auto
2026-09-27T10:59:56Z,straight,32655,draftkings,"[{""event_id"": ""32655"", ""market"": ""player_receptions"", ""player"": ""Ladd McConkey"", ""point"": ""4.5"", ""side"": ""Under""}]",116,5.0,4.15,0.4822,,,won,5.800000000000001,2026-09-28T02:19:50Z,auto
2026-09-27T10:59:56Z,straight,32655,bovada,"[{""event_id"": ""32655"", ""market"": ""player_receptions"", ""player"": ""Ladd McConkey"", ""point"": ""4.5"", ""side"": ""Under""}]",115,5.0,3.67,0.4822,,,won,5.75,2026-09-28T02:19:50Z,auto
2026-09-27T10:59:56Z,straight,32651,kalshi,"[{""event_id"": ""32651"", ""market"": ""player_receptions"", ""player"": ""Jakobi Meyers"", ""point"": ""3.5"", ""side"": ""Over""}]",122,5.0,4.49,0.4707,,,won,6.099999999999999,2026-09-28T02:19:50Z,auto
2026-09-27T10:59:56Z,straight,32659,bovada,"[{""event_id"": ""32659"", ""market"": ""player_rush_yds"", ""player"": ""Tyler Allgeier"", ""point"": ""24.5"", ""side"": ""Under""}]",185,5.0,4.44,0.3665,,,won,9.25,2026-09-28T02:19:50Z,auto
2026-09-27T10:59:56Z,straight,32658,hardrock,"[{""event_id"": ""32658"", ""market"": ""player_field_goals_made"", ""player"": ""Will Reichard"", ""point"": ""1.5"", ""side"": ""Under""}]",100,5.0,6.86,0.5343,,,lost,-5.0,2026-09-28T02:19:50Z,auto
2026-09-27T10:59:56Z,straight,32658,underdog,"[{""event_id"": ""32658"", ""market"": ""player_field_goals_made"", ""player"": ""Will Reichard"", ""point"": ""1.5"", ""side"": ""Under""}]",-102,5.0,5.82,0.5343,,,lost,-5.0,2026-09-28T02:19:50Z,auto
2026-09-27T10:59:56Z,straight,32658,draftkings,"[{""event_id"": ""32658"", ""market"": ""player_field_goals_made"", ""player"": ""Will Reichard"", ""point"": ""1.5"", ""side"": ""Under""}]",-103,5.0,5.31,0.5343,,,lost,-5.0,2026-09-28T02:19:50Z,auto
2026-09-27T10:59:56Z,straight,23215,bovada,"[{""event_id"": ""23215"", ""market"": ""player_pass_tds"", ""player"": ""Dak Prescott"", ""point"": ""1.5"", ""side"": ""Under""}]",130,5.0,3.27,0.449,,,won,6.499999999999999,2026-09-28T02:19:50Z,auto
2026-09-27T10:59:56Z,straight,23215,kalshi,"[{""event_id"": ""23215"", ""market"": ""player_receptions"", ""player"": ""George Pickens"", ""point"": ""5.5"", ""side"": ""Over""}]",138,5.0,5.17,0.4419,,,won,6.8999999999999995,2026-09-28T02:19:50Z,auto
2026-09-27T10:59:56Z,straight,23215,kalshi,"[{""event_id"": ""23215"", ""market"": ""player_receptions"", ""player"": ""Jake Ferguson"", ""point"": ""3.5"", ""side"": ""Over""}]",-100,5.0,3.38,0.5169,,,lost,-5.0,2026-09-28T02:19:50Z,auto
2026-09-27T10:59:56Z,straight,23215,kalshi,"[{""event_id"": ""23215"", ""market"": ""player_receptions"", ""player"": ""Justice Hill"", ""point"": ""2.5"", ""side"": ""Over""}]",170,5.0,5.13,0.3894,,,void,0.0,2026-09-28T15:30:34Z,auto
2026-09-27T10:59:56Z,straight,32660,kalshi,"[{""event_id"": ""32660"", ""market"": ""player_reception_yds"", ""player"": ""Jalen Nailor"", ""point"": ""24.5"", ""side"": ""Over""}]",104,5.0,4.78,0.5136,,,lost,-5.0,2026-09-28T02:19:50Z,auto
2026-09-27T10:59:56Z,straight,32660,kalshi,"[{""event_id"": ""32660"", ""market"": ""player_receptions"", ""player"": ""Jalen Nailor"", ""point"": ""2.5"", ""side"": ""Over""}]",138,5.0,3.86,0.4364,,,lost,-5.0,2026-09-28T02:19:50Z,auto
2026-09-27T10:59:56Z,straight,32661,hardrock,"[{""event_id"": ""32661"", ""market"": ""player_pass_yds"", ""player"": ""Matthew Stafford"", ""point"": ""199.5"", ""side"": ""Under""}]",240,5.0,7.8,0.3171,,,lost,-5.0,2026-09-28T12:11:16Z,auto
2026-09-27T10:59:56Z,parlay,"32649,32653",kalshi,"[{""event_id"": ""32653"", ""market"": ""player_receptions"", ""player"": ""Malachi Fields"", ""point"": ""2.5"", ""side"": ""Over""}, {""event_id"": ""32649"", ""market"": ""player_receptions"", ""player"": ""Samaje Perine"", ""point"": ""1.5"", ""side"": ""Over""}]",486,5.0,,,,,lost,-5.0,2026-09-28T02:19:50Z,auto construct=anchor-pure legs=2 independent product
2026-09-27T10:59:56Z,parlay,"32650,32652",kalshi,"[{""event_id"": ""32652"", ""market"": ""player_receptions"", ""player"": ""Cooper Kupp"", ""point"": ""2.5"", ""side"": ""Over""}, {""event_id"": ""32650"", ""market"": ""player_receptions"", ""player"": ""Emmett Johnson"", ""point"": ""1.5"", ""side"": ""Over""}]",445,5.0,,,,,won,7.800000000000001,2026-09-28T15:30:34Z,auto construct=anchor-pure legs=2 independent product reduced=1/2 legs
2026-09-27T10:59:56Z,parlay,"32653,32656",draftkings,"[{""event_id"": ""32653"", ""market"": ""player_receptions"", ""player"": ""Darnell Mooney"", ""point"": ""1.5"", ""side"": ""Over""}, {""event_id"": ""32656"", ""market"": ""player_receptions"", ""player"": ""Adonai Mitchell"", ""point"": ""3.5"", ""side"": ""Under""}]",374,5.0,,,,,won,6.499999999999999,2026-09-28T15:30:34Z,auto construct=anchor-pure legs=2 independent product reduced=1/2 legs
2026-09-27T10:59:56Z,parlay,"32650,32655",draftkings,"[{""event_id"": ""32655"", ""market"": ""player_receptions"", ""player"": ""Ladd McConkey"", ""point"": ""4.5"", ""side"": ""Under""}, {""event_id"": ""32650"", ""market"": ""player_receptions"", ""player"": ""Emmett Johnson"", ""point"": ""1.5"", ""side"": ""Over""}]",349,5.0,,,,,won,5.800000000000001,2026-09-28T15:30:34Z,auto construct=anchor-pure legs=2 independent product reduced=1/2 legs
2026-09-27T10:59:56Z,parlay,"32653,32654,32656",draftkings,"[{""event_id"": ""32653"", ""market"": ""player_receptions"", ""player"": ""Darnell Mooney"", ""point"": ""1.5"", ""side"": ""Over""}, {""event_id"": ""32656"", ""market"": ""player_receptions"", ""player"": ""Adonai Mitchell"", ""point"": ""3.5"", ""side"": ""Under""}, {""event_id"": ""32654"", ""market"": ""player_receptions"", ""player"": ""Dalton Schultz"", ""point"": ""5.5"", ""side"": ""Under""}]",769,5.0,,,,,won,16.083333333333336,2026-09-28T15:30:34Z,auto construct=anchor-pure legs=3 independent product reduced=2/3 legs
2026-09-27T10:59:56Z,parlay,"32650,32658",bovada,"[{""event_id"": ""32650"", ""market"": ""player_receptions"", ""player"": ""Emmett Johnson"", ""point"": ""1.5"", ""side"": ""Over""}, {""event_id"": ""32658"", ""market"": ""player_receptions"", ""player"": ""T.J. Hockenson"", ""point"": ""3.5"", ""side"": ""Under""}]",330,5.0,,,,,won,5.249999999999999,2026-09-28T15:30:34Z,auto construct=anchor-pure legs=2 independent product reduced=1/2 legs
2026-09-27T10:59:56Z,parlay,"32653,32654,32657",bovada,"[{""event_id"": ""32653"", ""market"": ""player_receptions"", ""player"": ""Darnell Mooney"", ""point"": ""1.5"", ""side"": ""Over""}, {""event_id"": ""32654"", ""market"": ""player_receptions"", ""player"": ""Dalton Schultz"", ""point"": ""5.5"", ""side"": ""Under""}, {""event_id"": ""32657"", ""market"": ""player_receptions"", ""player"": ""Denzel Boston"", ""point"": ""3.5"", ""side"": ""Under""}]",764,5.0,,,,,won,38.2,2026-09-28T02:19:50Z,auto construct=anchor-pure legs=3 independent product
2026-09-27T10:59:56Z,parlay,"32653,32657",underdog,"[{""event_id"": ""32653"", ""market"": ""player_field_goals_made"", ""player"": ""Dominic Zvada"", ""point"": ""1.5"", ""side"": ""Over""}, {""event_id"": ""32657"", ""market"": ""player_receptions"", ""player"": ""Tetairoa McMillan"", ""point"": ""4.5"", ""side"": ""Over""}]",278,5.0,,,,,lost,-5.0,2026-09-28T02:19:50Z,auto construct=anchor-pure legs=2 independent product
2026-09-27T10:59:56Z,parlay,"32656,32662",underdog,"[{""event_id"": ""32662"", ""market"": ""player_receptions"", ""player"": ""Rome Odunze"", ""point"": ""2.5"", ""side"": ""Under""}, {""event_id"": ""32656"", ""market"": ""player_receptions"", ""player"": ""Garrett Wilson"", ""point"": ""5.5"", ""side"": ""Over""}]",279,5.0,,,,,lost,-5.0,2026-09-29T11:42:30Z,auto construct=anchor-pure legs=2 independent product
2026-09-27T10:59:56Z,parlay,"32653,32657,32662",underdog,"[{""event_id"": ""32653"", ""market"": ""player_field_goals_made"", ""player"": ""Dominic Zvada"", ""point"": ""1.5"", ""side"": ""Over""}, {""event_id"": ""32657"", ""market"": ""player_receptions"", ""player"": ""Tetairoa McMillan"", ""point"": ""4.5"", ""side"": ""Over""}, {""event_id"": ""32662"", ""market"": ""player_receptions"", ""player"": ""Rome Odunze"", ""point"": ""2.5"", ""side"": ""Under""}]",635,5.0,,,,,lost,-5.0,2026-09-28T15:30:34Z,auto construct=anchor-pure legs=3 independent product
2026-09-27T10:59:56Z,parlay,"32652,32654",hardrock,"[{""event_id"": ""32652"", ""market"": ""player_field_goals_made"", ""player"": ""Jason Myers"", ""point"": ""1.5"", ""side"": ""Under""}, {""event_id"": ""32654"", ""market"": ""player_field_goals_made"", ""player"": ""Ka'imi Fairbairn"", ""point"": ""1.5"", ""side"": ""Under""}]",429,5.0,,,,,won,21.45,2026-09-28T02:19:51Z,auto construct=anchor-pure legs=2 independent product
2026-09-27T10:59:56Z,parlay,"23215,32652,32654",hardrock,"[{""event_id"": ""32652"", ""market"": ""player_field_goals_made"", ""player"": ""Jason Myers"", ""point"": ""1.5"", ""side"": ""Under""}, {""event_id"": ""32654"", ""market"": ""player_field_goals_made"", ""player"": ""Ka'imi Fairbairn"", ""point"": ""1.5"", ""side"": ""Under""}, {""event_id"": ""23215"", ""market"": ""player_receptions"", ""player"": ""Javonte Williams"", ""point"": ""2.5"", ""side"": ""Under""}]",1064,5.0,,,,,won,53.2,2026-09-28T02:19:51Z,auto construct=anchor-pure legs=3 independent product
2026-09-27T10:59:56Z,parlay,"32654,32657",bovada,"[{""event_id"": ""32654"", ""market"": ""player_receptions"", ""player"": ""Dalton Schultz"", ""point"": ""5.5"", ""side"": ""Under""}, {""event_id"": ""32657"", ""market"": ""player_receptions"", ""player"": ""Denzel Boston"", ""point"": ""3.5"", ""side"": ""Under""}]",276,5.0,,,,,won,13.799999999999999,2026-09-28T02:19:51Z,auto construct=ev-ranked legs=2 independent product
2026-09-27T10:59:56Z,parlay,"32656,32661",hardrock,"[{""event_id"": ""32661"", ""market"": ""player_pass_yds"", ""player"": ""Matthew Stafford"", ""point"": ""199.5"", ""side"": ""Under""}, {""event_id"": ""32656"", ""market"": ""player_rush_yds"", ""player"": ""Breece Hall"", ""point"": ""39.5"", ""side"": ""Under""}]",1005,5.0,,,,,lost,-5.0,2026-09-28T12:11:16Z,auto construct=ev-ranked legs=2 independent product
2026-09-27T10:59:56Z,parlay,"32652,32658",hardrock,"[{""event_id"": ""32658"", ""market"": ""player_field_goals_made"", ""player"": ""Will Reichard"", ""point"": ""1.5"", ""side"": ""Under""}, {""event_id"": ""32652"", ""market"": ""player_field_goals_made"", ""player"": ""Jason Myers"", ""point"": ""1.5"", ""side"": ""Under""}]",360,5.0,,,,,lost,-5.0,2026-09-28T02:19:51Z,auto construct=ev-ranked legs=2 independent product
2026-09-27T10:59:56Z,parlay,"32660,32661,32662",hardrock,"[{""event_id"": ""32660"", ""market"": ""player_receptions"", ""player"": ""Ashton Jeanty"", ""point"": ""2.5"", ""side"": ""Under""}, {""event_id"": ""32662"", ""market"": ""player_receptions"", ""player"": ""Makai Lemon"", ""point"": ""1.5"", ""side"": ""Under""}, {""event_id"": ""32661"", ""market"": ""player_pass_yds"", ""player"": ""Matthew Stafford"", ""point"": ""199.5"", ""side"": ""Under""}]",4065,5.0,,,,,lost,-5.0,2026-09-28T15:30:34Z,auto construct=ev-ranked legs=3 independent product
2026-09-27T10:59:56Z,parlay,"32653,32662",underdog,"[{""event_id"": ""32662"", ""market"": ""player_reception_yds"", ""player"": ""Colston Loveland"", ""point"": ""39.5"", ""side"": ""Under""}, {""event_id"": ""32653"", ""market"": ""player_field_goals_made"", ""player"": ""Dominic Zvada"", ""point"": ""1.5"", ""side"": ""Over""}]",268,5.0,,,,,won,13.4,2026-09-29T11:42:30Z,auto construct=ev-ranked legs=2 independent product
2026-09-27T10:59:56Z,parlay,"32657,32658",underdog,"[{""event_id"": ""32658"", ""market"": ""player_field_goals_made"", ""player"": ""Will Reichard"", ""point"": ""1.5"", ""side"": ""Under""}, {""event_id"": ""32657"", ""market"": ""player_receptions"", ""player"": ""Tetairoa McMillan"", ""point"": ""4.5"", ""side"": ""Over""}]",292,5.0,,,,,lost,-5.0,2026-09-28T02:19:51Z,auto construct=ev-ranked legs=2 independent product
2026-09-27T10:59:56Z,parlay,"32653,32658,32662",underdog,"[{""event_id"": ""32662"", ""market"": ""player_reception_yds"", ""player"": ""Colston Loveland"", ""point"": ""39.5"", ""side"": ""Under""}, {""event_id"": ""32653"", ""market"": ""player_field_goals_made"", ""player"": ""Dominic Zvada"", ""point"": ""1.5"", ""side"": ""Over""}, {""event_id"": ""32658"", ""market"": ""player_field_goals_made"", ""player"": ""Will Reichard"", ""point"": ""1.5"", ""side"": ""Under""}]",628,5.0,,,,,lost,-5.0,2026-09-28T15:30:34Z,auto construct=ev-ranked legs=3 independent product
2026-09-27T11:00:02Z,sgp,32653,draftkings,"[{""event_id"": ""32653"", ""market"": ""player_field_goals_made"", ""player"": ""Dominic Zvada"", ""point"": ""1.5"", ""side"": ""Over""}, {""event_id"": ""32653"", ""market"": ""player_receptions"", ""player"": ""Malachi Fields"", ""point"": ""2.5"", ""side"": ""Over""}]",355,5.0,,,0.9245,True,lost,-5.0,2026-09-28T02:19:51Z,auto construct=stranger independent_price=392
2026-09-27T11:00:05Z,sgp,32652,fanduel,"[{""event_id"": ""32652"", ""market"": ""player_receptions"", ""player"": ""Cooper Kupp"", ""point"": ""2.5"", ""side"": ""Over""}, {""event_id"": ""32652"", ""market"": ""player_pass_tds"", ""player"": ""Marcus Mariota"", ""point"": ""0.5"", ""side"": ""Over""}]",215,5.0,,,0.887,True,won,10.75,2026-09-28T02:19:51Z,auto construct=stack independent_price=256
2026-09-27T11:00:08Z,sgp,32652,draftkings,"[{""event_id"": ""32652"", ""market"": ""player_receptions"", ""player"": ""Cooper Kupp"", ""point"": ""2.5"", ""side"": ""Over""}, {""event_id"": ""32652"", ""market"": ""player_pass_tds"", ""player"": ""Marcus Mariota"", ""point"": ""0.5"", ""side"": ""Over""}]",236,5.0,,,0.9198,True,won,11.799999999999999,2026-09-28T02:19:51Z,auto construct=stack independent_price=265
2026-09-27T11:00:11Z,sgp,32652,draftkings,"[{""event_id"": ""32652"", ""market"": ""player_receptions"", ""player"": ""Cooper Kupp"", ""point"": ""2.5"", ""side"": ""Over""}, {""event_id"": ""32652"", ""market"": ""player_field_goals_made"", ""player"": ""Jason Myers"", ""point"": ""1.5"", ""side"": ""Under""}]",365,5.0,,,0.9357,True,won,18.25,2026-09-28T02:19:51Z,auto construct=stranger independent_price=397
2026-09-27T11:00:16Z,sgp,23215,draftkings,"[{""event_id"": ""23215"", ""market"": ""player_rush_attempts"", ""player"": ""Dak Prescott"", ""point"": ""3.5"", ""side"": ""Over""}, {""event_id"": ""23215"", ""market"": ""player_receptions"", ""player"": ""George Pickens"", ""point"": ""5.5"", ""side"": ""Over""}]",335,5.0,,,0.9602,True,won,16.75,2026-09-28T02:19:51Z,auto construct=stranger independent_price=353
2026-09-27T11:00:23Z,sgp,32655,fanduel,"[{""event_id"": ""32655"", ""market"": ""player_receptions"", ""player"": ""Ladd McConkey"", ""point"": ""4.5"", ""side"": ""Under""}, {""event_id"": ""32655"", ""market"": ""player_pass_tds"", ""player"": ""Josh Allen"", ""point"": ""1.5"", ""side"": ""Under""}]",283,5.0,,,0.8689,True,won,14.15,2026-09-28T02:19:51Z,auto construct=stack independent_price=341
2026-09-27T11:00:25Z,sgp,32655,draftkings,"[{""event_id"": ""32655"", ""market"": ""player_receptions"", ""player"": ""Ladd McConkey"", ""point"": ""4.5"", ""side"": ""Under""}, {""event_id"": ""32655"", ""market"": ""player_pass_tds"", ""player"": ""Josh Allen"", ""point"": ""1.5"", ""side"": ""Under""}]",335,5.0,,,0.8991,True,won,16.75,2026-09-28T02:19:51Z,auto construct=stack independent_price=384
2026-09-27T15:58:51Z,straight,32656,kalshi,"[{""event_id"": ""32656"", ""market"": ""player_pass_tds"", ""player"": ""Jared Goff"", ""point"": ""1.5"", ""side"": ""Under""}]",178,5.0,4.85,0.3771,,,lost,-5.0,2026-09-28T02:19:51Z,auto
2026-09-27T15:58:51Z,straight,32656,underdog,"[{""event_id"": ""32656"", ""market"": ""player_reception_yds"", ""player"": ""Jeremy Ruckert"", ""point"": ""8.5"", ""side"": ""Over""}]",-108,5.0,5.38,0.5472,,,won,4.62962962962963,2026-09-28T02:19:51Z,auto
2026-09-27T15:58:51Z,straight,32656,draftkings,"[{""event_id"": ""32656"", ""market"": ""player_reception_yds"", ""player"": ""Jeremy Ruckert"", ""point"": ""8.5"", ""side"": ""Over""}]",-110,5.0,4.46,0.5472,,,won,4.545454545454546,2026-09-28T02:19:51Z,auto
2026-09-27T15:58:51Z,straight,32656,fanduel,"[{""event_id"": ""32656"", ""market"": ""player_reception_yds"", ""player"": ""Jeremy Ruckert"", ""point"": ""8.5"", ""side"": ""Over""}]",-113,5.0,3.14,0.5472,,,won,4.424778761061948,2026-09-28T02:19:51Z,auto
2026-09-27T15:58:51Z,straight,32656,kalshi,"[{""event_id"": ""32656"", ""market"": ""player_receptions"", ""player"": ""Amon-Ra St. Brown"", ""point"": ""7.5"", ""side"": ""Over""}]",144,5.0,6.44,0.4362,,,lost,-5.0,2026-09-28T02:19:51Z,auto
2026-09-27T15:58:51Z,straight,32656,kalshi,"[{""event_id"": ""32656"", ""market"": ""player_receptions"", ""player"": ""Garrett Wilson"", ""point"": ""6.5"", ""side"": ""Over""}]",113,5.0,5.12,0.4935,,,won,5.6499999999999995,2026-09-28T02:19:51Z,auto
2026-09-27T15:58:51Z,straight,32656,hardrock,"[{""event_id"": ""32656"", ""market"": ""player_receptions"", ""player"": ""Kenyon Sadiq"", ""point"": ""2.5"", ""side"": ""Under""}]",160,5.0,3.4,0.3977,,,lost,-5.0,2026-09-28T02:19:51Z,auto
2026-09-27T15:58:51Z,straight,32656,bovada,"[{""event_id"": ""32656"", ""market"": ""player_rush_yds"", ""player"": ""Jahmyr Gibbs"", ""point"": ""69.5"", ""side"": ""Under""}]",250,5.0,13.2,0.3234,,,lost,-5.0,2026-09-28T02:19:51Z,auto
2026-09-27T15:58:51Z,straight,32654,kalshi,"[{""event_id"": ""32654"", ""market"": ""player_receptions"", ""player"": ""Keenan Allen"", ""point"": ""3.5"", ""side"": ""Over""}]",108,5.0,4.0,0.5,,,won,5.4,2026-09-28T02:19:51Z,auto
2026-09-27T15:58:51Z,straight,32654,bovada,"[{""event_id"": ""32654"", ""market"": ""player_receptions"", ""player"": ""Laquon Treadwell"", ""point"": ""1.5"", ""side"": ""Over""}]",115,5.0,7.03,0.4978,,,lost,-5.0,2026-09-28T02:19:51Z,auto
2026-09-27T15:58:51Z,straight,32654,bovada,"[{""event_id"": ""32654"", ""market"": ""player_rush_yds"", ""player"": ""Woody Marks"", ""point"": ""19.5"", ""side"": ""Under""}]",225,5.0,6.14,0.3266,,,won,11.25,2026-09-28T02:19:51Z,auto
2026-09-27T15:58:51Z,straight,32654,bovada,"[{""event_id"": ""32654"", ""market"": ""player_rush_yds"", ""player"": ""Woody Marks"", ""point"": ""24.5"", ""side"": ""Under""}]",140,5.0,4.54,0.4356,,,won,7.0,2026-09-28T02:19:51Z,auto
2026-09-27T15:58:51Z,straight,32650,kalshi,"[{""event_id"": ""32650"", ""market"": ""player_receptions"", ""player"": ""Xavier Worthy"", ""point"": ""3.5"", ""side"": ""Over""}]",108,5.0,5.8,0.5087,,,lost,-5.0,2026-09-28T02:19:51Z,auto
2026-09-27T15:58:51Z,straight,32653,kalshi,"[{""event_id"": ""32653"", ""market"": ""player_receptions"", ""player"": ""Devin Singletary"", ""point"": ""1.5"", ""side"": ""Over""}]",127,5.0,3.06,0.454,,,void,0.0,2026-09-28T15:30:34Z,auto
2026-09-27T15:58:51Z,straight,32653,draftkings,"[{""event_id"": ""32653"", ""market"": ""player_receptions"", ""player"": ""Isaiah Likely"", ""point"": ""4.5"", ""side"": ""Under""}]",-157,5.0,3.71,0.6335,,,won,3.1847133757961776,2026-09-28T02:19:51Z,auto
2026-09-27T15:58:51Z,straight,32653,draftkings,"[{""event_id"": ""32653"", ""market"": ""player_receptions"", ""player"": ""Tony Pollard"", ""point"": ""1.5"", ""side"": ""Over""}]",154,5.0,4.21,0.4103,,,won,7.7,2026-09-28T02:19:51Z,auto
2026-09-27T15:58:51Z,straight,32653,hardrock,"[{""event_id"": ""32653"", ""market"": ""player_rush_attempts"", ""player"": ""Cam Skattebo"", ""point"": ""15.5"", ""side"": ""Under""}]",115,5.0,5.17,0.4892,,,lost,-5.0,2026-09-28T02:19:51Z,auto
2026-09-27T15:58:51Z,straight,32653,fanatics,"[{""event_id"": ""32653"", ""market"": ""player_rush_yds"", ""player"": ""Najee Harris"", ""point"": ""20.5"", ""side"": ""Under""}]",105,5.0,6.7,0.5205,,,lost,-5.0,2026-09-28T02:19:51Z,auto
2026-09-27T15:58:51Z,straight,32653,kalshi,"[{""event_id"": ""32653"", ""market"": ""player_rush_yds"", ""player"": ""Tony Pollard"", ""point"": ""59.5"", ""side"": ""Over""}]",113,5.0,4.19,0.4892,,,won,5.6499999999999995,2026-09-28T02:19:51Z,auto
2026-09-27T15:58:51Z,straight,32652,underdog,"[{""event_id"": ""32652"", ""market"": ""player_pass_attempts"", ""player"": ""Marcus Mariota"", ""point"": ""29.5"", ""side"": ""Under""}]",-102,5.0,3.08,0.5205,,,lost,-5.0,2026-09-28T02:19:51Z,auto
2026-09-27T15:58:51Z,straight,32652,kalshi,"[{""event_id"": ""32652"", ""market"": ""player_reception_yds"", ""player"": ""Elijah Arroyo"", ""point"": ""4.5"", ""side"": ""Over""}]",-100,5.0,3.04,0.5152,,,void,0.0,2026-09-28T15:30:34Z,auto
2026-09-27T15:58:51Z,straight,32657,draftkings,"[{""event_id"": ""32657"", ""market"": ""player_reception_longest"", ""player"": ""Tommy Tremble"", ""point"": ""7.5"", ""side"": ""Over""}]",-106,5.0,3.12,0.5306,,,won,4.716981132075472,2026-09-28T02:19:51Z,auto
2026-09-27T15:58:51Z,straight,32657,draftkings,"[{""event_id"": ""32657"", ""market"": ""player_receptions"", ""player"": ""Raheim Sanders"", ""point"": ""0.5"", ""side"": ""Under""}]",137,5.0,8.93,0.4596,,,lost,-5.0,2026-09-28T02:19:51Z,auto
2026-09-27T15:58:51Z,straight,32657,bovada,"[{""event_id"": ""32657"", ""market"": ""player_receptions"", ""player"": ""Raheim Sanders"", ""point"": ""0.5"", ""side"": ""Under""}]",130,5.0,5.72,0.4596,,,lost,-5.0,2026-09-28T02:19:51Z,auto
2026-09-27T15:58:51Z,straight,32657,kalshi,"[{""event_id"": ""32657"", ""market"": ""player_receptions"", ""player"": ""Raheim Sanders"", ""point"": ""0.5"", ""side"": ""Under""}]",127,5.0,4.34,0.4596,,,lost,-5.0,2026-09-28T02:19:51Z,auto
2026-09-27T15:58:51Z,straight,32649,kalshi,"[{""event_id"": ""32649"", ""market"": ""player_pass_yds"", ""player"": ""Aaron Rodgers"", ""point"": ""224.5"", ""side"": ""Over""}]",108,5.0,4.0,0.5,,,won,5.4,2026-09-28T02:19:51Z,auto
2026-09-27T15:58:51Z,straight,32649,underdog,"[{""event_id"": ""32649"", ""market"": ""player_reception_yds"", ""player"": ""Mike Gesicki"", ""point"": ""23.5"", ""side"": ""Over""}]",-112,5.0,3.2,0.5452,,,won,4.4642857142857135,2026-09-28T02:19:51Z,auto
2026-09-27T15:58:51Z,straight,32649,kalshi,"[{""event_id"": ""32649"", ""market"": ""player_receptions"", ""player"": ""Chase Brown"", ""point"": ""3.5"", ""side"": ""Over""}]",113,5.0,3.27,0.4848,,,lost,-5.0,2026-09-28T02:19:51Z,auto
2026-09-27T15:58:51Z,straight,32649,kalshi,"[{""event_id"": ""32649"", ""market"": ""player_receptions"", ""player"": ""Drew Sample"", ""point"": ""1.5"", ""side"": ""Over""}]",170,5.0,3.44,0.3831,,,lost,-5.0,2026-09-28T02:19:51Z,auto
2026-09-27T15:58:51Z,straight,32651,kalshi,"[{""event_id"": ""32651"", ""market"": ""player_pass_tds"", ""player"": ""Drake Maye"", ""point"": ""1.5"", ""side"": ""Over""}]",156,5.0,3.53,0.4044,,,lost,-5.0,2026-09-28T02:19:51Z,auto
2026-09-27T15:58:51Z,straight,32651,kalshi,"[{""event_id"": ""32651"", ""market"": ""player_receptions"", ""player"": ""Kyle Williams"", ""point"": ""0.5"", ""side"": ""Under""}]",156,5.0,4.89,0.4097,,,lost,-5.0,2026-09-28T02:19:51Z,auto
2026-09-27T15:58:51Z,straight,32659,kalshi,"[{""event_id"": ""32659"", ""market"": ""player_receptions"", ""player"": ""Trey McBride"", ""point"": ""7.5"", ""side"": ""Over""}]",144,5.0,7.96,0.4425,,,won,7.199999999999999,2026-09-28T02:19:51Z,auto
2026-09-27T15:58:51Z,straight,32658,hardrock,"[{""event_id"": ""32658"", ""market"": ""player_field_goals_made"", ""player"": ""Chase McLaughlin"", ""point"": ""1.5"", ""side"": ""Under""}]",110,5.0,4.09,0.4957,,,lost,-5.0,2026-09-28T02:19:51Z,auto
2026-09-27T15:58:51Z,straight,32658,hardrock,"[{""event_id"": ""32658"", ""market"": ""player_pass_yds"", ""player"": ""Kyler Murray"", ""point"": ""174.5"", ""side"": ""Under""}]",230,5.0,7.77,0.3266,,,won,11.5,2026-09-28T02:19:51Z,auto
2026-09-27T15:58:51Z,straight,32658,fanduel,"[{""event_id"": ""32658"", ""market"": ""player_rush_yds"", ""player"": ""Baker Mayfield"", ""point"": ""19.5"", ""side"": ""Under""}]",-113,5.0,4.42,0.554,,,won,4.424778761061948,2026-09-28T02:19:51Z,auto
2026-09-27T15:58:51Z,straight,23215,kalshi,"[{""event_id"": ""23215"", ""market"": ""player_receptions"", ""player"": ""Mark Andrews"", ""point"": ""4.5"", ""side"": ""Over""}]",133,5.0,5.97,0.4548,,,lost,-5.0,2026-09-28T02:19:51Z,auto
2026-09-27T15:58:51Z,straight,23215,bovada,"[{""event_id"": ""23215"", ""market"": ""player_receptions"", ""player"": ""Rashod Bateman"", ""point"": ""3.5"", ""side"": ""Over""}]",105,5.0,7.59,0.5248,,,lost,-5.0,2026-09-28T02:19:51Z,auto
2026-09-27T15:58:51Z,straight,23215,kalshi,"[{""event_id"": ""23215"", ""market"": ""player_receptions"", ""player"": ""Rashod Bateman"", ""point"": ""3.5"", ""side"": ""Over""}]",104,5.0,7.07,0.5248,,,lost,-5.0,2026-09-28T02:19:51Z,auto
2026-09-27T15:58:51Z,straight,23215,draftkings,"[{""event_id"": ""23215"", ""market"": ""player_receptions"", ""player"": ""Rashod Bateman"", ""point"": ""3.5"", ""side"": ""Over""}]",-101,5.0,4.45,0.5248,,,lost,-5.0,2026-09-28T02:19:52Z,auto
2026-09-27T15:58:51Z,straight,32660,kalshi,"[{""event_id"": ""32660"", ""market"": ""player_pass_tds"", ""player"": ""Tyler Shough"", ""point"": ""1.5"", ""side"": ""Over""}]",113,5.0,3.06,0.4838,,,won,5.6499999999999995,2026-09-28T02:19:52Z,auto
2026-09-27T15:58:51Z,straight,32660,kalshi,"[{""event_id"": ""32660"", ""market"": ""player_receptions"", ""player"": ""Bryce Lance"", ""point"": ""1.5"", ""side"": ""Over""}]",117,5.0,4.52,0.4817,,,lost,-5.0,2026-09-28T02:19:52Z,auto
2026-09-27T15:58:51Z,straight,32660,kalshi,"[{""event_id"": ""32660"", ""market"": ""player_receptions"", ""player"": ""Michael Mayer"", ""point"": ""2.5"", ""side"": ""Over""}]",122,5.0,6.45,0.4795,,,won,6.099999999999999,2026-09-28T02:19:52Z,auto
2026-09-27T15:58:51Z,straight,32660,draftkings,"[{""event_id"": ""32660"", ""market"": ""player_receptions"", ""player"": ""Michael Mayer"", ""point"": ""2.5"", ""side"": ""Over""}]",115,5.0,3.09,0.4795,,,won,5.75,2026-09-28T02:19:52Z,auto
2026-09-27T15:58:51Z,straight,32660,bovada,"[{""event_id"": ""32660"", ""market"": ""player_receptions"", ""player"": ""Michael Mayer"", ""point"": ""2.5"", ""side"": ""Over""}]",115,5.0,3.09,0.4795,,,won,5.75,2026-09-28T02:19:52Z,auto
2026-09-27T15:58:51Z,straight,32661,bovada,"[{""event_id"": ""32661"", ""market"": ""player_receptions"", ""player"": ""Adam Trautman"", ""point"": ""0.5"", ""side"": ""Under""}]",180,5.0,3.61,0.37,,,void,0.0,2026-09-28T15:30:34Z,auto
2026-09-27T15:58:51Z,straight,32662,kalshi,"[{""event_id"": ""32662"", ""market"": ""player_rush_yds"", ""player"": ""D'Andre Swift"", ""point"": ""59.5"", ""side"": ""Over""}]",-100,5.0,4.11,0.5206,,,won,5.0,2026-09-29T11:42:30Z,auto
2026-09-27T15:58:51Z,parlay,"32654,32659",kalshi,"[{""event_id"": ""32654"", ""market"": ""player_receptions"", ""player"": ""Darius Slayton"", ""point"": ""1.5"", ""side"": ""Over""}, {""event_id"": ""32659"", ""market"": ""player_receptions"", ""player"": ""Trey McBride"", ""point"": ""7.5"", ""side"": ""Over""}]",617,5.0,,,,,won,7.199999999999999,2026-09-28T15:30:34Z,auto construct=anchor-pure legs=2 independent product reduced=1/2 legs
2026-09-27T15:58:51Z,parlay,"32651,32653",kalshi,"[{""event_id"": ""32653"", ""market"": ""player_receptions"", ""player"": ""Malachi Fields"", ""point"": ""2.5"", ""side"": ""Over""}, {""event_id"": ""32651"", ""market"": ""player_reception_yds"", ""player"": ""Bhayshul Tuten"", ""point"": ""9.5"", ""side"": ""Over""}]",430,5.0,,,,,lost,-5.0,2026-09-28T02:19:52Z,auto construct=anchor-pure legs=2 independent product
2026-09-27T15:58:51Z,parlay,"23215,32652",kalshi,"[{""event_id"": ""23215"", ""market"": ""player_receptions"", ""player"": ""Rashod Bateman"", ""point"": ""3.5"", ""side"": ""Over""}, {""event_id"": ""32652"", ""market"": ""player_receptions"", ""player"": ""Cooper Kupp"", ""point"": ""2.5"", ""side"": ""Over""}]",422,5.0,,,,,lost,-5.0,2026-09-28T02:19:52Z,auto construct=anchor-pure legs=2 independent product
2026-09-27T15:58:51Z,parlay,"32653,32654,32659",kalshi,"[{""event_id"": ""32654"", ""market"": ""player_receptions"", ""player"": ""Darius Slayton"", ""point"": ""1.5"", ""side"": ""Over""}, {""event_id"": ""32659"", ""market"": ""player_receptions"", ""player"": ""Trey McBride"", ""point"": ""7.5"", ""side"": ""Over""}, {""event_id"": ""32653"", ""market"": ""player_receptions"", ""player"": ""Malachi Fields"", ""point"": ""2.5"", ""side"": ""Over""}]",1837,5.0,,,,,lost,-5.0,2026-09-28T02:19:52Z,auto construct=anchor-pure legs=3 independent product
2026-09-27T15:58:51Z,parlay,"32656,32662",underdog,"[{""event_id"": ""32656"", ""market"": ""player_reception_yds"", ""player"": ""Jeremy Ruckert"", ""point"": ""8.5"", ""side"": ""Over""}, {""event_id"": ""32662"", ""market"": ""player_receptions"", ""player"": ""Rome Odunze"", ""point"": ""2.5"", ""side"": ""Under""}]",274,5.0,,,,,lost,-5.0,2026-09-29T11:42:30Z,auto construct=anchor-pure legs=2 independent product
2026-09-27T15:58:51Z,parlay,"32653,32656,32657",underdog,"[{""event_id"": ""32653"", ""market"": ""player_field_goals_made"", ""player"": ""Dominic Zvada"", ""point"": ""1.5"", ""side"": ""Over""}, {""event_id"": ""32657"", ""market"": ""player_receptions"", ""player"": ""Tetairoa McMillan"", ""point"": ""4.5"", ""side"": ""Over""}, {""event_id"": ""32656"", ""market"": ""player_reception_yds"", ""player"": ""Jeremy Ruckert"", ""point"": ""8.5"", ""side"": ""Over""}]",628,5.0,,,,,lost,-5.0,2026-09-28T02:19:52Z,auto construct=anchor-pure legs=3 independent product
2026-09-27T15:58:51Z,parlay,"32653,32657",draftkings,"[{""event_id"": ""32657"", ""market"": ""player_receptions"", ""player"": ""Raheim Sanders"", ""point"": ""0.5"", ""side"": ""Under""}, {""event_id"": ""32653"", ""market"": ""player_receptions"", ""player"": ""Darnell Mooney"", ""point"": ""1.5"", ""side"": ""Over""}]",445,5.0,,,,,lost,-5.0,2026-09-28T02:19:52Z,auto construct=anchor-pure legs=2 independent product
2026-09-27T15:58:51Z,parlay,"23215,32649",draftkings,"[{""event_id"": ""23215"", ""market"": ""player_receptions"", ""player"": ""Rashod Bateman"", ""point"": ""3.5"", ""side"": ""Over""}, {""event_id"": ""32649"", ""market"": ""player_receptions"", ""player"": ""Ja'Marr Chase"", ""point"": ""6.5"", ""side"": ""Under""}]",310,5.0,,,,,lost,-5.0,2026-09-28T02:19:52Z,auto construct=anchor-pure legs=2 independent product
2026-09-27T15:58:51Z,parlay,"32653,32656,32657",draftkings,"[{""event_id"": ""32657"", ""market"": ""player_receptions"", ""player"": ""Raheim Sanders"", ""point"": ""0.5"", ""side"": ""Under""}, {""event_id"": ""32653"", ""market"": ""player_receptions"", ""player"": ""Darnell Mooney"", ""point"": ""1.5"", ""side"": ""Over""}, {""event_id"": ""32656"", ""market"": ""player_receptions"", ""player"": ""Adonai Mitchell"", ""point"": ""3.5"", ""side"": ""Under""}]",1023,5.0,,,,,lost,-5.0,2026-09-28T02:19:52Z,auto construct=anchor-pure legs=3 independent product
2026-09-27T15:58:51Z,parlay,"23215,32656",hardrock,"[{""event_id"": ""32656"", ""market"": ""player_receptions"", ""player"": ""Kenyon Sadiq"", ""point"": ""2.5"", ""side"": ""Under""}, {""event_id"": ""23215"", ""market"": ""player_receptions"", ""player"": ""Javonte Williams"", ""point"": ""2.5"", ""side"": ""Under""}]",472,5.0,,,,,lost,-5.0,2026-09-28T02:19:52Z,auto construct=anchor-pure legs=2 independent product
2026-09-27T15:58:51Z,parlay,"32652,32654,32656",hardrock,"[{""event_id"": ""32652"", ""market"": ""player_field_goals_made"", ""player"": ""Jason Myers"", ""point"": ""1.5"", ""side"": ""Under""}, {""event_id"": ""32654"", ""market"": ""player_field_goals_made"", ""player"": ""Ka'imi Fairbairn"", ""point"": ""1.5"", ""side"": ""Under""}, {""event_id"": ""32656"", ""market"": ""player_receptions"", ""player"": ""Kenyon Sadiq"", ""point"": ""2.5"", ""side"": ""Under""}]",1275,5.0,,,,,lost,-5.0,2026-09-28T02:19:52Z,auto construct=anchor-pure legs=3 independent product
2026-09-27T15:58:51Z,parlay,"23215,32653",bovada,"[{""event_id"": ""23215"", ""market"": ""player_receptions"", ""player"": ""Rashod Bateman"", ""point"": ""3.5"", ""side"": ""Over""}, {""event_id"": ""32653"", ""market"": ""player_receptions"", ""player"": ""Darnell Mooney"", ""point"": ""1.5"", ""side"": ""Over""}]",371,5.0,,,,,lost,-5.0,2026-09-28T02:19:52Z,auto construct=anchor-pure legs=2 independent product
2026-09-27T15:58:51Z,parlay,"32654,32657",bovada,"[{""event_id"": ""32654"", ""market"": ""player_receptions"", ""player"": ""Laquon Treadwell"", ""point"": ""1.5"", ""side"": ""Over""}, {""event_id"": ""32657"", ""market"": ""player_receptions"", ""player"": ""Raheim Sanders"", ""point"": ""0.5"", ""side"": ""Under""}]",394,5.0,,,,,lost,-5.0,2026-09-28T02:19:52Z,auto construct=anchor-pure legs=2 independent product
2026-09-27T15:58:51Z,parlay,"23215,32653,32654",bovada,"[{""event_id"": ""23215"", ""market"": ""player_receptions"", ""player"": ""Rashod Bateman"", ""point"": ""3.5"", ""side"": ""Over""}, {""event_id"": ""32653"", ""market"": ""player_receptions"", ""player"": ""Darnell Mooney"", ""point"": ""1.5"", ""side"": ""Over""}, {""event_id"": ""32654"", ""market"": ""player_receptions"", ""player"": ""Laquon Treadwell"", ""point"": ""1.5"", ""side"": ""Over""}]",914,5.0,,,,,lost,-5.0,2026-09-28T02:19:52Z,auto construct=anchor-pure legs=3 independent product
2026-09-27T15:58:51Z,parlay,"32658,32661",hardrock,"[{""event_id"": ""32661"", ""market"": ""player_pass_yds"", ""player"": ""Matthew Stafford"", ""point"": ""199.5"", ""side"": ""Under""}, {""event_id"": ""32658"", ""market"": ""player_pass_yds"", ""player"": ""Kyler Murray"", ""point"": ""174.5"", ""side"": ""Under""}]",1022,5.0,,,,,lost,-5.0,2026-09-28T12:11:16Z,auto construct=ev-ranked legs=2 independent product
2026-09-27T15:58:51Z,parlay,"32652,32656",hardrock,"[{""event_id"": ""32656"", ""market"": ""player_rush_yds"", ""player"": ""Breece Hall"", ""point"": ""39.5"", ""side"": ""Under""}, {""event_id"": ""32652"", ""market"": ""player_field_goals_made"", ""player"": ""Jason Myers"", ""point"": ""1.5"", ""side"": ""Under""}]",648,5.0,,,,,won,32.400000000000006,2026-09-28T02:19:52Z,auto construct=ev-ranked legs=2 independent product
2026-09-27T15:58:51Z,parlay,"32656,32660",underdog,"[{""event_id"": ""32656"", ""market"": ""player_reception_yds"", ""player"": ""Jeremy Ruckert"", ""point"": ""8.5"", ""side"": ""Over""}, {""event_id"": ""32660"", ""market"": ""player_receptions"", ""player"": ""Noah Fant"", ""point"": ""1.5"", ""side"": ""Under""}]",273,5.0,,,,,lost,-5.0,2026-09-28T02:19:52Z,auto construct=ev-ranked legs=2 independent product
2026-09-27T15:58:51Z,parlay,"32652,32658",fanduel,"[{""event_id"": ""32652"", ""market"": ""player_receptions"", ""player"": ""AJ Barner"", ""point"": ""2.5"", ""side"": ""Under""}, {""event_id"": ""32658"", ""market"": ""player_rush_yds"", ""player"": ""Baker Mayfield"", ""point"": ""19.5"", ""side"": ""Under""}]",270,5.0,,,,,lost,-5.0,2026-09-28T02:19:52Z,auto construct=ev-ranked legs=2 independent product
2026-09-27T15:58:51Z,parlay,"32651,32660",fanduel,"[{""event_id"": ""32660"", ""market"": ""player_receptions"", ""player"": ""Tre Tucker"", ""point"": ""3.5"", ""side"": ""Under""}, {""event_id"": ""32651"", ""market"": ""player_reception_yds"", ""player"": ""Bhayshul Tuten"", ""point"": ""9.5"", ""side"": ""Over""}]",273,5.0,,,,,lost,-5.0,2026-09-28T02:19:52Z,auto construct=ev-ranked legs=2 independent product
2026-09-27T15:58:51Z,parlay,"23215,32652,32658",fanduel,"[{""event_id"": ""32652"", ""market"": ""player_receptions"", ""player"": ""AJ Barner"", ""point"": ""2.5"", ""side"": ""Under""}, {""event_id"": ""32658"", ""market"": ""player_rush_yds"", ""player"": ""Baker Mayfield"", ""point"": ""19.5"", ""side"": ""Under""}, {""event_id"": ""23215"", ""market"": ""player_rush_yds"", ""player"": ""Lamar Jackson"", ""point"": ""38.5"", ""side"": ""Over""}]",594,5.0,,,,,lost,-5.0,2026-09-28T02:19:52Z,auto construct=ev-ranked legs=3 independent product
2026-09-27T15:58:51Z,parlay,"23215,32658",draftkings,"[{""event_id"": ""23215"", ""market"": ""player_rush_attempts"", ""player"": ""Dak Prescott"", ""point"": ""3.5"", ""side"": ""Over""}, {""event_id"": ""32658"", ""market"": ""player_receptions"", ""player"": ""Emeka Egbuka"", ""point"": ""3.5"", ""side"": ""Under""}]",424,5.0,,,,,lost,-5.0,2026-09-28T02:19:52Z,auto construct=ev-ranked legs=2 independent product
2026-09-27T15:58:51Z,parlay,"23215,32653,32657",draftkings,"[{""event_id"": ""32657"", ""market"": ""player_receptions"", ""player"": ""Raheim Sanders"", ""point"": ""0.5"", ""side"": ""Under""}, {""event_id"": ""32653"", ""market"": ""player_receptions"", ""player"": ""Darnell Mooney"", ""point"": ""1.5"", ""side"": ""Over""}, {""event_id"": ""23215"", ""market"": ""player_rush_attempts"", ""player"": ""Dak Prescott"", ""point"": ""3.5"", ""side"": ""Over""}]",1143,5.0,,,,,lost,-5.0,2026-09-28T02:19:52Z,auto construct=ev-ranked legs=3 independent product
2026-09-27T15:58:51Z,parlay,"23215,32656",bovada,"[{""event_id"": ""32656"", ""market"": ""player_rush_yds"", ""player"": ""Jahmyr Gibbs"", ""point"": ""69.5"", ""side"": ""Under""}, {""event_id"": ""23215"", ""market"": ""player_receptions"", ""player"": ""Rashod Bateman"", ""point"": ""3.5"", ""side"": ""Over""}]",617,5.0,,,,,lost,-5.0,2026-09-28T02:19:53Z,auto construct=ev-ranked legs=2 independent product
2026-09-27T15:58:51Z,parlay,"32653,32654",bovada,"[{""event_id"": ""32653"", ""market"": ""player_receptions"", ""player"": ""Darnell Mooney"", ""point"": ""1.5"", ""side"": ""Over""}, {""event_id"": ""32654"", ""market"": ""player_receptions"", ""player"": ""Laquon Treadwell"", ""point"": ""1.5"", ""side"": ""Over""}]",394,5.0,,,,,lost,-5.0,2026-09-28T02:19:53Z,auto construct=ev-ranked legs=2 independent product
2026-09-27T15:58:51Z,parlay,"32657,32658",bovada,"[{""event_id"": ""32658"", ""market"": ""player_receptions"", ""player"": ""Emeka Egbuka"", ""point"": ""3.5"", ""side"": ""Under""}, {""event_id"": ""32657"", ""market"": ""player_receptions"", ""player"": ""Raheim Sanders"", ""point"": ""0.5"", ""side"": ""Under""}]",429,5.0,,,,,lost,-5.0,2026-09-28T02:19:53Z,auto construct=ev-ranked legs=2 independent product
2026-09-27T15:58:51Z,parlay,"23215,32653,32656",bovada,"[{""event_id"": ""32656"", ""market"": ""player_rush_yds"", ""player"": ""Jahmyr Gibbs"", ""point"": ""69.5"", ""side"": ""Under""}, {""event_id"": ""23215"", ""market"": ""player_receptions"", ""player"": ""Rashod Bateman"", ""point"": ""3.5"", ""side"": ""Over""}, {""event_id"": ""32653"", ""market"": ""player_receptions"", ""player"": ""Darnell Mooney"", ""point"": ""1.5"", ""side"": ""Over""}]",1550,5.0,,,,,lost,-5.0,2026-09-28T02:19:53Z,auto construct=ev-ranked legs=3 independent product
2026-09-27T15:59:05Z,sgp,23215,draftkings,"[{""event_id"": ""23215"", ""market"": ""player_receptions"", ""player"": ""Rashod Bateman"", ""point"": ""3.5"", ""side"": ""Over""}, {""event_id"": ""23215"", ""market"": ""player_rush_attempts"", ""player"": ""Dak Prescott"", ""point"": ""3.5"", ""side"": ""Over""}]",315,5.0,,,0.9436,True,lost,-5.0,2026-09-28T02:19:53Z,auto construct=stranger independent_price=340
2026-09-27T15:59:07Z,sgp,32650,fanduel,"[{""event_id"": ""32650"", ""market"": ""player_receptions"", ""player"": ""Emmett Johnson"", ""point"": ""1.5"", ""side"": ""Over""}, {""event_id"": ""32650"", ""market"": ""player_receptions"", ""player"": ""Xavier Worthy"", ""point"": ""3.5"", ""side"": ""Over""}]",237,5.0,,,0.8776,True,lost,-5.0,2026-09-28T02:19:53Z,auto construct=stranger independent_price=285
2026-09-27T15:59:09Z,sgp,32650,draftkings,"[{""event_id"": ""32650"", ""market"": ""player_receptions"", ""player"": ""Emmett Johnson"", ""point"": ""1.5"", ""side"": ""Over""}, {""event_id"": ""32650"", ""market"": ""player_receptions"", ""player"": ""Xavier Worthy"", ""point"": ""3.5"", ""side"": ""Over""}]",252,5.0,,,0.9447,True,lost,-5.0,2026-09-28T02:19:53Z,auto construct=stranger independent_price=273
2026-09-27T15:59:20Z,sgp,32649,fanduel,"[{""event_id"": ""32649"", ""market"": ""player_receptions"", ""player"": ""Samaje Perine"", ""point"": ""1.5"", ""side"": ""Over""}, {""event_id"": ""32649"", ""market"": ""player_pass_yds"", ""player"": ""Aaron Rodgers"", ""point"": ""224.5"", ""side"": ""Over""}]",258,5.0,,,0.897,True,lost,-5.0,2026-09-28T02:19:53Z,auto construct=stack independent_price=300
2026-09-27T15:59:30Z,sgp,32651,fanduel,"[{""event_id"": ""32651"", ""market"": ""player_reception_yds"", ""player"": ""Bhayshul Tuten"", ""point"": ""9.5"", ""side"": ""Over""}, {""event_id"": ""32651"", ""market"": ""player_pass_tds"", ""player"": ""Drake Maye"", ""point"": ""1.5"", ""side"": ""Over""}]",287,5.0,,,0.8504,True,lost,-5.0,2026-09-28T02:19:53Z,auto construct=stack independent_price=356
2026-09-27T15:59:41Z,sgp,32660,fanduel,"[{""event_id"": ""32660"", ""market"": ""player_receptions"", ""player"": ""Michael Mayer"", ""point"": ""2.5"", ""side"": ""Over""}, {""event_id"": ""32660"", ""market"": ""player_pass_tds"", ""player"": ""Tyler Shough"", ""point"": ""1.5"", ""side"": ""Over""}]",261,5.0,,,0.8444,True,won,13.049999999999999,2026-09-28T02:19:53Z,auto construct=stack independent_price=328
2026-09-27T15:59:46Z,sgp,32660,draftkings,"[{""event_id"": ""32660"", ""market"": ""player_receptions"", ""player"": ""Michael Mayer"", ""point"": ""2.5"", ""side"": ""Over""}, {""event_id"": ""32660"", ""market"": ""player_pass_tds"", ""player"": ""Tyler Shough"", ""point"": ""1.5"", ""side"": ""Over""}]",305,5.0,,,0.9234,True,won,15.25,2026-09-28T02:19:53Z,auto construct=stack independent_price=339
2026-09-27T15:59:49Z,sgp,32657,fanduel,"[{""event_id"": ""32657"", ""market"": ""player_receptions"", ""player"": ""Raheim Sanders"", ""point"": ""0.5"", ""side"": ""Under""}, {""event_id"": ""32657"", ""market"": ""player_receptions"", ""player"": ""Tetairoa McMillan"", ""point"": ""4.5"", ""side"": ""Over""}]",259,5.0,,,0.9478,True,lost,-5.0,2026-09-28T02:19:53Z,auto construct=stranger independent_price=279
2026-09-27T15:59:56Z,sgp,32657,draftkings,"[{""event_id"": ""32657"", ""market"": ""player_receptions"", ""player"": ""Raheim Sanders"", ""point"": ""0.5"", ""side"": ""Under""}, {""event_id"": ""32657"", ""market"": ""player_receptions"", ""player"": ""Tetairoa McMillan"", ""point"": ""4.5"", ""side"": ""Over""}]",288,5.0,,,0.9253,True,lost,-5.0,2026-09-28T02:19:53Z,auto construct=stranger independent_price=319
2026-09-27T16:00:18Z,sgp,32659,draftkings,"[{""event_id"": ""32659"", ""market"": ""player_receptions"", ""player"": ""Trey McBride"", ""point"": ""7.5"", ""side"": ""Over""}, {""event_id"": ""32659"", ""market"": ""player_pass_completions"", ""player"": ""Jacoby Brissett"", ""point"": ""21.5"", ""side"": ""Over""}]",156,5.0,,,0.7036,True,won,7.800000000000001,2026-09-28T02:19:53Z,auto construct=stack independent_price=264
2026-09-27T16:00:24Z,sgp,32659,fanduel,"[{""event_id"": ""32659"", ""market"": ""player_receptions"", ""player"": ""Trey McBride"", ""point"": ""7.5"", ""side"": ""Over""}, {""event_id"": ""32659"", ""market"": ""player_receptions"", ""player"": ""Kendrick Bourne"", ""point"": ""2.5"", ""side"": ""Under""}]",263,5.0,,,0.9278,True,won,13.149999999999999,2026-09-28T02:19:53Z,auto construct=stranger independent_price=292
2026-09-27T16:00:33Z,sgp,32659,draftkings,"[{""event_id"": ""32659"", ""market"": ""player_receptions"", ""player"": ""Trey McBride"", ""point"": ""7.5"", ""side"": ""Over""}, {""event_id"": ""32659"", ""market"": ""player_receptions"", ""player"": ""Kendrick Bourne"", ""point"": ""2.5"", ""side"": ""Under""}]",270,5.0,,,0.9637,True,won,13.5,2026-09-28T02:19:53Z,auto construct=stranger independent_price=284
2026-09-28T12:11:08Z,straight,32662,hardrock,"[{""event_id"": ""32662"", ""market"": ""player_pass_interceptions"", ""player"": ""Jalen Hurts"", ""point"": ""0.5"", ""side"": ""Over""}]",135,5.0,3.85,0.4419,,,won,6.75,2026-09-29T11:42:30Z,auto
2026-09-28T12:11:08Z,straight,32662,bovada,"[{""event_id"": ""32662"", ""market"": ""player_pass_interceptions"", ""player"": ""Jalen Hurts"", ""point"": ""0.5"", ""side"": ""Over""}]",135,5.0,3.85,0.4419,,,won,6.75,2026-09-29T11:42:30Z,auto
2026-09-28T12:11:08Z,straight,32662,fanduel,"[{""event_id"": ""32662"", ""market"": ""player_receptions"", ""player"": ""Cole Kmet"", ""point"": ""1.5"", ""side"": ""Over""}]",124,5.0,6.11,0.4737,,,lost,-5.0,2026-09-29T11:42:30Z,auto
2026-09-28T12:11:08Z,straight,32662,fanduel,"[{""event_id"": ""32662"", ""market"": ""player_receptions"", ""player"": ""DeVonta Smith"", ""point"": ""5.5"", ""side"": ""Under""}]",104,5.0,3.72,0.5084,,,lost,-5.0,2026-09-29T11:42:30Z,auto
2026-09-28T12:11:08Z,straight,32662,draftkings,"[{""event_id"": ""32662"", ""market"": ""player_receptions"", ""player"": ""DeVonta Smith"", ""point"": ""5.5"", ""side"": ""Under""}]",103,5.0,3.21,0.5084,,,lost,-5.0,2026-09-29T11:42:30Z,auto
2026-09-28T12:11:08Z,straight,32662,kalshi,"[{""event_id"": ""32662"", ""market"": ""player_receptions"", ""player"": ""Dontayvion Wicks"", ""point"": ""3.5"", ""side"": ""Over""}]",144,5.0,4.59,0.4286,,,lost,-5.0,2026-09-29T11:42:30Z,auto
2026-09-28T12:11:08Z,straight,32662,kalshi,"[{""event_id"": ""32662"", ""market"": ""player_receptions"", ""player"": ""Saquon Barkley"", ""point"": ""2.5"", ""side"": ""Over""}]",144,5.0,4.59,0.4286,,,lost,-5.0,2026-09-29T11:42:30Z,auto
2026-09-28T15:30:26Z,straight,32662,bovada,"[{""event_id"": ""32662"", ""market"": ""player_pass_yds"", ""player"": ""Jalen Hurts"", ""point"": ""199.5"", ""side"": ""Under"", ""book"": ""bovada"", ""price"": ""165""}]",165,5.0,5.02,0.3963,,,won,8.25,2026-09-29T11:42:30Z,auto score=5.52
2026-09-28T15:30:26Z,straight,32662,draftkings,"[{""event_id"": ""32662"", ""market"": ""player_reception_yds"", ""player"": ""D'Andre Swift"", ""point"": ""14.5"", ""side"": ""Under"", ""book"": ""draftkings"", ""price"": ""-116""}]",-116,5.0,5.1,0.5644,,,won,4.310344827586206,2026-09-29T11:42:30Z,auto score=5.35
2026-09-28T15:30:26Z,straight,32662,draftkings,"[{""event_id"": ""32662"", ""market"": ""player_reception_yds"", ""player"": ""Johnny Mundt"", ""point"": ""8.5"", ""side"": ""Over"", ""book"": ""draftkings"", ""price"": ""-106""}]",-106,5.0,3.82,0.5342,,,lost,-5.0,2026-09-29T11:42:30Z,auto score=6.32
2026-09-28T15:30:26Z,straight,32662,hardrock,"[{""event_id"": ""32662"", ""market"": ""player_receptions"", ""player"": ""D'Andre Swift"", ""point"": ""1.5"", ""side"": ""Under"", ""book"": ""hardrock"", ""price"": ""155""}]",155,5.0,3.49,0.4058,,,lost,-5.0,2026-09-29T11:42:30Z,auto score=4.49
2026-09-28T15:30:26Z,straight,32662,kalshi,"[{""event_id"": ""32662"", ""market"": ""player_receptions"", ""player"": ""D'Andre Swift"", ""point"": ""2.5"", ""side"": ""Over"", ""book"": ""kalshi"", ""price"": ""178""}]",178,5.0,11.13,0.3998,,,lost,-5.0,2026-09-29T11:42:30Z,auto score=13.13
2026-09-28T15:30:26Z,straight,32662,kalshi,"[{""event_id"": ""32662"", ""market"": ""player_receptions"", ""player"": ""Makai Lemon"", ""point"": ""2.5"", ""side"": ""Under"", ""book"": ""kalshi"", ""price"": ""117""}]",117,5.0,3.11,0.4752,,,lost,-5.0,2026-09-29T11:42:30Z,auto score=5.61
2026-09-28T15:30:26Z,straight,32662,bovada,"[{""event_id"": ""32662"", ""market"": ""player_rush_yds"", ""player"": ""Kyle Monangai"", ""point"": ""29.5"", ""side"": ""Under"", ""book"": ""bovada"", ""price"": ""190""}]",190,5.0,5.23,0.3629,,,lost,-5.0,2026-09-29T11:42:30Z,auto score=5.48
2026-09-28T22:43:44Z,straight,32662,draftkings,"[{""event_id"": ""32662"", ""market"": ""player_pass_interceptions"", ""player"": ""Case Keenum"", ""point"": ""0.5"", ""side"": ""Under"", ""book"": ""draftkings"", ""price"": ""116""}]",116,5.0,5.19,0.487,,,won,5.800000000000001,2026-09-29T11:42:30Z,auto score=8.19
2026-09-28T22:43:44Z,straight,32662,bovada,"[{""event_id"": ""32662"", ""market"": ""player_pass_interceptions"", ""player"": ""Case Keenum"", ""point"": ""0.5"", ""side"": ""Under"", ""book"": ""bovada"", ""price"": ""115""}]",115,5.0,4.7,0.487,,,won,5.75,2026-09-29T11:42:30Z,auto score=7.7
2026-09-28T22:43:44Z,straight,32662,underdog,"[{""event_id"": ""32662"", ""market"": ""player_reception_longest"", ""player"": ""Cole Kmet"", ""point"": ""7.5"", ""side"": ""Under"", ""book"": ""underdog"", ""price"": ""-102""}]",-102,5.0,3.04,0.5203,,,won,4.901960784313726,2026-09-29T11:42:30Z,auto score=5.04
2026-09-28T22:43:44Z,straight,32662,kalshi,"[{""event_id"": ""32662"", ""market"": ""player_receptions"", ""player"": ""DeVonta Smith"", ""point"": ""5.5"", ""side"": ""Over"", ""book"": ""kalshi"", ""price"": ""104""}]",104,5.0,5.1,0.5152,,,won,5.2,2026-09-29T11:42:30Z,auto score=7.6
2026-09-28T22:43:44Z,straight,32662,kalshi,"[{""event_id"": ""32662"", ""market"": ""player_receptions"", ""player"": ""Rome Odunze"", ""point"": ""2.5"", ""side"": ""Over"", ""book"": ""kalshi"", ""price"": ""133""}]",133,5.0,3.98,0.4463,,,won,6.65,2026-09-29T11:42:30Z,auto score=5.98
2026-09-28T22:43:44Z,straight,32663,draftkings,"[{""event_id"": ""32663"", ""market"": ""player_pass_tds"", ""player"": ""Deshaun Watson"", ""point"": ""0.5"", ""side"": ""Under"", ""book"": ""draftkings"", ""price"": ""194""}]",194,5.0,4.95,0.357,,,open,,,auto score=6.95
2026-09-28T22:43:44Z,parlay,"32662,32663",draftkings,"[{""event_id"": ""32662"", ""market"": ""player_pass_interceptions"", ""player"": ""Jalen Hurts"", ""point"": ""0.5"", ""side"": ""Over"", ""book"": ""draftkings"", ""price"": ""139""}, {""event_id"": ""32663"", ""market"": ""player_pass_tds"", ""player"": ""Deshaun Watson"", ""point"": ""0.5"", ""side"": ""Under"", ""book"": ""draftkings"", ""price"": ""194""}]",603,5.0,5.28,0.3994,,,open,,,auto construct=anchor-pure legs=2 independent product
2026-09-29T03:01:45Z,straight,32663,draftkings,"[{""event_id"": ""32663"", ""market"": ""player_pass_interceptions"", ""player"": ""Aaron Rodgers"", ""point"": ""0.5"", ""side"": ""Over"", ""book"": ""draftkings"", ""price"": ""-101""}]",-101,5.0,5.09,0.5281,,,open,,,auto score=6.84
2026-09-29T03:01:48Z,sgp,32663,draftkings,"[{""event_id"": ""32663"", ""market"": ""player_pass_interceptions"", ""player"": ""Aaron Rodgers"", ""point"": ""0.5"", ""side"": ""Over"", ""book"": ""draftkings"", ""price"": ""-101""}, {""event_id"": ""32663"", ""market"": ""player_pass_tds"", ""player"": ""Deshaun Watson"", ""point"": ""0.5"", ""side"": ""Under"", ""book"": ""draftkings"", ""price"": ""194""}]",435,5.0,5.02,0.4425,0.992,True,open,,,auto construct=stranger independent_price=439
2026-09-29T11:42:29Z,straight,32663,bovada,"[{""event_id"": ""32663"", ""market"": ""player_pass_interceptions"", ""player"": ""Aaron Rodgers"", ""point"": ""0.5"", ""side"": ""Over"", ""book"": ""bovada"", ""price"": ""105""}]",105,5.0,4.57,0.5101,,,open,,,auto score=8.07
2026-09-29T19:45:32Z,straight,32663,kalshi,"[{""event_id"": ""32663"", ""market"": ""player_receptions"", ""player"": ""Harold Fannin Jr."", ""point"": ""4.5"", ""side"": ""Over"", ""book"": ""kalshi"", ""price"": ""108""}]",108,5.0,4.0,0.5,,,open,,,auto score=6.5
2026-09-29T19:45:32Z,straight,32663,draftkings,"[{""event_id"": ""32663"", ""market"": ""player_receptions"", ""player"": ""KC Concepcion"", ""point"": ""3.5"", ""side"": ""Under"", ""book"": ""draftkings"", ""price"": ""123""}]",123,5.0,3.67,0.4649,,,open,,,auto score=6.17
2026-09-29T19:45:34Z,sgp,32663,fanduel,"[{""event_id"": ""32663"", ""market"": ""player_pass_tds"", ""player"": ""Deshaun Watson"", ""point"": ""0.5"", ""side"": ""Under"", ""book"": ""draftkings"", ""price"": ""194""}, {""event_id"": ""32663"", ""market"": ""player_receptions"", ""player"": ""KC Concepcion"", ""point"": ""3.5"", ""side"": ""Under"", ""book"": ""draftkings"", ""price"": ""123""}]",338,5.0,4.31,0.4109,0.8208,True,open,,,auto construct=stack independent_price=434
2026-09-29T19:45:36Z,sgp,32663,draftkings,"[{""event_id"": ""32663"", ""market"": ""player_pass_tds"", ""player"": ""Deshaun Watson"", ""point"": ""0.5"", ""side"": ""Under"", ""book"": ""draftkings"", ""price"": ""194""}, {""event_id"": ""32663"", ""market"": ""player_receptions"", ""player"": ""KC Concepcion"", ""point"": ""3.5"", ""side"": ""Under"", ""book"": ""draftkings"", ""price"": ""123""}]",425,5.0,4.31,0.4109,0.8687,True,open,,,auto construct=stack independent_price=504
2026-09-29T21:35:43Z,straight,32663,hardrock,"[{""event_id"": ""32663"", ""market"": ""player_receptions"", ""player"": ""Raheim Sanders"", ""point"": ""2.5"", ""side"": ""Under"", ""book"": ""hardrock"", ""price"": ""-160""}]",-160,5.0,3.67,0.6379,,,open,,,auto score=3.92
2026-09-30T02:42:06Z,straight,32663,underdog,"[{""event_id"": ""32663"", ""market"": ""player_reception_longest"", ""player"": ""Jaylen Warren"", ""point"": ""11.5"", ""side"": ""Under"", ""book"": ""underdog"", ""price"": ""-102""}]",-102,5.0,3.04,0.5203,,,open,,,auto score=5.04
2026-09-30T02:42:06Z,straight,32663,kalshi,"[{""event_id"": ""32663"", ""market"": ""player_receptions"", ""player"": ""Jaylen Warren"", ""point"": ""3.5"", ""side"": ""Over"", ""book"": ""kalshi"", ""price"": ""127""}]",127,5.0,6.46,0.469,,,open,,,auto score=8.96
2026-09-30T02:42:06Z,straight,24886,underdog,"[{""event_id"": ""24886"", ""market"": ""player_receptions"", ""player"": ""Keenan Allen"", ""point"": ""3.5"", ""side"": ""Over"", ""book"": ""underdog"", ""price"": ""-105""}]",-105,5.0,5.58,0.5408,,,open,,,auto score=8.08
2026-09-30T02:42:06Z,parlay,"24886,32663",underdog,"[{""event_id"": ""24886"", ""market"": ""player_receptions"", ""player"": ""Keenan Allen"", ""point"": ""3.5"", ""side"": ""Over"", ""book"": ""underdog"", ""price"": ""-105""}, {""event_id"": ""32663"", ""market"": ""player_reception_longest"", ""player"": ""Jaylen Warren"", ""point"": ""11.5"", ""side"": ""Under"", ""book"": ""underdog"", ""price"": ""-102""}]",287,5.0,4.31,0.5305,,,open,,,auto construct=anchor-pure legs=2 independent product
2026-09-30T02:42:08Z,sgp,32663,fanduel,"[{""event_id"": ""32663"", ""market"": ""player_receptions"", ""player"": ""Jaylen Warren"", ""point"": ""3.5"", ""side"": ""Over"", ""book"": ""kalshi"", ""price"": ""127""}, {""event_id"": ""32663"", ""market"": ""player_pass_tds"", ""player"": ""Deshaun Watson"", ""point"": ""0.5"", ""side"": ""Under"", ""book"": ""draftkings"", ""price"": ""194""}]",412,5.0,5.71,0.413,0.9058,True,open,,,auto construct=stranger independent_price=466
2026-09-30T02:42:10Z,sgp,32663,draftkings,"[{""event_id"": ""32663"", ""market"": ""player_receptions"", ""player"": ""Jaylen Warren"", ""point"": ""3.5"", ""side"": ""Over"", ""book"": ""kalshi"", ""price"": ""127""}, {""event_id"": ""32663"", ""market"": ""player_pass_tds"", ""player"": ""Deshaun Watson"", ""point"": ""0.5"", ""side"": ""Under"", ""book"": ""draftkings"", ""price"": ""194""}]",445,5.0,5.71,0.413,0.9434,True,open,,,auto construct=stranger independent_price=478
2026-09-30T11:30:05Z,straight,32669,underdog,"[{""event_id"": ""32669"", ""market"": ""player_pass_completions"", ""player"": ""Drake Maye"", ""point"": ""19.5"", ""side"": ""Over"", ""book"": ""underdog"", ""price"": ""-108""}]",-108,5.0,4.36,0.5419,,,open,,,auto score=6.61
2026-09-30T11:30:05Z,straight,32669,bovada,"[{""event_id"": ""32669"", ""market"": ""player_receptions"", ""player"": ""Romeo Doubs"", ""point"": ""3.5"", ""side"": ""Over"", ""book"": ""bovada"", ""price"": ""130""}]",130,5.0,3.25,0.4489,,,open,,,auto score=5.75
2026-09-30T11:30:05Z,straight,32669,draftkings,"[{""event_id"": ""32669"", ""market"": ""player_receptions"", ""player"": ""Romeo Doubs"", ""point"": ""3.5"", ""side"": ""Over"", ""book"": ""draftkings"", ""price"": ""130""}]",130,5.0,3.25,0.4489,,,open,,,auto score=5.75
2026-09-30T11:30:05Z,parlay,"24886,32669",underdog,"[{""event_id"": ""24886"", ""market"": ""player_receptions"", ""player"": ""Keenan Allen"", ""point"": ""3.5"", ""side"": ""Over"", ""book"": ""underdog"", ""price"": ""-105""}, {""event_id"": ""32669"", ""market"": ""player_pass_completions"", ""player"": ""Drake Maye"", ""point"": ""19.5"", ""side"": ""Over"", ""book"": ""underdog"", ""price"": ""-108""}]",276,5.0,4.97,0.5413,,,open,,,auto construct=anchor-pure legs=2 independent product
2026-09-30T11:30:05Z,parlay,"24886,32663,32669",underdog,"[{""event_id"": ""24886"", ""market"": ""player_receptions"", ""player"": ""Keenan Allen"", ""point"": ""3.5"", ""side"": ""Over"", ""book"": ""underdog"", ""price"": ""-105""}, {""event_id"": ""32669"", ""market"": ""player_pass_completions"", ""player"": ""Drake Maye"", ""point"": ""19.5"", ""side"": ""Over"", ""book"": ""underdog"", ""price"": ""-108""}, {""event_id"": ""32663"", ""market"": ""player_reception_longest"", ""player"": ""Jaylen Warren"", ""point"": ""11.5"", ""side"": ""Under"", ""book"": ""underdog"", ""price"": ""-102""}]",645,5.0,4.33,0.5343,,,open,,,auto construct=anchor-pure legs=3 independent product
2026-09-30T11:30:05Z,parlay,"32663,32669",bovada,"[{""event_id"": ""32663"", ""market"": ""player_pass_interceptions"", ""player"": ""Aaron Rodgers"", ""point"": ""0.5"", ""side"": ""Over"", ""book"": ""bovada"", ""price"": ""105""}, {""event_id"": ""32669"", ""market"": ""player_receptions"", ""player"": ""Romeo Doubs"", ""point"": ""3.5"", ""side"": ""Over"", ""book"": ""bovada"", ""price"": ""130""}]",371,5.0,3.91,0.4795,,,open,,,auto construct=anchor-pure legs=2 independent product
2026-09-30T11:30:05Z,parlay,"32663,32669",draftkings,"[{""event_id"": ""32663"", ""market"": ""player_pass_tds"", ""player"": ""Deshaun Watson"", ""point"": ""0.5"", ""side"": ""Under"", ""book"": ""draftkings"", ""price"": ""194""}, {""event_id"": ""32669"", ""market"": ""player_receptions"", ""player"": ""Romeo Doubs"", ""point"": ""3.5"", ""side"": ""Over"", ""book"": ""draftkings"", ""price"": ""130""}]",576,5.0,4.1,0.403,,,open,,,auto construct=anchor-pure legs=2 independent product
2026-09-30T11:30:07Z,sgp,32669,draftkings,"[{""event_id"": ""32669"", ""market"": ""player_pass_completions"", ""player"": ""Drake Maye"", ""point"": ""19.5"", ""side"": ""Over"", ""book"": ""underdog"", ""price"": ""-108""}, {""event_id"": ""32669"", ""market"": ""player_receptions"", ""player"": ""Romeo Doubs"", ""point"": ""3.5"", ""side"": ""Over"", ""book"": ""bovada"", ""price"": ""130""}]",202,5.0,3.81,0.4954,0.7446,True,open,,,auto construct=stack independent_price=306
2026-09-30T14:20:41Z,straight,32663,underdog,"[{""event_id"": ""32663"", ""market"": ""player_anytime_td"", ""player"": ""Jaylen Warren"", ""point"": ""0.5"", ""side"": ""Under"", ""book"": ""underdog"", ""price"": ""-108""}]",-108,5.0,5.0,0.5452,,,open,,,auto score=6.5
2026-09-30T14:20:41Z,straight,32663,kalshi,"[{""event_id"": ""32663"", ""market"": ""player_receptions"", ""player"": ""Roman Wilson"", ""point"": ""2.5"", ""side"": ""Over"", ""book"": ""kalshi"", ""price"": ""127""}]",127,5.0,7.04,0.4716,,,open,,,auto score=9.54
2026-09-30T14:20:41Z,straight,32663,fanduel,"[{""event_id"": ""32663"", ""market"": ""player_rush_yds"", ""player"": ""Aaron Rodgers"", ""point"": ""0.5"", ""side"": ""Under"", ""book"": ""fanduel"", ""price"": ""108""}]",108,5.0,4.0,0.5,,,open,,,auto score=5.75
2026-09-30T14:20:41Z,parlay,"24886,32663",underdog,"[{""event_id"": ""24886"", ""market"": ""player_receptions"", ""player"": ""Keenan Allen"", ""point"": ""3.5"", ""side"": ""Over"", ""book"": ""underdog"", ""price"": ""-105""}, {""event_id"": ""32663"", ""market"": ""player_anytime_td"", ""player"": ""Jaylen Warren"", ""point"": ""0.5"", ""side"": ""Under"", ""book"": ""underdog"", ""price"": ""-108""}]",276,5.0,5.29,0.543,,,open,,,auto construct=ev-ranked legs=2 independent product
2026-09-30T14:20:41Z,parlay,"24886,32663,32669",underdog,"[{""event_id"": ""24886"", ""market"": ""player_receptions"", ""player"": ""Keenan Allen"", ""point"": ""3.5"", ""side"": ""Over"", ""book"": ""underdog"", ""price"": ""-105""}, {""event_id"": ""32663"", ""market"": ""player_anytime_td"", ""player"": ""Jaylen Warren"", ""point"": ""0.5"", ""side"": ""Under"", ""book"": ""underdog"", ""price"": ""-108""}, {""event_id"": ""32669"", ""market"": ""player_pass_completions"", ""player"": ""Drake Maye"", ""point"": ""19.5"", ""side"": ""Over"", ""book"": ""underdog"", ""price"": ""-108""}]",624,5.0,4.98,0.5426,,,open,,,auto construct=ev-ranked legs=3 independent product
2026-09-30T14:20:44Z,sgp,32663,fanduel,"[{""event_id"": ""32663"", ""market"": ""player_receptions"", ""player"": ""Roman Wilson"", ""point"": ""2.5"", ""side"": ""Over"", ""book"": ""kalshi"", ""price"": ""127""}, {""event_id"": ""32663"", ""market"": ""player_receptions"", ""player"": ""Jaylen Warren"", ""point"": ""3.5"", ""side"": ""Over"", ""book"": ""kalshi"", ""price"": ""127""}]",270,5.0,6.71,0.4701,0.8656,True,open,,,auto construct=stranger independent_price=328
2026-09-30T14:20:46Z,sgp,32663,draftkings,"[{""event_id"": ""32663"", ""market"": ""player_receptions"", ""player"": ""Roman Wilson"", ""point"": ""2.5"", ""side"": ""Over"", ""book"": ""kalshi"", ""price"": ""127""}, {""event_id"": ""32663"", ""market"": ""player_receptions"", ""player"": ""Jaylen Warren"", ""point"": ""3.5"", ""side"": ""Over"", ""book"": ""kalshi"", ""price"": ""127""}]",320,5.0,6.71,0.4701,0.9263,True,open,,,auto construct=stranger independent_price=353
2026-09-30T16:22:24Z,straight,32663,hardrock,"[{""event_id"": ""32663"", ""market"": ""player_field_goals_made"", ""player"": ""Chris Boswell"", ""point"": ""1.5"", ""side"": ""Under"", ""book"": ""hardrock"", ""price"": ""115""}]",115,5.0,4.32,0.4852,,,open,,,auto score=6.07
2026-09-30T16:22:24Z,straight,32674,hardrock,"[{""event_id"": ""32674"", ""market"": ""player_reception_yds"", ""player"": ""Christian McCaffrey"", ""point"": ""24.5"", ""side"": ""Under"", ""book"": ""hardrock"", ""price"": ""230""}]",230,5.0,3.73,0.3143,,,open,,,auto score=3.98
2026-09-30T16:22:24Z,straight,32676,bovada,"[{""event_id"": ""32676"", ""market"": ""player_pass_completions"", ""player"": ""Jared Goff"", ""point"": ""23.5"", ""side"": ""Under"", ""book"": ""bovada"", ""price"": ""-105""}]",-105,5.0,3.92,0.5323,,,open,,,auto score=6.92
2026-09-30T16:22:24Z,straight,32676,draftkings,"[{""event_id"": ""32676"", ""market"": ""player_pass_completions"", ""player"": ""Jared Goff"", ""point"": ""23.5"", ""side"": ""Under"", ""book"": ""draftkings"", ""price"": ""-105""}]",-105,5.0,3.92,0.5323,,,open,,,auto score=6.92
2026-09-30T16:22:24Z,straight,32677,hardrock,"[{""event_id"": ""32677"", ""market"": ""player_receptions"", ""player"": ""Drake London"", ""point"": ""4.5"", ""side"": ""Under"", ""book"": ""hardrock"", ""price"": ""175""}]",175,5.0,6.63,0.3878,,,open,,,auto score=7.88
2026-09-30T16:22:24Z,parlay,"32663,32676",bovada,"[{""event_id"": ""32663"", ""market"": ""player_pass_interceptions"", ""player"": ""Aaron Rodgers"", ""point"": ""0.5"", ""side"": ""Over"", ""book"": ""bovada"", ""price"": ""105""}, {""event_id"": ""32676"", ""market"": ""player_pass_completions"", ""player"": ""Jared Goff"", ""point"": ""23.5"", ""side"": ""Under"", ""book"": ""bovada"", ""price"": ""-105""}]",300,5.0,4.25,0.5212,,,open,,,auto construct=anchor-pure legs=2 independent product
2026-09-30T16:22:24Z,parlay,"32663,32669,32676",bovada,"[{""event_id"": ""32663"", ""market"": ""player_pass_interceptions"", ""player"": ""Aaron Rodgers"", ""point"": ""0.5"", ""side"": ""Over"", ""book"": ""bovada"", ""price"": ""105""}, {""event_id"": ""32676"", ""market"": ""player_pass_completions"", ""player"": ""Jared Goff"", ""point"": ""23.5"", ""side"": ""Under"", ""book"": ""bovada"", ""price"": ""-105""}, {""event_id"": ""32669"", ""market"": ""player_receptions"", ""player"": ""Romeo Doubs"", ""point"": ""3.5"", ""side"": ""Over"", ""book"": ""bovada"", ""price"": ""130""}]",821,5.0,3.91,0.4971,,,open,,,auto construct=anchor-pure legs=3 independent product
2026-09-30T16:22:24Z,parlay,"32663,32676",draftkings,"[{""event_id"": ""32663"", ""market"": ""player_pass_tds"", ""player"": ""Deshaun Watson"", ""point"": ""0.5"", ""side"": ""Under"", ""book"": ""draftkings"", ""price"": ""194""}, {""event_id"": ""32676"", ""market"": ""player_pass_completions"", ""player"": ""Jared Goff"", ""point"": ""23.5"", ""side"": ""Under"", ""book"": ""draftkings"", ""price"": ""-105""}]",474,5.0,4.44,0.4446,,,open,,,auto construct=anchor-pure legs=2 independent product
2026-09-30T16:22:24Z,parlay,"32663,32669,32676",draftkings,"[{""event_id"": ""32663"", ""market"": ""player_pass_tds"", ""player"": ""Deshaun Watson"", ""point"": ""0.5"", ""side"": ""Under"", ""book"": ""draftkings"", ""price"": ""194""}, {""event_id"": ""32676"", ""market"": ""player_pass_completions"", ""player"": ""Jared Goff"", ""point"": ""23.5"", ""side"": ""Under"", ""book"": ""draftkings"", ""price"": ""-105""}, {""event_id"": ""32669"", ""market"": ""player_receptions"", ""player"": ""Romeo Doubs"", ""point"": ""3.5"", ""side"": ""Over"", ""book"": ""draftkings"", ""price"": ""130""}]",1220,5.0,4.04,0.4461,,,open,,,auto construct=anchor-pure legs=3 independent product
2026-09-30T16:22:24Z,parlay,"32663,32677",hardrock,"[{""event_id"": ""32677"", ""market"": ""player_receptions"", ""player"": ""Drake London"", ""point"": ""4.5"", ""side"": ""Under"", ""book"": ""hardrock"", ""price"": ""175""}, {""event_id"": ""32663"", ""market"": ""player_field_goals_made"", ""player"": ""Chris Boswell"", ""point"": ""1.5"", ""side"": ""Under"", ""book"": ""hardrock"", ""price"": ""115""}]",491,5.0,5.47,0.4365,,,open,,,auto construct=ev-ranked legs=2 independent product
2026-09-30T16:22:24Z,parlay,"32663,32674,32677",hardrock,"[{""event_id"": ""32677"", ""market"": ""player_receptions"", ""player"": ""Drake London"", ""point"": ""4.5"", ""side"": ""Under"", ""book"": ""hardrock"", ""price"": ""175""}, {""event_id"": ""32663"", ""market"": ""player_field_goals_made"", ""player"": ""Chris Boswell"", ""point"": ""1.5"", ""side"": ""Under"", ""book"": ""hardrock"", ""price"": ""115""}, {""event_id"": ""32674"", ""market"": ""player_reception_yds"", ""player"": ""Christian McCaffrey"", ""point"": ""24.5"", ""side"": ""Under"", ""book"": ""hardrock"", ""price"": ""230""}]",1851,5.0,4.89,0.3958,,,open,,,auto construct=ev-ranked legs=3 independent product
2026-09-30T16:52:45Z,parlay,"32674,32677",hardrock,"[{""event_id"": ""32677"", ""market"": ""player_receptions"", ""player"": ""Drake London"", ""point"": ""4.5"", ""side"": ""Under"", ""book"": ""hardrock"", ""price"": ""175""}, {""event_id"": ""32674"", ""market"": ""player_reception_yds"", ""player"": ""Christian McCaffrey"", ""point"": ""24.5"", ""side"": ""Under"", ""book"": ""hardrock"", ""price"": ""230""}]",807,5.0,5.47,0.3518,,,open,,,auto construct=ev-ranked legs=2 independent product
2026-09-30T17:08:58Z,straight,32666,hardrock,"[{""event_id"": ""32666"", ""market"": ""player_rush_yds"", ""player"": ""David Montgomery"", ""point"": ""49.5"", ""side"": ""Under"", ""book"": ""hardrock"", ""price"": ""-115""}]",-115,5.0,4.5,0.5589,,,open,,,auto score=5.0
2026-09-30T17:08:58Z,parlay,"32663,32666",hardrock,"[{""event_id"": ""32666"", ""market"": ""player_rush_yds"", ""player"": ""David Montgomery"", ""point"": ""49.5"", ""side"": ""Under"", ""book"": ""hardrock"", ""price"": ""-115""}, {""event_id"": ""32663"", ""market"": ""player_field_goals_made"", ""player"": ""Chris Boswell"", ""point"": ""1.5"", ""side"": ""Under"", ""book"": ""hardrock"", ""price"": ""115""}]",302,5.0,4.41,0.5221,,,open,,,auto construct=ev-ranked legs=2 independent product
2026-09-30T17:08:58Z,parlay,"32666,32674,32677",hardrock,"[{""event_id"": ""32677"", ""market"": ""player_receptions"", ""player"": ""Drake London"", ""point"": ""4.5"", ""side"": ""Under"", ""book"": ""hardrock"", ""price"": ""180""}, {""event_id"": ""32674"", ""market"": ""player_reception_yds"", ""player"": ""Christian McCaffrey"", ""point"": ""24.5"", ""side"": ""Under"", ""book"": ""hardrock"", ""price"": ""230""}, {""event_id"": ""32666"", ""market"": ""player_rush_yds"", ""player"": ""David Montgomery"", ""point"": ""49.5"", ""side"": ""Under"", ""book"": ""hardrock"", ""price"": ""-115""}]",1627,5.0,5.79,0.4208,,,open,,,auto construct=ev-ranked legs=3 independent product
